npdes_id,perm_feature_nmbr,parameter_code,parameter_desc,dmr_value_nmbr,value_type_code,statistical_base_type_code,value_type_desc,dmr_unit_desc,dmr_value_standard_units,standard_unit_desc,limit_value_nmbr,limit_unit_desc,nodi_code,monitoring_period_end_date
PR0026310,001,00010,"Temperature, water deg. centigrade",27.6,C3,MAX,Concentration3,deg C,27.6,deg C,32.2,deg C,,01/31/2020
PR0026310,001,00010,"Temperature, water deg. centigrade",27.2,C3,MAX,Concentration3,deg C,27.2,deg C,32.2,deg C,,02/29/2020
PR0026310,001,00010,"Temperature, water deg. centigrade",27,C3,MAX,Concentration3,deg C,27,deg C,32.2,deg C,,03/31/2020
PR0026310,001,00010,"Temperature, water deg. centigrade",29.1,C3,MAX,Concentration3,deg C,29.1,deg C,32.2,deg C,,04/30/2020
PR0026310,001,00010,"Temperature, water deg. centigrade",30.5,C3,MAX,Concentration3,deg C,30.5,deg C,32.2,deg C,,05/31/2020
PR0026310,001,00010,"Temperature, water deg. centigrade",30.5,C3,MAX,Concentration3,deg C,30.5,deg C,32.2,deg C,,06/30/2020
PR0026310,001,00010,"Temperature, water deg. centigrade",30.5,C3,MAX,Concentration3,deg C,30.5,deg C,32.2,deg C,,07/31/2020
PR0026310,001,00010,"Temperature, water deg. centigrade",31.6,C3,MAX,Concentration3,deg C,31.6,deg C,32.2,deg C,,08/31/2020
PR0026310,001,00010,"Temperature, water deg. centigrade",30.5,C3,MAX,Concentration3,deg C,30.5,deg C,32.2,deg C,,09/30/2020
PR0026310,001,00010,"Temperature, water deg. centigrade",29.8,C3,MAX,Concentration3,deg C,29.8,deg C,32.2,deg C,,10/31/2020
PR0026310,001,00010,"Temperature, water deg. centigrade",29,C3,MAX,Concentration3,deg C,29,deg C,32.2,deg C,,11/30/2020
PR0026310,001,00010,"Temperature, water deg. centigrade",28.1,C3,MAX,Concentration3,deg C,28.1,deg C,32.2,deg C,,12/31/2020
PR0026310,001,00010,"Temperature, water deg. centigrade",27.4,C3,MAX,Concentration3,deg C,27.4,deg C,32.2,deg C,,01/31/2021
PR0026310,001,00010,"Temperature, water deg. centigrade",29.6,C3,MAX,Concentration3,deg C,29.6,deg C,32.2,deg C,,02/28/2021
PR0026310,001,00010,"Temperature, water deg. centigrade",28.9,C3,MAX,Concentration3,deg C,28.9,deg C,32.2,deg C,,03/31/2021
PR0026310,001,00010,"Temperature, water deg. centigrade",28.7,C3,MAX,Concentration3,deg C,28.7,deg C,32.2,deg C,,04/30/2021
PR0026310,001,00010,"Temperature, water deg. centigrade",29.5,C3,MAX,Concentration3,deg C,29.5,deg C,32.2,deg C,,05/31/2021
PR0026310,001,00010,"Temperature, water deg. centigrade",29.6,C3,MAX,Concentration3,deg C,29.6,deg C,32.2,deg C,,06/30/2021
PR0026310,001,00010,"Temperature, water deg. centigrade",31.7,C3,MAX,Concentration3,deg C,31.7,deg C,32.2,deg C,,07/31/2021
PR0026310,001,00010,"Temperature, water deg. centigrade",30.6,C3,MAX,Concentration3,deg C,30.6,deg C,32.2,deg C,,08/31/2021
PR0026310,001,00010,"Temperature, water deg. centigrade",31.5,C3,MAX,Concentration3,deg C,31.5,deg C,32.2,deg C,,09/30/2021
PR0026310,001,00010,"Temperature, water deg. centigrade",31.2,C3,MAX,Concentration3,deg C,31.2,deg C,32.2,deg C,,10/31/2021
PR0026310,001,00010,"Temperature, water deg. centigrade",31.1,C3,MAX,Concentration3,deg C,31.1,deg C,32.2,deg C,,11/30/2021
PR0026310,001,00010,"Temperature, water deg. centigrade",27.8,C3,MAX,Concentration3,deg C,27.8,deg C,32.2,deg C,,12/31/2021
PR0026310,001,00010,"Temperature, water deg. centigrade",30.1,C3,MAX,Concentration3,deg C,30.1,deg C,32.2,deg C,,01/31/2022
PR0026310,001,00010,"Temperature, water deg. centigrade",29.5,C3,MAX,Concentration3,deg C,29.5,deg C,32.2,deg C,,02/28/2022
PR0026310,001,00010,"Temperature, water deg. centigrade",29.9,C3,MAX,Concentration3,deg C,29.9,deg C,32.2,deg C,,03/31/2022
PR0026310,001,00010,"Temperature, water deg. centigrade",29.9,C3,MAX,Concentration3,deg C,29.9,deg C,32.2,deg C,,04/30/2022
PR0026310,001,00010,"Temperature, water deg. centigrade",31,C3,MAX,Concentration3,deg C,31,deg C,32.2,deg C,,05/31/2022
PR0026310,001,00010,"Temperature, water deg. centigrade",31.7,C3,MAX,Concentration3,deg C,31.7,deg C,32.2,deg C,,06/30/2022
PR0026310,001,00010,"Temperature, water deg. centigrade",31.5,C3,MAX,Concentration3,deg C,31.5,deg C,32.2,deg C,,07/31/2022
PR0026310,001,00010,"Temperature, water deg. centigrade",32.1,C3,MAX,Concentration3,deg C,32.1,deg C,32.2,deg C,,08/31/2022
PR0026310,001,00010,"Temperature, water deg. centigrade",31.6,C3,MAX,Concentration3,deg C,31.6,deg C,32.2,deg C,,09/30/2022
PR0026310,001,00010,"Temperature, water deg. centigrade",30.7,C3,MAX,Concentration3,deg C,30.7,deg C,32.2,deg C,,10/31/2022
PR0026310,001,00010,"Temperature, water deg. centigrade",30.2,C3,MAX,Concentration3,deg C,30.2,deg C,32.2,deg C,,11/30/2022
PR0026310,001,00010,"Temperature, water deg. centigrade",28.9,C3,MAX,Concentration3,deg C,28.9,deg C,32.2,deg C,,12/31/2022
PR0026310,001,00010,"Temperature, water deg. centigrade",28.7,C3,MAX,Concentration3,deg C,28.7,deg C,32.2,deg C,,01/31/2023
PR0026310,001,00010,"Temperature, water deg. centigrade",28.8,C3,MAX,Concentration3,deg C,28.8,deg C,32.2,deg C,,02/28/2023
PR0026310,001,00010,"Temperature, water deg. centigrade",29.7,C3,MAX,Concentration3,deg C,29.7,deg C,32.2,deg C,,03/31/2023
PR0026310,001,00010,"Temperature, water deg. centigrade",30.4,C3,MAX,Concentration3,deg C,30.4,deg C,32.2,deg C,,04/30/2023
PR0026310,001,00010,"Temperature, water deg. centigrade",31.4,C3,MAX,Concentration3,deg C,31.4,deg C,32.2,deg C,,05/31/2023
PR0026310,001,00010,"Temperature, water deg. centigrade",32.3,C3,MAX,Concentration3,deg C,32.3,deg C,32.2,deg C,,06/30/2023
PR0026310,001,00010,"Temperature, water deg. centigrade",30.2,C3,MAX,Concentration3,deg C,30.2,deg C,32.2,deg C,,07/31/2023
PR0026310,001,00010,"Temperature, water deg. centigrade",32.8,C3,MAX,Concentration3,deg C,32.8,deg C,32.2,deg C,,08/31/2023
PR0026310,001,00010,"Temperature, water deg. centigrade",32.6,C3,MAX,Concentration3,deg C,32.6,deg C,32.2,deg C,,09/30/2023
PR0026310,001,00010,"Temperature, water deg. centigrade",32.3,C3,MAX,Concentration3,deg C,32.3,deg C,32.2,deg C,,10/31/2023
PR0026310,001,00010,"Temperature, water deg. centigrade",30.6,C3,MAX,Concentration3,deg C,30.6,deg C,32.2,deg C,,11/30/2023
PR0026310,001,00010,"Temperature, water deg. centigrade",29.7,C3,MAX,Concentration3,deg C,29.7,deg C,32.2,deg C,,12/31/2023
PR0026310,001,00010,"Temperature, water deg. centigrade",29.1,C3,MAX,Concentration3,deg C,29.1,deg C,32.2,deg C,,01/31/2024
PR0026310,001,00010,"Temperature, water deg. centigrade",29.3,C3,MAX,Concentration3,deg C,29.3,deg C,32.2,deg C,,02/29/2024
PR0026310,001,00010,"Temperature, water deg. centigrade",30.3,C3,MAX,Concentration3,deg C,30.3,deg C,32.2,deg C,,03/31/2024
PR0026310,001,00010,"Temperature, water deg. centigrade",30.9,C3,MAX,Concentration3,deg C,30.9,deg C,32.2,deg C,,04/30/2024
PR0026310,001,00010,"Temperature, water deg. centigrade",31.5,C3,MAX,Concentration3,deg C,31.5,deg C,32.2,deg C,,05/31/2024
PR0026310,001,00010,"Temperature, water deg. centigrade",32.1,C3,MAX,Concentration3,deg C,32.1,deg C,32.2,deg C,,06/30/2024
PR0026310,001,00010,"Temperature, water deg. centigrade",32.5,C3,MAX,Concentration3,deg C,32.5,deg C,32.2,deg C,,07/31/2024
PR0026310,001,00010,"Temperature, water deg. centigrade",32.4,C3,MAX,Concentration3,deg C,32.4,deg C,32.2,deg C,,08/31/2024
PR0026310,001,00010,"Temperature, water deg. centigrade",32.4,C3,MAX,Concentration3,deg C,32.4,deg C,32.2,deg C,,09/30/2024
PR0026310,001,00010,"Temperature, water deg. centigrade",32.7,C3,MAX,Concentration3,deg C,32.7,deg C,32.2,deg C,,10/31/2024
PR0026310,001,00010,"Temperature, water deg. centigrade",30,C3,MAX,Concentration3,deg C,30,deg C,32.2,deg C,,11/30/2024
PR0026310,001,00010,"Temperature, water deg. centigrade",29.3,C3,MAX,Concentration3,deg C,29.3,deg C,32.2,deg C,,12/31/2024
PR0026310,001,00010,"Temperature, water deg. centigrade",29,C3,MAX,Concentration3,deg C,29,deg C,32.2,deg C,,01/31/2025
PR0026310,001,00010,"Temperature, water deg. centigrade",29,C3,MAX,Concentration3,deg C,29,deg C,32.2,deg C,,02/28/2025
PR0026310,001,00010,"Temperature, water deg. centigrade",30,C3,MAX,Concentration3,deg C,30,deg C,32.2,deg C,,03/31/2025
PR0026310,001,00010,"Temperature, water deg. centigrade",30.1,C3,MAX,Concentration3,deg C,30.1,deg C,32.2,deg C,,04/30/2025
PR0026310,001,00010,"Temperature, water deg. centigrade",30.3,C3,MAX,Concentration3,deg C,30.3,deg C,32.2,deg C,,05/31/2025
PR0026310,001,00010,"Temperature, water deg. centigrade",30.3,C3,MAX,Concentration3,deg C,30.3,deg C,32.2,deg C,,06/30/2025
PR0026310,001,00010,"Temperature, water deg. centigrade",31.7,C3,MAX,Concentration3,deg C,31.7,deg C,32.2,deg C,,07/31/2025
PR0026310,001,00010,"Temperature, water deg. centigrade",32.5,C3,MAX,Concentration3,deg C,32.5,deg C,32.2,deg C,,08/31/2025
PR0026310,001,00010,"Temperature, water deg. centigrade",31.9,C3,MAX,Concentration3,deg C,31.9,deg C,32.2,deg C,,09/30/2025
PR0026310,001,00010,"Temperature, water deg. centigrade",32.7,C3,MAX,Concentration3,deg C,32.7,deg C,32.2,deg C,,10/31/2025
PR0026310,001,00010,"Temperature, water deg. centigrade",30.3,C3,MAX,Concentration3,deg C,30.3,deg C,32.2,deg C,,11/30/2025
PR0026310,001,00010,"Temperature, water deg. centigrade",NA,C3,MAX,Concentration3,,,deg C,32.2,deg C,,12/31/2025
PR0026310,001,00070,Turbidity,11.2,C3,MAX,Concentration3,NTU,11.2,NTU,50,NTU,,07/31/2020
PR0026310,001,00070,Turbidity,NA,C3,MAX,Concentration3,,,NTU,50,NTU,,07/31/2021
PR0026310,001,00070,Turbidity,NA,C3,MAX,Concentration3,,,NTU,50,NTU,,07/31/2022
PR0026310,001,00070,Turbidity,2.2,C3,MAX,Concentration3,NTU,2.2,NTU,50,NTU,,07/31/2023
PR0026310,001,00070,Turbidity,1.8,C3,MAX,Concentration3,NTU,1.8,NTU,50,NTU,,07/31/2024
PR0026310,001,00070,Turbidity,4.1,C3,MAX,Concentration3,NTU,4.1,NTU,50,NTU,,07/31/2025
PR0026310,001,00080,Color [PT-CO units],20,C3,MAX,Concentration3,col unit (pc),20,col unit (pc),15,col unit (pc),,01/31/2020
PR0026310,001,00080,Color [PT-CO units],30,C3,MAX,Concentration3,col unit (pc),30,col unit (pc),15,col unit (pc),,02/29/2020
PR0026310,001,00080,Color [PT-CO units],20,C3,MAX,Concentration3,col unit (pc),20,col unit (pc),15,col unit (pc),,03/31/2020
PR0026310,001,00080,Color [PT-CO units],20,C3,MAX,Concentration3,col unit (pc),20,col unit (pc),15,col unit (pc),,04/30/2020
PR0026310,001,00080,Color [PT-CO units],25,C3,MAX,Concentration3,col unit (pc),25,col unit (pc),15,col unit (pc),,05/31/2020
PR0026310,001,00080,Color [PT-CO units],25,C3,MAX,Concentration3,col unit (pc),25,col unit (pc),15,col unit (pc),,06/30/2020
PR0026310,001,00080,Color [PT-CO units],25,C3,MAX,Concentration3,col unit (pc),25,col unit (pc),15,col unit (pc),,07/31/2020
PR0026310,001,00080,Color [PT-CO units],10,C3,MAX,Concentration3,col unit (pc),10,col unit (pc),15,col unit (pc),,08/31/2020
PR0026310,001,00080,Color [PT-CO units],20,C3,MAX,Concentration3,col unit (pc),20,col unit (pc),15,col unit (pc),,09/30/2020
PR0026310,001,00080,Color [PT-CO units],25,C3,MAX,Concentration3,col unit (pc),25,col unit (pc),15,col unit (pc),,10/31/2020
PR0026310,001,00080,Color [PT-CO units],5,C3,MAX,Concentration3,col unit (pc),5,col unit (pc),15,col unit (pc),,11/30/2020
PR0026310,001,00080,Color [PT-CO units],20,C3,MAX,Concentration3,col unit (pc),20,col unit (pc),15,col unit (pc),,12/31/2020
PR0026310,001,00080,Color [PT-CO units],10,C3,MAX,Concentration3,col unit (pc),10,col unit (pc),15,col unit (pc),,01/31/2021
PR0026310,001,00080,Color [PT-CO units],15,C3,MAX,Concentration3,col unit (pc),15,col unit (pc),15,col unit (pc),,02/28/2021
PR0026310,001,00080,Color [PT-CO units],30,C3,MAX,Concentration3,col unit (pc),30,col unit (pc),15,col unit (pc),,03/31/2021
PR0026310,001,00080,Color [PT-CO units],20,C3,MAX,Concentration3,col unit (pc),20,col unit (pc),15,col unit (pc),,04/30/2021
PR0026310,001,00080,Color [PT-CO units],15,C3,MAX,Concentration3,col unit (pc),15,col unit (pc),15,col unit (pc),,05/31/2021
PR0026310,001,00080,Color [PT-CO units],10,C3,MAX,Concentration3,col unit (pc),10,col unit (pc),15,col unit (pc),,06/30/2021
PR0026310,001,00080,Color [PT-CO units],25,C3,MAX,Concentration3,col unit (pc),25,col unit (pc),15,col unit (pc),,07/31/2021
PR0026310,001,00080,Color [PT-CO units],25,C3,MAX,Concentration3,col unit (pc),25,col unit (pc),15,col unit (pc),,08/31/2021
PR0026310,001,00080,Color [PT-CO units],10,C3,MAX,Concentration3,col unit (pc),10,col unit (pc),15,col unit (pc),,09/30/2021
PR0026310,001,00080,Color [PT-CO units],5,C3,MAX,Concentration3,col unit (pc),5,col unit (pc),15,col unit (pc),,10/31/2021
PR0026310,001,00080,Color [PT-CO units],5,C3,MAX,Concentration3,col unit (pc),5,col unit (pc),15,col unit (pc),,11/30/2021
PR0026310,001,00080,Color [PT-CO units],15,C3,MAX,Concentration3,col unit (pc),15,col unit (pc),15,col unit (pc),,12/31/2021
PR0026310,001,00080,Color [PT-CO units],1.9,C3,MAX,Concentration3,col unit (pc),1.9,col unit (pc),15,col unit (pc),,01/31/2022
PR0026310,001,00080,Color [PT-CO units],15,C3,MAX,Concentration3,col unit (pc),15,col unit (pc),15,col unit (pc),,02/28/2022
PR0026310,001,00080,Color [PT-CO units],10,C3,MAX,Concentration3,col unit (pc),10,col unit (pc),15,col unit (pc),,03/31/2022
PR0026310,001,00080,Color [PT-CO units],5,C3,MAX,Concentration3,col unit (pc),5,col unit (pc),15,col unit (pc),,04/30/2022
PR0026310,001,00080,Color [PT-CO units],15,C3,MAX,Concentration3,col unit (pc),15,col unit (pc),15,col unit (pc),,05/31/2022
PR0026310,001,00080,Color [PT-CO units],20,C3,MAX,Concentration3,col unit (pc),20,col unit (pc),15,col unit (pc),,06/30/2022
PR0026310,001,00080,Color [PT-CO units],15,C3,MAX,Concentration3,col unit (pc),15,col unit (pc),15,col unit (pc),,07/31/2022
PR0026310,001,00080,Color [PT-CO units],15,C3,MAX,Concentration3,col unit (pc),15,col unit (pc),15,col unit (pc),,08/31/2022
PR0026310,001,00080,Color [PT-CO units],15,C3,MAX,Concentration3,col unit (pc),15,col unit (pc),15,col unit (pc),,09/30/2022
PR0026310,001,00080,Color [PT-CO units],5,C3,MAX,Concentration3,col unit (pc),5,col unit (pc),15,col unit (pc),,10/31/2022
PR0026310,001,00080,Color [PT-CO units],0,C3,MAX,Concentration3,col unit (pc),0,col unit (pc),15,col unit (pc),,11/30/2022
PR0026310,001,00080,Color [PT-CO units],5,C3,MAX,Concentration3,col unit (pc),5,col unit (pc),15,col unit (pc),,12/31/2022
PR0026310,001,00080,Color [PT-CO units],15,C3,MAX,Concentration3,col unit (pc),15,col unit (pc),15,col unit (pc),,01/31/2023
PR0026310,001,00080,Color [PT-CO units],20,C3,MAX,Concentration3,col unit (pc),20,col unit (pc),15,col unit (pc),,02/28/2023
PR0026310,001,00080,Color [PT-CO units],5,C3,MAX,Concentration3,col unit (pc),5,col unit (pc),15,col unit (pc),,03/31/2023
PR0026310,001,00080,Color [PT-CO units],10,C3,MAX,Concentration3,col unit (pc),10,col unit (pc),15,col unit (pc),,04/30/2023
PR0026310,001,00080,Color [PT-CO units],15,C3,MAX,Concentration3,col unit (pc),15,col unit (pc),15,col unit (pc),,05/31/2023
PR0026310,001,00080,Color [PT-CO units],15,C3,MAX,Concentration3,col unit (pc),15,col unit (pc),15,col unit (pc),,06/30/2023
PR0026310,001,00080,Color [PT-CO units],30,C3,MAX,Concentration3,col unit (pc),30,col unit (pc),15,col unit (pc),,07/31/2023
PR0026310,001,00080,Color [PT-CO units],20,C3,MAX,Concentration3,col unit (pc),20,col unit (pc),15,col unit (pc),,08/31/2023
PR0026310,001,00080,Color [PT-CO units],5,C3,MAX,Concentration3,col unit (pc),5,col unit (pc),15,col unit (pc),,09/30/2023
PR0026310,001,00080,Color [PT-CO units],20,C3,MAX,Concentration3,col unit (pc),20,col unit (pc),15,col unit (pc),,10/31/2023
PR0026310,001,00080,Color [PT-CO units],20,C3,MAX,Concentration3,col unit (pc),20,col unit (pc),15,col unit (pc),,11/30/2023
PR0026310,001,00080,Color [PT-CO units],20,C3,MAX,Concentration3,col unit (pc),20,col unit (pc),15,col unit (pc),,11/30/2023
PR0026310,001,00080,Color [PT-CO units],10,C3,MAX,Concentration3,col unit (pc),10,col unit (pc),15,col unit (pc),,12/31/2023
PR0026310,001,00080,Color [PT-CO units],20,C3,MAX,Concentration3,col unit (pc),20,col unit (pc),15,col unit (pc),,01/31/2024
PR0026310,001,00080,Color [PT-CO units],5,C3,MAX,Concentration3,col unit (pc),5,col unit (pc),15,col unit (pc),,02/29/2024
PR0026310,001,00080,Color [PT-CO units],25,C3,MAX,Concentration3,col unit (pc),25,col unit (pc),15,col unit (pc),,03/31/2024
PR0026310,001,00080,Color [PT-CO units],25,C3,MAX,Concentration3,col unit (pc),25,col unit (pc),15,col unit (pc),,04/30/2024
PR0026310,001,00080,Color [PT-CO units],10,C3,MAX,Concentration3,col unit (pc),10,col unit (pc),15,col unit (pc),,05/31/2024
PR0026310,001,00080,Color [PT-CO units],15,C3,MAX,Concentration3,col unit (pc),15,col unit (pc),15,col unit (pc),,06/30/2024
PR0026310,001,00080,Color [PT-CO units],30,C3,MAX,Concentration3,col unit (pc),30,col unit (pc),15,col unit (pc),,07/31/2024
PR0026310,001,00080,Color [PT-CO units],15,C3,MAX,Concentration3,col unit (pc),15,col unit (pc),15,col unit (pc),,08/31/2024
PR0026310,001,00080,Color [PT-CO units],10,C3,MAX,Concentration3,col unit (pc),10,col unit (pc),15,col unit (pc),,09/30/2024
PR0026310,001,00080,Color [PT-CO units],1.5,C3,MAX,Concentration3,col unit (pc),1.5,col unit (pc),15,col unit (pc),,10/31/2024
PR0026310,001,00080,Color [PT-CO units],5,C3,MAX,Concentration3,col unit (pc),5,col unit (pc),15,col unit (pc),,11/30/2024
PR0026310,001,00080,Color [PT-CO units],15,C3,MAX,Concentration3,col unit (pc),15,col unit (pc),15,col unit (pc),,12/31/2024
PR0026310,001,00080,Color [PT-CO units],35,C3,MAX,Concentration3,col unit (pc),35,col unit (pc),15,col unit (pc),,01/31/2025
PR0026310,001,00080,Color [PT-CO units],20,C3,MAX,Concentration3,col unit (pc),20,col unit (pc),15,col unit (pc),,02/28/2025
PR0026310,001,00080,Color [PT-CO units],15,C3,MAX,Concentration3,col unit (pc),15,col unit (pc),15,col unit (pc),,03/31/2025
PR0026310,001,00080,Color [PT-CO units],15,C3,MAX,Concentration3,col unit (pc),15,col unit (pc),15,col unit (pc),,04/30/2025
PR0026310,001,00080,Color [PT-CO units],5,C3,MAX,Concentration3,col unit (pc),5,col unit (pc),15,col unit (pc),,05/31/2025
PR0026310,001,00080,Color [PT-CO units],5,C3,MAX,Concentration3,col unit (pc),5,col unit (pc),15,col unit (pc),,06/30/2025
PR0026310,001,00080,Color [PT-CO units],30,C3,MAX,Concentration3,col unit (pc),30,col unit (pc),15,col unit (pc),,07/31/2025
PR0026310,001,00080,Color [PT-CO units],30,C3,MAX,Concentration3,col unit (pc),30,col unit (pc),15,col unit (pc),,07/31/2025
PR0026310,001,00080,Color [PT-CO units],25,C3,MAX,Concentration3,col unit (pc),25,col unit (pc),15,col unit (pc),,08/31/2025
PR0026310,001,00080,Color [PT-CO units],15,C3,MAX,Concentration3,col unit (pc),15,col unit (pc),15,col unit (pc),,09/30/2025
PR0026310,001,00080,Color [PT-CO units],5,C3,MAX,Concentration3,col unit (pc),5,col unit (pc),15,col unit (pc),,10/31/2025
PR0026310,001,00080,Color [PT-CO units],10,C3,MAX,Concentration3,col unit (pc),10,col unit (pc),15,col unit (pc),,11/30/2025
PR0026310,001,00080,Color [PT-CO units],NA,C3,MAX,Concentration3,,,col unit (pc),15,col unit (pc),,12/31/2025
PR0026310,001,00300,"Oxygen, dissolved [DO]",6.06,C1,MIN,Concentration1,mg/L,6.06,mg/L,5,mg/L,,01/31/2020
PR0026310,001,00300,"Oxygen, dissolved [DO]",5.99,C1,MIN,Concentration1,mg/L,5.99,mg/L,5,mg/L,,02/29/2020
PR0026310,001,00300,"Oxygen, dissolved [DO]",5.84,C1,MIN,Concentration1,mg/L,5.84,mg/L,5,mg/L,,03/31/2020
PR0026310,001,00300,"Oxygen, dissolved [DO]",5.98,C1,MIN,Concentration1,mg/L,5.98,mg/L,5,mg/L,,04/30/2020
PR0026310,001,00300,"Oxygen, dissolved [DO]",5.97,C1,MIN,Concentration1,mg/L,5.97,mg/L,5,mg/L,,05/31/2020
PR0026310,001,00300,"Oxygen, dissolved [DO]",5.98,C1,MIN,Concentration1,mg/L,5.98,mg/L,5,mg/L,,06/30/2020
PR0026310,001,00300,"Oxygen, dissolved [DO]",5.95,C1,MIN,Concentration1,mg/L,5.95,mg/L,5,mg/L,,07/31/2020
PR0026310,001,00300,"Oxygen, dissolved [DO]",5.98,C1,MIN,Concentration1,mg/L,5.98,mg/L,5,mg/L,,08/31/2020
PR0026310,001,00300,"Oxygen, dissolved [DO]",5.99,C1,MIN,Concentration1,mg/L,5.99,mg/L,5,mg/L,,09/30/2020
PR0026310,001,00300,"Oxygen, dissolved [DO]",5.96,C1,MIN,Concentration1,mg/L,5.96,mg/L,5,mg/L,,10/31/2020
PR0026310,001,00300,"Oxygen, dissolved [DO]",6.14,C1,MIN,Concentration1,mg/L,6.14,mg/L,5,mg/L,,11/30/2020
PR0026310,001,00300,"Oxygen, dissolved [DO]",6.1,C1,MIN,Concentration1,mg/L,6.1,mg/L,5,mg/L,,12/31/2020
PR0026310,001,00300,"Oxygen, dissolved [DO]",6.14,C1,MIN,Concentration1,mg/L,6.14,mg/L,5,mg/L,,01/31/2021
PR0026310,001,00300,"Oxygen, dissolved [DO]",6.96,C1,MIN,Concentration1,mg/L,6.96,mg/L,5,mg/L,,02/28/2021
PR0026310,001,00300,"Oxygen, dissolved [DO]",7.21,C1,MIN,Concentration1,mg/L,7.21,mg/L,5,mg/L,,03/31/2021
PR0026310,001,00300,"Oxygen, dissolved [DO]",5.76,C1,MIN,Concentration1,mg/L,5.76,mg/L,5,mg/L,,04/30/2021
PR0026310,001,00300,"Oxygen, dissolved [DO]",6.11,C1,MIN,Concentration1,mg/L,6.11,mg/L,5,mg/L,,05/31/2021
PR0026310,001,00300,"Oxygen, dissolved [DO]",5.11,C1,MIN,Concentration1,mg/L,5.11,mg/L,5,mg/L,,06/30/2021
PR0026310,001,00300,"Oxygen, dissolved [DO]",5.12,C1,MIN,Concentration1,mg/L,5.12,mg/L,5,mg/L,,07/31/2021
PR0026310,001,00300,"Oxygen, dissolved [DO]",6.07,C1,MIN,Concentration1,mg/L,6.07,mg/L,5,mg/L,,08/31/2021
PR0026310,001,00300,"Oxygen, dissolved [DO]",7.2,C1,MIN,Concentration1,mg/L,7.2,mg/L,5,mg/L,,09/30/2021
PR0026310,001,00300,"Oxygen, dissolved [DO]",5.15,C1,MIN,Concentration1,mg/L,5.15,mg/L,5,mg/L,,10/31/2021
PR0026310,001,00300,"Oxygen, dissolved [DO]",5.17,C1,MIN,Concentration1,mg/L,5.17,mg/L,5,mg/L,,11/30/2021
PR0026310,001,00300,"Oxygen, dissolved [DO]",6.03,C1,MIN,Concentration1,mg/L,6.03,mg/L,5,mg/L,,12/31/2021
PR0026310,001,00300,"Oxygen, dissolved [DO]",5.08,C1,MIN,Concentration1,mg/L,5.08,mg/L,5,mg/L,,01/31/2022
PR0026310,001,00300,"Oxygen, dissolved [DO]",5.05,C1,MIN,Concentration1,mg/L,5.05,mg/L,5,mg/L,,02/28/2022
PR0026310,001,00300,"Oxygen, dissolved [DO]",3.85,C1,MIN,Concentration1,mg/L,3.85,mg/L,5,mg/L,,03/31/2022
PR0026310,001,00300,"Oxygen, dissolved [DO]",3.85,C1,MIN,Concentration1,mg/L,3.85,mg/L,5,mg/L,,04/30/2022
PR0026310,001,00300,"Oxygen, dissolved [DO]",5.92,C1,MIN,Concentration1,mg/L,5.92,mg/L,5,mg/L,,05/31/2022
PR0026310,001,00300,"Oxygen, dissolved [DO]",5,C1,MIN,Concentration1,mg/L,5,mg/L,5,mg/L,,06/30/2022
PR0026310,001,00300,"Oxygen, dissolved [DO]",8,C1,MIN,Concentration1,mg/L,8,mg/L,5,mg/L,,07/31/2022
PR0026310,001,00300,"Oxygen, dissolved [DO]",5,C1,MIN,Concentration1,mg/L,5,mg/L,5,mg/L,,08/31/2022
PR0026310,001,00300,"Oxygen, dissolved [DO]",5.93,C1,MIN,Concentration1,mg/L,5.93,mg/L,5,mg/L,,09/30/2022
PR0026310,001,00300,"Oxygen, dissolved [DO]",5.93,C1,MIN,Concentration1,mg/L,5.93,mg/L,5,mg/L,,10/31/2022
PR0026310,001,00300,"Oxygen, dissolved [DO]",5,C1,MIN,Concentration1,mg/L,5,mg/L,5,mg/L,,11/30/2022
PR0026310,001,00300,"Oxygen, dissolved [DO]",5,C1,MIN,Concentration1,mg/L,5,mg/L,5,mg/L,,12/31/2022
PR0026310,001,00300,"Oxygen, dissolved [DO]",5,C1,MIN,Concentration1,mg/L,5,mg/L,5,mg/L,,01/31/2023
PR0026310,001,00300,"Oxygen, dissolved [DO]",6.3,C1,MIN,Concentration1,mg/L,6.3,mg/L,5,mg/L,,02/28/2023
PR0026310,001,00300,"Oxygen, dissolved [DO]",6.4,C1,MIN,Concentration1,mg/L,6.4,mg/L,5,mg/L,,03/31/2023
PR0026310,001,00300,"Oxygen, dissolved [DO]",5,C1,MIN,Concentration1,mg/L,5,mg/L,5,mg/L,,04/30/2023
PR0026310,001,00300,"Oxygen, dissolved [DO]",5,C1,MIN,Concentration1,mg/L,5,mg/L,5,mg/L,,05/31/2023
PR0026310,001,00300,"Oxygen, dissolved [DO]",4,C1,MIN,Concentration1,mg/L,4,mg/L,5,mg/L,,06/30/2023
PR0026310,001,00300,"Oxygen, dissolved [DO]",4,C1,MIN,Concentration1,mg/L,4,mg/L,5,mg/L,,07/31/2023
PR0026310,001,00300,"Oxygen, dissolved [DO]",4.25,C1,MIN,Concentration1,mg/L,4.25,mg/L,5,mg/L,,08/31/2023
PR0026310,001,00300,"Oxygen, dissolved [DO]",6.22,C1,MIN,Concentration1,mg/L,6.22,mg/L,5,mg/L,,09/30/2023
PR0026310,001,00300,"Oxygen, dissolved [DO]",5,C1,MIN,Concentration1,mg/L,5,mg/L,5,mg/L,,10/31/2023
PR0026310,001,00300,"Oxygen, dissolved [DO]",5.01,C1,MIN,Concentration1,mg/L,5.01,mg/L,5,mg/L,,11/30/2023
PR0026310,001,00300,"Oxygen, dissolved [DO]",5.1,C1,MIN,Concentration1,mg/L,5.1,mg/L,5,mg/L,,12/31/2023
PR0026310,001,00300,"Oxygen, dissolved [DO]",3.7,C1,MIN,Concentration1,mg/L,3.7,mg/L,5,mg/L,,01/31/2024
PR0026310,001,00300,"Oxygen, dissolved [DO]",5.42,C1,MIN,Concentration1,mg/L,5.42,mg/L,5,mg/L,,02/29/2024
PR0026310,001,00300,"Oxygen, dissolved [DO]",5.68,C1,MIN,Concentration1,mg/L,5.68,mg/L,5,mg/L,,03/31/2024
PR0026310,001,00300,"Oxygen, dissolved [DO]",3,C1,MIN,Concentration1,mg/L,3,mg/L,5,mg/L,,04/30/2024
PR0026310,001,00300,"Oxygen, dissolved [DO]",3.5,C1,MIN,Concentration1,mg/L,3.5,mg/L,5,mg/L,,05/31/2024
PR0026310,001,00300,"Oxygen, dissolved [DO]",3.84,C1,MIN,Concentration1,mg/L,3.84,mg/L,5,mg/L,,06/30/2024
PR0026310,001,00300,"Oxygen, dissolved [DO]",2.31,C1,MIN,Concentration1,mg/L,2.31,mg/L,5,mg/L,,07/31/2024
PR0026310,001,00300,"Oxygen, dissolved [DO]",3,C1,MIN,Concentration1,mg/L,3,mg/L,5,mg/L,,08/31/2024
PR0026310,001,00300,"Oxygen, dissolved [DO]",3.75,C1,MIN,Concentration1,mg/L,3.75,mg/L,5,mg/L,,09/30/2024
PR0026310,001,00300,"Oxygen, dissolved [DO]",4.55,C1,MIN,Concentration1,mg/L,4.55,mg/L,5,mg/L,,10/31/2024
PR0026310,001,00300,"Oxygen, dissolved [DO]",3.32,C1,MIN,Concentration1,mg/L,3.32,mg/L,5,mg/L,,11/30/2024
PR0026310,001,00300,"Oxygen, dissolved [DO]",3,C1,MIN,Concentration1,mg/L,3,mg/L,5,mg/L,,12/31/2024
PR0026310,001,00300,"Oxygen, dissolved [DO]",3,C1,MIN,Concentration1,mg/L,3,mg/L,5,mg/L,,01/31/2025
PR0026310,001,00300,"Oxygen, dissolved [DO]",3.5,C1,MIN,Concentration1,mg/L,3.5,mg/L,5,mg/L,,02/28/2025
PR0026310,001,00300,"Oxygen, dissolved [DO]",5.98,C1,MIN,Concentration1,mg/L,5.98,mg/L,5,mg/L,,03/31/2025
PR0026310,001,00300,"Oxygen, dissolved [DO]",5.25,C1,MIN,Concentration1,mg/L,5.25,mg/L,5,mg/L,,04/30/2025
PR0026310,001,00300,"Oxygen, dissolved [DO]",4.61,C1,MIN,Concentration1,mg/L,4.61,mg/L,5,mg/L,,05/31/2025
PR0026310,001,00300,"Oxygen, dissolved [DO]",4.61,C1,MIN,Concentration1,mg/L,4.61,mg/L,5,mg/L,,06/30/2025
PR0026310,001,00300,"Oxygen, dissolved [DO]",3.24,C1,MIN,Concentration1,mg/L,3.24,mg/L,5,mg/L,,07/31/2025
PR0026310,001,00300,"Oxygen, dissolved [DO]",3.24,C1,MIN,Concentration1,mg/L,3.24,mg/L,5,mg/L,,07/31/2025
PR0026310,001,00300,"Oxygen, dissolved [DO]",3.41,C1,MIN,Concentration1,mg/L,3.41,mg/L,5,mg/L,,08/31/2025
PR0026310,001,00300,"Oxygen, dissolved [DO]",4,C1,MIN,Concentration1,mg/L,4,mg/L,5,mg/L,,09/30/2025
PR0026310,001,00300,"Oxygen, dissolved [DO]",4.55,C1,MIN,Concentration1,mg/L,4.55,mg/L,5,mg/L,,10/31/2025
PR0026310,001,00300,"Oxygen, dissolved [DO]",5,C1,MIN,Concentration1,mg/L,5,mg/L,5,mg/L,,11/30/2025
PR0026310,001,00300,"Oxygen, dissolved [DO]",NA,C1,MIN,Concentration1,,,mg/L,5,mg/L,,12/31/2025
PR0026310,001,00310,"BOD, 5-day, 20 deg. C",5,C3,AVG,Concentration3,mg/L,5,mg/L,45,mg/L,,01/31/2020
PR0026310,001,00310,"BOD, 5-day, 20 deg. C",7.36,C2,AVG,Concentration2,mg/L,7.36,mg/L,5,mg/L,,01/31/2020
PR0026310,001,00310,"BOD, 5-day, 20 deg. C",8.45,C2,AVG,Concentration2,mg/L,8.45,mg/L,5,mg/L,,02/29/2020
PR0026310,001,00310,"BOD, 5-day, 20 deg. C",8.45,C3,AVG,Concentration3,mg/L,8.45,mg/L,45,mg/L,,02/29/2020
PR0026310,001,00310,"BOD, 5-day, 20 deg. C",5,C3,AVG,Concentration3,mg/L,5,mg/L,45,mg/L,,03/31/2020
PR0026310,001,00310,"BOD, 5-day, 20 deg. C",5,C2,AVG,Concentration2,mg/L,5,mg/L,5,mg/L,,03/31/2020
PR0026310,001,00310,"BOD, 5-day, 20 deg. C",5,C3,AVG,Concentration3,mg/L,5,mg/L,45,mg/L,,04/30/2020
PR0026310,001,00310,"BOD, 5-day, 20 deg. C",5,C2,AVG,Concentration2,mg/L,5,mg/L,5,mg/L,,04/30/2020
PR0026310,001,00310,"BOD, 5-day, 20 deg. C",5,C2,AVG,Concentration2,mg/L,5,mg/L,5,mg/L,,05/31/2020
PR0026310,001,00310,"BOD, 5-day, 20 deg. C",5,C3,AVG,Concentration3,mg/L,5,mg/L,45,mg/L,,05/31/2020
PR0026310,001,00310,"BOD, 5-day, 20 deg. C",5,C3,AVG,Concentration3,mg/L,5,mg/L,45,mg/L,,06/30/2020
PR0026310,001,00310,"BOD, 5-day, 20 deg. C",5,C2,AVG,Concentration2,mg/L,5,mg/L,5,mg/L,,06/30/2020
PR0026310,001,00310,"BOD, 5-day, 20 deg. C",5,C2,AVG,Concentration2,mg/L,5,mg/L,5,mg/L,,07/31/2020
PR0026310,001,00310,"BOD, 5-day, 20 deg. C",5,C3,AVG,Concentration3,mg/L,5,mg/L,45,mg/L,,07/31/2020
PR0026310,001,00310,"BOD, 5-day, 20 deg. C",3,C2,AVG,Concentration2,mg/L,3,mg/L,5,mg/L,,08/31/2020
PR0026310,001,00310,"BOD, 5-day, 20 deg. C",3,C3,AVG,Concentration3,mg/L,3,mg/L,45,mg/L,,08/31/2020
PR0026310,001,00310,"BOD, 5-day, 20 deg. C",3,C3,AVG,Concentration3,mg/L,3,mg/L,45,mg/L,,09/30/2020
PR0026310,001,00310,"BOD, 5-day, 20 deg. C",3,C2,AVG,Concentration2,mg/L,3,mg/L,5,mg/L,,09/30/2020
PR0026310,001,00310,"BOD, 5-day, 20 deg. C",3,C2,AVG,Concentration2,mg/L,3,mg/L,5,mg/L,,10/31/2020
PR0026310,001,00310,"BOD, 5-day, 20 deg. C",3,C3,AVG,Concentration3,mg/L,3,mg/L,45,mg/L,,10/31/2020
PR0026310,001,00310,"BOD, 5-day, 20 deg. C",3,C2,AVG,Concentration2,mg/L,3,mg/L,5,mg/L,,11/30/2020
PR0026310,001,00310,"BOD, 5-day, 20 deg. C",3,C3,AVG,Concentration3,mg/L,3,mg/L,45,mg/L,,11/30/2020
PR0026310,001,00310,"BOD, 5-day, 20 deg. C",4.1,C2,AVG,Concentration2,mg/L,4.1,mg/L,5,mg/L,,12/31/2020
PR0026310,001,00310,"BOD, 5-day, 20 deg. C",4.1,C3,AVG,Concentration3,mg/L,4.1,mg/L,45,mg/L,,12/31/2020
PR0026310,001,00310,"BOD, 5-day, 20 deg. C",5.32,C3,AVG,Concentration3,mg/L,5.32,mg/L,45,mg/L,,01/31/2021
PR0026310,001,00310,"BOD, 5-day, 20 deg. C",5.32,C2,AVG,Concentration2,mg/L,5.32,mg/L,5,mg/L,,01/31/2021
PR0026310,001,00310,"BOD, 5-day, 20 deg. C",3,C2,AVG,Concentration2,mg/L,3,mg/L,5,mg/L,,02/28/2021
PR0026310,001,00310,"BOD, 5-day, 20 deg. C",3,C3,AVG,Concentration3,mg/L,3,mg/L,45,mg/L,,02/28/2021
PR0026310,001,00310,"BOD, 5-day, 20 deg. C",3,C3,AVG,Concentration3,mg/L,3,mg/L,45,mg/L,,03/31/2021
PR0026310,001,00310,"BOD, 5-day, 20 deg. C",3,C2,AVG,Concentration2,mg/L,3,mg/L,5,mg/L,,03/31/2021
PR0026310,001,00310,"BOD, 5-day, 20 deg. C",8.84,C3,AVG,Concentration3,mg/L,8.84,mg/L,45,mg/L,,04/30/2021
PR0026310,001,00310,"BOD, 5-day, 20 deg. C",8.84,C2,AVG,Concentration2,mg/L,8.84,mg/L,5,mg/L,,04/30/2021
PR0026310,001,00310,"BOD, 5-day, 20 deg. C",3,C3,AVG,Concentration3,mg/L,3,mg/L,45,mg/L,,05/31/2021
PR0026310,001,00310,"BOD, 5-day, 20 deg. C",3,C2,AVG,Concentration2,mg/L,3,mg/L,5,mg/L,,05/31/2021
PR0026310,001,00310,"BOD, 5-day, 20 deg. C",3,C2,AVG,Concentration2,mg/L,3,mg/L,5,mg/L,,06/30/2021
PR0026310,001,00310,"BOD, 5-day, 20 deg. C",3,C3,AVG,Concentration3,mg/L,3,mg/L,45,mg/L,,06/30/2021
PR0026310,001,00310,"BOD, 5-day, 20 deg. C",4,C3,AVG,Concentration3,mg/L,4,mg/L,45,mg/L,,07/31/2021
PR0026310,001,00310,"BOD, 5-day, 20 deg. C",4,C2,AVG,Concentration2,mg/L,4,mg/L,5,mg/L,,07/31/2021
PR0026310,001,00310,"BOD, 5-day, 20 deg. C",6.49,C2,AVG,Concentration2,mg/L,6.49,mg/L,5,mg/L,,08/31/2021
PR0026310,001,00310,"BOD, 5-day, 20 deg. C",16.29,C3,AVG,Concentration3,mg/L,16.29,mg/L,45,mg/L,,08/31/2021
PR0026310,001,00310,"BOD, 5-day, 20 deg. C",16.29,C3,AVG,Concentration3,mg/L,16.29,mg/L,45,mg/L,,09/30/2021
PR0026310,001,00310,"BOD, 5-day, 20 deg. C",3,C2,AVG,Concentration2,mg/L,3,mg/L,5,mg/L,,09/30/2021
PR0026310,001,00310,"BOD, 5-day, 20 deg. C",4.58,C2,AVG,Concentration2,mg/L,4.58,mg/L,5,mg/L,,10/31/2021
PR0026310,001,00310,"BOD, 5-day, 20 deg. C",9,C3,AVG,Concentration3,mg/L,9,mg/L,45,mg/L,,10/31/2021
PR0026310,001,00310,"BOD, 5-day, 20 deg. C",11,C3,AVG,Concentration3,mg/L,11,mg/L,45,mg/L,,11/30/2021
PR0026310,001,00310,"BOD, 5-day, 20 deg. C",3,C2,AVG,Concentration2,mg/L,3,mg/L,5,mg/L,,11/30/2021
PR0026310,001,00310,"BOD, 5-day, 20 deg. C",3,C2,AVG,Concentration2,mg/L,3,mg/L,5,mg/L,,12/31/2021
PR0026310,001,00310,"BOD, 5-day, 20 deg. C",9,C3,AVG,Concentration3,mg/L,9,mg/L,45,mg/L,,12/31/2021
PR0026310,001,00310,"BOD, 5-day, 20 deg. C",3,C3,AVG,Concentration3,mg/L,3,mg/L,45,mg/L,,01/31/2022
PR0026310,001,00310,"BOD, 5-day, 20 deg. C",2.5,C2,AVG,Concentration2,mg/L,2.5,mg/L,5,mg/L,,01/31/2022
PR0026310,001,00310,"BOD, 5-day, 20 deg. C",22,C2,AVG,Concentration2,mg/L,22,mg/L,5,mg/L,,02/28/2022
PR0026310,001,00310,"BOD, 5-day, 20 deg. C",25,C3,AVG,Concentration3,mg/L,25,mg/L,45,mg/L,,02/28/2022
PR0026310,001,00310,"BOD, 5-day, 20 deg. C",9,C2,AVG,Concentration2,mg/L,9,mg/L,5,mg/L,,03/31/2022
PR0026310,001,00310,"BOD, 5-day, 20 deg. C",5,C3,AVG,Concentration3,mg/L,5,mg/L,45,mg/L,,03/31/2022
PR0026310,001,00310,"BOD, 5-day, 20 deg. C",7,C3,AVG,Concentration3,mg/L,7,mg/L,45,mg/L,,04/30/2022
PR0026310,001,00310,"BOD, 5-day, 20 deg. C",5,C2,AVG,Concentration2,mg/L,5,mg/L,5,mg/L,,04/30/2022
PR0026310,001,00310,"BOD, 5-day, 20 deg. C",9.5,C2,AVG,Concentration2,mg/L,9.5,mg/L,5,mg/L,,05/31/2022
PR0026310,001,00310,"BOD, 5-day, 20 deg. C",5,C3,AVG,Concentration3,mg/L,5,mg/L,45,mg/L,,05/31/2022
PR0026310,001,00310,"BOD, 5-day, 20 deg. C",2,C3,AVG,Concentration3,mg/L,2,mg/L,45,mg/L,,06/30/2022
PR0026310,001,00310,"BOD, 5-day, 20 deg. C",3,C2,AVG,Concentration2,mg/L,3,mg/L,5,mg/L,,06/30/2022
PR0026310,001,00310,"BOD, 5-day, 20 deg. C",5,C2,AVG,Concentration2,mg/L,5,mg/L,5,mg/L,,07/31/2022
PR0026310,001,00310,"BOD, 5-day, 20 deg. C",5,C3,AVG,Concentration3,mg/L,5,mg/L,45,mg/L,,07/31/2022
PR0026310,001,00310,"BOD, 5-day, 20 deg. C",8,C3,AVG,Concentration3,mg/L,8,mg/L,45,mg/L,,08/31/2022
PR0026310,001,00310,"BOD, 5-day, 20 deg. C",2,C2,AVG,Concentration2,mg/L,2,mg/L,5,mg/L,,08/31/2022
PR0026310,001,00310,"BOD, 5-day, 20 deg. C",2,C2,AVG,Concentration2,mg/L,2,mg/L,5,mg/L,,09/30/2022
PR0026310,001,00310,"BOD, 5-day, 20 deg. C",2,C3,AVG,Concentration3,mg/L,2,mg/L,45,mg/L,,09/30/2022
PR0026310,001,00310,"BOD, 5-day, 20 deg. C",1,C3,AVG,Concentration3,mg/L,1,mg/L,45,mg/L,,10/31/2022
PR0026310,001,00310,"BOD, 5-day, 20 deg. C",1,C2,AVG,Concentration2,mg/L,1,mg/L,5,mg/L,,10/31/2022
PR0026310,001,00310,"BOD, 5-day, 20 deg. C",5,C2,AVG,Concentration2,mg/L,5,mg/L,5,mg/L,,11/30/2022
PR0026310,001,00310,"BOD, 5-day, 20 deg. C",5,C3,AVG,Concentration3,mg/L,5,mg/L,45,mg/L,,11/30/2022
PR0026310,001,00310,"BOD, 5-day, 20 deg. C",6,C2,AVG,Concentration2,mg/L,6,mg/L,5,mg/L,,12/31/2022
PR0026310,001,00310,"BOD, 5-day, 20 deg. C",6,C3,AVG,Concentration3,mg/L,6,mg/L,45,mg/L,,12/31/2022
PR0026310,001,00310,"BOD, 5-day, 20 deg. C",6,C3,AVG,Concentration3,mg/L,6,mg/L,45,mg/L,,01/31/2023
PR0026310,001,00310,"BOD, 5-day, 20 deg. C",6,C2,AVG,Concentration2,mg/L,6,mg/L,5,mg/L,,01/31/2023
PR0026310,001,00310,"BOD, 5-day, 20 deg. C",15,C2,AVG,Concentration2,mg/L,15,mg/L,5,mg/L,,02/28/2023
PR0026310,001,00310,"BOD, 5-day, 20 deg. C",15,C3,AVG,Concentration3,mg/L,15,mg/L,45,mg/L,,02/28/2023
PR0026310,001,00310,"BOD, 5-day, 20 deg. C",7,C2,AVG,Concentration2,mg/L,7,mg/L,5,mg/L,,03/31/2023
PR0026310,001,00310,"BOD, 5-day, 20 deg. C",6,C3,AVG,Concentration3,mg/L,6,mg/L,45,mg/L,,03/31/2023
PR0026310,001,00310,"BOD, 5-day, 20 deg. C",46,C2,AVG,Concentration2,mg/L,46,mg/L,5,mg/L,,04/30/2023
PR0026310,001,00310,"BOD, 5-day, 20 deg. C",46,C3,AVG,Concentration3,mg/L,46,mg/L,45,mg/L,,04/30/2023
PR0026310,001,00310,"BOD, 5-day, 20 deg. C",46,C3,AVG,Concentration3,mg/L,46,mg/L,45,mg/L,,04/30/2023
PR0026310,001,00310,"BOD, 5-day, 20 deg. C",46,C2,AVG,Concentration2,mg/L,46,mg/L,5,mg/L,,04/30/2023
PR0026310,001,00310,"BOD, 5-day, 20 deg. C",22,C3,AVG,Concentration3,mg/L,22,mg/L,45,mg/L,,05/31/2023
PR0026310,001,00310,"BOD, 5-day, 20 deg. C",22,C2,AVG,Concentration2,mg/L,22,mg/L,5,mg/L,,05/31/2023
PR0026310,001,00310,"BOD, 5-day, 20 deg. C",22,C2,AVG,Concentration2,mg/L,22,mg/L,5,mg/L,,05/31/2023
PR0026310,001,00310,"BOD, 5-day, 20 deg. C",62,C2,AVG,Concentration2,mg/L,62,mg/L,5,mg/L,,06/30/2023
PR0026310,001,00310,"BOD, 5-day, 20 deg. C",62,C3,AVG,Concentration3,mg/L,62,mg/L,45,mg/L,,06/30/2023
PR0026310,001,00310,"BOD, 5-day, 20 deg. C",11,C3,AVG,Concentration3,mg/L,11,mg/L,45,mg/L,,07/31/2023
PR0026310,001,00310,"BOD, 5-day, 20 deg. C",11,C2,AVG,Concentration2,mg/L,11,mg/L,5,mg/L,,07/31/2023
PR0026310,001,00310,"BOD, 5-day, 20 deg. C",13,C2,AVG,Concentration2,mg/L,13,mg/L,5,mg/L,,08/31/2023
PR0026310,001,00310,"BOD, 5-day, 20 deg. C",13,C3,AVG,Concentration3,mg/L,13,mg/L,45,mg/L,,08/31/2023
PR0026310,001,00310,"BOD, 5-day, 20 deg. C",8,C3,AVG,Concentration3,mg/L,8,mg/L,45,mg/L,,09/30/2023
PR0026310,001,00310,"BOD, 5-day, 20 deg. C",8,C2,AVG,Concentration2,mg/L,8,mg/L,5,mg/L,,09/30/2023
PR0026310,001,00310,"BOD, 5-day, 20 deg. C",13,C3,AVG,Concentration3,mg/L,13,mg/L,45,mg/L,,10/31/2023
PR0026310,001,00310,"BOD, 5-day, 20 deg. C",13,C2,AVG,Concentration2,mg/L,13,mg/L,5,mg/L,,10/31/2023
PR0026310,001,00310,"BOD, 5-day, 20 deg. C",2,C3,AVG,Concentration3,mg/L,2,mg/L,45,mg/L,,11/30/2023
PR0026310,001,00310,"BOD, 5-day, 20 deg. C",2,C2,AVG,Concentration2,mg/L,2,mg/L,5,mg/L,,11/30/2023
PR0026310,001,00310,"BOD, 5-day, 20 deg. C",3,C3,AVG,Concentration3,mg/L,3,mg/L,45,mg/L,,12/31/2023
PR0026310,001,00310,"BOD, 5-day, 20 deg. C",3,C2,AVG,Concentration2,mg/L,3,mg/L,5,mg/L,,12/31/2023
PR0026310,001,00310,"BOD, 5-day, 20 deg. C",11,C3,AVG,Concentration3,mg/L,11,mg/L,45,mg/L,,01/31/2024
PR0026310,001,00310,"BOD, 5-day, 20 deg. C",11,C2,AVG,Concentration2,mg/L,11,mg/L,5,mg/L,,01/31/2024
PR0026310,001,00310,"BOD, 5-day, 20 deg. C",48,C2,AVG,Concentration2,mg/L,48,mg/L,5,mg/L,,02/29/2024
PR0026310,001,00310,"BOD, 5-day, 20 deg. C",30,C3,AVG,Concentration3,mg/L,30,mg/L,45,mg/L,,02/29/2024
PR0026310,001,00310,"BOD, 5-day, 20 deg. C",9,C2,AVG,Concentration2,mg/L,9,mg/L,5,mg/L,,03/31/2024
PR0026310,001,00310,"BOD, 5-day, 20 deg. C",9,C3,AVG,Concentration3,mg/L,9,mg/L,45,mg/L,,03/31/2024
PR0026310,001,00310,"BOD, 5-day, 20 deg. C",15,C2,AVG,Concentration2,mg/L,15,mg/L,5,mg/L,,04/30/2024
PR0026310,001,00310,"BOD, 5-day, 20 deg. C",15,C3,AVG,Concentration3,mg/L,15,mg/L,45,mg/L,,04/30/2024
PR0026310,001,00310,"BOD, 5-day, 20 deg. C",11.5,C2,AVG,Concentration2,mg/L,11.5,mg/L,5,mg/L,,05/31/2024
PR0026310,001,00310,"BOD, 5-day, 20 deg. C",11.5,C3,AVG,Concentration3,mg/L,11.5,mg/L,45,mg/L,,05/31/2024
PR0026310,001,00310,"BOD, 5-day, 20 deg. C",16,C3,AVG,Concentration3,mg/L,16,mg/L,45,mg/L,,06/30/2024
PR0026310,001,00310,"BOD, 5-day, 20 deg. C",16,C2,AVG,Concentration2,mg/L,16,mg/L,5,mg/L,,06/30/2024
PR0026310,001,00310,"BOD, 5-day, 20 deg. C",122,C2,AVG,Concentration2,mg/L,122,mg/L,5,mg/L,,07/31/2024
PR0026310,001,00310,"BOD, 5-day, 20 deg. C",122,C3,AVG,Concentration3,mg/L,122,mg/L,45,mg/L,,07/31/2024
PR0026310,001,00310,"BOD, 5-day, 20 deg. C",24,C3,AVG,Concentration3,mg/L,24,mg/L,45,mg/L,,08/31/2024
PR0026310,001,00310,"BOD, 5-day, 20 deg. C",24,C2,AVG,Concentration2,mg/L,24,mg/L,5,mg/L,,08/31/2024
PR0026310,001,00310,"BOD, 5-day, 20 deg. C",5,C2,AVG,Concentration2,mg/L,5,mg/L,5,mg/L,,09/30/2024
PR0026310,001,00310,"BOD, 5-day, 20 deg. C",5,C3,AVG,Concentration3,mg/L,5,mg/L,45,mg/L,,09/30/2024
PR0026310,001,00310,"BOD, 5-day, 20 deg. C",2,C2,AVG,Concentration2,mg/L,2,mg/L,5,mg/L,,10/31/2024
PR0026310,001,00310,"BOD, 5-day, 20 deg. C",2,C3,AVG,Concentration3,mg/L,2,mg/L,45,mg/L,,10/31/2024
PR0026310,001,00310,"BOD, 5-day, 20 deg. C",21,C3,AVG,Concentration3,mg/L,21,mg/L,45,mg/L,,11/30/2024
PR0026310,001,00310,"BOD, 5-day, 20 deg. C",21,C2,AVG,Concentration2,mg/L,21,mg/L,5,mg/L,,11/30/2024
PR0026310,001,00310,"BOD, 5-day, 20 deg. C",14,C2,AVG,Concentration2,mg/L,14,mg/L,5,mg/L,,12/31/2024
PR0026310,001,00310,"BOD, 5-day, 20 deg. C",14,C3,AVG,Concentration3,mg/L,14,mg/L,45,mg/L,,12/31/2024
PR0026310,001,00310,"BOD, 5-day, 20 deg. C",27,C3,AVG,Concentration3,mg/L,27,mg/L,45,mg/L,,01/31/2025
PR0026310,001,00310,"BOD, 5-day, 20 deg. C",27,C2,AVG,Concentration2,mg/L,27,mg/L,5,mg/L,,01/31/2025
PR0026310,001,00310,"BOD, 5-day, 20 deg. C",24,C2,AVG,Concentration2,mg/L,24,mg/L,5,mg/L,,02/28/2025
PR0026310,001,00310,"BOD, 5-day, 20 deg. C",24,C3,AVG,Concentration3,mg/L,24,mg/L,45,mg/L,,02/28/2025
PR0026310,001,00310,"BOD, 5-day, 20 deg. C",18,C2,AVG,Concentration2,mg/L,18,mg/L,5,mg/L,,03/31/2025
PR0026310,001,00310,"BOD, 5-day, 20 deg. C",18,C3,AVG,Concentration3,mg/L,18,mg/L,45,mg/L,,03/31/2025
PR0026310,001,00310,"BOD, 5-day, 20 deg. C",13,C2,AVG,Concentration2,mg/L,13,mg/L,5,mg/L,,04/30/2025
PR0026310,001,00310,"BOD, 5-day, 20 deg. C",13,C3,AVG,Concentration3,mg/L,13,mg/L,45,mg/L,,04/30/2025
PR0026310,001,00310,"BOD, 5-day, 20 deg. C",1.5,C2,AVG,Concentration2,mg/L,1.5,mg/L,5,mg/L,,05/31/2025
PR0026310,001,00310,"BOD, 5-day, 20 deg. C",1.5,C3,AVG,Concentration3,mg/L,1.5,mg/L,45,mg/L,,05/31/2025
PR0026310,001,00310,"BOD, 5-day, 20 deg. C",6,C2,AVG,Concentration2,mg/L,6,mg/L,5,mg/L,,06/30/2025
PR0026310,001,00310,"BOD, 5-day, 20 deg. C",6,C3,AVG,Concentration3,mg/L,6,mg/L,45,mg/L,,06/30/2025
PR0026310,001,00310,"BOD, 5-day, 20 deg. C",38,C3,AVG,Concentration3,mg/L,38,mg/L,45,mg/L,,07/31/2025
PR0026310,001,00310,"BOD, 5-day, 20 deg. C",38,C2,AVG,Concentration2,mg/L,38,mg/L,5,mg/L,,07/31/2025
PR0026310,001,00310,"BOD, 5-day, 20 deg. C",38,C2,AVG,Concentration2,mg/L,38,mg/L,5,mg/L,,07/31/2025
PR0026310,001,00310,"BOD, 5-day, 20 deg. C",27,C2,AVG,Concentration2,mg/L,27,mg/L,5,mg/L,,08/31/2025
PR0026310,001,00310,"BOD, 5-day, 20 deg. C",27,C3,AVG,Concentration3,mg/L,27,mg/L,45,mg/L,,08/31/2025
PR0026310,001,00310,"BOD, 5-day, 20 deg. C",12,C2,AVG,Concentration2,mg/L,12,mg/L,5,mg/L,,09/30/2025
PR0026310,001,00310,"BOD, 5-day, 20 deg. C",12,C3,AVG,Concentration3,mg/L,12,mg/L,45,mg/L,,09/30/2025
PR0026310,001,00310,"BOD, 5-day, 20 deg. C",11,C3,AVG,Concentration3,mg/L,11,mg/L,45,mg/L,,10/31/2025
PR0026310,001,00310,"BOD, 5-day, 20 deg. C",11,C2,AVG,Concentration2,mg/L,11,mg/L,5,mg/L,,10/31/2025
PR0026310,001,00310,"BOD, 5-day, 20 deg. C",5,C2,AVG,Concentration2,mg/L,5,mg/L,5,mg/L,,11/30/2025
PR0026310,001,00310,"BOD, 5-day, 20 deg. C",5,C3,AVG,Concentration3,mg/L,5,mg/L,45,mg/L,,11/30/2025
PR0026310,001,00310,"BOD, 5-day, 20 deg. C",NA,C3,AVG,Concentration3,,,mg/L,45,mg/L,,12/31/2025
PR0026310,001,00310,"BOD, 5-day, 20 deg. C",NA,C2,AVG,Concentration2,,,mg/L,5,mg/L,,12/31/2025
PR0026310,001,00400,pH,7.1,C1,MIN,Concentration1,SU,7.1,SU,6,SU,,01/31/2020
PR0026310,001,00400,pH,7.7,C3,MAX,Concentration3,SU,7.7,SU,9,SU,,01/31/2020
PR0026310,001,00400,pH,7.7,C3,MAX,Concentration3,SU,7.7,SU,9,SU,,02/29/2020
PR0026310,001,00400,pH,7.1,C1,MIN,Concentration1,SU,7.1,SU,6,SU,,02/29/2020
PR0026310,001,00400,pH,6.6,C1,MIN,Concentration1,SU,6.6,SU,6,SU,,03/31/2020
PR0026310,001,00400,pH,7.3,C3,MAX,Concentration3,SU,7.3,SU,9,SU,,03/31/2020
PR0026310,001,00400,pH,7.4,C3,MAX,Concentration3,SU,7.4,SU,9,SU,,04/30/2020
PR0026310,001,00400,pH,6.6,C1,MIN,Concentration1,SU,6.6,SU,6,SU,,04/30/2020
PR0026310,001,00400,pH,7.3,C3,MAX,Concentration3,SU,7.3,SU,9,SU,,05/31/2020
PR0026310,001,00400,pH,6.3,C1,MIN,Concentration1,SU,6.3,SU,6,SU,,05/31/2020
PR0026310,001,00400,pH,7.6,C3,MAX,Concentration3,SU,7.6,SU,9,SU,,06/30/2020
PR0026310,001,00400,pH,7.2,C1,MIN,Concentration1,SU,7.2,SU,6,SU,,06/30/2020
PR0026310,001,00400,pH,7.1,C1,MIN,Concentration1,SU,7.1,SU,6,SU,,07/31/2020
PR0026310,001,00400,pH,8.1,C3,MAX,Concentration3,SU,8.1,SU,9,SU,,07/31/2020
PR0026310,001,00400,pH,8.2,C3,MAX,Concentration3,SU,8.2,SU,9,SU,,08/31/2020
PR0026310,001,00400,pH,7.1,C1,MIN,Concentration1,SU,7.1,SU,6,SU,,08/31/2020
PR0026310,001,00400,pH,7,C1,MIN,Concentration1,SU,7,SU,6,SU,,09/30/2020
PR0026310,001,00400,pH,8,C3,MAX,Concentration3,SU,8,SU,9,SU,,09/30/2020
PR0026310,001,00400,pH,7.8,C3,MAX,Concentration3,SU,7.8,SU,9,SU,,10/31/2020
PR0026310,001,00400,pH,7.2,C1,MIN,Concentration1,SU,7.2,SU,6,SU,,10/31/2020
PR0026310,001,00400,pH,6.8,C1,MIN,Concentration1,SU,6.8,SU,6,SU,,11/30/2020
PR0026310,001,00400,pH,7.8,C3,MAX,Concentration3,SU,7.8,SU,9,SU,,11/30/2020
PR0026310,001,00400,pH,8.5,C3,MAX,Concentration3,SU,8.5,SU,9,SU,,12/31/2020
PR0026310,001,00400,pH,6,C1,MIN,Concentration1,SU,6,SU,6,SU,,12/31/2020
PR0026310,001,00400,pH,6.8,C1,MIN,Concentration1,SU,6.8,SU,6,SU,,01/31/2021
PR0026310,001,00400,pH,7.5,C3,MAX,Concentration3,SU,7.5,SU,9,SU,,01/31/2021
PR0026310,001,00400,pH,6.8,C1,MIN,Concentration1,SU,6.8,SU,6,SU,,02/28/2021
PR0026310,001,00400,pH,8,C3,MAX,Concentration3,SU,8,SU,9,SU,,02/28/2021
PR0026310,001,00400,pH,6.8,C1,MIN,Concentration1,SU,6.8,SU,6,SU,,03/31/2021
PR0026310,001,00400,pH,7.5,C3,MAX,Concentration3,SU,7.5,SU,9,SU,,03/31/2021
PR0026310,001,00400,pH,7.3,C3,MAX,Concentration3,SU,7.3,SU,9,SU,,04/30/2021
PR0026310,001,00400,pH,6.7,C1,MIN,Concentration1,SU,6.7,SU,6,SU,,04/30/2021
PR0026310,001,00400,pH,6.4,C1,MIN,Concentration1,SU,6.4,SU,6,SU,,05/31/2021
PR0026310,001,00400,pH,7.4,C3,MAX,Concentration3,SU,7.4,SU,9,SU,,05/31/2021
PR0026310,001,00400,pH,7.9,C3,MAX,Concentration3,SU,7.9,SU,9,SU,,06/30/2021
PR0026310,001,00400,pH,7,C1,MIN,Concentration1,SU,7,SU,6,SU,,06/30/2021
PR0026310,001,00400,pH,6.8,C1,MIN,Concentration1,SU,6.8,SU,6,SU,,07/31/2021
PR0026310,001,00400,pH,7.8,C3,MAX,Concentration3,SU,7.8,SU,9,SU,,07/31/2021
PR0026310,001,00400,pH,9,C3,MAX,Concentration3,SU,9,SU,9,SU,,08/31/2021
PR0026310,001,00400,pH,6.5,C1,MIN,Concentration1,SU,6.5,SU,6,SU,,08/31/2021
PR0026310,001,00400,pH,6.9,C1,MIN,Concentration1,SU,6.9,SU,6,SU,,09/30/2021
PR0026310,001,00400,pH,8.2,C3,MAX,Concentration3,SU,8.2,SU,9,SU,,09/30/2021
PR0026310,001,00400,pH,7.5,C3,MAX,Concentration3,SU,7.5,SU,9,SU,,10/31/2021
PR0026310,001,00400,pH,6.9,C1,MIN,Concentration1,SU,6.9,SU,6,SU,,10/31/2021
PR0026310,001,00400,pH,6.8,C1,MIN,Concentration1,SU,6.8,SU,6,SU,,11/30/2021
PR0026310,001,00400,pH,7.5,C3,MAX,Concentration3,SU,7.5,SU,9,SU,,11/30/2021
PR0026310,001,00400,pH,7.5,C3,MAX,Concentration3,SU,7.5,SU,9,SU,,12/31/2021
PR0026310,001,00400,pH,7,C1,MIN,Concentration1,SU,7,SU,6,SU,,12/31/2021
PR0026310,001,00400,pH,7.5,C3,MAX,Concentration3,SU,7.5,SU,9,SU,,01/31/2022
PR0026310,001,00400,pH,7,C1,MIN,Concentration1,SU,7,SU,6,SU,,01/31/2022
PR0026310,001,00400,pH,6.8,C1,MIN,Concentration1,SU,6.8,SU,6,SU,,02/28/2022
PR0026310,001,00400,pH,7.3,C3,MAX,Concentration3,SU,7.3,SU,9,SU,,02/28/2022
PR0026310,001,00400,pH,7.1,C1,MIN,Concentration1,SU,7.1,SU,6,SU,,03/31/2022
PR0026310,001,00400,pH,6.8,C3,MAX,Concentration3,SU,6.8,SU,9,SU,,03/31/2022
PR0026310,001,00400,pH,6.8,C1,MIN,Concentration1,SU,6.8,SU,6,SU,,04/30/2022
PR0026310,001,00400,pH,7.1,C3,MAX,Concentration3,SU,7.1,SU,9,SU,,04/30/2022
PR0026310,001,00400,pH,7.2,C3,MAX,Concentration3,SU,7.2,SU,9,SU,,05/31/2022
PR0026310,001,00400,pH,6.7,C1,MIN,Concentration1,SU,6.7,SU,6,SU,,05/31/2022
PR0026310,001,00400,pH,7.2,C3,MAX,Concentration3,SU,7.2,SU,9,SU,,06/30/2022
PR0026310,001,00400,pH,6.8,C1,MIN,Concentration1,SU,6.8,SU,6,SU,,06/30/2022
PR0026310,001,00400,pH,6.7,C1,MIN,Concentration1,SU,6.7,SU,6,SU,,07/31/2022
PR0026310,001,00400,pH,7.3,C3,MAX,Concentration3,SU,7.3,SU,9,SU,,07/31/2022
PR0026310,001,00400,pH,7.2,C3,MAX,Concentration3,SU,7.2,SU,9,SU,,08/31/2022
PR0026310,001,00400,pH,6.6,C1,MIN,Concentration1,SU,6.6,SU,6,SU,,08/31/2022
PR0026310,001,00400,pH,7.1,C3,MAX,Concentration3,SU,7.1,SU,9,SU,,09/30/2022
PR0026310,001,00400,pH,6.3,C1,MIN,Concentration1,SU,6.3,SU,6,SU,,09/30/2022
PR0026310,001,00400,pH,7,C3,MAX,Concentration3,SU,7,SU,9,SU,,10/31/2022
PR0026310,001,00400,pH,6,C1,MIN,Concentration1,SU,6,SU,6,SU,,10/31/2022
PR0026310,001,00400,pH,7.3,C3,MAX,Concentration3,SU,7.3,SU,9,SU,,11/30/2022
PR0026310,001,00400,pH,6,C1,MIN,Concentration1,SU,6,SU,6,SU,,11/30/2022
PR0026310,001,00400,pH,7.9,C3,MAX,Concentration3,SU,7.9,SU,9,SU,,12/31/2022
PR0026310,001,00400,pH,6,C1,MIN,Concentration1,SU,6,SU,6,SU,,12/31/2022
PR0026310,001,00400,pH,6,C1,MIN,Concentration1,SU,6,SU,6,SU,,01/31/2023
PR0026310,001,00400,pH,7.5,C3,MAX,Concentration3,SU,7.5,SU,9,SU,,01/31/2023
PR0026310,001,00400,pH,7,C3,MAX,Concentration3,SU,7,SU,9,SU,,02/28/2023
PR0026310,001,00400,pH,6.1,C1,MIN,Concentration1,SU,6.1,SU,6,SU,,02/28/2023
PR0026310,001,00400,pH,6.3,C1,MIN,Concentration1,SU,6.3,SU,6,SU,,03/31/2023
PR0026310,001,00400,pH,7.3,C3,MAX,Concentration3,SU,7.3,SU,9,SU,,03/31/2023
PR0026310,001,00400,pH,7.1,C3,MAX,Concentration3,SU,7.1,SU,9,SU,,04/30/2023
PR0026310,001,00400,pH,6.3,C1,MIN,Concentration1,SU,6.3,SU,6,SU,,04/30/2023
PR0026310,001,00400,pH,6.5,C1,MIN,Concentration1,SU,6.5,SU,6,SU,,05/31/2023
PR0026310,001,00400,pH,7.4,C3,MAX,Concentration3,SU,7.4,SU,9,SU,,05/31/2023
PR0026310,001,00400,pH,7.4,C3,MAX,Concentration3,SU,7.4,SU,9,SU,,06/30/2023
PR0026310,001,00400,pH,6.7,C1,MIN,Concentration1,SU,6.7,SU,6,SU,,06/30/2023
PR0026310,001,00400,pH,6.6,C1,MIN,Concentration1,SU,6.6,SU,6,SU,,07/31/2023
PR0026310,001,00400,pH,7.3,C3,MAX,Concentration3,SU,7.3,SU,9,SU,,07/31/2023
PR0026310,001,00400,pH,7.1,C3,MAX,Concentration3,SU,7.1,SU,9,SU,,08/31/2023
PR0026310,001,00400,pH,6.3,C1,MIN,Concentration1,SU,6.3,SU,6,SU,,08/31/2023
PR0026310,001,00400,pH,6.1,C1,MIN,Concentration1,SU,6.1,SU,6,SU,,09/30/2023
PR0026310,001,00400,pH,7.4,C3,MAX,Concentration3,SU,7.4,SU,9,SU,,09/30/2023
PR0026310,001,00400,pH,6.3,C1,MIN,Concentration1,SU,6.3,SU,6,SU,,10/31/2023
PR0026310,001,00400,pH,7.3,C3,MAX,Concentration3,SU,7.3,SU,9,SU,,10/31/2023
PR0026310,001,00400,pH,7,C1,MIN,Concentration1,SU,7,SU,6,SU,,11/30/2023
PR0026310,001,00400,pH,7.6,C3,MAX,Concentration3,SU,7.6,SU,9,SU,,11/30/2023
PR0026310,001,00400,pH,5.9,C1,MIN,Concentration1,SU,5.9,SU,6,SU,,12/31/2023
PR0026310,001,00400,pH,7.7,C3,MAX,Concentration3,SU,7.7,SU,9,SU,,12/31/2023
PR0026310,001,00400,pH,7.6,C3,MAX,Concentration3,SU,7.6,SU,9,SU,,01/31/2024
PR0026310,001,00400,pH,6.2,C1,MIN,Concentration1,SU,6.2,SU,6,SU,,01/31/2024
PR0026310,001,00400,pH,7.8,C3,MAX,Concentration3,SU,7.8,SU,9,SU,,02/29/2024
PR0026310,001,00400,pH,6.6,C1,MIN,Concentration1,SU,6.6,SU,6,SU,,02/29/2024
PR0026310,001,00400,pH,7,C1,MIN,Concentration1,SU,7,SU,6,SU,,03/31/2024
PR0026310,001,00400,pH,7.7,C3,MAX,Concentration3,SU,7.7,SU,9,SU,,03/31/2024
PR0026310,001,00400,pH,7.4,C3,MAX,Concentration3,SU,7.4,SU,9,SU,,04/30/2024
PR0026310,001,00400,pH,6.8,C1,MIN,Concentration1,SU,6.8,SU,6,SU,,04/30/2024
PR0026310,001,00400,pH,7.7,C3,MAX,Concentration3,SU,7.7,SU,9,SU,,05/31/2024
PR0026310,001,00400,pH,7,C1,MIN,Concentration1,SU,7,SU,6,SU,,05/31/2024
PR0026310,001,00400,pH,7.7,C3,MAX,Concentration3,SU,7.7,SU,9,SU,,06/30/2024
PR0026310,001,00400,pH,6.9,C1,MIN,Concentration1,SU,6.9,SU,6,SU,,06/30/2024
PR0026310,001,00400,pH,7.6,C3,MAX,Concentration3,SU,7.6,SU,9,SU,,07/31/2024
PR0026310,001,00400,pH,7,C1,MIN,Concentration1,SU,7,SU,6,SU,,07/31/2024
PR0026310,001,00400,pH,6.9,C1,MIN,Concentration1,SU,6.9,SU,6,SU,,08/31/2024
PR0026310,001,00400,pH,7.6,C3,MAX,Concentration3,SU,7.6,SU,9,SU,,08/31/2024
PR0026310,001,00400,pH,6.8,C1,MIN,Concentration1,SU,6.8,SU,6,SU,,09/30/2024
PR0026310,001,00400,pH,7.4,C3,MAX,Concentration3,SU,7.4,SU,9,SU,,09/30/2024
PR0026310,001,00400,pH,7.3,C3,MAX,Concentration3,SU,7.3,SU,9,SU,,10/31/2024
PR0026310,001,00400,pH,6.7,C1,MIN,Concentration1,SU,6.7,SU,6,SU,,10/31/2024
PR0026310,001,00400,pH,7.8,C3,MAX,Concentration3,SU,7.8,SU,9,SU,,11/30/2024
PR0026310,001,00400,pH,7.1,C1,MIN,Concentration1,SU,7.1,SU,6,SU,,11/30/2024
PR0026310,001,00400,pH,7.7,C3,MAX,Concentration3,SU,7.7,SU,9,SU,,12/31/2024
PR0026310,001,00400,pH,7,C1,MIN,Concentration1,SU,7,SU,6,SU,,12/31/2024
PR0026310,001,00400,pH,7,C1,MIN,Concentration1,SU,7,SU,6,SU,,01/31/2025
PR0026310,001,00400,pH,7.7,C3,MAX,Concentration3,SU,7.7,SU,9,SU,,01/31/2025
PR0026310,001,00400,pH,7.3,C3,MAX,Concentration3,SU,7.3,SU,9,SU,,02/28/2025
PR0026310,001,00400,pH,6.7,C1,MIN,Concentration1,SU,6.7,SU,6,SU,,02/28/2025
PR0026310,001,00400,pH,7,C1,MIN,Concentration1,SU,7,SU,6,SU,,03/31/2025
PR0026310,001,00400,pH,7.4,C3,MAX,Concentration3,SU,7.4,SU,9,SU,,03/31/2025
PR0026310,001,00400,pH,77.8,C3,MAX,Concentration3,SU,77.8,SU,9,SU,,04/30/2025
PR0026310,001,00400,pH,76.9,C1,MIN,Concentration1,SU,76.9,SU,6,SU,,04/30/2025
PR0026310,001,00400,pH,6.9,C1,MIN,Concentration1,SU,6.9,SU,6,SU,,05/31/2025
PR0026310,001,00400,pH,7.5,C3,MAX,Concentration3,SU,7.5,SU,9,SU,,05/31/2025
PR0026310,001,00400,pH,6.9,C1,MIN,Concentration1,SU,6.9,SU,6,SU,,06/30/2025
PR0026310,001,00400,pH,7.5,C3,MAX,Concentration3,SU,7.5,SU,9,SU,,06/30/2025
PR0026310,001,00400,pH,7.6,C3,MAX,Concentration3,SU,7.6,SU,9,SU,,07/31/2025
PR0026310,001,00400,pH,6.3,C1,MIN,Concentration1,SU,6.3,SU,6,SU,,07/31/2025
PR0026310,001,00400,pH,6.8,C1,MIN,Concentration1,SU,6.8,SU,6,SU,,08/31/2025
PR0026310,001,00400,pH,7.5,C3,MAX,Concentration3,SU,7.5,SU,9,SU,,08/31/2025
PR0026310,001,00400,pH,7.6,C3,MAX,Concentration3,SU,7.6,SU,9,SU,,09/30/2025
PR0026310,001,00400,pH,6.7,C1,MIN,Concentration1,SU,6.7,SU,6,SU,,09/30/2025
PR0026310,001,00400,pH,6.7,C1,MIN,Concentration1,SU,6.7,SU,6,SU,,10/31/2025
PR0026310,001,00400,pH,7.3,C3,MAX,Concentration3,SU,7.3,SU,9,SU,,10/31/2025
PR0026310,001,00400,pH,7.4,C3,MAX,Concentration3,SU,7.4,SU,9,SU,,11/30/2025
PR0026310,001,00400,pH,7.2,C1,MIN,Concentration1,SU,7.2,SU,6,SU,,11/30/2025
PR0026310,001,00400,pH,NA,C3,MAX,Concentration3,,,SU,9,SU,,12/31/2025
PR0026310,001,00400,pH,NA,C1,MIN,Concentration1,,,SU,6,SU,,12/31/2025
PR0026310,001,00530,"Solids, total suspended",4,C2,AVG,Concentration2,mg/L,4,mg/L,30,mg/L,,01/31/2020
PR0026310,001,00530,"Solids, total suspended",4,C3,AVG,Concentration3,mg/L,4,mg/L,45,mg/L,,01/31/2020
PR0026310,001,00530,"Solids, total suspended",4,C3,AVG,Concentration3,mg/L,4,mg/L,45,mg/L,,02/29/2020
PR0026310,001,00530,"Solids, total suspended",4,C2,AVG,Concentration2,mg/L,4,mg/L,30,mg/L,,02/29/2020
PR0026310,001,00530,"Solids, total suspended",4,C2,AVG,Concentration2,mg/L,4,mg/L,30,mg/L,,03/31/2020
PR0026310,001,00530,"Solids, total suspended",4,C3,AVG,Concentration3,mg/L,4,mg/L,45,mg/L,,03/31/2020
PR0026310,001,00530,"Solids, total suspended",4,C3,AVG,Concentration3,mg/L,4,mg/L,45,mg/L,,04/30/2020
PR0026310,001,00530,"Solids, total suspended",4,C2,AVG,Concentration2,mg/L,4,mg/L,30,mg/L,,04/30/2020
PR0026310,001,00530,"Solids, total suspended",4,C2,AVG,Concentration2,mg/L,4,mg/L,30,mg/L,,05/31/2020
PR0026310,001,00530,"Solids, total suspended",4,C3,AVG,Concentration3,mg/L,4,mg/L,45,mg/L,,05/31/2020
PR0026310,001,00530,"Solids, total suspended",4,C3,AVG,Concentration3,mg/L,4,mg/L,45,mg/L,,06/30/2020
PR0026310,001,00530,"Solids, total suspended",4,C2,AVG,Concentration2,mg/L,4,mg/L,30,mg/L,,06/30/2020
PR0026310,001,00530,"Solids, total suspended",4,C2,AVG,Concentration2,mg/L,4,mg/L,30,mg/L,,07/31/2020
PR0026310,001,00530,"Solids, total suspended",4,C3,AVG,Concentration3,mg/L,4,mg/L,45,mg/L,,07/31/2020
PR0026310,001,00530,"Solids, total suspended",1,C3,AVG,Concentration3,mg/L,1,mg/L,45,mg/L,,08/31/2020
PR0026310,001,00530,"Solids, total suspended",1,C2,AVG,Concentration2,mg/L,1,mg/L,30,mg/L,,08/31/2020
PR0026310,001,00530,"Solids, total suspended",1,C2,AVG,Concentration2,mg/L,1,mg/L,30,mg/L,,09/30/2020
PR0026310,001,00530,"Solids, total suspended",1,C3,AVG,Concentration3,mg/L,1,mg/L,45,mg/L,,09/30/2020
PR0026310,001,00530,"Solids, total suspended",1,C3,AVG,Concentration3,mg/L,1,mg/L,45,mg/L,,10/31/2020
PR0026310,001,00530,"Solids, total suspended",1,C2,AVG,Concentration2,mg/L,1,mg/L,30,mg/L,,10/31/2020
PR0026310,001,00530,"Solids, total suspended",1,C2,AVG,Concentration2,mg/L,1,mg/L,30,mg/L,,11/30/2020
PR0026310,001,00530,"Solids, total suspended",1,C3,AVG,Concentration3,mg/L,1,mg/L,45,mg/L,,11/30/2020
PR0026310,001,00530,"Solids, total suspended",1.8,C3,AVG,Concentration3,mg/L,1.8,mg/L,45,mg/L,,12/31/2020
PR0026310,001,00530,"Solids, total suspended",1.8,C2,AVG,Concentration2,mg/L,1.8,mg/L,30,mg/L,,12/31/2020
PR0026310,001,00530,"Solids, total suspended",1,C2,AVG,Concentration2,mg/L,1,mg/L,30,mg/L,,01/31/2021
PR0026310,001,00530,"Solids, total suspended",1,C3,AVG,Concentration3,mg/L,1,mg/L,45,mg/L,,01/31/2021
PR0026310,001,00530,"Solids, total suspended",3,C3,AVG,Concentration3,mg/L,3,mg/L,45,mg/L,,02/28/2021
PR0026310,001,00530,"Solids, total suspended",3,C2,AVG,Concentration2,mg/L,3,mg/L,30,mg/L,,02/28/2021
PR0026310,001,00530,"Solids, total suspended",1,C2,AVG,Concentration2,mg/L,1,mg/L,30,mg/L,,03/31/2021
PR0026310,001,00530,"Solids, total suspended",1,C3,AVG,Concentration3,mg/L,1,mg/L,45,mg/L,,03/31/2021
PR0026310,001,00530,"Solids, total suspended",1,C3,AVG,Concentration3,mg/L,1,mg/L,45,mg/L,,04/30/2021
PR0026310,001,00530,"Solids, total suspended",1,C2,AVG,Concentration2,mg/L,1,mg/L,30,mg/L,,04/30/2021
PR0026310,001,00530,"Solids, total suspended",1,C2,AVG,Concentration2,mg/L,1,mg/L,30,mg/L,,05/31/2021
PR0026310,001,00530,"Solids, total suspended",1,C3,AVG,Concentration3,mg/L,1,mg/L,45,mg/L,,05/31/2021
PR0026310,001,00530,"Solids, total suspended",3,C3,AVG,Concentration3,mg/L,3,mg/L,45,mg/L,,06/30/2021
PR0026310,001,00530,"Solids, total suspended",3,C2,AVG,Concentration2,mg/L,3,mg/L,30,mg/L,,06/30/2021
PR0026310,001,00530,"Solids, total suspended",4,C2,AVG,Concentration2,mg/L,4,mg/L,30,mg/L,,07/31/2021
PR0026310,001,00530,"Solids, total suspended",4,C3,AVG,Concentration3,mg/L,4,mg/L,45,mg/L,,07/31/2021
PR0026310,001,00530,"Solids, total suspended",9.5,C3,AVG,Concentration3,mg/L,9.5,mg/L,45,mg/L,,08/31/2021
PR0026310,001,00530,"Solids, total suspended",9.5,C2,AVG,Concentration2,mg/L,9.5,mg/L,30,mg/L,,08/31/2021
PR0026310,001,00530,"Solids, total suspended",1,C2,AVG,Concentration2,mg/L,1,mg/L,30,mg/L,,09/30/2021
PR0026310,001,00530,"Solids, total suspended",1,C3,AVG,Concentration3,mg/L,1,mg/L,45,mg/L,,09/30/2021
PR0026310,001,00530,"Solids, total suspended",1,C2,AVG,Concentration2,mg/L,1,mg/L,30,mg/L,,10/31/2021
PR0026310,001,00530,"Solids, total suspended",1,C3,AVG,Concentration3,mg/L,1,mg/L,45,mg/L,,10/31/2021
PR0026310,001,00530,"Solids, total suspended",1,C2,AVG,Concentration2,mg/L,1,mg/L,30,mg/L,,11/30/2021
PR0026310,001,00530,"Solids, total suspended",1,C3,AVG,Concentration3,mg/L,1,mg/L,45,mg/L,,11/30/2021
PR0026310,001,00530,"Solids, total suspended",2,C3,AVG,Concentration3,mg/L,2,mg/L,45,mg/L,,12/31/2021
PR0026310,001,00530,"Solids, total suspended",2,C2,AVG,Concentration2,mg/L,2,mg/L,30,mg/L,,12/31/2021
PR0026310,001,00530,"Solids, total suspended",0,C2,AVG,Concentration2,mg/L,0,mg/L,30,mg/L,,01/31/2022
PR0026310,001,00530,"Solids, total suspended",0,C3,AVG,Concentration3,mg/L,0,mg/L,45,mg/L,,01/31/2022
PR0026310,001,00530,"Solids, total suspended",0,C3,AVG,Concentration3,mg/L,0,mg/L,45,mg/L,,02/28/2022
PR0026310,001,00530,"Solids, total suspended",0,C2,AVG,Concentration2,mg/L,0,mg/L,30,mg/L,,02/28/2022
PR0026310,001,00530,"Solids, total suspended",0,C2,AVG,Concentration2,mg/L,0,mg/L,30,mg/L,,03/31/2022
PR0026310,001,00530,"Solids, total suspended",0,C3,AVG,Concentration3,mg/L,0,mg/L,45,mg/L,,03/31/2022
PR0026310,001,00530,"Solids, total suspended",0,C3,AVG,Concentration3,mg/L,0,mg/L,45,mg/L,,04/30/2022
PR0026310,001,00530,"Solids, total suspended",0,C2,AVG,Concentration2,mg/L,0,mg/L,30,mg/L,,04/30/2022
PR0026310,001,00530,"Solids, total suspended",0,C2,AVG,Concentration2,mg/L,0,mg/L,30,mg/L,,05/31/2022
PR0026310,001,00530,"Solids, total suspended",0,C3,AVG,Concentration3,mg/L,0,mg/L,45,mg/L,,05/31/2022
PR0026310,001,00530,"Solids, total suspended",0,C3,AVG,Concentration3,mg/L,0,mg/L,45,mg/L,,06/30/2022
PR0026310,001,00530,"Solids, total suspended",0,C2,AVG,Concentration2,mg/L,0,mg/L,30,mg/L,,06/30/2022
PR0026310,001,00530,"Solids, total suspended",0,C2,AVG,Concentration2,mg/L,0,mg/L,30,mg/L,,07/31/2022
PR0026310,001,00530,"Solids, total suspended",0,C3,AVG,Concentration3,mg/L,0,mg/L,45,mg/L,,07/31/2022
PR0026310,001,00530,"Solids, total suspended",0,C3,AVG,Concentration3,mg/L,0,mg/L,45,mg/L,,08/31/2022
PR0026310,001,00530,"Solids, total suspended",0,C2,AVG,Concentration2,mg/L,0,mg/L,30,mg/L,,08/31/2022
PR0026310,001,00530,"Solids, total suspended",0,C2,AVG,Concentration2,mg/L,0,mg/L,30,mg/L,,09/30/2022
PR0026310,001,00530,"Solids, total suspended",0,C3,AVG,Concentration3,mg/L,0,mg/L,45,mg/L,,09/30/2022
PR0026310,001,00530,"Solids, total suspended",3,C3,AVG,Concentration3,mg/L,3,mg/L,45,mg/L,,10/31/2022
PR0026310,001,00530,"Solids, total suspended",3,C2,AVG,Concentration2,mg/L,3,mg/L,30,mg/L,,10/31/2022
PR0026310,001,00530,"Solids, total suspended",0,C2,AVG,Concentration2,mg/L,0,mg/L,30,mg/L,,11/30/2022
PR0026310,001,00530,"Solids, total suspended",0,C3,AVG,Concentration3,mg/L,0,mg/L,45,mg/L,,11/30/2022
PR0026310,001,00530,"Solids, total suspended",0,C3,AVG,Concentration3,mg/L,0,mg/L,45,mg/L,,12/31/2022
PR0026310,001,00530,"Solids, total suspended",0,C2,AVG,Concentration2,mg/L,0,mg/L,30,mg/L,,12/31/2022
PR0026310,001,00530,"Solids, total suspended",0,C2,AVG,Concentration2,mg/L,0,mg/L,30,mg/L,,01/31/2023
PR0026310,001,00530,"Solids, total suspended",0,C3,AVG,Concentration3,mg/L,0,mg/L,45,mg/L,,01/31/2023
PR0026310,001,00530,"Solids, total suspended",12,C3,AVG,Concentration3,mg/L,12,mg/L,45,mg/L,,02/28/2023
PR0026310,001,00530,"Solids, total suspended",12,C2,AVG,Concentration2,mg/L,12,mg/L,30,mg/L,,02/28/2023
PR0026310,001,00530,"Solids, total suspended",5,C2,AVG,Concentration2,mg/L,5,mg/L,30,mg/L,,03/31/2023
PR0026310,001,00530,"Solids, total suspended",5,C3,AVG,Concentration3,mg/L,5,mg/L,45,mg/L,,03/31/2023
PR0026310,001,00530,"Solids, total suspended",0,C3,AVG,Concentration3,mg/L,0,mg/L,45,mg/L,,04/30/2023
PR0026310,001,00530,"Solids, total suspended",0,C2,AVG,Concentration2,mg/L,0,mg/L,30,mg/L,,04/30/2023
PR0026310,001,00530,"Solids, total suspended",0,C3,AVG,Concentration3,mg/L,0,mg/L,45,mg/L,,05/31/2023
PR0026310,001,00530,"Solids, total suspended",0,C2,AVG,Concentration2,mg/L,0,mg/L,30,mg/L,,05/31/2023
PR0026310,001,00530,"Solids, total suspended",0,C3,AVG,Concentration3,mg/L,0,mg/L,45,mg/L,,06/30/2023
PR0026310,001,00530,"Solids, total suspended",0,C2,AVG,Concentration2,mg/L,0,mg/L,30,mg/L,,06/30/2023
PR0026310,001,00530,"Solids, total suspended",8,C2,AVG,Concentration2,mg/L,8,mg/L,30,mg/L,,07/31/2023
PR0026310,001,00530,"Solids, total suspended",8,C3,AVG,Concentration3,mg/L,8,mg/L,45,mg/L,,07/31/2023
PR0026310,001,00530,"Solids, total suspended",4,C3,AVG,Concentration3,mg/L,4,mg/L,45,mg/L,,08/31/2023
PR0026310,001,00530,"Solids, total suspended",4,C2,AVG,Concentration2,mg/L,4,mg/L,30,mg/L,,08/31/2023
PR0026310,001,00530,"Solids, total suspended",5,C2,AVG,Concentration2,mg/L,5,mg/L,30,mg/L,,09/30/2023
PR0026310,001,00530,"Solids, total suspended",5,C3,AVG,Concentration3,mg/L,5,mg/L,45,mg/L,,09/30/2023
PR0026310,001,00530,"Solids, total suspended",5,C3,AVG,Concentration3,mg/L,5,mg/L,45,mg/L,,10/31/2023
PR0026310,001,00530,"Solids, total suspended",5,C2,AVG,Concentration2,mg/L,5,mg/L,30,mg/L,,10/31/2023
PR0026310,001,00530,"Solids, total suspended",0,C2,AVG,Concentration2,mg/L,0,mg/L,30,mg/L,,11/30/2023
PR0026310,001,00530,"Solids, total suspended",0,C3,AVG,Concentration3,mg/L,0,mg/L,45,mg/L,,11/30/2023
PR0026310,001,00530,"Solids, total suspended",0,C3,AVG,Concentration3,mg/L,0,mg/L,45,mg/L,,12/31/2023
PR0026310,001,00530,"Solids, total suspended",0,C2,AVG,Concentration2,mg/L,0,mg/L,30,mg/L,,12/31/2023
PR0026310,001,00530,"Solids, total suspended",5,C3,AVG,Concentration3,mg/L,5,mg/L,45,mg/L,,01/31/2024
PR0026310,001,00530,"Solids, total suspended",5,C2,AVG,Concentration2,mg/L,5,mg/L,30,mg/L,,01/31/2024
PR0026310,001,00530,"Solids, total suspended",0,C2,AVG,Concentration2,mg/L,0,mg/L,30,mg/L,,02/29/2024
PR0026310,001,00530,"Solids, total suspended",0,C3,AVG,Concentration3,mg/L,0,mg/L,45,mg/L,,02/29/2024
PR0026310,001,00530,"Solids, total suspended",3,C2,AVG,Concentration2,mg/L,3,mg/L,30,mg/L,,03/31/2024
PR0026310,001,00530,"Solids, total suspended",3,C3,AVG,Concentration3,mg/L,3,mg/L,45,mg/L,,03/31/2024
PR0026310,001,00530,"Solids, total suspended",0,C2,AVG,Concentration2,mg/L,0,mg/L,30,mg/L,,04/30/2024
PR0026310,001,00530,"Solids, total suspended",0,C3,AVG,Concentration3,mg/L,0,mg/L,45,mg/L,,04/30/2024
PR0026310,001,00530,"Solids, total suspended",0,C3,AVG,Concentration3,mg/L,0,mg/L,45,mg/L,,05/31/2024
PR0026310,001,00530,"Solids, total suspended",0,C2,AVG,Concentration2,mg/L,0,mg/L,30,mg/L,,05/31/2024
PR0026310,001,00530,"Solids, total suspended",0,C3,AVG,Concentration3,mg/L,0,mg/L,45,mg/L,,06/30/2024
PR0026310,001,00530,"Solids, total suspended",0,C2,AVG,Concentration2,mg/L,0,mg/L,30,mg/L,,06/30/2024
PR0026310,001,00530,"Solids, total suspended",220,C2,AVG,Concentration2,mg/L,220,mg/L,30,mg/L,,07/31/2024
PR0026310,001,00530,"Solids, total suspended",220,C3,AVG,Concentration3,mg/L,220,mg/L,45,mg/L,,07/31/2024
PR0026310,001,00530,"Solids, total suspended",47,C3,AVG,Concentration3,mg/L,47,mg/L,45,mg/L,,08/31/2024
PR0026310,001,00530,"Solids, total suspended",47,C2,AVG,Concentration2,mg/L,47,mg/L,30,mg/L,,08/31/2024
PR0026310,001,00530,"Solids, total suspended",0,C3,AVG,Concentration3,mg/L,0,mg/L,45,mg/L,,09/30/2024
PR0026310,001,00530,"Solids, total suspended",0,C2,AVG,Concentration2,mg/L,0,mg/L,30,mg/L,,09/30/2024
PR0026310,001,00530,"Solids, total suspended",6,C2,AVG,Concentration2,mg/L,6,mg/L,30,mg/L,,10/31/2024
PR0026310,001,00530,"Solids, total suspended",6,C3,AVG,Concentration3,mg/L,6,mg/L,45,mg/L,,10/31/2024
PR0026310,001,00530,"Solids, total suspended",6,C3,AVG,Concentration3,mg/L,6,mg/L,45,mg/L,,11/30/2024
PR0026310,001,00530,"Solids, total suspended",6,C2,AVG,Concentration2,mg/L,6,mg/L,30,mg/L,,11/30/2024
PR0026310,001,00530,"Solids, total suspended",0,C3,AVG,Concentration3,mg/L,0,mg/L,45,mg/L,,12/31/2024
PR0026310,001,00530,"Solids, total suspended",0,C2,AVG,Concentration2,mg/L,0,mg/L,30,mg/L,,12/31/2024
PR0026310,001,00530,"Solids, total suspended",9,C2,AVG,Concentration2,mg/L,9,mg/L,30,mg/L,,01/31/2025
PR0026310,001,00530,"Solids, total suspended",9,C3,AVG,Concentration3,mg/L,9,mg/L,45,mg/L,,01/31/2025
PR0026310,001,00530,"Solids, total suspended",14,C2,AVG,Concentration2,mg/L,14,mg/L,30,mg/L,,02/28/2025
PR0026310,001,00530,"Solids, total suspended",14,C3,AVG,Concentration3,mg/L,14,mg/L,45,mg/L,,02/28/2025
PR0026310,001,00530,"Solids, total suspended",0,C2,AVG,Concentration2,mg/L,0,mg/L,30,mg/L,,03/31/2025
PR0026310,001,00530,"Solids, total suspended",0,C3,AVG,Concentration3,mg/L,0,mg/L,45,mg/L,,03/31/2025
PR0026310,001,00530,"Solids, total suspended",0,C3,AVG,Concentration3,mg/L,0,mg/L,45,mg/L,,04/30/2025
PR0026310,001,00530,"Solids, total suspended",0,C2,AVG,Concentration2,mg/L,0,mg/L,30,mg/L,,04/30/2025
PR0026310,001,00530,"Solids, total suspended",0,C2,AVG,Concentration2,mg/L,0,mg/L,30,mg/L,,05/31/2025
PR0026310,001,00530,"Solids, total suspended",0,C3,AVG,Concentration3,mg/L,0,mg/L,45,mg/L,,05/31/2025
PR0026310,001,00530,"Solids, total suspended",0,C2,AVG,Concentration2,mg/L,0,mg/L,30,mg/L,,06/30/2025
PR0026310,001,00530,"Solids, total suspended",0,C3,AVG,Concentration3,mg/L,0,mg/L,45,mg/L,,06/30/2025
PR0026310,001,00530,"Solids, total suspended",0,C2,AVG,Concentration2,mg/L,0,mg/L,30,mg/L,,07/31/2025
PR0026310,001,00530,"Solids, total suspended",0,C3,AVG,Concentration3,mg/L,0,mg/L,45,mg/L,,07/31/2025
PR0026310,001,00530,"Solids, total suspended",5,C3,AVG,Concentration3,mg/L,5,mg/L,45,mg/L,,08/31/2025
PR0026310,001,00530,"Solids, total suspended",5,C2,AVG,Concentration2,mg/L,5,mg/L,30,mg/L,,08/31/2025
PR0026310,001,00530,"Solids, total suspended",3,C2,AVG,Concentration2,mg/L,3,mg/L,30,mg/L,,09/30/2025
PR0026310,001,00530,"Solids, total suspended",3,C3,AVG,Concentration3,mg/L,3,mg/L,45,mg/L,,09/30/2025
PR0026310,001,00530,"Solids, total suspended",0,C3,AVG,Concentration3,mg/L,0,mg/L,45,mg/L,,10/31/2025
PR0026310,001,00530,"Solids, total suspended",0,C2,AVG,Concentration2,mg/L,0,mg/L,30,mg/L,,10/31/2025
PR0026310,001,00530,"Solids, total suspended",0,C2,AVG,Concentration2,mg/L,0,mg/L,30,mg/L,,11/30/2025
PR0026310,001,00530,"Solids, total suspended",0,C3,AVG,Concentration3,mg/L,0,mg/L,45,mg/L,,11/30/2025
PR0026310,001,00530,"Solids, total suspended",NA,C3,AVG,Concentration3,,,mg/L,45,mg/L,,12/31/2025
PR0026310,001,00530,"Solids, total suspended",NA,C2,AVG,Concentration2,,,mg/L,30,mg/L,,12/31/2025
PR0026310,001,00545,"Solids, settleable",10,C3,MAX,Concentration3,mL/L,.01,mg/L,,mL/L,,01/31/2020
PR0026310,001,00545,"Solids, settleable",0,C3,MAX,Concentration3,mL/L,0,mg/L,,mL/L,,02/29/2020
PR0026310,001,00545,"Solids, settleable",0,C3,MAX,Concentration3,mL/L,0,mg/L,,mL/L,,03/31/2020
PR0026310,001,00545,"Solids, settleable",0,C3,MAX,Concentration3,mL/L,0,mg/L,,mL/L,,04/30/2020
PR0026310,001,00545,"Solids, settleable",0.1,C3,MAX,Concentration3,mL/L,.0001,mg/L,,mL/L,,05/31/2020
PR0026310,001,00545,"Solids, settleable",0,C3,MAX,Concentration3,mL/L,0,mg/L,,mL/L,,06/30/2020
PR0026310,001,00545,"Solids, settleable",0,C3,MAX,Concentration3,mL/L,0,mg/L,,mL/L,,07/31/2020
PR0026310,001,00545,"Solids, settleable",0,C3,MAX,Concentration3,mL/L,0,mg/L,,mL/L,,08/31/2020
PR0026310,001,00545,"Solids, settleable",0,C3,MAX,Concentration3,mL/L,0,mg/L,,mL/L,,09/30/2020
PR0026310,001,00545,"Solids, settleable",0,C3,MAX,Concentration3,mL/L,0,mg/L,,mL/L,,10/31/2020
PR0026310,001,00545,"Solids, settleable",0,C3,MAX,Concentration3,mL/L,0,mg/L,,mL/L,,11/30/2020
PR0026310,001,00545,"Solids, settleable",0,C3,MAX,Concentration3,mL/L,0,mg/L,,mL/L,,12/31/2020
PR0026310,001,00545,"Solids, settleable",0,C3,MAX,Concentration3,mL/L,0,mg/L,,mL/L,,01/31/2021
PR0026310,001,00545,"Solids, settleable",0,C3,MAX,Concentration3,mL/L,0,mg/L,,mL/L,,02/28/2021
PR0026310,001,00545,"Solids, settleable",0.1,C3,MAX,Concentration3,mL/L,.0001,mg/L,,mL/L,,03/31/2021
PR0026310,001,00545,"Solids, settleable",0.1,C3,MAX,Concentration3,mL/L,.0001,mg/L,,mL/L,,04/30/2021
PR0026310,001,00545,"Solids, settleable",0,C3,MAX,Concentration3,mL/L,0,mg/L,,mL/L,,05/31/2021
PR0026310,001,00545,"Solids, settleable",0,C3,MAX,Concentration3,mL/L,0,mg/L,,mL/L,,06/30/2021
PR0026310,001,00545,"Solids, settleable",0.1,C3,MAX,Concentration3,mL/L,.0001,mg/L,,mL/L,,07/31/2021
PR0026310,001,00545,"Solids, settleable",0.6,C3,MAX,Concentration3,mL/L,.0006,mg/L,,mL/L,,08/31/2021
PR0026310,001,00545,"Solids, settleable",0,C3,MAX,Concentration3,mL/L,0,mg/L,,mL/L,,09/30/2021
PR0026310,001,00545,"Solids, settleable",0.2,C3,MAX,Concentration3,mL/L,.0002,mg/L,,mL/L,,10/31/2021
PR0026310,001,00545,"Solids, settleable",0,C3,MAX,Concentration3,mL/L,0,mg/L,,mL/L,,11/30/2021
PR0026310,001,00545,"Solids, settleable",0,C3,MAX,Concentration3,mL/L,0,mg/L,,mL/L,,12/31/2021
PR0026310,001,00545,"Solids, settleable",0,C3,MAX,Concentration3,mL/L,0,mg/L,,mL/L,,01/31/2022
PR0026310,001,00545,"Solids, settleable",0,C3,MAX,Concentration3,mL/L,0,mg/L,,mL/L,,02/28/2022
PR0026310,001,00545,"Solids, settleable",0,C3,MAX,Concentration3,mL/L,0,mg/L,,mL/L,,03/31/2022
PR0026310,001,00545,"Solids, settleable",0,C3,MAX,Concentration3,mL/L,0,mg/L,,mL/L,,04/30/2022
PR0026310,001,00545,"Solids, settleable",0,C3,MAX,Concentration3,mL/L,0,mg/L,,mL/L,,05/31/2022
PR0026310,001,00545,"Solids, settleable",0,C3,MAX,Concentration3,mL/L,0,mg/L,,mL/L,,06/30/2022
PR0026310,001,00545,"Solids, settleable",0,C3,MAX,Concentration3,mL/L,0,mg/L,,mL/L,,07/31/2022
PR0026310,001,00545,"Solids, settleable",0,C3,MAX,Concentration3,mL/L,0,mg/L,,mL/L,,08/31/2022
PR0026310,001,00545,"Solids, settleable",0,C3,MAX,Concentration3,mL/L,0,mg/L,,mL/L,,09/30/2022
PR0026310,001,00545,"Solids, settleable",0,C3,MAX,Concentration3,mL/L,0,mg/L,,mL/L,,10/31/2022
PR0026310,001,00545,"Solids, settleable",0,C3,MAX,Concentration3,mL/L,0,mg/L,,mL/L,,11/30/2022
PR0026310,001,00545,"Solids, settleable",0.1,C3,MAX,Concentration3,mL/L,.0001,mg/L,,mL/L,,12/31/2022
PR0026310,001,00545,"Solids, settleable",1000,C3,MAX,Concentration3,mL/L,1.00000005,mg/L,,mL/L,,01/31/2023
PR0026310,001,00545,"Solids, settleable",0.1,C3,MAX,Concentration3,mL/L,.0001,mg/L,,mL/L,,02/28/2023
PR0026310,001,00545,"Solids, settleable",0.1,C3,MAX,Concentration3,mL/L,.0001,mg/L,,mL/L,,03/31/2023
PR0026310,001,00545,"Solids, settleable",0.1,C3,MAX,Concentration3,mL/L,.0001,mg/L,,mL/L,,04/30/2023
PR0026310,001,00545,"Solids, settleable",0.1,C3,MAX,Concentration3,mL/L,.0001,mg/L,,mL/L,,05/31/2023
PR0026310,001,00545,"Solids, settleable",0.1,C3,MAX,Concentration3,mL/L,.0001,mg/L,,mL/L,,06/30/2023
PR0026310,001,00545,"Solids, settleable",0.1,C3,MAX,Concentration3,mL/L,.0001,mg/L,,mL/L,,07/31/2023
PR0026310,001,00545,"Solids, settleable",0.1,C3,MAX,Concentration3,mL/L,.0001,mg/L,,mL/L,,08/31/2023
PR0026310,001,00545,"Solids, settleable",0.1,C3,MAX,Concentration3,mL/L,.0001,mg/L,,mL/L,,09/30/2023
PR0026310,001,00545,"Solids, settleable",0.1,C3,MAX,Concentration3,mL/L,.0001,mg/L,,mL/L,,10/31/2023
PR0026310,001,00545,"Solids, settleable",0.1,C3,MAX,Concentration3,mL/L,.0001,mg/L,,mL/L,,11/30/2023
PR0026310,001,00545,"Solids, settleable",0.1,C3,MAX,Concentration3,mL/L,.0001,mg/L,,mL/L,,12/31/2023
PR0026310,001,00545,"Solids, settleable",0.1,C3,MAX,Concentration3,mL/L,.0001,mg/L,,mL/L,,01/31/2024
PR0026310,001,00545,"Solids, settleable",0.1,C3,MAX,Concentration3,mL/L,.0001,mg/L,,mL/L,,02/29/2024
PR0026310,001,00545,"Solids, settleable",0.1,C3,MAX,Concentration3,mL/L,.0001,mg/L,,mL/L,,03/31/2024
PR0026310,001,00545,"Solids, settleable",0.1,C3,MAX,Concentration3,mL/L,.0001,mg/L,,mL/L,,04/30/2024
PR0026310,001,00545,"Solids, settleable",0.1,C3,MAX,Concentration3,mL/L,.0001,mg/L,,mL/L,,05/31/2024
PR0026310,001,00545,"Solids, settleable",0.1,C3,MAX,Concentration3,mL/L,.0001,mg/L,,mL/L,,06/30/2024
PR0026310,001,00545,"Solids, settleable",0.1,C3,MAX,Concentration3,mL/L,.0001,mg/L,,mL/L,,07/31/2024
PR0026310,001,00545,"Solids, settleable",0.1,C3,MAX,Concentration3,mL/L,.0001,mg/L,,mL/L,,08/31/2024
PR0026310,001,00545,"Solids, settleable",0.1,C3,MAX,Concentration3,mL/L,.0001,mg/L,,mL/L,,09/30/2024
PR0026310,001,00545,"Solids, settleable",0.1,C3,MAX,Concentration3,mL/L,.0001,mg/L,,mL/L,,10/31/2024
PR0026310,001,00545,"Solids, settleable",0.1,C3,MAX,Concentration3,mL/L,.0001,mg/L,,mL/L,,11/30/2024
PR0026310,001,00545,"Solids, settleable",0.1,C3,MAX,Concentration3,mL/L,.0001,mg/L,,mL/L,,12/31/2024
PR0026310,001,00545,"Solids, settleable",0.5,C3,MAX,Concentration3,mL/L,.0005,mg/L,,mL/L,,01/31/2025
PR0026310,001,00545,"Solids, settleable",0.1,C3,MAX,Concentration3,mL/L,.0001,mg/L,,mL/L,,02/28/2025
PR0026310,001,00545,"Solids, settleable",0.1,C3,MAX,Concentration3,mL/L,.0001,mg/L,,mL/L,,03/31/2025
PR0026310,001,00545,"Solids, settleable",0.1,C3,MAX,Concentration3,mL/L,.0001,mg/L,,mL/L,,04/30/2025
PR0026310,001,00545,"Solids, settleable",0.1,C3,MAX,Concentration3,mL/L,.0001,mg/L,,mL/L,,05/31/2025
PR0026310,001,00545,"Solids, settleable",0.1,C3,MAX,Concentration3,mL/L,.0001,mg/L,,mL/L,,06/30/2025
PR0026310,001,00545,"Solids, settleable",0.1,C3,MAX,Concentration3,mL/L,.0001,mg/L,,mL/L,,07/31/2025
PR0026310,001,00545,"Solids, settleable",0.1,C3,MAX,Concentration3,mL/L,.0001,mg/L,,mL/L,,08/31/2025
PR0026310,001,00545,"Solids, settleable",1.6,C3,MAX,Concentration3,mL/L,.0016,mg/L,,mL/L,,09/30/2025
PR0026310,001,00545,"Solids, settleable",0.1,C3,MAX,Concentration3,mL/L,.0001,mg/L,,mL/L,,10/31/2025
PR0026310,001,00545,"Solids, settleable",0.1,C3,MAX,Concentration3,mL/L,.0001,mg/L,,mL/L,,11/30/2025
PR0026310,001,00556,Oil & Grease,3.81,C3,MAX,Concentration3,mg/L,3.81,mg/L,,mg/L,,01/31/2020
PR0026310,001,00556,Oil & Grease,3.11,C3,MAX,Concentration3,mg/L,3.11,mg/L,,mg/L,,02/29/2020
PR0026310,001,00556,Oil & Grease,2.4,C3,MAX,Concentration3,mg/L,2.4,mg/L,,mg/L,,03/31/2020
PR0026310,001,00556,Oil & Grease,1.2,C3,MAX,Concentration3,mg/L,1.2,mg/L,,mg/L,,04/30/2020
PR0026310,001,00556,Oil & Grease,4.51,C3,MAX,Concentration3,mg/L,4.51,mg/L,,mg/L,,05/31/2020
PR0026310,001,00556,Oil & Grease,5.7,C3,MAX,Concentration3,mg/L,5.7,mg/L,,mg/L,,06/30/2020
PR0026310,001,00556,Oil & Grease,15.3,C3,MAX,Concentration3,mg/L,15.3,mg/L,,mg/L,,07/31/2020
PR0026310,001,00556,Oil & Grease,6.59,C3,MAX,Concentration3,mg/L,6.59,mg/L,,mg/L,,08/31/2020
PR0026310,001,00556,Oil & Grease,14.6,C3,MAX,Concentration3,mg/L,14.6,mg/L,,mg/L,,09/30/2020
PR0026310,001,00556,Oil & Grease,5.16,C3,MAX,Concentration3,mg/L,5.16,mg/L,,mg/L,,10/31/2020
PR0026310,001,00556,Oil & Grease,10.36,C3,MAX,Concentration3,mg/L,10.36,mg/L,,mg/L,,11/30/2020
PR0026310,001,00556,Oil & Grease,1.24,C3,MAX,Concentration3,mg/L,1.24,mg/L,,mg/L,,12/31/2020
PR0026310,001,00556,Oil & Grease,4.95,C3,MAX,Concentration3,mg/L,4.95,mg/L,,mg/L,,01/31/2021
PR0026310,001,00556,Oil & Grease,1.2,C3,MAX,Concentration3,mg/L,1.2,mg/L,,mg/L,,02/28/2021
PR0026310,001,00556,Oil & Grease,1.2,C3,MAX,Concentration3,mg/L,1.2,mg/L,,mg/L,,03/31/2021
PR0026310,001,00556,Oil & Grease,5.86,C3,MAX,Concentration3,mg/L,5.86,mg/L,,mg/L,,04/30/2021
PR0026310,001,00556,Oil & Grease,3.82,C3,MAX,Concentration3,mg/L,3.82,mg/L,,mg/L,,05/31/2021
PR0026310,001,00556,Oil & Grease,2.74,C3,MAX,Concentration3,mg/L,2.74,mg/L,,mg/L,,06/30/2021
PR0026310,001,00556,Oil & Grease,6.94,C3,MAX,Concentration3,mg/L,6.94,mg/L,,mg/L,,07/31/2021
PR0026310,001,00556,Oil & Grease,4.49,C3,MAX,Concentration3,mg/L,4.49,mg/L,,mg/L,,08/31/2021
PR0026310,001,00556,Oil & Grease,4.6,C3,MAX,Concentration3,mg/L,4.6,mg/L,,mg/L,,09/30/2021
PR0026310,001,00556,Oil & Grease,3.23,C3,MAX,Concentration3,mg/L,3.23,mg/L,,mg/L,,10/31/2021
PR0026310,001,00556,Oil & Grease,1.2,C3,MAX,Concentration3,mg/L,1.2,mg/L,,mg/L,,11/30/2021
PR0026310,001,00556,Oil & Grease,2.98,C3,MAX,Concentration3,mg/L,2.98,mg/L,,mg/L,,12/31/2021
PR0026310,001,00556,Oil & Grease,1.9,C3,MAX,Concentration3,mg/L,1.9,mg/L,,mg/L,,01/31/2022
PR0026310,001,00556,Oil & Grease,1.4,C3,MAX,Concentration3,mg/L,1.4,mg/L,,mg/L,,02/28/2022
PR0026310,001,00556,Oil & Grease,1.7,C3,MAX,Concentration3,mg/L,1.7,mg/L,,mg/L,,03/31/2022
PR0026310,001,00556,Oil & Grease,2.1,C3,MAX,Concentration3,mg/L,2.1,mg/L,,mg/L,,04/30/2022
PR0026310,001,00556,Oil & Grease,1.9,C3,MAX,Concentration3,mg/L,1.9,mg/L,,mg/L,,05/31/2022
PR0026310,001,00556,Oil & Grease,0,C3,MAX,Concentration3,mg/L,0,mg/L,,mg/L,,06/30/2022
PR0026310,001,00556,Oil & Grease,1.4,C3,MAX,Concentration3,mg/L,1.4,mg/L,,mg/L,,07/31/2022
PR0026310,001,00556,Oil & Grease,1.8,C3,MAX,Concentration3,mg/L,1.8,mg/L,,mg/L,,08/31/2022
PR0026310,001,00556,Oil & Grease,0,C3,MAX,Concentration3,mg/L,0,mg/L,,mg/L,,09/30/2022
PR0026310,001,00556,Oil & Grease,2.3,C3,MAX,Concentration3,mg/L,2.3,mg/L,,mg/L,,10/31/2022
PR0026310,001,00556,Oil & Grease,2,C3,MAX,Concentration3,mg/L,2,mg/L,,mg/L,,11/30/2022
PR0026310,001,00556,Oil & Grease,1.5,C3,MAX,Concentration3,mg/L,1.5,mg/L,,mg/L,,12/31/2022
PR0026310,001,00556,Oil & Grease,2.5,C3,MAX,Concentration3,mg/L,2.5,mg/L,,mg/L,,01/31/2023
PR0026310,001,00556,Oil & Grease,2.3,C3,MAX,Concentration3,mg/L,2.3,mg/L,,mg/L,,02/28/2023
PR0026310,001,00556,Oil & Grease,1.4,C3,MAX,Concentration3,mg/L,1.4,mg/L,,mg/L,,03/31/2023
PR0026310,001,00556,Oil & Grease,1.4,C3,MAX,Concentration3,mg/L,1.4,mg/L,,mg/L,,04/30/2023
PR0026310,001,00556,Oil & Grease,1400,C3,MAX,Concentration3,mg/L,1400,mg/L,,mg/L,,05/31/2023
PR0026310,001,00556,Oil & Grease,1.6,C3,MAX,Concentration3,mg/L,1.6,mg/L,,mg/L,,06/30/2023
PR0026310,001,00556,Oil & Grease,1.9,C3,MAX,Concentration3,mg/L,1.9,mg/L,,mg/L,,07/31/2023
PR0026310,001,00556,Oil & Grease,1.9,C3,MAX,Concentration3,mg/L,1.9,mg/L,,mg/L,,08/31/2023
PR0026310,001,00556,Oil & Grease,1.6,C3,MAX,Concentration3,mg/L,1.6,mg/L,,mg/L,,09/30/2023
PR0026310,001,00556,Oil & Grease,2.6,C3,MAX,Concentration3,mg/L,2.6,mg/L,,mg/L,,10/31/2023
PR0026310,001,00556,Oil & Grease,1.6,C3,MAX,Concentration3,mg/L,1.6,mg/L,,mg/L,,11/30/2023
PR0026310,001,00556,Oil & Grease,1.5,C3,MAX,Concentration3,mg/L,1.5,mg/L,,mg/L,,12/31/2023
PR0026310,001,00556,Oil & Grease,1.8,C3,MAX,Concentration3,mg/L,1.8,mg/L,,mg/L,,01/31/2024
PR0026310,001,00556,Oil & Grease,1.9,C3,MAX,Concentration3,mg/L,1.9,mg/L,,mg/L,,02/29/2024
PR0026310,001,00556,Oil & Grease,3.2,C3,MAX,Concentration3,mg/L,3.2,mg/L,,mg/L,,03/31/2024
PR0026310,001,00556,Oil & Grease,1.4,C3,MAX,Concentration3,mg/L,1.4,mg/L,,mg/L,,04/30/2024
PR0026310,001,00556,Oil & Grease,3.1,C3,MAX,Concentration3,mg/L,3.1,mg/L,,mg/L,,05/31/2024
PR0026310,001,00556,Oil & Grease,1.6,C3,MAX,Concentration3,mg/L,1.6,mg/L,,mg/L,,06/30/2024
PR0026310,001,00556,Oil & Grease,2,C3,MAX,Concentration3,mg/L,2,mg/L,,mg/L,,07/31/2024
PR0026310,001,00556,Oil & Grease,1.6,C3,MAX,Concentration3,mg/L,1.6,mg/L,,mg/L,,08/31/2024
PR0026310,001,00556,Oil & Grease,2.2,C3,MAX,Concentration3,mg/L,2.2,mg/L,,mg/L,,09/30/2024
PR0026310,001,00556,Oil & Grease,1.7,C3,MAX,Concentration3,mg/L,1.7,mg/L,,mg/L,,10/31/2024
PR0026310,001,00556,Oil & Grease,2.4,C3,MAX,Concentration3,mg/L,2.4,mg/L,,mg/L,,11/30/2024
PR0026310,001,00556,Oil & Grease,3.6,C3,MAX,Concentration3,mg/L,3.6,mg/L,,mg/L,,12/31/2024
PR0026310,001,00556,Oil & Grease,4.3,C3,MAX,Concentration3,mg/L,4.3,mg/L,,mg/L,,01/31/2025
PR0026310,001,00556,Oil & Grease,2,C3,MAX,Concentration3,mg/L,2,mg/L,,mg/L,,02/28/2025
PR0026310,001,00556,Oil & Grease,1.5,C3,MAX,Concentration3,mg/L,1.5,mg/L,,mg/L,,03/31/2025
PR0026310,001,00556,Oil & Grease,1.7,C3,MAX,Concentration3,mg/L,1.7,mg/L,,mg/L,,04/30/2025
PR0026310,001,00556,Oil & Grease,1.4,C3,MAX,Concentration3,mg/L,1.4,mg/L,,mg/L,,05/31/2025
PR0026310,001,00556,Oil & Grease,14.6,C3,MAX,Concentration3,mg/L,14.6,mg/L,,mg/L,,06/30/2025
PR0026310,001,00556,Oil & Grease,3.9,C3,MAX,Concentration3,mg/L,3.9,mg/L,,mg/L,,07/31/2025
PR0026310,001,00556,Oil & Grease,9.4,C3,MAX,Concentration3,mg/L,9.4,mg/L,,mg/L,,08/31/2025
PR0026310,001,00556,Oil & Grease,1.4,C3,MAX,Concentration3,mg/L,1.4,mg/L,,mg/L,,09/30/2025
PR0026310,001,00556,Oil & Grease,3.6,C3,MAX,Concentration3,mg/L,3.6,mg/L,,mg/L,,10/31/2025
PR0026310,001,00556,Oil & Grease,1.8,C3,MAX,Concentration3,mg/L,1.8,mg/L,,mg/L,,11/30/2025
PR0026310,001,00556,Oil & Grease,NA,C3,MAX,Concentration3,,,mg/L,,mg/L,,12/31/2025
PR0026310,001,00600,"Nitrogen, total [as N]",2829,C3,MAX,Concentration3,ug/L,2.82900013,mg/L,1700,ug/L,,01/31/2020
PR0026310,001,00600,"Nitrogen, total [as N]",2110,C3,MAX,Concentration3,ug/L,2.1100001,mg/L,1700,ug/L,,02/29/2020
PR0026310,001,00600,"Nitrogen, total [as N]",1420,C3,MAX,Concentration3,ug/L,1.42000007,mg/L,1700,ug/L,,03/31/2020
PR0026310,001,00600,"Nitrogen, total [as N]",1.2,C3,MAX,Concentration3,ug/L,.0012,mg/L,1700,ug/L,,04/30/2020
PR0026310,001,00600,"Nitrogen, total [as N]",1490,C3,MAX,Concentration3,ug/L,1.49000007,mg/L,1700,ug/L,,05/31/2020
PR0026310,001,00600,"Nitrogen, total [as N]",30600,C3,MAX,Concentration3,ug/L,30.60000145,mg/L,1700,ug/L,,06/30/2020
PR0026310,001,00600,"Nitrogen, total [as N]",18700,C3,MAX,Concentration3,ug/L,18.70000089,mg/L,1700,ug/L,,07/31/2020
PR0026310,001,00600,"Nitrogen, total [as N]",1760,C3,MAX,Concentration3,ug/L,1.76000008,mg/L,1700,ug/L,,08/31/2020
PR0026310,001,00600,"Nitrogen, total [as N]",922,C3,MAX,Concentration3,ug/L,.92200004,mg/L,1700,ug/L,,09/30/2020
PR0026310,001,00600,"Nitrogen, total [as N]",1350,C3,MAX,Concentration3,ug/L,1.35000006,mg/L,1700,ug/L,,10/31/2020
PR0026310,001,00600,"Nitrogen, total [as N]",435,C3,MAX,Concentration3,ug/L,.43500002,mg/L,1700,ug/L,,11/30/2020
PR0026310,001,00600,"Nitrogen, total [as N]",1332,C3,MAX,Concentration3,ug/L,1.33200006,mg/L,1700,ug/L,,12/31/2020
PR0026310,001,00600,"Nitrogen, total [as N]",1450,C3,MAX,Concentration3,ug/L,1.45000007,mg/L,1700,ug/L,,01/31/2021
PR0026310,001,00600,"Nitrogen, total [as N]",1290,C3,MAX,Concentration3,ug/L,1.29000006,mg/L,1700,ug/L,,02/28/2021
PR0026310,001,00600,"Nitrogen, total [as N]",19600,C3,MAX,Concentration3,ug/L,19.60000093,mg/L,1700,ug/L,,03/31/2021
PR0026310,001,00600,"Nitrogen, total [as N]",1410,C3,MAX,Concentration3,ug/L,1.41000007,mg/L,1700,ug/L,,04/30/2021
PR0026310,001,00600,"Nitrogen, total [as N]",1040,C3,MAX,Concentration3,ug/L,1.04000005,mg/L,1700,ug/L,,05/31/2021
PR0026310,001,00600,"Nitrogen, total [as N]",523,C3,MAX,Concentration3,ug/L,.52300002,mg/L,1700,ug/L,,06/30/2021
PR0026310,001,00600,"Nitrogen, total [as N]",1185,C3,MAX,Concentration3,ug/L,1.18500006,mg/L,1700,ug/L,,07/31/2021
PR0026310,001,00600,"Nitrogen, total [as N]",2150,C3,MAX,Concentration3,ug/L,2.1500001,mg/L,1700,ug/L,,08/31/2021
PR0026310,001,00600,"Nitrogen, total [as N]",16220,C3,MAX,Concentration3,ug/L,16.22000077,mg/L,1700,ug/L,,09/30/2021
PR0026310,001,00600,"Nitrogen, total [as N]",10300,C3,MAX,Concentration3,ug/L,10.30000049,mg/L,1700,ug/L,,10/31/2021
PR0026310,001,00600,"Nitrogen, total [as N]",2510,C3,MAX,Concentration3,ug/L,2.51000012,mg/L,1700,ug/L,,11/30/2021
PR0026310,001,00600,"Nitrogen, total [as N]",722,C3,MAX,Concentration3,ug/L,.72200003,mg/L,1700,ug/L,,12/31/2021
PR0026310,001,00600,"Nitrogen, total [as N]",NA,C3,MAX,Concentration3,,,mg/L,1700,ug/L,B,01/31/2022
PR0026310,001,00600,"Nitrogen, total [as N]",2000,C3,MAX,Concentration3,ug/L,2.00000009,mg/L,1700,ug/L,,02/28/2022
PR0026310,001,00600,"Nitrogen, total [as N]",13000,C3,MAX,Concentration3,ug/L,13.00000062,mg/L,1700,ug/L,,03/31/2022
PR0026310,001,00600,"Nitrogen, total [as N]",670,C3,MAX,Concentration3,ug/L,.67000003,mg/L,1700,ug/L,,04/30/2022
PR0026310,001,00600,"Nitrogen, total [as N]",4820,C3,MAX,Concentration3,ug/L,4.82000023,mg/L,1700,ug/L,,05/31/2022
PR0026310,001,00600,"Nitrogen, total [as N]",7080,C3,MAX,Concentration3,ug/L,7.08000034,mg/L,1700,ug/L,,06/30/2022
PR0026310,001,00600,"Nitrogen, total [as N]",7920,C3,MAX,Concentration3,ug/L,7.92000038,mg/L,1700,ug/L,,07/31/2022
PR0026310,001,00600,"Nitrogen, total [as N]",7920,C3,MAX,Concentration3,ug/L,7.92000038,mg/L,1700,ug/L,,07/31/2022
PR0026310,001,00600,"Nitrogen, total [as N]",11200,C3,MAX,Concentration3,ug/L,11.20000053,mg/L,1700,ug/L,,08/31/2022
PR0026310,001,00600,"Nitrogen, total [as N]",0,C3,MAX,Concentration3,ug/L,0,mg/L,1700,ug/L,,09/30/2022
PR0026310,001,00600,"Nitrogen, total [as N]",9070,C3,MAX,Concentration3,ug/L,9.07000043,mg/L,1700,ug/L,,10/31/2022
PR0026310,001,00600,"Nitrogen, total [as N]",3570,C3,MAX,Concentration3,ug/L,3.57000017,mg/L,1700,ug/L,,11/30/2022
PR0026310,001,00600,"Nitrogen, total [as N]",16200,C3,MAX,Concentration3,ug/L,16.20000077,mg/L,1700,ug/L,,12/31/2022
PR0026310,001,00600,"Nitrogen, total [as N]",1400,C3,MAX,Concentration3,ug/L,1.40000007,mg/L,1700,ug/L,,01/31/2023
PR0026310,001,00600,"Nitrogen, total [as N]",20800,C3,MAX,Concentration3,ug/L,20.80000099,mg/L,1700,ug/L,,02/28/2023
PR0026310,001,00600,"Nitrogen, total [as N]",31000,C3,MAX,Concentration3,ug/L,31.00000147,mg/L,1700,ug/L,,03/31/2023
PR0026310,001,00600,"Nitrogen, total [as N]",15400,C3,MAX,Concentration3,ug/L,15.40000073,mg/L,1700,ug/L,,04/30/2023
PR0026310,001,00600,"Nitrogen, total [as N]",15400,C3,MAX,Concentration3,ug/L,15.40000073,mg/L,1700,ug/L,,04/30/2023
PR0026310,001,00600,"Nitrogen, total [as N]",24700,C3,MAX,Concentration3,ug/L,24.70000117,mg/L,1700,ug/L,,05/31/2023
PR0026310,001,00600,"Nitrogen, total [as N]",24700,C3,MAX,Concentration3,ug/L,24.70000117,mg/L,1700,ug/L,,05/31/2023
PR0026310,001,00600,"Nitrogen, total [as N]",6060,C3,MAX,Concentration3,ug/L,6.06000029,mg/L,1700,ug/L,,06/30/2023
PR0026310,001,00600,"Nitrogen, total [as N]",16300,C3,MAX,Concentration3,ug/L,16.30000077,mg/L,1700,ug/L,,07/31/2023
PR0026310,001,00600,"Nitrogen, total [as N]",13600,C3,MAX,Concentration3,ug/L,13.60000065,mg/L,1700,ug/L,,08/31/2023
PR0026310,001,00600,"Nitrogen, total [as N]",2620,C3,MAX,Concentration3,ug/L,2.62000012,mg/L,1700,ug/L,,09/30/2023
PR0026310,001,00600,"Nitrogen, total [as N]",1780,C3,MAX,Concentration3,ug/L,1.78000008,mg/L,1700,ug/L,,10/31/2023
PR0026310,001,00600,"Nitrogen, total [as N]",42200,C3,MAX,Concentration3,ug/L,42.200002,mg/L,1700,ug/L,,11/30/2023
PR0026310,001,00600,"Nitrogen, total [as N]",42200,C3,MAX,Concentration3,ug/L,42.200002,mg/L,1700,ug/L,,11/30/2023
PR0026310,001,00600,"Nitrogen, total [as N]",16400,C3,MAX,Concentration3,ug/L,16.40000078,mg/L,1700,ug/L,,12/31/2023
PR0026310,001,00600,"Nitrogen, total [as N]",11000,C3,MAX,Concentration3,ug/L,11.00000052,mg/L,1700,ug/L,,01/31/2024
PR0026310,001,00600,"Nitrogen, total [as N]",10600,C3,MAX,Concentration3,ug/L,10.6000005,mg/L,1700,ug/L,,02/29/2024
PR0026310,001,00600,"Nitrogen, total [as N]",11900,C3,MAX,Concentration3,ug/L,11.90000057,mg/L,1700,ug/L,,03/31/2024
PR0026310,001,00600,"Nitrogen, total [as N]",10300,C3,MAX,Concentration3,ug/L,10.30000049,mg/L,1700,ug/L,,04/30/2024
PR0026310,001,00600,"Nitrogen, total [as N]",17800,C3,MAX,Concentration3,ug/L,17.80000085,mg/L,1700,ug/L,,05/31/2024
PR0026310,001,00600,"Nitrogen, total [as N]",6086,C3,MAX,Concentration3,ug/L,6.08600029,mg/L,1700,ug/L,,06/30/2024
PR0026310,001,00600,"Nitrogen, total [as N]",6520,C3,MAX,Concentration3,ug/L,6.52000031,mg/L,1700,ug/L,,07/31/2024
PR0026310,001,00600,"Nitrogen, total [as N]",13200,C3,MAX,Concentration3,ug/L,13.20000063,mg/L,1700,ug/L,,08/31/2024
PR0026310,001,00600,"Nitrogen, total [as N]",7500,C3,MAX,Concentration3,ug/L,7.50000036,mg/L,1700,ug/L,,09/30/2024
PR0026310,001,00600,"Nitrogen, total [as N]",21100,C3,MAX,Concentration3,ug/L,21.100001,mg/L,1700,ug/L,,10/31/2024
PR0026310,001,00600,"Nitrogen, total [as N]",3940,C3,MAX,Concentration3,ug/L,3.94000019,mg/L,1700,ug/L,,11/30/2024
PR0026310,001,00600,"Nitrogen, total [as N]",11600,C3,MAX,Concentration3,ug/L,11.60000055,mg/L,1700,ug/L,,12/31/2024
PR0026310,001,00600,"Nitrogen, total [as N]",30400,C3,MAX,Concentration3,ug/L,30.40000144,mg/L,1700,ug/L,,01/31/2025
PR0026310,001,00600,"Nitrogen, total [as N]",16200,C3,MAX,Concentration3,ug/L,16.20000077,mg/L,1700,ug/L,,02/28/2025
PR0026310,001,00600,"Nitrogen, total [as N]",16500,C3,MAX,Concentration3,ug/L,16.50000078,mg/L,1700,ug/L,,03/31/2025
PR0026310,001,00600,"Nitrogen, total [as N]",10700,C3,MAX,Concentration3,ug/L,10.70000051,mg/L,1700,ug/L,,04/30/2025
PR0026310,001,00600,"Nitrogen, total [as N]",12000,C3,MAX,Concentration3,ug/L,12.00000057,mg/L,1700,ug/L,,05/31/2025
PR0026310,001,00600,"Nitrogen, total [as N]",80,C3,MAX,Concentration3,ug/L,.08,mg/L,1700,ug/L,,06/30/2025
PR0026310,001,00600,"Nitrogen, total [as N]",19400,C3,MAX,Concentration3,ug/L,19.40000092,mg/L,1700,ug/L,,07/31/2025
PR0026310,001,00600,"Nitrogen, total [as N]",19400,C3,MAX,Concentration3,ug/L,19.40000092,mg/L,1700,ug/L,,07/31/2025
PR0026310,001,00600,"Nitrogen, total [as N]",24600,C3,MAX,Concentration3,ug/L,24.60000117,mg/L,1700,ug/L,,08/31/2025
PR0026310,001,00600,"Nitrogen, total [as N]",21800,C3,MAX,Concentration3,ug/L,21.80000104,mg/L,1700,ug/L,,09/30/2025
PR0026310,001,00600,"Nitrogen, total [as N]",8310,C3,MAX,Concentration3,ug/L,8.31000039,mg/L,1700,ug/L,,10/31/2025
PR0026310,001,00600,"Nitrogen, total [as N]",9420,C3,MAX,Concentration3,ug/L,9.42000045,mg/L,1700,ug/L,,11/30/2025
PR0026310,001,00600,"Nitrogen, total [as N]",NA,C3,MAX,Concentration3,,,mg/L,1700,ug/L,,12/31/2025
PR0026310,001,00630,Nitrite + Nitrate total [as N],60,C3,MAX,Concentration3,ug/L,.06,mg/L,24141,ug/L,,01/31/2020
PR0026310,001,00630,Nitrite + Nitrate total [as N],2800,C3,MAX,Concentration3,ug/L,2.80000013,mg/L,24141,ug/L,,02/29/2020
PR0026310,001,00630,Nitrite + Nitrate total [as N],14000,C3,MAX,Concentration3,ug/L,14.00000066,mg/L,10000,ug/L,,03/31/2020
PR0026310,001,00630,Nitrite + Nitrate total [as N],13700,C3,MAX,Concentration3,ug/L,13.70000065,mg/L,10000,ug/L,,04/30/2020
PR0026310,001,00630,Nitrite + Nitrate total [as N],6200,C3,MAX,Concentration3,ug/L,6.20000029,mg/L,10000,ug/L,,05/31/2020
PR0026310,001,00630,Nitrite + Nitrate total [as N],310,C3,MAX,Concentration3,ug/L,.31000001,mg/L,10000,ug/L,,06/30/2020
PR0026310,001,00630,Nitrite + Nitrate total [as N],1080,C3,MAX,Concentration3,ug/L,1.08000005,mg/L,10000,ug/L,,07/31/2020
PR0026310,001,00630,Nitrite + Nitrate total [as N],16200,C3,MAX,Concentration3,ug/L,16.20000077,mg/L,10000,ug/L,,08/31/2020
PR0026310,001,00630,Nitrite + Nitrate total [as N],4060,C3,MAX,Concentration3,ug/L,4.06000019,mg/L,10000,ug/L,,09/30/2020
PR0026310,001,00630,Nitrite + Nitrate total [as N],2310,C3,MAX,Concentration3,ug/L,2.31000011,mg/L,10000,ug/L,,10/31/2020
PR0026310,001,00630,Nitrite + Nitrate total [as N],3430,C3,MAX,Concentration3,ug/L,3.43000016,mg/L,10000,ug/L,,11/30/2020
PR0026310,001,00630,Nitrite + Nitrate total [as N],11500,C3,MAX,Concentration3,ug/L,11.50000055,mg/L,10000,ug/L,,12/31/2020
PR0026310,001,00630,Nitrite + Nitrate total [as N],12400,C3,MAX,Concentration3,ug/L,12.40000059,mg/L,10000,ug/L,,01/31/2021
PR0026310,001,00630,Nitrite + Nitrate total [as N],320,C3,MAX,Concentration3,ug/L,.32000002,mg/L,10000,ug/L,,02/28/2021
PR0026310,001,00630,Nitrite + Nitrate total [as N],620,C3,MAX,Concentration3,ug/L,.62000003,mg/L,10000,ug/L,,03/31/2021
PR0026310,001,00630,Nitrite + Nitrate total [as N],300,C3,MAX,Concentration3,ug/L,.30000001,mg/L,10000,ug/L,,04/30/2021
PR0026310,001,00630,Nitrite + Nitrate total [as N],7470,C3,MAX,Concentration3,ug/L,7.47000035,mg/L,10000,ug/L,,05/31/2021
PR0026310,001,00630,Nitrite + Nitrate total [as N],4560,C3,MAX,Concentration3,ug/L,4.56000022,mg/L,10000,ug/L,,06/30/2021
PR0026310,001,00630,Nitrite + Nitrate total [as N],0.05,C3,MAX,Concentration3,ug/L,.00005,mg/L,10000,ug/L,,07/31/2021
PR0026310,001,00630,Nitrite + Nitrate total [as N],70,C3,MAX,Concentration3,ug/L,.07,mg/L,10000,ug/L,,08/31/2021
PR0026310,001,00630,Nitrite + Nitrate total [as N],520,C3,MAX,Concentration3,ug/L,.52000002,mg/L,10000,ug/L,,09/30/2021
PR0026310,001,00630,Nitrite + Nitrate total [as N],10100,C3,MAX,Concentration3,ug/L,10.10000048,mg/L,10000,ug/L,,10/31/2021
PR0026310,001,00630,Nitrite + Nitrate total [as N],2470,C3,MAX,Concentration3,ug/L,2.47000012,mg/L,10000,ug/L,,11/30/2021
PR0026310,001,00630,Nitrite + Nitrate total [as N],7020,C3,MAX,Concentration3,ug/L,7.02000033,mg/L,10000,ug/L,,12/31/2021
PR0026310,001,00630,Nitrite + Nitrate total [as N],22300,C3,MAX,Concentration3,ug/L,22.30000106,mg/L,10000,ug/L,,01/31/2022
PR0026310,001,00630,Nitrite + Nitrate total [as N],14700,C3,MAX,Concentration3,ug/L,14.7000007,mg/L,10000,ug/L,,02/28/2022
PR0026310,001,00630,Nitrite + Nitrate total [as N],13000,C3,MAX,Concentration3,ug/L,13.00000062,mg/L,10000,ug/L,,03/31/2022
PR0026310,001,00630,Nitrite + Nitrate total [as N],8210,C3,MAX,Concentration3,ug/L,8.21000039,mg/L,10000,ug/L,,04/30/2022
PR0026310,001,00630,Nitrite + Nitrate total [as N],3890,C3,MAX,Concentration3,ug/L,3.89000018,mg/L,10000,ug/L,,05/31/2022
PR0026310,001,00630,Nitrite + Nitrate total [as N],6330,C3,MAX,Concentration3,ug/L,6.3300003,mg/L,10000,ug/L,,06/30/2022
PR0026310,001,00630,Nitrite + Nitrate total [as N],7920,C3,MAX,Concentration3,ug/L,7.92000038,mg/L,10000,ug/L,,07/31/2022
PR0026310,001,00630,Nitrite + Nitrate total [as N],10400,C3,MAX,Concentration3,ug/L,10.40000049,mg/L,10000,ug/L,,08/31/2022
PR0026310,001,00630,Nitrite + Nitrate total [as N],6050,C3,MAX,Concentration3,ug/L,6.05000029,mg/L,10000,ug/L,,09/30/2022
PR0026310,001,00630,Nitrite + Nitrate total [as N],1480,C3,MAX,Concentration3,ug/L,1.48000007,mg/L,10000,ug/L,,10/31/2022
PR0026310,001,00630,Nitrite + Nitrate total [as N],3010,C3,MAX,Concentration3,ug/L,3.01000014,mg/L,10000,ug/L,,11/30/2022
PR0026310,001,00630,Nitrite + Nitrate total [as N],15100,C3,MAX,Concentration3,ug/L,15.10000072,mg/L,10000,ug/L,,12/31/2022
PR0026310,001,00630,Nitrite + Nitrate total [as N],10400,C3,MAX,Concentration3,ug/L,10.40000049,mg/L,10000,ug/L,,01/31/2023
PR0026310,001,00630,Nitrite + Nitrate total [as N],20400,C3,MAX,Concentration3,ug/L,20.40000097,mg/L,10000,ug/L,,02/28/2023
PR0026310,001,00630,Nitrite + Nitrate total [as N],30500,C3,MAX,Concentration3,ug/L,30.50000145,mg/L,10000,ug/L,,03/31/2023
PR0026310,001,00630,Nitrite + Nitrate total [as N],11500,C3,MAX,Concentration3,ug/L,11.50000055,mg/L,10000,ug/L,,04/30/2023
PR0026310,001,00630,Nitrite + Nitrate total [as N],11500,C3,MAX,Concentration3,ug/L,11.50000055,mg/L,10000,ug/L,,04/30/2023
PR0026310,001,00630,Nitrite + Nitrate total [as N],23900,C3,MAX,Concentration3,ug/L,23.90000114,mg/L,10000,ug/L,,05/31/2023
PR0026310,001,00630,Nitrite + Nitrate total [as N],23900,C3,MAX,Concentration3,ug/L,23.90000114,mg/L,10000,ug/L,,05/31/2023
PR0026310,001,00630,Nitrite + Nitrate total [as N],6060,C3,MAX,Concentration3,ug/L,6.06000029,mg/L,10000,ug/L,,06/30/2023
PR0026310,001,00630,Nitrite + Nitrate total [as N],2080,C3,MAX,Concentration3,ug/L,2.0800001,mg/L,10000,ug/L,,07/31/2023
PR0026310,001,00630,Nitrite + Nitrate total [as N],4460,C3,MAX,Concentration3,ug/L,4.46000021,mg/L,10000,ug/L,,08/31/2023
PR0026310,001,00630,Nitrite + Nitrate total [as N],2620,C3,MAX,Concentration3,ug/L,2.62000012,mg/L,10000,ug/L,,09/30/2023
PR0026310,001,00630,Nitrite + Nitrate total [as N],1630,C3,MAX,Concentration3,ug/L,1.63000008,mg/L,10000,ug/L,,10/31/2023
PR0026310,001,00630,Nitrite + Nitrate total [as N],7920,C3,MAX,Concentration3,ug/L,7.92000038,mg/L,10000,ug/L,,11/30/2023
PR0026310,001,00630,Nitrite + Nitrate total [as N],15500,C3,MAX,Concentration3,ug/L,15.50000074,mg/L,10000,ug/L,,12/31/2023
PR0026310,001,00630,Nitrite + Nitrate total [as N],9300,C3,MAX,Concentration3,ug/L,9.30000044,mg/L,10000,ug/L,,01/31/2024
PR0026310,001,00630,Nitrite + Nitrate total [as N],9130,C3,MAX,Concentration3,ug/L,9.13000043,mg/L,10000,ug/L,,02/29/2024
PR0026310,001,00630,Nitrite + Nitrate total [as N],360,C3,MAX,Concentration3,ug/L,.36000002,mg/L,10000,ug/L,,03/31/2024
PR0026310,001,00630,Nitrite + Nitrate total [as N],1620,C3,MAX,Concentration3,ug/L,1.62000008,mg/L,10000,ug/L,,04/30/2024
PR0026310,001,00630,Nitrite + Nitrate total [as N],5110,C3,MAX,Concentration3,ug/L,5.11000024,mg/L,10000,ug/L,,05/31/2024
PR0026310,001,00630,Nitrite + Nitrate total [as N],5660,C3,MAX,Concentration3,ug/L,5.66000027,mg/L,10000,ug/L,,06/30/2024
PR0026310,001,00630,Nitrite + Nitrate total [as N],870,C3,MAX,Concentration3,ug/L,.87000004,mg/L,10000,ug/L,,07/31/2024
PR0026310,001,00630,Nitrite + Nitrate total [as N],2620,C3,MAX,Concentration3,ug/L,2.62000012,mg/L,10000,ug/L,,08/31/2024
PR0026310,001,00630,Nitrite + Nitrate total [as N],6810,C3,MAX,Concentration3,ug/L,6.81000032,mg/L,10000,ug/L,,09/30/2024
PR0026310,001,00630,Nitrite + Nitrate total [as N],20200,C3,MAX,Concentration3,ug/L,20.20000096,mg/L,10000,ug/L,,10/31/2024
PR0026310,001,00630,Nitrite + Nitrate total [as N],3500,C3,MAX,Concentration3,ug/L,3.50000017,mg/L,10000,ug/L,,11/30/2024
PR0026310,001,00630,Nitrite + Nitrate total [as N],890,C3,MAX,Concentration3,ug/L,.89000004,mg/L,10000,ug/L,,12/31/2024
PR0026310,001,00630,Nitrite + Nitrate total [as N],190,C3,MAX,Concentration3,ug/L,.19000001,mg/L,10000,ug/L,,01/31/2025
PR0026310,001,00630,Nitrite + Nitrate total [as N],20,C3,MAX,Concentration3,ug/L,.02,mg/L,10000,ug/L,,02/28/2025
PR0026310,001,00630,Nitrite + Nitrate total [as N],5970,C3,MAX,Concentration3,ug/L,5.97000028,mg/L,10000,ug/L,,03/31/2025
PR0026310,001,00630,Nitrite + Nitrate total [as N],6850,C3,MAX,Concentration3,ug/L,6.85000033,mg/L,10000,ug/L,,04/30/2025
PR0026310,001,00630,Nitrite + Nitrate total [as N],10900,C3,MAX,Concentration3,ug/L,10.90000052,mg/L,10000,ug/L,,05/31/2025
PR0026310,001,00630,Nitrite + Nitrate total [as N],7700,C3,MAX,Concentration3,ug/L,7.70000037,mg/L,10000,ug/L,,06/30/2025
PR0026310,001,00630,Nitrite + Nitrate total [as N],590,C3,MAX,Concentration3,ug/L,.59000003,mg/L,10000,ug/L,,07/31/2025
PR0026310,001,00630,Nitrite + Nitrate total [as N],310,C3,MAX,Concentration3,ug/L,.31000001,mg/L,10000,ug/L,,08/31/2025
PR0026310,001,00630,Nitrite + Nitrate total [as N],19,C3,MAX,Concentration3,ug/L,.019,mg/L,10000,ug/L,,09/30/2025
PR0026310,001,00630,Nitrite + Nitrate total [as N],8310,C3,MAX,Concentration3,ug/L,8.31000039,mg/L,10000,ug/L,,10/31/2025
PR0026310,001,00630,Nitrite + Nitrate total [as N],8760,C3,MAX,Concentration3,ug/L,8.76000042,mg/L,10000,ug/L,,11/30/2025
PR0026310,001,00630,Nitrite + Nitrate total [as N],NA,C3,MAX,Concentration3,,,mg/L,10000,ug/L,,12/31/2025
PR0026310,001,00665,"Phosphorus, total [as P]",0.1,C3,MAX,Concentration3,ug/L,.0001,mg/L,,ug/L,,01/31/2020
PR0026310,001,00665,"Phosphorus, total [as P]",4270,C3,MAX,Concentration3,ug/L,4.2700002,mg/L,,ug/L,,02/29/2020
PR0026310,001,00665,"Phosphorus, total [as P]",350,C3,MAX,Concentration3,ug/L,.35000002,mg/L,,ug/L,,03/31/2020
PR0026310,001,00665,"Phosphorus, total [as P]",1100,C3,MAX,Concentration3,ug/L,1.10000005,mg/L,,ug/L,,04/30/2020
PR0026310,001,00665,"Phosphorus, total [as P]",380,C3,MAX,Concentration3,ug/L,.38000002,mg/L,,ug/L,,05/31/2020
PR0026310,001,00665,"Phosphorus, total [as P]",4.73,C3,MAX,Concentration3,ug/L,.00473,mg/L,,ug/L,,06/30/2020
PR0026310,001,00665,"Phosphorus, total [as P]",1.11,C3,MAX,Concentration3,ug/L,.00111,mg/L,,ug/L,,07/31/2020
PR0026310,001,00665,"Phosphorus, total [as P]",1.5,C3,MAX,Concentration3,ug/L,.0015,mg/L,,ug/L,,08/31/2020
PR0026310,001,00665,"Phosphorus, total [as P]",1030,C3,MAX,Concentration3,ug/L,1.03000005,mg/L,,ug/L,,09/30/2020
PR0026310,001,00665,"Phosphorus, total [as P]",240,C3,MAX,Concentration3,ug/L,.24000001,mg/L,,ug/L,,10/31/2020
PR0026310,001,00665,"Phosphorus, total [as P]",1.27,C3,MAX,Concentration3,ug/L,.00127,mg/L,,ug/L,,11/30/2020
PR0026310,001,00665,"Phosphorus, total [as P]",2.68,C3,MAX,Concentration3,ug/L,.00268,mg/L,,ug/L,,12/31/2020
PR0026310,001,00665,"Phosphorus, total [as P]",2620,C3,MAX,Concentration3,ug/L,2.62000012,mg/L,,ug/L,,01/31/2021
PR0026310,001,00665,"Phosphorus, total [as P]",0.26,C3,MAX,Concentration3,ug/L,.00026,mg/L,,ug/L,,02/28/2021
PR0026310,001,00665,"Phosphorus, total [as P]",470,C3,MAX,Concentration3,ug/L,.47000002,mg/L,,ug/L,,03/31/2021
PR0026310,001,00665,"Phosphorus, total [as P]",1.2,C3,MAX,Concentration3,ug/L,.0012,mg/L,,ug/L,,04/30/2021
PR0026310,001,00665,"Phosphorus, total [as P]",2.44,C3,MAX,Concentration3,ug/L,.00244,mg/L,,ug/L,,05/31/2021
PR0026310,001,00665,"Phosphorus, total [as P]",6680,C3,MAX,Concentration3,ug/L,6.68000032,mg/L,,ug/L,,06/30/2021
PR0026310,001,00665,"Phosphorus, total [as P]",17400,C3,MAX,Concentration3,ug/L,17.40000083,mg/L,,ug/L,,07/31/2021
PR0026310,001,00665,"Phosphorus, total [as P]",251,C3,MAX,Concentration3,ug/L,.25100001,mg/L,,ug/L,,08/31/2021
PR0026310,001,00665,"Phosphorus, total [as P]",200,C3,MAX,Concentration3,ug/L,.20000001,mg/L,,ug/L,,09/30/2021
PR0026310,001,00665,"Phosphorus, total [as P]",2780,C3,MAX,Concentration3,ug/L,2.78000013,mg/L,,ug/L,,10/31/2021
PR0026310,001,00665,"Phosphorus, total [as P]",25.7,C3,MAX,Concentration3,ug/L,.0257,mg/L,,ug/L,,11/30/2021
PR0026310,001,00665,"Phosphorus, total [as P]",3700,C3,MAX,Concentration3,ug/L,3.70000018,mg/L,,ug/L,,12/31/2021
PR0026310,001,00665,"Phosphorus, total [as P]",3260,C3,MAX,Concentration3,ug/L,3.26000015,mg/L,,ug/L,,01/31/2022
PR0026310,001,00665,"Phosphorus, total [as P]",6080,C3,MAX,Concentration3,ug/L,6.08000029,mg/L,,ug/L,,02/28/2022
PR0026310,001,00665,"Phosphorus, total [as P]",4.83,C3,MAX,Concentration3,ug/L,.00483,mg/L,,ug/L,,03/31/2022
PR0026310,001,00665,"Phosphorus, total [as P]",3400,C3,MAX,Concentration3,ug/L,3.40000016,mg/L,,ug/L,,04/30/2022
PR0026310,001,00665,"Phosphorus, total [as P]",3780,C3,MAX,Concentration3,ug/L,3.78000018,mg/L,,ug/L,,05/31/2022
PR0026310,001,00665,"Phosphorus, total [as P]",3280,C3,MAX,Concentration3,ug/L,3.28000016,mg/L,,ug/L,,06/30/2022
PR0026310,001,00665,"Phosphorus, total [as P]",1170,C3,MAX,Concentration3,ug/L,1.17000006,mg/L,,ug/L,,07/31/2022
PR0026310,001,00665,"Phosphorus, total [as P]",2530,C3,MAX,Concentration3,ug/L,2.53000012,mg/L,,ug/L,,08/31/2022
PR0026310,001,00665,"Phosphorus, total [as P]",2420,C3,MAX,Concentration3,ug/L,2.42000011,mg/L,,ug/L,,09/30/2022
PR0026310,001,00665,"Phosphorus, total [as P]",1080,C3,MAX,Concentration3,ug/L,1.08000005,mg/L,,ug/L,,10/31/2022
PR0026310,001,00665,"Phosphorus, total [as P]",1000,C3,MAX,Concentration3,ug/L,1.00000005,mg/L,,ug/L,,11/30/2022
PR0026310,001,00665,"Phosphorus, total [as P]",1510,C3,MAX,Concentration3,ug/L,1.51000007,mg/L,,ug/L,,12/31/2022
PR0026310,001,00665,"Phosphorus, total [as P]",36,C3,MAX,Concentration3,ug/L,.036,mg/L,,ug/L,,01/31/2023
PR0026310,001,00665,"Phosphorus, total [as P]",6140,C3,MAX,Concentration3,ug/L,6.14000029,mg/L,,ug/L,,02/28/2023
PR0026310,001,00665,"Phosphorus, total [as P]",4510,C3,MAX,Concentration3,ug/L,4.51000021,mg/L,,ug/L,,03/31/2023
PR0026310,001,00665,"Phosphorus, total [as P]",3710,C3,MAX,Concentration3,ug/L,3.71000018,mg/L,,ug/L,,04/30/2023
PR0026310,001,00665,"Phosphorus, total [as P]",4160,C3,MAX,Concentration3,ug/L,4.1600002,mg/L,,ug/L,,05/31/2023
PR0026310,001,00665,"Phosphorus, total [as P]",0.01,C3,MAX,Concentration3,ug/L,.00001,mg/L,,ug/L,,06/30/2023
PR0026310,001,00665,"Phosphorus, total [as P]",1070,C3,MAX,Concentration3,ug/L,1.07000005,mg/L,,ug/L,,07/31/2023
PR0026310,001,00665,"Phosphorus, total [as P]",3750,C3,MAX,Concentration3,ug/L,3.75000018,mg/L,,ug/L,,08/31/2023
PR0026310,001,00665,"Phosphorus, total [as P]",576,C3,MAX,Concentration3,ug/L,.57600003,mg/L,,ug/L,,09/30/2023
PR0026310,001,00665,"Phosphorus, total [as P]",312,C3,MAX,Concentration3,ug/L,.31200001,mg/L,,ug/L,,10/31/2023
PR0026310,001,00665,"Phosphorus, total [as P]",870,C3,MAX,Concentration3,ug/L,.87000004,mg/L,,ug/L,,11/30/2023
PR0026310,001,00665,"Phosphorus, total [as P]",7170,C3,MAX,Concentration3,ug/L,7.17000034,mg/L,,ug/L,,12/31/2023
PR0026310,001,00665,"Phosphorus, total [as P]",990,C3,MAX,Concentration3,ug/L,.99000005,mg/L,,ug/L,,01/31/2024
PR0026310,001,00665,"Phosphorus, total [as P]",1260,C3,MAX,Concentration3,ug/L,1.26000006,mg/L,,ug/L,,02/29/2024
PR0026310,001,00665,"Phosphorus, total [as P]",1160,C3,MAX,Concentration3,ug/L,1.16000006,mg/L,,ug/L,,03/31/2024
PR0026310,001,00665,"Phosphorus, total [as P]",540,C3,MAX,Concentration3,ug/L,.54000003,mg/L,,ug/L,,04/30/2024
PR0026310,001,00665,"Phosphorus, total [as P]",1190,C3,MAX,Concentration3,ug/L,1.19000006,mg/L,,ug/L,,05/31/2024
PR0026310,001,00665,"Phosphorus, total [as P]",810,C3,MAX,Concentration3,ug/L,.81000004,mg/L,,ug/L,,06/30/2024
PR0026310,001,00665,"Phosphorus, total [as P]",210,C3,MAX,Concentration3,ug/L,.21000001,mg/L,,ug/L,,07/31/2024
PR0026310,001,00665,"Phosphorus, total [as P]",340,C3,MAX,Concentration3,ug/L,.34000002,mg/L,,ug/L,,08/31/2024
PR0026310,001,00665,"Phosphorus, total [as P]",920,C3,MAX,Concentration3,ug/L,.92000004,mg/L,,ug/L,,09/30/2024
PR0026310,001,00665,"Phosphorus, total [as P]",2820,C3,MAX,Concentration3,ug/L,2.82000013,mg/L,,ug/L,,10/31/2024
PR0026310,001,00665,"Phosphorus, total [as P]",530,C3,MAX,Concentration3,ug/L,.53000003,mg/L,,ug/L,,11/30/2024
PR0026310,001,00665,"Phosphorus, total [as P]",320,C3,MAX,Concentration3,ug/L,.32000002,mg/L,,ug/L,,12/31/2024
PR0026310,001,00665,"Phosphorus, total [as P]",1200,C3,MAX,Concentration3,ug/L,1.20000006,mg/L,,ug/L,,01/31/2025
PR0026310,001,00665,"Phosphorus, total [as P]",2090,C3,MAX,Concentration3,ug/L,2.0900001,mg/L,,ug/L,,02/28/2025
PR0026310,001,00665,"Phosphorus, total [as P]",920,C3,MAX,Concentration3,ug/L,.92000004,mg/L,,ug/L,,03/31/2025
PR0026310,001,00665,"Phosphorus, total [as P]",4040,C3,MAX,Concentration3,ug/L,4.04000019,mg/L,,ug/L,,04/30/2025
PR0026310,001,00665,"Phosphorus, total [as P]",15400,C3,MAX,Concentration3,ug/L,15.40000073,mg/L,,ug/L,,05/31/2025
PR0026310,001,00665,"Phosphorus, total [as P]",2630,C3,MAX,Concentration3,ug/L,2.63000012,mg/L,,ug/L,,06/30/2025
PR0026310,001,00665,"Phosphorus, total [as P]",520,C3,MAX,Concentration3,ug/L,.52000002,mg/L,,ug/L,,07/31/2025
PR0026310,001,00665,"Phosphorus, total [as P]",690,C3,MAX,Concentration3,ug/L,.69000003,mg/L,,ug/L,,08/31/2025
PR0026310,001,00665,"Phosphorus, total [as P]",117,C3,MAX,Concentration3,ug/L,.11700001,mg/L,,ug/L,,09/30/2025
PR0026310,001,00665,"Phosphorus, total [as P]",2740,C3,MAX,Concentration3,ug/L,2.74000013,mg/L,,ug/L,,10/31/2025
PR0026310,001,00665,"Phosphorus, total [as P]",2480,C3,MAX,Concentration3,ug/L,2.48000012,mg/L,,ug/L,,11/30/2025
PR0026310,001,00665,"Phosphorus, total [as P]",NA,C3,MAX,Concentration3,,,mg/L,,ug/L,,12/31/2025
PR0026310,001,00945,"Sulfate, total [as SO4]",19.8,C3,MAX,Concentration3,mg/L,19.8,mg/L,,mg/L,,01/31/2020
PR0026310,001,00945,"Sulfate, total [as SO4]",23.6,C3,MAX,Concentration3,mg/L,23.6,mg/L,,mg/L,,02/29/2020
PR0026310,001,00945,"Sulfate, total [as SO4]",20.4,C3,MAX,Concentration3,mg/L,20.4,mg/L,,mg/L,,03/31/2020
PR0026310,001,00945,"Sulfate, total [as SO4]",15.1,C3,MAX,Concentration3,mg/L,15.1,mg/L,,mg/L,,04/30/2020
PR0026310,001,00945,"Sulfate, total [as SO4]",15.4,C3,MAX,Concentration3,mg/L,15.4,mg/L,,mg/L,,05/31/2020
PR0026310,001,00945,"Sulfate, total [as SO4]",23.7,C3,MAX,Concentration3,mg/L,23.7,mg/L,,mg/L,,06/30/2020
PR0026310,001,00945,"Sulfate, total [as SO4]",21.9,C3,MAX,Concentration3,mg/L,21.9,mg/L,,mg/L,,07/31/2020
PR0026310,001,00945,"Sulfate, total [as SO4]",21.9,C3,MAX,Concentration3,mg/L,21.9,mg/L,,mg/L,,08/31/2020
PR0026310,001,00945,"Sulfate, total [as SO4]",21.4,C3,MAX,Concentration3,mg/L,21.4,mg/L,,mg/L,,09/30/2020
PR0026310,001,00945,"Sulfate, total [as SO4]",18.1,C3,MAX,Concentration3,mg/L,18.1,mg/L,,mg/L,,10/31/2020
PR0026310,001,00945,"Sulfate, total [as SO4]",11.8,C3,MAX,Concentration3,mg/L,11.8,mg/L,,mg/L,,11/30/2020
PR0026310,001,00945,"Sulfate, total [as SO4]",20.97,C3,MAX,Concentration3,mg/L,20.97,mg/L,,mg/L,,12/31/2020
PR0026310,001,00945,"Sulfate, total [as SO4]",20.5,C3,MAX,Concentration3,mg/L,20.5,mg/L,,mg/L,,01/31/2021
PR0026310,001,00945,"Sulfate, total [as SO4]",18.3,C3,MAX,Concentration3,mg/L,18.3,mg/L,,mg/L,,02/28/2021
PR0026310,001,00945,"Sulfate, total [as SO4]",21.3,C3,MAX,Concentration3,mg/L,21.3,mg/L,,mg/L,,03/31/2021
PR0026310,001,00945,"Sulfate, total [as SO4]",20.14,C3,MAX,Concentration3,mg/L,20.14,mg/L,,mg/L,,04/30/2021
PR0026310,001,00945,"Sulfate, total [as SO4]",36.59,C3,MAX,Concentration3,mg/L,36.59,mg/L,,mg/L,,05/31/2021
PR0026310,001,00945,"Sulfate, total [as SO4]",22.5,C3,MAX,Concentration3,mg/L,22.5,mg/L,,mg/L,,06/30/2021
PR0026310,001,00945,"Sulfate, total [as SO4]",17,C3,MAX,Concentration3,mg/L,17,mg/L,,mg/L,,07/31/2021
PR0026310,001,00945,"Sulfate, total [as SO4]",17.9,C3,MAX,Concentration3,mg/L,17.9,mg/L,,mg/L,,08/31/2021
PR0026310,001,00945,"Sulfate, total [as SO4]",23.2,C3,MAX,Concentration3,mg/L,23.2,mg/L,,mg/L,,09/30/2021
PR0026310,001,00945,"Sulfate, total [as SO4]",18.5,C3,MAX,Concentration3,mg/L,18.5,mg/L,,mg/L,,10/31/2021
PR0026310,001,00945,"Sulfate, total [as SO4]",18.27,C3,MAX,Concentration3,mg/L,18.27,mg/L,,mg/L,,11/30/2021
PR0026310,001,00945,"Sulfate, total [as SO4]",19.6,C3,MAX,Concentration3,mg/L,19.6,mg/L,,mg/L,,12/31/2021
PR0026310,001,00945,"Sulfate, total [as SO4]",16.1,C3,MAX,Concentration3,mg/L,16.1,mg/L,,mg/L,,01/31/2022
PR0026310,001,00945,"Sulfate, total [as SO4]",13.8,C3,MAX,Concentration3,mg/L,13.8,mg/L,,mg/L,,02/28/2022
PR0026310,001,00945,"Sulfate, total [as SO4]",13.6,C3,MAX,Concentration3,mg/L,13.6,mg/L,,mg/L,,03/31/2022
PR0026310,001,00945,"Sulfate, total [as SO4]",16.7,C3,MAX,Concentration3,mg/L,16.7,mg/L,,mg/L,,04/30/2022
PR0026310,001,00945,"Sulfate, total [as SO4]",13,C3,MAX,Concentration3,mg/L,13,mg/L,,mg/L,,05/31/2022
PR0026310,001,00945,"Sulfate, total [as SO4]",19.7,C3,MAX,Concentration3,mg/L,19.7,mg/L,,mg/L,,06/30/2022
PR0026310,001,00945,"Sulfate, total [as SO4]",14.8,C3,MAX,Concentration3,mg/L,14.8,mg/L,,mg/L,,07/31/2022
PR0026310,001,00945,"Sulfate, total [as SO4]",17.5,C3,MAX,Concentration3,mg/L,17.5,mg/L,,mg/L,,08/31/2022
PR0026310,001,00945,"Sulfate, total [as SO4]",13,C3,MAX,Concentration3,mg/L,13,mg/L,,mg/L,,09/30/2022
PR0026310,001,00945,"Sulfate, total [as SO4]",10.8,C3,MAX,Concentration3,mg/L,10.8,mg/L,,mg/L,,10/31/2022
PR0026310,001,00945,"Sulfate, total [as SO4]",10.6,C3,MAX,Concentration3,mg/L,10.6,mg/L,,mg/L,,11/30/2022
PR0026310,001,00945,"Sulfate, total [as SO4]",13.8,C3,MAX,Concentration3,mg/L,13.8,mg/L,,mg/L,,12/31/2022
PR0026310,001,00945,"Sulfate, total [as SO4]",1220,C3,MAX,Concentration3,mg/L,1220,mg/L,,mg/L,,01/31/2023
PR0026310,001,00945,"Sulfate, total [as SO4]",16.5,C3,MAX,Concentration3,mg/L,16.5,mg/L,,mg/L,,02/28/2023
PR0026310,001,00945,"Sulfate, total [as SO4]",15.7,C3,MAX,Concentration3,mg/L,15.7,mg/L,,mg/L,,03/31/2023
PR0026310,001,00945,"Sulfate, total [as SO4]",21.7,C3,MAX,Concentration3,mg/L,21.7,mg/L,,mg/L,,04/30/2023
PR0026310,001,00945,"Sulfate, total [as SO4]",17.8,C3,MAX,Concentration3,mg/L,17.8,mg/L,,mg/L,,05/31/2023
PR0026310,001,00945,"Sulfate, total [as SO4]",15.9,C3,MAX,Concentration3,mg/L,15.9,mg/L,,mg/L,,06/30/2023
PR0026310,001,00945,"Sulfate, total [as SO4]",18.3,C3,MAX,Concentration3,mg/L,18.3,mg/L,,mg/L,,07/31/2023
PR0026310,001,00945,"Sulfate, total [as SO4]",20.8,C3,MAX,Concentration3,mg/L,20.8,mg/L,,mg/L,,08/31/2023
PR0026310,001,00945,"Sulfate, total [as SO4]",16.1,C3,MAX,Concentration3,mg/L,16.1,mg/L,,mg/L,,09/30/2023
PR0026310,001,00945,"Sulfate, total [as SO4]",13.6,C3,MAX,Concentration3,mg/L,13.6,mg/L,,mg/L,,10/31/2023
PR0026310,001,00945,"Sulfate, total [as SO4]",11.5,C3,MAX,Concentration3,mg/L,11.5,mg/L,,mg/L,,11/30/2023
PR0026310,001,00945,"Sulfate, total [as SO4]",12.9,C3,MAX,Concentration3,mg/L,12.9,mg/L,,mg/L,,12/31/2023
PR0026310,001,00945,"Sulfate, total [as SO4]",18.7,C3,MAX,Concentration3,mg/L,18.7,mg/L,,mg/L,,01/31/2024
PR0026310,001,00945,"Sulfate, total [as SO4]",9.5,C3,MAX,Concentration3,mg/L,9.5,mg/L,,mg/L,,02/29/2024
PR0026310,001,00945,"Sulfate, total [as SO4]",12.3,C3,MAX,Concentration3,mg/L,12.3,mg/L,,mg/L,,03/31/2024
PR0026310,001,00945,"Sulfate, total [as SO4]",17.6,C3,MAX,Concentration3,mg/L,17.6,mg/L,,mg/L,,04/30/2024
PR0026310,001,00945,"Sulfate, total [as SO4]",10.5,C3,MAX,Concentration3,mg/L,10.5,mg/L,,mg/L,,05/31/2024
PR0026310,001,00945,"Sulfate, total [as SO4]",14.3,C3,MAX,Concentration3,mg/L,14.3,mg/L,,mg/L,,06/30/2024
PR0026310,001,00945,"Sulfate, total [as SO4]",17.3,C3,MAX,Concentration3,mg/L,17.3,mg/L,,mg/L,,07/31/2024
PR0026310,001,00945,"Sulfate, total [as SO4]",15.3,C3,MAX,Concentration3,mg/L,15.3,mg/L,,mg/L,,08/31/2024
PR0026310,001,00945,"Sulfate, total [as SO4]",16.3,C3,MAX,Concentration3,mg/L,16.3,mg/L,,mg/L,,09/30/2024
PR0026310,001,00945,"Sulfate, total [as SO4]",16.4,C3,MAX,Concentration3,mg/L,16.4,mg/L,,mg/L,,10/31/2024
PR0026310,001,00945,"Sulfate, total [as SO4]",8.8,C3,MAX,Concentration3,mg/L,8.8,mg/L,,mg/L,,11/30/2024
PR0026310,001,00945,"Sulfate, total [as SO4]",16.3,C3,MAX,Concentration3,mg/L,16.3,mg/L,,mg/L,,12/31/2024
PR0026310,001,00945,"Sulfate, total [as SO4]",20.6,C3,MAX,Concentration3,mg/L,20.6,mg/L,,mg/L,,01/31/2025
PR0026310,001,00945,"Sulfate, total [as SO4]",16.147,C3,MAX,Concentration3,mg/L,16.147,mg/L,,mg/L,,02/28/2025
PR0026310,001,00945,"Sulfate, total [as SO4]",20.5,C3,MAX,Concentration3,mg/L,20.5,mg/L,,mg/L,,03/31/2025
PR0026310,001,00945,"Sulfate, total [as SO4]",20.2,C3,MAX,Concentration3,mg/L,20.2,mg/L,,mg/L,,04/30/2025
PR0026310,001,00945,"Sulfate, total [as SO4]",11.9,C3,MAX,Concentration3,mg/L,11.9,mg/L,,mg/L,,05/31/2025
PR0026310,001,00945,"Sulfate, total [as SO4]",15.6,C3,MAX,Concentration3,mg/L,15.6,mg/L,,mg/L,,06/30/2025
PR0026310,001,00945,"Sulfate, total [as SO4]",16.5,C3,MAX,Concentration3,mg/L,16.5,mg/L,,mg/L,,07/31/2025
PR0026310,001,00945,"Sulfate, total [as SO4]",16.9,C3,MAX,Concentration3,mg/L,16.9,mg/L,,mg/L,,08/31/2025
PR0026310,001,00945,"Sulfate, total [as SO4]",19.7,C3,MAX,Concentration3,mg/L,19.7,mg/L,,mg/L,,09/30/2025
PR0026310,001,00945,"Sulfate, total [as SO4]",15.1,C3,MAX,Concentration3,mg/L,15.1,mg/L,,mg/L,,10/31/2025
PR0026310,001,00945,"Sulfate, total [as SO4]",25,C3,MAX,Concentration3,mg/L,25,mg/L,,mg/L,,11/30/2025
PR0026310,001,00945,"Sulfate, total [as SO4]",NA,C3,MAX,Concentration3,,,mg/L,,mg/L,,12/31/2025
PR0026310,001,38260,Surfactants [MBAS],358,C3,MAX,Concentration3,ug/L,.35800002,mg/L,100,ug/L,,01/31/2020
PR0026310,001,38260,Surfactants [MBAS],107,C3,MAX,Concentration3,ug/L,.10700001,mg/L,100,ug/L,,02/29/2020
PR0026310,001,38260,Surfactants [MBAS],0.15,C3,MAX,Concentration3,ug/L,.00015,mg/L,100,ug/L,,03/31/2020
PR0026310,001,38260,Surfactants [MBAS],0.01,C3,MAX,Concentration3,ug/L,.00001,mg/L,100,ug/L,,04/30/2020
PR0026310,001,38260,Surfactants [MBAS],24,C3,MAX,Concentration3,ug/L,.024,mg/L,100,ug/L,,05/31/2020
PR0026310,001,38260,Surfactants [MBAS],1.08,C3,MAX,Concentration3,ug/L,.00108,mg/L,100,ug/L,,06/30/2020
PR0026310,001,38260,Surfactants [MBAS],3.8,C3,MAX,Concentration3,ug/L,.0038,mg/L,100,ug/L,,07/31/2020
PR0026310,001,38260,Surfactants [MBAS],29,C3,MAX,Concentration3,ug/L,.029,mg/L,100,ug/L,,08/31/2020
PR0026310,001,38260,Surfactants [MBAS],11,C3,MAX,Concentration3,ug/L,.011,mg/L,100,ug/L,,09/30/2020
PR0026310,001,38260,Surfactants [MBAS],26,C3,MAX,Concentration3,ug/L,.026,mg/L,100,ug/L,,10/31/2020
PR0026310,001,38260,Surfactants [MBAS],0.01,C3,MAX,Concentration3,ug/L,.00001,mg/L,100,ug/L,,11/30/2020
PR0026310,001,38260,Surfactants [MBAS],27,C3,MAX,Concentration3,ug/L,.027,mg/L,100,ug/L,,12/31/2020
PR0026310,001,38260,Surfactants [MBAS],29,C3,MAX,Concentration3,ug/L,.029,mg/L,100,ug/L,,01/31/2021
PR0026310,001,38260,Surfactants [MBAS],33,C3,MAX,Concentration3,ug/L,.033,mg/L,100,ug/L,,02/28/2021
PR0026310,001,38260,Surfactants [MBAS],111,C3,MAX,Concentration3,ug/L,.11100001,mg/L,100,ug/L,,03/31/2021
PR0026310,001,38260,Surfactants [MBAS],22,C3,MAX,Concentration3,ug/L,.022,mg/L,100,ug/L,,04/30/2021
PR0026310,001,38260,Surfactants [MBAS],20,C3,MAX,Concentration3,ug/L,.02,mg/L,100,ug/L,,05/31/2021
PR0026310,001,38260,Surfactants [MBAS],57,C3,MAX,Concentration3,ug/L,.057,mg/L,100,ug/L,,06/30/2021
PR0026310,001,38260,Surfactants [MBAS],71,C3,MAX,Concentration3,ug/L,.071,mg/L,100,ug/L,,07/31/2021
PR0026310,001,38260,Surfactants [MBAS],15.4,C3,MAX,Concentration3,ug/L,.0154,mg/L,100,ug/L,,08/31/2021
PR0026310,001,38260,Surfactants [MBAS],31,C3,MAX,Concentration3,ug/L,.031,mg/L,100,ug/L,,09/30/2021
PR0026310,001,38260,Surfactants [MBAS],37,C3,MAX,Concentration3,ug/L,.037,mg/L,100,ug/L,,10/31/2021
PR0026310,001,38260,Surfactants [MBAS],3.9,C3,MAX,Concentration3,ug/L,.0039,mg/L,100,ug/L,,11/30/2021
PR0026310,001,38260,Surfactants [MBAS],42,C3,MAX,Concentration3,ug/L,.042,mg/L,100,ug/L,,12/31/2021
PR0026310,001,38260,Surfactants [MBAS],43,C3,MAX,Concentration3,ug/L,.043,mg/L,100,ug/L,,01/31/2022
PR0026310,001,38260,Surfactants [MBAS],42,C3,MAX,Concentration3,ug/L,.042,mg/L,100,ug/L,,02/28/2022
PR0026310,001,38260,Surfactants [MBAS],36,C3,MAX,Concentration3,ug/L,.036,mg/L,100,ug/L,,03/31/2022
PR0026310,001,38260,Surfactants [MBAS],0,C3,MAX,Concentration3,ug/L,0,mg/L,100,ug/L,,04/30/2022
PR0026310,001,38260,Surfactants [MBAS],29,C3,MAX,Concentration3,ug/L,.029,mg/L,100,ug/L,,05/31/2022
PR0026310,001,38260,Surfactants [MBAS],0,C3,MAX,Concentration3,ug/L,0,mg/L,100,ug/L,,06/30/2022
PR0026310,001,38260,Surfactants [MBAS],45,C3,MAX,Concentration3,ug/L,.045,mg/L,100,ug/L,,07/31/2022
PR0026310,001,38260,Surfactants [MBAS],0,C3,MAX,Concentration3,ug/L,0,mg/L,100,ug/L,,08/31/2022
PR0026310,001,38260,Surfactants [MBAS],2330,C3,MAX,Concentration3,ug/L,2.33000011,mg/L,100,ug/L,,09/30/2022
PR0026310,001,38260,Surfactants [MBAS],40,C3,MAX,Concentration3,ug/L,.04,mg/L,100,ug/L,,10/31/2022
PR0026310,001,38260,Surfactants [MBAS],300,C3,MAX,Concentration3,ug/L,.30000001,mg/L,100,ug/L,,11/30/2022
PR0026310,001,38260,Surfactants [MBAS],29,C3,MAX,Concentration3,ug/L,.029,mg/L,100,ug/L,,12/31/2022
PR0026310,001,38260,Surfactants [MBAS],0.025,C3,MAX,Concentration3,ug/L,.000025,mg/L,100,ug/L,,01/31/2023
PR0026310,001,38260,Surfactants [MBAS],0.1,C3,MAX,Concentration3,ug/L,.0001,mg/L,100,ug/L,,02/28/2023
PR0026310,001,38260,Surfactants [MBAS],25,C3,MAX,Concentration3,ug/L,.025,mg/L,100,ug/L,,03/31/2023
PR0026310,001,38260,Surfactants [MBAS],37,C3,MAX,Concentration3,ug/L,.037,mg/L,100,ug/L,,04/30/2023
PR0026310,001,38260,Surfactants [MBAS],25,C3,MAX,Concentration3,ug/L,.025,mg/L,100,ug/L,,05/31/2023
PR0026310,001,38260,Surfactants [MBAS],53,C3,MAX,Concentration3,ug/L,.053,mg/L,100,ug/L,,06/30/2023
PR0026310,001,38260,Surfactants [MBAS],35,C3,MAX,Concentration3,ug/L,.035,mg/L,100,ug/L,,07/31/2023
PR0026310,001,38260,Surfactants [MBAS],25,C3,MAX,Concentration3,ug/L,.025,mg/L,100,ug/L,,08/31/2023
PR0026310,001,38260,Surfactants [MBAS],2.5,C3,MAX,Concentration3,ug/L,.0025,mg/L,100,ug/L,,09/30/2023
PR0026310,001,38260,Surfactants [MBAS],3.7,C3,MAX,Concentration3,ug/L,.0037,mg/L,100,ug/L,,10/31/2023
PR0026310,001,38260,Surfactants [MBAS],25,C3,MAX,Concentration3,ug/L,.025,mg/L,100,ug/L,,11/30/2023
PR0026310,001,38260,Surfactants [MBAS],12900,C3,MAX,Concentration3,ug/L,12.90000061,mg/L,100,ug/L,,12/31/2023
PR0026310,001,38260,Surfactants [MBAS],0.025,C3,MAX,Concentration3,ug/L,.000025,mg/L,100,ug/L,,01/31/2024
PR0026310,001,38260,Surfactants [MBAS],25,C3,MAX,Concentration3,ug/L,.025,mg/L,100,ug/L,,02/29/2024
PR0026310,001,38260,Surfactants [MBAS],45,C3,MAX,Concentration3,ug/L,.045,mg/L,100,ug/L,,03/31/2024
PR0026310,001,38260,Surfactants [MBAS],85,C3,MAX,Concentration3,ug/L,.085,mg/L,100,ug/L,,04/30/2024
PR0026310,001,38260,Surfactants [MBAS],0.025,C3,MAX,Concentration3,ug/L,.000025,mg/L,100,ug/L,,05/31/2024
PR0026310,001,38260,Surfactants [MBAS],0.025,C3,MAX,Concentration3,ug/L,.000025,mg/L,100,ug/L,,06/30/2024
PR0026310,001,38260,Surfactants [MBAS],39,C3,MAX,Concentration3,ug/L,.039,mg/L,100,ug/L,,07/31/2024
PR0026310,001,38260,Surfactants [MBAS],33,C3,MAX,Concentration3,ug/L,.033,mg/L,100,ug/L,,08/31/2024
PR0026310,001,38260,Surfactants [MBAS],31,C3,MAX,Concentration3,ug/L,.031,mg/L,100,ug/L,,09/30/2024
PR0026310,001,38260,Surfactants [MBAS],34,C3,MAX,Concentration3,ug/L,.034,mg/L,100,ug/L,,10/31/2024
PR0026310,001,38260,Surfactants [MBAS],47,C3,MAX,Concentration3,ug/L,.047,mg/L,100,ug/L,,11/30/2024
PR0026310,001,38260,Surfactants [MBAS],34,C3,MAX,Concentration3,ug/L,.034,mg/L,100,ug/L,,12/31/2024
PR0026310,001,38260,Surfactants [MBAS],1210,C3,MAX,Concentration3,ug/L,1.21000006,mg/L,100,ug/L,,01/31/2025
PR0026310,001,38260,Surfactants [MBAS],47,C3,MAX,Concentration3,ug/L,.047,mg/L,100,ug/L,,02/28/2025
PR0026310,001,38260,Surfactants [MBAS],44,C3,MAX,Concentration3,ug/L,.044,mg/L,100,ug/L,,03/31/2025
PR0026310,001,38260,Surfactants [MBAS],99,C3,MAX,Concentration3,ug/L,.099,mg/L,100,ug/L,,04/30/2025
PR0026310,001,38260,Surfactants [MBAS],37,C3,MAX,Concentration3,ug/L,.037,mg/L,100,ug/L,,05/31/2025
PR0026310,001,38260,Surfactants [MBAS],0.025,C3,MAX,Concentration3,ug/L,.000025,mg/L,100,ug/L,,06/30/2025
PR0026310,001,38260,Surfactants [MBAS],447,C3,MAX,Concentration3,ug/L,.44700002,mg/L,100,ug/L,,07/31/2025
PR0026310,001,38260,Surfactants [MBAS],447,C3,MAX,Concentration3,ug/L,.44700002,mg/L,100,ug/L,,07/31/2025
PR0026310,001,38260,Surfactants [MBAS],77,C3,MAX,Concentration3,ug/L,.077,mg/L,100,ug/L,,08/31/2025
PR0026310,001,38260,Surfactants [MBAS],15.8,C3,MAX,Concentration3,ug/L,.0158,mg/L,100,ug/L,,09/30/2025
PR0026310,001,38260,Surfactants [MBAS],32,C3,MAX,Concentration3,ug/L,.032,mg/L,100,ug/L,,10/31/2025
PR0026310,001,38260,Surfactants [MBAS],15600,C3,MAX,Concentration3,ug/L,15.60000074,mg/L,100,ug/L,,11/30/2025
PR0026310,001,38260,Surfactants [MBAS],NA,C3,MAX,Concentration3,,,mg/L,100,ug/L,,12/31/2025
PR0026310,001,50050,"Flow, in conduit or thru treatment plant",0.211,Q2,MAX,Quantity2,MGD,.211,MGD,.315,MGD,,01/31/2020
PR0026310,001,50050,"Flow, in conduit or thru treatment plant",0.11,Q2,MAX,Quantity2,MGD,.11,MGD,.315,MGD,,02/29/2020
PR0026310,001,50050,"Flow, in conduit or thru treatment plant",0.086,Q2,MAX,Quantity2,MGD,.086,MGD,.315,MGD,,03/31/2020
PR0026310,001,50050,"Flow, in conduit or thru treatment plant",0.184,Q2,MAX,Quantity2,MGD,.184,MGD,.315,MGD,,04/30/2020
PR0026310,001,50050,"Flow, in conduit or thru treatment plant",0.083,Q2,MAX,Quantity2,MGD,.083,MGD,.315,MGD,,05/31/2020
PR0026310,001,50050,"Flow, in conduit or thru treatment plant",0.092,Q2,MAX,Quantity2,MGD,.092,MGD,.315,MGD,,06/30/2020
PR0026310,001,50050,"Flow, in conduit or thru treatment plant",0.158,Q2,MAX,Quantity2,MGD,.158,MGD,.315,MGD,,07/31/2020
PR0026310,001,50050,"Flow, in conduit or thru treatment plant",0.114,Q2,MAX,Quantity2,MGD,.114,MGD,.315,MGD,,08/31/2020
PR0026310,001,50050,"Flow, in conduit or thru treatment plant",0.116,Q2,MAX,Quantity2,MGD,.116,MGD,.315,MGD,,09/30/2020
PR0026310,001,50050,"Flow, in conduit or thru treatment plant",0.128,Q2,MAX,Quantity2,MGD,.128,MGD,.315,MGD,,10/31/2020
PR0026310,001,50050,"Flow, in conduit or thru treatment plant",0.207,Q2,MAX,Quantity2,MGD,.207,MGD,.315,MGD,,11/30/2020
PR0026310,001,50050,"Flow, in conduit or thru treatment plant",0.137,Q2,MAX,Quantity2,MGD,.137,MGD,.315,MGD,,12/31/2020
PR0026310,001,50050,"Flow, in conduit or thru treatment plant",0.144,Q2,MAX,Quantity2,MGD,.144,MGD,.315,MGD,,01/31/2021
PR0026310,001,50050,"Flow, in conduit or thru treatment plant",0.157,Q2,MAX,Quantity2,MGD,.157,MGD,.315,MGD,,02/28/2021
PR0026310,001,50050,"Flow, in conduit or thru treatment plant",0.159,Q2,MAX,Quantity2,MGD,.159,MGD,.315,MGD,,03/31/2021
PR0026310,001,50050,"Flow, in conduit or thru treatment plant",0.165,Q2,MAX,Quantity2,MGD,.165,MGD,.315,MGD,,04/30/2021
PR0026310,001,50050,"Flow, in conduit or thru treatment plant",0.135,Q2,MAX,Quantity2,MGD,.135,MGD,.315,MGD,,05/31/2021
PR0026310,001,50050,"Flow, in conduit or thru treatment plant",0.293,Q2,MAX,Quantity2,MGD,.293,MGD,.315,MGD,,06/30/2021
PR0026310,001,50050,"Flow, in conduit or thru treatment plant",0.2,Q2,MAX,Quantity2,MGD,.2,MGD,.315,MGD,,07/31/2021
PR0026310,001,50050,"Flow, in conduit or thru treatment plant",0.14,Q2,MAX,Quantity2,MGD,.14,MGD,.315,MGD,,08/31/2021
PR0026310,001,50050,"Flow, in conduit or thru treatment plant",0.151235,Q2,MAX,Quantity2,MGD,.151235,MGD,.315,MGD,,09/30/2021
PR0026310,001,50050,"Flow, in conduit or thru treatment plant",0.157264,Q2,MAX,Quantity2,MGD,.157264,MGD,.315,MGD,,10/31/2021
PR0026310,001,50050,"Flow, in conduit or thru treatment plant",0.127765,Q2,MAX,Quantity2,MGD,.127765,MGD,.315,MGD,,11/30/2021
PR0026310,001,50050,"Flow, in conduit or thru treatment plant",0.117165,Q2,MAX,Quantity2,MGD,.117165,MGD,.315,MGD,,12/31/2021
PR0026310,001,50050,"Flow, in conduit or thru treatment plant",0.102263,Q2,MAX,Quantity2,MGD,.102263,MGD,.315,MGD,,01/31/2022
PR0026310,001,50050,"Flow, in conduit or thru treatment plant",0.180687,Q2,MAX,Quantity2,MGD,.180687,MGD,.315,MGD,,02/28/2022
PR0026310,001,50050,"Flow, in conduit or thru treatment plant",0.143988,Q2,MAX,Quantity2,MGD,.143988,MGD,.315,MGD,,03/31/2022
PR0026310,001,50050,"Flow, in conduit or thru treatment plant",0.143988,Q2,MAX,Quantity2,MGD,.143988,MGD,.315,MGD,,04/30/2022
PR0026310,001,50050,"Flow, in conduit or thru treatment plant",0.120776,Q2,MAX,Quantity2,MGD,.120776,MGD,.315,MGD,,05/31/2022
PR0026310,001,50050,"Flow, in conduit or thru treatment plant",0.095573,Q2,MAX,Quantity2,MGD,.095573,MGD,.315,MGD,,06/30/2022
PR0026310,001,50050,"Flow, in conduit or thru treatment plant",0.189689,Q2,MAX,Quantity2,MGD,.189689,MGD,.315,MGD,,07/31/2022
PR0026310,001,50050,"Flow, in conduit or thru treatment plant",0.141454,Q2,MAX,Quantity2,MGD,.141454,MGD,.315,MGD,,08/31/2022
PR0026310,001,50050,"Flow, in conduit or thru treatment plant",0.255912,Q2,MAX,Quantity2,MGD,.255912,MGD,.315,MGD,,09/30/2022
PR0026310,001,50050,"Flow, in conduit or thru treatment plant",0.238083,Q2,MAX,Quantity2,MGD,.238083,MGD,.315,MGD,,10/31/2022
PR0026310,001,50050,"Flow, in conduit or thru treatment plant",0.22456,Q2,MAX,Quantity2,MGD,.22456,MGD,.315,MGD,,11/30/2022
PR0026310,001,50050,"Flow, in conduit or thru treatment plant",0.191676,Q2,MAX,Quantity2,MGD,.191676,MGD,.315,MGD,,12/31/2022
PR0026310,001,50050,"Flow, in conduit or thru treatment plant",0.109665,Q2,MAX,Quantity2,MGD,.109665,MGD,.315,MGD,,01/31/2023
PR0026310,001,50050,"Flow, in conduit or thru treatment plant",0.075582,Q2,MAX,Quantity2,MGD,.075582,MGD,.315,MGD,,02/28/2023
PR0026310,001,50050,"Flow, in conduit or thru treatment plant",0.090265,Q2,MAX,Quantity2,MGD,.090265,MGD,.315,MGD,,03/31/2023
PR0026310,001,50050,"Flow, in conduit or thru treatment plant",0.118019,Q2,MAX,Quantity2,MGD,.118019,MGD,.315,MGD,,04/30/2023
PR0026310,001,50050,"Flow, in conduit or thru treatment plant",0.93563,Q2,MAX,Quantity2,MGD,.93563,MGD,.315,MGD,,05/31/2023
PR0026310,001,50050,"Flow, in conduit or thru treatment plant",0.93563,Q2,MAX,Quantity2,MGD,.93563,MGD,.315,MGD,,05/31/2023
PR0026310,001,50050,"Flow, in conduit or thru treatment plant",0.098691,Q2,MAX,Quantity2,MGD,.098691,MGD,.315,MGD,,06/30/2023
PR0026310,001,50050,"Flow, in conduit or thru treatment plant",0.120931,Q2,MAX,Quantity2,MGD,.120931,MGD,.315,MGD,,07/31/2023
PR0026310,001,50050,"Flow, in conduit or thru treatment plant",0.093321,Q2,MAX,Quantity2,MGD,.093321,MGD,.315,MGD,,08/31/2023
PR0026310,001,50050,"Flow, in conduit or thru treatment plant",0.09677,Q2,MAX,Quantity2,MGD,.09677,MGD,.315,MGD,,09/30/2023
PR0026310,001,50050,"Flow, in conduit or thru treatment plant",0.16843,Q2,MAX,Quantity2,MGD,.16843,MGD,.315,MGD,,10/31/2023
PR0026310,001,50050,"Flow, in conduit or thru treatment plant",0.11886,Q2,MAX,Quantity2,MGD,.11886,MGD,.315,MGD,,11/30/2023
PR0026310,001,50050,"Flow, in conduit or thru treatment plant",0.184048,Q2,MAX,Quantity2,MGD,.184048,MGD,.315,MGD,,12/31/2023
PR0026310,001,50050,"Flow, in conduit or thru treatment plant",0.201135,Q2,MAX,Quantity2,MGD,.201135,MGD,.315,MGD,,01/31/2024
PR0026310,001,50050,"Flow, in conduit or thru treatment plant",0.17125,Q2,MAX,Quantity2,MGD,.17125,MGD,.315,MGD,,02/29/2024
PR0026310,001,50050,"Flow, in conduit or thru treatment plant",0.143998,Q2,MAX,Quantity2,MGD,.143998,MGD,.315,MGD,,03/31/2024
PR0026310,001,50050,"Flow, in conduit or thru treatment plant",0.155143,Q2,MAX,Quantity2,MGD,.155143,MGD,.315,MGD,,04/30/2024
PR0026310,001,50050,"Flow, in conduit or thru treatment plant",0.242356,Q2,MAX,Quantity2,MGD,.242356,MGD,.315,MGD,,05/31/2024
PR0026310,001,50050,"Flow, in conduit or thru treatment plant",0.075785,Q2,MAX,Quantity2,MGD,.075785,MGD,.315,MGD,,06/30/2024
PR0026310,001,50050,"Flow, in conduit or thru treatment plant",0.147114,Q2,MAX,Quantity2,MGD,.147114,MGD,.315,MGD,,07/31/2024
PR0026310,001,50050,"Flow, in conduit or thru treatment plant",0.130701,Q2,MAX,Quantity2,MGD,.130701,MGD,.315,MGD,,08/31/2024
PR0026310,001,50050,"Flow, in conduit or thru treatment plant",0.120692,Q2,MAX,Quantity2,MGD,.120692,MGD,.315,MGD,,09/30/2024
PR0026310,001,50050,"Flow, in conduit or thru treatment plant",0.188224,Q2,MAX,Quantity2,MGD,.188224,MGD,.315,MGD,,10/31/2024
PR0026310,001,50050,"Flow, in conduit or thru treatment plant",0.299447,Q2,MAX,Quantity2,MGD,.299447,MGD,.315,MGD,,11/30/2024
PR0026310,001,50050,"Flow, in conduit or thru treatment plant",0.072571,Q2,MAX,Quantity2,MGD,.072571,MGD,.315,MGD,,12/31/2024
PR0026310,001,50050,"Flow, in conduit or thru treatment plant",0.03097,Q2,MAX,Quantity2,MGD,.03097,MGD,.315,MGD,,01/31/2025
PR0026310,001,50050,"Flow, in conduit or thru treatment plant",0.033415,Q2,MAX,Quantity2,MGD,.033415,MGD,.315,MGD,,02/28/2025
PR0026310,001,50050,"Flow, in conduit or thru treatment plant",0.023758,Q2,MAX,Quantity2,MGD,.023758,MGD,.315,MGD,,03/31/2025
PR0026310,001,50050,"Flow, in conduit or thru treatment plant",0.0057601,Q2,MAX,Quantity2,MGD,.0057601,MGD,.315,MGD,,04/30/2025
PR0026310,001,50050,"Flow, in conduit or thru treatment plant",0.107016,Q2,MAX,Quantity2,MGD,.107016,MGD,.315,MGD,,05/31/2025
PR0026310,001,50050,"Flow, in conduit or thru treatment plant",0.02779,Q2,MAX,Quantity2,MGD,.02779,MGD,.315,MGD,,06/30/2025
PR0026310,001,50050,"Flow, in conduit or thru treatment plant",0.057117,Q2,MAX,Quantity2,MGD,.057117,MGD,.315,MGD,,07/31/2025
PR0026310,001,50050,"Flow, in conduit or thru treatment plant",0.05221,Q2,MAX,Quantity2,MGD,.05221,MGD,.315,MGD,,08/31/2025
PR0026310,001,50050,"Flow, in conduit or thru treatment plant",0.054582,Q2,MAX,Quantity2,MGD,.054582,MGD,.315,MGD,,09/30/2025
PR0026310,001,50050,"Flow, in conduit or thru treatment plant",0.026921,Q2,MAX,Quantity2,MGD,.026921,MGD,.315,MGD,,10/31/2025
PR0026310,001,50050,"Flow, in conduit or thru treatment plant",0.040274,Q2,MAX,Quantity2,MGD,.040274,MGD,.315,MGD,,11/30/2025
PR0026310,001,50050,"Flow, in conduit or thru treatment plant",NA,Q2,MAX,Quantity2,,,MGD,.315,MGD,,12/31/2025
PR0026310,001,50060,"Chlorine, total residual",0.5,C3,MAX,Concentration3,ug/L,.0005,mg/L,11,ug/L,,01/31/2020
PR0026310,001,50060,"Chlorine, total residual",0.7,C3,MAX,Concentration3,ug/L,.0007,mg/L,11,ug/L,,02/29/2020
PR0026310,001,50060,"Chlorine, total residual",0.42,C3,MAX,Concentration3,ug/L,.00042,mg/L,11,ug/L,,03/31/2020
PR0026310,001,50060,"Chlorine, total residual",0.52,C3,MAX,Concentration3,ug/L,.00052,mg/L,11,ug/L,,04/30/2020
PR0026310,001,50060,"Chlorine, total residual",1.5,C3,MAX,Concentration3,ug/L,.0015,mg/L,11,ug/L,,05/31/2020
PR0026310,001,50060,"Chlorine, total residual",0.4,C3,MAX,Concentration3,ug/L,.0004,mg/L,11,ug/L,,06/30/2020
PR0026310,001,50060,"Chlorine, total residual",3.8,C3,MAX,Concentration3,ug/L,.0038,mg/L,11,ug/L,,07/31/2020
PR0026310,001,50060,"Chlorine, total residual",0.42,C3,MAX,Concentration3,ug/L,.00042,mg/L,11,ug/L,,08/31/2020
PR0026310,001,50060,"Chlorine, total residual",0.32,C3,MAX,Concentration3,ug/L,.00032,mg/L,11,ug/L,,09/30/2020
PR0026310,001,50060,"Chlorine, total residual",0.68,C3,MAX,Concentration3,ug/L,.00068,mg/L,11,ug/L,,10/31/2020
PR0026310,001,50060,"Chlorine, total residual",1,C3,MAX,Concentration3,ug/L,.001,mg/L,11,ug/L,,11/30/2020
PR0026310,001,50060,"Chlorine, total residual",1,C3,MAX,Concentration3,ug/L,.001,mg/L,11,ug/L,,12/31/2020
PR0026310,001,50060,"Chlorine, total residual",0.48,C3,MAX,Concentration3,ug/L,.00048,mg/L,11,ug/L,,01/31/2021
PR0026310,001,50060,"Chlorine, total residual",0.46,C3,MAX,Concentration3,ug/L,.00046,mg/L,11,ug/L,,02/28/2021
PR0026310,001,50060,"Chlorine, total residual",0.38,C3,MAX,Concentration3,ug/L,.00038,mg/L,11,ug/L,,03/31/2021
PR0026310,001,50060,"Chlorine, total residual",1.2,C3,MAX,Concentration3,ug/L,.0012,mg/L,11,ug/L,,04/30/2021
PR0026310,001,50060,"Chlorine, total residual",0.39,C3,MAX,Concentration3,ug/L,.00039,mg/L,11,ug/L,,05/31/2021
PR0026310,001,50060,"Chlorine, total residual",0.25,C3,MAX,Concentration3,ug/L,.00025,mg/L,11,ug/L,,06/30/2021
PR0026310,001,50060,"Chlorine, total residual",0.36,C3,MAX,Concentration3,ug/L,.00036,mg/L,11,ug/L,,07/31/2021
PR0026310,001,50060,"Chlorine, total residual",35,C3,MAX,Concentration3,ug/L,.035,mg/L,11,ug/L,,08/31/2021
PR0026310,001,50060,"Chlorine, total residual",0.45,C3,MAX,Concentration3,ug/L,.00045,mg/L,11,ug/L,,09/30/2021
PR0026310,001,50060,"Chlorine, total residual",820,C3,MAX,Concentration3,ug/L,.82000004,mg/L,11,ug/L,,10/31/2021
PR0026310,001,50060,"Chlorine, total residual",76,C3,MAX,Concentration3,ug/L,.076,mg/L,11,ug/L,,11/30/2021
PR0026310,001,50060,"Chlorine, total residual",560,C3,MAX,Concentration3,ug/L,.56000003,mg/L,11,ug/L,,12/31/2021
PR0026310,001,50060,"Chlorine, total residual",84,C3,MAX,Concentration3,ug/L,.084,mg/L,11,ug/L,,01/31/2022
PR0026310,001,50060,"Chlorine, total residual",1470,C3,MAX,Concentration3,ug/L,1.47000007,mg/L,11,ug/L,,02/28/2022
PR0026310,001,50060,"Chlorine, total residual",1840,C3,MAX,Concentration3,ug/L,1.84000009,mg/L,11,ug/L,,03/31/2022
PR0026310,001,50060,"Chlorine, total residual",1840,C3,MAX,Concentration3,ug/L,1.84000009,mg/L,11,ug/L,,04/30/2022
PR0026310,001,50060,"Chlorine, total residual",500,C3,MAX,Concentration3,ug/L,.50000002,mg/L,11,ug/L,,05/31/2022
PR0026310,001,50060,"Chlorine, total residual",290,C3,MAX,Concentration3,ug/L,.29000001,mg/L,11,ug/L,,06/30/2022
PR0026310,001,50060,"Chlorine, total residual",10,C3,MAX,Concentration3,ug/L,.01,mg/L,11,ug/L,,07/31/2022
PR0026310,001,50060,"Chlorine, total residual",100,C3,MAX,Concentration3,ug/L,.1,mg/L,11,ug/L,,08/31/2022
PR0026310,001,50060,"Chlorine, total residual",2120,C3,MAX,Concentration3,ug/L,2.1200001,mg/L,11,ug/L,,09/30/2022
PR0026310,001,50060,"Chlorine, total residual",670,C3,MAX,Concentration3,ug/L,.67000003,mg/L,11,ug/L,,10/31/2022
PR0026310,001,50060,"Chlorine, total residual",1200,C3,MAX,Concentration3,ug/L,1.20000006,mg/L,11,ug/L,,11/30/2022
PR0026310,001,50060,"Chlorine, total residual",720,C3,MAX,Concentration3,ug/L,.72000003,mg/L,11,ug/L,,12/31/2022
PR0026310,001,50060,"Chlorine, total residual",106,C3,MAX,Concentration3,ug/L,.10600001,mg/L,11,ug/L,,01/31/2023
PR0026310,001,50060,"Chlorine, total residual",480,C3,MAX,Concentration3,ug/L,.48000002,mg/L,11,ug/L,,02/28/2023
PR0026310,001,50060,"Chlorine, total residual",500,C3,MAX,Concentration3,ug/L,.50000002,mg/L,11,ug/L,,03/31/2023
PR0026310,001,50060,"Chlorine, total residual",2110,C3,MAX,Concentration3,ug/L,2.1100001,mg/L,11,ug/L,,04/30/2023
PR0026310,001,50060,"Chlorine, total residual",2110,C3,MAX,Concentration3,ug/L,2.1100001,mg/L,11,ug/L,,04/30/2023
PR0026310,001,50060,"Chlorine, total residual",200,C3,MAX,Concentration3,ug/L,.20000001,mg/L,11,ug/L,,05/31/2023
PR0026310,001,50060,"Chlorine, total residual",200,C3,MAX,Concentration3,ug/L,.20000001,mg/L,11,ug/L,,05/31/2023
PR0026310,001,50060,"Chlorine, total residual",110,C3,MAX,Concentration3,ug/L,.11000001,mg/L,11,ug/L,,06/30/2023
PR0026310,001,50060,"Chlorine, total residual",650,C3,MAX,Concentration3,ug/L,.65000003,mg/L,11,ug/L,,07/31/2023
PR0026310,001,50060,"Chlorine, total residual",690,C3,MAX,Concentration3,ug/L,.69000003,mg/L,11,ug/L,,08/31/2023
PR0026310,001,50060,"Chlorine, total residual",18,C3,MAX,Concentration3,ug/L,.018,mg/L,11,ug/L,,09/30/2023
PR0026310,001,50060,"Chlorine, total residual",35,C3,MAX,Concentration3,ug/L,.035,mg/L,11,ug/L,,10/31/2023
PR0026310,001,50060,"Chlorine, total residual",200,C3,MAX,Concentration3,ug/L,.20000001,mg/L,11,ug/L,,11/30/2023
PR0026310,001,50060,"Chlorine, total residual",200,C3,MAX,Concentration3,ug/L,.20000001,mg/L,11,ug/L,,11/30/2023
PR0026310,001,50060,"Chlorine, total residual",110,C3,MAX,Concentration3,ug/L,.11000001,mg/L,11,ug/L,,12/31/2023
PR0026310,001,50060,"Chlorine, total residual",150,C3,MAX,Concentration3,ug/L,.15000001,mg/L,11,ug/L,,01/31/2024
PR0026310,001,50060,"Chlorine, total residual",280,C3,MAX,Concentration3,ug/L,.28000001,mg/L,11,ug/L,,02/29/2024
PR0026310,001,50060,"Chlorine, total residual",560,C3,MAX,Concentration3,ug/L,.56000003,mg/L,11,ug/L,,03/31/2024
PR0026310,001,50060,"Chlorine, total residual",230,C3,MAX,Concentration3,ug/L,.23000001,mg/L,11,ug/L,,04/30/2024
PR0026310,001,50060,"Chlorine, total residual",50,C3,MAX,Concentration3,ug/L,.05,mg/L,11,ug/L,,05/31/2024
PR0026310,001,50060,"Chlorine, total residual",800,C3,MAX,Concentration3,ug/L,.80000004,mg/L,11,ug/L,,06/30/2024
PR0026310,001,50060,"Chlorine, total residual",1350,C3,MAX,Concentration3,ug/L,1.35000006,mg/L,11,ug/L,,07/31/2024
PR0026310,001,50060,"Chlorine, total residual",560,C3,MAX,Concentration3,ug/L,.56000003,mg/L,11,ug/L,,08/31/2024
PR0026310,001,50060,"Chlorine, total residual",2200,C3,MAX,Concentration3,ug/L,2.2000001,mg/L,11,ug/L,,09/30/2024
PR0026310,001,50060,"Chlorine, total residual",1400,C3,MAX,Concentration3,ug/L,1.40000007,mg/L,11,ug/L,,10/31/2024
PR0026310,001,50060,"Chlorine, total residual",1200,C3,MAX,Concentration3,ug/L,1.20000006,mg/L,11,ug/L,,11/30/2024
PR0026310,001,50060,"Chlorine, total residual",300,C3,MAX,Concentration3,ug/L,.30000001,mg/L,11,ug/L,,12/31/2024
PR0026310,001,50060,"Chlorine, total residual",140,C3,MAX,Concentration3,ug/L,.14000001,mg/L,11,ug/L,,01/31/2025
PR0026310,001,50060,"Chlorine, total residual",160,C3,MAX,Concentration3,ug/L,.16000001,mg/L,11,ug/L,,02/28/2025
PR0026310,001,50060,"Chlorine, total residual",2900,C3,MAX,Concentration3,ug/L,2.90000014,mg/L,11,ug/L,,03/31/2025
PR0026310,001,50060,"Chlorine, total residual",480,C3,MAX,Concentration3,ug/L,.48000002,mg/L,11,ug/L,,04/30/2025
PR0026310,001,50060,"Chlorine, total residual",480,C3,MAX,Concentration3,ug/L,.48000002,mg/L,11,ug/L,,05/31/2025
PR0026310,001,50060,"Chlorine, total residual",14500,C3,MAX,Concentration3,ug/L,14.50000069,mg/L,11,ug/L,,06/30/2025
PR0026310,001,50060,"Chlorine, total residual",680,C3,MAX,Concentration3,ug/L,.68000003,mg/L,11,ug/L,,07/31/2025
PR0026310,001,50060,"Chlorine, total residual",680,C3,MAX,Concentration3,ug/L,.68000003,mg/L,11,ug/L,,07/31/2025
PR0026310,001,50060,"Chlorine, total residual",3000,C3,MAX,Concentration3,ug/L,3.00000014,mg/L,11,ug/L,,08/31/2025
PR0026310,001,50060,"Chlorine, total residual",167,C3,MAX,Concentration3,ug/L,.16700001,mg/L,11,ug/L,,09/30/2025
PR0026310,001,50060,"Chlorine, total residual",1400,C3,MAX,Concentration3,ug/L,1.40000007,mg/L,11,ug/L,,10/31/2025
PR0026310,001,50060,"Chlorine, total residual",1750,C3,MAX,Concentration3,ug/L,1.75000008,mg/L,11,ug/L,,11/30/2025
PR0026310,001,50060,"Chlorine, total residual",NA,C3,MAX,Concentration3,,,mg/L,11,ug/L,,12/31/2025
PR0026310,001,61211,Enterococci,1.8,C2,AVG,Concentration2,#/100mL,1.8,MPN/100mL,35,#/100mL,,01/31/2020
PR0026310,001,61211,Enterococci,1.8,C3,MAX,Concentration3,#/100mL,1.8,MPN/100mL,130,#/100mL,,01/31/2020
PR0026310,001,61211,Enterococci,4,C3,MAX,Concentration3,#/100mL,4,MPN/100mL,130,#/100mL,,02/29/2020
PR0026310,001,61211,Enterococci,4,C2,AVG,Concentration2,#/100mL,4,MPN/100mL,35,#/100mL,,02/29/2020
PR0026310,001,61211,Enterococci,1.8,C2,AVG,Concentration2,#/100mL,1.8,MPN/100mL,35,#/100mL,,03/31/2020
PR0026310,001,61211,Enterococci,1.8,C3,MAX,Concentration3,#/100mL,1.8,MPN/100mL,130,#/100mL,,03/31/2020
PR0026310,001,61211,Enterococci,1.8,C3,MAX,Concentration3,#/100mL,1.8,MPN/100mL,130,#/100mL,,04/30/2020
PR0026310,001,61211,Enterococci,1.8,C2,AVG,Concentration2,#/100mL,1.8,MPN/100mL,35,#/100mL,,04/30/2020
PR0026310,001,61211,Enterococci,1.8,C2,AVG,Concentration2,#/100mL,1.8,MPN/100mL,35,#/100mL,,05/31/2020
PR0026310,001,61211,Enterococci,1.8,C3,MAX,Concentration3,#/100mL,1.8,MPN/100mL,130,#/100mL,,05/31/2020
PR0026310,001,61211,Enterococci,1.8,C3,MAX,Concentration3,#/100mL,1.8,MPN/100mL,130,#/100mL,,06/30/2020
PR0026310,001,61211,Enterococci,1.8,C2,AVG,Concentration2,#/100mL,1.8,MPN/100mL,35,#/100mL,,06/30/2020
PR0026310,001,61211,Enterococci,1.8,C2,AVG,Concentration2,#/100mL,1.8,MPN/100mL,35,#/100mL,,07/31/2020
PR0026310,001,61211,Enterococci,1.8,C3,MAX,Concentration3,#/100mL,1.8,MPN/100mL,130,#/100mL,,07/31/2020
PR0026310,001,61211,Enterococci,1.8,C3,MAX,Concentration3,#/100mL,1.8,MPN/100mL,130,#/100mL,,08/31/2020
PR0026310,001,61211,Enterococci,1.8,C2,AVG,Concentration2,#/100mL,1.8,MPN/100mL,35,#/100mL,,08/31/2020
PR0026310,001,61211,Enterococci,1.8,C2,AVG,Concentration2,#/100mL,1.8,MPN/100mL,35,#/100mL,,09/30/2020
PR0026310,001,61211,Enterococci,1.8,C3,MAX,Concentration3,#/100mL,1.8,MPN/100mL,130,#/100mL,,09/30/2020
PR0026310,001,61211,Enterococci,1.8,C3,MAX,Concentration3,#/100mL,1.8,MPN/100mL,130,#/100mL,,10/31/2020
PR0026310,001,61211,Enterococci,1.8,C2,AVG,Concentration2,#/100mL,1.8,MPN/100mL,35,#/100mL,,10/31/2020
PR0026310,001,61211,Enterococci,1.8,C2,AVG,Concentration2,#/100mL,1.8,MPN/100mL,35,#/100mL,,11/30/2020
PR0026310,001,61211,Enterococci,1.8,C3,MAX,Concentration3,#/100mL,1.8,MPN/100mL,130,#/100mL,,11/30/2020
PR0026310,001,61211,Enterococci,1.8,C3,MAX,Concentration3,#/100mL,1.8,MPN/100mL,130,#/100mL,,12/31/2020
PR0026310,001,61211,Enterococci,1.8,C2,AVG,Concentration2,#/100mL,1.8,MPN/100mL,35,#/100mL,,12/31/2020
PR0026310,001,61211,Enterococci,1.8,C2,AVG,Concentration2,#/100mL,1.8,MPN/100mL,35,#/100mL,,01/31/2021
PR0026310,001,61211,Enterococci,1.8,C3,MAX,Concentration3,#/100mL,1.8,MPN/100mL,130,#/100mL,,01/31/2021
PR0026310,001,61211,Enterococci,1.8,C3,MAX,Concentration3,#/100mL,1.8,MPN/100mL,130,#/100mL,,02/28/2021
PR0026310,001,61211,Enterococci,1.8,C2,AVG,Concentration2,#/100mL,1.8,MPN/100mL,35,#/100mL,,02/28/2021
PR0026310,001,61211,Enterococci,1.8,C2,AVG,Concentration2,#/100mL,1.8,MPN/100mL,35,#/100mL,,03/31/2021
PR0026310,001,61211,Enterococci,1.8,C3,MAX,Concentration3,#/100mL,1.8,MPN/100mL,130,#/100mL,,03/31/2021
PR0026310,001,61211,Enterococci,1.8,C3,MAX,Concentration3,#/100mL,1.8,MPN/100mL,130,#/100mL,,04/30/2021
PR0026310,001,61211,Enterococci,1.8,C2,AVG,Concentration2,#/100mL,1.8,MPN/100mL,35,#/100mL,,04/30/2021
PR0026310,001,61211,Enterococci,1.8,C2,AVG,Concentration2,#/100mL,1.8,MPN/100mL,35,#/100mL,,05/31/2021
PR0026310,001,61211,Enterococci,1.8,C3,MAX,Concentration3,#/100mL,1.8,MPN/100mL,130,#/100mL,,05/31/2021
PR0026310,001,61211,Enterococci,1.8,C3,MAX,Concentration3,#/100mL,1.8,MPN/100mL,130,#/100mL,,06/30/2021
PR0026310,001,61211,Enterococci,1.8,C2,AVG,Concentration2,#/100mL,1.8,MPN/100mL,35,#/100mL,,06/30/2021
PR0026310,001,61211,Enterococci,47.3,C2,AVG,Concentration2,#/100mL,47.3,MPN/100mL,35,#/100mL,,07/31/2021
PR0026310,001,61211,Enterococci,42.5,C3,MAX,Concentration3,#/100mL,42.5,MPN/100mL,130,#/100mL,,07/31/2021
PR0026310,001,61211,Enterococci,1.8,C3,MAX,Concentration3,#/100mL,1.8,MPN/100mL,130,#/100mL,,08/31/2021
PR0026310,001,61211,Enterococci,1.8,C2,AVG,Concentration2,#/100mL,1.8,MPN/100mL,35,#/100mL,,08/31/2021
PR0026310,001,61211,Enterococci,1.8,C2,AVG,Concentration2,#/100mL,1.8,MPN/100mL,35,#/100mL,,09/30/2021
PR0026310,001,61211,Enterococci,1.8,C3,MAX,Concentration3,#/100mL,1.8,MPN/100mL,130,#/100mL,,09/30/2021
PR0026310,001,61211,Enterococci,220,C3,MAX,Concentration3,#/100mL,220,MPN/100mL,130,#/100mL,,10/31/2021
PR0026310,001,61211,Enterococci,169.9,C2,AVG,Concentration2,#/100mL,169.9,MPN/100mL,35,#/100mL,,10/31/2021
PR0026310,001,61211,Enterococci,732.1,C2,AVG,Concentration2,#/100mL,732.1,MPN/100mL,35,#/100mL,,11/30/2021
PR0026310,001,61211,Enterococci,1600,C3,MAX,Concentration3,#/100mL,1600,MPN/100mL,130,#/100mL,,11/30/2021
PR0026310,001,61211,Enterococci,1.8,C3,MAX,Concentration3,#/100mL,1.8,MPN/100mL,130,#/100mL,,12/31/2021
PR0026310,001,61211,Enterococci,1.8,C2,AVG,Concentration2,#/100mL,1.8,MPN/100mL,35,#/100mL,,12/31/2021
PR0026310,001,61211,Enterococci,1.8,C2,AVG,Concentration2,#/100mL,1.8,MPN/100mL,35,#/100mL,,01/31/2022
PR0026310,001,61211,Enterococci,2,C3,MAX,Concentration3,#/100mL,2,MPN/100mL,130,#/100mL,,01/31/2022
PR0026310,001,61211,Enterococci,1.8,C3,MAX,Concentration3,#/100mL,1.8,MPN/100mL,130,#/100mL,,02/28/2022
PR0026310,001,61211,Enterococci,1.8,C2,AVG,Concentration2,#/100mL,1.8,MPN/100mL,35,#/100mL,,02/28/2022
PR0026310,001,61211,Enterococci,1300,C3,MAX,Concentration3,#/100mL,1300,MPN/100mL,130,#/100mL,,03/31/2022
PR0026310,001,61211,Enterococci,613,C2,AVG,Concentration2,#/100mL,613,MPN/100mL,35,#/100mL,,03/31/2022
PR0026310,001,61211,Enterococci,3,C2,AVG,Concentration2,#/100mL,3,MPN/100mL,35,#/100mL,,04/30/2022
PR0026310,001,61211,Enterococci,4.5,C3,MAX,Concentration3,#/100mL,4.5,MPN/100mL,130,#/100mL,,04/30/2022
PR0026310,001,61211,Enterococci,2,C3,MAX,Concentration3,#/100mL,2,MPN/100mL,130,#/100mL,,05/31/2022
PR0026310,001,61211,Enterococci,1,C2,AVG,Concentration2,#/100mL,1,MPN/100mL,35,#/100mL,,05/31/2022
PR0026310,001,61211,Enterococci,23,C3,MAX,Concentration3,#/100mL,23,MPN/100mL,130,#/100mL,,06/30/2022
PR0026310,001,61211,Enterococci,9,C2,AVG,Concentration2,#/100mL,9,MPN/100mL,35,#/100mL,,06/30/2022
PR0026310,001,61211,Enterococci,1300,C3,MAX,Concentration3,#/100mL,1300,MPN/100mL,130,#/100mL,,07/31/2022
PR0026310,001,61211,Enterococci,1300,C3,MAX,Concentration3,#/100mL,1300,MPN/100mL,130,#/100mL,,07/31/2022
PR0026310,001,61211,Enterococci,1323,C2,AVG,Concentration2,#/100mL,1323,MPN/100mL,35,#/100mL,,07/31/2022
PR0026310,001,61211,Enterococci,1323,C2,AVG,Concentration2,#/100mL,1323,MPN/100mL,35,#/100mL,,07/31/2022
PR0026310,001,61211,Enterococci,4517,C2,AVG,Concentration2,#/100mL,4517,MPN/100mL,35,#/100mL,,08/31/2022
PR0026310,001,61211,Enterococci,4900,C3,MAX,Concentration3,#/100mL,4900,MPN/100mL,130,#/100mL,,08/31/2022
PR0026310,001,61211,Enterococci,0,C3,MAX,Concentration3,#/100mL,0,MPN/100mL,130,#/100mL,,09/30/2022
PR0026310,001,61211,Enterococci,0,C2,AVG,Concentration2,#/100mL,0,MPN/100mL,35,#/100mL,,09/30/2022
PR0026310,001,61211,Enterococci,1.8,C3,MAX,Concentration3,#/100mL,1.8,MPN/100mL,130,#/100mL,,10/31/2022
PR0026310,001,61211,Enterococci,1.8,C2,AVG,Concentration2,#/100mL,1.8,MPN/100mL,35,#/100mL,,10/31/2022
PR0026310,001,61211,Enterococci,1,C2,AVG,Concentration2,#/100mL,1,MPN/100mL,35,#/100mL,,11/30/2022
PR0026310,001,61211,Enterococci,1.8,C3,MAX,Concentration3,#/100mL,1.8,MPN/100mL,130,#/100mL,,11/30/2022
PR0026310,001,61211,Enterococci,330,C2,AVG,Concentration2,#/100mL,330,MPN/100mL,35,#/100mL,,12/31/2022
PR0026310,001,61211,Enterococci,0,C3,MAX,Concentration3,#/100mL,0,MPN/100mL,130,#/100mL,,12/31/2022
PR0026310,001,61211,Enterococci,6,C2,AVG,Concentration2,#/100mL,6,MPN/100mL,35,#/100mL,,01/31/2023
PR0026310,001,61211,Enterococci,2,C3,MAX,Concentration3,#/100mL,2,MPN/100mL,130,#/100mL,,01/31/2023
PR0026310,001,61211,Enterococci,0,C3,MAX,Concentration3,#/100mL,0,MPN/100mL,130,#/100mL,,02/28/2023
PR0026310,001,61211,Enterococci,0,C2,AVG,Concentration2,#/100mL,0,MPN/100mL,35,#/100mL,,02/28/2023
PR0026310,001,61211,Enterococci,2,C2,AVG,Concentration2,#/100mL,2,MPN/100mL,35,#/100mL,,03/31/2023
PR0026310,001,61211,Enterococci,0,C3,MAX,Concentration3,#/100mL,0,MPN/100mL,130,#/100mL,,03/31/2023
PR0026310,001,61211,Enterococci,490,C3,MAX,Concentration3,#/100mL,490,MPN/100mL,130,#/100mL,,04/30/2023
PR0026310,001,61211,Enterococci,490,C3,MAX,Concentration3,#/100mL,490,MPN/100mL,130,#/100mL,,04/30/2023
PR0026310,001,61211,Enterococci,547,C2,AVG,Concentration2,#/100mL,547,MPN/100mL,35,#/100mL,,04/30/2023
PR0026310,001,61211,Enterococci,547,C2,AVG,Concentration2,#/100mL,547,MPN/100mL,35,#/100mL,,04/30/2023
PR0026310,001,61211,Enterococci,2,C2,AVG,Concentration2,#/100mL,2,MPN/100mL,35,#/100mL,,05/31/2023
PR0026310,001,61211,Enterococci,4.5,C3,MAX,Concentration3,#/100mL,4.5,MPN/100mL,130,#/100mL,,05/31/2023
PR0026310,001,61211,Enterococci,14,C3,MAX,Concentration3,#/100mL,14,MPN/100mL,130,#/100mL,,06/30/2023
PR0026310,001,61211,Enterococci,9,C2,AVG,Concentration2,#/100mL,9,MPN/100mL,35,#/100mL,,06/30/2023
PR0026310,001,61211,Enterococci,5,C2,AVG,Concentration2,#/100mL,5,MPN/100mL,35,#/100mL,,07/31/2023
PR0026310,001,61211,Enterococci,2,C3,MAX,Concentration3,#/100mL,2,MPN/100mL,130,#/100mL,,07/31/2023
PR0026310,001,61211,Enterococci,14,C3,MAX,Concentration3,#/100mL,14,MPN/100mL,130,#/100mL,,08/31/2023
PR0026310,001,61211,Enterococci,10,C2,AVG,Concentration2,#/100mL,10,MPN/100mL,35,#/100mL,,08/31/2023
PR0026310,001,61211,Enterococci,2,C2,AVG,Concentration2,#/100mL,2,MPN/100mL,35,#/100mL,,09/30/2023
PR0026310,001,61211,Enterococci,4.5,C3,MAX,Concentration3,#/100mL,4.5,MPN/100mL,130,#/100mL,,09/30/2023
PR0026310,001,61211,Enterococci,49,C3,MAX,Concentration3,#/100mL,49,MPN/100mL,130,#/100mL,,10/31/2023
PR0026310,001,61211,Enterococci,86,C2,AVG,Concentration2,#/100mL,86,MPN/100mL,35,#/100mL,,10/31/2023
PR0026310,001,61211,Enterococci,60,C2,AVG,Concentration2,#/100mL,60,MPN/100mL,35,#/100mL,,11/30/2023
PR0026310,001,61211,Enterococci,23,C3,MAX,Concentration3,#/100mL,23,MPN/100mL,130,#/100mL,,11/30/2023
PR0026310,001,61211,Enterococci,60,C2,AVG,Concentration2,#/100mL,60,MPN/100mL,35,#/100mL,,11/30/2023
PR0026310,001,61211,Enterococci,0,C3,MAX,Concentration3,#/100mL,0,MPN/100mL,130,#/100mL,,12/31/2023
PR0026310,001,61211,Enterococci,86,C2,AVG,Concentration2,#/100mL,86,MPN/100mL,35,#/100mL,,12/31/2023
PR0026310,001,61211,Enterococci,656,C2,AVG,Concentration2,#/100mL,656,MPN/100mL,35,#/100mL,,01/31/2024
PR0026310,001,61211,Enterococci,0,C3,MAX,Concentration3,#/100mL,0,MPN/100mL,130,#/100mL,,01/31/2024
PR0026310,001,61211,Enterococci,49,C3,MAX,Concentration3,#/100mL,49,MPN/100mL,130,#/100mL,,02/29/2024
PR0026310,001,61211,Enterococci,32,C2,AVG,Concentration2,#/100mL,32,MPN/100mL,35,#/100mL,,02/29/2024
PR0026310,001,61211,Enterococci,1,C2,AVG,Concentration2,#/100mL,1,MPN/100mL,35,#/100mL,,03/31/2024
PR0026310,001,61211,Enterococci,1.8,C3,MAX,Concentration3,#/100mL,1.8,MPN/100mL,130,#/100mL,,03/31/2024
PR0026310,001,61211,Enterococci,49,C3,MAX,Concentration3,#/100mL,49,MPN/100mL,130,#/100mL,,04/30/2024
PR0026310,001,61211,Enterococci,40,C2,AVG,Concentration2,#/100mL,40,MPN/100mL,35,#/100mL,,04/30/2024
PR0026310,001,61211,Enterococci,57,C2,AVG,Concentration2,#/100mL,57,MPN/100mL,35,#/100mL,,05/31/2024
PR0026310,001,61211,Enterococci,49,C3,MAX,Concentration3,#/100mL,49,MPN/100mL,130,#/100mL,,05/31/2024
PR0026310,001,61211,Enterococci,10.8,C3,MAX,Concentration3,#/100mL,10.8,MPN/100mL,130,#/100mL,,06/30/2024
PR0026310,001,61211,Enterococci,7,C2,AVG,Concentration2,#/100mL,7,MPN/100mL,35,#/100mL,,06/30/2024
PR0026310,001,61211,Enterococci,313,C2,AVG,Concentration2,#/100mL,313,MPN/100mL,35,#/100mL,,07/31/2024
PR0026310,001,61211,Enterococci,490,C3,MAX,Concentration3,#/100mL,490,MPN/100mL,130,#/100mL,,07/31/2024
PR0026310,001,61211,Enterococci,4900,C3,MAX,Concentration3,#/100mL,4900,MPN/100mL,130,#/100mL,,08/31/2024
PR0026310,001,61211,Enterococci,2270,C2,AVG,Concentration2,#/100mL,2270,MPN/100mL,35,#/100mL,,08/31/2024
PR0026310,001,61211,Enterococci,142,C2,AVG,Concentration2,#/100mL,142,MPN/100mL,35,#/100mL,,09/30/2024
PR0026310,001,61211,Enterococci,230,C3,MAX,Concentration3,#/100mL,230,MPN/100mL,130,#/100mL,,09/30/2024
PR0026310,001,61211,Enterococci,9.3,C3,MAX,Concentration3,#/100mL,9.3,MPN/100mL,130,#/100mL,,10/31/2024
PR0026310,001,61211,Enterococci,10,C2,AVG,Concentration2,#/100mL,10,MPN/100mL,35,#/100mL,,10/31/2024
PR0026310,001,61211,Enterococci,4286,C2,AVG,Concentration2,#/100mL,4286,MPN/100mL,35,#/100mL,,11/30/2024
PR0026310,001,61211,Enterococci,9200,C3,MAX,Concentration3,#/100mL,9200,MPN/100mL,130,#/100mL,,11/30/2024
PR0026310,001,61211,Enterococci,490,C3,MAX,Concentration3,#/100mL,490,MPN/100mL,130,#/100mL,,12/31/2024
PR0026310,001,61211,Enterococci,648,C2,AVG,Concentration2,#/100mL,648,MPN/100mL,35,#/100mL,,12/31/2024
PR0026310,001,61211,Enterococci,23835,C2,AVG,Concentration2,#/100mL,23835,MPN/100mL,35,#/100mL,,01/31/2025
PR0026310,001,61211,Enterococci,35000,C3,MAX,Concentration3,#/100mL,35000,MPN/100mL,130,#/100mL,,01/31/2025
PR0026310,001,61211,Enterococci,11,C3,MAX,Concentration3,#/100mL,11,MPN/100mL,130,#/100mL,,02/28/2025
PR0026310,001,61211,Enterococci,8,C2,AVG,Concentration2,#/100mL,8,MPN/100mL,35,#/100mL,,02/28/2025
PR0026310,001,61211,Enterococci,26,C3,MAX,Concentration3,#/100mL,26,MPN/100mL,130,#/100mL,,03/31/2025
PR0026310,001,61211,Enterococci,18,C2,AVG,Concentration2,#/100mL,18,MPN/100mL,35,#/100mL,,03/31/2025
PR0026310,001,61211,Enterococci,2,C2,AVG,Concentration2,#/100mL,2,MPN/100mL,35,#/100mL,,04/30/2025
PR0026310,001,61211,Enterococci,2,C3,MAX,Concentration3,#/100mL,2,MPN/100mL,130,#/100mL,,04/30/2025
PR0026310,001,61211,Enterococci,8,C2,AVG,Concentration2,#/100mL,8,MPN/100mL,35,#/100mL,,05/31/2025
PR0026310,001,61211,Enterococci,11,C3,MAX,Concentration3,#/100mL,11,MPN/100mL,130,#/100mL,,05/31/2025
PR0026310,001,61211,Enterococci,8,C2,AVG,Concentration2,#/100mL,8,MPN/100mL,35,#/100mL,,06/30/2025
PR0026310,001,61211,Enterococci,13,C3,MAX,Concentration3,#/100mL,13,MPN/100mL,130,#/100mL,,06/30/2025
PR0026310,001,61211,Enterococci,2924,C2,AVG,Concentration2,#/100mL,2924,MPN/100mL,35,#/100mL,,07/31/2025
PR0026310,001,61211,Enterococci,3500,C3,MAX,Concentration3,#/100mL,3500,MPN/100mL,130,#/100mL,,07/31/2025
PR0026310,001,61211,Enterococci,3500,C3,MAX,Concentration3,#/100mL,3500,MPN/100mL,130,#/100mL,,07/31/2025
PR0026310,001,61211,Enterococci,2924,C2,AVG,Concentration2,#/100mL,2924,MPN/100mL,35,#/100mL,,07/31/2025
PR0026310,001,61211,Enterococci,17000,C3,MAX,Concentration3,#/100mL,17000,MPN/100mL,130,#/100mL,,08/31/2025
PR0026310,001,61211,Enterococci,29507,C2,AVG,Concentration2,#/100mL,29507,MPN/100mL,35,#/100mL,,08/31/2025
PR0026310,001,61211,Enterococci,1295,C2,AVG,Concentration2,#/100mL,1295,MPN/100mL,35,#/100mL,,09/30/2025
PR0026310,001,61211,Enterococci,2200,C3,MAX,Concentration3,#/100mL,2200,MPN/100mL,130,#/100mL,,09/30/2025
PR0026310,001,61211,Enterococci,13,C3,MAX,Concentration3,#/100mL,13,MPN/100mL,130,#/100mL,,10/31/2025
PR0026310,001,61211,Enterococci,9,C2,AVG,Concentration2,#/100mL,9,MPN/100mL,35,#/100mL,,10/31/2025
PR0026310,001,61211,Enterococci,22,C3,MAX,Concentration3,#/100mL,22,MPN/100mL,130,#/100mL,,11/30/2025
PR0026310,001,61211,Enterococci,12,C2,AVG,Concentration2,#/100mL,12,MPN/100mL,35,#/100mL,,11/30/2025
PR0026310,001,61211,Enterococci,NA,C2,AVG,Concentration2,,,MPN/100mL,35,#/100mL,,12/31/2025
PR0026310,001,61211,Enterococci,NA,C3,MAX,Concentration3,,,MPN/100mL,130,#/100mL,,12/31/2025
PR0026310,001,70295,"Solids, total dissolved",468,C3,MAX,Concentration3,mg/L,468,mg/L,500,mg/L,,07/31/2020
PR0026310,001,70295,"Solids, total dissolved",NA,C3,MAX,Concentration3,,,mg/L,500,mg/L,,07/31/2021
PR0026310,001,70295,"Solids, total dissolved",NA,C3,MAX,Concentration3,,,mg/L,500,mg/L,,07/31/2022
PR0026310,001,70295,"Solids, total dissolved",256,C3,MAX,Concentration3,mg/L,256,mg/L,500,mg/L,,07/31/2023
PR0026310,001,70295,"Solids, total dissolved",267,C3,MAX,Concentration3,mg/L,267,mg/L,500,mg/L,,07/31/2024
PR0026310,001,70295,"Solids, total dissolved",256,C3,MAX,Concentration3,mg/L,256,mg/L,500,mg/L,,07/31/2025
PR0026310,001,81010,"BOD, 5-day, percent removal",93,C2,MIN,Concentration2,%,93,%,85,%,,01/31/2020
PR0026310,001,81010,"BOD, 5-day, percent removal",95,C2,MIN,Concentration2,%,95,%,85,%,,02/29/2020
PR0026310,001,81010,"BOD, 5-day, percent removal",92,C2,MIN,Concentration2,%,92,%,85,%,,03/31/2020
PR0026310,001,81010,"BOD, 5-day, percent removal",94,C2,MIN,Concentration2,%,94,%,85,%,,04/30/2020
PR0026310,001,81010,"BOD, 5-day, percent removal",94,C2,MIN,Concentration2,%,94,%,85,%,,05/31/2020
PR0026310,001,81010,"BOD, 5-day, percent removal",97,C2,MIN,Concentration2,%,97,%,85,%,,06/30/2020
PR0026310,001,81010,"BOD, 5-day, percent removal",86,C2,MIN,Concentration2,%,86,%,85,%,,07/31/2020
PR0026310,001,81010,"BOD, 5-day, percent removal",96,C2,MIN,Concentration2,%,96,%,85,%,,08/31/2020
PR0026310,001,81010,"BOD, 5-day, percent removal",96,C2,MIN,Concentration2,%,96,%,85,%,,09/30/2020
PR0026310,001,81010,"BOD, 5-day, percent removal",96,C2,MIN,Concentration2,%,96,%,85,%,,10/31/2020
PR0026310,001,81010,"BOD, 5-day, percent removal",96,C2,MIN,Concentration2,%,96,%,85,%,,11/30/2020
PR0026310,001,81010,"BOD, 5-day, percent removal",96,C2,MIN,Concentration2,%,96,%,85,%,,12/31/2020
PR0026310,001,81010,"BOD, 5-day, percent removal",95,C2,MIN,Concentration2,%,95,%,85,%,,01/31/2021
PR0026310,001,81010,"BOD, 5-day, percent removal",97,C2,MIN,Concentration2,%,97,%,85,%,,02/28/2021
PR0026310,001,81010,"BOD, 5-day, percent removal",98,C2,MIN,Concentration2,%,98,%,85,%,,03/31/2021
PR0026310,001,81010,"BOD, 5-day, percent removal",93,C2,MIN,Concentration2,%,93,%,85,%,,04/30/2021
PR0026310,001,81010,"BOD, 5-day, percent removal",97,C2,MIN,Concentration2,%,97,%,85,%,,05/31/2021
PR0026310,001,81010,"BOD, 5-day, percent removal",97,C2,MIN,Concentration2,%,97,%,85,%,,06/30/2021
PR0026310,001,81010,"BOD, 5-day, percent removal",94,C2,MIN,Concentration2,%,94,%,85,%,,07/31/2021
PR0026310,001,81010,"BOD, 5-day, percent removal",85.9,C2,MIN,Concentration2,%,85.9,%,85,%,,08/31/2021
PR0026310,001,81010,"BOD, 5-day, percent removal",90.1,C2,MIN,Concentration2,%,90.1,%,85,%,,09/30/2021
PR0026310,001,81010,"BOD, 5-day, percent removal",92.62,C2,MIN,Concentration2,%,92.62,%,85,%,,10/31/2021
PR0026310,001,81010,"BOD, 5-day, percent removal",79.35,C2,MIN,Concentration2,%,79.35,%,85,%,,11/30/2021
PR0026310,001,81010,"BOD, 5-day, percent removal",94.25,C2,MIN,Concentration2,%,94.25,%,85,%,,12/31/2021
PR0026310,001,81010,"BOD, 5-day, percent removal",97,C2,MIN,Concentration2,%,97,%,85,%,,01/31/2022
PR0026310,001,81010,"BOD, 5-day, percent removal",74,C2,MIN,Concentration2,%,74,%,85,%,,02/28/2022
PR0026310,001,81010,"BOD, 5-day, percent removal",77,C2,MIN,Concentration2,%,77,%,85,%,,03/31/2022
PR0026310,001,81010,"BOD, 5-day, percent removal",94,C2,MIN,Concentration2,%,94,%,85,%,,04/30/2022
PR0026310,001,81010,"BOD, 5-day, percent removal",87,C2,MIN,Concentration2,%,87,%,85,%,,05/31/2022
PR0026310,001,81010,"BOD, 5-day, percent removal",98,C2,MIN,Concentration2,%,98,%,85,%,,06/30/2022
PR0026310,001,81010,"BOD, 5-day, percent removal",93,C2,MIN,Concentration2,%,93,%,85,%,,07/31/2022
PR0026310,001,81010,"BOD, 5-day, percent removal",98,C2,MIN,Concentration2,%,98,%,85,%,,08/31/2022
PR0026310,001,81010,"BOD, 5-day, percent removal",96,C2,MIN,Concentration2,%,96,%,85,%,,09/30/2022
PR0026310,001,81010,"BOD, 5-day, percent removal",98,C2,MIN,Concentration2,%,98,%,85,%,,10/31/2022
PR0026310,001,81010,"BOD, 5-day, percent removal",92,C2,MIN,Concentration2,%,92,%,85,%,,11/30/2022
PR0026310,001,81010,"BOD, 5-day, percent removal",92,C2,MIN,Concentration2,%,92,%,85,%,,12/31/2022
PR0026310,001,81010,"BOD, 5-day, percent removal",96,C2,MIN,Concentration2,%,96,%,85,%,,01/31/2023
PR0026310,001,81010,"BOD, 5-day, percent removal",73,C2,MIN,Concentration2,%,73,%,85,%,,02/28/2023
PR0026310,001,81010,"BOD, 5-day, percent removal",95,C2,MIN,Concentration2,%,95,%,85,%,,03/31/2023
PR0026310,001,81010,"BOD, 5-day, percent removal",67,C2,MIN,Concentration2,%,67,%,85,%,,04/30/2023
PR0026310,001,81010,"BOD, 5-day, percent removal",67,C2,MIN,Concentration2,%,67,%,85,%,,04/30/2023
PR0026310,001,81010,"BOD, 5-day, percent removal",22,C2,MIN,Concentration2,%,22,%,85,%,,05/31/2023
PR0026310,001,81010,"BOD, 5-day, percent removal",22,C2,MIN,Concentration2,%,22,%,85,%,,05/31/2023
PR0026310,001,81010,"BOD, 5-day, percent removal",62,C2,MIN,Concentration2,%,62,%,85,%,,06/30/2023
PR0026310,001,81010,"BOD, 5-day, percent removal",92,C2,MIN,Concentration2,%,92,%,85,%,,07/31/2023
PR0026310,001,81010,"BOD, 5-day, percent removal",94,C2,MIN,Concentration2,%,94,%,85,%,,08/31/2023
PR0026310,001,81010,"BOD, 5-day, percent removal",89,C2,MIN,Concentration2,%,89,%,85,%,,09/30/2023
PR0026310,001,81010,"BOD, 5-day, percent removal",86,C2,MIN,Concentration2,%,86,%,85,%,,10/31/2023
PR0026310,001,81010,"BOD, 5-day, percent removal",96,C2,MIN,Concentration2,%,96,%,85,%,,11/30/2023
PR0026310,001,81010,"BOD, 5-day, percent removal",98,C2,MIN,Concentration2,%,98,%,85,%,,12/31/2023
PR0026310,001,81010,"BOD, 5-day, percent removal",92,C2,MIN,Concentration2,%,92,%,85,%,,01/31/2024
PR0026310,001,81010,"BOD, 5-day, percent removal",48,C2,MIN,Concentration2,%,48,%,85,%,,02/29/2024
PR0026310,001,81010,"BOD, 5-day, percent removal",93,C2,MIN,Concentration2,%,93,%,85,%,,03/31/2024
PR0026310,001,81010,"BOD, 5-day, percent removal",89,C2,MIN,Concentration2,%,89,%,85,%,,04/30/2024
PR0026310,001,81010,"BOD, 5-day, percent removal",83,C2,MIN,Concentration2,%,83,%,85,%,,05/31/2024
PR0026310,001,81010,"BOD, 5-day, percent removal",93,C2,MIN,Concentration2,%,93,%,85,%,,06/30/2024
PR0026310,001,81010,"BOD, 5-day, percent removal",58,C2,MIN,Concentration2,%,58,%,85,%,,07/31/2024
PR0026310,001,81010,"BOD, 5-day, percent removal",86,C2,MIN,Concentration2,%,86,%,85,%,,08/31/2024
PR0026310,001,81010,"BOD, 5-day, percent removal",93,C2,MIN,Concentration2,%,93,%,85,%,,09/30/2024
PR0026310,001,81010,"BOD, 5-day, percent removal",97,C2,MIN,Concentration2,%,97,%,85,%,,10/31/2024
PR0026310,001,81010,"BOD, 5-day, percent removal",79,C2,MIN,Concentration2,%,79,%,85,%,,11/30/2024
PR0026310,001,81010,"BOD, 5-day, percent removal",94,C2,MIN,Concentration2,%,94,%,85,%,,12/31/2024
PR0026310,001,81010,"BOD, 5-day, percent removal",80,C2,MIN,Concentration2,%,80,%,85,%,,01/31/2025
PR0026310,001,81010,"BOD, 5-day, percent removal",68,C2,MIN,Concentration2,%,68,%,85,%,,02/28/2025
PR0026310,001,81010,"BOD, 5-day, percent removal",97,C2,MIN,Concentration2,%,97,%,85,%,,03/31/2025
PR0026310,001,81010,"BOD, 5-day, percent removal",92,C2,MIN,Concentration2,%,92,%,85,%,,04/30/2025
PR0026310,001,81010,"BOD, 5-day, percent removal",98,C2,MIN,Concentration2,%,98,%,85,%,,05/31/2025
PR0026310,001,81010,"BOD, 5-day, percent removal",95,C2,MIN,Concentration2,%,95,%,85,%,,06/30/2025
PR0026310,001,81010,"BOD, 5-day, percent removal",63,C2,MIN,Concentration2,%,63,%,85,%,,07/31/2025
PR0026310,001,81010,"BOD, 5-day, percent removal",63,C2,MIN,Concentration2,%,63,%,85,%,,07/31/2025
PR0026310,001,81010,"BOD, 5-day, percent removal",42,C2,MIN,Concentration2,%,42,%,85,%,,08/31/2025
PR0026310,001,81010,"BOD, 5-day, percent removal",90,C2,MIN,Concentration2,%,90,%,85,%,,09/30/2025
PR0026310,001,81010,"BOD, 5-day, percent removal",75,C2,MIN,Concentration2,%,75,%,85,%,,10/31/2025
PR0026310,001,81010,"BOD, 5-day, percent removal",94,C2,MIN,Concentration2,%,94,%,85,%,,11/30/2025
PR0026310,001,81010,"BOD, 5-day, percent removal",NA,C2,MIN,Concentration2,,,%,85,%,,12/31/2025
PR0026310,001,81011,"Solids, suspended percent removal",88,C2,MIN,Concentration2,%,88,%,85,%,,01/31/2020
PR0026310,001,81011,"Solids, suspended percent removal",94,C2,MIN,Concentration2,%,94,%,85,%,,02/29/2020
PR0026310,001,81011,"Solids, suspended percent removal",88,C2,MIN,Concentration2,%,88,%,85,%,,03/31/2020
PR0026310,001,81011,"Solids, suspended percent removal",96,C2,MIN,Concentration2,%,96,%,85,%,,04/30/2020
PR0026310,001,81011,"Solids, suspended percent removal",89,C2,MIN,Concentration2,%,89,%,85,%,,05/31/2020
PR0026310,001,81011,"Solids, suspended percent removal",95,C2,MIN,Concentration2,%,95,%,85,%,,06/30/2020
PR0026310,001,81011,"Solids, suspended percent removal",89,C2,MIN,Concentration2,%,89,%,85,%,,07/31/2020
PR0026310,001,81011,"Solids, suspended percent removal",98,C2,MIN,Concentration2,%,98,%,85,%,,08/31/2020
PR0026310,001,81011,"Solids, suspended percent removal",98,C2,MIN,Concentration2,%,98,%,85,%,,09/30/2020
PR0026310,001,81011,"Solids, suspended percent removal",98,C2,MIN,Concentration2,%,98,%,85,%,,10/31/2020
PR0026310,001,81011,"Solids, suspended percent removal",97,C2,MIN,Concentration2,%,97,%,85,%,,11/30/2020
PR0026310,001,81011,"Solids, suspended percent removal",98,C2,MIN,Concentration2,%,98,%,85,%,,12/31/2020
PR0026310,001,81011,"Solids, suspended percent removal",98,C2,MIN,Concentration2,%,98,%,85,%,,01/31/2021
PR0026310,001,81011,"Solids, suspended percent removal",94,C2,MIN,Concentration2,%,94,%,85,%,,02/28/2021
PR0026310,001,81011,"Solids, suspended percent removal",98,C2,MIN,Concentration2,%,98,%,85,%,,03/31/2021
PR0026310,001,81011,"Solids, suspended percent removal",97,C2,MIN,Concentration2,%,97,%,85,%,,04/30/2021
PR0026310,001,81011,"Solids, suspended percent removal",97,C2,MIN,Concentration2,%,97,%,85,%,,05/31/2021
PR0026310,001,81011,"Solids, suspended percent removal",90,C2,MIN,Concentration2,%,90,%,85,%,,06/30/2021
PR0026310,001,81011,"Solids, suspended percent removal",97.5,C2,MIN,Concentration2,%,97.5,%,85,%,,07/31/2021
PR0026310,001,81011,"Solids, suspended percent removal",83.4,C2,MIN,Concentration2,%,83.4,%,85,%,,08/31/2021
PR0026310,001,81011,"Solids, suspended percent removal",97,C2,MIN,Concentration2,%,97,%,85,%,,09/30/2021
PR0026310,001,81011,"Solids, suspended percent removal",95.58,C2,MIN,Concentration2,%,95.58,%,85,%,,10/31/2021
PR0026310,001,81011,"Solids, suspended percent removal",94.5,C2,MIN,Concentration2,%,94.5,%,85,%,,11/30/2021
PR0026310,001,81011,"Solids, suspended percent removal",95.05,C2,MIN,Concentration2,%,95.05,%,85,%,,12/31/2021
PR0026310,001,81011,"Solids, suspended percent removal",100,C2,MIN,Concentration2,%,100,%,85,%,,01/31/2022
PR0026310,001,81011,"Solids, suspended percent removal",100,C2,MIN,Concentration2,%,100,%,85,%,,02/28/2022
PR0026310,001,81011,"Solids, suspended percent removal",100,C2,MIN,Concentration2,%,100,%,85,%,,03/31/2022
PR0026310,001,81011,"Solids, suspended percent removal",100,C2,MIN,Concentration2,%,100,%,85,%,,04/30/2022
PR0026310,001,81011,"Solids, suspended percent removal",100,C2,MIN,Concentration2,%,100,%,85,%,,05/31/2022
PR0026310,001,81011,"Solids, suspended percent removal",100,C2,MIN,Concentration2,%,100,%,85,%,,06/30/2022
PR0026310,001,81011,"Solids, suspended percent removal",100,C2,MIN,Concentration2,%,100,%,85,%,,07/31/2022
PR0026310,001,81011,"Solids, suspended percent removal",100,C2,MIN,Concentration2,%,100,%,85,%,,08/31/2022
PR0026310,001,81011,"Solids, suspended percent removal",100,C2,MIN,Concentration2,%,100,%,85,%,,09/30/2022
PR0026310,001,81011,"Solids, suspended percent removal",94,C2,MIN,Concentration2,%,94,%,85,%,,10/31/2022
PR0026310,001,81011,"Solids, suspended percent removal",100,C2,MIN,Concentration2,%,100,%,85,%,,11/30/2022
PR0026310,001,81011,"Solids, suspended percent removal",100,C2,MIN,Concentration2,%,100,%,85,%,,12/31/2022
PR0026310,001,81011,"Solids, suspended percent removal",100,C2,MIN,Concentration2,%,100,%,85,%,,01/31/2023
PR0026310,001,81011,"Solids, suspended percent removal",85,C2,MIN,Concentration2,%,85,%,85,%,,02/28/2023
PR0026310,001,81011,"Solids, suspended percent removal",100,C2,MIN,Concentration2,%,100,%,85,%,,03/31/2023
PR0026310,001,81011,"Solids, suspended percent removal",100,C2,MIN,Concentration2,%,100,%,85,%,,04/30/2023
PR0026310,001,81011,"Solids, suspended percent removal",100,C2,MIN,Concentration2,%,100,%,85,%,,05/31/2023
PR0026310,001,81011,"Solids, suspended percent removal",100,C2,MIN,Concentration2,%,100,%,85,%,,06/30/2023
PR0026310,001,81011,"Solids, suspended percent removal",81,C2,MIN,Concentration2,%,81,%,85,%,,07/31/2023
PR0026310,001,81011,"Solids, suspended percent removal",97,C2,MIN,Concentration2,%,97,%,85,%,,08/31/2023
PR0026310,001,81011,"Solids, suspended percent removal",87,C2,MIN,Concentration2,%,87,%,85,%,,09/30/2023
PR0026310,001,81011,"Solids, suspended percent removal",82,C2,MIN,Concentration2,%,82,%,85,%,,10/31/2023
PR0026310,001,81011,"Solids, suspended percent removal",100,C2,MIN,Concentration2,%,100,%,85,%,,11/30/2023
PR0026310,001,81011,"Solids, suspended percent removal",100,C2,MIN,Concentration2,%,100,%,85,%,,12/31/2023
PR0026310,001,81011,"Solids, suspended percent removal",100,C2,MIN,Concentration2,%,100,%,85,%,,01/31/2024
PR0026310,001,81011,"Solids, suspended percent removal",100,C2,MIN,Concentration2,%,100,%,85,%,,02/29/2024
PR0026310,001,81011,"Solids, suspended percent removal",96,C2,MIN,Concentration2,%,96,%,85,%,,03/31/2024
PR0026310,001,81011,"Solids, suspended percent removal",100,C2,MIN,Concentration2,%,100,%,85,%,,04/30/2024
PR0026310,001,81011,"Solids, suspended percent removal",100,C2,MIN,Concentration2,%,100,%,85,%,,05/31/2024
PR0026310,001,81011,"Solids, suspended percent removal",100,C2,MIN,Concentration2,%,100,%,85,%,,06/30/2024
PR0026310,001,81011,"Solids, suspended percent removal",0,C2,MIN,Concentration2,%,0,%,85,%,,07/31/2024
PR0026310,001,81011,"Solids, suspended percent removal",0,C2,MIN,Concentration2,%,0,%,85,%,,08/31/2024
PR0026310,001,81011,"Solids, suspended percent removal",100,C2,MIN,Concentration2,%,100,%,85,%,,09/30/2024
PR0026310,001,81011,"Solids, suspended percent removal",87,C2,MIN,Concentration2,%,87,%,85,%,,10/31/2024
PR0026310,001,81011,"Solids, suspended percent removal",80,C2,MIN,Concentration2,%,80,%,85,%,,11/30/2024
PR0026310,001,81011,"Solids, suspended percent removal",100,C2,MIN,Concentration2,%,100,%,85,%,,12/31/2024
PR0026310,001,81011,"Solids, suspended percent removal",89,C2,MIN,Concentration2,%,89,%,85,%,,01/31/2025
PR0026310,001,81011,"Solids, suspended percent removal",57,C2,MIN,Concentration2,%,57,%,85,%,,02/28/2025
PR0026310,001,81011,"Solids, suspended percent removal",100,C2,MIN,Concentration2,%,100,%,85,%,,03/31/2025
PR0026310,001,81011,"Solids, suspended percent removal",100,C2,MIN,Concentration2,%,100,%,85,%,,04/30/2025
PR0026310,001,81011,"Solids, suspended percent removal",100,C2,MIN,Concentration2,%,100,%,85,%,,05/31/2025
PR0026310,001,81011,"Solids, suspended percent removal",100,C2,MIN,Concentration2,%,100,%,85,%,,06/30/2025
PR0026310,001,81011,"Solids, suspended percent removal",100,C2,MIN,Concentration2,%,100,%,85,%,,07/31/2025
PR0026310,001,81011,"Solids, suspended percent removal",80,C2,MIN,Concentration2,%,80,%,85,%,,08/31/2025
PR0026310,001,81011,"Solids, suspended percent removal",85,C2,MIN,Concentration2,%,85,%,85,%,,09/30/2025
PR0026310,001,81011,"Solids, suspended percent removal",100,C2,MIN,Concentration2,%,100,%,85,%,,10/31/2025
PR0026310,001,81011,"Solids, suspended percent removal",100,C2,MIN,Concentration2,%,100,%,85,%,,11/30/2025
PR0026310,001,81011,"Solids, suspended percent removal",NA,C2,MIN,Concentration2,,,%,85,%,,12/31/2025
PR0026310,001,82230,Ammonia & ammonium- total,292,C3,MAX,Concentration3,mg/L,292,mg/L,,mg/L,,01/31/2020
PR0026310,001,82230,Ammonia & ammonium- total,15.9,C3,MAX,Concentration3,mg/L,15.9,mg/L,,mg/L,,02/29/2020
PR0026310,001,82230,Ammonia & ammonium- total,0.16,C3,MAX,Concentration3,mg/L,.16,mg/L,,mg/L,,03/31/2020
PR0026310,001,82230,Ammonia & ammonium- total,0.16,C3,MAX,Concentration3,mg/L,.16,mg/L,,mg/L,,04/30/2020
PR0026310,001,82230,Ammonia & ammonium- total,9.22,C3,MAX,Concentration3,mg/L,9.22,mg/L,,mg/L,,05/31/2020
PR0026310,001,82230,Ammonia & ammonium- total,27.8,C3,MAX,Concentration3,mg/L,27.8,mg/L,,mg/L,,06/30/2020
PR0026310,001,82230,Ammonia & ammonium- total,18.3,C3,MAX,Concentration3,mg/L,18.3,mg/L,,mg/L,,07/31/2020
PR0026310,001,82230,Ammonia & ammonium- total,0.05,C3,MAX,Concentration3,mg/L,.05,mg/L,,mg/L,,08/31/2020
PR0026310,001,82230,Ammonia & ammonium- total,3.04,C3,MAX,Concentration3,mg/L,3.04,mg/L,,mg/L,,09/30/2020
PR0026310,001,82230,Ammonia & ammonium- total,9.89,C3,MAX,Concentration3,mg/L,9.89,mg/L,,mg/L,,10/31/2020
PR0026310,001,82230,Ammonia & ammonium- total,0.05,C3,MAX,Concentration3,mg/L,.05,mg/L,,mg/L,,11/30/2020
PR0026310,001,82230,Ammonia & ammonium- total,0.99,C3,MAX,Concentration3,mg/L,.99,mg/L,,mg/L,,12/31/2020
PR0026310,001,82230,Ammonia & ammonium- total,0.05,C3,MAX,Concentration3,mg/L,.05,mg/L,,mg/L,,01/31/2021
PR0026310,001,82230,Ammonia & ammonium- total,13.2,C3,MAX,Concentration3,mg/L,13.2,mg/L,,mg/L,,02/28/2021
PR0026310,001,82230,Ammonia & ammonium- total,29.5,C3,MAX,Concentration3,mg/L,29.5,mg/L,,mg/L,,03/31/2021
PR0026310,001,82230,Ammonia & ammonium- total,14.62,C3,MAX,Concentration3,mg/L,14.62,mg/L,,mg/L,,04/30/2021
PR0026310,001,82230,Ammonia & ammonium- total,1.19,C3,MAX,Concentration3,mg/L,1.19,mg/L,,mg/L,,05/31/2021
PR0026310,001,82230,Ammonia & ammonium- total,0.1,C3,MAX,Concentration3,mg/L,.1,mg/L,,mg/L,,06/30/2021
PR0026310,001,82230,Ammonia & ammonium- total,10.2,C3,MAX,Concentration3,mg/L,10.2,mg/L,,mg/L,,07/31/2021
PR0026310,001,82230,Ammonia & ammonium- total,19.9,C3,MAX,Concentration3,mg/L,19.9,mg/L,,mg/L,,08/31/2021
PR0026310,001,82230,Ammonia & ammonium- total,0.42,C3,MAX,Concentration3,mg/L,.42,mg/L,,mg/L,,09/30/2021
PR0026310,001,82230,Ammonia & ammonium- total,0.1,C3,MAX,Concentration3,mg/L,.1,mg/L,,mg/L,,10/31/2021
PR0026310,001,82230,Ammonia & ammonium- total,0.2,C3,MAX,Concentration3,mg/L,.2,mg/L,,mg/L,,11/30/2021
PR0026310,001,82230,Ammonia & ammonium- total,0.21,C3,MAX,Concentration3,mg/L,.21,mg/L,,mg/L,,12/31/2021
PR0026310,001,82230,Ammonia & ammonium- total,0.14,C3,MAX,Concentration3,mg/L,.14,mg/L,,mg/L,,01/31/2022
PR0026310,001,82230,Ammonia & ammonium- total,710,C3,MAX,Concentration3,ug/L,.71000003,mg/L,,mg/L,,02/28/2022
PR0026310,001,82230,Ammonia & ammonium- total,0.24,C3,MAX,Concentration3,mg/L,.24,mg/L,,mg/L,,03/31/2022
PR0026310,001,82230,Ammonia & ammonium- total,0,C3,MAX,Concentration3,mg/L,0,mg/L,,mg/L,,04/30/2022
PR0026310,001,82230,Ammonia & ammonium- total,0,C3,MAX,Concentration3,mg/L,0,mg/L,,mg/L,,05/31/2022
PR0026310,001,82230,Ammonia & ammonium- total,0,C3,MAX,Concentration3,mg/L,0,mg/L,,mg/L,,06/30/2022
PR0026310,001,82230,Ammonia & ammonium- total,0.16,C3,MAX,Concentration3,mg/L,.16,mg/L,,mg/L,,07/31/2022
PR0026310,001,82230,Ammonia & ammonium- total,0,C3,MAX,Concentration3,mg/L,0,mg/L,,mg/L,,08/31/2022
PR0026310,001,82230,Ammonia & ammonium- total,0,C3,MAX,Concentration3,mg/L,0,mg/L,,mg/L,,09/30/2022
PR0026310,001,82230,Ammonia & ammonium- total,7.32,C3,MAX,Concentration3,mg/L,7.32,mg/L,,mg/L,,10/31/2022
PR0026310,001,82230,Ammonia & ammonium- total,0.2,C3,MAX,Concentration3,mg/L,.2,mg/L,,mg/L,,11/30/2022
PR0026310,001,82230,Ammonia & ammonium- total,0.1,C3,MAX,Concentration3,mg/L,.1,mg/L,,mg/L,,12/31/2022
PR0026310,001,82230,Ammonia & ammonium- total,2.49,C3,MAX,Concentration3,mg/L,2.49,mg/L,,mg/L,,01/31/2023
PR0026310,001,82230,Ammonia & ammonium- total,0.1,C3,MAX,Concentration3,mg/L,.1,mg/L,,mg/L,,02/28/2023
PR0026310,001,82230,Ammonia & ammonium- total,4.34,C3,MAX,Concentration3,mg/L,4.34,mg/L,,mg/L,,03/31/2023
PR0026310,001,82230,Ammonia & ammonium- total,1.41,C3,MAX,Concentration3,mg/L,1.41,mg/L,,mg/L,,04/30/2023
PR0026310,001,82230,Ammonia & ammonium- total,0.1,C3,MAX,Concentration3,mg/L,.1,mg/L,,mg/L,,05/31/2023
PR0026310,001,82230,Ammonia & ammonium- total,0.37,C3,MAX,Concentration3,mg/L,.37,mg/L,,mg/L,,06/30/2023
PR0026310,001,82230,Ammonia & ammonium- total,13.9,C3,MAX,Concentration3,mg/L,13.9,mg/L,,mg/L,,07/31/2023
PR0026310,001,82230,Ammonia & ammonium- total,5.52,C3,MAX,Concentration3,mg/L,5.52,mg/L,,mg/L,,08/31/2023
PR0026310,001,82230,Ammonia & ammonium- total,0.17,C3,MAX,Concentration3,mg/L,.17,mg/L,,mg/L,,09/30/2023
PR0026310,001,82230,Ammonia & ammonium- total,0.1,C3,MAX,Concentration3,mg/L,.1,mg/L,,mg/L,,10/31/2023
PR0026310,001,82230,Ammonia & ammonium- total,0.1,C3,MAX,Concentration3,mg/L,.1,mg/L,,mg/L,,11/30/2023
PR0026310,001,82230,Ammonia & ammonium- total,0.1,C3,MAX,Concentration3,mg/L,.1,mg/L,,mg/L,,12/31/2023
PR0026310,001,82230,Ammonia & ammonium- total,0.71,C3,MAX,Concentration3,mg/L,.71,mg/L,,mg/L,,01/31/2024
PR0026310,001,82230,Ammonia & ammonium- total,0.1,C3,MAX,Concentration3,mg/L,.1,mg/L,,mg/L,,02/29/2024
PR0026310,001,82230,Ammonia & ammonium- total,11.4,C3,MAX,Concentration3,mg/L,11.4,mg/L,,mg/L,,03/31/2024
PR0026310,001,82230,Ammonia & ammonium- total,6.77,C3,MAX,Concentration3,mg/L,6.77,mg/L,,mg/L,,04/30/2024
PR0026310,001,82230,Ammonia & ammonium- total,0.1,C3,MAX,Concentration3,mg/L,.1,mg/L,,mg/L,,05/31/2024
PR0026310,001,82230,Ammonia & ammonium- total,0.89,C3,MAX,Concentration3,mg/L,.89,mg/L,,mg/L,,06/30/2024
PR0026310,001,82230,Ammonia & ammonium- total,4.63,C3,MAX,Concentration3,mg/L,4.63,mg/L,,mg/L,,07/31/2024
PR0026310,001,82230,Ammonia & ammonium- total,10.6,C3,MAX,Concentration3,mg/L,10.6,mg/L,,mg/L,,08/31/2024
PR0026310,001,82230,Ammonia & ammonium- total,0.1,C3,MAX,Concentration3,mg/L,.1,mg/L,,mg/L,,09/30/2024
PR0026310,001,82230,Ammonia & ammonium- total,0.1,C3,MAX,Concentration3,mg/L,.1,mg/L,,mg/L,,10/31/2024
PR0026310,001,82230,Ammonia & ammonium- total,0.1,C3,MAX,Concentration3,mg/L,.1,mg/L,,mg/L,,11/30/2024
PR0026310,001,82230,Ammonia & ammonium- total,11.4,C3,MAX,Concentration3,mg/L,11.4,mg/L,,mg/L,,12/31/2024
PR0026310,001,82230,Ammonia & ammonium- total,30,C3,MAX,Concentration3,mg/L,30,mg/L,,mg/L,,01/31/2025
PR0026310,001,82230,Ammonia & ammonium- total,13.3,C3,MAX,Concentration3,mg/L,13.3,mg/L,,mg/L,,02/28/2025
PR0026310,001,82230,Ammonia & ammonium- total,11.5,C3,MAX,Concentration3,mg/L,11.5,mg/L,,mg/L,,03/31/2025
PR0026310,001,82230,Ammonia & ammonium- total,3.36,C3,MAX,Concentration3,mg/L,3.36,mg/L,,mg/L,,04/30/2025
PR0026310,001,82230,Ammonia & ammonium- total,0.1,C3,MAX,Concentration3,mg/L,.1,mg/L,,mg/L,,05/31/2025
PR0026310,001,82230,Ammonia & ammonium- total,0.1,C3,MAX,Concentration3,mg/L,.1,mg/L,,mg/L,,06/30/2025
PR0026310,001,82230,Ammonia & ammonium- total,18.4,C3,MAX,Concentration3,mg/L,18.4,mg/L,,mg/L,,07/31/2025
PR0026310,001,82230,Ammonia & ammonium- total,25.7,C3,MAX,Concentration3,mg/L,25.7,mg/L,,mg/L,,08/31/2025
PR0026310,001,82230,Ammonia & ammonium- total,17.9,C3,MAX,Concentration3,mg/L,17.9,mg/L,,mg/L,,09/30/2025
PR0026310,001,82230,Ammonia & ammonium- total,0.1,C3,MAX,Concentration3,mg/L,.1,mg/L,,mg/L,,10/31/2025
PR0026310,001,82230,Ammonia & ammonium- total,0.1,C3,MAX,Concentration3,mg/L,.1,mg/L,,mg/L,,11/30/2025
PR0026310,001,82230,Ammonia & ammonium- total,NA,C3,MAX,Concentration3,,,mg/L,,mg/L,,12/31/2025
