npdes_id,perm_feature_nmbr,parameter_code,parameter_desc,dmr_value_nmbr,value_type_code,statistical_base_type_code,value_type_desc,dmr_unit_desc,dmr_value_standard_units,standard_unit_desc,limit_value_nmbr,limit_unit_desc,nodi_code,monitoring_period_end_date
PR0025861,001,00010,"Temperature, water deg. centigrade",25,C3,MAX,Concentration3,deg C,25,deg C,32.2,deg C,,01/31/2020
PR0025861,001,00010,"Temperature, water deg. centigrade",25,C3,MAX,Concentration3,deg C,25,deg C,32.2,deg C,,02/29/2020
PR0025861,001,00010,"Temperature, water deg. centigrade",25,C3,MAX,Concentration3,deg C,25,deg C,32.2,deg C,,03/31/2020
PR0025861,001,00010,"Temperature, water deg. centigrade",26,C3,MAX,Concentration3,deg C,26,deg C,32.2,deg C,,04/30/2020
PR0025861,001,00010,"Temperature, water deg. centigrade",27,C3,MAX,Concentration3,deg C,27,deg C,32.2,deg C,,05/31/2020
PR0025861,001,00010,"Temperature, water deg. centigrade",28,C3,MAX,Concentration3,deg C,28,deg C,32.2,deg C,,06/30/2020
PR0025861,001,00010,"Temperature, water deg. centigrade",28,C3,MAX,Concentration3,deg C,28,deg C,32.2,deg C,,07/31/2020
PR0025861,001,00010,"Temperature, water deg. centigrade",28,C3,MAX,Concentration3,deg C,28,deg C,32.2,deg C,,08/31/2020
PR0025861,001,00010,"Temperature, water deg. centigrade",28,C3,MAX,Concentration3,deg C,28,deg C,32.2,deg C,,09/30/2020
PR0025861,001,00010,"Temperature, water deg. centigrade",27,C3,MAX,Concentration3,deg C,27,deg C,32.2,deg C,,10/31/2020
PR0025861,001,00010,"Temperature, water deg. centigrade",26,C3,MAX,Concentration3,deg C,26,deg C,32.2,deg C,,11/30/2020
PR0025861,001,00010,"Temperature, water deg. centigrade",26,C3,MAX,Concentration3,deg C,26,deg C,32.2,deg C,,12/31/2020
PR0025861,001,00010,"Temperature, water deg. centigrade",25,C3,MAX,Concentration3,deg C,25,deg C,32.2,deg C,,01/31/2021
PR0025861,001,00010,"Temperature, water deg. centigrade",25,C3,MAX,Concentration3,deg C,25,deg C,32.2,deg C,,02/28/2021
PR0025861,001,00010,"Temperature, water deg. centigrade",25,C3,MAX,Concentration3,deg C,25,deg C,32.2,deg C,,03/31/2021
PR0025861,001,00010,"Temperature, water deg. centigrade",26,C3,MAX,Concentration3,deg C,26,deg C,32.2,deg C,,04/30/2021
PR0025861,001,00010,"Temperature, water deg. centigrade",27,C3,MAX,Concentration3,deg C,27,deg C,32.2,deg C,,05/31/2021
PR0025861,001,00010,"Temperature, water deg. centigrade",27,C3,MAX,Concentration3,deg C,27,deg C,32.2,deg C,,06/30/2021
PR0025861,001,00010,"Temperature, water deg. centigrade",27,C3,MAX,Concentration3,deg C,27,deg C,32.2,deg C,,07/31/2021
PR0025861,001,00010,"Temperature, water deg. centigrade",28,C3,MAX,Concentration3,deg C,28,deg C,32.2,deg C,,08/31/2021
PR0025861,001,00010,"Temperature, water deg. centigrade",28,C3,MAX,Concentration3,deg C,28,deg C,32.2,deg C,,09/30/2021
PR0025861,001,00010,"Temperature, water deg. centigrade",27,C3,MAX,Concentration3,deg C,27,deg C,32.2,deg C,,10/31/2021
PR0025861,001,00010,"Temperature, water deg. centigrade",27,C3,MAX,Concentration3,deg C,27,deg C,32.2,deg C,,11/30/2021
PR0025861,001,00010,"Temperature, water deg. centigrade",25,C3,MAX,Concentration3,deg C,25,deg C,32.2,deg C,,12/31/2021
PR0025861,001,00010,"Temperature, water deg. centigrade",25,C3,MAX,Concentration3,deg C,25,deg C,32.2,deg C,,01/31/2022
PR0025861,001,00010,"Temperature, water deg. centigrade",25,C3,MAX,Concentration3,deg C,25,deg C,32.2,deg C,,02/28/2022
PR0025861,001,00010,"Temperature, water deg. centigrade",25,C3,MAX,Concentration3,deg C,25,deg C,32.2,deg C,,03/31/2022
PR0025861,001,00010,"Temperature, water deg. centigrade",26,C3,MAX,Concentration3,deg C,26,deg C,32.2,deg C,,04/30/2022
PR0025861,001,00010,"Temperature, water deg. centigrade",27,C3,MAX,Concentration3,deg C,27,deg C,32.2,deg C,,05/31/2022
PR0025861,001,00010,"Temperature, water deg. centigrade",36,C3,MAX,Concentration3,deg C,36,deg C,32.2,deg C,,06/30/2022
PR0025861,001,00010,"Temperature, water deg. centigrade",27,C3,MAX,Concentration3,deg C,27,deg C,32.2,deg C,,07/31/2022
PR0025861,001,00010,"Temperature, water deg. centigrade",27,C3,MAX,Concentration3,deg C,27,deg C,32.2,deg C,,08/31/2022
PR0025861,001,00010,"Temperature, water deg. centigrade",27,C3,MAX,Concentration3,deg C,27,deg C,32.2,deg C,,09/30/2022
PR0025861,001,00010,"Temperature, water deg. centigrade",27,C3,MAX,Concentration3,deg C,27,deg C,32.2,deg C,,10/31/2022
PR0025861,001,00010,"Temperature, water deg. centigrade",26,C3,MAX,Concentration3,deg C,26,deg C,32.2,deg C,,11/30/2022
PR0025861,001,00010,"Temperature, water deg. centigrade",25,C3,MAX,Concentration3,deg C,25,deg C,32.2,deg C,,12/31/2022
PR0025861,001,00010,"Temperature, water deg. centigrade",25,C3,MAX,Concentration3,deg C,25,deg C,32.2,deg C,,01/31/2023
PR0025861,001,00010,"Temperature, water deg. centigrade",24,C3,MAX,Concentration3,deg C,24,deg C,32.2,deg C,,02/28/2023
PR0025861,001,00010,"Temperature, water deg. centigrade",25,C3,MAX,Concentration3,deg C,25,deg C,32.2,deg C,,03/31/2023
PR0025861,001,00010,"Temperature, water deg. centigrade",26,C3,MAX,Concentration3,deg C,26,deg C,32.2,deg C,,04/30/2023
PR0025861,001,00010,"Temperature, water deg. centigrade",27,C3,MAX,Concentration3,deg C,27,deg C,32.2,deg C,,05/31/2023
PR0025861,001,00010,"Temperature, water deg. centigrade",27,C3,MAX,Concentration3,deg C,27,deg C,32.2,deg C,,06/30/2023
PR0025861,001,00010,"Temperature, water deg. centigrade",27,C3,MAX,Concentration3,deg C,27,deg C,32.2,deg C,,07/31/2023
PR0025861,001,00010,"Temperature, water deg. centigrade",27,C3,MAX,Concentration3,deg C,27,deg C,32.2,deg C,,08/31/2023
PR0025861,001,00010,"Temperature, water deg. centigrade",27,C3,MAX,Concentration3,deg C,27,deg C,32.2,deg C,,09/30/2023
PR0025861,001,00010,"Temperature, water deg. centigrade",27,C3,MAX,Concentration3,deg C,27,deg C,32.2,deg C,,10/31/2023
PR0025861,001,00010,"Temperature, water deg. centigrade",27,C3,MAX,Concentration3,deg C,27,deg C,32.2,deg C,,11/30/2023
PR0025861,001,00010,"Temperature, water deg. centigrade",25,C3,MAX,Concentration3,deg C,25,deg C,32.2,deg C,,12/31/2023
PR0025861,001,00010,"Temperature, water deg. centigrade",24,C3,MAX,Concentration3,deg C,24,deg C,32.2,deg C,,01/31/2024
PR0025861,001,00010,"Temperature, water deg. centigrade",24,C3,MAX,Concentration3,deg C,24,deg C,32.2,deg C,,02/29/2024
PR0025861,001,00010,"Temperature, water deg. centigrade",25,C3,MAX,Concentration3,deg C,25,deg C,32.2,deg C,,03/31/2024
PR0025861,001,00010,"Temperature, water deg. centigrade",26,C3,MAX,Concentration3,deg C,26,deg C,32.2,deg C,,04/30/2024
PR0025861,001,00010,"Temperature, water deg. centigrade",27,C3,MAX,Concentration3,deg C,27,deg C,32.2,deg C,,05/31/2024
PR0025861,001,00010,"Temperature, water deg. centigrade",28,C3,MAX,Concentration3,deg C,28,deg C,32.2,deg C,,06/30/2024
PR0025861,001,00010,"Temperature, water deg. centigrade",27,C3,MAX,Concentration3,deg C,27,deg C,32.2,deg C,,07/31/2024
PR0025861,001,00010,"Temperature, water deg. centigrade",28,C3,MAX,Concentration3,deg C,28,deg C,32.2,deg C,,08/31/2024
PR0025861,001,00010,"Temperature, water deg. centigrade",28,C3,MAX,Concentration3,deg C,28,deg C,32.2,deg C,,09/30/2024
PR0025861,001,00010,"Temperature, water deg. centigrade",27,C3,MAX,Concentration3,deg C,27,deg C,32.2,deg C,,10/31/2024
PR0025861,001,00010,"Temperature, water deg. centigrade",26,C3,MAX,Concentration3,deg C,26,deg C,32.2,deg C,,11/30/2024
PR0025861,001,00010,"Temperature, water deg. centigrade",25,C3,MAX,Concentration3,deg C,25,deg C,32.2,deg C,,12/31/2024
PR0025861,001,00010,"Temperature, water deg. centigrade",24,C3,MAX,Concentration3,deg C,24,deg C,32.2,deg C,,01/31/2025
PR0025861,001,00010,"Temperature, water deg. centigrade",24,C3,MAX,Concentration3,deg C,24,deg C,32.2,deg C,,02/28/2025
PR0025861,001,00010,"Temperature, water deg. centigrade",25,C3,MAX,Concentration3,deg C,25,deg C,32.2,deg C,,03/31/2025
PR0025861,001,00010,"Temperature, water deg. centigrade",25,C3,MAX,Concentration3,deg C,25,deg C,32.2,deg C,,04/30/2025
PR0025861,001,00010,"Temperature, water deg. centigrade",25,C3,MAX,Concentration3,deg C,25,deg C,32.2,deg C,,05/31/2025
PR0025861,001,00010,"Temperature, water deg. centigrade",25,C3,MAX,Concentration3,deg C,25,deg C,32.2,deg C,,06/30/2025
PR0025861,001,00010,"Temperature, water deg. centigrade",26,C3,MAX,Concentration3,deg C,26,deg C,32.2,deg C,,07/31/2025
PR0025861,001,00010,"Temperature, water deg. centigrade",27,C3,MAX,Concentration3,deg C,27,deg C,32.2,deg C,,08/31/2025
PR0025861,001,00010,"Temperature, water deg. centigrade",27,C3,MAX,Concentration3,deg C,27,deg C,32.2,deg C,,09/30/2025
PR0025861,001,00010,"Temperature, water deg. centigrade",26,C3,MAX,Concentration3,deg C,26,deg C,32.2,deg C,,10/31/2025
PR0025861,001,00010,"Temperature, water deg. centigrade",26,C3,MAX,Concentration3,deg C,26,deg C,32.2,deg C,,11/30/2025
PR0025861,001,00010,"Temperature, water deg. centigrade",25,C3,MAX,Concentration3,deg C,25,deg C,32.2,deg C,,12/31/2025
PR0025861,001,00010,"Temperature, water deg. centigrade",24,C3,MAX,Concentration3,deg C,24,deg C,32.2,deg C,,01/31/2026
PR0025861,001,00070,Turbidity,10,C3,MAX,Concentration3,NTU,10,NTU,50,NTU,,03/31/2020
PR0025861,001,00070,Turbidity,2.8,C3,MAX,Concentration3,NTU,2.8,NTU,50,NTU,,06/30/2020
PR0025861,001,00070,Turbidity,2.1,C3,MAX,Concentration3,NTU,2.1,NTU,50,NTU,,09/30/2020
PR0025861,001,00070,Turbidity,0.4,C3,MAX,Concentration3,NTU,.4,NTU,50,NTU,,12/31/2020
PR0025861,001,00070,Turbidity,0.8,C3,MAX,Concentration3,NTU,.8,NTU,50,NTU,,03/31/2021
PR0025861,001,00070,Turbidity,0.9,C3,MAX,Concentration3,NTU,.9,NTU,50,NTU,,06/30/2021
PR0025861,001,00070,Turbidity,0.85,C3,MAX,Concentration3,NTU,.85,NTU,50,NTU,,09/30/2021
PR0025861,001,00070,Turbidity,0.85,C3,MAX,Concentration3,NTU,.85,NTU,50,NTU,,12/31/2021
PR0025861,001,00070,Turbidity,1.6,C3,MAX,Concentration3,NTU,1.6,NTU,50,NTU,,03/31/2022
PR0025861,001,00070,Turbidity,0.6,C3,MAX,Concentration3,NTU,.6,NTU,50,NTU,,06/30/2022
PR0025861,001,00070,Turbidity,0.4,C3,MAX,Concentration3,NTU,.4,NTU,50,NTU,,09/30/2022
PR0025861,001,00070,Turbidity,0.45,C3,MAX,Concentration3,NTU,.45,NTU,50,NTU,,12/31/2022
PR0025861,001,00070,Turbidity,0.85,C3,MAX,Concentration3,NTU,.85,NTU,50,NTU,,03/31/2023
PR0025861,001,00070,Turbidity,0.65,C3,MAX,Concentration3,NTU,.65,NTU,50,NTU,,06/30/2023
PR0025861,001,00070,Turbidity,0.35,C3,MAX,Concentration3,NTU,.35,NTU,50,NTU,,09/30/2023
PR0025861,001,00070,Turbidity,0.8,C3,MAX,Concentration3,NTU,.8,NTU,50,NTU,,12/31/2023
PR0025861,001,00070,Turbidity,1,C3,MAX,Concentration3,NTU,1,NTU,50,NTU,,03/31/2024
PR0025861,001,00070,Turbidity,0.5,C3,MAX,Concentration3,NTU,.5,NTU,50,NTU,,06/30/2024
PR0025861,001,00070,Turbidity,0.55,C3,MAX,Concentration3,NTU,.55,NTU,50,NTU,,09/30/2024
PR0025861,001,00070,Turbidity,0.75,C3,MAX,Concentration3,NTU,.75,NTU,50,NTU,,12/31/2024
PR0025861,001,00070,Turbidity,0.6,C3,MAX,Concentration3,NTU,.6,NTU,50,NTU,,03/31/2025
PR0025861,001,00070,Turbidity,0.5,C3,MAX,Concentration3,NTU,.5,NTU,50,NTU,,06/30/2025
PR0025861,001,00070,Turbidity,1.3,C3,MAX,Concentration3,NTU,1.3,NTU,50,NTU,,09/30/2025
PR0025861,001,00070,Turbidity,0.5,C3,MAX,Concentration3,NTU,.5,NTU,50,NTU,,12/31/2025
PR0025861,001,00080,Color [PT-CO units],20,C3,MAX,Concentration3,col unit (pc),20,col unit (pc),35,col unit (pc),,01/31/2020
PR0025861,001,00080,Color [PT-CO units],20,C3,MAX,Concentration3,col unit (pc),20,col unit (pc),35,col unit (pc),,02/29/2020
PR0025861,001,00080,Color [PT-CO units],30,C3,MAX,Concentration3,col unit (pc),30,col unit (pc),35,col unit (pc),,03/31/2020
PR0025861,001,00080,Color [PT-CO units],15,C3,MAX,Concentration3,col unit (pc),15,col unit (pc),35,col unit (pc),,04/30/2020
PR0025861,001,00080,Color [PT-CO units],15,C3,MAX,Concentration3,col unit (pc),15,col unit (pc),35,col unit (pc),,05/31/2020
PR0025861,001,00080,Color [PT-CO units],5,C3,MAX,Concentration3,col unit (pc),5,col unit (pc),35,col unit (pc),,06/30/2020
PR0025861,001,00080,Color [PT-CO units],15,C3,MAX,Concentration3,col unit (pc),15,col unit (pc),35,col unit (pc),,07/31/2020
PR0025861,001,00080,Color [PT-CO units],10,C3,MAX,Concentration3,col unit (pc),10,col unit (pc),35,col unit (pc),,08/31/2020
PR0025861,001,00080,Color [PT-CO units],20,C3,MAX,Concentration3,col unit (pc),20,col unit (pc),35,col unit (pc),,09/30/2020
PR0025861,001,00080,Color [PT-CO units],5,C3,MAX,Concentration3,col unit (pc),5,col unit (pc),35,col unit (pc),,10/31/2020
PR0025861,001,00080,Color [PT-CO units],5,C3,MAX,Concentration3,col unit (pc),5,col unit (pc),35,col unit (pc),,11/30/2020
PR0025861,001,00080,Color [PT-CO units],10,C3,MAX,Concentration3,col unit (pc),10,col unit (pc),35,col unit (pc),,12/31/2020
PR0025861,001,00080,Color [PT-CO units],10,C3,MAX,Concentration3,col unit (pc),10,col unit (pc),35,col unit (pc),,01/31/2021
PR0025861,001,00080,Color [PT-CO units],30,C3,MAX,Concentration3,col unit (pc),30,col unit (pc),35,col unit (pc),,02/28/2021
PR0025861,001,00080,Color [PT-CO units],15,C3,MAX,Concentration3,col unit (pc),15,col unit (pc),35,col unit (pc),,03/31/2021
PR0025861,001,00080,Color [PT-CO units],10,C3,MAX,Concentration3,col unit (pc),10,col unit (pc),35,col unit (pc),,04/30/2021
PR0025861,001,00080,Color [PT-CO units],10,C3,MAX,Concentration3,col unit (pc),10,col unit (pc),35,col unit (pc),,05/31/2021
PR0025861,001,00080,Color [PT-CO units],15,C3,MAX,Concentration3,col unit (pc),15,col unit (pc),35,col unit (pc),,06/30/2021
PR0025861,001,00080,Color [PT-CO units],10,C3,MAX,Concentration3,col unit (pc),10,col unit (pc),35,col unit (pc),,07/31/2021
PR0025861,001,00080,Color [PT-CO units],15,C3,MAX,Concentration3,col unit (pc),15,col unit (pc),35,col unit (pc),,08/31/2021
PR0025861,001,00080,Color [PT-CO units],15,C3,MAX,Concentration3,col unit (pc),15,col unit (pc),35,col unit (pc),,09/30/2021
PR0025861,001,00080,Color [PT-CO units],10,C3,MAX,Concentration3,col unit (pc),10,col unit (pc),35,col unit (pc),,10/31/2021
PR0025861,001,00080,Color [PT-CO units],5,C3,MAX,Concentration3,col unit (pc),5,col unit (pc),35,col unit (pc),,11/30/2021
PR0025861,001,00080,Color [PT-CO units],5,C3,MAX,Concentration3,col unit (pc),5,col unit (pc),35,col unit (pc),,12/31/2021
PR0025861,001,00080,Color [PT-CO units],10,C3,MAX,Concentration3,col unit (pc),10,col unit (pc),35,col unit (pc),,01/31/2022
PR0025861,001,00080,Color [PT-CO units],10,C3,MAX,Concentration3,col unit (pc),10,col unit (pc),35,col unit (pc),,02/28/2022
PR0025861,001,00080,Color [PT-CO units],10,C3,MAX,Concentration3,col unit (pc),10,col unit (pc),35,col unit (pc),,03/31/2022
PR0025861,001,00080,Color [PT-CO units],5,C3,MAX,Concentration3,col unit (pc),5,col unit (pc),35,col unit (pc),,04/30/2022
PR0025861,001,00080,Color [PT-CO units],15,C3,MAX,Concentration3,col unit (pc),15,col unit (pc),35,col unit (pc),,05/31/2022
PR0025861,001,00080,Color [PT-CO units],5,C3,MAX,Concentration3,col unit (pc),5,col unit (pc),35,col unit (pc),,06/30/2022
PR0025861,001,00080,Color [PT-CO units],10,C3,MAX,Concentration3,col unit (pc),10,col unit (pc),35,col unit (pc),,07/31/2022
PR0025861,001,00080,Color [PT-CO units],10,C3,MAX,Concentration3,col unit (pc),10,col unit (pc),35,col unit (pc),,08/31/2022
PR0025861,001,00080,Color [PT-CO units],5,C3,MAX,Concentration3,col unit (pc),5,col unit (pc),35,col unit (pc),,09/30/2022
PR0025861,001,00080,Color [PT-CO units],5,C3,MAX,Concentration3,col unit (pc),5,col unit (pc),35,col unit (pc),,10/31/2022
PR0025861,001,00080,Color [PT-CO units],10,C3,MAX,Concentration3,col unit (pc),10,col unit (pc),35,col unit (pc),,11/30/2022
PR0025861,001,00080,Color [PT-CO units],5,C3,MAX,Concentration3,col unit (pc),5,col unit (pc),35,col unit (pc),,12/31/2022
PR0025861,001,00080,Color [PT-CO units],5,C3,MAX,Concentration3,col unit (pc),5,col unit (pc),35,col unit (pc),,01/31/2023
PR0025861,001,00080,Color [PT-CO units],10,C3,MAX,Concentration3,col unit (pc),10,col unit (pc),35,col unit (pc),,02/28/2023
PR0025861,001,00080,Color [PT-CO units],10,C3,MAX,Concentration3,col unit (pc),10,col unit (pc),35,col unit (pc),,03/31/2023
PR0025861,001,00080,Color [PT-CO units],5,C3,MAX,Concentration3,col unit (pc),5,col unit (pc),35,col unit (pc),,04/30/2023
PR0025861,001,00080,Color [PT-CO units],5,C3,MAX,Concentration3,col unit (pc),5,col unit (pc),35,col unit (pc),,05/31/2023
PR0025861,001,00080,Color [PT-CO units],5,C3,MAX,Concentration3,col unit (pc),5,col unit (pc),35,col unit (pc),,06/30/2023
PR0025861,001,00080,Color [PT-CO units],10,C3,MAX,Concentration3,col unit (pc),10,col unit (pc),35,col unit (pc),,07/31/2023
PR0025861,001,00080,Color [PT-CO units],5,C3,MAX,Concentration3,col unit (pc),5,col unit (pc),35,col unit (pc),,08/31/2023
PR0025861,001,00080,Color [PT-CO units],5,C3,MAX,Concentration3,col unit (pc),5,col unit (pc),35,col unit (pc),,09/30/2023
PR0025861,001,00080,Color [PT-CO units],15,C3,MAX,Concentration3,col unit (pc),15,col unit (pc),35,col unit (pc),,10/31/2023
PR0025861,001,00080,Color [PT-CO units],5,C3,MAX,Concentration3,col unit (pc),5,col unit (pc),35,col unit (pc),,11/30/2023
PR0025861,001,00080,Color [PT-CO units],5,C3,MAX,Concentration3,col unit (pc),5,col unit (pc),35,col unit (pc),,12/31/2023
PR0025861,001,00080,Color [PT-CO units],5,C3,MAX,Concentration3,col unit (pc),5,col unit (pc),35,col unit (pc),,01/31/2024
PR0025861,001,00080,Color [PT-CO units],10,C3,MAX,Concentration3,col unit (pc),10,col unit (pc),35,col unit (pc),,02/29/2024
PR0025861,001,00080,Color [PT-CO units],5,C3,MAX,Concentration3,col unit (pc),5,col unit (pc),35,col unit (pc),,03/31/2024
PR0025861,001,00080,Color [PT-CO units],5,C3,MAX,Concentration3,col unit (pc),5,col unit (pc),35,col unit (pc),,04/30/2024
PR0025861,001,00080,Color [PT-CO units],10,C3,MAX,Concentration3,col unit (pc),10,col unit (pc),35,col unit (pc),,05/31/2024
PR0025861,001,00080,Color [PT-CO units],5,C3,MAX,Concentration3,col unit (pc),5,col unit (pc),35,col unit (pc),,06/30/2024
PR0025861,001,00080,Color [PT-CO units],5,C3,MAX,Concentration3,col unit (pc),5,col unit (pc),35,col unit (pc),,07/31/2024
PR0025861,001,00080,Color [PT-CO units],10,C3,MAX,Concentration3,col unit (pc),10,col unit (pc),35,col unit (pc),,08/31/2024
PR0025861,001,00080,Color [PT-CO units],5,C3,MAX,Concentration3,col unit (pc),5,col unit (pc),35,col unit (pc),,09/30/2024
PR0025861,001,00080,Color [PT-CO units],10,C3,MAX,Concentration3,col unit (pc),10,col unit (pc),35,col unit (pc),,10/31/2024
PR0025861,001,00080,Color [PT-CO units],10,C3,MAX,Concentration3,col unit (pc),10,col unit (pc),35,col unit (pc),,11/30/2024
PR0025861,001,00080,Color [PT-CO units],5,C3,MAX,Concentration3,col unit (pc),5,col unit (pc),35,col unit (pc),,12/31/2024
PR0025861,001,00080,Color [PT-CO units],5,C3,MAX,Concentration3,col unit (pc),5,col unit (pc),35,col unit (pc),,01/31/2025
PR0025861,001,00080,Color [PT-CO units],5,C3,MAX,Concentration3,col unit (pc),5,col unit (pc),35,col unit (pc),,02/28/2025
PR0025861,001,00080,Color [PT-CO units],5,C3,MAX,Concentration3,col unit (pc),5,col unit (pc),35,col unit (pc),,03/31/2025
PR0025861,001,00080,Color [PT-CO units],5,C3,MAX,Concentration3,col unit (pc),5,col unit (pc),35,col unit (pc),,04/30/2025
PR0025861,001,00080,Color [PT-CO units],5,C3,MAX,Concentration3,col unit (pc),5,col unit (pc),35,col unit (pc),,05/31/2025
PR0025861,001,00080,Color [PT-CO units],5,C3,MAX,Concentration3,col unit (pc),5,col unit (pc),35,col unit (pc),,06/30/2025
PR0025861,001,00080,Color [PT-CO units],5,C3,MAX,Concentration3,col unit (pc),5,col unit (pc),35,col unit (pc),,07/31/2025
PR0025861,001,00080,Color [PT-CO units],10,C3,MAX,Concentration3,col unit (pc),10,col unit (pc),35,col unit (pc),,08/31/2025
PR0025861,001,00080,Color [PT-CO units],5,C3,MAX,Concentration3,col unit (pc),5,col unit (pc),35,col unit (pc),,09/30/2025
PR0025861,001,00080,Color [PT-CO units],5,C3,MAX,Concentration3,col unit (pc),5,col unit (pc),35,col unit (pc),,10/31/2025
PR0025861,001,00080,Color [PT-CO units],5,C3,MAX,Concentration3,col unit (pc),5,col unit (pc),35,col unit (pc),,11/30/2025
PR0025861,001,00080,Color [PT-CO units],5,C3,MAX,Concentration3,col unit (pc),5,col unit (pc),35,col unit (pc),,12/31/2025
PR0025861,001,00080,Color [PT-CO units],5,C3,MAX,Concentration3,col unit (pc),5,col unit (pc),35,col unit (pc),,01/31/2026
PR0025861,001,00300,"Oxygen, dissolved [DO]",6.2,C1,MIN,Concentration1,mg/L,6.2,mg/L,5,mg/L,,01/31/2020
PR0025861,001,00300,"Oxygen, dissolved [DO]",6.7,C1,MIN,Concentration1,mg/L,6.7,mg/L,5,mg/L,,02/29/2020
PR0025861,001,00300,"Oxygen, dissolved [DO]",7,C1,MIN,Concentration1,mg/L,7,mg/L,5,mg/L,,03/31/2020
PR0025861,001,00300,"Oxygen, dissolved [DO]",6.6,C1,MIN,Concentration1,mg/L,6.6,mg/L,5,mg/L,,04/30/2020
PR0025861,001,00300,"Oxygen, dissolved [DO]",6.6,C1,MIN,Concentration1,mg/L,6.6,mg/L,5,mg/L,,05/31/2020
PR0025861,001,00300,"Oxygen, dissolved [DO]",6.8,C1,MIN,Concentration1,mg/L,6.8,mg/L,5,mg/L,,06/30/2020
PR0025861,001,00300,"Oxygen, dissolved [DO]",6.6,C1,MIN,Concentration1,mg/L,6.6,mg/L,5,mg/L,,07/31/2020
PR0025861,001,00300,"Oxygen, dissolved [DO]",6.4,C1,MIN,Concentration1,mg/L,6.4,mg/L,5,mg/L,,08/31/2020
PR0025861,001,00300,"Oxygen, dissolved [DO]",6.6,C1,MIN,Concentration1,mg/L,6.6,mg/L,5,mg/L,,09/30/2020
PR0025861,001,00300,"Oxygen, dissolved [DO]",6.6,C1,MIN,Concentration1,mg/L,6.6,mg/L,5,mg/L,,10/31/2020
PR0025861,001,00300,"Oxygen, dissolved [DO]",6.7,C1,MIN,Concentration1,mg/L,6.7,mg/L,5,mg/L,,11/30/2020
PR0025861,001,00300,"Oxygen, dissolved [DO]",5.9,C1,MIN,Concentration1,mg/L,5.9,mg/L,5,mg/L,,12/31/2020
PR0025861,001,00300,"Oxygen, dissolved [DO]",6,C1,MIN,Concentration1,mg/L,6,mg/L,5,mg/L,,01/31/2021
PR0025861,001,00300,"Oxygen, dissolved [DO]",6.9,C1,MIN,Concentration1,mg/L,6.9,mg/L,5,mg/L,,02/28/2021
PR0025861,001,00300,"Oxygen, dissolved [DO]",7.2,C1,MIN,Concentration1,mg/L,7.2,mg/L,5,mg/L,,03/31/2021
PR0025861,001,00300,"Oxygen, dissolved [DO]",6.11,C1,MIN,Concentration1,mg/L,6.11,mg/L,5,mg/L,,04/30/2021
PR0025861,001,00300,"Oxygen, dissolved [DO]",6.7,C1,MIN,Concentration1,mg/L,6.7,mg/L,5,mg/L,,05/31/2021
PR0025861,001,00300,"Oxygen, dissolved [DO]",6.4,C1,MIN,Concentration1,mg/L,6.4,mg/L,5,mg/L,,06/30/2021
PR0025861,001,00300,"Oxygen, dissolved [DO]",5.9,C1,MIN,Concentration1,mg/L,5.9,mg/L,5,mg/L,,07/31/2021
PR0025861,001,00300,"Oxygen, dissolved [DO]",6.1,C1,MIN,Concentration1,mg/L,6.1,mg/L,5,mg/L,,08/31/2021
PR0025861,001,00300,"Oxygen, dissolved [DO]",7.1,C1,MIN,Concentration1,mg/L,7.1,mg/L,5,mg/L,,09/30/2021
PR0025861,001,00300,"Oxygen, dissolved [DO]",7.1,C1,MIN,Concentration1,mg/L,7.1,mg/L,5,mg/L,,10/31/2021
PR0025861,001,00300,"Oxygen, dissolved [DO]",7.2,C1,MIN,Concentration1,mg/L,7.2,mg/L,5,mg/L,,11/30/2021
PR0025861,001,00300,"Oxygen, dissolved [DO]",6.3,C1,MIN,Concentration1,mg/L,6.3,mg/L,5,mg/L,,12/31/2021
PR0025861,001,00300,"Oxygen, dissolved [DO]",7.7,C1,MIN,Concentration1,mg/L,7.7,mg/L,5,mg/L,,01/31/2022
PR0025861,001,00300,"Oxygen, dissolved [DO]",7.6,C1,MIN,Concentration1,mg/L,7.6,mg/L,5,mg/L,,02/28/2022
PR0025861,001,00300,"Oxygen, dissolved [DO]",6.1,C1,MIN,Concentration1,mg/L,6.1,mg/L,5,mg/L,,03/31/2022
PR0025861,001,00300,"Oxygen, dissolved [DO]",7.1,C1,MIN,Concentration1,mg/L,7.1,mg/L,5,mg/L,,04/30/2022
PR0025861,001,00300,"Oxygen, dissolved [DO]",6.4,C1,MIN,Concentration1,mg/L,6.4,mg/L,5,mg/L,,05/31/2022
PR0025861,001,00300,"Oxygen, dissolved [DO]",6.6,C1,MIN,Concentration1,mg/L,6.6,mg/L,5,mg/L,,06/30/2022
PR0025861,001,00300,"Oxygen, dissolved [DO]",6.8,C1,MIN,Concentration1,mg/L,6.8,mg/L,5,mg/L,,07/31/2022
PR0025861,001,00300,"Oxygen, dissolved [DO]",6.5,C1,MIN,Concentration1,mg/L,6.5,mg/L,5,mg/L,,08/31/2022
PR0025861,001,00300,"Oxygen, dissolved [DO]",7,C1,MIN,Concentration1,mg/L,7,mg/L,5,mg/L,,09/30/2022
PR0025861,001,00300,"Oxygen, dissolved [DO]",7.1,C1,MIN,Concentration1,mg/L,7.1,mg/L,5,mg/L,,10/31/2022
PR0025861,001,00300,"Oxygen, dissolved [DO]",7.1,C1,MIN,Concentration1,mg/L,7.1,mg/L,5,mg/L,,11/30/2022
PR0025861,001,00300,"Oxygen, dissolved [DO]",7.2,C1,MIN,Concentration1,mg/L,7.2,mg/L,5,mg/L,,12/31/2022
PR0025861,001,00300,"Oxygen, dissolved [DO]",6.6,C1,MIN,Concentration1,mg/L,6.6,mg/L,5,mg/L,,01/31/2023
PR0025861,001,00300,"Oxygen, dissolved [DO]",7.2,C1,MIN,Concentration1,mg/L,7.2,mg/L,5,mg/L,,02/28/2023
PR0025861,001,00300,"Oxygen, dissolved [DO]",7.1,C1,MIN,Concentration1,mg/L,7.1,mg/L,5,mg/L,,03/31/2023
PR0025861,001,00300,"Oxygen, dissolved [DO]",7.1,C1,MIN,Concentration1,mg/L,7.1,mg/L,5,mg/L,,04/30/2023
PR0025861,001,00300,"Oxygen, dissolved [DO]",7.1,C1,MIN,Concentration1,mg/L,7.1,mg/L,5,mg/L,,05/31/2023
PR0025861,001,00300,"Oxygen, dissolved [DO]",7.1,C1,MIN,Concentration1,mg/L,7.1,mg/L,5,mg/L,,06/30/2023
PR0025861,001,00300,"Oxygen, dissolved [DO]",6.9,C1,MIN,Concentration1,mg/L,6.9,mg/L,5,mg/L,,07/31/2023
PR0025861,001,00300,"Oxygen, dissolved [DO]",6.9,C1,MIN,Concentration1,mg/L,6.9,mg/L,5,mg/L,,08/31/2023
PR0025861,001,00300,"Oxygen, dissolved [DO]",6.2,C1,MIN,Concentration1,mg/L,6.2,mg/L,5,mg/L,,09/30/2023
PR0025861,001,00300,"Oxygen, dissolved [DO]",6.5,C1,MIN,Concentration1,mg/L,6.5,mg/L,5,mg/L,,10/31/2023
PR0025861,001,00300,"Oxygen, dissolved [DO]",6.7,C1,MIN,Concentration1,mg/L,6.7,mg/L,5,mg/L,,11/30/2023
PR0025861,001,00300,"Oxygen, dissolved [DO]",6.9,C1,MIN,Concentration1,mg/L,6.9,mg/L,5,mg/L,,12/31/2023
PR0025861,001,00300,"Oxygen, dissolved [DO]",6.9,C1,MIN,Concentration1,mg/L,6.9,mg/L,5,mg/L,,01/31/2024
PR0025861,001,00300,"Oxygen, dissolved [DO]",6.6,C1,MIN,Concentration1,mg/L,6.6,mg/L,5,mg/L,,02/29/2024
PR0025861,001,00300,"Oxygen, dissolved [DO]",6.9,C1,MIN,Concentration1,mg/L,6.9,mg/L,5,mg/L,,03/31/2024
PR0025861,001,00300,"Oxygen, dissolved [DO]",7,C1,MIN,Concentration1,mg/L,7,mg/L,5,mg/L,,04/30/2024
PR0025861,001,00300,"Oxygen, dissolved [DO]",7,C1,MIN,Concentration1,mg/L,7,mg/L,5,mg/L,,05/31/2024
PR0025861,001,00300,"Oxygen, dissolved [DO]",6.7,C1,MIN,Concentration1,mg/L,6.7,mg/L,5,mg/L,,06/30/2024
PR0025861,001,00300,"Oxygen, dissolved [DO]",6.9,C1,MIN,Concentration1,mg/L,6.9,mg/L,5,mg/L,,07/31/2024
PR0025861,001,00300,"Oxygen, dissolved [DO]",6.9,C1,MIN,Concentration1,mg/L,6.9,mg/L,5,mg/L,,08/31/2024
PR0025861,001,00300,"Oxygen, dissolved [DO]",6.8,C1,MIN,Concentration1,mg/L,6.8,mg/L,5,mg/L,,09/30/2024
PR0025861,001,00300,"Oxygen, dissolved [DO]",6.8,C1,MIN,Concentration1,mg/L,6.8,mg/L,5,mg/L,,10/31/2024
PR0025861,001,00300,"Oxygen, dissolved [DO]",7,C1,MIN,Concentration1,mg/L,7,mg/L,5,mg/L,,11/30/2024
PR0025861,001,00300,"Oxygen, dissolved [DO]",7,C1,MIN,Concentration1,mg/L,7,mg/L,5,mg/L,,12/31/2024
PR0025861,001,00300,"Oxygen, dissolved [DO]",7,C1,MIN,Concentration1,mg/L,7,mg/L,5,mg/L,,01/31/2025
PR0025861,001,00300,"Oxygen, dissolved [DO]",6.9,C1,MIN,Concentration1,mg/L,6.9,mg/L,5,mg/L,,02/28/2025
PR0025861,001,00300,"Oxygen, dissolved [DO]",6.2,C1,MIN,Concentration1,mg/L,6.2,mg/L,5,mg/L,,03/31/2025
PR0025861,001,00300,"Oxygen, dissolved [DO]",7.1,C1,MIN,Concentration1,mg/L,7.1,mg/L,5,mg/L,,04/30/2025
PR0025861,001,00300,"Oxygen, dissolved [DO]",7,C1,MIN,Concentration1,mg/L,7,mg/L,5,mg/L,,05/31/2025
PR0025861,001,00300,"Oxygen, dissolved [DO]",7.1,C1,MIN,Concentration1,mg/L,7.1,mg/L,5,mg/L,,06/30/2025
PR0025861,001,00300,"Oxygen, dissolved [DO]",7.1,C1,MIN,Concentration1,mg/L,7.1,mg/L,5,mg/L,,07/31/2025
PR0025861,001,00300,"Oxygen, dissolved [DO]",7,C1,MIN,Concentration1,mg/L,7,mg/L,5,mg/L,,08/31/2025
PR0025861,001,00300,"Oxygen, dissolved [DO]",7.1,C1,MIN,Concentration1,mg/L,7.1,mg/L,5,mg/L,,09/30/2025
PR0025861,001,00300,"Oxygen, dissolved [DO]",7.1,C1,MIN,Concentration1,mg/L,7.1,mg/L,5,mg/L,,10/31/2025
PR0025861,001,00300,"Oxygen, dissolved [DO]",7.2,C1,MIN,Concentration1,mg/L,7.2,mg/L,5,mg/L,,11/30/2025
PR0025861,001,00300,"Oxygen, dissolved [DO]",7.1,C1,MIN,Concentration1,mg/L,7.1,mg/L,5,mg/L,,12/31/2025
PR0025861,001,00300,"Oxygen, dissolved [DO]",6.7,C1,MIN,Concentration1,mg/L,6.7,mg/L,5,mg/L,,01/31/2026
PR0025861,001,00310,"BOD, 5-day, 20 deg. C",32,C2,AVG,Concentration2,mg/L,32,mg/L,15,mg/L,,01/31/2020
PR0025861,001,00310,"BOD, 5-day, 20 deg. C",99,C3,AVG,Concentration3,mg/L,99,mg/L,45,mg/L,,01/31/2020
PR0025861,001,00310,"BOD, 5-day, 20 deg. C",76,Q1,AVG,Quantity1,kg/d,76,kg/d,34,kg/d,,01/31/2020
PR0025861,001,00310,"BOD, 5-day, 20 deg. C",246,Q2,MAX,Quantity2,kg/d,246,kg/d,102,kg/d,,01/31/2020
PR0025861,001,00310,"BOD, 5-day, 20 deg. C",8,Q1,AVG,Quantity1,kg/d,8,kg/d,34,kg/d,,02/29/2020
PR0025861,001,00310,"BOD, 5-day, 20 deg. C",14,Q2,MAX,Quantity2,kg/d,14,kg/d,102,kg/d,,02/29/2020
PR0025861,001,00310,"BOD, 5-day, 20 deg. C",12,C3,AVG,Concentration3,mg/L,12,mg/L,45,mg/L,,02/29/2020
PR0025861,001,00310,"BOD, 5-day, 20 deg. C",6,C2,AVG,Concentration2,mg/L,6,mg/L,15,mg/L,,02/29/2020
PR0025861,001,00310,"BOD, 5-day, 20 deg. C",13,C2,AVG,Concentration2,mg/L,13,mg/L,15,mg/L,,03/31/2020
PR0025861,001,00310,"BOD, 5-day, 20 deg. C",28,Q1,AVG,Quantity1,kg/d,28,kg/d,34,kg/d,,03/31/2020
PR0025861,001,00310,"BOD, 5-day, 20 deg. C",21,C3,AVG,Concentration3,mg/L,21,mg/L,45,mg/L,,03/31/2020
PR0025861,001,00310,"BOD, 5-day, 20 deg. C",55,Q2,MAX,Quantity2,kg/d,55,kg/d,102,kg/d,,03/31/2020
PR0025861,001,00310,"BOD, 5-day, 20 deg. C",6,C2,AVG,Concentration2,mg/L,6,mg/L,15,mg/L,,04/30/2020
PR0025861,001,00310,"BOD, 5-day, 20 deg. C",5,Q2,MAX,Quantity2,kg/d,5,kg/d,102,kg/d,,04/30/2020
PR0025861,001,00310,"BOD, 5-day, 20 deg. C",8,C3,AVG,Concentration3,mg/L,8,mg/L,45,mg/L,,04/30/2020
PR0025861,001,00310,"BOD, 5-day, 20 deg. C",3,Q1,AVG,Quantity1,kg/d,3,kg/d,34,kg/d,,04/30/2020
PR0025861,001,00310,"BOD, 5-day, 20 deg. C",1,Q1,AVG,Quantity1,kg/d,1,kg/d,34,kg/d,,05/31/2020
PR0025861,001,00310,"BOD, 5-day, 20 deg. C",4,C3,AVG,Concentration3,mg/L,4,mg/L,45,mg/L,,05/31/2020
PR0025861,001,00310,"BOD, 5-day, 20 deg. C",2,Q2,MAX,Quantity2,kg/d,2,kg/d,102,kg/d,,05/31/2020
PR0025861,001,00310,"BOD, 5-day, 20 deg. C",3,C2,AVG,Concentration2,mg/L,3,mg/L,15,mg/L,,05/31/2020
PR0025861,001,00310,"BOD, 5-day, 20 deg. C",5,C2,AVG,Concentration2,mg/L,5,mg/L,15,mg/L,,06/30/2020
PR0025861,001,00310,"BOD, 5-day, 20 deg. C",6,Q2,MAX,Quantity2,kg/d,6,kg/d,102,kg/d,,06/30/2020
PR0025861,001,00310,"BOD, 5-day, 20 deg. C",6,C3,AVG,Concentration3,mg/L,6,mg/L,45,mg/L,,06/30/2020
PR0025861,001,00310,"BOD, 5-day, 20 deg. C",4,Q1,AVG,Quantity1,kg/d,4,kg/d,34,kg/d,,06/30/2020
PR0025861,001,00310,"BOD, 5-day, 20 deg. C",3,Q1,AVG,Quantity1,kg/d,3,kg/d,34,kg/d,,07/31/2020
PR0025861,001,00310,"BOD, 5-day, 20 deg. C",4,Q2,MAX,Quantity2,kg/d,4,kg/d,102,kg/d,,07/31/2020
PR0025861,001,00310,"BOD, 5-day, 20 deg. C",7,C3,AVG,Concentration3,mg/L,7,mg/L,45,mg/L,,07/31/2020
PR0025861,001,00310,"BOD, 5-day, 20 deg. C",5,C2,AVG,Concentration2,mg/L,5,mg/L,15,mg/L,,07/31/2020
PR0025861,001,00310,"BOD, 5-day, 20 deg. C",4,C2,AVG,Concentration2,mg/L,4,mg/L,15,mg/L,,08/31/2020
PR0025861,001,00310,"BOD, 5-day, 20 deg. C",5,C3,AVG,Concentration3,mg/L,5,mg/L,45,mg/L,,08/31/2020
PR0025861,001,00310,"BOD, 5-day, 20 deg. C",4,Q2,MAX,Quantity2,kg/d,4,kg/d,102,kg/d,,08/31/2020
PR0025861,001,00310,"BOD, 5-day, 20 deg. C",3,Q1,AVG,Quantity1,kg/d,3,kg/d,34,kg/d,,08/31/2020
PR0025861,001,00310,"BOD, 5-day, 20 deg. C",6,Q2,MAX,Quantity2,kg/d,6,kg/d,102,kg/d,,09/30/2020
PR0025861,001,00310,"BOD, 5-day, 20 deg. C",3,C2,AVG,Concentration2,mg/L,3,mg/L,15,mg/L,,09/30/2020
PR0025861,001,00310,"BOD, 5-day, 20 deg. C",3,Q1,AVG,Quantity1,kg/d,3,kg/d,34,kg/d,,09/30/2020
PR0025861,001,00310,"BOD, 5-day, 20 deg. C",4,C3,AVG,Concentration3,mg/L,4,mg/L,45,mg/L,,09/30/2020
PR0025861,001,00310,"BOD, 5-day, 20 deg. C",4,C2,AVG,Concentration2,mg/L,4,mg/L,15,mg/L,,10/31/2020
PR0025861,001,00310,"BOD, 5-day, 20 deg. C",9,Q2,MAX,Quantity2,kg/d,9,kg/d,102,kg/d,,10/31/2020
PR0025861,001,00310,"BOD, 5-day, 20 deg. C",5,Q1,AVG,Quantity1,kg/d,5,kg/d,34,kg/d,,10/31/2020
PR0025861,001,00310,"BOD, 5-day, 20 deg. C",7,C3,AVG,Concentration3,mg/L,7,mg/L,45,mg/L,,10/31/2020
PR0025861,001,00310,"BOD, 5-day, 20 deg. C",4,C2,AVG,Concentration2,mg/L,4,mg/L,15,mg/L,,11/30/2020
PR0025861,001,00310,"BOD, 5-day, 20 deg. C",5,Q1,AVG,Quantity1,kg/d,5,kg/d,34,kg/d,,11/30/2020
PR0025861,001,00310,"BOD, 5-day, 20 deg. C",12,Q2,MAX,Quantity2,kg/d,12,kg/d,102,kg/d,,11/30/2020
PR0025861,001,00310,"BOD, 5-day, 20 deg. C",9,C3,AVG,Concentration3,mg/L,9,mg/L,45,mg/L,,11/30/2020
PR0025861,001,00310,"BOD, 5-day, 20 deg. C",16,Q2,MAX,Quantity2,kg/d,16,kg/d,102,kg/d,,12/31/2020
PR0025861,001,00310,"BOD, 5-day, 20 deg. C",12,C3,AVG,Concentration3,mg/L,12,mg/L,45,mg/L,,12/31/2020
PR0025861,001,00310,"BOD, 5-day, 20 deg. C",8,Q1,AVG,Quantity1,kg/d,8,kg/d,34,kg/d,,12/31/2020
PR0025861,001,00310,"BOD, 5-day, 20 deg. C",6,C2,AVG,Concentration2,mg/L,6,mg/L,15,mg/L,,12/31/2020
PR0025861,001,00310,"BOD, 5-day, 20 deg. C",10,C3,AVG,Concentration3,mg/L,10,mg/L,45,mg/L,,01/31/2021
PR0025861,001,00310,"BOD, 5-day, 20 deg. C",5,Q1,AVG,Quantity1,kg/d,5,kg/d,34,kg/d,,01/31/2021
PR0025861,001,00310,"BOD, 5-day, 20 deg. C",6,Q2,MAX,Quantity2,kg/d,6,kg/d,102,kg/d,,01/31/2021
PR0025861,001,00310,"BOD, 5-day, 20 deg. C",7,C2,AVG,Concentration2,mg/L,7,mg/L,15,mg/L,,01/31/2021
PR0025861,001,00310,"BOD, 5-day, 20 deg. C",3,Q1,AVG,Quantity1,kg/d,3,kg/d,34,kg/d,,02/28/2021
PR0025861,001,00310,"BOD, 5-day, 20 deg. C",4,Q2,MAX,Quantity2,kg/d,4,kg/d,102,kg/d,,02/28/2021
PR0025861,001,00310,"BOD, 5-day, 20 deg. C",4,C2,AVG,Concentration2,mg/L,4,mg/L,15,mg/L,,02/28/2021
PR0025861,001,00310,"BOD, 5-day, 20 deg. C",4,C3,AVG,Concentration3,mg/L,4,mg/L,45,mg/L,,02/28/2021
PR0025861,001,00310,"BOD, 5-day, 20 deg. C",4,C2,AVG,Concentration2,mg/L,4,mg/L,15,mg/L,,03/31/2021
PR0025861,001,00310,"BOD, 5-day, 20 deg. C",3,Q1,AVG,Quantity1,kg/d,3,kg/d,34,kg/d,,03/31/2021
PR0025861,001,00310,"BOD, 5-day, 20 deg. C",5,Q2,MAX,Quantity2,kg/d,5,kg/d,102,kg/d,,03/31/2021
PR0025861,001,00310,"BOD, 5-day, 20 deg. C",4,C3,AVG,Concentration3,mg/L,4,mg/L,45,mg/L,,03/31/2021
PR0025861,001,00310,"BOD, 5-day, 20 deg. C",8,C3,AVG,Concentration3,mg/L,8,mg/L,45,mg/L,,04/30/2021
PR0025861,001,00310,"BOD, 5-day, 20 deg. C",6,Q2,MAX,Quantity2,kg/d,6,kg/d,102,kg/d,,04/30/2021
PR0025861,001,00310,"BOD, 5-day, 20 deg. C",4,Q1,AVG,Quantity1,kg/d,4,kg/d,34,kg/d,,04/30/2021
PR0025861,001,00310,"BOD, 5-day, 20 deg. C",5,C2,AVG,Concentration2,mg/L,5,mg/L,15,mg/L,,04/30/2021
PR0025861,001,00310,"BOD, 5-day, 20 deg. C",5,Q1,AVG,Quantity1,kg/d,5,kg/d,34,kg/d,,05/31/2021
PR0025861,001,00310,"BOD, 5-day, 20 deg. C",14,Q2,MAX,Quantity2,kg/d,14,kg/d,102,kg/d,,05/31/2021
PR0025861,001,00310,"BOD, 5-day, 20 deg. C",16,C3,AVG,Concentration3,mg/L,16,mg/L,45,mg/L,,05/31/2021
PR0025861,001,00310,"BOD, 5-day, 20 deg. C",8,C2,AVG,Concentration2,mg/L,8,mg/L,15,mg/L,,05/31/2021
PR0025861,001,00310,"BOD, 5-day, 20 deg. C",10,C3,AVG,Concentration3,mg/L,10,mg/L,45,mg/L,,06/30/2021
PR0025861,001,00310,"BOD, 5-day, 20 deg. C",6,Q2,MAX,Quantity2,kg/d,6,kg/d,102,kg/d,,06/30/2021
PR0025861,001,00310,"BOD, 5-day, 20 deg. C",5,Q1,AVG,Quantity1,kg/d,5,kg/d,34,kg/d,,06/30/2021
PR0025861,001,00310,"BOD, 5-day, 20 deg. C",5,C2,AVG,Concentration2,mg/L,5,mg/L,15,mg/L,,06/30/2021
PR0025861,001,00310,"BOD, 5-day, 20 deg. C",4,C2,AVG,Concentration2,mg/L,4,mg/L,15,mg/L,,07/31/2021
PR0025861,001,00310,"BOD, 5-day, 20 deg. C",3,Q2,MAX,Quantity2,kg/d,3,kg/d,102,kg/d,,07/31/2021
PR0025861,001,00310,"BOD, 5-day, 20 deg. C",4,C3,AVG,Concentration3,mg/L,4,mg/L,45,mg/L,,07/31/2021
PR0025861,001,00310,"BOD, 5-day, 20 deg. C",3,Q1,AVG,Quantity1,kg/d,3,kg/d,34,kg/d,,07/31/2021
PR0025861,001,00310,"BOD, 5-day, 20 deg. C",9,Q1,AVG,Quantity1,kg/d,9,kg/d,34,kg/d,,08/31/2021
PR0025861,001,00310,"BOD, 5-day, 20 deg. C",12,C3,AVG,Concentration3,mg/L,12,mg/L,45,mg/L,,08/31/2021
PR0025861,001,00310,"BOD, 5-day, 20 deg. C",21,Q2,MAX,Quantity2,kg/d,21,kg/d,102,kg/d,,08/31/2021
PR0025861,001,00310,"BOD, 5-day, 20 deg. C",8,C2,AVG,Concentration2,mg/L,8,mg/L,15,mg/L,,08/31/2021
PR0025861,001,00310,"BOD, 5-day, 20 deg. C",8,C2,AVG,Concentration2,mg/L,8,mg/L,15,mg/L,,09/30/2021
PR0025861,001,00310,"BOD, 5-day, 20 deg. C",12,C3,AVG,Concentration3,mg/L,12,mg/L,45,mg/L,,09/30/2021
PR0025861,001,00310,"BOD, 5-day, 20 deg. C",12,Q2,MAX,Quantity2,kg/d,12,kg/d,102,kg/d,,09/30/2021
PR0025861,001,00310,"BOD, 5-day, 20 deg. C",6,Q1,AVG,Quantity1,kg/d,6,kg/d,34,kg/d,,09/30/2021
PR0025861,001,00310,"BOD, 5-day, 20 deg. C",3,Q1,AVG,Quantity1,kg/d,3,kg/d,34,kg/d,,10/31/2021
PR0025861,001,00310,"BOD, 5-day, 20 deg. C",3,C3,AVG,Concentration3,mg/L,3,mg/L,45,mg/L,,10/31/2021
PR0025861,001,00310,"BOD, 5-day, 20 deg. C",4,Q2,MAX,Quantity2,kg/d,4,kg/d,102,kg/d,,10/31/2021
PR0025861,001,00310,"BOD, 5-day, 20 deg. C",3,C2,AVG,Concentration2,mg/L,3,mg/L,15,mg/L,,10/31/2021
PR0025861,001,00310,"BOD, 5-day, 20 deg. C",3,C2,AVG,Concentration2,mg/L,3,mg/L,15,mg/L,,11/30/2021
PR0025861,001,00310,"BOD, 5-day, 20 deg. C",4,Q2,MAX,Quantity2,kg/d,4,kg/d,102,kg/d,,11/30/2021
PR0025861,001,00310,"BOD, 5-day, 20 deg. C",2,Q1,AVG,Quantity1,kg/d,2,kg/d,34,kg/d,,11/30/2021
PR0025861,001,00310,"BOD, 5-day, 20 deg. C",5,C3,AVG,Concentration3,mg/L,5,mg/L,45,mg/L,,11/30/2021
PR0025861,001,00310,"BOD, 5-day, 20 deg. C",6,Q1,AVG,Quantity1,kg/d,6,kg/d,34,kg/d,,12/31/2021
PR0025861,001,00310,"BOD, 5-day, 20 deg. C",12,Q2,MAX,Quantity2,kg/d,12,kg/d,102,kg/d,,12/31/2021
PR0025861,001,00310,"BOD, 5-day, 20 deg. C",6,C3,AVG,Concentration3,mg/L,6,mg/L,45,mg/L,,12/31/2021
PR0025861,001,00310,"BOD, 5-day, 20 deg. C",6,C2,AVG,Concentration2,mg/L,6,mg/L,15,mg/L,,12/31/2021
PR0025861,001,00310,"BOD, 5-day, 20 deg. C",3,C2,AVG,Concentration2,mg/L,3,mg/L,15,mg/L,,01/31/2022
PR0025861,001,00310,"BOD, 5-day, 20 deg. C",3,Q2,MAX,Quantity2,kg/d,3,kg/d,102,kg/d,,01/31/2022
PR0025861,001,00310,"BOD, 5-day, 20 deg. C",4,C3,AVG,Concentration3,mg/L,4,mg/L,45,mg/L,,01/31/2022
PR0025861,001,00310,"BOD, 5-day, 20 deg. C",2,Q1,AVG,Quantity1,kg/d,2,kg/d,34,kg/d,,01/31/2022
PR0025861,001,00310,"BOD, 5-day, 20 deg. C",2,C3,AVG,Concentration3,mg/L,2,mg/L,45,mg/L,,02/28/2022
PR0025861,001,00310,"BOD, 5-day, 20 deg. C",5,Q2,MAX,Quantity2,kg/d,5,kg/d,102,kg/d,,02/28/2022
PR0025861,001,00310,"BOD, 5-day, 20 deg. C",3,Q1,AVG,Quantity1,kg/d,3,kg/d,34,kg/d,,02/28/2022
PR0025861,001,00310,"BOD, 5-day, 20 deg. C",2,C2,AVG,Concentration2,mg/L,2,mg/L,15,mg/L,,02/28/2022
PR0025861,001,00310,"BOD, 5-day, 20 deg. C",2,C2,AVG,Concentration2,mg/L,2,mg/L,15,mg/L,,03/31/2022
PR0025861,001,00310,"BOD, 5-day, 20 deg. C",3,Q2,MAX,Quantity2,kg/d,3,kg/d,102,kg/d,,03/31/2022
PR0025861,001,00310,"BOD, 5-day, 20 deg. C",2,C3,AVG,Concentration3,mg/L,2,mg/L,45,mg/L,,03/31/2022
PR0025861,001,00310,"BOD, 5-day, 20 deg. C",2,Q1,AVG,Quantity1,kg/d,2,kg/d,34,kg/d,,03/31/2022
PR0025861,001,00310,"BOD, 5-day, 20 deg. C",2,Q1,AVG,Quantity1,kg/d,2,kg/d,34,kg/d,,04/30/2022
PR0025861,001,00310,"BOD, 5-day, 20 deg. C",3,C3,AVG,Concentration3,mg/L,3,mg/L,45,mg/L,,04/30/2022
PR0025861,001,00310,"BOD, 5-day, 20 deg. C",3,Q2,MAX,Quantity2,kg/d,3,kg/d,102,kg/d,,04/30/2022
PR0025861,001,00310,"BOD, 5-day, 20 deg. C",3,C2,AVG,Concentration2,mg/L,3,mg/L,15,mg/L,,04/30/2022
PR0025861,001,00310,"BOD, 5-day, 20 deg. C",5,Q1,AVG,Quantity1,kg/d,5,kg/d,34,kg/d,,05/31/2022
PR0025861,001,00310,"BOD, 5-day, 20 deg. C",8,C3,AVG,Concentration3,mg/L,8,mg/L,45,mg/L,,05/31/2022
PR0025861,001,00310,"BOD, 5-day, 20 deg. C",9,Q2,MAX,Quantity2,kg/d,9,kg/d,102,kg/d,,05/31/2022
PR0025861,001,00310,"BOD, 5-day, 20 deg. C",4,C2,AVG,Concentration2,mg/L,4,mg/L,15,mg/L,,05/31/2022
PR0025861,001,00310,"BOD, 5-day, 20 deg. C",1,Q1,AVG,Quantity1,kg/d,1,kg/d,34,kg/d,,06/30/2022
PR0025861,001,00310,"BOD, 5-day, 20 deg. C",2,Q2,MAX,Quantity2,kg/d,2,kg/d,102,kg/d,,06/30/2022
PR0025861,001,00310,"BOD, 5-day, 20 deg. C",2,C3,AVG,Concentration3,mg/L,2,mg/L,45,mg/L,,06/30/2022
PR0025861,001,00310,"BOD, 5-day, 20 deg. C",2,C2,AVG,Concentration2,mg/L,2,mg/L,15,mg/L,,06/30/2022
PR0025861,001,00310,"BOD, 5-day, 20 deg. C",2,C2,AVG,Concentration2,mg/L,2,mg/L,15,mg/L,,07/31/2022
PR0025861,001,00310,"BOD, 5-day, 20 deg. C",2,C3,AVG,Concentration3,mg/L,2,mg/L,45,mg/L,,07/31/2022
PR0025861,001,00310,"BOD, 5-day, 20 deg. C",2,Q2,MAX,Quantity2,kg/d,2,kg/d,102,kg/d,,07/31/2022
PR0025861,001,00310,"BOD, 5-day, 20 deg. C",2,Q1,AVG,Quantity1,kg/d,2,kg/d,34,kg/d,,07/31/2022
PR0025861,001,00310,"BOD, 5-day, 20 deg. C",4,Q1,AVG,Quantity1,kg/d,4,kg/d,34,kg/d,,08/31/2022
PR0025861,001,00310,"BOD, 5-day, 20 deg. C",5,C3,AVG,Concentration3,mg/L,5,mg/L,45,mg/L,,08/31/2022
PR0025861,001,00310,"BOD, 5-day, 20 deg. C",3,C2,AVG,Concentration2,mg/L,3,mg/L,15,mg/L,,08/31/2022
PR0025861,001,00310,"BOD, 5-day, 20 deg. C",9,Q2,MAX,Quantity2,kg/d,9,kg/d,102,kg/d,,08/31/2022
PR0025861,001,00310,"BOD, 5-day, 20 deg. C",4,C2,AVG,Concentration2,mg/L,4,mg/L,15,mg/L,,09/30/2022
PR0025861,001,00310,"BOD, 5-day, 20 deg. C",5,C3,AVG,Concentration3,mg/L,5,mg/L,45,mg/L,,09/30/2022
PR0025861,001,00310,"BOD, 5-day, 20 deg. C",5,Q2,MAX,Quantity2,kg/d,5,kg/d,102,kg/d,,09/30/2022
PR0025861,001,00310,"BOD, 5-day, 20 deg. C",3,Q1,AVG,Quantity1,kg/d,3,kg/d,34,kg/d,,09/30/2022
PR0025861,001,00310,"BOD, 5-day, 20 deg. C",3,Q1,AVG,Quantity1,kg/d,3,kg/d,34,kg/d,,10/31/2022
PR0025861,001,00310,"BOD, 5-day, 20 deg. C",4,C3,AVG,Concentration3,mg/L,4,mg/L,45,mg/L,,10/31/2022
PR0025861,001,00310,"BOD, 5-day, 20 deg. C",6,Q2,MAX,Quantity2,kg/d,6,kg/d,102,kg/d,,10/31/2022
PR0025861,001,00310,"BOD, 5-day, 20 deg. C",3,C2,AVG,Concentration2,mg/L,3,mg/L,15,mg/L,,10/31/2022
PR0025861,001,00310,"BOD, 5-day, 20 deg. C",3,Q1,AVG,Quantity1,kg/d,3,kg/d,34,kg/d,,11/30/2022
PR0025861,001,00310,"BOD, 5-day, 20 deg. C",3,C2,AVG,Concentration2,mg/L,3,mg/L,15,mg/L,,11/30/2022
PR0025861,001,00310,"BOD, 5-day, 20 deg. C",6,C3,AVG,Concentration3,mg/L,6,mg/L,45,mg/L,,11/30/2022
PR0025861,001,00310,"BOD, 5-day, 20 deg. C",6,Q2,MAX,Quantity2,kg/d,6,kg/d,102,kg/d,,11/30/2022
PR0025861,001,00310,"BOD, 5-day, 20 deg. C",3,Q1,AVG,Quantity1,kg/d,3,kg/d,34,kg/d,,12/31/2022
PR0025861,001,00310,"BOD, 5-day, 20 deg. C",5,C2,AVG,Concentration2,mg/L,5,mg/L,15,mg/L,,12/31/2022
PR0025861,001,00310,"BOD, 5-day, 20 deg. C",5,Q2,MAX,Quantity2,kg/d,5,kg/d,102,kg/d,,12/31/2022
PR0025861,001,00310,"BOD, 5-day, 20 deg. C",13,C3,AVG,Concentration3,mg/L,13,mg/L,45,mg/L,,12/31/2022
PR0025861,001,00310,"BOD, 5-day, 20 deg. C",7,Q1,AVG,Quantity1,kg/d,7,kg/d,34,kg/d,,01/31/2023
PR0025861,001,00310,"BOD, 5-day, 20 deg. C",16,Q2,MAX,Quantity2,kg/d,16,kg/d,102,kg/d,,01/31/2023
PR0025861,001,00310,"BOD, 5-day, 20 deg. C",13,C3,AVG,Concentration3,mg/L,13,mg/L,45,mg/L,,01/31/2023
PR0025861,001,00310,"BOD, 5-day, 20 deg. C",6,C2,AVG,Concentration2,mg/L,6,mg/L,15,mg/L,,01/31/2023
PR0025861,001,00310,"BOD, 5-day, 20 deg. C",3,C3,AVG,Concentration3,mg/L,3,mg/L,45,mg/L,,02/28/2023
PR0025861,001,00310,"BOD, 5-day, 20 deg. C",1,Q2,MAX,Quantity2,kg/d,1,kg/d,102,kg/d,,02/28/2023
PR0025861,001,00310,"BOD, 5-day, 20 deg. C",1,Q1,AVG,Quantity1,kg/d,1,kg/d,34,kg/d,,02/28/2023
PR0025861,001,00310,"BOD, 5-day, 20 deg. C",2,C2,AVG,Concentration2,mg/L,2,mg/L,15,mg/L,,02/28/2023
PR0025861,001,00310,"BOD, 5-day, 20 deg. C",4,C2,AVG,Concentration2,mg/L,4,mg/L,15,mg/L,,03/31/2023
PR0025861,001,00310,"BOD, 5-day, 20 deg. C",10,C3,AVG,Concentration3,mg/L,10,mg/L,45,mg/L,,03/31/2023
PR0025861,001,00310,"BOD, 5-day, 20 deg. C",4,Q2,MAX,Quantity2,kg/d,4,kg/d,102,kg/d,,03/31/2023
PR0025861,001,00310,"BOD, 5-day, 20 deg. C",2,Q1,AVG,Quantity1,kg/d,2,kg/d,34,kg/d,,03/31/2023
PR0025861,001,00310,"BOD, 5-day, 20 deg. C",2,Q1,AVG,Quantity1,kg/d,2,kg/d,34,kg/d,,04/30/2023
PR0025861,001,00310,"BOD, 5-day, 20 deg. C",3,Q2,MAX,Quantity2,kg/d,3,kg/d,102,kg/d,,04/30/2023
PR0025861,001,00310,"BOD, 5-day, 20 deg. C",11,C3,AVG,Concentration3,mg/L,11,mg/L,45,mg/L,,04/30/2023
PR0025861,001,00310,"BOD, 5-day, 20 deg. C",4,C2,AVG,Concentration2,mg/L,4,mg/L,15,mg/L,,04/30/2023
PR0025861,001,00310,"BOD, 5-day, 20 deg. C",3,C2,AVG,Concentration2,mg/L,3,mg/L,15,mg/L,,05/31/2023
PR0025861,001,00310,"BOD, 5-day, 20 deg. C",7,C3,AVG,Concentration3,mg/L,7,mg/L,45,mg/L,,05/31/2023
PR0025861,001,00310,"BOD, 5-day, 20 deg. C",12,Q2,MAX,Quantity2,kg/d,12,kg/d,102,kg/d,,05/31/2023
PR0025861,001,00310,"BOD, 5-day, 20 deg. C",3,Q1,AVG,Quantity1,kg/d,3,kg/d,34,kg/d,,05/31/2023
PR0025861,001,00310,"BOD, 5-day, 20 deg. C",4,Q2,MAX,Quantity2,kg/d,4,kg/d,102,kg/d,,06/30/2023
PR0025861,001,00310,"BOD, 5-day, 20 deg. C",41,C3,AVG,Concentration3,mg/L,41,mg/L,45,mg/L,,06/30/2023
PR0025861,001,00310,"BOD, 5-day, 20 deg. C",2,Q1,AVG,Quantity1,kg/d,2,kg/d,34,kg/d,,06/30/2023
PR0025861,001,00310,"BOD, 5-day, 20 deg. C",14,C2,AVG,Concentration2,mg/L,14,mg/L,15,mg/L,,06/30/2023
PR0025861,001,00310,"BOD, 5-day, 20 deg. C",3,Q1,AVG,Quantity1,kg/d,3,kg/d,34,kg/d,,07/31/2023
PR0025861,001,00310,"BOD, 5-day, 20 deg. C",7,C3,AVG,Concentration3,mg/L,7,mg/L,45,mg/L,,07/31/2023
PR0025861,001,00310,"BOD, 5-day, 20 deg. C",5,C2,AVG,Concentration2,mg/L,5,mg/L,15,mg/L,,07/31/2023
PR0025861,001,00310,"BOD, 5-day, 20 deg. C",5,Q2,MAX,Quantity2,kg/d,5,kg/d,102,kg/d,,07/31/2023
PR0025861,001,00310,"BOD, 5-day, 20 deg. C",3,Q1,AVG,Quantity1,kg/d,3,kg/d,34,kg/d,,08/31/2023
PR0025861,001,00310,"BOD, 5-day, 20 deg. C",5,C3,AVG,Concentration3,mg/L,5,mg/L,45,mg/L,,08/31/2023
PR0025861,001,00310,"BOD, 5-day, 20 deg. C",4,Q2,MAX,Quantity2,kg/d,4,kg/d,102,kg/d,,08/31/2023
PR0025861,001,00310,"BOD, 5-day, 20 deg. C",4,C2,AVG,Concentration2,mg/L,4,mg/L,15,mg/L,,08/31/2023
PR0025861,001,00310,"BOD, 5-day, 20 deg. C",6,Q1,AVG,Quantity1,kg/d,6,kg/d,34,kg/d,,09/30/2023
PR0025861,001,00310,"BOD, 5-day, 20 deg. C",15,Q2,MAX,Quantity2,kg/d,15,kg/d,102,kg/d,,09/30/2023
PR0025861,001,00310,"BOD, 5-day, 20 deg. C",8,C2,AVG,Concentration2,mg/L,8,mg/L,15,mg/L,,09/30/2023
PR0025861,001,00310,"BOD, 5-day, 20 deg. C",21,C3,AVG,Concentration3,mg/L,21,mg/L,45,mg/L,,09/30/2023
PR0025861,001,00310,"BOD, 5-day, 20 deg. C",3,C2,AVG,Concentration2,mg/L,3,mg/L,15,mg/L,,10/31/2023
PR0025861,001,00310,"BOD, 5-day, 20 deg. C",4,Q2,MAX,Quantity2,kg/d,4,kg/d,102,kg/d,,10/31/2023
PR0025861,001,00310,"BOD, 5-day, 20 deg. C",5,C3,AVG,Concentration3,mg/L,5,mg/L,45,mg/L,,10/31/2023
PR0025861,001,00310,"BOD, 5-day, 20 deg. C",2,Q1,AVG,Quantity1,kg/d,2,kg/d,34,kg/d,,10/31/2023
PR0025861,001,00310,"BOD, 5-day, 20 deg. C",2,Q1,AVG,Quantity1,kg/d,2,kg/d,34,kg/d,,11/30/2023
PR0025861,001,00310,"BOD, 5-day, 20 deg. C",3,Q2,MAX,Quantity2,kg/d,3,kg/d,102,kg/d,,11/30/2023
PR0025861,001,00310,"BOD, 5-day, 20 deg. C",3,C2,AVG,Concentration2,mg/L,3,mg/L,15,mg/L,,11/30/2023
PR0025861,001,00310,"BOD, 5-day, 20 deg. C",4,C3,AVG,Concentration3,mg/L,4,mg/L,45,mg/L,,11/30/2023
PR0025861,001,00310,"BOD, 5-day, 20 deg. C",2,Q1,AVG,Quantity1,kg/d,2,kg/d,34,kg/d,,12/31/2023
PR0025861,001,00310,"BOD, 5-day, 20 deg. C",5,C3,AVG,Concentration3,mg/L,5,mg/L,45,mg/L,,12/31/2023
PR0025861,001,00310,"BOD, 5-day, 20 deg. C",5,Q2,MAX,Quantity2,kg/d,5,kg/d,102,kg/d,,12/31/2023
PR0025861,001,00310,"BOD, 5-day, 20 deg. C",2,C2,AVG,Concentration2,mg/L,2,mg/L,15,mg/L,,12/31/2023
PR0025861,001,00310,"BOD, 5-day, 20 deg. C",3,C2,AVG,Concentration2,mg/L,3,mg/L,15,mg/L,,01/31/2024
PR0025861,001,00310,"BOD, 5-day, 20 deg. C",7,Q2,MAX,Quantity2,kg/d,7,kg/d,102,kg/d,,01/31/2024
PR0025861,001,00310,"BOD, 5-day, 20 deg. C",7,C3,AVG,Concentration3,mg/L,7,mg/L,45,mg/L,,01/31/2024
PR0025861,001,00310,"BOD, 5-day, 20 deg. C",3,Q1,AVG,Quantity1,kg/d,3,kg/d,34,kg/d,,01/31/2024
PR0025861,001,00310,"BOD, 5-day, 20 deg. C",4,Q1,AVG,Quantity1,kg/d,4,kg/d,34,kg/d,,02/29/2024
PR0025861,001,00310,"BOD, 5-day, 20 deg. C",5,C3,AVG,Concentration3,mg/L,5,mg/L,45,mg/L,,02/29/2024
PR0025861,001,00310,"BOD, 5-day, 20 deg. C",6,Q2,MAX,Quantity2,kg/d,6,kg/d,102,kg/d,,02/29/2024
PR0025861,001,00310,"BOD, 5-day, 20 deg. C",3,C2,AVG,Concentration2,mg/L,3,mg/L,15,mg/L,,02/29/2024
PR0025861,001,00310,"BOD, 5-day, 20 deg. C",3,C3,AVG,Concentration3,mg/L,3,mg/L,45,mg/L,,03/31/2024
PR0025861,001,00310,"BOD, 5-day, 20 deg. C",2,Q1,AVG,Quantity1,kg/d,2,kg/d,34,kg/d,,03/31/2024
PR0025861,001,00310,"BOD, 5-day, 20 deg. C",2,C2,AVG,Concentration2,mg/L,2,mg/L,15,mg/L,,03/31/2024
PR0025861,001,00310,"BOD, 5-day, 20 deg. C",3,Q2,MAX,Quantity2,kg/d,3,kg/d,102,kg/d,,03/31/2024
PR0025861,001,00310,"BOD, 5-day, 20 deg. C",2,C3,AVG,Concentration3,mg/L,2,mg/L,45,mg/L,,04/30/2024
PR0025861,001,00310,"BOD, 5-day, 20 deg. C",3,Q2,MAX,Quantity2,kg/d,3,kg/d,102,kg/d,,04/30/2024
PR0025861,001,00310,"BOD, 5-day, 20 deg. C",2,Q1,AVG,Quantity1,kg/d,2,kg/d,34,kg/d,,04/30/2024
PR0025861,001,00310,"BOD, 5-day, 20 deg. C",2,C2,AVG,Concentration2,mg/L,2,mg/L,15,mg/L,,04/30/2024
PR0025861,001,00310,"BOD, 5-day, 20 deg. C",3,Q1,AVG,Quantity1,kg/d,3,kg/d,34,kg/d,,05/31/2024
PR0025861,001,00310,"BOD, 5-day, 20 deg. C",4,C3,AVG,Concentration3,mg/L,4,mg/L,45,mg/L,,05/31/2024
PR0025861,001,00310,"BOD, 5-day, 20 deg. C",4,Q2,MAX,Quantity2,kg/d,4,kg/d,102,kg/d,,05/31/2024
PR0025861,001,00310,"BOD, 5-day, 20 deg. C",3,C2,AVG,Concentration2,mg/L,3,mg/L,15,mg/L,,05/31/2024
PR0025861,001,00310,"BOD, 5-day, 20 deg. C",2,Q1,AVG,Quantity1,kg/d,2,kg/d,34,kg/d,,06/30/2024
PR0025861,001,00310,"BOD, 5-day, 20 deg. C",5,C3,AVG,Concentration3,mg/L,5,mg/L,45,mg/L,,06/30/2024
PR0025861,001,00310,"BOD, 5-day, 20 deg. C",5,Q2,MAX,Quantity2,kg/d,5,kg/d,102,kg/d,,06/30/2024
PR0025861,001,00310,"BOD, 5-day, 20 deg. C",2,C2,AVG,Concentration2,mg/L,2,mg/L,15,mg/L,,06/30/2024
PR0025861,001,00310,"BOD, 5-day, 20 deg. C",2,C2,AVG,Concentration2,mg/L,2,mg/L,15,mg/L,,07/31/2024
PR0025861,001,00310,"BOD, 5-day, 20 deg. C",3,Q2,MAX,Quantity2,kg/d,3,kg/d,102,kg/d,,07/31/2024
PR0025861,001,00310,"BOD, 5-day, 20 deg. C",3,C3,AVG,Concentration3,mg/L,3,mg/L,45,mg/L,,07/31/2024
PR0025861,001,00310,"BOD, 5-day, 20 deg. C",1,Q1,AVG,Quantity1,kg/d,1,kg/d,34,kg/d,,07/31/2024
PR0025861,001,00310,"BOD, 5-day, 20 deg. C",2,Q1,AVG,Quantity1,kg/d,2,kg/d,34,kg/d,,08/31/2024
PR0025861,001,00310,"BOD, 5-day, 20 deg. C",3,Q2,MAX,Quantity2,kg/d,3,kg/d,102,kg/d,,08/31/2024
PR0025861,001,00310,"BOD, 5-day, 20 deg. C",2,C2,AVG,Concentration2,mg/L,2,mg/L,15,mg/L,,08/31/2024
PR0025861,001,00310,"BOD, 5-day, 20 deg. C",4,C3,AVG,Concentration3,mg/L,4,mg/L,45,mg/L,,08/31/2024
PR0025861,001,00310,"BOD, 5-day, 20 deg. C",15,Q2,MAX,Quantity2,kg/d,15,kg/d,102,kg/d,,09/30/2024
PR0025861,001,00310,"BOD, 5-day, 20 deg. C",5,Q1,AVG,Quantity1,kg/d,5,kg/d,34,kg/d,,09/30/2024
PR0025861,001,00310,"BOD, 5-day, 20 deg. C",6,C2,AVG,Concentration2,mg/L,6,mg/L,15,mg/L,,09/30/2024
PR0025861,001,00310,"BOD, 5-day, 20 deg. C",16,C3,AVG,Concentration3,mg/L,16,mg/L,45,mg/L,,09/30/2024
PR0025861,001,00310,"BOD, 5-day, 20 deg. C",6,C3,AVG,Concentration3,mg/L,6,mg/L,45,mg/L,,10/31/2024
PR0025861,001,00310,"BOD, 5-day, 20 deg. C",3,Q2,MAX,Quantity2,kg/d,3,kg/d,102,kg/d,,10/31/2024
PR0025861,001,00310,"BOD, 5-day, 20 deg. C",1,Q1,AVG,Quantity1,kg/d,1,kg/d,34,kg/d,,10/31/2024
PR0025861,001,00310,"BOD, 5-day, 20 deg. C",3,C2,AVG,Concentration2,mg/L,3,mg/L,15,mg/L,,10/31/2024
PR0025861,001,00310,"BOD, 5-day, 20 deg. C",10,C2,AVG,Concentration2,mg/L,10,mg/L,15,mg/L,,11/30/2024
PR0025861,001,00310,"BOD, 5-day, 20 deg. C",24,C3,AVG,Concentration3,mg/L,24,mg/L,45,mg/L,,11/30/2024
PR0025861,001,00310,"BOD, 5-day, 20 deg. C",15,Q2,MAX,Quantity2,kg/d,15,kg/d,102,kg/d,,11/30/2024
PR0025861,001,00310,"BOD, 5-day, 20 deg. C",6,Q1,AVG,Quantity1,kg/d,6,kg/d,34,kg/d,,11/30/2024
PR0025861,001,00310,"BOD, 5-day, 20 deg. C",1,Q1,AVG,Quantity1,kg/d,1,kg/d,34,kg/d,,12/31/2024
PR0025861,001,00310,"BOD, 5-day, 20 deg. C",4,C3,AVG,Concentration3,mg/L,4,mg/L,45,mg/L,,12/31/2024
PR0025861,001,00310,"BOD, 5-day, 20 deg. C",2,Q2,MAX,Quantity2,kg/d,2,kg/d,102,kg/d,,12/31/2024
PR0025861,001,00310,"BOD, 5-day, 20 deg. C",2,C2,AVG,Concentration2,mg/L,2,mg/L,15,mg/L,,12/31/2024
PR0025861,001,00310,"BOD, 5-day, 20 deg. C",4,C2,AVG,Concentration2,mg/L,4,mg/L,15,mg/L,,01/31/2025
PR0025861,001,00310,"BOD, 5-day, 20 deg. C",6,C3,AVG,Concentration3,mg/L,6,mg/L,45,mg/L,,01/31/2025
PR0025861,001,00310,"BOD, 5-day, 20 deg. C",3,Q2,MAX,Quantity2,kg/d,3,kg/d,102,kg/d,,01/31/2025
PR0025861,001,00310,"BOD, 5-day, 20 deg. C",2,Q1,AVG,Quantity1,kg/d,2,kg/d,34,kg/d,,01/31/2025
PR0025861,001,00310,"BOD, 5-day, 20 deg. C",2,Q1,AVG,Quantity1,kg/d,2,kg/d,34,kg/d,,02/28/2025
PR0025861,001,00310,"BOD, 5-day, 20 deg. C",8,C3,AVG,Concentration3,mg/L,8,mg/L,45,mg/L,,02/28/2025
PR0025861,001,00310,"BOD, 5-day, 20 deg. C",5,Q2,MAX,Quantity2,kg/d,5,kg/d,102,kg/d,,02/28/2025
PR0025861,001,00310,"BOD, 5-day, 20 deg. C",4,C2,AVG,Concentration2,mg/L,4,mg/L,15,mg/L,,02/28/2025
PR0025861,001,00310,"BOD, 5-day, 20 deg. C",3,C2,AVG,Concentration2,mg/L,3,mg/L,15,mg/L,,03/31/2025
PR0025861,001,00310,"BOD, 5-day, 20 deg. C",3,Q2,MAX,Quantity2,kg/d,3,kg/d,102,kg/d,,03/31/2025
PR0025861,001,00310,"BOD, 5-day, 20 deg. C",8,C3,AVG,Concentration3,mg/L,8,mg/L,45,mg/L,,03/31/2025
PR0025861,001,00310,"BOD, 5-day, 20 deg. C",2,Q1,AVG,Quantity1,kg/d,2,kg/d,34,kg/d,,03/31/2025
PR0025861,001,00310,"BOD, 5-day, 20 deg. C",6,C3,AVG,Concentration3,mg/L,6,mg/L,45,mg/L,,04/30/2025
PR0025861,001,00310,"BOD, 5-day, 20 deg. C",8,Q2,MAX,Quantity2,kg/d,8,kg/d,102,kg/d,,04/30/2025
PR0025861,001,00310,"BOD, 5-day, 20 deg. C",5,Q1,AVG,Quantity1,kg/d,5,kg/d,34,kg/d,,04/30/2025
PR0025861,001,00310,"BOD, 5-day, 20 deg. C",4,C2,AVG,Concentration2,mg/L,4,mg/L,15,mg/L,,04/30/2025
PR0025861,001,00310,"BOD, 5-day, 20 deg. C",8,C2,AVG,Concentration2,mg/L,8,mg/L,15,mg/L,,05/31/2025
PR0025861,001,00310,"BOD, 5-day, 20 deg. C",16,Q2,MAX,Quantity2,kg/d,16,kg/d,102,kg/d,,05/31/2025
PR0025861,001,00310,"BOD, 5-day, 20 deg. C",16,C3,AVG,Concentration3,mg/L,16,mg/L,45,mg/L,,05/31/2025
PR0025861,001,00310,"BOD, 5-day, 20 deg. C",8,Q1,AVG,Quantity1,kg/d,8,kg/d,34,kg/d,,05/31/2025
PR0025861,001,00310,"BOD, 5-day, 20 deg. C",4,Q1,AVG,Quantity1,kg/d,4,kg/d,34,kg/d,,06/30/2025
PR0025861,001,00310,"BOD, 5-day, 20 deg. C",11,C3,AVG,Concentration3,mg/L,11,mg/L,45,mg/L,,06/30/2025
PR0025861,001,00310,"BOD, 5-day, 20 deg. C",11,Q2,MAX,Quantity2,kg/d,11,kg/d,102,kg/d,,06/30/2025
PR0025861,001,00310,"BOD, 5-day, 20 deg. C",4,C2,AVG,Concentration2,mg/L,4,mg/L,15,mg/L,,06/30/2025
PR0025861,001,00310,"BOD, 5-day, 20 deg. C",4,Q1,AVG,Quantity1,kg/d,4,kg/d,34,kg/d,,07/31/2025
PR0025861,001,00310,"BOD, 5-day, 20 deg. C",4,Q2,MAX,Quantity2,kg/d,4,kg/d,102,kg/d,,07/31/2025
PR0025861,001,00310,"BOD, 5-day, 20 deg. C",3,C3,AVG,Concentration3,mg/L,3,mg/L,45,mg/L,,07/31/2025
PR0025861,001,00310,"BOD, 5-day, 20 deg. C",3,C2,AVG,Concentration2,mg/L,3,mg/L,15,mg/L,,07/31/2025
PR0025861,001,00310,"BOD, 5-day, 20 deg. C",4,Q1,AVG,Quantity1,kg/d,4,kg/d,34,kg/d,,08/31/2025
PR0025861,001,00310,"BOD, 5-day, 20 deg. C",9,Q2,MAX,Quantity2,kg/d,9,kg/d,102,kg/d,,08/31/2025
PR0025861,001,00310,"BOD, 5-day, 20 deg. C",7,C3,AVG,Concentration3,mg/L,7,mg/L,45,mg/L,,08/31/2025
PR0025861,001,00310,"BOD, 5-day, 20 deg. C",4,C2,AVG,Concentration2,mg/L,4,mg/L,15,mg/L,,08/31/2025
PR0025861,001,00310,"BOD, 5-day, 20 deg. C",10,C2,AVG,Concentration2,mg/L,10,mg/L,15,mg/L,,09/30/2025
PR0025861,001,00310,"BOD, 5-day, 20 deg. C",5,Q2,MAX,Quantity2,kg/d,5,kg/d,102,kg/d,,09/30/2025
PR0025861,001,00310,"BOD, 5-day, 20 deg. C",16,C3,AVG,Concentration3,mg/L,16,mg/L,45,mg/L,,09/30/2025
PR0025861,001,00310,"BOD, 5-day, 20 deg. C",3,Q1,AVG,Quantity1,kg/d,3,kg/d,34,kg/d,,09/30/2025
PR0025861,001,00310,"BOD, 5-day, 20 deg. C",1,Q1,AVG,Quantity1,kg/d,1,kg/d,34,kg/d,,10/31/2025
PR0025861,001,00310,"BOD, 5-day, 20 deg. C",3,Q2,MAX,Quantity2,kg/d,3,kg/d,102,kg/d,,10/31/2025
PR0025861,001,00310,"BOD, 5-day, 20 deg. C",5,C2,AVG,Concentration2,mg/L,5,mg/L,15,mg/L,,10/31/2025
PR0025861,001,00310,"BOD, 5-day, 20 deg. C",6,C3,AVG,Concentration3,mg/L,6,mg/L,45,mg/L,,10/31/2025
PR0025861,001,00310,"BOD, 5-day, 20 deg. C",39,C2,AVG,Concentration2,mg/L,39,mg/L,15,mg/L,,11/30/2025
PR0025861,001,00310,"BOD, 5-day, 20 deg. C",76,C3,AVG,Concentration3,mg/L,76,mg/L,45,mg/L,,11/30/2025
PR0025861,001,00310,"BOD, 5-day, 20 deg. C",15,Q2,MAX,Quantity2,kg/d,15,kg/d,102,kg/d,,11/30/2025
PR0025861,001,00310,"BOD, 5-day, 20 deg. C",4,Q1,AVG,Quantity1,kg/d,4,kg/d,34,kg/d,,11/30/2025
PR0025861,001,00310,"BOD, 5-day, 20 deg. C",30,Q1,AVG,Quantity1,kg/d,30,kg/d,34,kg/d,,12/31/2025
PR0025861,001,00310,"BOD, 5-day, 20 deg. C",268,C3,AVG,Concentration3,mg/L,268,mg/L,45,mg/L,,12/31/2025
PR0025861,001,00310,"BOD, 5-day, 20 deg. C",127,Q2,MAX,Quantity2,kg/d,127,kg/d,102,kg/d,,12/31/2025
PR0025861,001,00310,"BOD, 5-day, 20 deg. C",63,C2,AVG,Concentration2,mg/L,63,mg/L,15,mg/L,,12/31/2025
PR0025861,001,00310,"BOD, 5-day, 20 deg. C",3,C2,AVG,Concentration2,mg/L,3,mg/L,15,mg/L,,01/31/2026
PR0025861,001,00310,"BOD, 5-day, 20 deg. C",6,C3,AVG,Concentration3,mg/L,6,mg/L,45,mg/L,,01/31/2026
PR0025861,001,00310,"BOD, 5-day, 20 deg. C",1,Q1,AVG,Quantity1,kg/d,1,kg/d,34,kg/d,,01/31/2026
PR0025861,001,00310,"BOD, 5-day, 20 deg. C",2,Q2,MAX,Quantity2,kg/d,2,kg/d,102,kg/d,,01/31/2026
PR0025861,001,00400,pH,7.6,C3,MAX,Concentration3,SU,7.6,SU,9,SU,,01/31/2020
PR0025861,001,00400,pH,6.9,C1,MIN,Concentration1,SU,6.9,SU,6,SU,,01/31/2020
PR0025861,001,00400,pH,6.9,C1,MIN,Concentration1,SU,6.9,SU,6,SU,,02/29/2020
PR0025861,001,00400,pH,7.6,C3,MAX,Concentration3,SU,7.6,SU,9,SU,,02/29/2020
PR0025861,001,00400,pH,7.9,C3,MAX,Concentration3,SU,7.9,SU,9,SU,,03/31/2020
PR0025861,001,00400,pH,6.9,C1,MIN,Concentration1,SU,6.9,SU,6,SU,,03/31/2020
PR0025861,001,00400,pH,6.8,C1,MIN,Concentration1,SU,6.8,SU,6,SU,,04/30/2020
PR0025861,001,00400,pH,7.7,C3,MAX,Concentration3,SU,7.7,SU,9,SU,,04/30/2020
PR0025861,001,00400,pH,7.5,C3,MAX,Concentration3,SU,7.5,SU,9,SU,,05/31/2020
PR0025861,001,00400,pH,6.5,C1,MIN,Concentration1,SU,6.5,SU,6,SU,,05/31/2020
PR0025861,001,00400,pH,6.8,C1,MIN,Concentration1,SU,6.8,SU,6,SU,,06/30/2020
PR0025861,001,00400,pH,7.6,C3,MAX,Concentration3,SU,7.6,SU,9,SU,,06/30/2020
PR0025861,001,00400,pH,7.7,C3,MAX,Concentration3,SU,7.7,SU,9,SU,,07/31/2020
PR0025861,001,00400,pH,7.2,C1,MIN,Concentration1,SU,7.2,SU,6,SU,,07/31/2020
PR0025861,001,00400,pH,6.6,C1,MIN,Concentration1,SU,6.6,SU,6,SU,,08/31/2020
PR0025861,001,00400,pH,7.9,C3,MAX,Concentration3,SU,7.9,SU,9,SU,,08/31/2020
PR0025861,001,00400,pH,7.8,C3,MAX,Concentration3,SU,7.8,SU,9,SU,,09/30/2020
PR0025861,001,00400,pH,7.1,C1,MIN,Concentration1,SU,7.1,SU,6,SU,,09/30/2020
PR0025861,001,00400,pH,7.1,C1,MIN,Concentration1,SU,7.1,SU,6,SU,,10/31/2020
PR0025861,001,00400,pH,7.7,C3,MAX,Concentration3,SU,7.7,SU,9,SU,,10/31/2020
PR0025861,001,00400,pH,7.8,C3,MAX,Concentration3,SU,7.8,SU,9,SU,,11/30/2020
PR0025861,001,00400,pH,7,C1,MIN,Concentration1,SU,7,SU,6,SU,,11/30/2020
PR0025861,001,00400,pH,6.8,C1,MIN,Concentration1,SU,6.8,SU,6,SU,,12/31/2020
PR0025861,001,00400,pH,7.8,C3,MAX,Concentration3,SU,7.8,SU,9,SU,,12/31/2020
PR0025861,001,00400,pH,7.8,C3,MAX,Concentration3,SU,7.8,SU,9,SU,,01/31/2021
PR0025861,001,00400,pH,6.9,C1,MIN,Concentration1,SU,6.9,SU,6,SU,,01/31/2021
PR0025861,001,00400,pH,6.9,C1,MIN,Concentration1,SU,6.9,SU,6,SU,,02/28/2021
PR0025861,001,00400,pH,7.6,C3,MAX,Concentration3,SU,7.6,SU,9,SU,,02/28/2021
PR0025861,001,00400,pH,8.2,C3,MAX,Concentration3,SU,8.2,SU,9,SU,,03/31/2021
PR0025861,001,00400,pH,6.7,C1,MIN,Concentration1,SU,6.7,SU,6,SU,,03/31/2021
PR0025861,001,00400,pH,6.8,C1,MIN,Concentration1,SU,6.8,SU,6,SU,,04/30/2021
PR0025861,001,00400,pH,7.9,C3,MAX,Concentration3,SU,7.9,SU,9,SU,,04/30/2021
PR0025861,001,00400,pH,7.7,C3,MAX,Concentration3,SU,7.7,SU,9,SU,,05/31/2021
PR0025861,001,00400,pH,6.5,C1,MIN,Concentration1,SU,6.5,SU,6,SU,,05/31/2021
PR0025861,001,00400,pH,6.7,C1,MIN,Concentration1,SU,6.7,SU,6,SU,,06/30/2021
PR0025861,001,00400,pH,7.6,C3,MAX,Concentration3,SU,7.6,SU,9,SU,,06/30/2021
PR0025861,001,00400,pH,7.7,C3,MAX,Concentration3,SU,7.7,SU,9,SU,,07/31/2021
PR0025861,001,00400,pH,6.9,C1,MIN,Concentration1,SU,6.9,SU,6,SU,,07/31/2021
PR0025861,001,00400,pH,6.6,C1,MIN,Concentration1,SU,6.6,SU,6,SU,,08/31/2021
PR0025861,001,00400,pH,8,C3,MAX,Concentration3,SU,8,SU,9,SU,,08/31/2021
PR0025861,001,00400,pH,7.7,C3,MAX,Concentration3,SU,7.7,SU,9,SU,,09/30/2021
PR0025861,001,00400,pH,6.6,C1,MIN,Concentration1,SU,6.6,SU,6,SU,,09/30/2021
PR0025861,001,00400,pH,6.2,C1,MIN,Concentration1,SU,6.2,SU,6,SU,,10/31/2021
PR0025861,001,00400,pH,7.7,C3,MAX,Concentration3,SU,7.7,SU,9,SU,,10/31/2021
PR0025861,001,00400,pH,7.6,C3,MAX,Concentration3,SU,7.6,SU,9,SU,,11/30/2021
PR0025861,001,00400,pH,6.7,C1,MIN,Concentration1,SU,6.7,SU,6,SU,,11/30/2021
PR0025861,001,00400,pH,6.7,C1,MIN,Concentration1,SU,6.7,SU,6,SU,,12/31/2021
PR0025861,001,00400,pH,7.6,C3,MAX,Concentration3,SU,7.6,SU,9,SU,,12/31/2021
PR0025861,001,00400,pH,6.6,C1,MIN,Concentration1,SU,6.6,SU,6,SU,,01/31/2022
PR0025861,001,00400,pH,7.7,C3,MAX,Concentration3,SU,7.7,SU,9,SU,,01/31/2022
PR0025861,001,00400,pH,7.6,C3,MAX,Concentration3,SU,7.6,SU,9,SU,,02/28/2022
PR0025861,001,00400,pH,6.7,C1,MIN,Concentration1,SU,6.7,SU,6,SU,,02/28/2022
PR0025861,001,00400,pH,7.8,C3,MAX,Concentration3,SU,7.8,SU,9,SU,,03/31/2022
PR0025861,001,00400,pH,6.9,C1,MIN,Concentration1,SU,6.9,SU,6,SU,,03/31/2022
PR0025861,001,00400,pH,7.7,C3,MAX,Concentration3,SU,7.7,SU,9,SU,,04/30/2022
PR0025861,001,00400,pH,6.9,C1,MIN,Concentration1,SU,6.9,SU,6,SU,,04/30/2022
PR0025861,001,00400,pH,7.1,C1,MIN,Concentration1,SU,7.1,SU,6,SU,,05/31/2022
PR0025861,001,00400,pH,8.3,C3,MAX,Concentration3,SU,8.3,SU,9,SU,,05/31/2022
PR0025861,001,00400,pH,7,C1,MIN,Concentration1,SU,7,SU,6,SU,,06/30/2022
PR0025861,001,00400,pH,7.8,C3,MAX,Concentration3,SU,7.8,SU,9,SU,,06/30/2022
PR0025861,001,00400,pH,8.2,C3,MAX,Concentration3,SU,8.2,SU,9,SU,,07/31/2022
PR0025861,001,00400,pH,7,C1,MIN,Concentration1,SU,7,SU,6,SU,,07/31/2022
PR0025861,001,00400,pH,6.6,C1,MIN,Concentration1,SU,6.6,SU,6,SU,,08/31/2022
PR0025861,001,00400,pH,8,C3,MAX,Concentration3,SU,8,SU,9,SU,,08/31/2022
PR0025861,001,00400,pH,6.7,C1,MIN,Concentration1,SU,6.7,SU,6,SU,,09/30/2022
PR0025861,001,00400,pH,7.8,C3,MAX,Concentration3,SU,7.8,SU,9,SU,,09/30/2022
PR0025861,001,00400,pH,7.7,C3,MAX,Concentration3,SU,7.7,SU,9,SU,,10/31/2022
PR0025861,001,00400,pH,6.6,C1,MIN,Concentration1,SU,6.6,SU,6,SU,,10/31/2022
PR0025861,001,00400,pH,6.7,C1,MIN,Concentration1,SU,6.7,SU,6,SU,,11/30/2022
PR0025861,001,00400,pH,7.7,C3,MAX,Concentration3,SU,7.7,SU,9,SU,,11/30/2022
PR0025861,001,00400,pH,6.8,C1,MIN,Concentration1,SU,6.8,SU,6,SU,,12/31/2022
PR0025861,001,00400,pH,7.8,C3,MAX,Concentration3,SU,7.8,SU,9,SU,,12/31/2022
PR0025861,001,00400,pH,7.9,C3,MAX,Concentration3,SU,7.9,SU,9,SU,,01/31/2023
PR0025861,001,00400,pH,6.2,C1,MIN,Concentration1,SU,6.2,SU,6,SU,,01/31/2023
PR0025861,001,00400,pH,6.7,C1,MIN,Concentration1,SU,6.7,SU,6,SU,,02/28/2023
PR0025861,001,00400,pH,7.8,C3,MAX,Concentration3,SU,7.8,SU,9,SU,,02/28/2023
PR0025861,001,00400,pH,7.9,C3,MAX,Concentration3,SU,7.9,SU,9,SU,,03/31/2023
PR0025861,001,00400,pH,7,C1,MIN,Concentration1,SU,7,SU,6,SU,,03/31/2023
PR0025861,001,00400,pH,6.8,C1,MIN,Concentration1,SU,6.8,SU,6,SU,,04/30/2023
PR0025861,001,00400,pH,7.8,C3,MAX,Concentration3,SU,7.8,SU,9,SU,,04/30/2023
PR0025861,001,00400,pH,7.6,C3,MAX,Concentration3,SU,7.6,SU,9,SU,,05/31/2023
PR0025861,001,00400,pH,6.6,C1,MIN,Concentration1,SU,6.6,SU,6,SU,,05/31/2023
PR0025861,001,00400,pH,606,C1,MIN,Concentration1,SU,606,SU,6,SU,,06/30/2023
PR0025861,001,00400,pH,8.1,C3,MAX,Concentration3,SU,8.1,SU,9,SU,,06/30/2023
PR0025861,001,00400,pH,6.5,C1,MIN,Concentration1,SU,6.5,SU,6,SU,,07/31/2023
PR0025861,001,00400,pH,7.9,C3,MAX,Concentration3,SU,7.9,SU,9,SU,,07/31/2023
PR0025861,001,00400,pH,7.6,C3,MAX,Concentration3,SU,7.6,SU,9,SU,,08/31/2023
PR0025861,001,00400,pH,6.5,C1,MIN,Concentration1,SU,6.5,SU,6,SU,,08/31/2023
PR0025861,001,00400,pH,7.3,C3,MAX,Concentration3,SU,7.3,SU,9,SU,,09/30/2023
PR0025861,001,00400,pH,6.4,C1,MIN,Concentration1,SU,6.4,SU,6,SU,,09/30/2023
PR0025861,001,00400,pH,7.6,C3,MAX,Concentration3,SU,7.6,SU,9,SU,,10/31/2023
PR0025861,001,00400,pH,6.7,C1,MIN,Concentration1,SU,6.7,SU,6,SU,,10/31/2023
PR0025861,001,00400,pH,7.8,C3,MAX,Concentration3,SU,7.8,SU,9,SU,,11/30/2023
PR0025861,001,00400,pH,6.9,C1,MIN,Concentration1,SU,6.9,SU,6,SU,,11/30/2023
PR0025861,001,00400,pH,8,C3,MAX,Concentration3,SU,8,SU,9,SU,,12/31/2023
PR0025861,001,00400,pH,6.4,C1,MIN,Concentration1,SU,6.4,SU,6,SU,,12/31/2023
PR0025861,001,00400,pH,7.8,C3,MAX,Concentration3,SU,7.8,SU,9,SU,,01/31/2024
PR0025861,001,00400,pH,6.6,C1,MIN,Concentration1,SU,6.6,SU,6,SU,,01/31/2024
PR0025861,001,00400,pH,6.7,C1,MIN,Concentration1,SU,6.7,SU,6,SU,,02/29/2024
PR0025861,001,00400,pH,7.7,C3,MAX,Concentration3,SU,7.7,SU,9,SU,,02/29/2024
PR0025861,001,00400,pH,7.7,C3,MAX,Concentration3,SU,7.7,SU,9,SU,,03/31/2024
PR0025861,001,00400,pH,6.4,C1,MIN,Concentration1,SU,6.4,SU,6,SU,,03/31/2024
PR0025861,001,00400,pH,7.5,C3,MAX,Concentration3,SU,7.5,SU,9,SU,,04/30/2024
PR0025861,001,00400,pH,6.4,C1,MIN,Concentration1,SU,6.4,SU,6,SU,,04/30/2024
PR0025861,001,00400,pH,8.3,C3,MAX,Concentration3,SU,8.3,SU,9,SU,,05/31/2024
PR0025861,001,00400,pH,6.5,C1,MIN,Concentration1,SU,6.5,SU,6,SU,,05/31/2024
PR0025861,001,00400,pH,6.5,C1,MIN,Concentration1,SU,6.5,SU,6,SU,,06/30/2024
PR0025861,001,00400,pH,7.7,C3,MAX,Concentration3,SU,7.7,SU,9,SU,,06/30/2024
PR0025861,001,00400,pH,6.9,C1,MIN,Concentration1,SU,6.9,SU,6,SU,,07/31/2024
PR0025861,001,00400,pH,8.3,C3,MAX,Concentration3,SU,8.3,SU,9,SU,,07/31/2024
PR0025861,001,00400,pH,6.6,C1,MIN,Concentration1,SU,6.6,SU,6,SU,,08/31/2024
PR0025861,001,00400,pH,8.8,C3,MAX,Concentration3,SU,8.8,SU,9,SU,,08/31/2024
PR0025861,001,00400,pH,7.6,C3,MAX,Concentration3,SU,7.6,SU,9,SU,,09/30/2024
PR0025861,001,00400,pH,6.5,C1,MIN,Concentration1,SU,6.5,SU,6,SU,,09/30/2024
PR0025861,001,00400,pH,7.4,C3,MAX,Concentration3,SU,7.4,SU,9,SU,,10/31/2024
PR0025861,001,00400,pH,6.3,C1,MIN,Concentration1,SU,6.3,SU,6,SU,,10/31/2024
PR0025861,001,00400,pH,7.3,C3,MAX,Concentration3,SU,7.3,SU,9,SU,,11/30/2024
PR0025861,001,00400,pH,6.6,C1,MIN,Concentration1,SU,6.6,SU,6,SU,,11/30/2024
PR0025861,001,00400,pH,6.5,C1,MIN,Concentration1,SU,6.5,SU,6,SU,,12/31/2024
PR0025861,001,00400,pH,7.5,C3,MAX,Concentration3,SU,7.5,SU,9,SU,,12/31/2024
PR0025861,001,00400,pH,6.6,C1,MIN,Concentration1,SU,6.6,SU,6,SU,,01/31/2025
PR0025861,001,00400,pH,7.7,C3,MAX,Concentration3,SU,7.7,SU,9,SU,,01/31/2025
PR0025861,001,00400,pH,6.4,C1,MIN,Concentration1,SU,6.4,SU,6,SU,,02/28/2025
PR0025861,001,00400,pH,7.7,C3,MAX,Concentration3,SU,7.7,SU,9,SU,,02/28/2025
PR0025861,001,00400,pH,7.9,C3,MAX,Concentration3,SU,7.9,SU,9,SU,,03/31/2025
PR0025861,001,00400,pH,6.3,C1,MIN,Concentration1,SU,6.3,SU,6,SU,,03/31/2025
PR0025861,001,00400,pH,6.6,C1,MIN,Concentration1,SU,6.6,SU,6,SU,,04/30/2025
PR0025861,001,00400,pH,7.9,C3,MAX,Concentration3,SU,7.9,SU,9,SU,,04/30/2025
PR0025861,001,00400,pH,7.7,C3,MAX,Concentration3,SU,7.7,SU,9,SU,,05/31/2025
PR0025861,001,00400,pH,6,C1,MIN,Concentration1,SU,6,SU,6,SU,,05/31/2025
PR0025861,001,00400,pH,7.9,C3,MAX,Concentration3,SU,7.9,SU,9,SU,,06/30/2025
PR0025861,001,00400,pH,6.4,C1,MIN,Concentration1,SU,6.4,SU,6,SU,,06/30/2025
PR0025861,001,00400,pH,7.9,C3,MAX,Concentration3,SU,7.9,SU,9,SU,,07/31/2025
PR0025861,001,00400,pH,6.3,C1,MIN,Concentration1,SU,6.3,SU,6,SU,,07/31/2025
PR0025861,001,00400,pH,8.1,C3,MAX,Concentration3,SU,8.1,SU,9,SU,,08/31/2025
PR0025861,001,00400,pH,6.6,C1,MIN,Concentration1,SU,6.6,SU,6,SU,,08/31/2025
PR0025861,001,00400,pH,8,C3,MAX,Concentration3,SU,8,SU,9,SU,,09/30/2025
PR0025861,001,00400,pH,6.8,C1,MIN,Concentration1,SU,6.8,SU,6,SU,,09/30/2025
PR0025861,001,00400,pH,7.6,C3,MAX,Concentration3,SU,7.6,SU,9,SU,,10/31/2025
PR0025861,001,00400,pH,6.7,C1,MIN,Concentration1,SU,6.7,SU,6,SU,,10/31/2025
PR0025861,001,00400,pH,8,C3,MAX,Concentration3,SU,8,SU,9,SU,,11/30/2025
PR0025861,001,00400,pH,6.4,C1,MIN,Concentration1,SU,6.4,SU,6,SU,,11/30/2025
PR0025861,001,00400,pH,8.2,C3,MAX,Concentration3,SU,8.2,SU,9,SU,,12/31/2025
PR0025861,001,00400,pH,6.5,C1,MIN,Concentration1,SU,6.5,SU,6,SU,,12/31/2025
PR0025861,001,00400,pH,6.8,C3,MAX,Concentration3,SU,6.8,SU,9,SU,,01/31/2026
PR0025861,001,00400,pH,7.8,C1,MIN,Concentration1,SU,7.8,SU,6,SU,,01/31/2026
PR0025861,001,00530,"Solids, total suspended",120,C2,AVG,Concentration2,mg/L,120,mg/L,30,mg/L,,01/31/2020
PR0025861,001,00530,"Solids, total suspended",287,Q1,AVG,Quantity1,kg/d,287,kg/d,68,kg/d,,01/31/2020
PR0025861,001,00530,"Solids, total suspended",430,C3,AVG,Concentration3,mg/L,430,mg/L,45,mg/L,,01/31/2020
PR0025861,001,00530,"Solids, total suspended",1069,Q2,AVG,Quantity2,kg/d,1069,kg/d,102,kg/d,,01/31/2020
PR0025861,001,00530,"Solids, total suspended",13,Q1,AVG,Quantity1,kg/d,13,kg/d,68,kg/d,,02/29/2020
PR0025861,001,00530,"Solids, total suspended",11,C2,AVG,Concentration2,mg/L,11,mg/L,30,mg/L,,02/29/2020
PR0025861,001,00530,"Solids, total suspended",24,Q2,AVG,Quantity2,kg/d,24,kg/d,102,kg/d,,02/29/2020
PR0025861,001,00530,"Solids, total suspended",16,C3,AVG,Concentration3,mg/L,16,mg/L,45,mg/L,,02/29/2020
PR0025861,001,00530,"Solids, total suspended",46,C3,AVG,Concentration3,mg/L,46,mg/L,45,mg/L,,03/31/2020
PR0025861,001,00530,"Solids, total suspended",36,Q1,AVG,Quantity1,kg/d,36,kg/d,68,kg/d,,03/31/2020
PR0025861,001,00530,"Solids, total suspended",16,C2,AVG,Concentration2,mg/L,16,mg/L,30,mg/L,,03/31/2020
PR0025861,001,00530,"Solids, total suspended",111,Q2,AVG,Quantity2,kg/d,111,kg/d,102,kg/d,,03/31/2020
PR0025861,001,00530,"Solids, total suspended",14,C3,AVG,Concentration3,mg/L,14,mg/L,45,mg/L,,04/30/2020
PR0025861,001,00530,"Solids, total suspended",5,Q1,AVG,Quantity1,kg/d,5,kg/d,68,kg/d,,04/30/2020
PR0025861,001,00530,"Solids, total suspended",7,Q2,AVG,Quantity2,kg/d,7,kg/d,102,kg/d,,04/30/2020
PR0025861,001,00530,"Solids, total suspended",10,C2,AVG,Concentration2,mg/L,10,mg/L,30,mg/L,,04/30/2020
PR0025861,001,00530,"Solids, total suspended",9,C3,AVG,Concentration3,mg/L,9,mg/L,45,mg/L,,05/31/2020
PR0025861,001,00530,"Solids, total suspended",3,Q2,AVG,Quantity2,kg/d,3,kg/d,102,kg/d,,05/31/2020
PR0025861,001,00530,"Solids, total suspended",4,C2,AVG,Concentration2,mg/L,4,mg/L,30,mg/L,,05/31/2020
PR0025861,001,00530,"Solids, total suspended",2,Q1,AVG,Quantity1,kg/d,2,kg/d,68,kg/d,,05/31/2020
PR0025861,001,00530,"Solids, total suspended",5,Q2,AVG,Quantity2,kg/d,5,kg/d,102,kg/d,,06/30/2020
PR0025861,001,00530,"Solids, total suspended",3,C2,AVG,Concentration2,mg/L,3,mg/L,30,mg/L,,06/30/2020
PR0025861,001,00530,"Solids, total suspended",3,Q1,AVG,Quantity1,kg/d,3,kg/d,68,kg/d,,06/30/2020
PR0025861,001,00530,"Solids, total suspended",4,C3,AVG,Concentration3,mg/L,4,mg/L,45,mg/L,,06/30/2020
PR0025861,001,00530,"Solids, total suspended",3,C2,AVG,Concentration2,mg/L,3,mg/L,30,mg/L,,07/31/2020
PR0025861,001,00530,"Solids, total suspended",2,Q1,AVG,Quantity1,kg/d,2,kg/d,68,kg/d,,07/31/2020
PR0025861,001,00530,"Solids, total suspended",3,C3,AVG,Concentration3,mg/L,3,mg/L,45,mg/L,,07/31/2020
PR0025861,001,00530,"Solids, total suspended",2,Q2,AVG,Quantity2,kg/d,2,kg/d,102,kg/d,,07/31/2020
PR0025861,001,00530,"Solids, total suspended",3,C2,AVG,Concentration2,mg/L,3,mg/L,30,mg/L,,08/31/2020
PR0025861,001,00530,"Solids, total suspended",2,Q1,AVG,Quantity1,kg/d,2,kg/d,68,kg/d,,08/31/2020
PR0025861,001,00530,"Solids, total suspended",3,Q2,AVG,Quantity2,kg/d,3,kg/d,102,kg/d,,08/31/2020
PR0025861,001,00530,"Solids, total suspended",5,C3,AVG,Concentration3,mg/L,5,mg/L,45,mg/L,,08/31/2020
PR0025861,001,00530,"Solids, total suspended",2,Q1,AVG,Quantity1,kg/d,2,kg/d,68,kg/d,,09/30/2020
PR0025861,001,00530,"Solids, total suspended",2.5,C2,AVG,Concentration2,mg/L,2.5,mg/L,30,mg/L,,09/30/2020
PR0025861,001,00530,"Solids, total suspended",4,Q2,AVG,Quantity2,kg/d,4,kg/d,102,kg/d,,09/30/2020
PR0025861,001,00530,"Solids, total suspended",2.5,C3,AVG,Concentration3,mg/L,2.5,mg/L,45,mg/L,,09/30/2020
PR0025861,001,00530,"Solids, total suspended",5,Q1,AVG,Quantity1,kg/d,5,kg/d,68,kg/d,,10/31/2020
PR0025861,001,00530,"Solids, total suspended",8,C3,AVG,Concentration3,mg/L,8,mg/L,45,mg/L,,10/31/2020
PR0025861,001,00530,"Solids, total suspended",10,Q2,AVG,Quantity2,kg/d,10,kg/d,102,kg/d,,10/31/2020
PR0025861,001,00530,"Solids, total suspended",4,C2,AVG,Concentration2,mg/L,4,mg/L,30,mg/L,,10/31/2020
PR0025861,001,00530,"Solids, total suspended",2.5,C3,AVG,Concentration3,mg/L,2.5,mg/L,45,mg/L,,11/30/2020
PR0025861,001,00530,"Solids, total suspended",4,Q2,AVG,Quantity2,kg/d,4,kg/d,102,kg/d,,11/30/2020
PR0025861,001,00530,"Solids, total suspended",3,Q1,AVG,Quantity1,kg/d,3,kg/d,68,kg/d,,11/30/2020
PR0025861,001,00530,"Solids, total suspended",2.5,C2,AVG,Concentration2,mg/L,2.5,mg/L,30,mg/L,,11/30/2020
PR0025861,001,00530,"Solids, total suspended",2.5,C2,AVG,Concentration2,mg/L,2.5,mg/L,30,mg/L,,12/31/2020
PR0025861,001,00530,"Solids, total suspended",3,Q1,AVG,Quantity1,kg/d,3,kg/d,68,kg/d,,12/31/2020
PR0025861,001,00530,"Solids, total suspended",5,Q2,AVG,Quantity2,kg/d,5,kg/d,102,kg/d,,12/31/2020
PR0025861,001,00530,"Solids, total suspended",2.5,C3,AVG,Concentration3,mg/L,2.5,mg/L,45,mg/L,,12/31/2020
PR0025861,001,00530,"Solids, total suspended",4,C3,AVG,Concentration3,mg/L,4,mg/L,45,mg/L,,01/31/2021
PR0025861,001,00530,"Solids, total suspended",3,C2,AVG,Concentration2,mg/L,3,mg/L,30,mg/L,,01/31/2021
PR0025861,001,00530,"Solids, total suspended",3,Q2,AVG,Quantity2,kg/d,3,kg/d,102,kg/d,,01/31/2021
PR0025861,001,00530,"Solids, total suspended",2,Q1,AVG,Quantity1,kg/d,2,kg/d,68,kg/d,,01/31/2021
PR0025861,001,00530,"Solids, total suspended",4,Q2,AVG,Quantity2,kg/d,4,kg/d,102,kg/d,,02/28/2021
PR0025861,001,00530,"Solids, total suspended",2,Q1,AVG,Quantity1,kg/d,2,kg/d,68,kg/d,,02/28/2021
PR0025861,001,00530,"Solids, total suspended",3,C2,AVG,Concentration2,mg/L,3,mg/L,30,mg/L,,02/28/2021
PR0025861,001,00530,"Solids, total suspended",3,C3,AVG,Concentration3,mg/L,3,mg/L,45,mg/L,,02/28/2021
PR0025861,001,00530,"Solids, total suspended",2.5,C3,AVG,Concentration3,mg/L,2.5,mg/L,45,mg/L,,03/31/2021
PR0025861,001,00530,"Solids, total suspended",2.5,C2,AVG,Concentration2,mg/L,2.5,mg/L,30,mg/L,,03/31/2021
PR0025861,001,00530,"Solids, total suspended",2,Q1,AVG,Quantity1,kg/d,2,kg/d,68,kg/d,,03/31/2021
PR0025861,001,00530,"Solids, total suspended",3,Q2,AVG,Quantity2,kg/d,3,kg/d,102,kg/d,,03/31/2021
PR0025861,001,00530,"Solids, total suspended",3,C2,AVG,Concentration2,mg/L,3,mg/L,30,mg/L,,04/30/2021
PR0025861,001,00530,"Solids, total suspended",3,Q2,AVG,Quantity2,kg/d,3,kg/d,102,kg/d,,04/30/2021
PR0025861,001,00530,"Solids, total suspended",2,Q1,AVG,Quantity1,kg/d,2,kg/d,68,kg/d,,04/30/2021
PR0025861,001,00530,"Solids, total suspended",4,C3,AVG,Concentration3,mg/L,4,mg/L,45,mg/L,,04/30/2021
PR0025861,001,00530,"Solids, total suspended",4,C2,AVG,Concentration2,mg/L,4,mg/L,30,mg/L,,05/31/2021
PR0025861,001,00530,"Solids, total suspended",9,Q2,AVG,Quantity2,kg/d,9,kg/d,102,kg/d,,05/31/2021
PR0025861,001,00530,"Solids, total suspended",3,Q1,AVG,Quantity1,kg/d,3,kg/d,68,kg/d,,05/31/2021
PR0025861,001,00530,"Solids, total suspended",10,C3,AVG,Concentration3,mg/L,10,mg/L,45,mg/L,,05/31/2021
PR0025861,001,00530,"Solids, total suspended",2.5,C2,AVG,Concentration2,mg/L,2.5,mg/L,30,mg/L,,06/30/2021
PR0025861,001,00530,"Solids, total suspended",5,Q2,AVG,Quantity2,kg/d,5,kg/d,102,kg/d,,06/30/2021
PR0025861,001,00530,"Solids, total suspended",3,Q1,AVG,Quantity1,kg/d,3,kg/d,68,kg/d,,06/30/2021
PR0025861,001,00530,"Solids, total suspended",2.5,C3,AVG,Concentration3,mg/L,2.5,mg/L,45,mg/L,,06/30/2021
PR0025861,001,00530,"Solids, total suspended",10,C3,AVG,Concentration3,mg/L,10,mg/L,45,mg/L,,07/31/2021
PR0025861,001,00530,"Solids, total suspended",3,Q1,AVG,Quantity1,kg/d,3,kg/d,68,kg/d,,07/31/2021
PR0025861,001,00530,"Solids, total suspended",4,C2,AVG,Concentration2,mg/L,4,mg/L,30,mg/L,,07/31/2021
PR0025861,001,00530,"Solids, total suspended",6,Q2,AVG,Quantity2,kg/d,6,kg/d,102,kg/d,,07/31/2021
PR0025861,001,00530,"Solids, total suspended",4,Q2,AVG,Quantity2,kg/d,4,kg/d,102,kg/d,,08/31/2021
PR0025861,001,00530,"Solids, total suspended",3,C2,AVG,Concentration2,mg/L,3,mg/L,30,mg/L,,08/31/2021
PR0025861,001,00530,"Solids, total suspended",3,Q1,AVG,Quantity1,kg/d,3,kg/d,68,kg/d,,08/31/2021
PR0025861,001,00530,"Solids, total suspended",3,C3,AVG,Concentration3,mg/L,3,mg/L,45,mg/L,,08/31/2021
PR0025861,001,00530,"Solids, total suspended",2,Q1,AVG,Quantity1,kg/d,2,kg/d,68,kg/d,,09/30/2021
PR0025861,001,00530,"Solids, total suspended",3,Q2,AVG,Quantity2,kg/d,3,kg/d,102,kg/d,,09/30/2021
PR0025861,001,00530,"Solids, total suspended",2.5,C3,AVG,Concentration3,mg/L,2.5,mg/L,45,mg/L,,09/30/2021
PR0025861,001,00530,"Solids, total suspended",2.5,C2,AVG,Concentration2,mg/L,2.5,mg/L,30,mg/L,,09/30/2021
PR0025861,001,00530,"Solids, total suspended",3,Q1,AVG,Quantity1,kg/d,3,kg/d,68,kg/d,,10/31/2021
PR0025861,001,00530,"Solids, total suspended",2.5,C2,AVG,Concentration2,mg/L,2.5,mg/L,30,mg/L,,10/31/2021
PR0025861,001,00530,"Solids, total suspended",4,Q2,AVG,Quantity2,kg/d,4,kg/d,102,kg/d,,10/31/2021
PR0025861,001,00530,"Solids, total suspended",2.5,C3,AVG,Concentration3,mg/L,2.5,mg/L,45,mg/L,,10/31/2021
PR0025861,001,00530,"Solids, total suspended",2.5,C3,AVG,Concentration3,mg/L,2.5,mg/L,45,mg/L,,11/30/2021
PR0025861,001,00530,"Solids, total suspended",2,Q1,AVG,Quantity1,kg/d,2,kg/d,68,kg/d,,11/30/2021
PR0025861,001,00530,"Solids, total suspended",2.5,C2,AVG,Concentration2,mg/L,2.5,mg/L,30,mg/L,,11/30/2021
PR0025861,001,00530,"Solids, total suspended",2,Q2,AVG,Quantity2,kg/d,2,kg/d,102,kg/d,,11/30/2021
PR0025861,001,00530,"Solids, total suspended",5,Q2,AVG,Quantity2,kg/d,5,kg/d,102,kg/d,,12/31/2021
PR0025861,001,00530,"Solids, total suspended",2.5,C2,AVG,Concentration2,mg/L,2.5,mg/L,30,mg/L,,12/31/2021
PR0025861,001,00530,"Solids, total suspended",3,Q1,AVG,Quantity1,kg/d,3,kg/d,68,kg/d,,12/31/2021
PR0025861,001,00530,"Solids, total suspended",2.5,C3,AVG,Concentration3,mg/L,2.5,mg/L,45,mg/L,,12/31/2021
PR0025861,001,00530,"Solids, total suspended",2.5,C3,AVG,Concentration3,mg/L,2.5,mg/L,45,mg/L,,01/31/2022
PR0025861,001,00530,"Solids, total suspended",2,Q2,AVG,Quantity2,kg/d,2,kg/d,102,kg/d,,01/31/2022
PR0025861,001,00530,"Solids, total suspended",2,Q1,AVG,Quantity1,kg/d,2,kg/d,68,kg/d,,01/31/2022
PR0025861,001,00530,"Solids, total suspended",2.5,C2,AVG,Concentration2,mg/L,2.5,mg/L,30,mg/L,,01/31/2022
PR0025861,001,00530,"Solids, total suspended",6,Q2,AVG,Quantity2,kg/d,6,kg/d,102,kg/d,,02/28/2022
PR0025861,001,00530,"Solids, total suspended",2.5,C2,AVG,Concentration2,mg/L,2.5,mg/L,30,mg/L,,02/28/2022
PR0025861,001,00530,"Solids, total suspended",4,Q1,AVG,Quantity1,kg/d,4,kg/d,68,kg/d,,02/28/2022
PR0025861,001,00530,"Solids, total suspended",2.5,C3,AVG,Concentration3,mg/L,2.5,mg/L,45,mg/L,,02/28/2022
PR0025861,001,00530,"Solids, total suspended",2.5,C3,AVG,Concentration3,mg/L,2.5,mg/L,45,mg/L,,03/31/2022
PR0025861,001,00530,"Solids, total suspended",2.5,C2,AVG,Concentration2,mg/L,2.5,mg/L,30,mg/L,,03/31/2022
PR0025861,001,00530,"Solids, total suspended",3,Q1,AVG,Quantity1,kg/d,3,kg/d,68,kg/d,,03/31/2022
PR0025861,001,00530,"Solids, total suspended",4,Q2,AVG,Quantity2,kg/d,4,kg/d,102,kg/d,,03/31/2022
PR0025861,001,00530,"Solids, total suspended",2.5,C2,AVG,Concentration2,mg/L,2.5,mg/L,30,mg/L,,04/30/2022
PR0025861,001,00530,"Solids, total suspended",2,Q2,AVG,Quantity2,kg/d,2,kg/d,102,kg/d,,04/30/2022
PR0025861,001,00530,"Solids, total suspended",2,Q1,AVG,Quantity1,kg/d,2,kg/d,68,kg/d,,04/30/2022
PR0025861,001,00530,"Solids, total suspended",2.5,C3,AVG,Concentration3,mg/L,2.5,mg/L,45,mg/L,,04/30/2022
PR0025861,001,00530,"Solids, total suspended",4,Q2,AVG,Quantity2,kg/d,4,kg/d,102,kg/d,,05/31/2022
PR0025861,001,00530,"Solids, total suspended",2,Q1,AVG,Quantity1,kg/d,2,kg/d,68,kg/d,,05/31/2022
PR0025861,001,00530,"Solids, total suspended",2.5,C2,AVG,Concentration2,mg/L,2.5,mg/L,30,mg/L,,05/31/2022
PR0025861,001,00530,"Solids, total suspended",2.5,C3,AVG,Concentration3,mg/L,2.5,mg/L,45,mg/L,,05/31/2022
PR0025861,001,00530,"Solids, total suspended",2.5,C3,AVG,Concentration3,mg/L,2.5,mg/L,45,mg/L,,06/30/2022
PR0025861,001,00530,"Solids, total suspended",2,Q1,AVG,Quantity1,kg/d,2,kg/d,68,kg/d,,06/30/2022
PR0025861,001,00530,"Solids, total suspended",2.5,C2,AVG,Concentration2,mg/L,2.5,mg/L,30,mg/L,,06/30/2022
PR0025861,001,00530,"Solids, total suspended",2,Q2,AVG,Quantity2,kg/d,2,kg/d,102,kg/d,,06/30/2022
PR0025861,001,00530,"Solids, total suspended",2,Q1,AVG,Quantity1,kg/d,2,kg/d,68,kg/d,,07/31/2022
PR0025861,001,00530,"Solids, total suspended",2.5,C2,AVG,Concentration2,mg/L,2.5,mg/L,30,mg/L,,07/31/2022
PR0025861,001,00530,"Solids, total suspended",3,Q2,AVG,Quantity2,kg/d,3,kg/d,102,kg/d,,07/31/2022
PR0025861,001,00530,"Solids, total suspended",2.5,C3,AVG,Concentration3,mg/L,2.5,mg/L,45,mg/L,,07/31/2022
PR0025861,001,00530,"Solids, total suspended",7,C3,AVG,Concentration3,mg/L,7,mg/L,45,mg/L,,08/31/2022
PR0025861,001,00530,"Solids, total suspended",4,Q1,AVG,Quantity1,kg/d,4,kg/d,68,kg/d,,08/31/2022
PR0025861,001,00530,"Solids, total suspended",3,C2,AVG,Concentration2,mg/L,3,mg/L,30,mg/L,,08/31/2022
PR0025861,001,00530,"Solids, total suspended",7,Q2,AVG,Quantity2,kg/d,7,kg/d,102,kg/d,,08/31/2022
PR0025861,001,00530,"Solids, total suspended",5,Q2,AVG,Quantity2,kg/d,5,kg/d,102,kg/d,,09/30/2022
PR0025861,001,00530,"Solids, total suspended",3,Q1,AVG,Quantity1,kg/d,3,kg/d,68,kg/d,,09/30/2022
PR0025861,001,00530,"Solids, total suspended",3,C2,AVG,Concentration2,mg/L,3,mg/L,30,mg/L,,09/30/2022
PR0025861,001,00530,"Solids, total suspended",4,C3,AVG,Concentration3,mg/L,4,mg/L,45,mg/L,,09/30/2022
PR0025861,001,00530,"Solids, total suspended",2.5,C2,AVG,Concentration2,mg/L,2.5,mg/L,30,mg/L,,10/31/2022
PR0025861,001,00530,"Solids, total suspended",4,Q2,AVG,Quantity2,kg/d,4,kg/d,102,kg/d,,10/31/2022
PR0025861,001,00530,"Solids, total suspended",2,Q1,AVG,Quantity1,kg/d,2,kg/d,68,kg/d,,10/31/2022
PR0025861,001,00530,"Solids, total suspended",2.5,C3,AVG,Concentration3,mg/L,2.5,mg/L,45,mg/L,,10/31/2022
PR0025861,001,00530,"Solids, total suspended",2.5,C3,AVG,Concentration3,mg/L,2.5,mg/L,45,mg/L,,11/30/2022
PR0025861,001,00530,"Solids, total suspended",2.5,C2,AVG,Concentration2,mg/L,2.5,mg/L,30,mg/L,,11/30/2022
PR0025861,001,00530,"Solids, total suspended",2,Q1,AVG,Quantity1,kg/d,2,kg/d,68,kg/d,,11/30/2022
PR0025861,001,00530,"Solids, total suspended",2,Q2,AVG,Quantity2,kg/d,2,kg/d,102,kg/d,,11/30/2022
PR0025861,001,00530,"Solids, total suspended",2.5,C2,AVG,Concentration2,mg/L,2.5,mg/L,30,mg/L,,12/31/2022
PR0025861,001,00530,"Solids, total suspended",2,Q1,AVG,Quantity1,kg/d,2,kg/d,68,kg/d,,12/31/2022
PR0025861,001,00530,"Solids, total suspended",3,Q2,AVG,Quantity2,kg/d,3,kg/d,102,kg/d,,12/31/2022
PR0025861,001,00530,"Solids, total suspended",2.5,C3,AVG,Concentration3,mg/L,2.5,mg/L,45,mg/L,,12/31/2022
PR0025861,001,00530,"Solids, total suspended",2.5,C3,AVG,Concentration3,mg/L,2.5,mg/L,45,mg/L,,01/31/2023
PR0025861,001,00530,"Solids, total suspended",2,Q1,AVG,Quantity1,kg/d,2,kg/d,68,kg/d,,01/31/2023
PR0025861,001,00530,"Solids, total suspended",2.5,C2,AVG,Concentration2,mg/L,2.5,mg/L,30,mg/L,,01/31/2023
PR0025861,001,00530,"Solids, total suspended",4,Q2,AVG,Quantity2,kg/d,4,kg/d,102,kg/d,,01/31/2023
PR0025861,001,00530,"Solids, total suspended",1,Q1,AVG,Quantity1,kg/d,1,kg/d,68,kg/d,,02/28/2023
PR0025861,001,00530,"Solids, total suspended",1,Q2,AVG,Quantity2,kg/d,1,kg/d,102,kg/d,,02/28/2023
PR0025861,001,00530,"Solids, total suspended",2.5,C2,AVG,Concentration2,mg/L,2.5,mg/L,30,mg/L,,02/28/2023
PR0025861,001,00530,"Solids, total suspended",2.5,C3,AVG,Concentration3,mg/L,2.5,mg/L,45,mg/L,,02/28/2023
PR0025861,001,00530,"Solids, total suspended",2.5,C3,AVG,Concentration3,mg/L,2.5,mg/L,45,mg/L,,03/31/2023
PR0025861,001,00530,"Solids, total suspended",2.5,C2,AVG,Concentration2,mg/L,2.5,mg/L,30,mg/L,,03/31/2023
PR0025861,001,00530,"Solids, total suspended",1,Q1,AVG,Quantity1,kg/d,1,kg/d,68,kg/d,,03/31/2023
PR0025861,001,00530,"Solids, total suspended",1,Q2,AVG,Quantity2,kg/d,1,kg/d,102,kg/d,,03/31/2023
PR0025861,001,00530,"Solids, total suspended",2,Q2,AVG,Quantity2,kg/d,2,kg/d,102,kg/d,,04/30/2023
PR0025861,001,00530,"Solids, total suspended",2.5,C2,AVG,Concentration2,mg/L,2.5,mg/L,30,mg/L,,04/30/2023
PR0025861,001,00530,"Solids, total suspended",1,Q1,AVG,Quantity1,kg/d,1,kg/d,68,kg/d,,04/30/2023
PR0025861,001,00530,"Solids, total suspended",2.5,C3,AVG,Concentration3,mg/L,2.5,mg/L,45,mg/L,,04/30/2023
PR0025861,001,00530,"Solids, total suspended",2.5,C3,AVG,Concentration3,mg/L,2.5,mg/L,45,mg/L,,05/31/2023
PR0025861,001,00530,"Solids, total suspended",2.5,C2,AVG,Concentration2,mg/L,2.5,mg/L,30,mg/L,,05/31/2023
PR0025861,001,00530,"Solids, total suspended",2,Q1,AVG,Quantity1,kg/d,2,kg/d,68,kg/d,,05/31/2023
PR0025861,001,00530,"Solids, total suspended",4,Q2,AVG,Quantity2,kg/d,4,kg/d,102,kg/d,,05/31/2023
PR0025861,001,00530,"Solids, total suspended",2,Q2,AVG,Quantity2,kg/d,2,kg/d,102,kg/d,,06/30/2023
PR0025861,001,00530,"Solids, total suspended",3,C2,AVG,Concentration2,mg/L,3,mg/L,30,mg/L,,06/30/2023
PR0025861,001,00530,"Solids, total suspended",4,C3,AVG,Concentration3,mg/L,4,mg/L,45,mg/L,,06/30/2023
PR0025861,001,00530,"Solids, total suspended",1,Q1,AVG,Quantity1,kg/d,1,kg/d,68,kg/d,,06/30/2023
PR0025861,001,00530,"Solids, total suspended",3,C2,AVG,Concentration2,mg/L,3,mg/L,30,mg/L,,07/31/2023
PR0025861,001,00530,"Solids, total suspended",1,Q1,AVG,Quantity1,kg/d,1,kg/d,68,kg/d,,07/31/2023
PR0025861,001,00530,"Solids, total suspended",3,C3,AVG,Concentration3,mg/L,3,mg/L,45,mg/L,,07/31/2023
PR0025861,001,00530,"Solids, total suspended",2,Q2,AVG,Quantity2,kg/d,2,kg/d,102,kg/d,,07/31/2023
PR0025861,001,00530,"Solids, total suspended",2.5,C2,AVG,Concentration2,mg/L,2.5,mg/L,30,mg/L,,08/31/2023
PR0025861,001,00530,"Solids, total suspended",2,Q1,AVG,Quantity1,kg/d,2,kg/d,68,kg/d,,08/31/2023
PR0025861,001,00530,"Solids, total suspended",3,Q2,AVG,Quantity2,kg/d,3,kg/d,102,kg/d,,08/31/2023
PR0025861,001,00530,"Solids, total suspended",2.5,C3,AVG,Concentration3,mg/L,2.5,mg/L,45,mg/L,,08/31/2023
PR0025861,001,00530,"Solids, total suspended",2.5,C2,AVG,Concentration2,mg/L,2.5,mg/L,30,mg/L,,09/30/2023
PR0025861,001,00530,"Solids, total suspended",2,Q1,AVG,Quantity1,kg/d,2,kg/d,68,kg/d,,09/30/2023
PR0025861,001,00530,"Solids, total suspended",2.5,C3,AVG,Concentration3,mg/L,2.5,mg/L,45,mg/L,,09/30/2023
PR0025861,001,00530,"Solids, total suspended",4,Q2,AVG,Quantity2,kg/d,4,kg/d,102,kg/d,,09/30/2023
PR0025861,001,00530,"Solids, total suspended",3,Q1,AVG,Quantity1,kg/d,3,kg/d,68,kg/d,,10/31/2023
PR0025861,001,00530,"Solids, total suspended",2.5,C3,AVG,Concentration3,mg/L,2.5,mg/L,45,mg/L,,10/31/2023
PR0025861,001,00530,"Solids, total suspended",2.5,C2,AVG,Concentration2,mg/L,2.5,mg/L,30,mg/L,,10/31/2023
PR0025861,001,00530,"Solids, total suspended",3,Q2,AVG,Quantity2,kg/d,3,kg/d,102,kg/d,,10/31/2023
PR0025861,001,00530,"Solids, total suspended",2.5,C3,AVG,Concentration3,mg/L,2.5,mg/L,45,mg/L,,11/30/2023
PR0025861,001,00530,"Solids, total suspended",2,Q2,AVG,Quantity2,kg/d,2,kg/d,102,kg/d,,11/30/2023
PR0025861,001,00530,"Solids, total suspended",2.5,C2,AVG,Concentration2,mg/L,2.5,mg/L,30,mg/L,,11/30/2023
PR0025861,001,00530,"Solids, total suspended",2,Q1,AVG,Quantity1,kg/d,2,kg/d,68,kg/d,,11/30/2023
PR0025861,001,00530,"Solids, total suspended",2.5,C3,AVG,Concentration3,mg/L,2.5,mg/L,45,mg/L,,12/31/2023
PR0025861,001,00530,"Solids, total suspended",2,Q1,AVG,Quantity1,kg/d,2,kg/d,68,kg/d,,12/31/2023
PR0025861,001,00530,"Solids, total suspended",2,Q2,AVG,Quantity2,kg/d,2,kg/d,102,kg/d,,12/31/2023
PR0025861,001,00530,"Solids, total suspended",2.5,C2,AVG,Concentration2,mg/L,2.5,mg/L,30,mg/L,,12/31/2023
PR0025861,001,00530,"Solids, total suspended",2.5,C3,AVG,Concentration3,mg/L,2.5,mg/L,45,mg/L,,01/31/2024
PR0025861,001,00530,"Solids, total suspended",3,Q2,AVG,Quantity2,kg/d,3,kg/d,102,kg/d,,01/31/2024
PR0025861,001,00530,"Solids, total suspended",2.5,C2,AVG,Concentration2,mg/L,2.5,mg/L,30,mg/L,,01/31/2024
PR0025861,001,00530,"Solids, total suspended",2,Q1,AVG,Quantity1,kg/d,2,kg/d,68,kg/d,,01/31/2024
PR0025861,001,00530,"Solids, total suspended",3,Q1,AVG,Quantity1,kg/d,3,kg/d,68,kg/d,,02/29/2024
PR0025861,001,00530,"Solids, total suspended",2.5,C2,AVG,Concentration2,mg/L,2.5,mg/L,30,mg/L,,02/29/2024
PR0025861,001,00530,"Solids, total suspended",2.5,C3,AVG,Concentration3,mg/L,2.5,mg/L,45,mg/L,,02/29/2024
PR0025861,001,00530,"Solids, total suspended",3,Q2,AVG,Quantity2,kg/d,3,kg/d,102,kg/d,,02/29/2024
PR0025861,001,00530,"Solids, total suspended",3,Q1,AVG,Quantity1,kg/d,3,kg/d,68,kg/d,,03/31/2024
PR0025861,001,00530,"Solids, total suspended",2.5,C2,AVG,Concentration2,mg/L,2.5,mg/L,30,mg/L,,03/31/2024
PR0025861,001,00530,"Solids, total suspended",4,Q2,AVG,Quantity2,kg/d,4,kg/d,102,kg/d,,03/31/2024
PR0025861,001,00530,"Solids, total suspended",2.5,C3,AVG,Concentration3,mg/L,2.5,mg/L,45,mg/L,,03/31/2024
PR0025861,001,00530,"Solids, total suspended",3,Q1,AVG,Quantity1,kg/d,3,kg/d,68,kg/d,,04/30/2024
PR0025861,001,00530,"Solids, total suspended",2.5,C2,AVG,Concentration2,mg/L,2.5,mg/L,30,mg/L,,04/30/2024
PR0025861,001,00530,"Solids, total suspended",2.5,C3,AVG,Concentration3,mg/L,2.5,mg/L,45,mg/L,,04/30/2024
PR0025861,001,00530,"Solids, total suspended",7,Q2,AVG,Quantity2,kg/d,7,kg/d,102,kg/d,,04/30/2024
PR0025861,001,00530,"Solids, total suspended",5,Q2,AVG,Quantity2,kg/d,5,kg/d,102,kg/d,,05/31/2024
PR0025861,001,00530,"Solids, total suspended",3,Q1,AVG,Quantity1,kg/d,3,kg/d,68,kg/d,,05/31/2024
PR0025861,001,00530,"Solids, total suspended",2.5,C2,AVG,Concentration2,mg/L,2.5,mg/L,30,mg/L,,05/31/2024
PR0025861,001,00530,"Solids, total suspended",2.5,C3,AVG,Concentration3,mg/L,2.5,mg/L,45,mg/L,,05/31/2024
PR0025861,001,00530,"Solids, total suspended",2.5,C3,AVG,Concentration3,mg/L,2.5,mg/L,45,mg/L,,06/30/2024
PR0025861,001,00530,"Solids, total suspended",2.5,C2,AVG,Concentration2,mg/L,2.5,mg/L,30,mg/L,,06/30/2024
PR0025861,001,00530,"Solids, total suspended",2,Q1,AVG,Quantity1,kg/d,2,kg/d,68,kg/d,,06/30/2024
PR0025861,001,00530,"Solids, total suspended",3,Q2,AVG,Quantity2,kg/d,3,kg/d,102,kg/d,,06/30/2024
PR0025861,001,00530,"Solids, total suspended",2,Q2,AVG,Quantity2,kg/d,2,kg/d,102,kg/d,,07/31/2024
PR0025861,001,00530,"Solids, total suspended",2.5,C3,AVG,Concentration3,mg/L,2.5,mg/L,45,mg/L,,07/31/2024
PR0025861,001,00530,"Solids, total suspended",2.5,C2,AVG,Concentration2,mg/L,2.5,mg/L,30,mg/L,,07/31/2024
PR0025861,001,00530,"Solids, total suspended",2,Q1,AVG,Quantity1,kg/d,2,kg/d,68,kg/d,,07/31/2024
PR0025861,001,00530,"Solids, total suspended",2.5,C2,AVG,Concentration2,mg/L,2.5,mg/L,30,mg/L,,08/31/2024
PR0025861,001,00530,"Solids, total suspended",2,Q1,AVG,Quantity1,kg/d,2,kg/d,68,kg/d,,08/31/2024
PR0025861,001,00530,"Solids, total suspended",2,Q2,AVG,Quantity2,kg/d,2,kg/d,102,kg/d,,08/31/2024
PR0025861,001,00530,"Solids, total suspended",2.5,C3,AVG,Concentration3,mg/L,2.5,mg/L,45,mg/L,,08/31/2024
PR0025861,001,00530,"Solids, total suspended",2,C2,AVG,Concentration2,mg/L,2,mg/L,30,mg/L,,09/30/2024
PR0025861,001,00530,"Solids, total suspended",2,Q1,AVG,Quantity1,kg/d,2,kg/d,68,kg/d,,09/30/2024
PR0025861,001,00530,"Solids, total suspended",2,C3,AVG,Concentration3,mg/L,2,mg/L,45,mg/L,,09/30/2024
PR0025861,001,00530,"Solids, total suspended",3,Q2,AVG,Quantity2,kg/d,3,kg/d,102,kg/d,,09/30/2024
PR0025861,001,00530,"Solids, total suspended",1,Q1,AVG,Quantity1,kg/d,1,kg/d,68,kg/d,,10/31/2024
PR0025861,001,00530,"Solids, total suspended",2.5,C2,AVG,Concentration2,mg/L,2.5,mg/L,30,mg/L,,10/31/2024
PR0025861,001,00530,"Solids, total suspended",1,Q2,AVG,Quantity2,kg/d,1,kg/d,102,kg/d,,10/31/2024
PR0025861,001,00530,"Solids, total suspended",2.5,C3,AVG,Concentration3,mg/L,2.5,mg/L,45,mg/L,,10/31/2024
PR0025861,001,00530,"Solids, total suspended",2.5,C3,AVG,Concentration3,mg/L,2.5,mg/L,45,mg/L,,11/30/2024
PR0025861,001,00530,"Solids, total suspended",2,Q2,AVG,Quantity2,kg/d,2,kg/d,102,kg/d,,11/30/2024
PR0025861,001,00530,"Solids, total suspended",1,Q1,AVG,Quantity1,kg/d,1,kg/d,68,kg/d,,11/30/2024
PR0025861,001,00530,"Solids, total suspended",2.5,C2,AVG,Concentration2,mg/L,2.5,mg/L,30,mg/L,,11/30/2024
PR0025861,001,00530,"Solids, total suspended",1,Q2,AVG,Quantity2,kg/d,1,kg/d,102,kg/d,,12/31/2024
PR0025861,001,00530,"Solids, total suspended",2.5,C2,AVG,Concentration2,mg/L,2.5,mg/L,30,mg/L,,12/31/2024
PR0025861,001,00530,"Solids, total suspended",1,Q1,AVG,Quantity1,kg/d,1,kg/d,68,kg/d,,12/31/2024
PR0025861,001,00530,"Solids, total suspended",2.5,C3,AVG,Concentration3,mg/L,2.5,mg/L,45,mg/L,,12/31/2024
PR0025861,001,00530,"Solids, total suspended",1,Q2,AVG,Quantity2,kg/d,1,kg/d,102,kg/d,,01/31/2025
PR0025861,001,00530,"Solids, total suspended",1,Q1,AVG,Quantity1,kg/d,1,kg/d,68,kg/d,,01/31/2025
PR0025861,001,00530,"Solids, total suspended",2.5,C2,AVG,Concentration2,mg/L,2.5,mg/L,30,mg/L,,01/31/2025
PR0025861,001,00530,"Solids, total suspended",2.5,C3,AVG,Concentration3,mg/L,2.5,mg/L,45,mg/L,,01/31/2025
PR0025861,001,00530,"Solids, total suspended",5,C3,AVG,Concentration3,mg/L,5,mg/L,45,mg/L,,02/28/2025
PR0025861,001,00530,"Solids, total suspended",2,Q1,AVG,Quantity1,kg/d,2,kg/d,68,kg/d,,02/28/2025
PR0025861,001,00530,"Solids, total suspended",2,Q2,AVG,Quantity2,kg/d,2,kg/d,102,kg/d,,02/28/2025
PR0025861,001,00530,"Solids, total suspended",3,C2,AVG,Concentration2,mg/L,3,mg/L,30,mg/L,,02/28/2025
PR0025861,001,00530,"Solids, total suspended",2.5,C2,AVG,Concentration2,mg/L,2.5,mg/L,30,mg/L,,03/31/2025
PR0025861,001,00530,"Solids, total suspended",1,Q1,AVG,Quantity1,kg/d,1,kg/d,68,kg/d,,03/31/2025
PR0025861,001,00530,"Solids, total suspended",2.5,C3,AVG,Concentration3,mg/L,2.5,mg/L,45,mg/L,,03/31/2025
PR0025861,001,00530,"Solids, total suspended",2,Q2,AVG,Quantity2,kg/d,2,kg/d,102,kg/d,,03/31/2025
PR0025861,001,00530,"Solids, total suspended",5,Q2,AVG,Quantity2,kg/d,5,kg/d,102,kg/d,,04/30/2025
PR0025861,001,00530,"Solids, total suspended",2.5,C2,AVG,Concentration2,mg/L,2.5,mg/L,30,mg/L,,04/30/2025
PR0025861,001,00530,"Solids, total suspended",3,Q1,AVG,Quantity1,kg/d,3,kg/d,68,kg/d,,04/30/2025
PR0025861,001,00530,"Solids, total suspended",2.5,C3,AVG,Concentration3,mg/L,2.5,mg/L,45,mg/L,,04/30/2025
PR0025861,001,00530,"Solids, total suspended",2.5,C3,AVG,Concentration3,mg/L,2.5,mg/L,45,mg/L,,05/31/2025
PR0025861,001,00530,"Solids, total suspended",3,Q1,AVG,Quantity1,kg/d,3,kg/d,68,kg/d,,05/31/2025
PR0025861,001,00530,"Solids, total suspended",2.5,C2,AVG,Concentration2,mg/L,2.5,mg/L,30,mg/L,,05/31/2025
PR0025861,001,00530,"Solids, total suspended",5,Q2,AVG,Quantity2,kg/d,5,kg/d,102,kg/d,,05/31/2025
PR0025861,001,00530,"Solids, total suspended",2,Q1,AVG,Quantity1,kg/d,2,kg/d,68,kg/d,,06/30/2025
PR0025861,001,00530,"Solids, total suspended",2.5,C2,AVG,Concentration2,mg/L,2.5,mg/L,30,mg/L,,06/30/2025
PR0025861,001,00530,"Solids, total suspended",3,Q2,AVG,Quantity2,kg/d,3,kg/d,102,kg/d,,06/30/2025
PR0025861,001,00530,"Solids, total suspended",2.5,C3,AVG,Concentration3,mg/L,2.5,mg/L,45,mg/L,,06/30/2025
PR0025861,001,00530,"Solids, total suspended",2.5,C3,AVG,Concentration3,mg/L,2.5,mg/L,45,mg/L,,07/31/2025
PR0025861,001,00530,"Solids, total suspended",4,Q2,AVG,Quantity2,kg/d,4,kg/d,102,kg/d,,07/31/2025
PR0025861,001,00530,"Solids, total suspended",4,Q1,AVG,Quantity1,kg/d,4,kg/d,68,kg/d,,07/31/2025
PR0025861,001,00530,"Solids, total suspended",2.5,C2,AVG,Concentration2,mg/L,2.5,mg/L,30,mg/L,,07/31/2025
PR0025861,001,00530,"Solids, total suspended",2,Q1,AVG,Quantity1,kg/d,2,kg/d,68,kg/d,,08/31/2025
PR0025861,001,00530,"Solids, total suspended",3,Q2,AVG,Quantity2,kg/d,3,kg/d,102,kg/d,,08/31/2025
PR0025861,001,00530,"Solids, total suspended",2.5,C2,AVG,Concentration2,mg/L,2.5,mg/L,30,mg/L,,08/31/2025
PR0025861,001,00530,"Solids, total suspended",2.5,C3,AVG,Concentration3,mg/L,2.5,mg/L,45,mg/L,,08/31/2025
PR0025861,001,00530,"Solids, total suspended",2.5,C3,AVG,Concentration3,mg/L,2.5,mg/L,45,mg/L,,09/30/2025
PR0025861,001,00530,"Solids, total suspended",1,Q1,AVG,Quantity1,kg/d,1,kg/d,68,kg/d,,09/30/2025
PR0025861,001,00530,"Solids, total suspended",1,Q2,AVG,Quantity2,kg/d,1,kg/d,102,kg/d,,09/30/2025
PR0025861,001,00530,"Solids, total suspended",2.5,C2,AVG,Concentration2,mg/L,2.5,mg/L,30,mg/L,,09/30/2025
PR0025861,001,00530,"Solids, total suspended",29,C3,AVG,Concentration3,mg/L,29,mg/L,45,mg/L,,10/31/2025
PR0025861,001,00530,"Solids, total suspended",3,Q1,AVG,Quantity1,kg/d,3,kg/d,68,kg/d,,10/31/2025
PR0025861,001,00530,"Solids, total suspended",8,Q2,AVG,Quantity2,kg/d,8,kg/d,102,kg/d,,10/31/2025
PR0025861,001,00530,"Solids, total suspended",10,C2,AVG,Concentration2,mg/L,10,mg/L,30,mg/L,,10/31/2025
PR0025861,001,00530,"Solids, total suspended",4,C3,AVG,Concentration3,mg/L,4,mg/L,45,mg/L,,11/30/2025
PR0025861,001,00530,"Solids, total suspended",0,Q1,AVG,Quantity1,kg/d,0,kg/d,68,kg/d,,11/30/2025
PR0025861,001,00530,"Solids, total suspended",1,Q2,AVG,Quantity2,kg/d,1,kg/d,102,kg/d,,11/30/2025
PR0025861,001,00530,"Solids, total suspended",3,C2,AVG,Concentration2,mg/L,3,mg/L,30,mg/L,,11/30/2025
PR0025861,001,00530,"Solids, total suspended",2.5,C3,AVG,Concentration3,mg/L,2.5,mg/L,45,mg/L,,12/31/2025
PR0025861,001,00530,"Solids, total suspended",2.5,C2,AVG,Concentration2,mg/L,2.5,mg/L,30,mg/L,,12/31/2025
PR0025861,001,00530,"Solids, total suspended",1,Q1,AVG,Quantity1,kg/d,1,kg/d,68,kg/d,,12/31/2025
PR0025861,001,00530,"Solids, total suspended",1,Q2,AVG,Quantity2,kg/d,1,kg/d,102,kg/d,,12/31/2025
PR0025861,001,00530,"Solids, total suspended",5,C3,AVG,Concentration3,mg/L,5,mg/L,45,mg/L,,01/31/2026
PR0025861,001,00530,"Solids, total suspended",3,C2,AVG,Concentration2,mg/L,3,mg/L,30,mg/L,,01/31/2026
PR0025861,001,00530,"Solids, total suspended",3,Q2,AVG,Quantity2,kg/d,3,kg/d,102,kg/d,,01/31/2026
PR0025861,001,00530,"Solids, total suspended",2,Q1,AVG,Quantity1,kg/d,2,kg/d,68,kg/d,,01/31/2026
PR0025861,001,00545,"Solids, settleable",0,C3,MAX,Concentration3,mL/L,0,mg/L,,mL/L,,01/31/2020
PR0025861,001,00545,"Solids, settleable",0,C3,MAX,Concentration3,mL/L,0,mg/L,,mL/L,,02/29/2020
PR0025861,001,00545,"Solids, settleable",0,C3,MAX,Concentration3,mL/L,0,mg/L,,mL/L,,03/31/2020
PR0025861,001,00545,"Solids, settleable",0,C3,MAX,Concentration3,mL/L,0,mg/L,,mL/L,,04/30/2020
PR0025861,001,00545,"Solids, settleable",0,C3,MAX,Concentration3,mL/L,0,mg/L,,mL/L,,05/31/2020
PR0025861,001,00545,"Solids, settleable",0,C3,MAX,Concentration3,mL/L,0,mg/L,,mL/L,,06/30/2020
PR0025861,001,00545,"Solids, settleable",0,C3,MAX,Concentration3,mL/L,0,mg/L,,mL/L,,07/31/2020
PR0025861,001,00545,"Solids, settleable",0,C3,MAX,Concentration3,mL/L,0,mg/L,,mL/L,,08/31/2020
PR0025861,001,00545,"Solids, settleable",0,C3,MAX,Concentration3,mL/L,0,mg/L,,mL/L,,09/30/2020
PR0025861,001,00545,"Solids, settleable",0,C3,MAX,Concentration3,mL/L,0,mg/L,,mL/L,,10/31/2020
PR0025861,001,00545,"Solids, settleable",0,C3,MAX,Concentration3,mL/L,0,mg/L,,mL/L,,11/30/2020
PR0025861,001,00545,"Solids, settleable",0,C3,MAX,Concentration3,mL/L,0,mg/L,,mL/L,,12/31/2020
PR0025861,001,00545,"Solids, settleable",0,C3,MAX,Concentration3,mL/L,0,mg/L,,mL/L,,01/31/2021
PR0025861,001,00545,"Solids, settleable",0,C3,MAX,Concentration3,mL/L,0,mg/L,,mL/L,,02/28/2021
PR0025861,001,00545,"Solids, settleable",0,C3,MAX,Concentration3,mL/L,0,mg/L,,mL/L,,03/31/2021
PR0025861,001,00545,"Solids, settleable",0,C3,MAX,Concentration3,mL/L,0,mg/L,,mL/L,,04/30/2021
PR0025861,001,00545,"Solids, settleable",0,C3,MAX,Concentration3,mL/L,0,mg/L,,mL/L,,05/31/2021
PR0025861,001,00545,"Solids, settleable",0,C3,MAX,Concentration3,mL/L,0,mg/L,,mL/L,,06/30/2021
PR0025861,001,00545,"Solids, settleable",0,C3,MAX,Concentration3,mL/L,0,mg/L,,mL/L,,07/31/2021
PR0025861,001,00545,"Solids, settleable",0,C3,MAX,Concentration3,mL/L,0,mg/L,,mL/L,,08/31/2021
PR0025861,001,00545,"Solids, settleable",0,C3,MAX,Concentration3,mL/L,0,mg/L,,mL/L,,09/30/2021
PR0025861,001,00545,"Solids, settleable",0,C3,MAX,Concentration3,mL/L,0,mg/L,,mL/L,,10/31/2021
PR0025861,001,00545,"Solids, settleable",0,C3,MAX,Concentration3,mL/L,0,mg/L,,mL/L,,11/30/2021
PR0025861,001,00545,"Solids, settleable",0,C3,MAX,Concentration3,mL/L,0,mg/L,,mL/L,,12/31/2021
PR0025861,001,00545,"Solids, settleable",0,C3,MAX,Concentration3,mL/L,0,mg/L,,mL/L,,01/31/2022
PR0025861,001,00545,"Solids, settleable",0,C3,MAX,Concentration3,mL/L,0,mg/L,,mL/L,,02/28/2022
PR0025861,001,00545,"Solids, settleable",0,C3,MAX,Concentration3,mL/L,0,mg/L,,mL/L,,03/31/2022
PR0025861,001,00545,"Solids, settleable",0,C3,MAX,Concentration3,mL/L,0,mg/L,,mL/L,,04/30/2022
PR0025861,001,00545,"Solids, settleable",0,C3,MAX,Concentration3,mL/L,0,mg/L,,mL/L,,05/31/2022
PR0025861,001,00545,"Solids, settleable",0,C3,MAX,Concentration3,mL/L,0,mg/L,,mL/L,,06/30/2022
PR0025861,001,00545,"Solids, settleable",0,C3,MAX,Concentration3,mL/L,0,mg/L,,mL/L,,07/31/2022
PR0025861,001,00545,"Solids, settleable",0,C3,MAX,Concentration3,mL/L,0,mg/L,,mL/L,,08/31/2022
PR0025861,001,00545,"Solids, settleable",0,C3,MAX,Concentration3,mL/L,0,mg/L,,mL/L,,09/30/2022
PR0025861,001,00545,"Solids, settleable",0,C3,MAX,Concentration3,mL/L,0,mg/L,,mL/L,,10/31/2022
PR0025861,001,00545,"Solids, settleable",0,C3,MAX,Concentration3,mL/L,0,mg/L,,mL/L,,11/30/2022
PR0025861,001,00545,"Solids, settleable",0,C3,MAX,Concentration3,mL/L,0,mg/L,,mL/L,,12/31/2022
PR0025861,001,00545,"Solids, settleable",0,C3,MAX,Concentration3,mL/L,0,mg/L,,mL/L,,01/31/2023
PR0025861,001,00545,"Solids, settleable",0,C3,MAX,Concentration3,mL/L,0,mg/L,,mL/L,,02/28/2023
PR0025861,001,00545,"Solids, settleable",0,C3,MAX,Concentration3,mL/L,0,mg/L,,mL/L,,03/31/2023
PR0025861,001,00545,"Solids, settleable",0,C3,MAX,Concentration3,mL/L,0,mg/L,,mL/L,,04/30/2023
PR0025861,001,00545,"Solids, settleable",0,C3,MAX,Concentration3,mL/L,0,mg/L,,mL/L,,05/31/2023
PR0025861,001,00545,"Solids, settleable",0,C3,MAX,Concentration3,mL/L,0,mg/L,,mL/L,,06/30/2023
PR0025861,001,00545,"Solids, settleable",0,C3,MAX,Concentration3,mL/L,0,mg/L,,mL/L,,07/31/2023
PR0025861,001,00545,"Solids, settleable",0,C3,MAX,Concentration3,mL/L,0,mg/L,,mL/L,,08/31/2023
PR0025861,001,00545,"Solids, settleable",0,C3,MAX,Concentration3,mL/L,0,mg/L,,mL/L,,09/30/2023
PR0025861,001,00545,"Solids, settleable",0,C3,MAX,Concentration3,mL/L,0,mg/L,,mL/L,,10/31/2023
PR0025861,001,00545,"Solids, settleable",0,C3,MAX,Concentration3,mL/L,0,mg/L,,mL/L,,11/30/2023
PR0025861,001,00545,"Solids, settleable",0,C3,MAX,Concentration3,mL/L,0,mg/L,,mL/L,,12/31/2023
PR0025861,001,00545,"Solids, settleable",0,C3,MAX,Concentration3,mL/L,0,mg/L,,mL/L,,01/31/2024
PR0025861,001,00545,"Solids, settleable",0,C3,MAX,Concentration3,mL/L,0,mg/L,,mL/L,,02/29/2024
PR0025861,001,00545,"Solids, settleable",0,C3,MAX,Concentration3,mL/L,0,mg/L,,mL/L,,03/31/2024
PR0025861,001,00545,"Solids, settleable",0,C3,MAX,Concentration3,mL/L,0,mg/L,,mL/L,,04/30/2024
PR0025861,001,00545,"Solids, settleable",0,C3,MAX,Concentration3,mL/L,0,mg/L,,mL/L,,05/31/2024
PR0025861,001,00545,"Solids, settleable",0,C3,MAX,Concentration3,mL/L,0,mg/L,,mL/L,,06/30/2024
PR0025861,001,00545,"Solids, settleable",0,C3,MAX,Concentration3,mL/L,0,mg/L,,mL/L,,07/31/2024
PR0025861,001,00545,"Solids, settleable",0,C3,MAX,Concentration3,mL/L,0,mg/L,,mL/L,,08/31/2024
PR0025861,001,00545,"Solids, settleable",0,C3,MAX,Concentration3,mL/L,0,mg/L,,mL/L,,09/30/2024
PR0025861,001,00545,"Solids, settleable",0,C3,MAX,Concentration3,mL/L,0,mg/L,,mL/L,,10/31/2024
PR0025861,001,00545,"Solids, settleable",0,C3,MAX,Concentration3,mL/L,0,mg/L,,mL/L,,11/30/2024
PR0025861,001,00545,"Solids, settleable",0,C3,MAX,Concentration3,mL/L,0,mg/L,,mL/L,,12/31/2024
PR0025861,001,00545,"Solids, settleable",0,C3,MAX,Concentration3,mL/L,0,mg/L,,mL/L,,01/31/2025
PR0025861,001,00545,"Solids, settleable",0,C3,MAX,Concentration3,mL/L,0,mg/L,,mL/L,,02/28/2025
PR0025861,001,00545,"Solids, settleable",0,C3,MAX,Concentration3,mL/L,0,mg/L,,mL/L,,03/31/2025
PR0025861,001,00545,"Solids, settleable",0,C3,MAX,Concentration3,mL/L,0,mg/L,,mL/L,,04/30/2025
PR0025861,001,00545,"Solids, settleable",0,C3,MAX,Concentration3,mL/L,0,mg/L,,mL/L,,05/31/2025
PR0025861,001,00545,"Solids, settleable",0,C3,MAX,Concentration3,mL/L,0,mg/L,,mL/L,,06/30/2025
PR0025861,001,00545,"Solids, settleable",0,C3,MAX,Concentration3,mL/L,0,mg/L,,mL/L,,07/31/2025
PR0025861,001,00545,"Solids, settleable",0,C3,MAX,Concentration3,mL/L,0,mg/L,,mL/L,,08/31/2025
PR0025861,001,00545,"Solids, settleable",0,C3,MAX,Concentration3,mL/L,0,mg/L,,mL/L,,09/30/2025
PR0025861,001,00545,"Solids, settleable",0,C3,MAX,Concentration3,mL/L,0,mg/L,,mL/L,,10/31/2025
PR0025861,001,00545,"Solids, settleable",0,C3,MAX,Concentration3,mL/L,0,mg/L,,mL/L,,11/30/2025
PR0025861,001,00545,"Solids, settleable",0,C3,MAX,Concentration3,mL/L,0,mg/L,,mL/L,,12/31/2025
PR0025861,001,00545,"Solids, settleable",0,C3,MAX,Concentration3,mL/L,0,mg/L,,mL/L,,01/31/2026
PR0025861,001,00556,Oil & Grease,1.5,C3,MAX,Concentration3,mg/L,1.5,mg/L,,mg/L,,01/31/2020
PR0025861,001,00556,Oil & Grease,1.5,C3,MAX,Concentration3,mg/L,1.5,mg/L,,mg/L,,02/29/2020
PR0025861,001,00556,Oil & Grease,2,C3,MAX,Concentration3,mg/L,2,mg/L,,mg/L,,03/31/2020
PR0025861,001,00556,Oil & Grease,1.8,C3,MAX,Concentration3,mg/L,1.8,mg/L,,mg/L,,04/30/2020
PR0025861,001,00556,Oil & Grease,1.4,C3,MAX,Concentration3,mg/L,1.4,mg/L,,mg/L,,05/31/2020
PR0025861,001,00556,Oil & Grease,2.7,C3,MAX,Concentration3,mg/L,2.7,mg/L,,mg/L,,06/30/2020
PR0025861,001,00556,Oil & Grease,1.4,C3,MAX,Concentration3,mg/L,1.4,mg/L,,mg/L,,07/31/2020
PR0025861,001,00556,Oil & Grease,2.1,C3,MAX,Concentration3,mg/L,2.1,mg/L,,mg/L,,08/31/2020
PR0025861,001,00556,Oil & Grease,1.4,C3,MAX,Concentration3,mg/L,1.4,mg/L,,mg/L,,09/30/2020
PR0025861,001,00556,Oil & Grease,1.4,C3,MAX,Concentration3,mg/L,1.4,mg/L,,mg/L,,10/31/2020
PR0025861,001,00556,Oil & Grease,1.4,C3,MAX,Concentration3,mg/L,1.4,mg/L,,mg/L,,11/30/2020
PR0025861,001,00556,Oil & Grease,1.8,C3,MAX,Concentration3,mg/L,1.8,mg/L,,mg/L,,12/31/2020
PR0025861,001,00556,Oil & Grease,2.1,C3,MAX,Concentration3,mg/L,2.1,mg/L,,mg/L,,01/31/2021
PR0025861,001,00556,Oil & Grease,1.7,C3,MAX,Concentration3,mg/L,1.7,mg/L,,mg/L,,02/28/2021
PR0025861,001,00556,Oil & Grease,1.8,C3,MAX,Concentration3,mg/L,1.8,mg/L,,mg/L,,03/31/2021
PR0025861,001,00556,Oil & Grease,2.6,C3,MAX,Concentration3,mg/L,2.6,mg/L,,mg/L,,04/30/2021
PR0025861,001,00556,Oil & Grease,1.6,C3,MAX,Concentration3,mg/L,1.6,mg/L,,mg/L,,05/31/2021
PR0025861,001,00556,Oil & Grease,1.8,C3,MAX,Concentration3,mg/L,1.8,mg/L,,mg/L,,06/30/2021
PR0025861,001,00556,Oil & Grease,1.4,C3,MAX,Concentration3,mg/L,1.4,mg/L,,mg/L,,07/31/2021
PR0025861,001,00556,Oil & Grease,1.9,C3,MAX,Concentration3,mg/L,1.9,mg/L,,mg/L,,08/31/2021
PR0025861,001,00556,Oil & Grease,1.4,C3,MAX,Concentration3,mg/L,1.4,mg/L,,mg/L,,09/30/2021
PR0025861,001,00556,Oil & Grease,3.2,C3,MAX,Concentration3,mg/L,3.2,mg/L,,mg/L,,10/31/2021
PR0025861,001,00556,Oil & Grease,1.4,C3,MAX,Concentration3,mg/L,1.4,mg/L,,mg/L,,11/30/2021
PR0025861,001,00556,Oil & Grease,1.6,C3,MAX,Concentration3,mg/L,1.6,mg/L,,mg/L,,12/31/2021
PR0025861,001,00556,Oil & Grease,1.4,C3,MAX,Concentration3,mg/L,1.4,mg/L,,mg/L,,01/31/2022
PR0025861,001,00556,Oil & Grease,1.7,C3,MAX,Concentration3,mg/L,1.7,mg/L,,mg/L,,02/28/2022
PR0025861,001,00556,Oil & Grease,2.8,C3,MAX,Concentration3,mg/L,2.8,mg/L,,mg/L,,03/31/2022
PR0025861,001,00556,Oil & Grease,1.4,C3,MAX,Concentration3,mg/L,1.4,mg/L,,mg/L,,04/30/2022
PR0025861,001,00556,Oil & Grease,1.5,C3,MAX,Concentration3,mg/L,1.5,mg/L,,mg/L,,05/31/2022
PR0025861,001,00556,Oil & Grease,1.5,C3,MAX,Concentration3,mg/L,1.5,mg/L,,mg/L,,06/30/2022
PR0025861,001,00556,Oil & Grease,1.9,C3,MAX,Concentration3,mg/L,1.9,mg/L,,mg/L,,07/31/2022
PR0025861,001,00556,Oil & Grease,2.7,C3,MAX,Concentration3,mg/L,2.7,mg/L,,mg/L,,08/31/2022
PR0025861,001,00556,Oil & Grease,1.9,C3,MAX,Concentration3,mg/L,1.9,mg/L,,mg/L,,09/30/2022
PR0025861,001,00556,Oil & Grease,1.4,C3,MAX,Concentration3,mg/L,1.4,mg/L,,mg/L,,10/31/2022
PR0025861,001,00556,Oil & Grease,1.9,C3,MAX,Concentration3,mg/L,1.9,mg/L,,mg/L,,11/30/2022
PR0025861,001,00556,Oil & Grease,1.4,C3,MAX,Concentration3,mg/L,1.4,mg/L,,mg/L,,12/31/2022
PR0025861,001,00556,Oil & Grease,1.5,C3,MAX,Concentration3,mg/L,1.5,mg/L,,mg/L,,01/31/2023
PR0025861,001,00556,Oil & Grease,1.6,C3,MAX,Concentration3,mg/L,1.6,mg/L,,mg/L,,02/28/2023
PR0025861,001,00556,Oil & Grease,2,C3,MAX,Concentration3,mg/L,2,mg/L,,mg/L,,03/31/2023
PR0025861,001,00556,Oil & Grease,1.4,C3,MAX,Concentration3,mg/L,1.4,mg/L,,mg/L,,04/30/2023
PR0025861,001,00556,Oil & Grease,1.4,C3,MAX,Concentration3,mg/L,1.4,mg/L,,mg/L,,05/31/2023
PR0025861,001,00556,Oil & Grease,1.4,C3,MAX,Concentration3,mg/L,1.4,mg/L,,mg/L,,06/30/2023
PR0025861,001,00556,Oil & Grease,2.5,C3,MAX,Concentration3,mg/L,2.5,mg/L,,mg/L,,07/31/2023
PR0025861,001,00556,Oil & Grease,2.3,C3,MAX,Concentration3,mg/L,2.3,mg/L,,mg/L,,08/31/2023
PR0025861,001,00556,Oil & Grease,2,C3,MAX,Concentration3,mg/L,2,mg/L,,mg/L,,09/30/2023
PR0025861,001,00556,Oil & Grease,1.4,C3,MAX,Concentration3,mg/L,1.4,mg/L,,mg/L,,10/31/2023
PR0025861,001,00556,Oil & Grease,1.7,C3,MAX,Concentration3,mg/L,1.7,mg/L,,mg/L,,11/30/2023
PR0025861,001,00556,Oil & Grease,1.8,C3,MAX,Concentration3,mg/L,1.8,mg/L,,mg/L,,12/31/2023
PR0025861,001,00556,Oil & Grease,1.4,C3,MAX,Concentration3,mg/L,1.4,mg/L,,mg/L,,01/31/2024
PR0025861,001,00556,Oil & Grease,1.4,C3,MAX,Concentration3,mg/L,1.4,mg/L,,mg/L,,02/29/2024
PR0025861,001,00556,Oil & Grease,1.4,C3,MAX,Concentration3,mg/L,1.4,mg/L,,mg/L,,03/31/2024
PR0025861,001,00556,Oil & Grease,1.6,C3,MAX,Concentration3,mg/L,1.6,mg/L,,mg/L,,04/30/2024
PR0025861,001,00556,Oil & Grease,1.6,C3,MAX,Concentration3,mg/L,1.6,mg/L,,mg/L,,05/31/2024
PR0025861,001,00556,Oil & Grease,1.5,C3,MAX,Concentration3,mg/L,1.5,mg/L,,mg/L,,06/30/2024
PR0025861,001,00556,Oil & Grease,1.4,C3,MAX,Concentration3,mg/L,1.4,mg/L,,mg/L,,07/31/2024
PR0025861,001,00556,Oil & Grease,1.6,C3,MAX,Concentration3,mg/L,1.6,mg/L,,mg/L,,08/31/2024
PR0025861,001,00556,Oil & Grease,1.9,C3,MAX,Concentration3,mg/L,1.9,mg/L,,mg/L,,09/30/2024
PR0025861,001,00556,Oil & Grease,1.4,C3,MAX,Concentration3,mg/L,1.4,mg/L,,mg/L,,10/31/2024
PR0025861,001,00556,Oil & Grease,2,C3,MAX,Concentration3,mg/L,2,mg/L,,mg/L,,11/30/2024
PR0025861,001,00556,Oil & Grease,1.4,C3,MAX,Concentration3,mg/L,1.4,mg/L,,mg/L,,12/31/2024
PR0025861,001,00556,Oil & Grease,1.7,C3,MAX,Concentration3,mg/L,1.7,mg/L,,mg/L,,01/31/2025
PR0025861,001,00556,Oil & Grease,1.8,C3,MAX,Concentration3,mg/L,1.8,mg/L,,mg/L,,02/28/2025
PR0025861,001,00556,Oil & Grease,1.5,C3,MAX,Concentration3,mg/L,1.5,mg/L,,mg/L,,03/31/2025
PR0025861,001,00556,Oil & Grease,2.3,C3,MAX,Concentration3,mg/L,2.3,mg/L,,mg/L,,04/30/2025
PR0025861,001,00556,Oil & Grease,1.6,C3,MAX,Concentration3,mg/L,1.6,mg/L,,mg/L,,05/31/2025
PR0025861,001,00556,Oil & Grease,1.4,C3,MAX,Concentration3,mg/L,1.4,mg/L,,mg/L,,06/30/2025
PR0025861,001,00556,Oil & Grease,1.6,C3,MAX,Concentration3,mg/L,1.6,mg/L,,mg/L,,07/31/2025
PR0025861,001,00556,Oil & Grease,1.6,C3,MAX,Concentration3,mg/L,1.6,mg/L,,mg/L,,08/31/2025
PR0025861,001,00556,Oil & Grease,1.6,C3,MAX,Concentration3,mg/L,1.6,mg/L,,mg/L,,09/30/2025
PR0025861,001,00556,Oil & Grease,1.5,C3,MAX,Concentration3,mg/L,1.5,mg/L,,mg/L,,10/31/2025
PR0025861,001,00556,Oil & Grease,1.5,C3,MAX,Concentration3,mg/L,1.5,mg/L,,mg/L,,11/30/2025
PR0025861,001,00556,Oil & Grease,1.7,C3,MAX,Concentration3,mg/L,1.7,mg/L,,mg/L,,12/31/2025
PR0025861,001,00556,Oil & Grease,1.6,C3,MAX,Concentration3,mg/L,1.6,mg/L,,mg/L,,01/31/2026
PR0025861,001,00600,"Nitrogen, total [as N]",9950,C3,MAX,Concentration3,ug/L,9.95000047,mg/L,,ug/L,,01/31/2020
PR0025861,001,00600,"Nitrogen, total [as N]",15900,C3,MAX,Concentration3,ug/L,15.90000076,mg/L,,ug/L,,02/29/2020
PR0025861,001,00600,"Nitrogen, total [as N]",25800,C3,MAX,Concentration3,ug/L,25.80000123,mg/L,,ug/L,,03/31/2020
PR0025861,001,00600,"Nitrogen, total [as N]",14930,C3,MAX,Concentration3,ug/L,14.93000071,mg/L,,ug/L,,04/30/2020
PR0025861,001,00600,"Nitrogen, total [as N]",15930,C3,MAX,Concentration3,ug/L,15.93000076,mg/L,,ug/L,,05/31/2020
PR0025861,001,00600,"Nitrogen, total [as N]",14440,C3,MAX,Concentration3,ug/L,14.44000069,mg/L,,ug/L,,06/30/2020
PR0025861,001,00600,"Nitrogen, total [as N]",12040,C3,MAX,Concentration3,ug/L,12.04000057,mg/L,,ug/L,,07/31/2020
PR0025861,001,00600,"Nitrogen, total [as N]",8620,C3,MAX,Concentration3,ug/L,8.62000041,mg/L,,ug/L,,08/31/2020
PR0025861,001,00600,"Nitrogen, total [as N]",10520,C3,MAX,Concentration3,ug/L,10.5200005,mg/L,,ug/L,,09/30/2020
PR0025861,001,00600,"Nitrogen, total [as N]",6930,C3,MAX,Concentration3,ug/L,6.93000033,mg/L,,ug/L,,10/31/2020
PR0025861,001,00600,"Nitrogen, total [as N]",10280,C3,MAX,Concentration3,ug/L,10.28000049,mg/L,,ug/L,,11/30/2020
PR0025861,001,00600,"Nitrogen, total [as N]",8680,C3,MAX,Concentration3,ug/L,8.68000041,mg/L,,ug/L,,12/31/2020
PR0025861,001,00600,"Nitrogen, total [as N]",12110,C3,MAX,Concentration3,ug/L,12.11000058,mg/L,,ug/L,,01/31/2021
PR0025861,001,00600,"Nitrogen, total [as N]",11040,C3,MAX,Concentration3,ug/L,11.04000052,mg/L,,ug/L,,02/28/2021
PR0025861,001,00600,"Nitrogen, total [as N]",6860,C3,MAX,Concentration3,ug/L,6.86000033,mg/L,,ug/L,,03/31/2021
PR0025861,001,00600,"Nitrogen, total [as N]",5280,C3,MAX,Concentration3,ug/L,5.28000025,mg/L,,ug/L,,04/30/2021
PR0025861,001,00600,"Nitrogen, total [as N]",15130,C3,MAX,Concentration3,ug/L,15.13000072,mg/L,,ug/L,,05/31/2021
PR0025861,001,00600,"Nitrogen, total [as N]",8430,C3,MAX,Concentration3,ug/L,8.4300004,mg/L,,ug/L,,06/30/2021
PR0025861,001,00600,"Nitrogen, total [as N]",16880,C3,MAX,Concentration3,ug/L,16.8800008,mg/L,,ug/L,,07/31/2021
PR0025861,001,00600,"Nitrogen, total [as N]",16400,C3,MAX,Concentration3,ug/L,16.40000078,mg/L,,ug/L,,08/31/2021
PR0025861,001,00600,"Nitrogen, total [as N]",11320,C3,MAX,Concentration3,ug/L,11.32000054,mg/L,,ug/L,,09/30/2021
PR0025861,001,00600,"Nitrogen, total [as N]",19490,C3,MAX,Concentration3,ug/L,19.49000093,mg/L,,ug/L,,10/31/2021
PR0025861,001,00600,"Nitrogen, total [as N]",9990,C3,MAX,Concentration3,ug/L,9.99000047,mg/L,,ug/L,,11/30/2021
PR0025861,001,00600,"Nitrogen, total [as N]",8090,C3,MAX,Concentration3,ug/L,8.09000038,mg/L,,ug/L,,12/31/2021
PR0025861,001,00600,"Nitrogen, total [as N]",17440,C3,MAX,Concentration3,ug/L,17.44000083,mg/L,,ug/L,,01/31/2022
PR0025861,001,00600,"Nitrogen, total [as N]",10700,C3,MAX,Concentration3,ug/L,10.70000051,mg/L,,ug/L,,02/28/2022
PR0025861,001,00600,"Nitrogen, total [as N]",9320,C3,MAX,Concentration3,ug/L,9.32000044,mg/L,,ug/L,,03/31/2022
PR0025861,001,00600,"Nitrogen, total [as N]",7590,C3,MAX,Concentration3,ug/L,7.59000036,mg/L,,ug/L,,04/30/2022
PR0025861,001,00600,"Nitrogen, total [as N]",5340,C3,MAX,Concentration3,ug/L,5.34000025,mg/L,,ug/L,,05/31/2022
PR0025861,001,00600,"Nitrogen, total [as N]",8650,C3,MAX,Concentration3,ug/L,8.65000041,mg/L,,ug/L,,06/30/2022
PR0025861,001,00600,"Nitrogen, total [as N]",11330,C3,MAX,Concentration3,ug/L,11.33000054,mg/L,,ug/L,,07/31/2022
PR0025861,001,00600,"Nitrogen, total [as N]",9440,C3,MAX,Concentration3,ug/L,9.44000045,mg/L,,ug/L,,08/31/2022
PR0025861,001,00600,"Nitrogen, total [as N]",11190,C3,MAX,Concentration3,ug/L,11.19000053,mg/L,,ug/L,,09/30/2022
PR0025861,001,00600,"Nitrogen, total [as N]",14320,C3,MAX,Concentration3,ug/L,14.32000068,mg/L,,ug/L,,10/31/2022
PR0025861,001,00600,"Nitrogen, total [as N]",15450,C3,MAX,Concentration3,ug/L,15.45000073,mg/L,,ug/L,,11/30/2022
PR0025861,001,00600,"Nitrogen, total [as N]",12340,C3,MAX,Concentration3,ug/L,12.34000059,mg/L,,ug/L,,12/31/2022
PR0025861,001,00600,"Nitrogen, total [as N]",4310,C3,MAX,Concentration3,ug/L,4.3100002,mg/L,,ug/L,,01/31/2023
PR0025861,001,00600,"Nitrogen, total [as N]",15890,C3,MAX,Concentration3,ug/L,15.89000075,mg/L,,ug/L,,02/28/2023
PR0025861,001,00600,"Nitrogen, total [as N]",18030,C3,MAX,Concentration3,ug/L,18.03000086,mg/L,,ug/L,,03/31/2023
PR0025861,001,00600,"Nitrogen, total [as N]",19480,C3,MAX,Concentration3,ug/L,19.48000093,mg/L,,ug/L,,04/30/2023
PR0025861,001,00600,"Nitrogen, total [as N]",20920,C3,MAX,Concentration3,ug/L,20.92000099,mg/L,,ug/L,,05/31/2023
PR0025861,001,00600,"Nitrogen, total [as N]",22380,C3,MAX,Concentration3,ug/L,22.38000106,mg/L,,ug/L,,06/30/2023
PR0025861,001,00600,"Nitrogen, total [as N]",24220,C3,MAX,Concentration3,ug/L,24.22000115,mg/L,,ug/L,,07/31/2023
PR0025861,001,00600,"Nitrogen, total [as N]",18500,C3,MAX,Concentration3,ug/L,18.50000088,mg/L,,ug/L,,08/31/2023
PR0025861,001,00600,"Nitrogen, total [as N]",18600,C3,MAX,Concentration3,ug/L,18.60000088,mg/L,,ug/L,,09/30/2023
PR0025861,001,00600,"Nitrogen, total [as N]",3320,C3,MAX,Concentration3,ug/L,3.32000016,mg/L,,ug/L,,10/31/2023
PR0025861,001,00600,"Nitrogen, total [as N]",12940,C3,MAX,Concentration3,ug/L,12.94000061,mg/L,,ug/L,,11/30/2023
PR0025861,001,00600,"Nitrogen, total [as N]",5110,C3,MAX,Concentration3,ug/L,5.11000024,mg/L,,ug/L,,12/31/2023
PR0025861,001,00600,"Nitrogen, total [as N]",10010,C3,MAX,Concentration3,ug/L,10.01000048,mg/L,,ug/L,,01/31/2024
PR0025861,001,00600,"Nitrogen, total [as N]",7630,C3,MAX,Concentration3,ug/L,7.63000036,mg/L,,ug/L,,02/29/2024
PR0025861,001,00600,"Nitrogen, total [as N]",10850,C3,MAX,Concentration3,ug/L,10.85000052,mg/L,,ug/L,,03/31/2024
PR0025861,001,00600,"Nitrogen, total [as N]",11530,C3,MAX,Concentration3,ug/L,11.53000055,mg/L,,ug/L,,04/30/2024
PR0025861,001,00600,"Nitrogen, total [as N]",8740,C3,MAX,Concentration3,ug/L,8.74000042,mg/L,,ug/L,,05/31/2024
PR0025861,001,00600,"Nitrogen, total [as N]",10150,C3,MAX,Concentration3,ug/L,10.15000048,mg/L,,ug/L,,06/30/2024
PR0025861,001,00600,"Nitrogen, total [as N]",1020,C3,MAX,Concentration3,ug/L,1.02000005,mg/L,,ug/L,,07/31/2024
PR0025861,001,00600,"Nitrogen, total [as N]",3390,C3,MAX,Concentration3,ug/L,3.39000016,mg/L,,ug/L,,08/31/2024
PR0025861,001,00600,"Nitrogen, total [as N]",5660,C3,MAX,Concentration3,ug/L,5.66000027,mg/L,,ug/L,,09/30/2024
PR0025861,001,00600,"Nitrogen, total [as N]",5220,C3,MAX,Concentration3,ug/L,5.22000025,mg/L,,ug/L,,10/31/2024
PR0025861,001,00600,"Nitrogen, total [as N]",7950,C3,MAX,Concentration3,ug/L,7.95000038,mg/L,,ug/L,,11/30/2024
PR0025861,001,00600,"Nitrogen, total [as N]",5750,C3,MAX,Concentration3,ug/L,5.75000027,mg/L,,ug/L,,12/31/2024
PR0025861,001,00600,"Nitrogen, total [as N]",12760,C3,MAX,Concentration3,ug/L,12.76000061,mg/L,,ug/L,,01/31/2025
PR0025861,001,00600,"Nitrogen, total [as N]",20080,C3,MAX,Concentration3,ug/L,20.08000095,mg/L,,ug/L,,02/28/2025
PR0025861,001,00600,"Nitrogen, total [as N]",16850,C3,MAX,Concentration3,ug/L,16.8500008,mg/L,,ug/L,,03/31/2025
PR0025861,001,00600,"Nitrogen, total [as N]",4660,C3,MAX,Concentration3,ug/L,4.66000022,mg/L,,ug/L,,04/30/2025
PR0025861,001,00600,"Nitrogen, total [as N]",12680,C3,MAX,Concentration3,ug/L,12.6800006,mg/L,,ug/L,,05/31/2025
PR0025861,001,00600,"Nitrogen, total [as N]",17900,C3,MAX,Concentration3,ug/L,17.90000085,mg/L,,ug/L,,06/30/2025
PR0025861,001,00600,"Nitrogen, total [as N]",12110,C3,MAX,Concentration3,ug/L,12.11000058,mg/L,,ug/L,,07/31/2025
PR0025861,001,00600,"Nitrogen, total [as N]",10570,C3,MAX,Concentration3,ug/L,10.5700005,mg/L,,ug/L,,08/31/2025
PR0025861,001,00600,"Nitrogen, total [as N]",3480,C3,MAX,Concentration3,ug/L,3.48000017,mg/L,,ug/L,,09/30/2025
PR0025861,001,00600,"Nitrogen, total [as N]",12000,C3,MAX,Concentration3,ug/L,12.00000057,mg/L,,ug/L,,10/31/2025
PR0025861,001,00600,"Nitrogen, total [as N]",16560,C3,MAX,Concentration3,ug/L,16.56000079,mg/L,,ug/L,,11/30/2025
PR0025861,001,00600,"Nitrogen, total [as N]",15550,C3,MAX,Concentration3,ug/L,15.55000074,mg/L,,ug/L,,12/31/2025
PR0025861,001,00600,"Nitrogen, total [as N]",15270,C3,MAX,Concentration3,ug/L,15.27000073,mg/L,,ug/L,,01/31/2026
PR0025861,001,00665,"Phosphorus, total [as P]",640,C3,MAX,Concentration3,ug/L,.64000003,mg/L,9.9,mg/L,,01/31/2020
PR0025861,001,00665,"Phosphorus, total [as P]",1750,C3,MAX,Concentration3,ug/L,1.75000008,mg/L,9.9,mg/L,,02/29/2020
PR0025861,001,00665,"Phosphorus, total [as P]",3110,C3,MAX,Concentration3,ug/L,3.11000015,mg/L,9.9,mg/L,,03/31/2020
PR0025861,001,00665,"Phosphorus, total [as P]",660,C3,MAX,Concentration3,ug/L,.66000003,mg/L,9.9,mg/L,,04/30/2020
PR0025861,001,00665,"Phosphorus, total [as P]",1800,C3,MAX,Concentration3,ug/L,1.80000009,mg/L,9.9,mg/L,,05/31/2020
PR0025861,001,00665,"Phosphorus, total [as P]",3080,C3,MAX,Concentration3,ug/L,3.08000015,mg/L,9.9,mg/L,,06/30/2020
PR0025861,001,00665,"Phosphorus, total [as P]",2910,C3,MAX,Concentration3,ug/L,2.91000014,mg/L,9.9,mg/L,,07/31/2020
PR0025861,001,00665,"Phosphorus, total [as P]",2460,C3,MAX,Concentration3,ug/L,2.46000012,mg/L,9.9,mg/L,,08/31/2020
PR0025861,001,00665,"Phosphorus, total [as P]",2790,C3,MAX,Concentration3,ug/L,2.79000013,mg/L,9.9,mg/L,,09/30/2020
PR0025861,001,00665,"Phosphorus, total [as P]",2930,C3,MAX,Concentration3,ug/L,2.93000014,mg/L,9.9,mg/L,,10/31/2020
PR0025861,001,00665,"Phosphorus, total [as P]",2730,C3,MAX,Concentration3,ug/L,2.73000013,mg/L,9.9,mg/L,,11/30/2020
PR0025861,001,00665,"Phosphorus, total [as P]",2780,C3,MAX,Concentration3,ug/L,2.78000013,mg/L,9.9,mg/L,,12/31/2020
PR0025861,001,00665,"Phosphorus, total [as P]",1420,C3,MAX,Concentration3,ug/L,1.42000007,mg/L,9.9,mg/L,,01/31/2021
PR0025861,001,00665,"Phosphorus, total [as P]",1560,C3,MAX,Concentration3,ug/L,1.56000007,mg/L,9.9,mg/L,,02/28/2021
PR0025861,001,00665,"Phosphorus, total [as P]",2630,C3,MAX,Concentration3,ug/L,2.63000012,mg/L,9.9,mg/L,,03/31/2021
PR0025861,001,00665,"Phosphorus, total [as P]",2340,C3,MAX,Concentration3,ug/L,2.34000011,mg/L,9.9,mg/L,,04/30/2021
PR0025861,001,00665,"Phosphorus, total [as P]",2290,C3,MAX,Concentration3,ug/L,2.29000011,mg/L,9.9,mg/L,,05/31/2021
PR0025861,001,00665,"Phosphorus, total [as P]",1320,C3,MAX,Concentration3,ug/L,1.32000006,mg/L,9.9,mg/L,,06/30/2021
PR0025861,001,00665,"Phosphorus, total [as P]",2750,C3,MAX,Concentration3,ug/L,2.75000013,mg/L,9.9,mg/L,,07/31/2021
PR0025861,001,00665,"Phosphorus, total [as P]",3370,C3,MAX,Concentration3,ug/L,3.37000016,mg/L,9.9,mg/L,,08/31/2021
PR0025861,001,00665,"Phosphorus, total [as P]",3140,C3,MAX,Concentration3,ug/L,3.14000015,mg/L,9.9,mg/L,,09/30/2021
PR0025861,001,00665,"Phosphorus, total [as P]",3230,C3,MAX,Concentration3,ug/L,3.23000015,mg/L,9.9,mg/L,,10/31/2021
PR0025861,001,00665,"Phosphorus, total [as P]",2450,C3,MAX,Concentration3,ug/L,2.45000012,mg/L,9.9,mg/L,,11/30/2021
PR0025861,001,00665,"Phosphorus, total [as P]",2570,C3,MAX,Concentration3,ug/L,2.57000012,mg/L,9.9,mg/L,,12/31/2021
PR0025861,001,00665,"Phosphorus, total [as P]",3990,C3,MAX,Concentration3,ug/L,3.99000019,mg/L,9.9,mg/L,,01/31/2022
PR0025861,001,00665,"Phosphorus, total [as P]",2940,C3,MAX,Concentration3,ug/L,2.94000014,mg/L,9.9,mg/L,,02/28/2022
PR0025861,001,00665,"Phosphorus, total [as P]",2390,C3,MAX,Concentration3,ug/L,2.39000011,mg/L,9.9,mg/L,,03/31/2022
PR0025861,001,00665,"Phosphorus, total [as P]",2750,C3,MAX,Concentration3,ug/L,2.75000013,mg/L,9.9,mg/L,,04/30/2022
PR0025861,001,00665,"Phosphorus, total [as P]",2120,C3,MAX,Concentration3,ug/L,2.1200001,mg/L,9.9,mg/L,,05/31/2022
PR0025861,001,00665,"Phosphorus, total [as P]",2960,C3,MAX,Concentration3,ug/L,2.96000014,mg/L,9.9,mg/L,,06/30/2022
PR0025861,001,00665,"Phosphorus, total [as P]",2710,C3,MAX,Concentration3,ug/L,2.71000013,mg/L,9.9,mg/L,,07/31/2022
PR0025861,001,00665,"Phosphorus, total [as P]",2860,C3,MAX,Concentration3,ug/L,2.86000014,mg/L,9.9,mg/L,,08/31/2022
PR0025861,001,00665,"Phosphorus, total [as P]",2190,C3,MAX,Concentration3,ug/L,2.1900001,mg/L,9.9,mg/L,,09/30/2022
PR0025861,001,00665,"Phosphorus, total [as P]",2010,C3,MAX,Concentration3,ug/L,2.0100001,mg/L,9.9,mg/L,,10/31/2022
PR0025861,001,00665,"Phosphorus, total [as P]",1850,C3,MAX,Concentration3,ug/L,1.85000009,mg/L,9.9,mg/L,,11/30/2022
PR0025861,001,00665,"Phosphorus, total [as P]",1770,C3,MAX,Concentration3,ug/L,1.77000008,mg/L,9.9,mg/L,,12/31/2022
PR0025861,001,00665,"Phosphorus, total [as P]",900,C3,MAX,Concentration3,ug/L,.90000004,mg/L,9.9,mg/L,,01/31/2023
PR0025861,001,00665,"Phosphorus, total [as P]",1010,C3,MAX,Concentration3,ug/L,1.01000005,mg/L,9.9,mg/L,,02/28/2023
PR0025861,001,00665,"Phosphorus, total [as P]",1520,C3,MAX,Concentration3,ug/L,1.52000007,mg/L,9.9,mg/L,,03/31/2023
PR0025861,001,00665,"Phosphorus, total [as P]",1270,C3,MAX,Concentration3,ug/L,1.27000006,mg/L,9.9,mg/L,,04/30/2023
PR0025861,001,00665,"Phosphorus, total [as P]",2130,C3,MAX,Concentration3,ug/L,2.1300001,mg/L,9.9,mg/L,,05/31/2023
PR0025861,001,00665,"Phosphorus, total [as P]",3130,C3,MAX,Concentration3,ug/L,3.13000015,mg/L,9.9,mg/L,,06/30/2023
PR0025861,001,00665,"Phosphorus, total [as P]",2590,C3,MAX,Concentration3,ug/L,2.59000012,mg/L,9.9,mg/L,,07/31/2023
PR0025861,001,00665,"Phosphorus, total [as P]",2450,C3,MAX,Concentration3,ug/L,2.45000012,mg/L,9.9,mg/L,,08/31/2023
PR0025861,001,00665,"Phosphorus, total [as P]",1450,C3,MAX,Concentration3,ug/L,1.45000007,mg/L,9.9,mg/L,,09/30/2023
PR0025861,001,00665,"Phosphorus, total [as P]",1830,C3,MAX,Concentration3,ug/L,1.83000009,mg/L,9.9,mg/L,,10/31/2023
PR0025861,001,00665,"Phosphorus, total [as P]",2070,C3,MAX,Concentration3,ug/L,2.0700001,mg/L,9.9,mg/L,,11/30/2023
PR0025861,001,00665,"Phosphorus, total [as P]",2090,C3,MAX,Concentration3,ug/L,2.0900001,mg/L,9.9,mg/L,,12/31/2023
PR0025861,001,00665,"Phosphorus, total [as P]",2270,C3,MAX,Concentration3,ug/L,2.27000011,mg/L,9.9,mg/L,,01/31/2024
PR0025861,001,00665,"Phosphorus, total [as P]",1920,C3,MAX,Concentration3,ug/L,1.92000009,mg/L,9.9,mg/L,,02/29/2024
PR0025861,001,00665,"Phosphorus, total [as P]",1960,C3,MAX,Concentration3,ug/L,1.96000009,mg/L,9.9,mg/L,,03/31/2024
PR0025861,001,00665,"Phosphorus, total [as P]",2440,C3,MAX,Concentration3,ug/L,2.44000012,mg/L,9.9,mg/L,,04/30/2024
PR0025861,001,00665,"Phosphorus, total [as P]",1.39,C3,MAX,Concentration3,mg/L,1.39,mg/L,9.9,mg/L,,05/31/2024
PR0025861,001,00665,"Phosphorus, total [as P]",3.24,C3,MAX,Concentration3,mg/L,3.24,mg/L,9.9,mg/L,,06/30/2024
PR0025861,001,00665,"Phosphorus, total [as P]",0.51,C3,MAX,Concentration3,mg/L,.51,mg/L,9.9,mg/L,,07/31/2024
PR0025861,001,00665,"Phosphorus, total [as P]",0.88,C3,MAX,Concentration3,mg/L,.88,mg/L,9.9,mg/L,,08/31/2024
PR0025861,001,00665,"Phosphorus, total [as P]",2.12,C3,MAX,Concentration3,mg/L,2.12,mg/L,9.9,mg/L,,09/30/2024
PR0025861,001,00665,"Phosphorus, total [as P]",2.91,C3,MAX,Concentration3,mg/L,2.91,mg/L,9.9,mg/L,,10/31/2024
PR0025861,001,00665,"Phosphorus, total [as P]",1.65,C3,MAX,Concentration3,mg/L,1.65,mg/L,9.9,mg/L,,11/30/2024
PR0025861,001,00665,"Phosphorus, total [as P]",0.7,C3,MAX,Concentration3,mg/L,.7,mg/L,9.9,mg/L,,12/31/2024
PR0025861,001,00665,"Phosphorus, total [as P]",1.86,C3,MAX,Concentration3,mg/L,1.86,mg/L,9.9,mg/L,,01/31/2025
PR0025861,001,00665,"Phosphorus, total [as P]",2.39,C3,MAX,Concentration3,mg/L,2.39,mg/L,9.9,mg/L,,02/28/2025
PR0025861,001,00665,"Phosphorus, total [as P]",2.92,C3,MAX,Concentration3,mg/L,2.92,mg/L,9.9,mg/L,,03/31/2025
PR0025861,001,00665,"Phosphorus, total [as P]",1.96,C3,MAX,Concentration3,mg/L,1.96,mg/L,9.9,mg/L,,04/30/2025
PR0025861,001,00665,"Phosphorus, total [as P]",1.51,C3,MAX,Concentration3,mg/L,1.51,mg/L,9.9,mg/L,,05/31/2025
PR0025861,001,00665,"Phosphorus, total [as P]",2.71,C3,MAX,Concentration3,mg/L,2.71,mg/L,9.9,mg/L,,06/30/2025
PR0025861,001,00665,"Phosphorus, total [as P]",2.2,C3,MAX,Concentration3,mg/L,2.2,mg/L,9.9,mg/L,,07/31/2025
PR0025861,001,00665,"Phosphorus, total [as P]",2.03,C3,MAX,Concentration3,mg/L,2.03,mg/L,9.9,mg/L,,08/31/2025
PR0025861,001,00665,"Phosphorus, total [as P]",1.98,C3,MAX,Concentration3,mg/L,1.98,mg/L,9.9,mg/L,,09/30/2025
PR0025861,001,00665,"Phosphorus, total [as P]",2.21,C3,MAX,Concentration3,mg/L,2.21,mg/L,9.9,mg/L,,10/31/2025
PR0025861,001,00665,"Phosphorus, total [as P]",1.74,C3,MAX,Concentration3,mg/L,1.74,mg/L,9.9,mg/L,,11/30/2025
PR0025861,001,00665,"Phosphorus, total [as P]",1.85,C3,MAX,Concentration3,mg/L,1.85,mg/L,9.9,mg/L,,12/31/2025
PR0025861,001,00665,"Phosphorus, total [as P]",2.85,C3,MAX,Concentration3,mg/L,2.85,mg/L,9.9,mg/L,,01/31/2026
PR0025861,001,00945,"Sulfate, total [as SO4]",19.14,C3,MAX,Concentration3,mg/L,19.14,mg/L,,mg/L,,12/31/2020
PR0025861,001,00945,"Sulfate, total [as SO4]",23.56,C3,MAX,Concentration3,mg/L,23.56,mg/L,,mg/L,,12/31/2021
PR0025861,001,00945,"Sulfate, total [as SO4]",37.71,C3,MAX,Concentration3,mg/L,37.71,mg/L,,mg/L,,12/31/2022
PR0025861,001,00945,"Sulfate, total [as SO4]",94.73,C3,MAX,Concentration3,mg/L,94.73,mg/L,,mg/L,,12/31/2023
PR0025861,001,00945,"Sulfate, total [as SO4]",38.97,C3,MAX,Concentration3,mg/L,38.97,mg/L,,mg/L,,12/31/2024
PR0025861,001,00945,"Sulfate, total [as SO4]",124.08,C3,MAX,Concentration3,mg/L,124.08,mg/L,,mg/L,,12/31/2025
PR0025861,001,38260,Surfactants [MBAS],228,C3,MAX,Concentration3,ug/L,.22800001,mg/L,,ug/L,,03/31/2020
PR0025861,001,38260,Surfactants [MBAS],40,C3,MAX,Concentration3,ug/L,.04,mg/L,,ug/L,,06/30/2020
PR0025861,001,38260,Surfactants [MBAS],43,C3,MAX,Concentration3,ug/L,.043,mg/L,,ug/L,,09/30/2020
PR0025861,001,38260,Surfactants [MBAS],25,C3,MAX,Concentration3,ug/L,.025,mg/L,,ug/L,,12/31/2020
PR0025861,001,38260,Surfactants [MBAS],25,C3,MAX,Concentration3,ug/L,.025,mg/L,,ug/L,,03/31/2021
PR0025861,001,38260,Surfactants [MBAS],25,C3,MAX,Concentration3,ug/L,.025,mg/L,,ug/L,,06/30/2021
PR0025861,001,38260,Surfactants [MBAS],25,C3,MAX,Concentration3,ug/L,.025,mg/L,,ug/L,,09/30/2021
PR0025861,001,38260,Surfactants [MBAS],25,C3,MAX,Concentration3,ug/L,.025,mg/L,,ug/L,,12/31/2021
PR0025861,001,38260,Surfactants [MBAS],25,C3,MAX,Concentration3,ug/L,.025,mg/L,,ug/L,,03/31/2022
PR0025861,001,38260,Surfactants [MBAS],25,C3,MAX,Concentration3,ug/L,.025,mg/L,,ug/L,,06/30/2022
PR0025861,001,38260,Surfactants [MBAS],25,C3,MAX,Concentration3,ug/L,.025,mg/L,,ug/L,,09/30/2022
PR0025861,001,38260,Surfactants [MBAS],47,C3,MAX,Concentration3,ug/L,.047,mg/L,,ug/L,,12/31/2022
PR0025861,001,38260,Surfactants [MBAS],84,C3,MAX,Concentration3,ug/L,.084,mg/L,,ug/L,,03/31/2023
PR0025861,001,38260,Surfactants [MBAS],25,C3,MAX,Concentration3,ug/L,.025,mg/L,,ug/L,,06/30/2023
PR0025861,001,38260,Surfactants [MBAS],25,C3,MAX,Concentration3,ug/L,.025,mg/L,,ug/L,,09/30/2023
PR0025861,001,38260,Surfactants [MBAS],26,C3,MAX,Concentration3,ug/L,.026,mg/L,,ug/L,,12/31/2023
PR0025861,001,38260,Surfactants [MBAS],25,C3,MAX,Concentration3,ug/L,.025,mg/L,,ug/L,,03/31/2024
PR0025861,001,38260,Surfactants [MBAS],25,C3,MAX,Concentration3,ug/L,.025,mg/L,,ug/L,,06/30/2024
PR0025861,001,38260,Surfactants [MBAS],34,C3,MAX,Concentration3,ug/L,.034,mg/L,,ug/L,,09/30/2024
PR0025861,001,38260,Surfactants [MBAS],60,C3,MAX,Concentration3,ug/L,.06,mg/L,,ug/L,,12/31/2024
PR0025861,001,38260,Surfactants [MBAS],25,C3,MAX,Concentration3,ug/L,.025,mg/L,,ug/L,,03/31/2025
PR0025861,001,38260,Surfactants [MBAS],25,C3,MAX,Concentration3,ug/L,.025,mg/L,,ug/L,,06/30/2025
PR0025861,001,38260,Surfactants [MBAS],25,C3,MAX,Concentration3,ug/L,.025,mg/L,,ug/L,,09/30/2025
PR0025861,001,38260,Surfactants [MBAS],25,C3,MAX,Concentration3,ug/L,.025,mg/L,,ug/L,,12/31/2025
PR0025861,001,50050,"Flow, in conduit or thru treatment plant",0.413,Q1,AVG,Quantity1,MGD,.413,MGD,,MGD,,01/31/2020
PR0025861,001,50050,"Flow, in conduit or thru treatment plant",0.68,Q2,MAX,Quantity2,MGD,.68,MGD,,MGD,,01/31/2020
PR0025861,001,50050,"Flow, in conduit or thru treatment plant",0.4946,C3,AVG,Concentration3,MGD,.4946,MGD,,MGD,,01/31/2020
PR0025861,001,50050,"Flow, in conduit or thru treatment plant",0.308,C3,AVG,Concentration3,MGD,.308,MGD,,MGD,,02/29/2020
PR0025861,001,50050,"Flow, in conduit or thru treatment plant",0.243,Q1,AVG,Quantity1,MGD,.243,MGD,,MGD,,02/29/2020
PR0025861,001,50050,"Flow, in conduit or thru treatment plant",0.55,Q2,MAX,Quantity2,MGD,.55,MGD,,MGD,,02/29/2020
PR0025861,001,50050,"Flow, in conduit or thru treatment plant",0.781,Q2,MAX,Quantity2,MGD,.781,MGD,,MGD,,03/31/2020
PR0025861,001,50050,"Flow, in conduit or thru treatment plant",0.377,Q1,AVG,Quantity1,MGD,.377,MGD,,MGD,,03/31/2020
PR0025861,001,50050,"Flow, in conduit or thru treatment plant",0.491,C3,AVG,Concentration3,MGD,.491,MGD,,MGD,,03/31/2020
PR0025861,001,50050,"Flow, in conduit or thru treatment plant",0.174,C3,AVG,Concentration3,MGD,.174,MGD,,MGD,,04/30/2020
PR0025861,001,50050,"Flow, in conduit or thru treatment plant",0.153,Q1,AVG,Quantity1,MGD,.153,MGD,,MGD,,04/30/2020
PR0025861,001,50050,"Flow, in conduit or thru treatment plant",0.273,Q2,MAX,Quantity2,MGD,.273,MGD,,MGD,,04/30/2020
PR0025861,001,50050,"Flow, in conduit or thru treatment plant",0.446,Q2,MAX,Quantity2,MGD,.446,MGD,,MGD,,05/31/2020
PR0025861,001,50050,"Flow, in conduit or thru treatment plant",0.142,Q1,AVG,Quantity1,MGD,.142,MGD,,MGD,,05/31/2020
PR0025861,001,50050,"Flow, in conduit or thru treatment plant",0.177,C3,AVG,Concentration3,MGD,.177,MGD,,MGD,,05/31/2020
PR0025861,001,50050,"Flow, in conduit or thru treatment plant",0.237,Q1,AVG,Quantity1,MGD,.237,MGD,,MGD,,06/30/2020
PR0025861,001,50050,"Flow, in conduit or thru treatment plant",0.343,C3,AVG,Concentration3,MGD,.343,MGD,,MGD,,06/30/2020
PR0025861,001,50050,"Flow, in conduit or thru treatment plant",0.508,Q2,MAX,Quantity2,MGD,.508,MGD,,MGD,,06/30/2020
PR0025861,001,50050,"Flow, in conduit or thru treatment plant",0.246,Q1,AVG,Quantity1,MGD,.246,MGD,,MGD,,07/31/2020
PR0025861,001,50050,"Flow, in conduit or thru treatment plant",0.963,Q2,MAX,Quantity2,MGD,.963,MGD,,MGD,,07/31/2020
PR0025861,001,50050,"Flow, in conduit or thru treatment plant",0.492,C3,AVG,Concentration3,MGD,.492,MGD,,MGD,,07/31/2020
PR0025861,001,50050,"Flow, in conduit or thru treatment plant",0.517,C3,AVG,Concentration3,MGD,.517,MGD,,MGD,,08/31/2020
PR0025861,001,50050,"Flow, in conduit or thru treatment plant",0.211,Q1,AVG,Quantity1,MGD,.211,MGD,,MGD,,08/31/2020
PR0025861,001,50050,"Flow, in conduit or thru treatment plant",0.708,Q2,MAX,Quantity2,MGD,.708,MGD,,MGD,,08/31/2020
PR0025861,001,50050,"Flow, in conduit or thru treatment plant",0.225,Q1,AVG,Quantity1,MGD,.225,MGD,,MGD,,09/30/2020
PR0025861,001,50050,"Flow, in conduit or thru treatment plant",0.379,Q2,MAX,Quantity2,MGD,.379,MGD,,MGD,,09/30/2020
PR0025861,001,50050,"Flow, in conduit or thru treatment plant",0.302,C3,AVG,Concentration3,MGD,.302,MGD,,MGD,,09/30/2020
PR0025861,001,50050,"Flow, in conduit or thru treatment plant",0.485,C3,AVG,Concentration3,MGD,.485,MGD,,MGD,,10/31/2020
PR0025861,001,50050,"Flow, in conduit or thru treatment plant",0.391,Q1,AVG,Quantity1,MGD,.391,MGD,,MGD,,10/31/2020
PR0025861,001,50050,"Flow, in conduit or thru treatment plant",0.676,Q2,MAX,Quantity2,MGD,.676,MGD,,MGD,,10/31/2020
PR0025861,001,50050,"Flow, in conduit or thru treatment plant",0.712,Q2,MAX,Quantity2,MGD,.712,MGD,,MGD,,11/30/2020
PR0025861,001,50050,"Flow, in conduit or thru treatment plant",0.358,Q1,AVG,Quantity1,MGD,.358,MGD,,MGD,,11/30/2020
PR0025861,001,50050,"Flow, in conduit or thru treatment plant",0.515,C3,AVG,Concentration3,MGD,.515,MGD,,MGD,,11/30/2020
PR0025861,001,50050,"Flow, in conduit or thru treatment plant",0.4244,C3,AVG,Concentration3,MGD,.4244,MGD,,MGD,,12/31/2020
PR0025861,001,50050,"Flow, in conduit or thru treatment plant",0.286,Q1,AVG,Quantity1,MGD,.286,MGD,,MGD,,12/31/2020
PR0025861,001,50050,"Flow, in conduit or thru treatment plant",0.574,Q2,MAX,Quantity2,MGD,.574,MGD,,MGD,,12/31/2020
PR0025861,001,50050,"Flow, in conduit or thru treatment plant",0.669,Q2,MAX,Quantity2,MGD,.669,MGD,,MGD,,01/31/2021
PR0025861,001,50050,"Flow, in conduit or thru treatment plant",0.614,C3,AVG,Concentration3,MGD,.614,MGD,,MGD,,01/31/2021
PR0025861,001,50050,"Flow, in conduit or thru treatment plant",0.228,Q1,AVG,Quantity1,MGD,.228,MGD,,MGD,,01/31/2021
PR0025861,001,50050,"Flow, in conduit or thru treatment plant",0.265,Q1,AVG,Quantity1,MGD,.265,MGD,,MGD,,02/28/2021
PR0025861,001,50050,"Flow, in conduit or thru treatment plant",0.688,Q2,MAX,Quantity2,MGD,.688,MGD,,MGD,,02/28/2021
PR0025861,001,50050,"Flow, in conduit or thru treatment plant",0.344,C3,AVG,Concentration3,MGD,.344,MGD,,MGD,,02/28/2021
PR0025861,001,50050,"Flow, in conduit or thru treatment plant",0.198,Q1,AVG,Quantity1,MGD,.198,MGD,,MGD,,03/31/2021
PR0025861,001,50050,"Flow, in conduit or thru treatment plant",0.214,C3,AVG,Concentration3,MGD,.214,MGD,,MGD,,03/31/2021
PR0025861,001,50050,"Flow, in conduit or thru treatment plant",0.427,Q2,MAX,Quantity2,MGD,.427,MGD,,MGD,,03/31/2021
PR0025861,001,50050,"Flow, in conduit or thru treatment plant",0.2,Q1,AVG,Quantity1,MGD,.2,MGD,,MGD,,04/30/2021
PR0025861,001,50050,"Flow, in conduit or thru treatment plant",0.414,Q2,MAX,Quantity2,MGD,.414,MGD,,MGD,,04/30/2021
PR0025861,001,50050,"Flow, in conduit or thru treatment plant",0.261,C3,AVG,Concentration3,MGD,.261,MGD,,MGD,,04/30/2021
PR0025861,001,50050,"Flow, in conduit or thru treatment plant",0.213,C3,AVG,Concentration3,MGD,.213,MGD,,MGD,,05/31/2021
PR0025861,001,50050,"Flow, in conduit or thru treatment plant",0.174,Q1,AVG,Quantity1,MGD,.174,MGD,,MGD,,05/31/2021
PR0025861,001,50050,"Flow, in conduit or thru treatment plant",0.404,Q2,MAX,Quantity2,MGD,.404,MGD,,MGD,,05/31/2021
PR0025861,001,50050,"Flow, in conduit or thru treatment plant",0.576,Q2,MAX,Quantity2,MGD,.576,MGD,,MGD,,06/30/2021
PR0025861,001,50050,"Flow, in conduit or thru treatment plant",0.242,Q1,AVG,Quantity1,MGD,.242,MGD,,MGD,,06/30/2021
PR0025861,001,50050,"Flow, in conduit or thru treatment plant",0.367,C3,AVG,Concentration3,MGD,.367,MGD,,MGD,,06/30/2021
PR0025861,001,50050,"Flow, in conduit or thru treatment plant",0.48,Q2,MAX,Quantity2,MGD,.48,MGD,,MGD,,07/31/2021
PR0025861,001,50050,"Flow, in conduit or thru treatment plant",0.207,Q1,AVG,Quantity1,MGD,.207,MGD,,MGD,,07/31/2021
PR0025861,001,50050,"Flow, in conduit or thru treatment plant",0.296,C3,AVG,Concentration3,MGD,.296,MGD,,MGD,,07/31/2021
PR0025861,001,50050,"Flow, in conduit or thru treatment plant",0.242,Q1,AVG,Quantity1,MGD,.242,MGD,,MGD,,08/31/2021
PR0025861,001,50050,"Flow, in conduit or thru treatment plant",0.288,C3,AVG,Concentration3,MGD,.288,MGD,,MGD,,08/31/2021
PR0025861,001,50050,"Flow, in conduit or thru treatment plant",0.705,Q2,MAX,Quantity2,MGD,.705,MGD,,MGD,,08/31/2021
PR0025861,001,50050,"Flow, in conduit or thru treatment plant",0.416,C3,AVG,Concentration3,MGD,.416,MGD,,MGD,,09/30/2021
PR0025861,001,50050,"Flow, in conduit or thru treatment plant",0.28,Q1,AVG,Quantity1,MGD,.28,MGD,,MGD,,09/30/2021
PR0025861,001,50050,"Flow, in conduit or thru treatment plant",0.645,Q2,MAX,Quantity2,MGD,.645,MGD,,MGD,,09/30/2021
PR0025861,001,50050,"Flow, in conduit or thru treatment plant",0.269,Q1,AVG,Quantity1,MGD,.269,MGD,,MGD,,10/31/2021
PR0025861,001,50050,"Flow, in conduit or thru treatment plant",0.39,C3,AVG,Concentration3,MGD,.39,MGD,,MGD,,10/31/2021
PR0025861,001,50050,"Flow, in conduit or thru treatment plant",0.61,Q2,MAX,Quantity2,MGD,.61,MGD,,MGD,,10/31/2021
PR0025861,001,50050,"Flow, in conduit or thru treatment plant",0.674,Q2,MAX,Quantity2,MGD,.674,MGD,,MGD,,11/30/2021
PR0025861,001,50050,"Flow, in conduit or thru treatment plant",0.225,Q1,AVG,Quantity1,MGD,.225,MGD,,MGD,,11/30/2021
PR0025861,001,50050,"Flow, in conduit or thru treatment plant",0.271,C3,AVG,Concentration3,MGD,.271,MGD,,MGD,,11/30/2021
PR0025861,001,50050,"Flow, in conduit or thru treatment plant",0.412,C3,AVG,Concentration3,MGD,.412,MGD,,MGD,,12/31/2021
PR0025861,001,50050,"Flow, in conduit or thru treatment plant",0.575,Q2,MAX,Quantity2,MGD,.575,MGD,,MGD,,12/31/2021
PR0025861,001,50050,"Flow, in conduit or thru treatment plant",0.394,Q1,AVG,Quantity1,MGD,.394,MGD,,MGD,,12/31/2021
PR0025861,001,50050,"Flow, in conduit or thru treatment plant",0.168,Q1,AVG,Quantity1,MGD,.168,MGD,,MGD,,01/31/2022
PR0025861,001,50050,"Flow, in conduit or thru treatment plant",0.393,Q2,MAX,Quantity2,MGD,.393,MGD,,MGD,,01/31/2022
PR0025861,001,50050,"Flow, in conduit or thru treatment plant",0.2,C3,AVG,Concentration3,MGD,.2,MGD,,MGD,,01/31/2022
PR0025861,001,50050,"Flow, in conduit or thru treatment plant",0.408,C3,AVG,Concentration3,MGD,.408,MGD,,MGD,,02/28/2022
PR0025861,001,50050,"Flow, in conduit or thru treatment plant",0.295,Q1,AVG,Quantity1,MGD,.295,MGD,,MGD,,02/28/2022
PR0025861,001,50050,"Flow, in conduit or thru treatment plant",0.76,Q2,MAX,Quantity2,MGD,.76,MGD,,MGD,,02/28/2022
PR0025861,001,50050,"Flow, in conduit or thru treatment plant",0.665,Q2,MAX,Quantity2,MGD,.665,MGD,,MGD,,03/31/2022
PR0025861,001,50050,"Flow, in conduit or thru treatment plant",0.262,Q1,AVG,Quantity1,MGD,.262,MGD,,MGD,,03/31/2022
PR0025861,001,50050,"Flow, in conduit or thru treatment plant",0.352,C3,AVG,Concentration3,MGD,.352,MGD,,MGD,,03/31/2022
PR0025861,001,50050,"Flow, in conduit or thru treatment plant",0.25,C3,AVG,Concentration3,MGD,.25,MGD,,MGD,,04/30/2022
PR0025861,001,50050,"Flow, in conduit or thru treatment plant",0.222,Q1,AVG,Quantity1,MGD,.222,MGD,,MGD,,04/30/2022
PR0025861,001,50050,"Flow, in conduit or thru treatment plant",0.326,Q2,MAX,Quantity2,MGD,.326,MGD,,MGD,,04/30/2022
PR0025861,001,50050,"Flow, in conduit or thru treatment plant",0.392,Q2,MAX,Quantity2,MGD,.392,MGD,,MGD,,05/31/2022
PR0025861,001,50050,"Flow, in conduit or thru treatment plant",0.269,Q1,AVG,Quantity1,MGD,.269,MGD,,MGD,,05/31/2022
PR0025861,001,50050,"Flow, in conduit or thru treatment plant",0.293,C3,AVG,Concentration3,MGD,.293,MGD,,MGD,,05/31/2022
PR0025861,001,50050,"Flow, in conduit or thru treatment plant",0.197,Q1,AVG,Quantity1,MGD,.197,MGD,,MGD,,06/30/2022
PR0025861,001,50050,"Flow, in conduit or thru treatment plant",0.226,C3,AVG,Concentration3,MGD,.226,MGD,,MGD,,06/30/2022
PR0025861,001,50050,"Flow, in conduit or thru treatment plant",0.458,Q2,MAX,Quantity2,MGD,.458,MGD,,MGD,,06/30/2022
PR0025861,001,50050,"Flow, in conduit or thru treatment plant",0.241,Q1,AVG,Quantity1,MGD,.241,MGD,,MGD,,07/31/2022
PR0025861,001,50050,"Flow, in conduit or thru treatment plant",0.49,Q2,MAX,Quantity2,MGD,.49,MGD,,MGD,,07/31/2022
PR0025861,001,50050,"Flow, in conduit or thru treatment plant",0.329,C3,AVG,Concentration3,MGD,.329,MGD,,MGD,,07/31/2022
PR0025861,001,50050,"Flow, in conduit or thru treatment plant",0.286,C3,AVG,Concentration3,MGD,.286,MGD,,MGD,,08/31/2022
PR0025861,001,50050,"Flow, in conduit or thru treatment plant",0.245,Q1,AVG,Quantity1,MGD,.245,MGD,,MGD,,08/31/2022
PR0025861,001,50050,"Flow, in conduit or thru treatment plant",0.552,Q2,MAX,Quantity2,MGD,.552,MGD,,MGD,,08/31/2022
PR0025861,001,50050,"Flow, in conduit or thru treatment plant",0.246,Q1,AVG,Quantity1,MGD,.246,MGD,,MGD,,09/30/2022
PR0025861,001,50050,"Flow, in conduit or thru treatment plant",0.523,Q2,MAX,Quantity2,MGD,.523,MGD,,MGD,,09/30/2022
PR0025861,001,50050,"Flow, in conduit or thru treatment plant",0.343,C3,AVG,Concentration3,MGD,.343,MGD,,MGD,,09/30/2022
PR0025861,001,50050,"Flow, in conduit or thru treatment plant",0.317,C3,AVG,Concentration3,MGD,.317,MGD,,MGD,,10/31/2022
PR0025861,001,50050,"Flow, in conduit or thru treatment plant",0.174,Q1,AVG,Quantity1,MGD,.174,MGD,,MGD,,10/31/2022
PR0025861,001,50050,"Flow, in conduit or thru treatment plant",0.414,Q2,MAX,Quantity2,MGD,.414,MGD,,MGD,,10/31/2022
PR0025861,001,50050,"Flow, in conduit or thru treatment plant",0.473,Q2,MAX,Quantity2,MGD,.473,MGD,,MGD,,11/30/2022
PR0025861,001,50050,"Flow, in conduit or thru treatment plant",0.188,Q1,AVG,Quantity1,MGD,.188,MGD,,MGD,,11/30/2022
PR0025861,001,50050,"Flow, in conduit or thru treatment plant",0.216,C3,AVG,Concentration3,MGD,.216,MGD,,MGD,,11/30/2022
PR0025861,001,50050,"Flow, in conduit or thru treatment plant",0.173,C3,AVG,Concentration3,MGD,.173,MGD,,MGD,,12/31/2022
PR0025861,001,50050,"Flow, in conduit or thru treatment plant",0.139,Q1,AVG,Quantity1,MGD,.139,MGD,,MGD,,12/31/2022
PR0025861,001,50050,"Flow, in conduit or thru treatment plant",0.339,Q2,MAX,Quantity2,MGD,.339,MGD,,MGD,,12/31/2022
PR0025861,001,50050,"Flow, in conduit or thru treatment plant",0.429,Q2,MAX,Quantity2,MGD,.429,MGD,,MGD,,01/31/2023
PR0025861,001,50050,"Flow, in conduit or thru treatment plant",0.311,Q1,AVG,Quantity1,MGD,.311,MGD,,MGD,,01/31/2023
PR0025861,001,50050,"Flow, in conduit or thru treatment plant",0.233,C3,AVG,Concentration3,MGD,.233,MGD,,MGD,,01/31/2023
PR0025861,001,50050,"Flow, in conduit or thru treatment plant",0.464,Q2,MAX,Quantity2,MGD,.464,MGD,,MGD,,02/28/2023
PR0025861,001,50050,"Flow, in conduit or thru treatment plant",0.185,Q1,AVG,Quantity1,MGD,.185,MGD,,MGD,,02/28/2023
PR0025861,001,50050,"Flow, in conduit or thru treatment plant",0.204,C3,AVG,Concentration3,MGD,.204,MGD,,MGD,,02/28/2023
PR0025861,001,50050,"Flow, in conduit or thru treatment plant",0.346,Q2,MAX,Quantity2,MGD,.346,MGD,,MGD,,03/31/2023
PR0025861,001,50050,"Flow, in conduit or thru treatment plant",0.116,Q1,AVG,Quantity1,MGD,.116,MGD,,MGD,,03/31/2023
PR0025861,001,50050,"Flow, in conduit or thru treatment plant",0.207,C3,AVG,Concentration3,MGD,.207,MGD,,MGD,,03/31/2023
PR0025861,001,50050,"Flow, in conduit or thru treatment plant",0.165,C3,AVG,Concentration3,MGD,.165,MGD,,MGD,,04/30/2023
PR0025861,001,50050,"Flow, in conduit or thru treatment plant",0.335,Q2,MAX,Quantity2,MGD,.335,MGD,,MGD,,04/30/2023
PR0025861,001,50050,"Flow, in conduit or thru treatment plant",0.138,Q1,AVG,Quantity1,MGD,.138,MGD,,MGD,,04/30/2023
PR0025861,001,50050,"Flow, in conduit or thru treatment plant",0.137,Q1,AVG,Quantity1,MGD,.137,MGD,,MGD,,05/31/2023
PR0025861,001,50050,"Flow, in conduit or thru treatment plant",0.189,C3,AVG,Concentration3,MGD,.189,MGD,,MGD,,05/31/2023
PR0025861,001,50050,"Flow, in conduit or thru treatment plant",0.435,Q2,MAX,Quantity2,MGD,.435,MGD,,MGD,,05/31/2023
PR0025861,001,50050,"Flow, in conduit or thru treatment plant",0.231,C3,AVG,Concentration3,MGD,.231,MGD,,MGD,,06/30/2023
PR0025861,001,50050,"Flow, in conduit or thru treatment plant",0.117,Q1,AVG,Quantity1,MGD,.117,MGD,,MGD,,06/30/2023
PR0025861,001,50050,"Flow, in conduit or thru treatment plant",0.349,Q2,MAX,Quantity2,MGD,.349,MGD,,MGD,,06/30/2023
PR0025861,001,50050,"Flow, in conduit or thru treatment plant",0.182,C3,AVG,Concentration3,MGD,.182,MGD,,MGD,,07/31/2023
PR0025861,001,50050,"Flow, in conduit or thru treatment plant",0.35,Q2,MAX,Quantity2,MGD,.35,MGD,,MGD,,07/31/2023
PR0025861,001,50050,"Flow, in conduit or thru treatment plant",0.151,Q1,AVG,Quantity1,MGD,.151,MGD,,MGD,,07/31/2023
PR0025861,001,50050,"Flow, in conduit or thru treatment plant",0.24,C3,AVG,Concentration3,MGD,.24,MGD,,MGD,,08/31/2023
PR0025861,001,50050,"Flow, in conduit or thru treatment plant",0.218,Q1,AVG,Quantity1,MGD,.218,MGD,,MGD,,08/31/2023
PR0025861,001,50050,"Flow, in conduit or thru treatment plant",0.405,Q2,MAX,Quantity2,MGD,.405,MGD,,MGD,,08/31/2023
PR0025861,001,50050,"Flow, in conduit or thru treatment plant",0.167,Q1,AVG,Quantity1,MGD,.167,MGD,,MGD,,09/30/2023
PR0025861,001,50050,"Flow, in conduit or thru treatment plant",0.415,Q2,MAX,Quantity2,MGD,.415,MGD,,MGD,,09/30/2023
PR0025861,001,50050,"Flow, in conduit or thru treatment plant",0.183,C3,AVG,Concentration3,MGD,.183,MGD,,MGD,,09/30/2023
PR0025861,001,50050,"Flow, in conduit or thru treatment plant",0.26,Q1,AVG,Quantity1,MGD,.26,MGD,,MGD,,10/31/2023
PR0025861,001,50050,"Flow, in conduit or thru treatment plant",0.52,Q2,MAX,Quantity2,MGD,.52,MGD,,MGD,,10/31/2023
PR0025861,001,50050,"Flow, in conduit or thru treatment plant",0.305,C3,AVG,Concentration3,MGD,.305,MGD,,MGD,,10/31/2023
PR0025861,001,50050,"Flow, in conduit or thru treatment plant",0.179,Q1,AVG,Quantity1,MGD,.179,MGD,,MGD,,11/30/2023
PR0025861,001,50050,"Flow, in conduit or thru treatment plant",0.197,C3,AVG,Concentration3,MGD,.197,MGD,,MGD,,11/30/2023
PR0025861,001,50050,"Flow, in conduit or thru treatment plant",0.271,Q2,MAX,Quantity2,MGD,.271,MGD,,MGD,,11/30/2023
PR0025861,001,50050,"Flow, in conduit or thru treatment plant",0.33,C3,AVG,Concentration3,MGD,.33,MGD,,MGD,,12/31/2023
PR0025861,001,50050,"Flow, in conduit or thru treatment plant",0.26,Q1,AVG,Quantity1,MGD,.26,MGD,,MGD,,12/31/2023
PR0025861,001,50050,"Flow, in conduit or thru treatment plant",0.494,Q2,MAX,Quantity2,MGD,.494,MGD,,MGD,,12/31/2023
PR0025861,001,50050,"Flow, in conduit or thru treatment plant",0.264,Q1,AVG,Quantity1,MGD,.264,MGD,,MGD,,01/31/2024
PR0025861,001,50050,"Flow, in conduit or thru treatment plant",0.395,Q2,MAX,Quantity2,MGD,.395,MGD,,MGD,,01/31/2024
PR0025861,001,50050,"Flow, in conduit or thru treatment plant",0.286,C3,AVG,Concentration3,MGD,.286,MGD,,MGD,,01/31/2024
PR0025861,001,50050,"Flow, in conduit or thru treatment plant",0.808,Q2,MAX,Quantity2,MGD,.808,MGD,,MGD,,02/29/2024
PR0025861,001,50050,"Flow, in conduit or thru treatment plant",0.314,Q1,AVG,Quantity1,MGD,.314,MGD,,MGD,,02/29/2024
PR0025861,001,50050,"Flow, in conduit or thru treatment plant",0.387,C3,AVG,Concentration3,MGD,.387,MGD,,MGD,,02/29/2024
PR0025861,001,50050,"Flow, in conduit or thru treatment plant",0.229,Q1,AVG,Quantity1,MGD,.229,MGD,,MGD,,03/31/2024
PR0025861,001,50050,"Flow, in conduit or thru treatment plant",0.468,Q2,MAX,Quantity2,MGD,.468,MGD,,MGD,,03/31/2024
PR0025861,001,50050,"Flow, in conduit or thru treatment plant",0.321,C3,AVG,Concentration3,MGD,.321,MGD,,MGD,,03/31/2024
PR0025861,001,50050,"Flow, in conduit or thru treatment plant",0.691,Q2,MAX,Quantity2,MGD,.691,MGD,,MGD,,04/30/2024
PR0025861,001,50050,"Flow, in conduit or thru treatment plant",0.312,Q1,AVG,Quantity1,MGD,.312,MGD,,MGD,,04/30/2024
PR0025861,001,50050,"Flow, in conduit or thru treatment plant",0.365,C3,AVG,Concentration3,MGD,.365,MGD,,MGD,,04/30/2024
PR0025861,001,50050,"Flow, in conduit or thru treatment plant",0.462,C3,AVG,Concentration3,MGD,.462,MGD,,MGD,,05/31/2024
PR0025861,001,50050,"Flow, in conduit or thru treatment plant",0.772,Q2,MAX,Quantity2,MGD,.772,MGD,,MGD,,05/31/2024
PR0025861,001,50050,"Flow, in conduit or thru treatment plant",0.339,Q1,AVG,Quantity1,MGD,.339,MGD,,MGD,,05/31/2024
PR0025861,001,50050,"Flow, in conduit or thru treatment plant",0.301,Q2,MAX,Quantity2,MGD,.301,MGD,,MGD,,06/30/2024
PR0025861,001,50050,"Flow, in conduit or thru treatment plant",0.233,Q1,AVG,Quantity1,MGD,.233,MGD,,MGD,,06/30/2024
PR0025861,001,50050,"Flow, in conduit or thru treatment plant",0.248,C3,AVG,Concentration3,MGD,.248,MGD,,MGD,,06/30/2024
PR0025861,001,50050,"Flow, in conduit or thru treatment plant",0.365,Q2,MAX,Quantity2,MGD,.365,MGD,,MGD,,07/31/2024
PR0025861,001,50050,"Flow, in conduit or thru treatment plant",0.221,Q1,AVG,Quantity1,MGD,.221,MGD,,MGD,,07/31/2024
PR0025861,001,50050,"Flow, in conduit or thru treatment plant",0.246,C3,AVG,Concentration3,MGD,.246,MGD,,MGD,,07/31/2024
PR0025861,001,50050,"Flow, in conduit or thru treatment plant",0.589,Q2,MAX,Quantity2,MGD,.589,MGD,,MGD,,08/31/2024
PR0025861,001,50050,"Flow, in conduit or thru treatment plant",0.233,Q1,AVG,Quantity1,MGD,.233,MGD,,MGD,,08/31/2024
PR0025861,001,50050,"Flow, in conduit or thru treatment plant",0.325,C3,AVG,Concentration3,MGD,.325,MGD,,MGD,,08/31/2024
PR0025861,001,50050,"Flow, in conduit or thru treatment plant",0.206,Q1,AVG,Quantity1,MGD,.206,MGD,,MGD,,09/30/2024
PR0025861,001,50050,"Flow, in conduit or thru treatment plant",0.276,C3,AVG,Concentration3,MGD,.276,MGD,,MGD,,09/30/2024
PR0025861,001,50050,"Flow, in conduit or thru treatment plant",0.328,Q2,MAX,Quantity2,MGD,.328,MGD,,MGD,,09/30/2024
PR0025861,001,50050,"Flow, in conduit or thru treatment plant",0.203,Q1,AVG,Quantity1,MGD,.203,MGD,,MGD,,10/31/2024
PR0025861,001,50050,"Flow, in conduit or thru treatment plant",0.32,Q2,MAX,Quantity2,MGD,.32,MGD,,MGD,,10/31/2024
PR0025861,001,50050,"Flow, in conduit or thru treatment plant",0.146,C3,AVG,Concentration3,MGD,.146,MGD,,MGD,,10/31/2024
PR0025861,001,50050,"Flow, in conduit or thru treatment plant",0.341,Q2,MAX,Quantity2,MGD,.341,MGD,,MGD,,11/30/2024
PR0025861,001,50050,"Flow, in conduit or thru treatment plant",0.232,C3,AVG,Concentration3,MGD,.232,MGD,,MGD,,11/30/2024
PR0025861,001,50050,"Flow, in conduit or thru treatment plant",0.184,Q1,AVG,Quantity1,MGD,.184,MGD,,MGD,,11/30/2024
PR0025861,001,50050,"Flow, in conduit or thru treatment plant",0.141,C3,AVG,Concentration3,MGD,.141,MGD,,MGD,,12/31/2024
PR0025861,001,50050,"Flow, in conduit or thru treatment plant",0.129,Q1,AVG,Quantity1,MGD,.129,MGD,,MGD,,12/31/2024
PR0025861,001,50050,"Flow, in conduit or thru treatment plant",0.242,Q2,MAX,Quantity2,MGD,.242,MGD,,MGD,,12/31/2024
PR0025861,001,50050,"Flow, in conduit or thru treatment plant",0.148,C3,AVG,Concentration3,MGD,.148,MGD,,MGD,,01/31/2025
PR0025861,001,50050,"Flow, in conduit or thru treatment plant",0.205,Q2,MAX,Quantity2,MGD,.205,MGD,,MGD,,01/31/2025
PR0025861,001,50050,"Flow, in conduit or thru treatment plant",0.124,Q1,AVG,Quantity1,MGD,.124,MGD,,MGD,,01/31/2025
PR0025861,001,50050,"Flow, in conduit or thru treatment plant",0.243,Q2,MAX,Quantity2,MGD,.243,MGD,,MGD,,02/28/2025
PR0025861,001,50050,"Flow, in conduit or thru treatment plant",0.141,Q1,AVG,Quantity1,MGD,.141,MGD,,MGD,,02/28/2025
PR0025861,001,50050,"Flow, in conduit or thru treatment plant",0.172,C3,AVG,Concentration3,MGD,.172,MGD,,MGD,,02/28/2025
PR0025861,001,50050,"Flow, in conduit or thru treatment plant",0.19,C3,AVG,Concentration3,MGD,.19,MGD,,MGD,,03/31/2025
PR0025861,001,50050,"Flow, in conduit or thru treatment plant",0.205,Q2,MAX,Quantity2,MGD,.205,MGD,,MGD,,03/31/2025
PR0025861,001,50050,"Flow, in conduit or thru treatment plant",0.143,Q1,AVG,Quantity1,MGD,.143,MGD,,MGD,,03/31/2025
PR0025861,001,50050,"Flow, in conduit or thru treatment plant",0.504,C3,AVG,Concentration3,MGD,.504,MGD,,MGD,,04/30/2025
PR0025861,001,50050,"Flow, in conduit or thru treatment plant",0.303,Q1,AVG,Quantity1,MGD,.303,MGD,,MGD,,04/30/2025
PR0025861,001,50050,"Flow, in conduit or thru treatment plant",0.779,Q2,MAX,Quantity2,MGD,.779,MGD,,MGD,,04/30/2025
PR0025861,001,50050,"Flow, in conduit or thru treatment plant",0.657,Q2,MAX,Quantity2,MGD,.657,MGD,,MGD,,05/31/2025
PR0025861,001,50050,"Flow, in conduit or thru treatment plant",0.34,Q1,AVG,Quantity1,MGD,.34,MGD,,MGD,,05/31/2025
PR0025861,001,50050,"Flow, in conduit or thru treatment plant",0.571,C3,AVG,Concentration3,MGD,.571,MGD,,MGD,,05/31/2025
PR0025861,001,50050,"Flow, in conduit or thru treatment plant",0.26,C3,AVG,Concentration3,MGD,.26,MGD,,MGD,,06/30/2025
PR0025861,001,50050,"Flow, in conduit or thru treatment plant",0.248,Q1,AVG,Quantity1,MGD,.248,MGD,,MGD,,06/30/2025
PR0025861,001,50050,"Flow, in conduit or thru treatment plant",0.319,Q2,MAX,Quantity2,MGD,.319,MGD,,MGD,,06/30/2025
PR0025861,001,50050,"Flow, in conduit or thru treatment plant",0.464,Q2,MAX,Quantity2,MGD,.464,MGD,,MGD,,07/31/2025
PR0025861,001,50050,"Flow, in conduit or thru treatment plant",0.37,Q1,AVG,Quantity1,MGD,.37,MGD,,MGD,,07/31/2025
PR0025861,001,50050,"Flow, in conduit or thru treatment plant",0.412,C3,AVG,Concentration3,MGD,.412,MGD,,MGD,,07/31/2025
PR0025861,001,50050,"Flow, in conduit or thru treatment plant",0.38,C3,AVG,Concentration3,MGD,.38,MGD,,MGD,,08/31/2025
PR0025861,001,50050,"Flow, in conduit or thru treatment plant",0.279,Q1,AVG,Quantity1,MGD,.279,MGD,,MGD,,08/31/2025
PR0025861,001,50050,"Flow, in conduit or thru treatment plant",0.89,Q2,MAX,Quantity2,MGD,.89,MGD,,MGD,,08/31/2025
PR0025861,001,50050,"Flow, in conduit or thru treatment plant",0.289,Q2,MAX,Quantity2,MGD,.289,MGD,,MGD,,09/30/2025
PR0025861,001,50050,"Flow, in conduit or thru treatment plant",0.074,Q1,AVG,Quantity1,MGD,.074,MGD,,MGD,,09/30/2025
PR0025861,001,50050,"Flow, in conduit or thru treatment plant",0.123,C3,AVG,Concentration3,MGD,.123,MGD,,MGD,,09/30/2025
PR0025861,001,50050,"Flow, in conduit or thru treatment plant",0.07,Q1,AVG,Quantity1,MGD,.07,MGD,,MGD,,10/31/2025
PR0025861,001,50050,"Flow, in conduit or thru treatment plant",0.189,Q2,MAX,Quantity2,MGD,.189,MGD,,MGD,,10/31/2025
PR0025861,001,50050,"Flow, in conduit or thru treatment plant",0.106,C3,AVG,Concentration3,MGD,.106,MGD,,MGD,,10/31/2025
PR0025861,001,50050,"Flow, in conduit or thru treatment plant",0.109,Q2,MAX,Quantity2,MGD,.109,MGD,,MGD,,11/30/2025
PR0025861,001,50050,"Flow, in conduit or thru treatment plant",0.069,Q1,AVG,Quantity1,MGD,.069,MGD,,MGD,,11/30/2025
PR0025861,001,50050,"Flow, in conduit or thru treatment plant",0.087,C3,AVG,Concentration3,MGD,.087,MGD,,MGD,,11/30/2025
PR0025861,001,50050,"Flow, in conduit or thru treatment plant",0.181,C3,AVG,Concentration3,MGD,.181,MGD,,MGD,,12/31/2025
PR0025861,001,50050,"Flow, in conduit or thru treatment plant",0.205,Q1,AVG,Quantity1,MGD,.205,MGD,,MGD,,12/31/2025
PR0025861,001,50050,"Flow, in conduit or thru treatment plant",0.35,Q2,MAX,Quantity2,MGD,.35,MGD,,MGD,,12/31/2025
PR0025861,001,50050,"Flow, in conduit or thru treatment plant",0.313,Q2,MAX,Quantity2,MGD,.313,MGD,,MGD,,01/31/2026
PR0025861,001,50050,"Flow, in conduit or thru treatment plant",0.175,Q1,AVG,Quantity1,MGD,.175,MGD,,MGD,,01/31/2026
PR0025861,001,50050,"Flow, in conduit or thru treatment plant",0.137,C3,AVG,Concentration3,MGD,.137,MGD,,MGD,,01/31/2026
PR0025861,001,50060,"Chlorine, total residual",20,C3,MAX,Concentration3,ug/L,.02,mg/L,11,ug/L,,01/31/2020
PR0025861,001,50060,"Chlorine, total residual",20,C3,MAX,Concentration3,ug/L,.02,mg/L,11,ug/L,,02/29/2020
PR0025861,001,50060,"Chlorine, total residual",20,C3,MAX,Concentration3,ug/L,.02,mg/L,11,ug/L,,03/31/2020
PR0025861,001,50060,"Chlorine, total residual",NA,C3,MAX,Concentration3,,,mg/L,11,ug/L,B,04/30/2020
PR0025861,001,50060,"Chlorine, total residual",NA,C3,MAX,Concentration3,,,mg/L,11,ug/L,B,05/31/2020
PR0025861,001,50060,"Chlorine, total residual",NA,C3,MAX,Concentration3,,,mg/L,11,ug/L,B,06/30/2020
PR0025861,001,50060,"Chlorine, total residual",NA,C3,MAX,Concentration3,,,mg/L,11,ug/L,B,07/31/2020
PR0025861,001,50060,"Chlorine, total residual",NA,C3,MAX,Concentration3,,,mg/L,11,ug/L,B,08/31/2020
PR0025861,001,50060,"Chlorine, total residual",NA,C3,MAX,Concentration3,,,mg/L,11,ug/L,B,09/30/2020
PR0025861,001,50060,"Chlorine, total residual",NA,C3,MAX,Concentration3,,,mg/L,11,ug/L,B,10/31/2020
PR0025861,001,50060,"Chlorine, total residual",NA,C3,MAX,Concentration3,,,mg/L,11,ug/L,B,11/30/2020
PR0025861,001,50060,"Chlorine, total residual",NA,C3,MAX,Concentration3,,,mg/L,11,ug/L,B,12/31/2020
PR0025861,001,50060,"Chlorine, total residual",NA,C3,MAX,Concentration3,,,mg/L,11,ug/L,B,01/31/2021
PR0025861,001,50060,"Chlorine, total residual",NA,C3,MAX,Concentration3,,,mg/L,11,ug/L,B,02/28/2021
PR0025861,001,50060,"Chlorine, total residual",NA,C3,MAX,Concentration3,,,mg/L,11,ug/L,B,03/31/2021
PR0025861,001,50060,"Chlorine, total residual",NA,C3,MAX,Concentration3,,,mg/L,11,ug/L,B,04/30/2021
PR0025861,001,50060,"Chlorine, total residual",NA,C3,MAX,Concentration3,,,mg/L,11,ug/L,B,05/31/2021
PR0025861,001,50060,"Chlorine, total residual",NA,C3,MAX,Concentration3,,,mg/L,11,ug/L,B,06/30/2021
PR0025861,001,50060,"Chlorine, total residual",NA,C3,MAX,Concentration3,,,mg/L,11,ug/L,B,07/31/2021
PR0025861,001,50060,"Chlorine, total residual",NA,C3,MAX,Concentration3,,,mg/L,11,ug/L,B,08/31/2021
PR0025861,001,50060,"Chlorine, total residual",NA,C3,MAX,Concentration3,,,mg/L,11,ug/L,B,09/30/2021
PR0025861,001,50060,"Chlorine, total residual",NA,C3,MAX,Concentration3,,,mg/L,11,ug/L,B,10/31/2021
PR0025861,001,50060,"Chlorine, total residual",NA,C3,MAX,Concentration3,,,mg/L,11,ug/L,B,11/30/2021
PR0025861,001,50060,"Chlorine, total residual",NA,C3,MAX,Concentration3,,,mg/L,11,ug/L,B,12/31/2021
PR0025861,001,50060,"Chlorine, total residual",NA,C3,MAX,Concentration3,,,mg/L,11,ug/L,B,01/31/2022
PR0025861,001,50060,"Chlorine, total residual",NA,C3,MAX,Concentration3,,,mg/L,11,ug/L,B,02/28/2022
PR0025861,001,50060,"Chlorine, total residual",NA,C3,MAX,Concentration3,,,mg/L,11,ug/L,B,03/31/2022
PR0025861,001,50060,"Chlorine, total residual",NA,C3,MAX,Concentration3,,,mg/L,11,ug/L,B,04/30/2022
PR0025861,001,50060,"Chlorine, total residual",NA,C3,MAX,Concentration3,,,mg/L,11,ug/L,B,05/31/2022
PR0025861,001,50060,"Chlorine, total residual",NA,C3,MAX,Concentration3,,,mg/L,11,ug/L,B,06/30/2022
PR0025861,001,50060,"Chlorine, total residual",NA,C3,MAX,Concentration3,,,mg/L,11,ug/L,B,07/31/2022
PR0025861,001,50060,"Chlorine, total residual",NA,C3,MAX,Concentration3,,,mg/L,11,ug/L,B,08/31/2022
PR0025861,001,50060,"Chlorine, total residual",NA,C3,MAX,Concentration3,,,mg/L,11,ug/L,B,09/30/2022
PR0025861,001,50060,"Chlorine, total residual",NA,C3,MAX,Concentration3,,,mg/L,11,ug/L,B,10/31/2022
PR0025861,001,50060,"Chlorine, total residual",NA,C3,MAX,Concentration3,,,mg/L,11,ug/L,B,11/30/2022
PR0025861,001,50060,"Chlorine, total residual",NA,C3,MAX,Concentration3,,,mg/L,11,ug/L,B,12/31/2022
PR0025861,001,50060,"Chlorine, total residual",NA,C3,MAX,Concentration3,,,mg/L,11,ug/L,B,01/31/2023
PR0025861,001,50060,"Chlorine, total residual",NA,C3,MAX,Concentration3,,,mg/L,11,ug/L,B,02/28/2023
PR0025861,001,50060,"Chlorine, total residual",NA,C3,MAX,Concentration3,,,mg/L,11,ug/L,B,03/31/2023
PR0025861,001,50060,"Chlorine, total residual",NA,C3,MAX,Concentration3,,,mg/L,11,ug/L,B,04/30/2023
PR0025861,001,50060,"Chlorine, total residual",NA,C3,MAX,Concentration3,,,mg/L,11,ug/L,B,05/31/2023
PR0025861,001,50060,"Chlorine, total residual",NA,C3,MAX,Concentration3,,,mg/L,11,ug/L,B,06/30/2023
PR0025861,001,50060,"Chlorine, total residual",NA,C3,MAX,Concentration3,,,mg/L,11,ug/L,B,07/31/2023
PR0025861,001,50060,"Chlorine, total residual",NA,C3,MAX,Concentration3,,,mg/L,11,ug/L,B,08/31/2023
PR0025861,001,50060,"Chlorine, total residual",NA,C3,MAX,Concentration3,,,mg/L,11,ug/L,B,09/30/2023
PR0025861,001,50060,"Chlorine, total residual",NA,C3,MAX,Concentration3,,,mg/L,11,ug/L,B,10/31/2023
PR0025861,001,50060,"Chlorine, total residual",NA,C3,MAX,Concentration3,,,mg/L,11,ug/L,B,11/30/2023
PR0025861,001,50060,"Chlorine, total residual",NA,C3,MAX,Concentration3,,,mg/L,11,ug/L,B,12/31/2023
PR0025861,001,50060,"Chlorine, total residual",NA,C3,MAX,Concentration3,,,mg/L,11,ug/L,B,01/31/2024
PR0025861,001,50060,"Chlorine, total residual",NA,C3,MAX,Concentration3,,,mg/L,11,ug/L,B,02/29/2024
PR0025861,001,50060,"Chlorine, total residual",NA,C3,MAX,Concentration3,,,mg/L,11,ug/L,B,03/31/2024
PR0025861,001,50060,"Chlorine, total residual",NA,C3,MAX,Concentration3,,,mg/L,11,ug/L,B,04/30/2024
PR0025861,001,50060,"Chlorine, total residual",NA,C3,MAX,Concentration3,,,mg/L,11,ug/L,B,05/31/2024
PR0025861,001,50060,"Chlorine, total residual",NA,C3,MAX,Concentration3,,,mg/L,11,ug/L,B,06/30/2024
PR0025861,001,50060,"Chlorine, total residual",NA,C3,MAX,Concentration3,,,mg/L,11,ug/L,B,07/31/2024
PR0025861,001,50060,"Chlorine, total residual",NA,C3,MAX,Concentration3,,,mg/L,11,ug/L,B,08/31/2024
PR0025861,001,50060,"Chlorine, total residual",NA,C3,MAX,Concentration3,,,mg/L,11,ug/L,B,09/30/2024
PR0025861,001,50060,"Chlorine, total residual",NA,C3,MAX,Concentration3,,,mg/L,11,ug/L,B,10/31/2024
PR0025861,001,50060,"Chlorine, total residual",NA,C3,MAX,Concentration3,,,mg/L,11,ug/L,B,11/30/2024
PR0025861,001,50060,"Chlorine, total residual",NA,C3,MAX,Concentration3,,,mg/L,11,ug/L,B,12/31/2024
PR0025861,001,50060,"Chlorine, total residual",NA,C3,MAX,Concentration3,,,mg/L,11,ug/L,B,01/31/2025
PR0025861,001,50060,"Chlorine, total residual",10,C3,MAX,Concentration3,ug/L,.01,mg/L,11,ug/L,,02/28/2025
PR0025861,001,50060,"Chlorine, total residual",10,C3,MAX,Concentration3,ug/L,.01,mg/L,11,ug/L,,03/31/2025
PR0025861,001,50060,"Chlorine, total residual",NA,C3,MAX,Concentration3,,,mg/L,11,ug/L,B,04/30/2025
PR0025861,001,50060,"Chlorine, total residual",NA,C3,MAX,Concentration3,,,mg/L,11,ug/L,B,05/31/2025
PR0025861,001,50060,"Chlorine, total residual",NA,C3,MAX,Concentration3,,,mg/L,11,ug/L,B,06/30/2025
PR0025861,001,50060,"Chlorine, total residual",NA,C3,MAX,Concentration3,,,mg/L,11,ug/L,B,07/31/2025
PR0025861,001,50060,"Chlorine, total residual",NA,C3,MAX,Concentration3,,,mg/L,11,ug/L,B,08/31/2025
PR0025861,001,50060,"Chlorine, total residual",NA,C3,MAX,Concentration3,,,mg/L,11,ug/L,B,09/30/2025
PR0025861,001,50060,"Chlorine, total residual",NA,C3,MAX,Concentration3,,,mg/L,11,ug/L,B,10/31/2025
PR0025861,001,50060,"Chlorine, total residual",NA,C3,MAX,Concentration3,,,mg/L,11,ug/L,B,11/30/2025
PR0025861,001,50060,"Chlorine, total residual",NA,C3,MAX,Concentration3,,,mg/L,11,ug/L,B,12/31/2025
PR0025861,001,50060,"Chlorine, total residual",NA,C3,MAX,Concentration3,,,mg/L,11,ug/L,B,01/31/2026
PR0025861,001,51173,"Cyanide, free available",3.11,C3,MAX,Concentration3,ug/L,.00311,mg/L,,ug/L,,03/31/2020
PR0025861,001,51173,"Cyanide, free available",1.74,C3,MAX,Concentration3,ug/L,.00174,mg/L,,ug/L,,06/30/2020
PR0025861,001,51173,"Cyanide, free available",0.6564,C3,MAX,Concentration3,ug/L,.0006564,mg/L,,ug/L,,09/30/2020
PR0025861,001,51173,"Cyanide, free available",0.5,C3,MAX,Concentration3,ug/L,.0005,mg/L,,ug/L,,12/31/2020
PR0025861,001,51173,"Cyanide, free available",0.5597,C3,MAX,Concentration3,ug/L,.0005597,mg/L,,ug/L,,03/31/2021
PR0025861,001,51173,"Cyanide, free available",1.58,C3,MAX,Concentration3,ug/L,.00158,mg/L,,ug/L,,06/30/2021
PR0025861,001,51173,"Cyanide, free available",0.5,C3,MAX,Concentration3,ug/L,.0005,mg/L,,ug/L,,09/30/2021
PR0025861,001,51173,"Cyanide, free available",1.4,C3,MAX,Concentration3,ug/L,.0014,mg/L,,ug/L,,12/31/2021
PR0025861,001,51173,"Cyanide, free available",2.9,C3,MAX,Concentration3,ug/L,.0029,mg/L,,ug/L,,03/31/2022
PR0025861,001,51173,"Cyanide, free available",1,C3,MAX,Concentration3,ug/L,.001,mg/L,,ug/L,,06/30/2022
PR0025861,001,51173,"Cyanide, free available",0.6,C3,MAX,Concentration3,ug/L,.0006,mg/L,,ug/L,,09/30/2022
PR0025861,001,51173,"Cyanide, free available",0.5,C3,MAX,Concentration3,ug/L,.0005,mg/L,,ug/L,,12/31/2022
PR0025861,001,51173,"Cyanide, free available",0.5,C3,MAX,Concentration3,ug/L,.0005,mg/L,,ug/L,,03/31/2023
PR0025861,001,51173,"Cyanide, free available",0.5,C3,MAX,Concentration3,ug/L,.0005,mg/L,,ug/L,,06/30/2023
PR0025861,001,51173,"Cyanide, free available",0.5,C3,MAX,Concentration3,ug/L,.0005,mg/L,,ug/L,,09/30/2023
PR0025861,001,51173,"Cyanide, free available",0.5,C3,MAX,Concentration3,ug/L,.0005,mg/L,,ug/L,,12/31/2023
PR0025861,001,51173,"Cyanide, free available",0.7,C3,MAX,Concentration3,ug/L,.0007,mg/L,,ug/L,,03/31/2024
PR0025861,001,51173,"Cyanide, free available",0.5,C3,MAX,Concentration3,ug/L,.0005,mg/L,,ug/L,,06/30/2024
PR0025861,001,51173,"Cyanide, free available",0.5,C3,MAX,Concentration3,ug/L,.0005,mg/L,,ug/L,,09/30/2024
PR0025861,001,51173,"Cyanide, free available",1.4,C3,MAX,Concentration3,ug/L,.0014,mg/L,,ug/L,,12/31/2024
PR0025861,001,51173,"Cyanide, free available",0.9,C3,MAX,Concentration3,ug/L,.0009,mg/L,,ug/L,,03/31/2025
PR0025861,001,51173,"Cyanide, free available",0.5,C3,MAX,Concentration3,ug/L,.0005,mg/L,,ug/L,,06/30/2025
PR0025861,001,51173,"Cyanide, free available",4.8,C3,MAX,Concentration3,ug/L,.0048,mg/L,,ug/L,,09/30/2025
PR0025861,001,51173,"Cyanide, free available",0.5,C3,MAX,Concentration3,ug/L,.0005,mg/L,,ug/L,,12/31/2025
PR0025861,001,51202,Sulfide-hydrogen sulfide [undissociated],1e-4,C3,MAX,Concentration3,mg/L,.0001,mg/L,,mg/L,,03/31/2020
PR0025861,001,51202,Sulfide-hydrogen sulfide [undissociated],1e-4,C3,MAX,Concentration3,mg/L,.0001,mg/L,,mg/L,,06/30/2020
PR0025861,001,51202,Sulfide-hydrogen sulfide [undissociated],1e-4,C3,MAX,Concentration3,mg/L,.0001,mg/L,,mg/L,,09/30/2020
PR0025861,001,51202,Sulfide-hydrogen sulfide [undissociated],1e-4,C3,MAX,Concentration3,mg/L,.0001,mg/L,,mg/L,,12/31/2020
PR0025861,001,51202,Sulfide-hydrogen sulfide [undissociated],1e-4,C3,MAX,Concentration3,mg/L,.0001,mg/L,,mg/L,,03/31/2021
PR0025861,001,51202,Sulfide-hydrogen sulfide [undissociated],1e-4,C3,MAX,Concentration3,mg/L,.0001,mg/L,,mg/L,,06/30/2021
PR0025861,001,51202,Sulfide-hydrogen sulfide [undissociated],1e-4,C3,MAX,Concentration3,mg/L,.0001,mg/L,,mg/L,,09/30/2021
PR0025861,001,51202,Sulfide-hydrogen sulfide [undissociated],1e-4,C3,MAX,Concentration3,mg/L,.0001,mg/L,,mg/L,,12/31/2021
PR0025861,001,51202,Sulfide-hydrogen sulfide [undissociated],1e-4,C3,MAX,Concentration3,mg/L,.0001,mg/L,,mg/L,,03/31/2022
PR0025861,001,51202,Sulfide-hydrogen sulfide [undissociated],1e-4,C3,MAX,Concentration3,mg/L,.0001,mg/L,,mg/L,,06/30/2022
PR0025861,001,51202,Sulfide-hydrogen sulfide [undissociated],0.002,C3,MAX,Concentration3,mg/L,.002,mg/L,,mg/L,,09/30/2022
PR0025861,001,51202,Sulfide-hydrogen sulfide [undissociated],1e-4,C3,MAX,Concentration3,mg/L,.0001,mg/L,,mg/L,,12/31/2022
PR0025861,001,51202,Sulfide-hydrogen sulfide [undissociated],1e-4,C3,MAX,Concentration3,mg/L,.0001,mg/L,,mg/L,,03/31/2023
PR0025861,001,51202,Sulfide-hydrogen sulfide [undissociated],1e-4,C3,MAX,Concentration3,mg/L,.0001,mg/L,,mg/L,,06/30/2023
PR0025861,001,51202,Sulfide-hydrogen sulfide [undissociated],1e-4,C3,MAX,Concentration3,mg/L,.0001,mg/L,,mg/L,,09/30/2023
PR0025861,001,51202,Sulfide-hydrogen sulfide [undissociated],1e-4,C3,MAX,Concentration3,mg/L,.0001,mg/L,,mg/L,,12/31/2023
PR0025861,001,51202,Sulfide-hydrogen sulfide [undissociated],1e-4,C3,MAX,Concentration3,mg/L,.0001,mg/L,,mg/L,,03/31/2024
PR0025861,001,51202,Sulfide-hydrogen sulfide [undissociated],1e-4,C3,MAX,Concentration3,mg/L,.0001,mg/L,,mg/L,,06/30/2024
PR0025861,001,51202,Sulfide-hydrogen sulfide [undissociated],1e-4,C3,MAX,Concentration3,mg/L,.0001,mg/L,,mg/L,,09/30/2024
PR0025861,001,51202,Sulfide-hydrogen sulfide [undissociated],1e-4,C3,MAX,Concentration3,mg/L,.0001,mg/L,,mg/L,,12/31/2024
PR0025861,001,51202,Sulfide-hydrogen sulfide [undissociated],1e-4,C3,MAX,Concentration3,mg/L,.0001,mg/L,,mg/L,,03/31/2025
PR0025861,001,51202,Sulfide-hydrogen sulfide [undissociated],8e-4,C3,MAX,Concentration3,mg/L,.0008,mg/L,,mg/L,,06/30/2025
PR0025861,001,51202,Sulfide-hydrogen sulfide [undissociated],1e-4,C3,MAX,Concentration3,mg/L,.0001,mg/L,,mg/L,,09/30/2025
PR0025861,001,51202,Sulfide-hydrogen sulfide [undissociated],1e-4,C3,MAX,Concentration3,mg/L,.0001,mg/L,,mg/L,,12/31/2025
PR0025861,001,51714,Whole Effluent Toxicity [WET] - P. promelas,100,C1,MIN,Concentration1,%,100,%,,%,,12/31/2020
PR0025861,001,51714,Whole Effluent Toxicity [WET] - P. promelas,100,C1,MIN,Concentration1,%,100,%,,%,,12/31/2021
PR0025861,001,51714,Whole Effluent Toxicity [WET] - P. promelas,100,C1,MIN,Concentration1,%,100,%,,%,,12/31/2022
PR0025861,001,51714,Whole Effluent Toxicity [WET] - P. promelas,100,C1,MIN,Concentration1,%,100,%,,%,,12/31/2023
PR0025861,001,51714,Whole Effluent Toxicity [WET] - P. promelas,100,C1,MIN,Concentration1,%,100,%,,%,,12/31/2024
PR0025861,001,51714,Whole Effluent Toxicity [WET] - P. promelas,100,C1,MIN,Concentration1,%,100,%,,%,,12/31/2025
PR0025861,001,51923,Whole Effluent Toxicity  [WET] - D. magna,100,C1,MIN,Concentration1,%,100,%,,%,,12/31/2020
PR0025861,001,51923,Whole Effluent Toxicity  [WET] - D. magna,100,C1,MIN,Concentration1,%,100,%,,%,,12/31/2021
PR0025861,001,51923,Whole Effluent Toxicity  [WET] - D. magna,93.3,C1,MIN,Concentration1,%,93.3,%,,%,,12/31/2022
PR0025861,001,51923,Whole Effluent Toxicity  [WET] - D. magna,100,C1,MIN,Concentration1,%,100,%,,%,,12/31/2023
PR0025861,001,51923,Whole Effluent Toxicity  [WET] - D. magna,100,C1,MIN,Concentration1,%,100,%,,%,,12/31/2024
PR0025861,001,51923,Whole Effluent Toxicity  [WET] - D. magna,100,C1,MIN,Concentration1,%,100,%,,%,,12/31/2025
PR0025861,001,61211,Enterococci,12,C2,AVG,Concentration2,#/100mL,12,MPN/100mL,,#/100mL,,01/31/2020
PR0025861,001,61211,Enterococci,1224,C3,MAX,Concentration3,#/100mL,1224,MPN/100mL,,#/100mL,,01/31/2020
PR0025861,001,61211,Enterococci,2420,C3,MAX,Concentration3,#/100mL,2420,MPN/100mL,,#/100mL,,02/29/2020
PR0025861,001,61211,Enterococci,87,C2,AVG,Concentration2,#/100mL,87,MPN/100mL,,#/100mL,,02/29/2020
PR0025861,001,61211,Enterococci,158,C2,AVG,Concentration2,#/100mL,158,MPN/100mL,,#/100mL,,03/31/2020
PR0025861,001,61211,Enterococci,2420,C3,MAX,Concentration3,#/100mL,2420,MPN/100mL,,#/100mL,,03/31/2020
PR0025861,001,61211,Enterococci,2420,C3,MAX,Concentration3,#/100mL,2420,MPN/100mL,,#/100mL,,04/30/2020
PR0025861,001,61211,Enterococci,194,C2,AVG,Concentration2,#/100mL,194,MPN/100mL,,#/100mL,,04/30/2020
PR0025861,001,61211,Enterococci,110,C2,AVG,Concentration2,#/100mL,110,MPN/100mL,,#/100mL,,05/31/2020
PR0025861,001,61211,Enterococci,2420,C3,MAX,Concentration3,#/100mL,2420,MPN/100mL,,#/100mL,,05/31/2020
PR0025861,001,61211,Enterococci,64,C2,AVG,Concentration2,#/100mL,64,MPN/100mL,,#/100mL,,06/30/2020
PR0025861,001,61211,Enterococci,1618,C3,MAX,Concentration3,#/100mL,1618,MPN/100mL,,#/100mL,,06/30/2020
PR0025861,001,61211,Enterococci,546,C3,MAX,Concentration3,#/100mL,546,MPN/100mL,,#/100mL,,07/31/2020
PR0025861,001,61211,Enterococci,43,C2,AVG,Concentration2,#/100mL,43,MPN/100mL,,#/100mL,,07/31/2020
PR0025861,001,61211,Enterococci,34,C2,AVG,Concentration2,#/100mL,34,MPN/100mL,,#/100mL,,08/31/2020
PR0025861,001,61211,Enterococci,480.2,C3,MAX,Concentration3,#/100mL,480.2,MPN/100mL,,#/100mL,,08/31/2020
PR0025861,001,61211,Enterococci,98.8,C3,MAX,Concentration3,#/100mL,98.8,MPN/100mL,,#/100mL,,09/30/2020
PR0025861,001,61211,Enterococci,14,C2,AVG,Concentration2,#/100mL,14,MPN/100mL,,#/100mL,,09/30/2020
PR0025861,001,61211,Enterococci,79.2,C3,MAX,Concentration3,#/100mL,79.2,MPN/100mL,,#/100mL,,10/31/2020
PR0025861,001,61211,Enterococci,8,C2,AVG,Concentration2,#/100mL,8,MPN/100mL,,#/100mL,,10/31/2020
PR0025861,001,61211,Enterococci,1214,C3,MAX,Concentration3,#/100mL,1214,MPN/100mL,,#/100mL,,11/30/2020
PR0025861,001,61211,Enterococci,11,C2,AVG,Concentration2,#/100mL,11,MPN/100mL,,#/100mL,,11/30/2020
PR0025861,001,61211,Enterococci,1220,C3,MAX,Concentration3,#/100mL,1220,MPN/100mL,,#/100mL,,12/31/2020
PR0025861,001,61211,Enterococci,14,C2,AVG,Concentration2,#/100mL,14,MPN/100mL,,#/100mL,,12/31/2020
PR0025861,001,61211,Enterococci,1243,C3,MAX,Concentration3,#/100mL,1243,MPN/100mL,,#/100mL,,01/31/2021
PR0025861,001,61211,Enterococci,35,C2,AVG,Concentration2,#/100mL,35,MPN/100mL,,#/100mL,,01/31/2021
PR0025861,001,61211,Enterococci,186.7,C3,MAX,Concentration3,#/100mL,186.7,MPN/100mL,,#/100mL,,02/28/2021
PR0025861,001,61211,Enterococci,22,C2,AVG,Concentration2,#/100mL,22,MPN/100mL,,#/100mL,,02/28/2021
PR0025861,001,61211,Enterococci,21,C2,AVG,Concentration2,#/100mL,21,MPN/100mL,,#/100mL,,03/31/2021
PR0025861,001,61211,Enterococci,186.7,C3,MAX,Concentration3,#/100mL,186.7,MPN/100mL,,#/100mL,,03/31/2021
PR0025861,001,61211,Enterococci,37,C2,AVG,Concentration2,#/100mL,37,MPN/100mL,,#/100mL,,04/30/2021
PR0025861,001,61211,Enterococci,1364,C3,MAX,Concentration3,#/100mL,1364,MPN/100mL,,#/100mL,,04/30/2021
PR0025861,001,61211,Enterococci,1234,C3,MAX,Concentration3,#/100mL,1234,MPN/100mL,,#/100mL,,05/31/2021
PR0025861,001,61211,Enterococci,17,C2,AVG,Concentration2,#/100mL,17,MPN/100mL,,#/100mL,,05/31/2021
PR0025861,001,61211,Enterococci,1222,C3,MAX,Concentration3,#/100mL,1222,MPN/100mL,,#/100mL,,06/30/2021
PR0025861,001,61211,Enterococci,22,C2,AVG,Concentration2,#/100mL,22,MPN/100mL,,#/100mL,,06/30/2021
PR0025861,001,61211,Enterococci,9,C2,AVG,Concentration2,#/100mL,9,MPN/100mL,,#/100mL,,07/31/2021
PR0025861,001,61211,Enterococci,26.2,C3,MAX,Concentration3,#/100mL,26.2,MPN/100mL,,#/100mL,,07/31/2021
PR0025861,001,61211,Enterococci,16,C2,AVG,Concentration2,#/100mL,16,MPN/100mL,,#/100mL,,08/31/2021
PR0025861,001,61211,Enterococci,26.2,C3,MAX,Concentration3,#/100mL,26.2,MPN/100mL,,#/100mL,,08/31/2021
PR0025861,001,61211,Enterococci,27,C2,AVG,Concentration2,#/100mL,27,MPN/100mL,,#/100mL,,09/30/2021
PR0025861,001,61211,Enterococci,74.4,C3,MAX,Concentration3,#/100mL,74.4,MPN/100mL,,#/100mL,,09/30/2021
PR0025861,001,61211,Enterococci,256,C3,MAX,Concentration3,#/100mL,256,MPN/100mL,,#/100mL,,10/31/2021
PR0025861,001,61211,Enterococci,28,C2,AVG,Concentration2,#/100mL,28,MPN/100mL,,#/100mL,,10/31/2021
PR0025861,001,61211,Enterococci,256,C3,MAX,Concentration3,#/100mL,256,MPN/100mL,,#/100mL,,11/30/2021
PR0025861,001,61211,Enterococci,31,C2,AVG,Concentration2,#/100mL,31,MPN/100mL,,#/100mL,,11/30/2021
PR0025861,001,61211,Enterococci,13,C2,AVG,Concentration2,#/100mL,13,MPN/100mL,,#/100mL,,12/31/2021
PR0025861,001,61211,Enterococci,216.6,C3,MAX,Concentration3,#/100mL,216.6,MPN/100mL,,#/100mL,,12/31/2021
PR0025861,001,61211,Enterococci,22.2,C3,MAX,Concentration3,#/100mL,22.2,MPN/100mL,,#/100mL,,01/31/2022
PR0025861,001,61211,Enterococci,8,C2,AVG,Concentration2,#/100mL,8,MPN/100mL,,#/100mL,,01/31/2022
PR0025861,001,61211,Enterococci,12.4,C3,MAX,Concentration3,#/100mL,12.4,MPN/100mL,,#/100mL,,02/28/2022
PR0025861,001,61211,Enterococci,6,C2,AVG,Concentration2,#/100mL,6,MPN/100mL,,#/100mL,,02/28/2022
PR0025861,001,61211,Enterococci,9,C2,AVG,Concentration2,#/100mL,9,MPN/100mL,,#/100mL,,03/31/2022
PR0025861,001,61211,Enterococci,18.7,C3,MAX,Concentration3,#/100mL,18.7,MPN/100mL,,#/100mL,,03/31/2022
PR0025861,001,61211,Enterococci,10,C2,AVG,Concentration2,#/100mL,10,MPN/100mL,,#/100mL,,04/30/2022
PR0025861,001,61211,Enterococci,18.7,C3,MAX,Concentration3,#/100mL,18.7,MPN/100mL,,#/100mL,,04/30/2022
PR0025861,001,61211,Enterococci,11.6,C3,MAX,Concentration3,#/100mL,11.6,MPN/100mL,,#/100mL,,05/31/2022
PR0025861,001,61211,Enterococci,12,C2,AVG,Concentration2,#/100mL,12,MPN/100mL,,#/100mL,,05/31/2022
PR0025861,001,61211,Enterococci,7,C2,AVG,Concentration2,#/100mL,7,MPN/100mL,,#/100mL,,06/30/2022
PR0025861,001,61211,Enterococci,17.2,C3,MAX,Concentration3,#/100mL,17.2,MPN/100mL,,#/100mL,,06/30/2022
PR0025861,001,61211,Enterococci,16,C2,AVG,Concentration2,#/100mL,16,MPN/100mL,,#/100mL,,07/31/2022
PR0025861,001,61211,Enterococci,215.3,C3,MAX,Concentration3,#/100mL,215.3,MPN/100mL,,#/100mL,,07/31/2022
PR0025861,001,61211,Enterococci,14,C2,AVG,Concentration2,#/100mL,14,MPN/100mL,,#/100mL,,08/31/2022
PR0025861,001,61211,Enterococci,215.5,C3,MAX,Concentration3,#/100mL,215.5,MPN/100mL,,#/100mL,,08/31/2022
PR0025861,001,61211,Enterococci,215.5,C3,MAX,Concentration3,#/100mL,215.5,MPN/100mL,,#/100mL,,09/30/2022
PR0025861,001,61211,Enterococci,22,C2,AVG,Concentration2,#/100mL,22,MPN/100mL,,#/100mL,,09/30/2022
PR0025861,001,61211,Enterococci,15.2,C3,MAX,Concentration3,#/100mL,15.2,MPN/100mL,,#/100mL,,10/31/2022
PR0025861,001,61211,Enterococci,7,C2,AVG,Concentration2,#/100mL,7,MPN/100mL,,#/100mL,,10/31/2022
PR0025861,001,61211,Enterococci,17.5,C3,MAX,Concentration3,#/100mL,17.5,MPN/100mL,,#/100mL,,11/30/2022
PR0025861,001,61211,Enterococci,5,C2,AVG,Concentration2,#/100mL,5,MPN/100mL,,#/100mL,,11/30/2022
PR0025861,001,61211,Enterococci,2,C2,AVG,Concentration2,#/100mL,2,MPN/100mL,,#/100mL,,12/31/2022
PR0025861,001,61211,Enterococci,17.4,C3,MAX,Concentration3,#/100mL,17.4,MPN/100mL,,#/100mL,,12/31/2022
PR0025861,001,61211,Enterococci,2,C2,AVG,Concentration2,#/100mL,2,MPN/100mL,,#/100mL,,01/31/2023
PR0025861,001,61211,Enterococci,13,C3,MAX,Concentration3,#/100mL,13,MPN/100mL,,#/100mL,,01/31/2023
PR0025861,001,61211,Enterococci,2,C2,AVG,Concentration2,#/100mL,2,MPN/100mL,,#/100mL,,02/28/2023
PR0025861,001,61211,Enterococci,11,C3,MAX,Concentration3,#/100mL,11,MPN/100mL,,#/100mL,,02/28/2023
PR0025861,001,61211,Enterococci,2,C2,AVG,Concentration2,#/100mL,2,MPN/100mL,,#/100mL,,03/31/2023
PR0025861,001,61211,Enterococci,11,C3,MAX,Concentration3,#/100mL,11,MPN/100mL,,#/100mL,,03/31/2023
PR0025861,001,61211,Enterococci,2,C2,AVG,Concentration2,#/100mL,2,MPN/100mL,,#/100mL,,04/30/2023
PR0025861,001,61211,Enterococci,11,C3,MAX,Concentration3,#/100mL,11,MPN/100mL,,#/100mL,,04/30/2023
PR0025861,001,61211,Enterococci,3.1,C3,MAX,Concentration3,#/100mL,3.1,MPN/100mL,,#/100mL,,05/31/2023
PR0025861,001,61211,Enterococci,1,C2,AVG,Concentration2,#/100mL,1,MPN/100mL,,#/100mL,,05/31/2023
PR0025861,001,61211,Enterococci,3.05,C3,MAX,Concentration3,#/100mL,3.05,MPN/100mL,,#/100mL,,06/30/2023
PR0025861,001,61211,Enterococci,1,C2,AVG,Concentration2,#/100mL,1,MPN/100mL,,#/100mL,,06/30/2023
PR0025861,001,61211,Enterococci,3.05,C3,MAX,Concentration3,#/100mL,3.05,MPN/100mL,,#/100mL,,07/31/2023
PR0025861,001,61211,Enterococci,1,C2,AVG,Concentration2,#/100mL,1,MPN/100mL,,#/100mL,,07/31/2023
PR0025861,001,61211,Enterococci,4,C2,AVG,Concentration2,#/100mL,4,MPN/100mL,,#/100mL,,08/31/2023
PR0025861,001,61211,Enterococci,129.8,C3,MAX,Concentration3,#/100mL,129.8,MPN/100mL,,#/100mL,,08/31/2023
PR0025861,001,61211,Enterococci,4,C2,AVG,Concentration2,#/100mL,4,MPN/100mL,,#/100mL,,09/30/2023
PR0025861,001,61211,Enterococci,129.8,C3,MAX,Concentration3,#/100mL,129.8,MPN/100mL,,#/100mL,,09/30/2023
PR0025861,001,61211,Enterococci,142.7,C3,MAX,Concentration3,#/100mL,142.7,MPN/100mL,,#/100mL,,10/31/2023
PR0025861,001,61211,Enterococci,8,C2,AVG,Concentration2,#/100mL,8,MPN/100mL,,#/100mL,,10/31/2023
PR0025861,001,61211,Enterococci,4,C2,AVG,Concentration2,#/100mL,4,MPN/100mL,,#/100mL,,11/30/2023
PR0025861,001,61211,Enterococci,26.6,C3,MAX,Concentration3,#/100mL,26.6,MPN/100mL,,#/100mL,,11/30/2023
PR0025861,001,61211,Enterococci,26.6,C3,MAX,Concentration3,#/100mL,26.6,MPN/100mL,,#/100mL,,12/31/2023
PR0025861,001,61211,Enterococci,5,C2,AVG,Concentration2,#/100mL,5,MPN/100mL,,#/100mL,,12/31/2023
PR0025861,001,61211,Enterococci,3,C2,AVG,Concentration2,#/100mL,3,MPN/100mL,,#/100mL,,01/31/2024
PR0025861,001,61211,Enterococci,11.55,C3,MAX,Concentration3,#/100mL,11.55,MPN/100mL,,#/100mL,,01/31/2024
PR0025861,001,61211,Enterococci,4,C2,AVG,Concentration2,#/100mL,4,MPN/100mL,,#/100mL,,02/29/2024
PR0025861,001,61211,Enterococci,27.4,C3,MAX,Concentration3,#/100mL,27.4,MPN/100mL,,#/100mL,,02/29/2024
PR0025861,001,61211,Enterococci,27.4,C3,MAX,Concentration3,#/100mL,27.4,MPN/100mL,,#/100mL,,03/31/2024
PR0025861,001,61211,Enterococci,5,C2,AVG,Concentration2,#/100mL,5,MPN/100mL,,#/100mL,,03/31/2024
PR0025861,001,61211,Enterococci,27.4,C3,MAX,Concentration3,#/100mL,27.4,MPN/100mL,,#/100mL,,04/30/2024
PR0025861,001,61211,Enterococci,4,C2,AVG,Concentration2,#/100mL,4,MPN/100mL,,#/100mL,,04/30/2024
PR0025861,001,61211,Enterococci,4,C2,AVG,Concentration2,#/100mL,4,MPN/100mL,,#/100mL,,05/31/2024
PR0025861,001,61211,Enterococci,21,C3,MAX,Concentration3,#/100mL,21,MPN/100mL,,#/100mL,,05/31/2024
PR0025861,001,61211,Enterococci,325,C3,MAX,Concentration3,#/100mL,325,MPN/100mL,,#/100mL,,06/30/2024
PR0025861,001,61211,Enterococci,8,C2,AVG,Concentration2,#/100mL,8,MPN/100mL,,#/100mL,,06/30/2024
PR0025861,001,61211,Enterococci,21,C2,AVG,Concentration2,#/100mL,21,MPN/100mL,,#/100mL,,07/31/2024
PR0025861,001,61211,Enterococci,383,C3,MAX,Concentration3,#/100mL,383,MPN/100mL,,#/100mL,,07/31/2024
PR0025861,001,61211,Enterococci,383,C3,MAX,Concentration3,#/100mL,383,MPN/100mL,,#/100mL,,08/31/2024
PR0025861,001,61211,Enterococci,27,C2,AVG,Concentration2,#/100mL,27,MPN/100mL,,#/100mL,,08/31/2024
PR0025861,001,61211,Enterococci,28,C2,AVG,Concentration2,#/100mL,28,MPN/100mL,,#/100mL,,09/30/2024
PR0025861,001,61211,Enterococci,102.1,C3,MAX,Concentration3,#/100mL,102.1,MPN/100mL,,#/100mL,,09/30/2024
PR0025861,001,61211,Enterococci,20,C2,AVG,Concentration2,#/100mL,20,MPN/100mL,,#/100mL,,10/31/2024
PR0025861,001,61211,Enterococci,66.4,C3,MAX,Concentration3,#/100mL,66.4,MPN/100mL,,#/100mL,,10/31/2024
PR0025861,001,61211,Enterococci,31,C2,AVG,Concentration2,#/100mL,31,MPN/100mL,,#/100mL,,11/30/2024
PR0025861,001,61211,Enterococci,183.4,C3,MAX,Concentration3,#/100mL,183.4,MPN/100mL,,#/100mL,,11/30/2024
PR0025861,001,61211,Enterococci,183.4,C3,MAX,Concentration3,#/100mL,183.4,MPN/100mL,,#/100mL,,12/31/2024
PR0025861,001,61211,Enterococci,17,C2,AVG,Concentration2,#/100mL,17,MPN/100mL,,#/100mL,,12/31/2024
PR0025861,001,61211,Enterococci,165.8,C3,MAX,Concentration3,#/100mL,165.8,MPN/100mL,,#/100mL,,01/31/2025
PR0025861,001,61211,Enterococci,8,C2,AVG,Concentration2,#/100mL,8,MPN/100mL,,#/100mL,,01/31/2025
PR0025861,001,61211,Enterococci,4,C2,AVG,Concentration2,#/100mL,4,MPN/100mL,,#/100mL,,02/28/2025
PR0025861,001,61211,Enterococci,19.9,C3,MAX,Concentration3,#/100mL,19.9,MPN/100mL,,#/100mL,,02/28/2025
PR0025861,001,61211,Enterococci,14.8,C3,MAX,Concentration3,#/100mL,14.8,MPN/100mL,,#/100mL,,03/31/2025
PR0025861,001,61211,Enterococci,3,C2,AVG,Concentration2,#/100mL,3,MPN/100mL,,#/100mL,,03/31/2025
PR0025861,001,61211,Enterococci,5,C2,AVG,Concentration2,#/100mL,5,MPN/100mL,,#/100mL,,04/30/2025
PR0025861,001,61211,Enterococci,15.4,C3,MAX,Concentration3,#/100mL,15.4,MPN/100mL,,#/100mL,,04/30/2025
PR0025861,001,61211,Enterococci,9.3,C3,MAX,Concentration3,#/100mL,9.3,MPN/100mL,,#/100mL,,05/31/2025
PR0025861,001,61211,Enterococci,3,C2,AVG,Concentration2,#/100mL,3,MPN/100mL,,#/100mL,,05/31/2025
PR0025861,001,61211,Enterococci,14.1,C3,MAX,Concentration3,#/100mL,14.1,MPN/100mL,,#/100mL,,06/30/2025
PR0025861,001,61211,Enterococci,7,C2,AVG,Concentration2,#/100mL,7,MPN/100mL,,#/100mL,,06/30/2025
PR0025861,001,61211,Enterococci,10,C2,AVG,Concentration2,#/100mL,10,MPN/100mL,,#/100mL,,07/31/2025
PR0025861,001,61211,Enterococci,18.6,C3,MAX,Concentration3,#/100mL,18.6,MPN/100mL,,#/100mL,,07/31/2025
PR0025861,001,61211,Enterococci,52,C2,AVG,Concentration2,#/100mL,52,MPN/100mL,,#/100mL,,08/31/2025
PR0025861,001,61211,Enterococci,1279,C3,MAX,Concentration3,#/100mL,1279,MPN/100mL,,#/100mL,,08/31/2025
PR0025861,001,61211,Enterococci,372.2,C3,MAX,Concentration3,#/100mL,372.2,MPN/100mL,,#/100mL,,09/30/2025
PR0025861,001,61211,Enterococci,32,C2,AVG,Concentration2,#/100mL,32,MPN/100mL,,#/100mL,,09/30/2025
PR0025861,001,61211,Enterococci,37,C2,AVG,Concentration2,#/100mL,37,MPN/100mL,,#/100mL,,10/31/2025
PR0025861,001,61211,Enterococci,1303,C3,MAX,Concentration3,#/100mL,1303,MPN/100mL,,#/100mL,,10/31/2025
PR0025861,001,61211,Enterococci,97.9,C3,MAX,Concentration3,#/100mL,97.9,MPN/100mL,,#/100mL,,11/30/2025
PR0025861,001,61211,Enterococci,7,C2,AVG,Concentration2,#/100mL,7,MPN/100mL,,#/100mL,,11/30/2025
PR0025861,001,61211,Enterococci,111.5,C3,MAX,Concentration3,#/100mL,111.5,MPN/100mL,,#/100mL,,12/31/2025
PR0025861,001,61211,Enterococci,16,C2,AVG,Concentration2,#/100mL,16,MPN/100mL,,#/100mL,,12/31/2025
PR0025861,001,61211,Enterococci,74.3,C3,MAX,Concentration3,#/100mL,74.3,MPN/100mL,,#/100mL,,01/31/2026
PR0025861,001,61211,Enterococci,13,C2,AVG,Concentration2,#/100mL,13,MPN/100mL,,#/100mL,,01/31/2026
PR0025861,001,70295,"Solids, total dissolved",220,C3,MAX,Concentration3,mg/L,220,mg/L,500,mg/L,,03/31/2020
PR0025861,001,70295,"Solids, total dissolved",370,C3,MAX,Concentration3,mg/L,370,mg/L,500,mg/L,,06/30/2020
PR0025861,001,70295,"Solids, total dissolved",420,C3,MAX,Concentration3,mg/L,420,mg/L,500,mg/L,,09/30/2020
PR0025861,001,70295,"Solids, total dissolved",320,C3,MAX,Concentration3,mg/L,320,mg/L,500,mg/L,,12/31/2020
PR0025861,001,70295,"Solids, total dissolved",330,C3,MAX,Concentration3,mg/L,330,mg/L,500,mg/L,,03/31/2021
PR0025861,001,70295,"Solids, total dissolved",370,C3,MAX,Concentration3,mg/L,370,mg/L,500,mg/L,,06/30/2021
PR0025861,001,70295,"Solids, total dissolved",430,C3,MAX,Concentration3,mg/L,430,mg/L,500,mg/L,,09/30/2021
PR0025861,001,70295,"Solids, total dissolved",330,C3,MAX,Concentration3,mg/L,330,mg/L,500,mg/L,,12/31/2021
PR0025861,001,70295,"Solids, total dissolved",390,C3,MAX,Concentration3,mg/L,390,mg/L,500,mg/L,,03/31/2022
PR0025861,001,70295,"Solids, total dissolved",330,C3,MAX,Concentration3,mg/L,330,mg/L,500,mg/L,,06/30/2022
PR0025861,001,70295,"Solids, total dissolved",320,C3,MAX,Concentration3,mg/L,320,mg/L,500,mg/L,,09/30/2022
PR0025861,001,70295,"Solids, total dissolved",390,C3,MAX,Concentration3,mg/L,390,mg/L,500,mg/L,,12/31/2022
PR0025861,001,70295,"Solids, total dissolved",330,C3,MAX,Concentration3,mg/L,330,mg/L,500,mg/L,,03/31/2023
PR0025861,001,70295,"Solids, total dissolved",370,C3,MAX,Concentration3,mg/L,370,mg/L,500,mg/L,,06/30/2023
PR0025861,001,70295,"Solids, total dissolved",350,C3,MAX,Concentration3,mg/L,350,mg/L,500,mg/L,,09/30/2023
PR0025861,001,70295,"Solids, total dissolved",350,C3,MAX,Concentration3,mg/L,350,mg/L,500,mg/L,,12/31/2023
PR0025861,001,70295,"Solids, total dissolved",300,C3,MAX,Concentration3,mg/L,300,mg/L,500,mg/L,,03/31/2024
PR0025861,001,70295,"Solids, total dissolved",410,C3,MAX,Concentration3,mg/L,410,mg/L,500,mg/L,,06/30/2024
PR0025861,001,70295,"Solids, total dissolved",270,C3,MAX,Concentration3,mg/L,270,mg/L,500,mg/L,,09/30/2024
PR0025861,001,70295,"Solids, total dissolved",320,C3,MAX,Concentration3,mg/L,320,mg/L,500,mg/L,,12/31/2024
PR0025861,001,70295,"Solids, total dissolved",400,C3,MAX,Concentration3,mg/L,400,mg/L,500,mg/L,,03/31/2025
PR0025861,001,70295,"Solids, total dissolved",360,C3,MAX,Concentration3,mg/L,360,mg/L,500,mg/L,,06/30/2025
PR0025861,001,70295,"Solids, total dissolved",380,C3,MAX,Concentration3,mg/L,380,mg/L,500,mg/L,,09/30/2025
PR0025861,001,70295,"Solids, total dissolved",330,C3,MAX,Concentration3,mg/L,330,mg/L,500,mg/L,,12/31/2025
PR0025861,001,82230,Ammonia & ammonium- total,13800,C3,MAX,Concentration3,ug/L,13.80000066,mg/L,,ug/L,,01/31/2020
PR0025861,001,82230,Ammonia & ammonium- total,15100,C3,MAX,Concentration3,ug/L,15.10000072,mg/L,,ug/L,,02/29/2020
PR0025861,001,82230,Ammonia & ammonium- total,23900,C3,MAX,Concentration3,ug/L,23.90000114,mg/L,,ug/L,,03/31/2020
PR0025861,001,82230,Ammonia & ammonium- total,17000,C3,MAX,Concentration3,ug/L,17.00000081,mg/L,,ug/L,,04/30/2020
PR0025861,001,82230,Ammonia & ammonium- total,6200,C3,MAX,Concentration3,ug/L,6.20000029,mg/L,,ug/L,,05/31/2020
PR0025861,001,82230,Ammonia & ammonium- total,96,C3,MAX,Concentration3,ug/L,.096,mg/L,,ug/L,,06/30/2020
PR0025861,001,82230,Ammonia & ammonium- total,60,C3,MAX,Concentration3,ug/L,.06,mg/L,,ug/L,,07/31/2020
PR0025861,001,82230,Ammonia & ammonium- total,68,C3,MAX,Concentration3,ug/L,.068,mg/L,,ug/L,,08/31/2020
PR0025861,001,82230,Ammonia & ammonium- total,60,C3,MAX,Concentration3,ug/L,.06,mg/L,,ug/L,,09/30/2020
PR0025861,001,82230,Ammonia & ammonium- total,60,C3,MAX,Concentration3,ug/L,.06,mg/L,,ug/L,,10/31/2020
PR0025861,001,82230,Ammonia & ammonium- total,122,C3,MAX,Concentration3,ug/L,.12200001,mg/L,,ug/L,,11/30/2020
PR0025861,001,82230,Ammonia & ammonium- total,60,C3,MAX,Concentration3,ug/L,.06,mg/L,,ug/L,,12/31/2020
PR0025861,001,82230,Ammonia & ammonium- total,4819,C3,MAX,Concentration3,ug/L,4.81900023,mg/L,,ug/L,,01/31/2021
PR0025861,001,82230,Ammonia & ammonium- total,8600,C3,MAX,Concentration3,ug/L,8.60000041,mg/L,,ug/L,,02/28/2021
PR0025861,001,82230,Ammonia & ammonium- total,60,C3,MAX,Concentration3,ug/L,.06,mg/L,,ug/L,,03/31/2021
PR0025861,001,82230,Ammonia & ammonium- total,845,C3,MAX,Concentration3,ug/L,.84500004,mg/L,,ug/L,,04/30/2021
PR0025861,001,82230,Ammonia & ammonium- total,22300,C3,MAX,Concentration3,ug/L,22.30000106,mg/L,,ug/L,,05/31/2021
PR0025861,001,82230,Ammonia & ammonium- total,267,C3,MAX,Concentration3,ug/L,.26700001,mg/L,,ug/L,,06/30/2021
PR0025861,001,82230,Ammonia & ammonium- total,60,C3,MAX,Concentration3,ug/L,.06,mg/L,,ug/L,,07/31/2021
PR0025861,001,82230,Ammonia & ammonium- total,2843,C3,MAX,Concentration3,ug/L,2.84300014,mg/L,,ug/L,,08/31/2021
PR0025861,001,82230,Ammonia & ammonium- total,60,C3,MAX,Concentration3,ug/L,.06,mg/L,,ug/L,,09/30/2021
PR0025861,001,82230,Ammonia & ammonium- total,60,C3,MAX,Concentration3,ug/L,.06,mg/L,,ug/L,,10/31/2021
PR0025861,001,82230,Ammonia & ammonium- total,60,C3,MAX,Concentration3,ug/L,.06,mg/L,,ug/L,,11/30/2021
PR0025861,001,82230,Ammonia & ammonium- total,60,C3,MAX,Concentration3,ug/L,.06,mg/L,,ug/L,,12/31/2021
PR0025861,001,82230,Ammonia & ammonium- total,60,C3,MAX,Concentration3,ug/L,.06,mg/L,,ug/L,,01/31/2022
PR0025861,001,82230,Ammonia & ammonium- total,60,C3,MAX,Concentration3,ug/L,.06,mg/L,,ug/L,,02/28/2022
PR0025861,001,82230,Ammonia & ammonium- total,60,C3,MAX,Concentration3,ug/L,.06,mg/L,,ug/L,,03/31/2022
PR0025861,001,82230,Ammonia & ammonium- total,100,C3,MAX,Concentration3,ug/L,.1,mg/L,,ug/L,,04/30/2022
PR0025861,001,82230,Ammonia & ammonium- total,100,C3,MAX,Concentration3,ug/L,.1,mg/L,,ug/L,,05/31/2022
PR0025861,001,82230,Ammonia & ammonium- total,100,C3,MAX,Concentration3,ug/L,.1,mg/L,,ug/L,,06/30/2022
PR0025861,001,82230,Ammonia & ammonium- total,100,C3,MAX,Concentration3,ug/L,.1,mg/L,,ug/L,,07/31/2022
PR0025861,001,82230,Ammonia & ammonium- total,100,C3,MAX,Concentration3,ug/L,.1,mg/L,,ug/L,,08/31/2022
PR0025861,001,82230,Ammonia & ammonium- total,100,C3,MAX,Concentration3,ug/L,.1,mg/L,,ug/L,,09/30/2022
PR0025861,001,82230,Ammonia & ammonium- total,100,C3,MAX,Concentration3,ug/L,.1,mg/L,,ug/L,,10/31/2022
PR0025861,001,82230,Ammonia & ammonium- total,100,C3,MAX,Concentration3,ug/L,.1,mg/L,,ug/L,,11/30/2022
PR0025861,001,82230,Ammonia & ammonium- total,100,C3,MAX,Concentration3,ug/L,.1,mg/L,,ug/L,,12/31/2022
PR0025861,001,82230,Ammonia & ammonium- total,100,C3,MAX,Concentration3,ug/L,.1,mg/L,,ug/L,,01/31/2023
PR0025861,001,82230,Ammonia & ammonium- total,100,C3,MAX,Concentration3,ug/L,.1,mg/L,,ug/L,,02/28/2023
PR0025861,001,82230,Ammonia & ammonium- total,100,C3,MAX,Concentration3,ug/L,.1,mg/L,,ug/L,,03/31/2023
PR0025861,001,82230,Ammonia & ammonium- total,100,C3,MAX,Concentration3,ug/L,.1,mg/L,,ug/L,,04/30/2023
PR0025861,001,82230,Ammonia & ammonium- total,100,C3,MAX,Concentration3,ug/L,.1,mg/L,,ug/L,,05/31/2023
PR0025861,001,82230,Ammonia & ammonium- total,100,C3,MAX,Concentration3,ug/L,.1,mg/L,,ug/L,,06/30/2023
PR0025861,001,82230,Ammonia & ammonium- total,100,C3,MAX,Concentration3,ug/L,.1,mg/L,,ug/L,,07/31/2023
PR0025861,001,82230,Ammonia & ammonium- total,100,C3,MAX,Concentration3,ug/L,.1,mg/L,,ug/L,,08/31/2023
PR0025861,001,82230,Ammonia & ammonium- total,100,C3,MAX,Concentration3,ug/L,.1,mg/L,,ug/L,,09/30/2023
PR0025861,001,82230,Ammonia & ammonium- total,100,C3,MAX,Concentration3,ug/L,.1,mg/L,,ug/L,,10/31/2023
PR0025861,001,82230,Ammonia & ammonium- total,100,C3,MAX,Concentration3,ug/L,.1,mg/L,,ug/L,,11/30/2023
PR0025861,001,82230,Ammonia & ammonium- total,100,C3,MAX,Concentration3,ug/L,.1,mg/L,,ug/L,,12/31/2023
PR0025861,001,82230,Ammonia & ammonium- total,100,C3,MAX,Concentration3,ug/L,.1,mg/L,,ug/L,,01/31/2024
PR0025861,001,82230,Ammonia & ammonium- total,100,C3,MAX,Concentration3,ug/L,.1,mg/L,,ug/L,,02/29/2024
PR0025861,001,82230,Ammonia & ammonium- total,100,C3,MAX,Concentration3,ug/L,.1,mg/L,,ug/L,,03/31/2024
PR0025861,001,82230,Ammonia & ammonium- total,100,C3,MAX,Concentration3,ug/L,.1,mg/L,,ug/L,,04/30/2024
PR0025861,001,82230,Ammonia & ammonium- total,100,C3,MAX,Concentration3,ug/L,.1,mg/L,,ug/L,,05/31/2024
PR0025861,001,82230,Ammonia & ammonium- total,100,C3,MAX,Concentration3,ug/L,.1,mg/L,,ug/L,,06/30/2024
PR0025861,001,82230,Ammonia & ammonium- total,100,C3,MAX,Concentration3,ug/L,.1,mg/L,,ug/L,,07/31/2024
PR0025861,001,82230,Ammonia & ammonium- total,100,C3,MAX,Concentration3,ug/L,.1,mg/L,,ug/L,,08/31/2024
PR0025861,001,82230,Ammonia & ammonium- total,100,C3,MAX,Concentration3,ug/L,.1,mg/L,,ug/L,,09/30/2024
PR0025861,001,82230,Ammonia & ammonium- total,100,C3,MAX,Concentration3,ug/L,.1,mg/L,,ug/L,,10/31/2024
PR0025861,001,82230,Ammonia & ammonium- total,100,C3,MAX,Concentration3,ug/L,.1,mg/L,,ug/L,,11/30/2024
PR0025861,001,82230,Ammonia & ammonium- total,100,C3,MAX,Concentration3,ug/L,.1,mg/L,,ug/L,,12/31/2024
PR0025861,001,82230,Ammonia & ammonium- total,57,C3,MAX,Concentration3,ug/L,.057,mg/L,,ug/L,,01/31/2025
PR0025861,001,82230,Ammonia & ammonium- total,57,C3,MAX,Concentration3,ug/L,.057,mg/L,,ug/L,,02/28/2025
PR0025861,001,82230,Ammonia & ammonium- total,60,C3,MAX,Concentration3,ug/L,.06,mg/L,,ug/L,,03/31/2025
PR0025861,001,82230,Ammonia & ammonium- total,60,C3,MAX,Concentration3,ug/L,.06,mg/L,,ug/L,,04/30/2025
PR0025861,001,82230,Ammonia & ammonium- total,57,C3,MAX,Concentration3,ug/L,.057,mg/L,,ug/L,,05/31/2025
PR0025861,001,82230,Ammonia & ammonium- total,150,C3,MAX,Concentration3,ug/L,.15000001,mg/L,,ug/L,,06/30/2025
PR0025861,001,82230,Ammonia & ammonium- total,57,C3,MAX,Concentration3,ug/L,.057,mg/L,,ug/L,,07/31/2025
PR0025861,001,82230,Ammonia & ammonium- total,57,C3,MAX,Concentration3,ug/L,.057,mg/L,,ug/L,,08/31/2025
PR0025861,001,82230,Ammonia & ammonium- total,60,C3,MAX,Concentration3,ug/L,.06,mg/L,,ug/L,,09/30/2025
PR0025861,001,82230,Ammonia & ammonium- total,57,C3,MAX,Concentration3,ug/L,.057,mg/L,,ug/L,,10/31/2025
PR0025861,001,82230,Ammonia & ammonium- total,145,C3,MAX,Concentration3,ug/L,.14500001,mg/L,,ug/L,,11/30/2025
PR0025861,001,82230,Ammonia & ammonium- total,145,C3,MAX,Concentration3,ug/L,.14500001,mg/L,,ug/L,,12/31/2025
PR0025861,001,82230,Ammonia & ammonium- total,145,C3,MAX,Concentration3,ug/L,.14500001,mg/L,,ug/L,,01/31/2026
