npdes_id,perm_feature_nmbr,parameter_code,parameter_desc,dmr_value_nmbr,value_type_code,statistical_base_type_code,value_type_desc,dmr_unit_desc,dmr_value_standard_units,standard_unit_desc,limit_value_nmbr,limit_unit_desc,nodi_code,monitoring_period_end_date
PR0025658,001,00010,"Temperature, water deg. centigrade",26.1,C3,MAX,Concentration3,deg C,26.1,deg C,32.2,deg C,,01/31/2020
PR0025658,001,00010,"Temperature, water deg. centigrade",25.8,C3,MAX,Concentration3,deg C,25.8,deg C,32.2,deg C,,02/29/2020
PR0025658,001,00010,"Temperature, water deg. centigrade",25.8,C3,MAX,Concentration3,deg C,25.8,deg C,32.2,deg C,,03/31/2020
PR0025658,001,00010,"Temperature, water deg. centigrade",27.2,C3,MAX,Concentration3,deg C,27.2,deg C,32.2,deg C,,04/30/2020
PR0025658,001,00010,"Temperature, water deg. centigrade",28,C3,MAX,Concentration3,deg C,28,deg C,32.2,deg C,,05/31/2020
PR0025658,001,00010,"Temperature, water deg. centigrade",29.2,C3,MAX,Concentration3,deg C,29.2,deg C,30,deg C,,06/30/2020
PR0025658,001,00010,"Temperature, water deg. centigrade",29.3,C3,MAX,Concentration3,deg C,29.3,deg C,30,deg C,,07/31/2020
PR0025658,001,00010,"Temperature, water deg. centigrade",29,C3,MAX,Concentration3,deg C,29,deg C,30,deg C,,08/31/2020
PR0025658,001,00010,"Temperature, water deg. centigrade",28.9,C3,MAX,Concentration3,deg C,28.9,deg C,30,deg C,,09/30/2020
PR0025658,001,00010,"Temperature, water deg. centigrade",28.5,C3,MAX,Concentration3,deg C,28.5,deg C,30,deg C,,10/31/2020
PR0025658,001,00010,"Temperature, water deg. centigrade",27.2,C3,MAX,Concentration3,deg C,27.2,deg C,30,deg C,,11/30/2020
PR0025658,001,00010,"Temperature, water deg. centigrade",25.8,C3,MAX,Concentration3,deg C,25.8,deg C,30,deg C,,12/31/2020
PR0025658,001,00010,"Temperature, water deg. centigrade",25.6,C3,MAX,Concentration3,deg C,25.6,deg C,30,deg C,,01/31/2021
PR0025658,001,00010,"Temperature, water deg. centigrade",25.6,C3,MAX,Concentration3,deg C,25.6,deg C,30,deg C,,02/28/2021
PR0025658,001,00010,"Temperature, water deg. centigrade",26.2,C3,MAX,Concentration3,deg C,26.2,deg C,30,deg C,,03/31/2021
PR0025658,001,00010,"Temperature, water deg. centigrade",27.2,C3,MAX,Concentration3,deg C,27.2,deg C,30,deg C,,04/30/2021
PR0025658,001,00010,"Temperature, water deg. centigrade",28,C3,MAX,Concentration3,deg C,28,deg C,30,deg C,,05/31/2021
PR0025658,001,00010,"Temperature, water deg. centigrade",28.5,C3,MAX,Concentration3,deg C,28.5,deg C,30,deg C,,06/30/2021
PR0025658,001,00010,"Temperature, water deg. centigrade",29.8,C3,MAX,Concentration3,deg C,29.8,deg C,30,deg C,,07/31/2021
PR0025658,001,00010,"Temperature, water deg. centigrade",29.2,C3,MAX,Concentration3,deg C,29.2,deg C,30,deg C,,08/31/2021
PR0025658,001,00010,"Temperature, water deg. centigrade",28.9,C3,MAX,Concentration3,deg C,28.9,deg C,30,deg C,,09/30/2021
PR0025658,001,00010,"Temperature, water deg. centigrade",28.1,C3,MAX,Concentration3,deg C,28.1,deg C,30,deg C,,10/31/2021
PR0025658,001,00010,"Temperature, water deg. centigrade",27.5,C3,MAX,Concentration3,deg C,27.5,deg C,30,deg C,,11/30/2021
PR0025658,001,00010,"Temperature, water deg. centigrade",26.6,C3,MAX,Concentration3,deg C,26.6,deg C,30,deg C,,12/31/2021
PR0025658,001,00010,"Temperature, water deg. centigrade",25.4,C3,MAX,Concentration3,deg C,25.4,deg C,30,deg C,,01/31/2022
PR0025658,001,00010,"Temperature, water deg. centigrade",25.3,C3,MAX,Concentration3,deg C,25.3,deg C,30,deg C,,02/28/2022
PR0025658,001,00010,"Temperature, water deg. centigrade",25.9,C3,MAX,Concentration3,deg C,25.9,deg C,30,deg C,,03/31/2022
PR0025658,001,00010,"Temperature, water deg. centigrade",26.8,C3,MAX,Concentration3,deg C,26.8,deg C,30,deg C,,04/30/2022
PR0025658,001,00010,"Temperature, water deg. centigrade",28.1,C3,MAX,Concentration3,deg C,28.1,deg C,30,deg C,,05/31/2022
PR0025658,001,00010,"Temperature, water deg. centigrade",28.3,C3,MAX,Concentration3,deg C,28.3,deg C,30,deg C,,06/30/2022
PR0025658,001,00010,"Temperature, water deg. centigrade",28.7,C3,MAX,Concentration3,deg C,28.7,deg C,30,deg C,,07/31/2022
PR0025658,001,00010,"Temperature, water deg. centigrade",28.8,C3,MAX,Concentration3,deg C,28.8,deg C,30,deg C,,08/31/2022
PR0025658,001,00010,"Temperature, water deg. centigrade",28.2,C3,MAX,Concentration3,deg C,28.2,deg C,30,deg C,,09/30/2022
PR0025658,001,00010,"Temperature, water deg. centigrade",27.75,C3,MAX,Concentration3,deg C,27.75,deg C,30,deg C,,10/31/2022
PR0025658,001,00010,"Temperature, water deg. centigrade",27.1,C3,MAX,Concentration3,deg C,27.1,deg C,30,deg C,,11/30/2022
PR0025658,001,00010,"Temperature, water deg. centigrade",25.9,C3,MAX,Concentration3,deg C,25.9,deg C,30,deg C,,12/31/2022
PR0025658,001,00010,"Temperature, water deg. centigrade",25.1,C3,MAX,Concentration3,deg C,25.1,deg C,30,deg C,,01/31/2023
PR0025658,001,00010,"Temperature, water deg. centigrade",25.2,C3,MAX,Concentration3,deg C,25.2,deg C,30,deg C,,02/28/2023
PR0025658,001,00010,"Temperature, water deg. centigrade",26,C3,MAX,Concentration3,deg C,26,deg C,30,deg C,,03/31/2023
PR0025658,001,00010,"Temperature, water deg. centigrade",27.7,C3,MAX,Concentration3,deg C,27.7,deg C,30,deg C,,04/30/2023
PR0025658,001,00010,"Temperature, water deg. centigrade",28.7,C3,MAX,Concentration3,deg C,28.7,deg C,30,deg C,,05/31/2023
PR0025658,001,00010,"Temperature, water deg. centigrade",28.4,C3,MAX,Concentration3,deg C,28.4,deg C,30,deg C,,06/30/2023
PR0025658,001,00010,"Temperature, water deg. centigrade",28.6,C3,MAX,Concentration3,deg C,28.6,deg C,30,deg C,,07/31/2023
PR0025658,001,00010,"Temperature, water deg. centigrade",28.4,C3,MAX,Concentration3,deg C,28.4,deg C,30,deg C,,08/31/2023
PR0025658,001,00010,"Temperature, water deg. centigrade",28.3,C3,MAX,Concentration3,deg C,28.3,deg C,30,deg C,,09/30/2023
PR0025658,001,00010,"Temperature, water deg. centigrade",28.3,C3,MAX,Concentration3,deg C,28.3,deg C,30,deg C,,10/31/2023
PR0025658,001,00010,"Temperature, water deg. centigrade",27.4,C3,MAX,Concentration3,deg C,27.4,deg C,30,deg C,,11/30/2023
PR0025658,001,00010,"Temperature, water deg. centigrade",26.4,C3,MAX,Concentration3,deg C,26.4,deg C,30,deg C,,12/31/2023
PR0025658,001,00010,"Temperature, water deg. centigrade",26.7,C3,MAX,Concentration3,deg C,26.7,deg C,30,deg C,,01/31/2024
PR0025658,001,00010,"Temperature, water deg. centigrade",25.6,C3,MAX,Concentration3,deg C,25.6,deg C,30,deg C,,02/29/2024
PR0025658,001,00010,"Temperature, water deg. centigrade",26.9,C3,MAX,Concentration3,deg C,26.9,deg C,30,deg C,,03/31/2024
PR0025658,001,00010,"Temperature, water deg. centigrade",26.9,C3,MAX,Concentration3,deg C,26.9,deg C,30,deg C,,04/30/2024
PR0025658,001,00010,"Temperature, water deg. centigrade",28.9,C3,MAX,Concentration3,deg C,28.9,deg C,30,deg C,,05/31/2024
PR0025658,001,00010,"Temperature, water deg. centigrade",29.3,C3,MAX,Concentration3,deg C,29.3,deg C,30,deg C,,06/30/2024
PR0025658,001,00010,"Temperature, water deg. centigrade",29.7,C3,MAX,Concentration3,deg C,29.7,deg C,30,deg C,,07/31/2024
PR0025658,001,00010,"Temperature, water deg. centigrade",29.2,C3,MAX,Concentration3,deg C,29.2,deg C,30,deg C,,08/31/2024
PR0025658,001,00010,"Temperature, water deg. centigrade",30.1,C3,MAX,Concentration3,deg C,30.1,deg C,30,deg C,,09/30/2024
PR0025658,001,00010,"Temperature, water deg. centigrade",28.9,C3,MAX,Concentration3,deg C,28.9,deg C,30,deg C,,10/31/2024
PR0025658,001,00010,"Temperature, water deg. centigrade",27.6,C3,MAX,Concentration3,deg C,27.6,deg C,30,deg C,,11/30/2024
PR0025658,001,00010,"Temperature, water deg. centigrade",27.1,C3,MAX,Concentration3,deg C,27.1,deg C,30,deg C,,12/31/2024
PR0025658,001,00010,"Temperature, water deg. centigrade",26.3,C3,MAX,Concentration3,deg C,26.3,deg C,30,deg C,,01/31/2025
PR0025658,001,00010,"Temperature, water deg. centigrade",27.2,C3,MAX,Concentration3,deg C,27.2,deg C,30,deg C,,02/28/2025
PR0025658,001,00010,"Temperature, water deg. centigrade",26.7,C3,MAX,Concentration3,deg C,26.7,deg C,30,deg C,,03/31/2025
PR0025658,001,00010,"Temperature, water deg. centigrade",27.2,C3,MAX,Concentration3,deg C,27.2,deg C,30,deg C,,04/30/2025
PR0025658,001,00010,"Temperature, water deg. centigrade",28.1,C3,MAX,Concentration3,deg C,28.1,deg C,30,deg C,,05/31/2025
PR0025658,001,00010,"Temperature, water deg. centigrade",29.1,C3,MAX,Concentration3,deg C,29.1,deg C,30,deg C,,06/30/2025
PR0025658,001,00010,"Temperature, water deg. centigrade",27.8,C3,MAX,Concentration3,deg C,27.8,deg C,30,deg C,,07/31/2025
PR0025658,001,00010,"Temperature, water deg. centigrade",28.5,C3,MAX,Concentration3,deg C,28.5,deg C,30,deg C,,08/31/2025
PR0025658,001,00010,"Temperature, water deg. centigrade",28.9,C3,MAX,Concentration3,deg C,28.9,deg C,30,deg C,,09/30/2025
PR0025658,001,00010,"Temperature, water deg. centigrade",28.1,C3,MAX,Concentration3,deg C,28.1,deg C,30,deg C,,10/31/2025
PR0025658,001,00010,"Temperature, water deg. centigrade",27.1,C3,MAX,Concentration3,deg C,27.1,deg C,30,deg C,,11/30/2025
PR0025658,001,00010,"Temperature, water deg. centigrade",26.7,C3,MAX,Concentration3,deg C,26.7,deg C,30,deg C,,12/31/2025
PR0025658,001,00010,"Temperature, water deg. centigrade",27.2,C3,MAX,Concentration3,deg C,27.2,deg C,30,deg C,,01/31/2026
PR0025658,001,00070,Turbidity,2,C3,MAX,Concentration3,NTU,2,NTU,50,NTU,,02/29/2020
PR0025658,001,00070,Turbidity,3.8,C3,MAX,Concentration3,NTU,3.8,NTU,50,NTU,,05/31/2020
PR0025658,001,00070,Turbidity,1.2,C3,MAX,Concentration3,NTU,1.2,NTU,50,NTU,,05/31/2021
PR0025658,001,00070,Turbidity,3.3,C3,MAX,Concentration3,NTU,3.3,NTU,50,NTU,,05/31/2022
PR0025658,001,00070,Turbidity,1.3,C3,MAX,Concentration3,NTU,1.3,NTU,50,NTU,,05/31/2023
PR0025658,001,00070,Turbidity,0.9,C3,MAX,Concentration3,NTU,.9,NTU,50,NTU,,05/31/2024
PR0025658,001,00070,Turbidity,5.8,C3,MAX,Concentration3,NTU,5.8,NTU,50,NTU,,05/31/2025
PR0025658,001,00080,Color [PT-CO units],15,C3,MAX,Concentration3,col unit (pc),15,col unit (pc),15,col unit (pc),,01/31/2020
PR0025658,001,00080,Color [PT-CO units],5,C3,MAX,Concentration3,col unit (pc),5,col unit (pc),15,col unit (pc),,02/29/2020
PR0025658,001,00080,Color [PT-CO units],5,C3,MAX,Concentration3,col unit (pc),5,col unit (pc),15,col unit (pc),,03/31/2020
PR0025658,001,00080,Color [PT-CO units],10,C3,MAX,Concentration3,col unit (pc),10,col unit (pc),15,col unit (pc),,04/30/2020
PR0025658,001,00080,Color [PT-CO units],5,C3,MAX,Concentration3,col unit (pc),5,col unit (pc),15,col unit (pc),,05/31/2020
PR0025658,001,00080,Color [PT-CO units],5,C3,MAX,Concentration3,col unit (pc),5,col unit (pc),15,col unit (pc),,06/30/2020
PR0025658,001,00080,Color [PT-CO units],10,C3,MAX,Concentration3,col unit (pc),10,col unit (pc),15,col unit (pc),,07/31/2020
PR0025658,001,00080,Color [PT-CO units],5,C3,MAX,Concentration3,col unit (pc),5,col unit (pc),15,col unit (pc),,08/31/2020
PR0025658,001,00080,Color [PT-CO units],15,C3,MAX,Concentration3,col unit (pc),15,col unit (pc),15,col unit (pc),,09/30/2020
PR0025658,001,00080,Color [PT-CO units],15,C3,MAX,Concentration3,col unit (pc),15,col unit (pc),15,col unit (pc),,10/31/2020
PR0025658,001,00080,Color [PT-CO units],20,C3,MAX,Concentration3,col unit (pc),20,col unit (pc),15,col unit (pc),,11/30/2020
PR0025658,001,00080,Color [PT-CO units],10,C3,MAX,Concentration3,col unit (pc),10,col unit (pc),15,col unit (pc),,12/31/2020
PR0025658,001,00080,Color [PT-CO units],40,C3,MAX,Concentration3,col unit (pc),40,col unit (pc),15,col unit (pc),,01/31/2021
PR0025658,001,00080,Color [PT-CO units],15,C3,MAX,Concentration3,col unit (pc),15,col unit (pc),15,col unit (pc),,02/28/2021
PR0025658,001,00080,Color [PT-CO units],5,C3,MAX,Concentration3,col unit (pc),5,col unit (pc),15,col unit (pc),,03/31/2021
PR0025658,001,00080,Color [PT-CO units],20,C3,MAX,Concentration3,col unit (pc),20,col unit (pc),15,col unit (pc),,04/30/2021
PR0025658,001,00080,Color [PT-CO units],15,C3,MAX,Concentration3,col unit (pc),15,col unit (pc),15,col unit (pc),,05/31/2021
PR0025658,001,00080,Color [PT-CO units],15,C3,MAX,Concentration3,col unit (pc),15,col unit (pc),15,col unit (pc),,06/30/2021
PR0025658,001,00080,Color [PT-CO units],30,C3,MAX,Concentration3,col unit (pc),30,col unit (pc),15,col unit (pc),,07/31/2021
PR0025658,001,00080,Color [PT-CO units],15,C3,MAX,Concentration3,col unit (pc),15,col unit (pc),15,col unit (pc),,08/31/2021
PR0025658,001,00080,Color [PT-CO units],5,C3,MAX,Concentration3,col unit (pc),5,col unit (pc),15,col unit (pc),,09/30/2021
PR0025658,001,00080,Color [PT-CO units],5,C3,MAX,Concentration3,col unit (pc),5,col unit (pc),15,col unit (pc),,10/31/2021
PR0025658,001,00080,Color [PT-CO units],15,C3,MAX,Concentration3,col unit (pc),15,col unit (pc),15,col unit (pc),,11/30/2021
PR0025658,001,00080,Color [PT-CO units],10,C3,MAX,Concentration3,col unit (pc),10,col unit (pc),15,col unit (pc),,12/31/2021
PR0025658,001,00080,Color [PT-CO units],5,C3,MAX,Concentration3,col unit (pc),5,col unit (pc),15,col unit (pc),,01/31/2022
PR0025658,001,00080,Color [PT-CO units],20,C3,MAX,Concentration3,col unit (pc),20,col unit (pc),15,col unit (pc),,02/28/2022
PR0025658,001,00080,Color [PT-CO units],15,C3,MAX,Concentration3,col unit (pc),15,col unit (pc),15,col unit (pc),,03/31/2022
PR0025658,001,00080,Color [PT-CO units],15,C3,MAX,Concentration3,col unit (pc),15,col unit (pc),15,col unit (pc),,04/30/2022
PR0025658,001,00080,Color [PT-CO units],15,C3,MAX,Concentration3,col unit (pc),15,col unit (pc),15,col unit (pc),,05/31/2022
PR0025658,001,00080,Color [PT-CO units],10,C3,MAX,Concentration3,col unit (pc),10,col unit (pc),15,col unit (pc),,06/30/2022
PR0025658,001,00080,Color [PT-CO units],15,C3,MAX,Concentration3,col unit (pc),15,col unit (pc),15,col unit (pc),,07/31/2022
PR0025658,001,00080,Color [PT-CO units],10,C3,MAX,Concentration3,col unit (pc),10,col unit (pc),15,col unit (pc),,08/31/2022
PR0025658,001,00080,Color [PT-CO units],10,C3,MAX,Concentration3,col unit (pc),10,col unit (pc),15,col unit (pc),,09/30/2022
PR0025658,001,00080,Color [PT-CO units],5,C3,MAX,Concentration3,col unit (pc),5,col unit (pc),15,col unit (pc),,10/31/2022
PR0025658,001,00080,Color [PT-CO units],5,C3,MAX,Concentration3,col unit (pc),5,col unit (pc),15,col unit (pc),,11/30/2022
PR0025658,001,00080,Color [PT-CO units],10,C3,MAX,Concentration3,col unit (pc),10,col unit (pc),15,col unit (pc),,12/31/2022
PR0025658,001,00080,Color [PT-CO units],10,C3,MAX,Concentration3,col unit (pc),10,col unit (pc),15,col unit (pc),,01/31/2023
PR0025658,001,00080,Color [PT-CO units],5,C3,MAX,Concentration3,col unit (pc),5,col unit (pc),15,col unit (pc),,02/28/2023
PR0025658,001,00080,Color [PT-CO units],5,C3,MAX,Concentration3,col unit (pc),5,col unit (pc),15,col unit (pc),,03/31/2023
PR0025658,001,00080,Color [PT-CO units],15,C3,MAX,Concentration3,col unit (pc),15,col unit (pc),15,col unit (pc),,04/30/2023
PR0025658,001,00080,Color [PT-CO units],5,C3,MAX,Concentration3,col unit (pc),5,col unit (pc),15,col unit (pc),,05/31/2023
PR0025658,001,00080,Color [PT-CO units],15,C3,MAX,Concentration3,col unit (pc),15,col unit (pc),15,col unit (pc),,06/30/2023
PR0025658,001,00080,Color [PT-CO units],5,C3,MAX,Concentration3,col unit (pc),5,col unit (pc),15,col unit (pc),,07/31/2023
PR0025658,001,00080,Color [PT-CO units],15,C3,MAX,Concentration3,col unit (pc),15,col unit (pc),15,col unit (pc),,08/31/2023
PR0025658,001,00080,Color [PT-CO units],15,C3,MAX,Concentration3,col unit (pc),15,col unit (pc),15,col unit (pc),,09/30/2023
PR0025658,001,00080,Color [PT-CO units],10,C3,MAX,Concentration3,col unit (pc),10,col unit (pc),15,col unit (pc),,10/31/2023
PR0025658,001,00080,Color [PT-CO units],10,C3,MAX,Concentration3,col unit (pc),10,col unit (pc),15,col unit (pc),,11/30/2023
PR0025658,001,00080,Color [PT-CO units],10,C3,MAX,Concentration3,col unit (pc),10,col unit (pc),15,col unit (pc),,12/31/2023
PR0025658,001,00080,Color [PT-CO units],15,C3,MAX,Concentration3,col unit (pc),15,col unit (pc),15,col unit (pc),,01/31/2024
PR0025658,001,00080,Color [PT-CO units],10,C3,MAX,Concentration3,col unit (pc),10,col unit (pc),15,col unit (pc),,02/29/2024
PR0025658,001,00080,Color [PT-CO units],10,C3,MAX,Concentration3,col unit (pc),10,col unit (pc),15,col unit (pc),,03/31/2024
PR0025658,001,00080,Color [PT-CO units],5,C3,MAX,Concentration3,col unit (pc),5,col unit (pc),15,col unit (pc),,04/30/2024
PR0025658,001,00080,Color [PT-CO units],10,C3,MAX,Concentration3,col unit (pc),10,col unit (pc),15,col unit (pc),,05/31/2024
PR0025658,001,00080,Color [PT-CO units],15,C3,MAX,Concentration3,col unit (pc),15,col unit (pc),15,col unit (pc),,06/30/2024
PR0025658,001,00080,Color [PT-CO units],10,C3,MAX,Concentration3,col unit (pc),10,col unit (pc),15,col unit (pc),,07/31/2024
PR0025658,001,00080,Color [PT-CO units],10,C3,MAX,Concentration3,col unit (pc),10,col unit (pc),15,col unit (pc),,08/31/2024
PR0025658,001,00080,Color [PT-CO units],5,C3,MAX,Concentration3,col unit (pc),5,col unit (pc),15,col unit (pc),,09/30/2024
PR0025658,001,00080,Color [PT-CO units],5,C3,MAX,Concentration3,col unit (pc),5,col unit (pc),15,col unit (pc),,10/31/2024
PR0025658,001,00080,Color [PT-CO units],5,C3,MAX,Concentration3,col unit (pc),5,col unit (pc),15,col unit (pc),,11/30/2024
PR0025658,001,00080,Color [PT-CO units],5,C3,MAX,Concentration3,col unit (pc),5,col unit (pc),15,col unit (pc),,12/31/2024
PR0025658,001,00080,Color [PT-CO units],5,C3,MAX,Concentration3,col unit (pc),5,col unit (pc),15,col unit (pc),,01/31/2025
PR0025658,001,00080,Color [PT-CO units],15,C3,MAX,Concentration3,col unit (pc),15,col unit (pc),15,col unit (pc),,02/28/2025
PR0025658,001,00080,Color [PT-CO units],10,C3,MAX,Concentration3,col unit (pc),10,col unit (pc),15,col unit (pc),,03/31/2025
PR0025658,001,00080,Color [PT-CO units],20,C3,MAX,Concentration3,col unit (pc),20,col unit (pc),15,col unit (pc),,04/30/2025
PR0025658,001,00080,Color [PT-CO units],15,C3,MAX,Concentration3,col unit (pc),15,col unit (pc),15,col unit (pc),,05/31/2025
PR0025658,001,00080,Color [PT-CO units],15,C3,MAX,Concentration3,col unit (pc),15,col unit (pc),15,col unit (pc),,06/30/2025
PR0025658,001,00080,Color [PT-CO units],15,C3,MAX,Concentration3,col unit (pc),15,col unit (pc),15,col unit (pc),,07/31/2025
PR0025658,001,00080,Color [PT-CO units],15,C3,MAX,Concentration3,col unit (pc),15,col unit (pc),15,col unit (pc),,08/31/2025
PR0025658,001,00080,Color [PT-CO units],5,C3,MAX,Concentration3,col unit (pc),5,col unit (pc),15,col unit (pc),,09/30/2025
PR0025658,001,00080,Color [PT-CO units],10,C3,MAX,Concentration3,col unit (pc),10,col unit (pc),15,col unit (pc),,10/31/2025
PR0025658,001,00080,Color [PT-CO units],10,C3,MAX,Concentration3,col unit (pc),10,col unit (pc),15,col unit (pc),,11/30/2025
PR0025658,001,00080,Color [PT-CO units],15,C3,MAX,Concentration3,col unit (pc),15,col unit (pc),15,col unit (pc),,12/31/2025
PR0025658,001,00080,Color [PT-CO units],5,C3,MAX,Concentration3,col unit (pc),5,col unit (pc),15,col unit (pc),,01/31/2026
PR0025658,001,00300,"Oxygen, dissolved [DO]",7.5,C1,MIN,Concentration1,mg/L,7.5,mg/L,5,mg/L,,01/31/2020
PR0025658,001,00300,"Oxygen, dissolved [DO]",7.7,C1,MIN,Concentration1,mg/L,7.7,mg/L,5,mg/L,,02/29/2020
PR0025658,001,00300,"Oxygen, dissolved [DO]",7.7,C1,MIN,Concentration1,mg/L,7.7,mg/L,5,mg/L,,03/31/2020
PR0025658,001,00300,"Oxygen, dissolved [DO]",7.5,C1,MIN,Concentration1,mg/L,7.5,mg/L,5,mg/L,,04/30/2020
PR0025658,001,00300,"Oxygen, dissolved [DO]",7.3,C1,MIN,Concentration1,mg/L,7.3,mg/L,5,mg/L,,05/31/2020
PR0025658,001,00300,"Oxygen, dissolved [DO]",7,C1,MIN,Concentration1,mg/L,7,mg/L,5,mg/L,,06/30/2020
PR0025658,001,00300,"Oxygen, dissolved [DO]",6.8,C1,MIN,Concentration1,mg/L,6.8,mg/L,5,mg/L,,07/31/2020
PR0025658,001,00300,"Oxygen, dissolved [DO]",6.8,C1,MIN,Concentration1,mg/L,6.8,mg/L,5,mg/L,,08/31/2020
PR0025658,001,00300,"Oxygen, dissolved [DO]",6.9,C1,MIN,Concentration1,mg/L,6.9,mg/L,5,mg/L,,09/30/2020
PR0025658,001,00300,"Oxygen, dissolved [DO]",6.9,C1,MIN,Concentration1,mg/L,6.9,mg/L,5,mg/L,,10/31/2020
PR0025658,001,00300,"Oxygen, dissolved [DO]",6.8,C1,MIN,Concentration1,mg/L,6.8,mg/L,5,mg/L,,11/30/2020
PR0025658,001,00300,"Oxygen, dissolved [DO]",6.7,C1,MIN,Concentration1,mg/L,6.7,mg/L,5,mg/L,,12/31/2020
PR0025658,001,00300,"Oxygen, dissolved [DO]",7,C1,MIN,Concentration1,mg/L,7,mg/L,5,mg/L,,01/31/2021
PR0025658,001,00300,"Oxygen, dissolved [DO]",6.4,C1,MIN,Concentration1,mg/L,6.4,mg/L,5,mg/L,,02/28/2021
PR0025658,001,00300,"Oxygen, dissolved [DO]",6.7,C1,MIN,Concentration1,mg/L,6.7,mg/L,5,mg/L,,03/31/2021
PR0025658,001,00300,"Oxygen, dissolved [DO]",7,C1,MIN,Concentration1,mg/L,7,mg/L,5,mg/L,,04/30/2021
PR0025658,001,00300,"Oxygen, dissolved [DO]",6.6,C1,MIN,Concentration1,mg/L,6.6,mg/L,5,mg/L,,05/31/2021
PR0025658,001,00300,"Oxygen, dissolved [DO]",6.3,C1,MIN,Concentration1,mg/L,6.3,mg/L,5,mg/L,,06/30/2021
PR0025658,001,00300,"Oxygen, dissolved [DO]",5.3,C1,MIN,Concentration1,mg/L,5.3,mg/L,5,mg/L,,07/31/2021
PR0025658,001,00300,"Oxygen, dissolved [DO]",5.6,C1,MIN,Concentration1,mg/L,5.6,mg/L,5,mg/L,,08/31/2021
PR0025658,001,00300,"Oxygen, dissolved [DO]",5.9,C1,MIN,Concentration1,mg/L,5.9,mg/L,5,mg/L,,09/30/2021
PR0025658,001,00300,"Oxygen, dissolved [DO]",6.4,C1,MIN,Concentration1,mg/L,6.4,mg/L,5,mg/L,,10/31/2021
PR0025658,001,00300,"Oxygen, dissolved [DO]",6.7,C1,MIN,Concentration1,mg/L,6.7,mg/L,5,mg/L,,11/30/2021
PR0025658,001,00300,"Oxygen, dissolved [DO]",6.5,C1,MIN,Concentration1,mg/L,6.5,mg/L,5,mg/L,,12/31/2021
PR0025658,001,00300,"Oxygen, dissolved [DO]",6.6,C1,MIN,Concentration1,mg/L,6.6,mg/L,5,mg/L,,01/31/2022
PR0025658,001,00300,"Oxygen, dissolved [DO]",6.8,C1,MIN,Concentration1,mg/L,6.8,mg/L,5,mg/L,,02/28/2022
PR0025658,001,00300,"Oxygen, dissolved [DO]",6.9,C1,MIN,Concentration1,mg/L,6.9,mg/L,5,mg/L,,03/31/2022
PR0025658,001,00300,"Oxygen, dissolved [DO]",6.1,C1,MIN,Concentration1,mg/L,6.1,mg/L,5,mg/L,,04/30/2022
PR0025658,001,00300,"Oxygen, dissolved [DO]",6.4,C1,MIN,Concentration1,mg/L,6.4,mg/L,5,mg/L,,05/31/2022
PR0025658,001,00300,"Oxygen, dissolved [DO]",5.7,C1,MIN,Concentration1,mg/L,5.7,mg/L,5,mg/L,,06/30/2022
PR0025658,001,00300,"Oxygen, dissolved [DO]",5.85,C1,MIN,Concentration1,mg/L,5.85,mg/L,5,mg/L,,07/31/2022
PR0025658,001,00300,"Oxygen, dissolved [DO]",5.53,C1,MIN,Concentration1,mg/L,5.53,mg/L,5,mg/L,,08/31/2022
PR0025658,001,00300,"Oxygen, dissolved [DO]",6.16,C1,MIN,Concentration1,mg/L,6.16,mg/L,5,mg/L,,09/30/2022
PR0025658,001,00300,"Oxygen, dissolved [DO]",6.27,C1,MIN,Concentration1,mg/L,6.27,mg/L,5,mg/L,,10/31/2022
PR0025658,001,00300,"Oxygen, dissolved [DO]",6.83,C1,MIN,Concentration1,mg/L,6.83,mg/L,5,mg/L,,11/30/2022
PR0025658,001,00300,"Oxygen, dissolved [DO]",6.57,C1,MIN,Concentration1,mg/L,6.57,mg/L,5,mg/L,,12/31/2022
PR0025658,001,00300,"Oxygen, dissolved [DO]",7.12,C1,MIN,Concentration1,mg/L,7.12,mg/L,5,mg/L,,01/31/2023
PR0025658,001,00300,"Oxygen, dissolved [DO]",7.27,C1,MIN,Concentration1,mg/L,7.27,mg/L,5,mg/L,,02/28/2023
PR0025658,001,00300,"Oxygen, dissolved [DO]",6.55,C1,MIN,Concentration1,mg/L,6.55,mg/L,5,mg/L,,03/31/2023
PR0025658,001,00300,"Oxygen, dissolved [DO]",5.94,C1,MIN,Concentration1,mg/L,5.94,mg/L,5,mg/L,,04/30/2023
PR0025658,001,00300,"Oxygen, dissolved [DO]",6.54,C1,MIN,Concentration1,mg/L,6.54,mg/L,5,mg/L,,05/31/2023
PR0025658,001,00300,"Oxygen, dissolved [DO]",6.68,C1,MIN,Concentration1,mg/L,6.68,mg/L,5,mg/L,,06/30/2023
PR0025658,001,00300,"Oxygen, dissolved [DO]",6.16,C1,MIN,Concentration1,mg/L,6.16,mg/L,5,mg/L,,07/31/2023
PR0025658,001,00300,"Oxygen, dissolved [DO]",6.88,C1,MIN,Concentration1,mg/L,6.88,mg/L,5,mg/L,,08/31/2023
PR0025658,001,00300,"Oxygen, dissolved [DO]",6.61,C1,MIN,Concentration1,mg/L,6.61,mg/L,5,mg/L,,09/30/2023
PR0025658,001,00300,"Oxygen, dissolved [DO]",6.81,C1,MIN,Concentration1,mg/L,6.81,mg/L,5,mg/L,,10/31/2023
PR0025658,001,00300,"Oxygen, dissolved [DO]",6.91,C1,MIN,Concentration1,mg/L,6.91,mg/L,5,mg/L,,11/30/2023
PR0025658,001,00300,"Oxygen, dissolved [DO]",6.82,C1,MIN,Concentration1,mg/L,6.82,mg/L,5,mg/L,,12/31/2023
PR0025658,001,00300,"Oxygen, dissolved [DO]",6.81,C1,MIN,Concentration1,mg/L,6.81,mg/L,5,mg/L,,01/31/2024
PR0025658,001,00300,"Oxygen, dissolved [DO]",6.14,C1,MIN,Concentration1,mg/L,6.14,mg/L,5,mg/L,,02/29/2024
PR0025658,001,00300,"Oxygen, dissolved [DO]",6.16,C1,MIN,Concentration1,mg/L,6.16,mg/L,5,mg/L,,03/31/2024
PR0025658,001,00300,"Oxygen, dissolved [DO]",6.03,C1,MIN,Concentration1,mg/L,6.03,mg/L,5,mg/L,,04/30/2024
PR0025658,001,00300,"Oxygen, dissolved [DO]",6.08,C1,MIN,Concentration1,mg/L,6.08,mg/L,5,mg/L,,05/31/2024
PR0025658,001,00300,"Oxygen, dissolved [DO]",6.38,C1,MIN,Concentration1,mg/L,6.38,mg/L,5,mg/L,,06/30/2024
PR0025658,001,00300,"Oxygen, dissolved [DO]",6.34,C1,MIN,Concentration1,mg/L,6.34,mg/L,5,mg/L,,07/31/2024
PR0025658,001,00300,"Oxygen, dissolved [DO]",6.99,C1,MIN,Concentration1,mg/L,6.99,mg/L,5,mg/L,,08/31/2024
PR0025658,001,00300,"Oxygen, dissolved [DO]",6.62,C1,MIN,Concentration1,mg/L,6.62,mg/L,5,mg/L,,09/30/2024
PR0025658,001,00300,"Oxygen, dissolved [DO]",6.59,C1,MIN,Concentration1,mg/L,6.59,mg/L,5,mg/L,,10/31/2024
PR0025658,001,00300,"Oxygen, dissolved [DO]",7.28,C1,MIN,Concentration1,mg/L,7.28,mg/L,5,mg/L,,11/30/2024
PR0025658,001,00300,"Oxygen, dissolved [DO]",6.44,C1,MIN,Concentration1,mg/L,6.44,mg/L,5,mg/L,,12/31/2024
PR0025658,001,00300,"Oxygen, dissolved [DO]",6.43,C1,MIN,Concentration1,mg/L,6.43,mg/L,5,mg/L,,01/31/2025
PR0025658,001,00300,"Oxygen, dissolved [DO]",6.33,C1,MIN,Concentration1,mg/L,6.33,mg/L,5,mg/L,,02/28/2025
PR0025658,001,00300,"Oxygen, dissolved [DO]",6.46,C1,MIN,Concentration1,mg/L,6.46,mg/L,5,mg/L,,03/31/2025
PR0025658,001,00300,"Oxygen, dissolved [DO]",6.03,C1,MIN,Concentration1,mg/L,6.03,mg/L,5,mg/L,,04/30/2025
PR0025658,001,00300,"Oxygen, dissolved [DO]",6.29,C1,MIN,Concentration1,mg/L,6.29,mg/L,5,mg/L,,05/31/2025
PR0025658,001,00300,"Oxygen, dissolved [DO]",7.05,C1,MIN,Concentration1,mg/L,7.05,mg/L,5,mg/L,,06/30/2025
PR0025658,001,00300,"Oxygen, dissolved [DO]",6.5,C1,MIN,Concentration1,mg/L,6.5,mg/L,5,mg/L,,07/31/2025
PR0025658,001,00300,"Oxygen, dissolved [DO]",6.07,C1,MIN,Concentration1,mg/L,6.07,mg/L,5,mg/L,,08/31/2025
PR0025658,001,00300,"Oxygen, dissolved [DO]",6.08,C1,MIN,Concentration1,mg/L,6.08,mg/L,5,mg/L,,09/30/2025
PR0025658,001,00300,"Oxygen, dissolved [DO]",6.55,C1,MIN,Concentration1,mg/L,6.55,mg/L,5,mg/L,,10/31/2025
PR0025658,001,00300,"Oxygen, dissolved [DO]",6.01,C1,MIN,Concentration1,mg/L,6.01,mg/L,5,mg/L,,11/30/2025
PR0025658,001,00300,"Oxygen, dissolved [DO]",7.17,C1,MIN,Concentration1,mg/L,7.17,mg/L,5,mg/L,,12/31/2025
PR0025658,001,00300,"Oxygen, dissolved [DO]",6.19,C1,MIN,Concentration1,mg/L,6.19,mg/L,5,mg/L,,01/31/2026
PR0025658,001,00310,"BOD, 5-day, 20 deg. C",9,Q1,AVG,Quantity1,kg/d,9,kg/d,113,kg/d,,01/31/2020
PR0025658,001,00310,"BOD, 5-day, 20 deg. C",6,C3,AVG,Concentration3,mg/L,6,mg/L,45,mg/L,,01/31/2020
PR0025658,001,00310,"BOD, 5-day, 20 deg. C",11,Q2,AVG,Quantity2,kg/d,11,kg/d,170,kg/d,,01/31/2020
PR0025658,001,00310,"BOD, 5-day, 20 deg. C",5,C2,AVG,Concentration2,mg/L,5,mg/L,30,mg/L,,01/31/2020
PR0025658,001,00310,"BOD, 5-day, 20 deg. C",4,C3,AVG,Concentration3,mg/L,4,mg/L,45,mg/L,,02/29/2020
PR0025658,001,00310,"BOD, 5-day, 20 deg. C",5,Q1,AVG,Quantity1,kg/d,5,kg/d,113,kg/d,,02/29/2020
PR0025658,001,00310,"BOD, 5-day, 20 deg. C",2,C2,AVG,Concentration2,mg/L,2,mg/L,30,mg/L,,02/29/2020
PR0025658,001,00310,"BOD, 5-day, 20 deg. C",9,Q2,AVG,Quantity2,kg/d,9,kg/d,170,kg/d,,02/29/2020
PR0025658,001,00310,"BOD, 5-day, 20 deg. C",3,C2,AVG,Concentration2,mg/L,3,mg/L,30,mg/L,,03/31/2020
PR0025658,001,00310,"BOD, 5-day, 20 deg. C",5,Q1,AVG,Quantity1,kg/d,5,kg/d,113,kg/d,,03/31/2020
PR0025658,001,00310,"BOD, 5-day, 20 deg. C",6,Q2,AVG,Quantity2,kg/d,6,kg/d,170,kg/d,,03/31/2020
PR0025658,001,00310,"BOD, 5-day, 20 deg. C",4,C3,AVG,Concentration3,mg/L,4,mg/L,45,mg/L,,03/31/2020
PR0025658,001,00310,"BOD, 5-day, 20 deg. C",6,Q1,AVG,Quantity1,kg/d,6,kg/d,113,kg/d,,04/30/2020
PR0025658,001,00310,"BOD, 5-day, 20 deg. C",4,C2,AVG,Concentration2,mg/L,4,mg/L,30,mg/L,,04/30/2020
PR0025658,001,00310,"BOD, 5-day, 20 deg. C",7,Q2,AVG,Quantity2,kg/d,7,kg/d,170,kg/d,,04/30/2020
PR0025658,001,00310,"BOD, 5-day, 20 deg. C",5,C3,AVG,Concentration3,mg/L,5,mg/L,45,mg/L,,04/30/2020
PR0025658,001,00310,"BOD, 5-day, 20 deg. C",6,C2,AVG,Concentration2,mg/L,6,mg/L,30,mg/L,,05/31/2020
PR0025658,001,00310,"BOD, 5-day, 20 deg. C",8,Q1,AVG,Quantity1,kg/d,8,kg/d,113,kg/d,,05/31/2020
PR0025658,001,00310,"BOD, 5-day, 20 deg. C",12,C3,AVG,Concentration3,mg/L,12,mg/L,45,mg/L,,05/31/2020
PR0025658,001,00310,"BOD, 5-day, 20 deg. C",13,Q2,AVG,Quantity2,kg/d,13,kg/d,170,kg/d,,05/31/2020
PR0025658,001,00310,"BOD, 5-day, 20 deg. C",7,C2,AVG,Concentration2,mg/L,7,mg/L,25,mg/L,,06/30/2020
PR0025658,001,00310,"BOD, 5-day, 20 deg. C",11,Q1,AVG,Quantity1,kg/d,11,kg/d,94.6,kg/d,,06/30/2020
PR0025658,001,00310,"BOD, 5-day, 20 deg. C",8,C3,AVG,Concentration3,mg/L,8,mg/L,45,mg/L,,06/30/2020
PR0025658,001,00310,"BOD, 5-day, 20 deg. C",11,Q2,AVG,Quantity2,kg/d,11,kg/d,170.3,kg/d,,06/30/2020
PR0025658,001,00310,"BOD, 5-day, 20 deg. C",8,C2,AVG,Concentration2,mg/L,8,mg/L,25,mg/L,,07/31/2020
PR0025658,001,00310,"BOD, 5-day, 20 deg. C",18,Q1,AVG,Quantity1,kg/d,18,kg/d,94.6,kg/d,,07/31/2020
PR0025658,001,00310,"BOD, 5-day, 20 deg. C",11,C3,AVG,Concentration3,mg/L,11,mg/L,45,mg/L,,07/31/2020
PR0025658,001,00310,"BOD, 5-day, 20 deg. C",49,Q2,AVG,Quantity2,kg/d,49,kg/d,170.3,kg/d,,07/31/2020
PR0025658,001,00310,"BOD, 5-day, 20 deg. C",17,C3,AVG,Concentration3,mg/L,17,mg/L,45,mg/L,,08/31/2020
PR0025658,001,00310,"BOD, 5-day, 20 deg. C",19,Q1,AVG,Quantity1,kg/d,19,kg/d,94.6,kg/d,,08/31/2020
PR0025658,001,00310,"BOD, 5-day, 20 deg. C",13,C2,AVG,Concentration2,mg/L,13,mg/L,25,mg/L,,08/31/2020
PR0025658,001,00310,"BOD, 5-day, 20 deg. C",26,Q2,AVG,Quantity2,kg/d,26,kg/d,170.3,kg/d,,08/31/2020
PR0025658,001,00310,"BOD, 5-day, 20 deg. C",22,Q2,AVG,Quantity2,kg/d,22,kg/d,170.3,kg/d,,09/30/2020
PR0025658,001,00310,"BOD, 5-day, 20 deg. C",9,Q1,AVG,Quantity1,kg/d,9,kg/d,94.6,kg/d,,09/30/2020
PR0025658,001,00310,"BOD, 5-day, 20 deg. C",7,C2,AVG,Concentration2,mg/L,7,mg/L,25,mg/L,,09/30/2020
PR0025658,001,00310,"BOD, 5-day, 20 deg. C",16,C3,AVG,Concentration3,mg/L,16,mg/L,45,mg/L,,09/30/2020
PR0025658,001,00310,"BOD, 5-day, 20 deg. C",10,C3,AVG,Concentration3,mg/L,10,mg/L,45,mg/L,,10/31/2020
PR0025658,001,00310,"BOD, 5-day, 20 deg. C",24,Q2,AVG,Quantity2,kg/d,24,kg/d,170.3,kg/d,,10/31/2020
PR0025658,001,00310,"BOD, 5-day, 20 deg. C",8,C2,AVG,Concentration2,mg/L,8,mg/L,25,mg/L,,10/31/2020
PR0025658,001,00310,"BOD, 5-day, 20 deg. C",19,Q1,AVG,Quantity1,kg/d,19,kg/d,94.6,kg/d,,10/31/2020
PR0025658,001,00310,"BOD, 5-day, 20 deg. C",5,C2,AVG,Concentration2,mg/L,5,mg/L,25,mg/L,,11/30/2020
PR0025658,001,00310,"BOD, 5-day, 20 deg. C",19,Q1,AVG,Quantity1,kg/d,19,kg/d,94.6,kg/d,,11/30/2020
PR0025658,001,00310,"BOD, 5-day, 20 deg. C",8,C3,AVG,Concentration3,mg/L,8,mg/L,45,mg/L,,11/30/2020
PR0025658,001,00310,"BOD, 5-day, 20 deg. C",47,Q2,AVG,Quantity2,kg/d,47,kg/d,170.3,kg/d,,11/30/2020
PR0025658,001,00310,"BOD, 5-day, 20 deg. C",26,Q2,AVG,Quantity2,kg/d,26,kg/d,170.3,kg/d,,12/31/2020
PR0025658,001,00310,"BOD, 5-day, 20 deg. C",11,C3,AVG,Concentration3,mg/L,11,mg/L,45,mg/L,,12/31/2020
PR0025658,001,00310,"BOD, 5-day, 20 deg. C",7,C2,AVG,Concentration2,mg/L,7,mg/L,25,mg/L,,12/31/2020
PR0025658,001,00310,"BOD, 5-day, 20 deg. C",12,Q1,AVG,Quantity1,kg/d,12,kg/d,94.6,kg/d,,12/31/2020
PR0025658,001,00310,"BOD, 5-day, 20 deg. C",18,C2,AVG,Concentration2,mg/L,18,mg/L,25,mg/L,,01/31/2021
PR0025658,001,00310,"BOD, 5-day, 20 deg. C",26,Q1,AVG,Quantity1,kg/d,26,kg/d,94.6,kg/d,,01/31/2021
PR0025658,001,00310,"BOD, 5-day, 20 deg. C",60,Q2,AVG,Quantity2,kg/d,60,kg/d,170.3,kg/d,,01/31/2021
PR0025658,001,00310,"BOD, 5-day, 20 deg. C",42,C3,AVG,Concentration3,mg/L,42,mg/L,45,mg/L,,01/31/2021
PR0025658,001,00310,"BOD, 5-day, 20 deg. C",12,C3,AVG,Concentration3,mg/L,12,mg/L,45,mg/L,,02/28/2021
PR0025658,001,00310,"BOD, 5-day, 20 deg. C",18,Q2,AVG,Quantity2,kg/d,18,kg/d,170.3,kg/d,,02/28/2021
PR0025658,001,00310,"BOD, 5-day, 20 deg. C",7,C2,AVG,Concentration2,mg/L,7,mg/L,25,mg/L,,02/28/2021
PR0025658,001,00310,"BOD, 5-day, 20 deg. C",11,Q1,AVG,Quantity1,kg/d,11,kg/d,94.6,kg/d,,02/28/2021
PR0025658,001,00310,"BOD, 5-day, 20 deg. C",9,C2,AVG,Concentration2,mg/L,9,mg/L,25,mg/L,,03/31/2021
PR0025658,001,00310,"BOD, 5-day, 20 deg. C",11,C3,AVG,Concentration3,mg/L,11,mg/L,45,mg/L,,03/31/2021
PR0025658,001,00310,"BOD, 5-day, 20 deg. C",12,Q1,AVG,Quantity1,kg/d,12,kg/d,94.6,kg/d,,03/31/2021
PR0025658,001,00310,"BOD, 5-day, 20 deg. C",21,Q2,AVG,Quantity2,kg/d,21,kg/d,170.3,kg/d,,03/31/2021
PR0025658,001,00310,"BOD, 5-day, 20 deg. C",9,C2,AVG,Concentration2,mg/L,9,mg/L,25,mg/L,,04/30/2021
PR0025658,001,00310,"BOD, 5-day, 20 deg. C",13,Q1,AVG,Quantity1,kg/d,13,kg/d,94.6,kg/d,,04/30/2021
PR0025658,001,00310,"BOD, 5-day, 20 deg. C",11,C3,AVG,Concentration3,mg/L,11,mg/L,45,mg/L,,04/30/2021
PR0025658,001,00310,"BOD, 5-day, 20 deg. C",16,Q2,AVG,Quantity2,kg/d,16,kg/d,170.3,kg/d,,04/30/2021
PR0025658,001,00310,"BOD, 5-day, 20 deg. C",16,Q1,AVG,Quantity1,kg/d,16,kg/d,94.6,kg/d,,05/31/2021
PR0025658,001,00310,"BOD, 5-day, 20 deg. C",12,C2,AVG,Concentration2,mg/L,12,mg/L,25,mg/L,,05/31/2021
PR0025658,001,00310,"BOD, 5-day, 20 deg. C",18,Q2,AVG,Quantity2,kg/d,18,kg/d,170.3,kg/d,,05/31/2021
PR0025658,001,00310,"BOD, 5-day, 20 deg. C",14,C3,AVG,Concentration3,mg/L,14,mg/L,45,mg/L,,05/31/2021
PR0025658,001,00310,"BOD, 5-day, 20 deg. C",14,Q1,AVG,Quantity1,kg/d,14,kg/d,94.6,kg/d,,06/30/2021
PR0025658,001,00310,"BOD, 5-day, 20 deg. C",9,C2,AVG,Concentration2,mg/L,9,mg/L,25,mg/L,,06/30/2021
PR0025658,001,00310,"BOD, 5-day, 20 deg. C",13,C3,AVG,Concentration3,mg/L,13,mg/L,45,mg/L,,06/30/2021
PR0025658,001,00310,"BOD, 5-day, 20 deg. C",27,Q2,AVG,Quantity2,kg/d,27,kg/d,170.3,kg/d,,06/30/2021
PR0025658,001,00310,"BOD, 5-day, 20 deg. C",9,C2,AVG,Concentration2,mg/L,9,mg/L,25,mg/L,,07/31/2021
PR0025658,001,00310,"BOD, 5-day, 20 deg. C",13,Q1,AVG,Quantity1,kg/d,13,kg/d,94.6,kg/d,,07/31/2021
PR0025658,001,00310,"BOD, 5-day, 20 deg. C",10,C3,AVG,Concentration3,mg/L,10,mg/L,45,mg/L,,07/31/2021
PR0025658,001,00310,"BOD, 5-day, 20 deg. C",15,Q2,AVG,Quantity2,kg/d,15,kg/d,170.3,kg/d,,07/31/2021
PR0025658,001,00310,"BOD, 5-day, 20 deg. C",15,Q2,AVG,Quantity2,kg/d,15,kg/d,170.3,kg/d,,08/31/2021
PR0025658,001,00310,"BOD, 5-day, 20 deg. C",9,C3,AVG,Concentration3,mg/L,9,mg/L,45,mg/L,,08/31/2021
PR0025658,001,00310,"BOD, 5-day, 20 deg. C",10,Q1,AVG,Quantity1,kg/d,10,kg/d,94.6,kg/d,,08/31/2021
PR0025658,001,00310,"BOD, 5-day, 20 deg. C",7,C2,AVG,Concentration2,mg/L,7,mg/L,25,mg/L,,08/31/2021
PR0025658,001,00310,"BOD, 5-day, 20 deg. C",7,C2,AVG,Concentration2,mg/L,7,mg/L,25,mg/L,,09/30/2021
PR0025658,001,00310,"BOD, 5-day, 20 deg. C",12,Q1,AVG,Quantity1,kg/d,12,kg/d,94.6,kg/d,,09/30/2021
PR0025658,001,00310,"BOD, 5-day, 20 deg. C",8,C3,AVG,Concentration3,mg/L,8,mg/L,45,mg/L,,09/30/2021
PR0025658,001,00310,"BOD, 5-day, 20 deg. C",14,Q2,AVG,Quantity2,kg/d,14,kg/d,170.3,kg/d,,09/30/2021
PR0025658,001,00310,"BOD, 5-day, 20 deg. C",7,Q2,AVG,Quantity2,kg/d,7,kg/d,170.3,kg/d,,10/31/2021
PR0025658,001,00310,"BOD, 5-day, 20 deg. C",5,C3,AVG,Concentration3,mg/L,5,mg/L,45,mg/L,,10/31/2021
PR0025658,001,00310,"BOD, 5-day, 20 deg. C",6,Q1,AVG,Quantity1,kg/d,6,kg/d,94.6,kg/d,,10/31/2021
PR0025658,001,00310,"BOD, 5-day, 20 deg. C",4,C2,AVG,Concentration2,mg/L,4,mg/L,25,mg/L,,10/31/2021
PR0025658,001,00310,"BOD, 5-day, 20 deg. C",7,Q1,AVG,Quantity1,kg/d,7,kg/d,94.6,kg/d,,11/30/2021
PR0025658,001,00310,"BOD, 5-day, 20 deg. C",5,C2,AVG,Concentration2,mg/L,5,mg/L,25,mg/L,,11/30/2021
PR0025658,001,00310,"BOD, 5-day, 20 deg. C",6,C3,AVG,Concentration3,mg/L,6,mg/L,45,mg/L,,11/30/2021
PR0025658,001,00310,"BOD, 5-day, 20 deg. C",12,Q2,AVG,Quantity2,kg/d,12,kg/d,170.3,kg/d,,11/30/2021
PR0025658,001,00310,"BOD, 5-day, 20 deg. C",18,Q2,AVG,Quantity2,kg/d,18,kg/d,170.3,kg/d,,12/31/2021
PR0025658,001,00310,"BOD, 5-day, 20 deg. C",12,C3,AVG,Concentration3,mg/L,12,mg/L,45,mg/L,,12/31/2021
PR0025658,001,00310,"BOD, 5-day, 20 deg. C",13,Q1,AVG,Quantity1,kg/d,13,kg/d,94.6,kg/d,,12/31/2021
PR0025658,001,00310,"BOD, 5-day, 20 deg. C",8,C2,AVG,Concentration2,mg/L,8,mg/L,25,mg/L,,12/31/2021
PR0025658,001,00310,"BOD, 5-day, 20 deg. C",10,C3,AVG,Concentration3,mg/L,10,mg/L,45,mg/L,,01/31/2022
PR0025658,001,00310,"BOD, 5-day, 20 deg. C",8,C2,AVG,Concentration2,mg/L,8,mg/L,25,mg/L,,01/31/2022
PR0025658,001,00310,"BOD, 5-day, 20 deg. C",10,Q1,AVG,Quantity1,kg/d,10,kg/d,94.6,kg/d,,01/31/2022
PR0025658,001,00310,"BOD, 5-day, 20 deg. C",13,Q2,AVG,Quantity2,kg/d,13,kg/d,170.3,kg/d,,01/31/2022
PR0025658,001,00310,"BOD, 5-day, 20 deg. C",12,C3,AVG,Concentration3,mg/L,12,mg/L,45,mg/L,,02/28/2022
PR0025658,001,00310,"BOD, 5-day, 20 deg. C",10,C2,AVG,Concentration2,mg/L,10,mg/L,25,mg/L,,02/28/2022
PR0025658,001,00310,"BOD, 5-day, 20 deg. C",13,Q1,AVG,Quantity1,kg/d,13,kg/d,94.6,kg/d,,02/28/2022
PR0025658,001,00310,"BOD, 5-day, 20 deg. C",18,Q2,AVG,Quantity2,kg/d,18,kg/d,170.3,kg/d,,02/28/2022
PR0025658,001,00310,"BOD, 5-day, 20 deg. C",13,C3,AVG,Concentration3,mg/L,13,mg/L,45,mg/L,,03/31/2022
PR0025658,001,00310,"BOD, 5-day, 20 deg. C",13,Q1,AVG,Quantity1,kg/d,13,kg/d,94.6,kg/d,,03/31/2022
PR0025658,001,00310,"BOD, 5-day, 20 deg. C",9,C2,AVG,Concentration2,mg/L,9,mg/L,25,mg/L,,03/31/2022
PR0025658,001,00310,"BOD, 5-day, 20 deg. C",19,Q2,AVG,Quantity2,kg/d,19,kg/d,170.3,kg/d,,03/31/2022
PR0025658,001,00310,"BOD, 5-day, 20 deg. C",8,C3,AVG,Concentration3,mg/L,8,mg/L,45,mg/L,,04/30/2022
PR0025658,001,00310,"BOD, 5-day, 20 deg. C",12,Q2,AVG,Quantity2,kg/d,12,kg/d,170.3,kg/d,,04/30/2022
PR0025658,001,00310,"BOD, 5-day, 20 deg. C",8,C2,AVG,Concentration2,mg/L,8,mg/L,25,mg/L,,04/30/2022
PR0025658,001,00310,"BOD, 5-day, 20 deg. C",11,Q1,AVG,Quantity1,kg/d,11,kg/d,94.6,kg/d,,04/30/2022
PR0025658,001,00310,"BOD, 5-day, 20 deg. C",5,C2,AVG,Concentration2,mg/L,5,mg/L,25,mg/L,,05/31/2022
PR0025658,001,00310,"BOD, 5-day, 20 deg. C",7,Q1,AVG,Quantity1,kg/d,7,kg/d,94.6,kg/d,,05/31/2022
PR0025658,001,00310,"BOD, 5-day, 20 deg. C",8,Q2,AVG,Quantity2,kg/d,8,kg/d,170.3,kg/d,,05/31/2022
PR0025658,001,00310,"BOD, 5-day, 20 deg. C",6,C3,AVG,Concentration3,mg/L,6,mg/L,45,mg/L,,05/31/2022
PR0025658,001,00310,"BOD, 5-day, 20 deg. C",5,C3,AVG,Concentration3,mg/L,5,mg/L,45,mg/L,,06/30/2022
PR0025658,001,00310,"BOD, 5-day, 20 deg. C",5,Q2,AVG,Quantity2,kg/d,5,kg/d,170.3,kg/d,,06/30/2022
PR0025658,001,00310,"BOD, 5-day, 20 deg. C",4,C2,AVG,Concentration2,mg/L,4,mg/L,25,mg/L,,06/30/2022
PR0025658,001,00310,"BOD, 5-day, 20 deg. C",4,Q1,AVG,Quantity1,kg/d,4,kg/d,94.6,kg/d,,06/30/2022
PR0025658,001,00310,"BOD, 5-day, 20 deg. C",20,Q2,AVG,Quantity2,kg/d,20,kg/d,170.3,kg/d,,07/31/2022
PR0025658,001,00310,"BOD, 5-day, 20 deg. C",8,C2,AVG,Concentration2,mg/L,8,mg/L,25,mg/L,,07/31/2022
PR0025658,001,00310,"BOD, 5-day, 20 deg. C",9,Q1,AVG,Quantity1,kg/d,9,kg/d,94.6,kg/d,,07/31/2022
PR0025658,001,00310,"BOD, 5-day, 20 deg. C",9,C3,AVG,Concentration3,mg/L,9,mg/L,45,mg/L,,07/31/2022
PR0025658,001,00310,"BOD, 5-day, 20 deg. C",12,C3,AVG,Concentration3,mg/L,12,mg/L,45,mg/L,,08/31/2022
PR0025658,001,00310,"BOD, 5-day, 20 deg. C",10,Q2,AVG,Quantity2,kg/d,10,kg/d,170.3,kg/d,,08/31/2022
PR0025658,001,00310,"BOD, 5-day, 20 deg. C",7,C2,AVG,Concentration2,mg/L,7,mg/L,25,mg/L,,08/31/2022
PR0025658,001,00310,"BOD, 5-day, 20 deg. C",6,Q1,AVG,Quantity1,kg/d,6,kg/d,94.6,kg/d,,08/31/2022
PR0025658,001,00310,"BOD, 5-day, 20 deg. C",4,C2,AVG,Concentration2,mg/L,4,mg/L,25,mg/L,,09/30/2022
PR0025658,001,00310,"BOD, 5-day, 20 deg. C",5,Q1,AVG,Quantity1,kg/d,5,kg/d,94.6,kg/d,,09/30/2022
PR0025658,001,00310,"BOD, 5-day, 20 deg. C",5,C3,AVG,Concentration3,mg/L,5,mg/L,45,mg/L,,09/30/2022
PR0025658,001,00310,"BOD, 5-day, 20 deg. C",7,Q2,AVG,Quantity2,kg/d,7,kg/d,170.3,kg/d,,09/30/2022
PR0025658,001,00310,"BOD, 5-day, 20 deg. C",5,C3,AVG,Concentration3,mg/L,5,mg/L,45,mg/L,,10/31/2022
PR0025658,001,00310,"BOD, 5-day, 20 deg. C",4,Q2,AVG,Quantity2,kg/d,4,kg/d,170.3,kg/d,,10/31/2022
PR0025658,001,00310,"BOD, 5-day, 20 deg. C",4,C2,AVG,Concentration2,mg/L,4,mg/L,25,mg/L,,10/31/2022
PR0025658,001,00310,"BOD, 5-day, 20 deg. C",3,Q1,AVG,Quantity1,kg/d,3,kg/d,94.6,kg/d,,10/31/2022
PR0025658,001,00310,"BOD, 5-day, 20 deg. C",4,C2,AVG,Concentration2,mg/L,4,mg/L,25,mg/L,,11/30/2022
PR0025658,001,00310,"BOD, 5-day, 20 deg. C",3,Q1,AVG,Quantity1,kg/d,3,kg/d,94.6,kg/d,,11/30/2022
PR0025658,001,00310,"BOD, 5-day, 20 deg. C",5,C3,AVG,Concentration3,mg/L,5,mg/L,45,mg/L,,11/30/2022
PR0025658,001,00310,"BOD, 5-day, 20 deg. C",5,Q2,AVG,Quantity2,kg/d,5,kg/d,170.3,kg/d,,11/30/2022
PR0025658,001,00310,"BOD, 5-day, 20 deg. C",6,Q2,AVG,Quantity2,kg/d,6,kg/d,170.3,kg/d,,12/31/2022
PR0025658,001,00310,"BOD, 5-day, 20 deg. C",7,C3,AVG,Concentration3,mg/L,7,mg/L,45,mg/L,,12/31/2022
PR0025658,001,00310,"BOD, 5-day, 20 deg. C",4,Q1,AVG,Quantity1,kg/d,4,kg/d,94.6,kg/d,,12/31/2022
PR0025658,001,00310,"BOD, 5-day, 20 deg. C",5,C2,AVG,Concentration2,mg/L,5,mg/L,25,mg/L,,12/31/2022
PR0025658,001,00310,"BOD, 5-day, 20 deg. C",5,Q1,AVG,Quantity1,kg/d,5,kg/d,94.6,kg/d,,01/31/2023
PR0025658,001,00310,"BOD, 5-day, 20 deg. C",6,C2,AVG,Concentration2,mg/L,6,mg/L,25,mg/L,,01/31/2023
PR0025658,001,00310,"BOD, 5-day, 20 deg. C",10,C3,AVG,Concentration3,mg/L,10,mg/L,45,mg/L,,01/31/2023
PR0025658,001,00310,"BOD, 5-day, 20 deg. C",10,Q2,AVG,Quantity2,kg/d,10,kg/d,170.3,kg/d,,01/31/2023
PR0025658,001,00310,"BOD, 5-day, 20 deg. C",8,C3,AVG,Concentration3,mg/L,8,mg/L,45,mg/L,,02/28/2023
PR0025658,001,00310,"BOD, 5-day, 20 deg. C",6,C2,AVG,Concentration2,mg/L,6,mg/L,25,mg/L,,02/28/2023
PR0025658,001,00310,"BOD, 5-day, 20 deg. C",4,Q1,AVG,Quantity1,kg/d,4,kg/d,94.6,kg/d,,02/28/2023
PR0025658,001,00310,"BOD, 5-day, 20 deg. C",6,Q2,AVG,Quantity2,kg/d,6,kg/d,170.3,kg/d,,02/28/2023
PR0025658,001,00310,"BOD, 5-day, 20 deg. C",9,C2,AVG,Concentration2,mg/L,9,mg/L,25,mg/L,,03/31/2023
PR0025658,001,00310,"BOD, 5-day, 20 deg. C",6,Q1,AVG,Quantity1,kg/d,6,kg/d,94.6,kg/d,,03/31/2023
PR0025658,001,00310,"BOD, 5-day, 20 deg. C",13,Q2,AVG,Quantity2,kg/d,13,kg/d,170.3,kg/d,,03/31/2023
PR0025658,001,00310,"BOD, 5-day, 20 deg. C",18,C3,AVG,Concentration3,mg/L,18,mg/L,45,mg/L,,03/31/2023
PR0025658,001,00310,"BOD, 5-day, 20 deg. C",6,Q2,AVG,Quantity2,kg/d,6,kg/d,170.3,kg/d,,04/30/2023
PR0025658,001,00310,"BOD, 5-day, 20 deg. C",8,C3,AVG,Concentration3,mg/L,8,mg/L,45,mg/L,,04/30/2023
PR0025658,001,00310,"BOD, 5-day, 20 deg. C",5,Q1,AVG,Quantity1,kg/d,5,kg/d,94.6,kg/d,,04/30/2023
PR0025658,001,00310,"BOD, 5-day, 20 deg. C",7,C2,AVG,Concentration2,mg/L,7,mg/L,25,mg/L,,04/30/2023
PR0025658,001,00310,"BOD, 5-day, 20 deg. C",5,C2,AVG,Concentration2,mg/L,5,mg/L,25,mg/L,,05/31/2023
PR0025658,001,00310,"BOD, 5-day, 20 deg. C",10,C3,AVG,Concentration3,mg/L,10,mg/L,45,mg/L,,05/31/2023
PR0025658,001,00310,"BOD, 5-day, 20 deg. C",5,Q1,AVG,Quantity1,kg/d,5,kg/d,94.6,kg/d,,05/31/2023
PR0025658,001,00310,"BOD, 5-day, 20 deg. C",9,Q2,AVG,Quantity2,kg/d,9,kg/d,170.3,kg/d,,05/31/2023
PR0025658,001,00310,"BOD, 5-day, 20 deg. C",6,C2,AVG,Concentration2,mg/L,6,mg/L,25,mg/L,,06/30/2023
PR0025658,001,00310,"BOD, 5-day, 20 deg. C",5,Q1,AVG,Quantity1,kg/d,5,kg/d,94.6,kg/d,,06/30/2023
PR0025658,001,00310,"BOD, 5-day, 20 deg. C",7,Q2,AVG,Quantity2,kg/d,7,kg/d,170.3,kg/d,,06/30/2023
PR0025658,001,00310,"BOD, 5-day, 20 deg. C",7,C3,AVG,Concentration3,mg/L,7,mg/L,45,mg/L,,06/30/2023
PR0025658,001,00310,"BOD, 5-day, 20 deg. C",18,C3,AVG,Concentration3,mg/L,18,mg/L,45,mg/L,,07/31/2023
PR0025658,001,00310,"BOD, 5-day, 20 deg. C",6,Q1,AVG,Quantity1,kg/d,6,kg/d,94.6,kg/d,,07/31/2023
PR0025658,001,00310,"BOD, 5-day, 20 deg. C",8,C2,AVG,Concentration2,mg/L,8,mg/L,25,mg/L,,07/31/2023
PR0025658,001,00310,"BOD, 5-day, 20 deg. C",14,Q2,AVG,Quantity2,kg/d,14,kg/d,170.3,kg/d,,07/31/2023
PR0025658,001,00310,"BOD, 5-day, 20 deg. C",5,Q2,AVG,Quantity2,kg/d,5,kg/d,170.3,kg/d,,08/31/2023
PR0025658,001,00310,"BOD, 5-day, 20 deg. C",6,C3,AVG,Concentration3,mg/L,6,mg/L,45,mg/L,,08/31/2023
PR0025658,001,00310,"BOD, 5-day, 20 deg. C",5,C2,AVG,Concentration2,mg/L,5,mg/L,25,mg/L,,08/31/2023
PR0025658,001,00310,"BOD, 5-day, 20 deg. C",4,Q1,AVG,Quantity1,kg/d,4,kg/d,94.6,kg/d,,08/31/2023
PR0025658,001,00310,"BOD, 5-day, 20 deg. C",3,Q1,AVG,Quantity1,kg/d,3,kg/d,94.6,kg/d,,09/30/2023
PR0025658,001,00310,"BOD, 5-day, 20 deg. C",4,C2,AVG,Concentration2,mg/L,4,mg/L,25,mg/L,,09/30/2023
PR0025658,001,00310,"BOD, 5-day, 20 deg. C",4,Q2,AVG,Quantity2,kg/d,4,kg/d,170.3,kg/d,,09/30/2023
PR0025658,001,00310,"BOD, 5-day, 20 deg. C",5,C3,AVG,Concentration3,mg/L,5,mg/L,45,mg/L,,09/30/2023
PR0025658,001,00310,"BOD, 5-day, 20 deg. C",4,C3,AVG,Concentration3,mg/L,4,mg/L,45,mg/L,,10/31/2023
PR0025658,001,00310,"BOD, 5-day, 20 deg. C",3,Q2,AVG,Quantity2,kg/d,3,kg/d,170.3,kg/d,,10/31/2023
PR0025658,001,00310,"BOD, 5-day, 20 deg. C",3,C2,AVG,Concentration2,mg/L,3,mg/L,25,mg/L,,10/31/2023
PR0025658,001,00310,"BOD, 5-day, 20 deg. C",2,Q1,AVG,Quantity1,kg/d,2,kg/d,94.6,kg/d,,10/31/2023
PR0025658,001,00310,"BOD, 5-day, 20 deg. C",6,Q1,AVG,Quantity1,kg/d,6,kg/d,94.6,kg/d,,11/30/2023
PR0025658,001,00310,"BOD, 5-day, 20 deg. C",7,C2,AVG,Concentration2,mg/L,7,mg/L,25,mg/L,,11/30/2023
PR0025658,001,00310,"BOD, 5-day, 20 deg. C",20,Q2,AVG,Quantity2,kg/d,20,kg/d,170.3,kg/d,,11/30/2023
PR0025658,001,00310,"BOD, 5-day, 20 deg. C",23,C3,AVG,Concentration3,mg/L,23,mg/L,45,mg/L,,11/30/2023
PR0025658,001,00310,"BOD, 5-day, 20 deg. C",7,C3,AVG,Concentration3,mg/L,7,mg/L,45,mg/L,,12/31/2023
PR0025658,001,00310,"BOD, 5-day, 20 deg. C",2,Q1,AVG,Quantity1,kg/d,2,kg/d,94.6,kg/d,,12/31/2023
PR0025658,001,00310,"BOD, 5-day, 20 deg. C",3,Q2,AVG,Quantity2,kg/d,3,kg/d,170.3,kg/d,,12/31/2023
PR0025658,001,00310,"BOD, 5-day, 20 deg. C",4,C2,AVG,Concentration2,mg/L,4,mg/L,25,mg/L,,12/31/2023
PR0025658,001,00310,"BOD, 5-day, 20 deg. C",8,C3,AVG,Concentration3,mg/L,8,mg/L,45,mg/L,,01/31/2024
PR0025658,001,00310,"BOD, 5-day, 20 deg. C",5,C2,AVG,Concentration2,mg/L,5,mg/L,25,mg/L,,01/31/2024
PR0025658,001,00310,"BOD, 5-day, 20 deg. C",4,Q1,AVG,Quantity1,kg/d,4,kg/d,94.6,kg/d,,01/31/2024
PR0025658,001,00310,"BOD, 5-day, 20 deg. C",6,Q2,AVG,Quantity2,kg/d,6,kg/d,170.3,kg/d,,01/31/2024
PR0025658,001,00310,"BOD, 5-day, 20 deg. C",7,C2,AVG,Concentration2,mg/L,7,mg/L,25,mg/L,,02/29/2024
PR0025658,001,00310,"BOD, 5-day, 20 deg. C",8,Q1,AVG,Quantity1,kg/d,8,kg/d,94.6,kg/d,,02/29/2024
PR0025658,001,00310,"BOD, 5-day, 20 deg. C",9,C3,AVG,Concentration3,mg/L,9,mg/L,45,mg/L,,02/29/2024
PR0025658,001,00310,"BOD, 5-day, 20 deg. C",13,Q2,AVG,Quantity2,kg/d,13,kg/d,170.3,kg/d,,02/29/2024
PR0025658,001,00310,"BOD, 5-day, 20 deg. C",6,C2,AVG,Concentration2,mg/L,6,mg/L,25,mg/L,,03/31/2024
PR0025658,001,00310,"BOD, 5-day, 20 deg. C",11,Q1,AVG,Quantity1,kg/d,11,kg/d,94.6,kg/d,,03/31/2024
PR0025658,001,00310,"BOD, 5-day, 20 deg. C",7,C3,AVG,Concentration3,mg/L,7,mg/L,45,mg/L,,03/31/2024
PR0025658,001,00310,"BOD, 5-day, 20 deg. C",15,Q2,AVG,Quantity2,kg/d,15,kg/d,170.3,kg/d,,03/31/2024
PR0025658,001,00310,"BOD, 5-day, 20 deg. C",15,Q2,AVG,Quantity2,kg/d,15,kg/d,170.3,kg/d,,04/30/2024
PR0025658,001,00310,"BOD, 5-day, 20 deg. C",5,C3,AVG,Concentration3,mg/L,5,mg/L,45,mg/L,,04/30/2024
PR0025658,001,00310,"BOD, 5-day, 20 deg. C",4,C2,AVG,Concentration2,mg/L,4,mg/L,25,mg/L,,04/30/2024
PR0025658,001,00310,"BOD, 5-day, 20 deg. C",11,Q1,AVG,Quantity1,kg/d,11,kg/d,94.6,kg/d,,04/30/2024
PR0025658,001,00310,"BOD, 5-day, 20 deg. C",30,Q2,AVG,Quantity2,kg/d,30,kg/d,170.3,kg/d,,05/31/2024
PR0025658,001,00310,"BOD, 5-day, 20 deg. C",15,Q1,AVG,Quantity1,kg/d,15,kg/d,94.6,kg/d,,05/31/2024
PR0025658,001,00310,"BOD, 5-day, 20 deg. C",4,C2,AVG,Concentration2,mg/L,4,mg/L,25,mg/L,,05/31/2024
PR0025658,001,00310,"BOD, 5-day, 20 deg. C",6,C3,AVG,Concentration3,mg/L,6,mg/L,45,mg/L,,05/31/2024
PR0025658,001,00310,"BOD, 5-day, 20 deg. C",18,Q2,AVG,Quantity2,kg/d,18,kg/d,170.3,kg/d,,06/30/2024
PR0025658,001,00310,"BOD, 5-day, 20 deg. C",7,C3,AVG,Concentration3,mg/L,7,mg/L,45,mg/L,,06/30/2024
PR0025658,001,00310,"BOD, 5-day, 20 deg. C",14,Q1,AVG,Quantity1,kg/d,14,kg/d,94.6,kg/d,,06/30/2024
PR0025658,001,00310,"BOD, 5-day, 20 deg. C",6,C2,AVG,Concentration2,mg/L,6,mg/L,25,mg/L,,06/30/2024
PR0025658,001,00310,"BOD, 5-day, 20 deg. C",19,C2,AVG,Concentration2,mg/L,19,mg/L,25,mg/L,,07/31/2024
PR0025658,001,00310,"BOD, 5-day, 20 deg. C",13,Q1,AVG,Quantity1,kg/d,13,kg/d,94.6,kg/d,,07/31/2024
PR0025658,001,00310,"BOD, 5-day, 20 deg. C",23,Q2,AVG,Quantity2,kg/d,23,kg/d,170.3,kg/d,,07/31/2024
PR0025658,001,00310,"BOD, 5-day, 20 deg. C",66,C3,AVG,Concentration3,mg/L,66,mg/L,45,mg/L,,07/31/2024
PR0025658,001,00310,"BOD, 5-day, 20 deg. C",14,Q2,AVG,Quantity2,kg/d,14,kg/d,170.3,kg/d,,08/31/2024
PR0025658,001,00310,"BOD, 5-day, 20 deg. C",7,C3,AVG,Concentration3,mg/L,7,mg/L,45,mg/L,,08/31/2024
PR0025658,001,00310,"BOD, 5-day, 20 deg. C",10,Q1,AVG,Quantity1,kg/d,10,kg/d,94.6,kg/d,,08/31/2024
PR0025658,001,00310,"BOD, 5-day, 20 deg. C",5,C2,AVG,Concentration2,mg/L,5,mg/L,25,mg/L,,08/31/2024
PR0025658,001,00310,"BOD, 5-day, 20 deg. C",50,Q2,AVG,Quantity2,kg/d,50,kg/d,170.3,kg/d,,09/30/2024
PR0025658,001,00310,"BOD, 5-day, 20 deg. C",8,C2,AVG,Concentration2,mg/L,8,mg/L,25,mg/L,,09/30/2024
PR0025658,001,00310,"BOD, 5-day, 20 deg. C",16,C3,AVG,Concentration3,mg/L,16,mg/L,45,mg/L,,09/30/2024
PR0025658,001,00310,"BOD, 5-day, 20 deg. C",23,Q1,AVG,Quantity1,kg/d,23,kg/d,94.6,kg/d,,09/30/2024
PR0025658,001,00310,"BOD, 5-day, 20 deg. C",5,C3,AVG,Concentration3,mg/L,5,mg/L,45,mg/L,,10/31/2024
PR0025658,001,00310,"BOD, 5-day, 20 deg. C",4,C2,AVG,Concentration2,mg/L,4,mg/L,25,mg/L,,10/31/2024
PR0025658,001,00310,"BOD, 5-day, 20 deg. C",9,Q1,AVG,Quantity1,kg/d,9,kg/d,94.6,kg/d,,10/31/2024
PR0025658,001,00310,"BOD, 5-day, 20 deg. C",12,Q2,AVG,Quantity2,kg/d,12,kg/d,170.3,kg/d,,10/31/2024
PR0025658,001,00310,"BOD, 5-day, 20 deg. C",13,Q2,AVG,Quantity2,kg/d,13,kg/d,170.3,kg/d,,11/30/2024
PR0025658,001,00310,"BOD, 5-day, 20 deg. C",10,Q1,AVG,Quantity1,kg/d,10,kg/d,94.6,kg/d,,11/30/2024
PR0025658,001,00310,"BOD, 5-day, 20 deg. C",6,C3,AVG,Concentration3,mg/L,6,mg/L,45,mg/L,,11/30/2024
PR0025658,001,00310,"BOD, 5-day, 20 deg. C",4,C2,AVG,Concentration2,mg/L,4,mg/L,25,mg/L,,11/30/2024
PR0025658,001,00310,"BOD, 5-day, 20 deg. C",6,C3,AVG,Concentration3,mg/L,6,mg/L,45,mg/L,,12/31/2024
PR0025658,001,00310,"BOD, 5-day, 20 deg. C",7,Q1,AVG,Quantity1,kg/d,7,kg/d,94.6,kg/d,,12/31/2024
PR0025658,001,00310,"BOD, 5-day, 20 deg. C",4,C2,AVG,Concentration2,mg/L,4,mg/L,25,mg/L,,12/31/2024
PR0025658,001,00310,"BOD, 5-day, 20 deg. C",11,Q2,AVG,Quantity2,kg/d,11,kg/d,170.3,kg/d,,12/31/2024
PR0025658,001,00310,"BOD, 5-day, 20 deg. C",6,C2,AVG,Concentration2,mg/L,6,mg/L,25,mg/L,,01/31/2025
PR0025658,001,00310,"BOD, 5-day, 20 deg. C",12,Q1,AVG,Quantity1,kg/d,12,kg/d,94.6,kg/d,,01/31/2025
PR0025658,001,00310,"BOD, 5-day, 20 deg. C",13,C3,AVG,Concentration3,mg/L,13,mg/L,45,mg/L,,01/31/2025
PR0025658,001,00310,"BOD, 5-day, 20 deg. C",25,Q2,AVG,Quantity2,kg/d,25,kg/d,170.3,kg/d,,01/31/2025
PR0025658,001,00310,"BOD, 5-day, 20 deg. C",19,Q2,AVG,Quantity2,kg/d,19,kg/d,170.3,kg/d,,02/28/2025
PR0025658,001,00310,"BOD, 5-day, 20 deg. C",14,C3,AVG,Concentration3,mg/L,14,mg/L,45,mg/L,,02/28/2025
PR0025658,001,00310,"BOD, 5-day, 20 deg. C",9,C2,AVG,Concentration2,mg/L,9,mg/L,25,mg/L,,02/28/2025
PR0025658,001,00310,"BOD, 5-day, 20 deg. C",14,Q1,AVG,Quantity1,kg/d,14,kg/d,94.6,kg/d,,02/28/2025
PR0025658,001,00310,"BOD, 5-day, 20 deg. C",120,Q2,AVG,Quantity2,kg/d,120,kg/d,170.3,kg/d,,03/31/2025
PR0025658,001,00310,"BOD, 5-day, 20 deg. C",22,C2,AVG,Concentration2,mg/L,22,mg/L,25,mg/L,,03/31/2025
PR0025658,001,00310,"BOD, 5-day, 20 deg. C",47,Q1,AVG,Quantity1,kg/d,47,kg/d,94.6,kg/d,,03/31/2025
PR0025658,001,00310,"BOD, 5-day, 20 deg. C",54,C3,AVG,Concentration3,mg/L,54,mg/L,45,mg/L,,03/31/2025
PR0025658,001,00310,"BOD, 5-day, 20 deg. C",15,Q1,AVG,Quantity1,kg/d,15,kg/d,94.6,kg/d,,04/30/2025
PR0025658,001,00310,"BOD, 5-day, 20 deg. C",8,C2,AVG,Concentration2,mg/L,8,mg/L,25,mg/L,,04/30/2025
PR0025658,001,00310,"BOD, 5-day, 20 deg. C",42,Q2,AVG,Quantity2,kg/d,42,kg/d,170.3,kg/d,,04/30/2025
PR0025658,001,00310,"BOD, 5-day, 20 deg. C",23,C3,AVG,Concentration3,mg/L,23,mg/L,45,mg/L,,04/30/2025
PR0025658,001,00310,"BOD, 5-day, 20 deg. C",1146,C3,AVG,Concentration3,mg/L,1146,mg/L,45,mg/L,,05/31/2025
PR0025658,001,00310,"BOD, 5-day, 20 deg. C",289,C2,AVG,Concentration2,mg/L,289,mg/L,25,mg/L,,05/31/2025
PR0025658,001,00310,"BOD, 5-day, 20 deg. C",668,Q1,AVG,Quantity1,kg/d,668,kg/d,94.6,kg/d,,05/31/2025
PR0025658,001,00310,"BOD, 5-day, 20 deg. C",2654,Q2,AVG,Quantity2,kg/d,2654,kg/d,170.3,kg/d,,05/31/2025
PR0025658,001,00310,"BOD, 5-day, 20 deg. C",15,Q2,AVG,Quantity2,kg/d,15,kg/d,170.3,kg/d,,06/30/2025
PR0025658,001,00310,"BOD, 5-day, 20 deg. C",8,C3,AVG,Concentration3,mg/L,8,mg/L,45,mg/L,,06/30/2025
PR0025658,001,00310,"BOD, 5-day, 20 deg. C",5,C2,AVG,Concentration2,mg/L,5,mg/L,25,mg/L,,06/30/2025
PR0025658,001,00310,"BOD, 5-day, 20 deg. C",10,Q1,AVG,Quantity1,kg/d,10,kg/d,94.6,kg/d,,06/30/2025
PR0025658,001,00310,"BOD, 5-day, 20 deg. C",16,Q2,AVG,Quantity2,kg/d,16,kg/d,170.3,kg/d,,07/31/2025
PR0025658,001,00310,"BOD, 5-day, 20 deg. C",5,C2,AVG,Concentration2,mg/L,5,mg/L,25,mg/L,,07/31/2025
PR0025658,001,00310,"BOD, 5-day, 20 deg. C",8,Q1,AVG,Quantity1,kg/d,8,kg/d,94.6,kg/d,,07/31/2025
PR0025658,001,00310,"BOD, 5-day, 20 deg. C",9,C3,AVG,Concentration3,mg/L,9,mg/L,45,mg/L,,07/31/2025
PR0025658,001,00310,"BOD, 5-day, 20 deg. C",7,C3,AVG,Concentration3,mg/L,7,mg/L,45,mg/L,,08/31/2025
PR0025658,001,00310,"BOD, 5-day, 20 deg. C",12,Q2,AVG,Quantity2,kg/d,12,kg/d,170.3,kg/d,,08/31/2025
PR0025658,001,00310,"BOD, 5-day, 20 deg. C",7,Q1,AVG,Quantity1,kg/d,7,kg/d,94.6,kg/d,,08/31/2025
PR0025658,001,00310,"BOD, 5-day, 20 deg. C",4,C2,AVG,Concentration2,mg/L,4,mg/L,25,mg/L,,08/31/2025
PR0025658,001,00310,"BOD, 5-day, 20 deg. C",13,C3,AVG,Concentration3,mg/L,13,mg/L,45,mg/L,,09/30/2025
PR0025658,001,00310,"BOD, 5-day, 20 deg. C",6,C2,AVG,Concentration2,mg/L,6,mg/L,25,mg/L,,09/30/2025
PR0025658,001,00310,"BOD, 5-day, 20 deg. C",14,Q1,AVG,Quantity1,kg/d,14,kg/d,94.6,kg/d,,09/30/2025
PR0025658,001,00310,"BOD, 5-day, 20 deg. C",25,Q2,AVG,Quantity2,kg/d,25,kg/d,170.3,kg/d,,09/30/2025
PR0025658,001,00310,"BOD, 5-day, 20 deg. C",19,Q2,AVG,Quantity2,kg/d,19,kg/d,170.3,kg/d,,10/31/2025
PR0025658,001,00310,"BOD, 5-day, 20 deg. C",8,Q1,AVG,Quantity1,kg/d,8,kg/d,94.6,kg/d,,10/31/2025
PR0025658,001,00310,"BOD, 5-day, 20 deg. C",5,C2,AVG,Concentration2,mg/L,5,mg/L,25,mg/L,,10/31/2025
PR0025658,001,00310,"BOD, 5-day, 20 deg. C",10,C3,AVG,Concentration3,mg/L,10,mg/L,45,mg/L,,10/31/2025
PR0025658,001,00310,"BOD, 5-day, 20 deg. C",5,C2,AVG,Concentration2,mg/L,5,mg/L,25,mg/L,,11/30/2025
PR0025658,001,00310,"BOD, 5-day, 20 deg. C",9,Q1,AVG,Quantity1,kg/d,9,kg/d,94.6,kg/d,,11/30/2025
PR0025658,001,00310,"BOD, 5-day, 20 deg. C",7,C3,AVG,Concentration3,mg/L,7,mg/L,45,mg/L,,11/30/2025
PR0025658,001,00310,"BOD, 5-day, 20 deg. C",14,Q2,AVG,Quantity2,kg/d,14,kg/d,170.3,kg/d,,11/30/2025
PR0025658,001,00310,"BOD, 5-day, 20 deg. C",20,Q2,AVG,Quantity2,kg/d,20,kg/d,170.3,kg/d,,12/31/2025
PR0025658,001,00310,"BOD, 5-day, 20 deg. C",10,C3,AVG,Concentration3,mg/L,10,mg/L,45,mg/L,,12/31/2025
PR0025658,001,00310,"BOD, 5-day, 20 deg. C",5,C2,AVG,Concentration2,mg/L,5,mg/L,25,mg/L,,12/31/2025
PR0025658,001,00310,"BOD, 5-day, 20 deg. C",10,Q1,AVG,Quantity1,kg/d,10,kg/d,94.6,kg/d,,12/31/2025
PR0025658,001,00310,"BOD, 5-day, 20 deg. C",24,Q2,AVG,Quantity2,kg/d,24,kg/d,170.3,kg/d,,01/31/2026
PR0025658,001,00310,"BOD, 5-day, 20 deg. C",16,C3,AVG,Concentration3,mg/L,16,mg/L,45,mg/L,,01/31/2026
PR0025658,001,00310,"BOD, 5-day, 20 deg. C",11,C2,AVG,Concentration2,mg/L,11,mg/L,25,mg/L,,01/31/2026
PR0025658,001,00310,"BOD, 5-day, 20 deg. C",13,Q1,AVG,Quantity1,kg/d,13,kg/d,94.6,kg/d,,01/31/2026
PR0025658,001,00400,pH,7.4,C3,MAX,Concentration3,SU,7.4,SU,9,SU,,01/31/2020
PR0025658,001,00400,pH,6.9,C1,MIN,Concentration1,SU,6.9,SU,6,SU,,01/31/2020
PR0025658,001,00400,pH,6.9,C1,MIN,Concentration1,SU,6.9,SU,6,SU,,02/29/2020
PR0025658,001,00400,pH,7.6,C3,MAX,Concentration3,SU,7.6,SU,9,SU,,02/29/2020
PR0025658,001,00400,pH,7.4,C3,MAX,Concentration3,SU,7.4,SU,9,SU,,03/31/2020
PR0025658,001,00400,pH,6.8,C1,MIN,Concentration1,SU,6.8,SU,6,SU,,03/31/2020
PR0025658,001,00400,pH,7,C1,MIN,Concentration1,SU,7,SU,6,SU,,04/30/2020
PR0025658,001,00400,pH,7.4,C3,MAX,Concentration3,SU,7.4,SU,9,SU,,04/30/2020
PR0025658,001,00400,pH,7.7,C3,MAX,Concentration3,SU,7.7,SU,9,SU,,05/31/2020
PR0025658,001,00400,pH,7.1,C1,MIN,Concentration1,SU,7.1,SU,6,SU,,05/31/2020
PR0025658,001,00400,pH,7.1,C1,MIN,Concentration1,SU,7.1,SU,6,SU,,06/30/2020
PR0025658,001,00400,pH,7.5,C3,MAX,Concentration3,SU,7.5,SU,9,SU,,06/30/2020
PR0025658,001,00400,pH,7.6,C3,MAX,Concentration3,SU,7.6,SU,9,SU,,07/31/2020
PR0025658,001,00400,pH,7,C1,MIN,Concentration1,SU,7,SU,6,SU,,07/31/2020
PR0025658,001,00400,pH,7.1,C1,MIN,Concentration1,SU,7.1,SU,6,SU,,08/31/2020
PR0025658,001,00400,pH,7.6,C3,MAX,Concentration3,SU,7.6,SU,9,SU,,08/31/2020
PR0025658,001,00400,pH,7.5,C3,MAX,Concentration3,SU,7.5,SU,9,SU,,09/30/2020
PR0025658,001,00400,pH,7.1,C1,MIN,Concentration1,SU,7.1,SU,6,SU,,09/30/2020
PR0025658,001,00400,pH,6.7,C1,MIN,Concentration1,SU,6.7,SU,6,SU,,10/31/2020
PR0025658,001,00400,pH,7.2,C3,MAX,Concentration3,SU,7.2,SU,9,SU,,10/31/2020
PR0025658,001,00400,pH,7.3,C3,MAX,Concentration3,SU,7.3,SU,9,SU,,11/30/2020
PR0025658,001,00400,pH,6.8,C1,MIN,Concentration1,SU,6.8,SU,6,SU,,11/30/2020
PR0025658,001,00400,pH,6.7,C1,MIN,Concentration1,SU,6.7,SU,6,SU,,12/31/2020
PR0025658,001,00400,pH,7.4,C3,MAX,Concentration3,SU,7.4,SU,9,SU,,12/31/2020
PR0025658,001,00400,pH,7.3,C3,MAX,Concentration3,SU,7.3,SU,9,SU,,01/31/2021
PR0025658,001,00400,pH,6.7,C1,MIN,Concentration1,SU,6.7,SU,6,SU,,01/31/2021
PR0025658,001,00400,pH,6.6,C1,MIN,Concentration1,SU,6.6,SU,6,SU,,02/28/2021
PR0025658,001,00400,pH,7.3,C3,MAX,Concentration3,SU,7.3,SU,9,SU,,02/28/2021
PR0025658,001,00400,pH,7.2,C3,MAX,Concentration3,SU,7.2,SU,9,SU,,03/31/2021
PR0025658,001,00400,pH,6.8,C1,MIN,Concentration1,SU,6.8,SU,6,SU,,03/31/2021
PR0025658,001,00400,pH,6.8,C1,MIN,Concentration1,SU,6.8,SU,6,SU,,04/30/2021
PR0025658,001,00400,pH,7.2,C3,MAX,Concentration3,SU,7.2,SU,9,SU,,04/30/2021
PR0025658,001,00400,pH,7.4,C3,MAX,Concentration3,SU,7.4,SU,9,SU,,05/31/2021
PR0025658,001,00400,pH,6.8,C1,MIN,Concentration1,SU,6.8,SU,6,SU,,05/31/2021
PR0025658,001,00400,pH,7,C3,MAX,Concentration3,SU,7,SU,9,SU,,06/30/2021
PR0025658,001,00400,pH,6.6,C1,MIN,Concentration1,SU,6.6,SU,6,SU,,06/30/2021
PR0025658,001,00400,pH,7.3,C3,MAX,Concentration3,SU,7.3,SU,9,SU,,07/31/2021
PR0025658,001,00400,pH,6.9,C1,MIN,Concentration1,SU,6.9,SU,6,SU,,07/31/2021
PR0025658,001,00400,pH,6.7,C1,MIN,Concentration1,SU,6.7,SU,6,SU,,08/31/2021
PR0025658,001,00400,pH,7.3,C3,MAX,Concentration3,SU,7.3,SU,9,SU,,08/31/2021
PR0025658,001,00400,pH,7.8,C3,MAX,Concentration3,SU,7.8,SU,9,SU,,09/30/2021
PR0025658,001,00400,pH,6.5,C1,MIN,Concentration1,SU,6.5,SU,6,SU,,09/30/2021
PR0025658,001,00400,pH,6.6,C1,MIN,Concentration1,SU,6.6,SU,6,SU,,10/31/2021
PR0025658,001,00400,pH,7.1,C3,MAX,Concentration3,SU,7.1,SU,9,SU,,10/31/2021
PR0025658,001,00400,pH,7.1,C3,MAX,Concentration3,SU,7.1,SU,9,SU,,11/30/2021
PR0025658,001,00400,pH,6.6,C1,MIN,Concentration1,SU,6.6,SU,6,SU,,11/30/2021
PR0025658,001,00400,pH,6.7,C1,MIN,Concentration1,SU,6.7,SU,6,SU,,12/31/2021
PR0025658,001,00400,pH,7.4,C3,MAX,Concentration3,SU,7.4,SU,9,SU,,12/31/2021
PR0025658,001,00400,pH,6.7,C1,MIN,Concentration1,SU,6.7,SU,6,SU,,01/31/2022
PR0025658,001,00400,pH,7.3,C3,MAX,Concentration3,SU,7.3,SU,9,SU,,01/31/2022
PR0025658,001,00400,pH,7.5,C3,MAX,Concentration3,SU,7.5,SU,9,SU,,02/28/2022
PR0025658,001,00400,pH,6.7,C1,MIN,Concentration1,SU,6.7,SU,6,SU,,02/28/2022
PR0025658,001,00400,pH,7.7,C3,MAX,Concentration3,SU,7.7,SU,9,SU,,03/31/2022
PR0025658,001,00400,pH,6.8,C1,MIN,Concentration1,SU,6.8,SU,6,SU,,03/31/2022
PR0025658,001,00400,pH,7.7,C3,MAX,Concentration3,SU,7.7,SU,9,SU,,04/30/2022
PR0025658,001,00400,pH,6.9,C1,MIN,Concentration1,SU,6.9,SU,6,SU,,04/30/2022
PR0025658,001,00400,pH,6.7,C1,MIN,Concentration1,SU,6.7,SU,6,SU,,05/31/2022
PR0025658,001,00400,pH,7.3,C3,MAX,Concentration3,SU,7.3,SU,9,SU,,05/31/2022
PR0025658,001,00400,pH,7.1,C1,MIN,Concentration1,SU,7.1,SU,6,SU,,06/30/2022
PR0025658,001,00400,pH,6.5,C3,MAX,Concentration3,SU,6.5,SU,9,SU,,06/30/2022
PR0025658,001,00400,pH,7.27,C3,MAX,Concentration3,SU,7.27,SU,9,SU,,07/31/2022
PR0025658,001,00400,pH,6.58,C1,MIN,Concentration1,SU,6.58,SU,6,SU,,07/31/2022
PR0025658,001,00400,pH,6.57,C1,MIN,Concentration1,SU,6.57,SU,6,SU,,08/31/2022
PR0025658,001,00400,pH,7.32,C3,MAX,Concentration3,SU,7.32,SU,9,SU,,08/31/2022
PR0025658,001,00400,pH,6.62,C1,MIN,Concentration1,SU,6.62,SU,6,SU,,09/30/2022
PR0025658,001,00400,pH,7.24,C3,MAX,Concentration3,SU,7.24,SU,9,SU,,09/30/2022
PR0025658,001,00400,pH,7.49,C3,MAX,Concentration3,SU,7.49,SU,9,SU,,10/31/2022
PR0025658,001,00400,pH,6.55,C1,MIN,Concentration1,SU,6.55,SU,6,SU,,10/31/2022
PR0025658,001,00400,pH,6.6,C1,MIN,Concentration1,SU,6.6,SU,6,SU,,11/30/2022
PR0025658,001,00400,pH,7.17,C3,MAX,Concentration3,SU,7.17,SU,9,SU,,11/30/2022
PR0025658,001,00400,pH,6.47,C1,MIN,Concentration1,SU,6.47,SU,6,SU,,12/31/2022
PR0025658,001,00400,pH,7.02,C3,MAX,Concentration3,SU,7.02,SU,9,SU,,12/31/2022
PR0025658,001,00400,pH,7.09,C3,MAX,Concentration3,SU,7.09,SU,9,SU,,01/31/2023
PR0025658,001,00400,pH,6.45,C1,MIN,Concentration1,SU,6.45,SU,6,SU,,01/31/2023
PR0025658,001,00400,pH,6.38,C1,MIN,Concentration1,SU,6.38,SU,6,SU,,02/28/2023
PR0025658,001,00400,pH,7.21,C3,MAX,Concentration3,SU,7.21,SU,9,SU,,02/28/2023
PR0025658,001,00400,pH,7.14,C3,MAX,Concentration3,SU,7.14,SU,9,SU,,03/31/2023
PR0025658,001,00400,pH,6.26,C1,MIN,Concentration1,SU,6.26,SU,6,SU,,03/31/2023
PR0025658,001,00400,pH,6.17,C1,MIN,Concentration1,SU,6.17,SU,6,SU,,04/30/2023
PR0025658,001,00400,pH,7.24,C3,MAX,Concentration3,SU,7.24,SU,9,SU,,04/30/2023
PR0025658,001,00400,pH,7.55,C3,MAX,Concentration3,SU,7.55,SU,9,SU,,05/31/2023
PR0025658,001,00400,pH,6.5,C1,MIN,Concentration1,SU,6.5,SU,6,SU,,05/31/2023
PR0025658,001,00400,pH,6.29,C1,MIN,Concentration1,SU,6.29,SU,6,SU,,06/30/2023
PR0025658,001,00400,pH,7.22,C3,MAX,Concentration3,SU,7.22,SU,9,SU,,06/30/2023
PR0025658,001,00400,pH,6.14,C1,MIN,Concentration1,SU,6.14,SU,6,SU,,07/31/2023
PR0025658,001,00400,pH,6.96,C3,MAX,Concentration3,SU,6.96,SU,9,SU,,07/31/2023
PR0025658,001,00400,pH,7.21,C3,MAX,Concentration3,SU,7.21,SU,9,SU,,08/31/2023
PR0025658,001,00400,pH,6.26,C1,MIN,Concentration1,SU,6.26,SU,6,SU,,08/31/2023
PR0025658,001,00400,pH,7.07,C3,MAX,Concentration3,SU,7.07,SU,9,SU,,09/30/2023
PR0025658,001,00400,pH,6.36,C1,MIN,Concentration1,SU,6.36,SU,6,SU,,09/30/2023
PR0025658,001,00400,pH,7.16,C3,MAX,Concentration3,SU,7.16,SU,9,SU,,10/31/2023
PR0025658,001,00400,pH,6.25,C1,MIN,Concentration1,SU,6.25,SU,6,SU,,10/31/2023
PR0025658,001,00400,pH,6.91,C3,MAX,Concentration3,SU,6.91,SU,9,SU,,11/30/2023
PR0025658,001,00400,pH,6.13,C1,MIN,Concentration1,SU,6.13,SU,6,SU,,11/30/2023
PR0025658,001,00400,pH,7.14,C3,MAX,Concentration3,SU,7.14,SU,9,SU,,12/31/2023
PR0025658,001,00400,pH,6.18,C1,MIN,Concentration1,SU,6.18,SU,6,SU,,12/31/2023
PR0025658,001,00400,pH,6.18,C3,MAX,Concentration3,SU,6.18,SU,9,SU,,01/31/2024
PR0025658,001,00400,pH,6.05,C1,MIN,Concentration1,SU,6.05,SU,6,SU,,01/31/2024
PR0025658,001,00400,pH,6.12,C1,MIN,Concentration1,SU,6.12,SU,6,SU,,02/29/2024
PR0025658,001,00400,pH,6.98,C3,MAX,Concentration3,SU,6.98,SU,9,SU,,02/29/2024
PR0025658,001,00400,pH,7.25,C3,MAX,Concentration3,SU,7.25,SU,9,SU,,03/31/2024
PR0025658,001,00400,pH,6.1,C1,MIN,Concentration1,SU,6.1,SU,6,SU,,03/31/2024
PR0025658,001,00400,pH,7.31,C3,MAX,Concentration3,SU,7.31,SU,9,SU,,04/30/2024
PR0025658,001,00400,pH,6.26,C1,MIN,Concentration1,SU,6.26,SU,6,SU,,04/30/2024
PR0025658,001,00400,pH,7.27,C3,MAX,Concentration3,SU,7.27,SU,9,SU,,05/31/2024
PR0025658,001,00400,pH,6.18,C1,MIN,Concentration1,SU,6.18,SU,6,SU,,05/31/2024
PR0025658,001,00400,pH,6.3,C1,MIN,Concentration1,SU,6.3,SU,6,SU,,06/30/2024
PR0025658,001,00400,pH,7.79,C3,MAX,Concentration3,SU,7.79,SU,9,SU,,06/30/2024
PR0025658,001,00400,pH,6.81,C1,MIN,Concentration1,SU,6.81,SU,6,SU,,07/31/2024
PR0025658,001,00400,pH,7.5,C3,MAX,Concentration3,SU,7.5,SU,9,SU,,07/31/2024
PR0025658,001,00400,pH,6.55,C1,MIN,Concentration1,SU,6.55,SU,6,SU,,08/31/2024
PR0025658,001,00400,pH,7.85,C3,MAX,Concentration3,SU,7.85,SU,9,SU,,08/31/2024
PR0025658,001,00400,pH,6.51,C3,MAX,Concentration3,SU,6.51,SU,9,SU,,09/30/2024
PR0025658,001,00400,pH,7.43,C1,MIN,Concentration1,SU,7.43,SU,6,SU,,09/30/2024
PR0025658,001,00400,pH,7.97,C3,MAX,Concentration3,SU,7.97,SU,9,SU,,10/31/2024
PR0025658,001,00400,pH,6.66,C1,MIN,Concentration1,SU,6.66,SU,6,SU,,10/31/2024
PR0025658,001,00400,pH,7.25,C3,MAX,Concentration3,SU,7.25,SU,9,SU,,11/30/2024
PR0025658,001,00400,pH,6.77,C1,MIN,Concentration1,SU,6.77,SU,6,SU,,11/30/2024
PR0025658,001,00400,pH,6.1,C1,MIN,Concentration1,SU,6.1,SU,6,SU,,12/31/2024
PR0025658,001,00400,pH,7.62,C3,MAX,Concentration3,SU,7.62,SU,9,SU,,12/31/2024
PR0025658,001,00400,pH,6.08,C1,MIN,Concentration1,SU,6.08,SU,6,SU,,01/31/2025
PR0025658,001,00400,pH,7.03,C3,MAX,Concentration3,SU,7.03,SU,9,SU,,01/31/2025
PR0025658,001,00400,pH,6.42,C1,MIN,Concentration1,SU,6.42,SU,6,SU,,02/28/2025
PR0025658,001,00400,pH,7.39,C3,MAX,Concentration3,SU,7.39,SU,9,SU,,02/28/2025
PR0025658,001,00400,pH,7.02,C3,MAX,Concentration3,SU,7.02,SU,9,SU,,03/31/2025
PR0025658,001,00400,pH,6.35,C1,MIN,Concentration1,SU,6.35,SU,6,SU,,03/31/2025
PR0025658,001,00400,pH,6.36,C1,MIN,Concentration1,SU,6.36,SU,6,SU,,04/30/2025
PR0025658,001,00400,pH,7.19,C3,MAX,Concentration3,SU,7.19,SU,9,SU,,04/30/2025
PR0025658,001,00400,pH,7.47,C3,MAX,Concentration3,SU,7.47,SU,9,SU,,05/31/2025
PR0025658,001,00400,pH,6.4,C1,MIN,Concentration1,SU,6.4,SU,6,SU,,05/31/2025
PR0025658,001,00400,pH,7.36,C3,MAX,Concentration3,SU,7.36,SU,9,SU,,06/30/2025
PR0025658,001,00400,pH,6.72,C1,MIN,Concentration1,SU,6.72,SU,6,SU,,06/30/2025
PR0025658,001,00400,pH,7.17,C3,MAX,Concentration3,SU,7.17,SU,9,SU,,07/31/2025
PR0025658,001,00400,pH,6.36,C1,MIN,Concentration1,SU,6.36,SU,6,SU,,07/31/2025
PR0025658,001,00400,pH,7.22,C3,MAX,Concentration3,SU,7.22,SU,9,SU,,08/31/2025
PR0025658,001,00400,pH,6.19,C1,MIN,Concentration1,SU,6.19,SU,6,SU,,08/31/2025
PR0025658,001,00400,pH,7.05,C3,MAX,Concentration3,SU,7.05,SU,9,SU,,09/30/2025
PR0025658,001,00400,pH,6.21,C1,MIN,Concentration1,SU,6.21,SU,6,SU,,09/30/2025
PR0025658,001,00400,pH,7.53,C3,MAX,Concentration3,SU,7.53,SU,9,SU,,10/31/2025
PR0025658,001,00400,pH,6.39,C1,MIN,Concentration1,SU,6.39,SU,6,SU,,10/31/2025
PR0025658,001,00400,pH,7.29,C3,MAX,Concentration3,SU,7.29,SU,9,SU,,11/30/2025
PR0025658,001,00400,pH,6.31,C1,MIN,Concentration1,SU,6.31,SU,6,SU,,11/30/2025
PR0025658,001,00400,pH,7.33,C3,MAX,Concentration3,SU,7.33,SU,9,SU,,12/31/2025
PR0025658,001,00400,pH,6.61,C1,MIN,Concentration1,SU,6.61,SU,6,SU,,12/31/2025
PR0025658,001,00400,pH,7.6,C3,MAX,Concentration3,SU,7.6,SU,9,SU,,01/31/2026
PR0025658,001,00400,pH,6.08,C1,MIN,Concentration1,SU,6.08,SU,6,SU,,01/31/2026
PR0025658,001,00530,"Solids, total suspended",6,Q1,AVG,Quantity1,kg/d,6,kg/d,113,kg/d,,01/31/2020
PR0025658,001,00530,"Solids, total suspended",3,C2,AVG,Concentration2,mg/L,3,mg/L,30,mg/L,,01/31/2020
PR0025658,001,00530,"Solids, total suspended",4,C3,AVG,Concentration3,mg/L,4,mg/L,45,mg/L,,01/31/2020
PR0025658,001,00530,"Solids, total suspended",7,Q2,AVG,Quantity2,kg/d,7,kg/d,170,kg/d,,01/31/2020
PR0025658,001,00530,"Solids, total suspended",4,C2,AVG,Concentration2,mg/L,4,mg/L,30,mg/L,,02/29/2020
PR0025658,001,00530,"Solids, total suspended",13,Q2,AVG,Quantity2,kg/d,13,kg/d,170,kg/d,,02/29/2020
PR0025658,001,00530,"Solids, total suspended",7,C3,AVG,Concentration3,mg/L,7,mg/L,45,mg/L,,02/29/2020
PR0025658,001,00530,"Solids, total suspended",7,Q1,AVG,Quantity1,kg/d,7,kg/d,113,kg/d,,02/29/2020
PR0025658,001,00530,"Solids, total suspended",3,C3,AVG,Concentration3,mg/L,3,mg/L,45,mg/L,,03/31/2020
PR0025658,001,00530,"Solids, total suspended",4,Q1,AVG,Quantity1,kg/d,4,kg/d,113,kg/d,,03/31/2020
PR0025658,001,00530,"Solids, total suspended",3,C2,AVG,Concentration2,mg/L,3,mg/L,30,mg/L,,03/31/2020
PR0025658,001,00530,"Solids, total suspended",5,Q2,AVG,Quantity2,kg/d,5,kg/d,170,kg/d,,03/31/2020
PR0025658,001,00530,"Solids, total suspended",2.5,C3,AVG,Concentration3,mg/L,2.5,mg/L,45,mg/L,,04/30/2020
PR0025658,001,00530,"Solids, total suspended",4,Q1,AVG,Quantity1,kg/d,4,kg/d,113,kg/d,,04/30/2020
PR0025658,001,00530,"Solids, total suspended",4,Q2,AVG,Quantity2,kg/d,4,kg/d,170,kg/d,,04/30/2020
PR0025658,001,00530,"Solids, total suspended",2.5,C2,AVG,Concentration2,mg/L,2.5,mg/L,30,mg/L,,04/30/2020
PR0025658,001,00530,"Solids, total suspended",4,C3,AVG,Concentration3,mg/L,4,mg/L,45,mg/L,,05/31/2020
PR0025658,001,00530,"Solids, total suspended",7,Q2,AVG,Quantity2,kg/d,7,kg/d,170,kg/d,,05/31/2020
PR0025658,001,00530,"Solids, total suspended",5,Q1,AVG,Quantity1,kg/d,5,kg/d,113,kg/d,,05/31/2020
PR0025658,001,00530,"Solids, total suspended",3,C2,AVG,Concentration2,mg/L,3,mg/L,30,mg/L,,05/31/2020
PR0025658,001,00530,"Solids, total suspended",7,Q2,AVG,Quantity2,kg/d,7,kg/d,170.3,kg/d,,06/30/2020
PR0025658,001,00530,"Solids, total suspended",5,Q1,AVG,Quantity1,kg/d,5,kg/d,113,kg/d,,06/30/2020
PR0025658,001,00530,"Solids, total suspended",4,C3,AVG,Concentration3,mg/L,4,mg/L,45,mg/L,,06/30/2020
PR0025658,001,00530,"Solids, total suspended",3,C2,AVG,Concentration2,mg/L,3,mg/L,30,mg/L,,06/30/2020
PR0025658,001,00530,"Solids, total suspended",6,Q1,AVG,Quantity1,kg/d,6,kg/d,113,kg/d,,07/31/2020
PR0025658,001,00530,"Solids, total suspended",3,C3,AVG,Concentration3,mg/L,3,mg/L,45,mg/L,,07/31/2020
PR0025658,001,00530,"Solids, total suspended",16,Q2,AVG,Quantity2,kg/d,16,kg/d,170.3,kg/d,,07/31/2020
PR0025658,001,00530,"Solids, total suspended",3,C2,AVG,Concentration2,mg/L,3,mg/L,30,mg/L,,07/31/2020
PR0025658,001,00530,"Solids, total suspended",3,C2,AVG,Concentration2,mg/L,3,mg/L,30,mg/L,,08/31/2020
PR0025658,001,00530,"Solids, total suspended",4,Q1,AVG,Quantity1,kg/d,4,kg/d,113,kg/d,,08/31/2020
PR0025658,001,00530,"Solids, total suspended",4,C3,AVG,Concentration3,mg/L,4,mg/L,45,mg/L,,08/31/2020
PR0025658,001,00530,"Solids, total suspended",5,Q2,AVG,Quantity2,kg/d,5,kg/d,170.3,kg/d,,08/31/2020
PR0025658,001,00530,"Solids, total suspended",8,Q2,AVG,Quantity2,kg/d,8,kg/d,170.3,kg/d,,09/30/2020
PR0025658,001,00530,"Solids, total suspended",6,C3,AVG,Concentration3,mg/L,6,mg/L,45,mg/L,,09/30/2020
PR0025658,001,00530,"Solids, total suspended",5,Q1,AVG,Quantity1,kg/d,5,kg/d,113,kg/d,,09/30/2020
PR0025658,001,00530,"Solids, total suspended",3,C2,AVG,Concentration2,mg/L,3,mg/L,30,mg/L,,09/30/2020
PR0025658,001,00530,"Solids, total suspended",14,Q1,AVG,Quantity1,kg/d,14,kg/d,113,kg/d,,10/31/2020
PR0025658,001,00530,"Solids, total suspended",24,Q2,AVG,Quantity2,kg/d,24,kg/d,170.3,kg/d,,10/31/2020
PR0025658,001,00530,"Solids, total suspended",6,C2,AVG,Concentration2,mg/L,6,mg/L,30,mg/L,,10/31/2020
PR0025658,001,00530,"Solids, total suspended",10,C3,AVG,Concentration3,mg/L,10,mg/L,45,mg/L,,10/31/2020
PR0025658,001,00530,"Solids, total suspended",141,Q2,AVG,Quantity2,kg/d,141,kg/d,170.3,kg/d,,11/30/2020
PR0025658,001,00530,"Solids, total suspended",57,Q1,AVG,Quantity1,kg/d,57,kg/d,113,kg/d,,11/30/2020
PR0025658,001,00530,"Solids, total suspended",28,C3,AVG,Concentration3,mg/L,28,mg/L,45,mg/L,,11/30/2020
PR0025658,001,00530,"Solids, total suspended",13,C2,AVG,Concentration2,mg/L,13,mg/L,30,mg/L,,11/30/2020
PR0025658,001,00530,"Solids, total suspended",4,C2,AVG,Concentration2,mg/L,4,mg/L,30,mg/L,,12/31/2020
PR0025658,001,00530,"Solids, total suspended",7,C3,AVG,Concentration3,mg/L,7,mg/L,45,mg/L,,12/31/2020
PR0025658,001,00530,"Solids, total suspended",8,Q1,AVG,Quantity1,kg/d,8,kg/d,113,kg/d,,12/31/2020
PR0025658,001,00530,"Solids, total suspended",17,Q2,AVG,Quantity2,kg/d,17,kg/d,170.3,kg/d,,12/31/2020
PR0025658,001,00530,"Solids, total suspended",919,Q2,AVG,Quantity2,kg/d,919,kg/d,170.3,kg/d,,01/31/2021
PR0025658,001,00530,"Solids, total suspended",234,Q1,AVG,Quantity1,kg/d,234,kg/d,113,kg/d,,01/31/2021
PR0025658,001,00530,"Solids, total suspended",640,C3,AVG,Concentration3,mg/L,640,mg/L,45,mg/L,,01/31/2021
PR0025658,001,00530,"Solids, total suspended",163,C2,AVG,Concentration2,mg/L,163,mg/L,30,mg/L,,01/31/2021
PR0025658,001,00530,"Solids, total suspended",4,C3,AVG,Concentration3,mg/L,4,mg/L,45,mg/L,,02/28/2021
PR0025658,001,00530,"Solids, total suspended",3,C2,AVG,Concentration2,mg/L,3,mg/L,30,mg/L,,02/28/2021
PR0025658,001,00530,"Solids, total suspended",6,Q2,AVG,Quantity2,kg/d,6,kg/d,170.3,kg/d,,02/28/2021
PR0025658,001,00530,"Solids, total suspended",5,Q1,AVG,Quantity1,kg/d,5,kg/d,113,kg/d,,02/28/2021
PR0025658,001,00530,"Solids, total suspended",10,Q2,AVG,Quantity2,kg/d,10,kg/d,170.3,kg/d,,03/31/2021
PR0025658,001,00530,"Solids, total suspended",5,C3,AVG,Concentration3,mg/L,5,mg/L,45,mg/L,,03/31/2021
PR0025658,001,00530,"Solids, total suspended",5,Q1,AVG,Quantity1,kg/d,5,kg/d,113,kg/d,,03/31/2021
PR0025658,001,00530,"Solids, total suspended",3,C2,AVG,Concentration2,mg/L,3,mg/L,30,mg/L,,03/31/2021
PR0025658,001,00530,"Solids, total suspended",4,C3,AVG,Concentration3,mg/L,4,mg/L,45,mg/L,,04/30/2021
PR0025658,001,00530,"Solids, total suspended",3,C2,AVG,Concentration2,mg/L,3,mg/L,30,mg/L,,04/30/2021
PR0025658,001,00530,"Solids, total suspended",7,Q2,AVG,Quantity2,kg/d,7,kg/d,170.3,kg/d,,04/30/2021
PR0025658,001,00530,"Solids, total suspended",5,Q1,AVG,Quantity1,kg/d,5,kg/d,113,kg/d,,04/30/2021
PR0025658,001,00530,"Solids, total suspended",11,Q2,AVG,Quantity2,kg/d,11,kg/d,170.3,kg/d,,05/31/2021
PR0025658,001,00530,"Solids, total suspended",6,Q1,AVG,Quantity1,kg/d,6,kg/d,113,kg/d,,05/31/2021
PR0025658,001,00530,"Solids, total suspended",8,C3,AVG,Concentration3,mg/L,8,mg/L,45,mg/L,,05/31/2021
PR0025658,001,00530,"Solids, total suspended",5,C2,AVG,Concentration2,mg/L,5,mg/L,30,mg/L,,05/31/2021
PR0025658,001,00530,"Solids, total suspended",7,C3,AVG,Concentration3,mg/L,7,mg/L,45,mg/L,,06/30/2021
PR0025658,001,00530,"Solids, total suspended",5,C2,AVG,Concentration2,mg/L,5,mg/L,30,mg/L,,06/30/2021
PR0025658,001,00530,"Solids, total suspended",16,Q2,AVG,Quantity2,kg/d,16,kg/d,170.3,kg/d,,06/30/2021
PR0025658,001,00530,"Solids, total suspended",7,Q1,AVG,Quantity1,kg/d,7,kg/d,113,kg/d,,06/30/2021
PR0025658,001,00530,"Solids, total suspended",6,Q2,AVG,Quantity2,kg/d,6,kg/d,170.3,kg/d,,07/31/2021
PR0025658,001,00530,"Solids, total suspended",5,Q1,AVG,Quantity1,kg/d,5,kg/d,113,kg/d,,07/31/2021
PR0025658,001,00530,"Solids, total suspended",5,C3,AVG,Concentration3,mg/L,5,mg/L,45,mg/L,,07/31/2021
PR0025658,001,00530,"Solids, total suspended",4,C2,AVG,Concentration2,mg/L,4,mg/L,30,mg/L,,07/31/2021
PR0025658,001,00530,"Solids, total suspended",4,C2,AVG,Concentration2,mg/L,4,mg/L,30,mg/L,,08/31/2021
PR0025658,001,00530,"Solids, total suspended",6,C3,AVG,Concentration3,mg/L,6,mg/L,45,mg/L,,08/31/2021
PR0025658,001,00530,"Solids, total suspended",6,Q1,AVG,Quantity1,kg/d,6,kg/d,113,kg/d,,08/31/2021
PR0025658,001,00530,"Solids, total suspended",9,Q2,AVG,Quantity2,kg/d,9,kg/d,170.3,kg/d,,08/31/2021
PR0025658,001,00530,"Solids, total suspended",5,C3,AVG,Concentration3,mg/L,5,mg/L,45,mg/L,,09/30/2021
PR0025658,001,00530,"Solids, total suspended",7,Q1,AVG,Quantity1,kg/d,7,kg/d,113,kg/d,,09/30/2021
PR0025658,001,00530,"Solids, total suspended",9,Q2,AVG,Quantity2,kg/d,9,kg/d,170.3,kg/d,,09/30/2021
PR0025658,001,00530,"Solids, total suspended",4,C2,AVG,Concentration2,mg/L,4,mg/L,30,mg/L,,09/30/2021
PR0025658,001,00530,"Solids, total suspended",9,Q2,AVG,Quantity2,kg/d,9,kg/d,170.3,kg/d,,10/31/2021
PR0025658,001,00530,"Solids, total suspended",5,Q1,AVG,Quantity1,kg/d,5,kg/d,113,kg/d,,10/31/2021
PR0025658,001,00530,"Solids, total suspended",5,C3,AVG,Concentration3,mg/L,5,mg/L,45,mg/L,,10/31/2021
PR0025658,001,00530,"Solids, total suspended",4,C2,AVG,Concentration2,mg/L,4,mg/L,30,mg/L,,10/31/2021
PR0025658,001,00530,"Solids, total suspended",6,Q2,AVG,Quantity2,kg/d,6,kg/d,170.3,kg/d,,11/30/2021
PR0025658,001,00530,"Solids, total suspended",4,Q1,AVG,Quantity1,kg/d,4,kg/d,113,kg/d,,11/30/2021
PR0025658,001,00530,"Solids, total suspended",5,C3,AVG,Concentration3,mg/L,5,mg/L,45,mg/L,,11/30/2021
PR0025658,001,00530,"Solids, total suspended",3,C2,AVG,Concentration2,mg/L,3,mg/L,30,mg/L,,11/30/2021
PR0025658,001,00530,"Solids, total suspended",3,C2,AVG,Concentration2,mg/L,3,mg/L,30,mg/L,,12/31/2021
PR0025658,001,00530,"Solids, total suspended",4,Q1,AVG,Quantity1,kg/d,4,kg/d,113,kg/d,,12/31/2021
PR0025658,001,00530,"Solids, total suspended",5,Q2,AVG,Quantity2,kg/d,5,kg/d,170.3,kg/d,,12/31/2021
PR0025658,001,00530,"Solids, total suspended",4,C3,AVG,Concentration3,mg/L,4,mg/L,45,mg/L,,12/31/2021
PR0025658,001,00530,"Solids, total suspended",5,C3,AVG,Concentration3,mg/L,5,mg/L,45,mg/L,,01/31/2022
PR0025658,001,00530,"Solids, total suspended",4,Q1,AVG,Quantity1,kg/d,4,kg/d,113,kg/d,,01/31/2022
PR0025658,001,00530,"Solids, total suspended",6,Q2,AVG,Quantity2,kg/d,6,kg/d,170.3,kg/d,,01/31/2022
PR0025658,001,00530,"Solids, total suspended",4,C2,AVG,Concentration2,mg/L,4,mg/L,30,mg/L,,01/31/2022
PR0025658,001,00530,"Solids, total suspended",3,C2,AVG,Concentration2,mg/L,3,mg/L,30,mg/L,,02/28/2022
PR0025658,001,00530,"Solids, total suspended",4,C3,AVG,Concentration3,mg/L,4,mg/L,45,mg/L,,02/28/2022
PR0025658,001,00530,"Solids, total suspended",4,Q1,AVG,Quantity1,kg/d,4,kg/d,113,kg/d,,02/28/2022
PR0025658,001,00530,"Solids, total suspended",6,Q2,AVG,Quantity2,kg/d,6,kg/d,170.3,kg/d,,02/28/2022
PR0025658,001,00530,"Solids, total suspended",6,C3,AVG,Concentration3,mg/L,6,mg/L,45,mg/L,,03/31/2022
PR0025658,001,00530,"Solids, total suspended",5,Q1,AVG,Quantity1,kg/d,5,kg/d,113,kg/d,,03/31/2022
PR0025658,001,00530,"Solids, total suspended",10,Q2,AVG,Quantity2,kg/d,10,kg/d,170.3,kg/d,,03/31/2022
PR0025658,001,00530,"Solids, total suspended",4,C2,AVG,Concentration2,mg/L,4,mg/L,30,mg/L,,03/31/2022
PR0025658,001,00530,"Solids, total suspended",10,C3,AVG,Concentration3,mg/L,10,mg/L,45,mg/L,,04/30/2022
PR0025658,001,00530,"Solids, total suspended",5,C2,AVG,Concentration2,mg/L,5,mg/L,30,mg/L,,04/30/2022
PR0025658,001,00530,"Solids, total suspended",6,Q1,AVG,Quantity1,kg/d,6,kg/d,113,kg/d,,04/30/2022
PR0025658,001,00530,"Solids, total suspended",14,Q2,AVG,Quantity2,kg/d,14,kg/d,170.3,kg/d,,04/30/2022
PR0025658,001,00530,"Solids, total suspended",4,Q2,AVG,Quantity2,kg/d,4,kg/d,170.3,kg/d,,05/31/2022
PR0025658,001,00530,"Solids, total suspended",2.5,C3,AVG,Concentration3,mg/L,2.5,mg/L,45,mg/L,,05/31/2022
PR0025658,001,00530,"Solids, total suspended",2.5,C2,AVG,Concentration2,mg/L,2.5,mg/L,30,mg/L,,05/31/2022
PR0025658,001,00530,"Solids, total suspended",3,Q1,AVG,Quantity1,kg/d,3,kg/d,113,kg/d,,05/31/2022
PR0025658,001,00530,"Solids, total suspended",3,C2,AVG,Concentration2,mg/L,3,mg/L,30,mg/L,,06/30/2022
PR0025658,001,00530,"Solids, total suspended",3,C3,AVG,Concentration3,mg/L,3,mg/L,45,mg/L,,06/30/2022
PR0025658,001,00530,"Solids, total suspended",4,Q2,AVG,Quantity2,kg/d,4,kg/d,170.3,kg/d,,06/30/2022
PR0025658,001,00530,"Solids, total suspended",3,Q1,AVG,Quantity1,kg/d,3,kg/d,113,kg/d,,06/30/2022
PR0025658,001,00530,"Solids, total suspended",3,Q1,AVG,Quantity1,kg/d,3,kg/d,113,kg/d,,07/31/2022
PR0025658,001,00530,"Solids, total suspended",3,C2,AVG,Concentration2,mg/L,3,mg/L,30,mg/L,,07/31/2022
PR0025658,001,00530,"Solids, total suspended",7,Q2,AVG,Quantity2,kg/d,7,kg/d,170.3,kg/d,,07/31/2022
PR0025658,001,00530,"Solids, total suspended",3,C3,AVG,Concentration3,mg/L,3,mg/L,45,mg/L,,07/31/2022
PR0025658,001,00530,"Solids, total suspended",3,C3,AVG,Concentration3,mg/L,3,mg/L,45,mg/L,,08/31/2022
PR0025658,001,00530,"Solids, total suspended",3,C2,AVG,Concentration2,mg/L,3,mg/L,30,mg/L,,08/31/2022
PR0025658,001,00530,"Solids, total suspended",2,Q1,AVG,Quantity1,kg/d,2,kg/d,113,kg/d,,08/31/2022
PR0025658,001,00530,"Solids, total suspended",2,Q2,AVG,Quantity2,kg/d,2,kg/d,170.3,kg/d,,08/31/2022
PR0025658,001,00530,"Solids, total suspended",6,Q2,AVG,Quantity2,kg/d,6,kg/d,170.3,kg/d,,09/30/2022
PR0025658,001,00530,"Solids, total suspended",3,Q1,AVG,Quantity1,kg/d,3,kg/d,113,kg/d,,09/30/2022
PR0025658,001,00530,"Solids, total suspended",4,C3,AVG,Concentration3,mg/L,4,mg/L,45,mg/L,,09/30/2022
PR0025658,001,00530,"Solids, total suspended",3,C2,AVG,Concentration2,mg/L,3,mg/L,30,mg/L,,09/30/2022
PR0025658,001,00530,"Solids, total suspended",3,C3,AVG,Concentration3,mg/L,3,mg/L,45,mg/L,,10/31/2022
PR0025658,001,00530,"Solids, total suspended",3,C2,AVG,Concentration2,mg/L,3,mg/L,30,mg/L,,10/31/2022
PR0025658,001,00530,"Solids, total suspended",2,Q1,AVG,Quantity1,kg/d,2,kg/d,113,kg/d,,10/31/2022
PR0025658,001,00530,"Solids, total suspended",4,Q2,AVG,Quantity2,kg/d,4,kg/d,170.3,kg/d,,10/31/2022
PR0025658,001,00530,"Solids, total suspended",8,Q2,AVG,Quantity2,kg/d,8,kg/d,170.3,kg/d,,11/30/2022
PR0025658,001,00530,"Solids, total suspended",4,Q1,AVG,Quantity1,kg/d,4,kg/d,113,kg/d,,11/30/2022
PR0025658,001,00530,"Solids, total suspended",8,C3,AVG,Concentration3,mg/L,8,mg/L,45,mg/L,,11/30/2022
PR0025658,001,00530,"Solids, total suspended",4,C2,AVG,Concentration2,mg/L,4,mg/L,30,mg/L,,11/30/2022
PR0025658,001,00530,"Solids, total suspended",3,C2,AVG,Concentration2,mg/L,3,mg/L,30,mg/L,,12/31/2022
PR0025658,001,00530,"Solids, total suspended",3,C3,AVG,Concentration3,mg/L,3,mg/L,45,mg/L,,12/31/2022
PR0025658,001,00530,"Solids, total suspended",2,Q2,AVG,Quantity2,kg/d,2,kg/d,170.3,kg/d,,12/31/2022
PR0025658,001,00530,"Solids, total suspended",2,Q1,AVG,Quantity1,kg/d,2,kg/d,113,kg/d,,12/31/2022
PR0025658,001,00530,"Solids, total suspended",3,Q2,AVG,Quantity2,kg/d,3,kg/d,170.3,kg/d,,01/31/2023
PR0025658,001,00530,"Solids, total suspended",2,Q1,AVG,Quantity1,kg/d,2,kg/d,113,kg/d,,01/31/2023
PR0025658,001,00530,"Solids, total suspended",3,C3,AVG,Concentration3,mg/L,3,mg/L,45,mg/L,,01/31/2023
PR0025658,001,00530,"Solids, total suspended",3,C2,AVG,Concentration2,mg/L,3,mg/L,30,mg/L,,01/31/2023
PR0025658,001,00530,"Solids, total suspended",3,C2,AVG,Concentration2,mg/L,3,mg/L,30,mg/L,,02/28/2023
PR0025658,001,00530,"Solids, total suspended",4,C3,AVG,Concentration3,mg/L,4,mg/L,45,mg/L,,02/28/2023
PR0025658,001,00530,"Solids, total suspended",3,Q2,AVG,Quantity2,kg/d,3,kg/d,170.3,kg/d,,02/28/2023
PR0025658,001,00530,"Solids, total suspended",2,Q1,AVG,Quantity1,kg/d,2,kg/d,113,kg/d,,02/28/2023
PR0025658,001,00530,"Solids, total suspended",5,C3,AVG,Concentration3,mg/L,5,mg/L,45,mg/L,,03/31/2023
PR0025658,001,00530,"Solids, total suspended",4,Q2,AVG,Quantity2,kg/d,4,kg/d,170.3,kg/d,,03/31/2023
PR0025658,001,00530,"Solids, total suspended",3,C2,AVG,Concentration2,mg/L,3,mg/L,30,mg/L,,03/31/2023
PR0025658,001,00530,"Solids, total suspended",2,Q1,AVG,Quantity1,kg/d,2,kg/d,113,kg/d,,03/31/2023
PR0025658,001,00530,"Solids, total suspended",2,Q1,AVG,Quantity1,kg/d,2,kg/d,113,kg/d,,04/30/2023
PR0025658,001,00530,"Solids, total suspended",3,Q2,AVG,Quantity2,kg/d,3,kg/d,170.3,kg/d,,04/30/2023
PR0025658,001,00530,"Solids, total suspended",3,C2,AVG,Concentration2,mg/L,3,mg/L,30,mg/L,,04/30/2023
PR0025658,001,00530,"Solids, total suspended",3,C3,AVG,Concentration3,mg/L,3,mg/L,45,mg/L,,04/30/2023
PR0025658,001,00530,"Solids, total suspended",5,C3,AVG,Concentration3,mg/L,5,mg/L,45,mg/L,,05/31/2023
PR0025658,001,00530,"Solids, total suspended",3,C2,AVG,Concentration2,mg/L,3,mg/L,30,mg/L,,05/31/2023
PR0025658,001,00530,"Solids, total suspended",5,Q2,AVG,Quantity2,kg/d,5,kg/d,170.3,kg/d,,05/31/2023
PR0025658,001,00530,"Solids, total suspended",3,Q1,AVG,Quantity1,kg/d,3,kg/d,113,kg/d,,05/31/2023
PR0025658,001,00530,"Solids, total suspended",2.5,C3,AVG,Concentration3,mg/L,2.5,mg/L,45,mg/L,,06/30/2023
PR0025658,001,00530,"Solids, total suspended",2.5,C2,AVG,Concentration2,mg/L,2.5,mg/L,30,mg/L,,06/30/2023
PR0025658,001,00530,"Solids, total suspended",2,Q1,AVG,Quantity1,kg/d,2,kg/d,113,kg/d,,06/30/2023
PR0025658,001,00530,"Solids, total suspended",3,Q2,AVG,Quantity2,kg/d,3,kg/d,170.3,kg/d,,06/30/2023
PR0025658,001,00530,"Solids, total suspended",2,Q1,AVG,Quantity1,kg/d,2,kg/d,113,kg/d,,07/31/2023
PR0025658,001,00530,"Solids, total suspended",2,Q2,AVG,Quantity2,kg/d,2,kg/d,170.3,kg/d,,07/31/2023
PR0025658,001,00530,"Solids, total suspended",3,C2,AVG,Concentration2,mg/L,3,mg/L,30,mg/L,,07/31/2023
PR0025658,001,00530,"Solids, total suspended",3,C3,AVG,Concentration3,mg/L,3,mg/L,45,mg/L,,07/31/2023
PR0025658,001,00530,"Solids, total suspended",2,C2,AVG,Concentration2,mg/L,2,mg/L,30,mg/L,,08/31/2023
PR0025658,001,00530,"Solids, total suspended",2,C3,AVG,Concentration3,mg/L,2,mg/L,45,mg/L,,08/31/2023
PR0025658,001,00530,"Solids, total suspended",2,Q2,AVG,Quantity2,kg/d,2,kg/d,170.3,kg/d,,08/31/2023
PR0025658,001,00530,"Solids, total suspended",2,Q1,AVG,Quantity1,kg/d,2,kg/d,113,kg/d,,08/31/2023
PR0025658,001,00530,"Solids, total suspended",2,Q2,AVG,Quantity2,kg/d,2,kg/d,170.3,kg/d,,09/30/2023
PR0025658,001,00530,"Solids, total suspended",2.5,C3,AVG,Concentration3,mg/L,2.5,mg/L,45,mg/L,,09/30/2023
PR0025658,001,00530,"Solids, total suspended",2,Q1,AVG,Quantity1,kg/d,2,kg/d,113,kg/d,,09/30/2023
PR0025658,001,00530,"Solids, total suspended",2.5,C2,AVG,Concentration2,mg/L,2.5,mg/L,30,mg/L,,09/30/2023
PR0025658,001,00530,"Solids, total suspended",3,C3,AVG,Concentration3,mg/L,3,mg/L,45,mg/L,,10/31/2023
PR0025658,001,00530,"Solids, total suspended",3,C2,AVG,Concentration2,mg/L,3,mg/L,30,mg/L,,10/31/2023
PR0025658,001,00530,"Solids, total suspended",2,Q1,AVG,Quantity1,kg/d,2,kg/d,113,kg/d,,10/31/2023
PR0025658,001,00530,"Solids, total suspended",2,Q2,AVG,Quantity2,kg/d,2,kg/d,170.3,kg/d,,10/31/2023
PR0025658,001,00530,"Solids, total suspended",3,Q2,AVG,Quantity2,kg/d,3,kg/d,170.3,kg/d,,11/30/2023
PR0025658,001,00530,"Solids, total suspended",2,Q1,AVG,Quantity1,kg/d,2,kg/d,113,kg/d,,11/30/2023
PR0025658,001,00530,"Solids, total suspended",2.5,C2,AVG,Concentration2,mg/L,2.5,mg/L,30,mg/L,,11/30/2023
PR0025658,001,00530,"Solids, total suspended",2.5,C3,AVG,Concentration3,mg/L,2.5,mg/L,45,mg/L,,11/30/2023
PR0025658,001,00530,"Solids, total suspended",2.5,C2,AVG,Concentration2,mg/L,2.5,mg/L,30,mg/L,,12/31/2023
PR0025658,001,00530,"Solids, total suspended",2,Q1,AVG,Quantity1,kg/d,2,kg/d,113,kg/d,,12/31/2023
PR0025658,001,00530,"Solids, total suspended",2,Q2,AVG,Quantity2,kg/d,2,kg/d,170.3,kg/d,,12/31/2023
PR0025658,001,00530,"Solids, total suspended",2.5,C3,AVG,Concentration3,mg/L,2.5,mg/L,45,mg/L,,12/31/2023
PR0025658,001,00530,"Solids, total suspended",2.5,C3,AVG,Concentration3,mg/L,2.5,mg/L,45,mg/L,,01/31/2024
PR0025658,001,00530,"Solids, total suspended",2,Q1,AVG,Quantity1,kg/d,2,kg/d,113,kg/d,,01/31/2024
PR0025658,001,00530,"Solids, total suspended",2,Q2,AVG,Quantity2,kg/d,2,kg/d,170.3,kg/d,,01/31/2024
PR0025658,001,00530,"Solids, total suspended",2.5,C2,AVG,Concentration2,mg/L,2.5,mg/L,30,mg/L,,01/31/2024
PR0025658,001,00530,"Solids, total suspended",5,C2,AVG,Concentration2,mg/L,5,mg/L,30,mg/L,,02/29/2024
PR0025658,001,00530,"Solids, total suspended",9,C3,AVG,Concentration3,mg/L,9,mg/L,45,mg/L,,02/29/2024
PR0025658,001,00530,"Solids, total suspended",5,Q1,AVG,Quantity1,kg/d,5,kg/d,113,kg/d,,02/29/2024
PR0025658,001,00530,"Solids, total suspended",9,Q2,AVG,Quantity2,kg/d,9,kg/d,170.3,kg/d,,02/29/2024
PR0025658,001,00530,"Solids, total suspended",3,C3,AVG,Concentration3,mg/L,3,mg/L,45,mg/L,,03/31/2024
PR0025658,001,00530,"Solids, total suspended",5,Q1,AVG,Quantity1,kg/d,5,kg/d,113,kg/d,,03/31/2024
PR0025658,001,00530,"Solids, total suspended",6,Q2,AVG,Quantity2,kg/d,6,kg/d,170.3,kg/d,,03/31/2024
PR0025658,001,00530,"Solids, total suspended",3,C2,AVG,Concentration2,mg/L,3,mg/L,30,mg/L,,03/31/2024
PR0025658,001,00530,"Solids, total suspended",4,C3,AVG,Concentration3,mg/L,4,mg/L,45,mg/L,,04/30/2024
PR0025658,001,00530,"Solids, total suspended",3,C2,AVG,Concentration2,mg/L,3,mg/L,30,mg/L,,04/30/2024
PR0025658,001,00530,"Solids, total suspended",8,Q1,AVG,Quantity1,kg/d,8,kg/d,113,kg/d,,04/30/2024
PR0025658,001,00530,"Solids, total suspended",10,Q2,AVG,Quantity2,kg/d,10,kg/d,170.3,kg/d,,04/30/2024
PR0025658,001,00530,"Solids, total suspended",44,Q2,AVG,Quantity2,kg/d,44,kg/d,170.3,kg/d,,05/31/2024
PR0025658,001,00530,"Solids, total suspended",4,C2,AVG,Concentration2,mg/L,4,mg/L,30,mg/L,,05/31/2024
PR0025658,001,00530,"Solids, total suspended",8,C3,AVG,Concentration3,mg/L,8,mg/L,45,mg/L,,05/31/2024
PR0025658,001,00530,"Solids, total suspended",14,Q1,AVG,Quantity1,kg/d,14,kg/d,113,kg/d,,05/31/2024
PR0025658,001,00530,"Solids, total suspended",3,C2,AVG,Concentration2,mg/L,3,mg/L,30,mg/L,,06/30/2024
PR0025658,001,00530,"Solids, total suspended",3,C3,AVG,Concentration3,mg/L,3,mg/L,45,mg/L,,06/30/2024
PR0025658,001,00530,"Solids, total suspended",11,Q2,AVG,Quantity2,kg/d,11,kg/d,170.3,kg/d,,06/30/2024
PR0025658,001,00530,"Solids, total suspended",7,Q1,AVG,Quantity1,kg/d,7,kg/d,113,kg/d,,06/30/2024
PR0025658,001,00530,"Solids, total suspended",6,Q2,AVG,Quantity2,kg/d,6,kg/d,170.3,kg/d,,07/31/2024
PR0025658,001,00530,"Solids, total suspended",2.5,C3,AVG,Concentration3,mg/L,2.5,mg/L,45,mg/L,,07/31/2024
PR0025658,001,00530,"Solids, total suspended",3,Q1,AVG,Quantity1,kg/d,3,kg/d,113,kg/d,,07/31/2024
PR0025658,001,00530,"Solids, total suspended",2.5,C2,AVG,Concentration2,mg/L,2.5,mg/L,30,mg/L,,07/31/2024
PR0025658,001,00530,"Solids, total suspended",2.5,C3,AVG,Concentration3,mg/L,2.5,mg/L,45,mg/L,,08/31/2024
PR0025658,001,00530,"Solids, total suspended",2.5,C2,AVG,Concentration2,mg/L,2.5,mg/L,30,mg/L,,08/31/2024
PR0025658,001,00530,"Solids, total suspended",5,Q1,AVG,Quantity1,kg/d,5,kg/d,113,kg/d,,08/31/2024
PR0025658,001,00530,"Solids, total suspended",6,Q2,AVG,Quantity2,kg/d,6,kg/d,170.3,kg/d,,08/31/2024
PR0025658,001,00530,"Solids, total suspended",13,Q2,AVG,Quantity2,kg/d,13,kg/d,170.3,kg/d,,09/30/2024
PR0025658,001,00530,"Solids, total suspended",8,Q1,AVG,Quantity1,kg/d,8,kg/d,113,kg/d,,09/30/2024
PR0025658,001,00530,"Solids, total suspended",3,C3,AVG,Concentration3,mg/L,3,mg/L,45,mg/L,,09/30/2024
PR0025658,001,00530,"Solids, total suspended",3,C2,AVG,Concentration2,mg/L,3,mg/L,30,mg/L,,09/30/2024
PR0025658,001,00530,"Solids, total suspended",2.5,C3,AVG,Concentration3,mg/L,2.5,mg/L,45,mg/L,,10/31/2024
PR0025658,001,00530,"Solids, total suspended",2.5,C2,AVG,Concentration2,mg/L,2.5,mg/L,30,mg/L,,10/31/2024
PR0025658,001,00530,"Solids, total suspended",6,Q1,AVG,Quantity1,kg/d,6,kg/d,113,kg/d,,10/31/2024
PR0025658,001,00530,"Solids, total suspended",6,Q2,AVG,Quantity2,kg/d,6,kg/d,170.3,kg/d,,10/31/2024
PR0025658,001,00530,"Solids, total suspended",7,Q2,AVG,Quantity2,kg/d,7,kg/d,170.3,kg/d,,11/30/2024
PR0025658,001,00530,"Solids, total suspended",6,Q1,AVG,Quantity1,kg/d,6,kg/d,113,kg/d,,11/30/2024
PR0025658,001,00530,"Solids, total suspended",3,C3,AVG,Concentration3,mg/L,3,mg/L,45,mg/L,,11/30/2024
PR0025658,001,00530,"Solids, total suspended",3,C2,AVG,Concentration2,mg/L,3,mg/L,30,mg/L,,11/30/2024
PR0025658,001,00530,"Solids, total suspended",3,C2,AVG,Concentration2,mg/L,3,mg/L,30,mg/L,,12/31/2024
PR0025658,001,00530,"Solids, total suspended",4,C3,AVG,Concentration3,mg/L,4,mg/L,45,mg/L,,12/31/2024
PR0025658,001,00530,"Solids, total suspended",8,Q2,AVG,Quantity2,kg/d,8,kg/d,170.3,kg/d,,12/31/2024
PR0025658,001,00530,"Solids, total suspended",6,Q1,AVG,Quantity1,kg/d,6,kg/d,113,kg/d,,12/31/2024
PR0025658,001,00530,"Solids, total suspended",5,Q2,AVG,Quantity2,kg/d,5,kg/d,170.3,kg/d,,01/31/2025
PR0025658,001,00530,"Solids, total suspended",5,Q1,AVG,Quantity1,kg/d,5,kg/d,113,kg/d,,01/31/2025
PR0025658,001,00530,"Solids, total suspended",3,C3,AVG,Concentration3,mg/L,3,mg/L,45,mg/L,,01/31/2025
PR0025658,001,00530,"Solids, total suspended",3,C2,AVG,Concentration2,mg/L,3,mg/L,30,mg/L,,01/31/2025
PR0025658,001,00530,"Solids, total suspended",3,C3,AVG,Concentration3,mg/L,3,mg/L,45,mg/L,,02/28/2025
PR0025658,001,00530,"Solids, total suspended",5,Q2,AVG,Quantity2,kg/d,5,kg/d,170.3,kg/d,,02/28/2025
PR0025658,001,00530,"Solids, total suspended",4,Q1,AVG,Quantity1,kg/d,4,kg/d,113,kg/d,,02/28/2025
PR0025658,001,00530,"Solids, total suspended",3,C2,AVG,Concentration2,mg/L,3,mg/L,30,mg/L,,02/28/2025
PR0025658,001,00530,"Solids, total suspended",4,C3,AVG,Concentration3,mg/L,4,mg/L,45,mg/L,,03/31/2025
PR0025658,001,00530,"Solids, total suspended",8,Q2,AVG,Quantity2,kg/d,8,kg/d,170.3,kg/d,,03/31/2025
PR0025658,001,00530,"Solids, total suspended",7,Q1,AVG,Quantity1,kg/d,7,kg/d,113,kg/d,,03/31/2025
PR0025658,001,00530,"Solids, total suspended",3,C2,AVG,Concentration2,mg/L,3,mg/L,30,mg/L,,03/31/2025
PR0025658,001,00530,"Solids, total suspended",4,C2,AVG,Concentration2,mg/L,4,mg/L,30,mg/L,,04/30/2025
PR0025658,001,00530,"Solids, total suspended",8,C3,AVG,Concentration3,mg/L,8,mg/L,45,mg/L,,04/30/2025
PR0025658,001,00530,"Solids, total suspended",7,Q1,AVG,Quantity1,kg/d,7,kg/d,113,kg/d,,04/30/2025
PR0025658,001,00530,"Solids, total suspended",13,Q2,AVG,Quantity2,kg/d,13,kg/d,170.3,kg/d,,04/30/2025
PR0025658,001,00530,"Solids, total suspended",6,C3,AVG,Concentration3,mg/L,6,mg/L,45,mg/L,,05/31/2025
PR0025658,001,00530,"Solids, total suspended",10,Q1,AVG,Quantity1,kg/d,10,kg/d,113,kg/d,,05/31/2025
PR0025658,001,00530,"Solids, total suspended",14,Q2,AVG,Quantity2,kg/d,14,kg/d,170.3,kg/d,,05/31/2025
PR0025658,001,00530,"Solids, total suspended",4,C2,AVG,Concentration2,mg/L,4,mg/L,30,mg/L,,05/31/2025
PR0025658,001,00530,"Solids, total suspended",3,C3,AVG,Concentration3,mg/L,3,mg/L,45,mg/L,,06/30/2025
PR0025658,001,00530,"Solids, total suspended",3,C2,AVG,Concentration2,mg/L,3,mg/L,30,mg/L,,06/30/2025
PR0025658,001,00530,"Solids, total suspended",5,Q1,AVG,Quantity1,kg/d,5,kg/d,113,kg/d,,06/30/2025
PR0025658,001,00530,"Solids, total suspended",5,Q2,AVG,Quantity2,kg/d,5,kg/d,170.3,kg/d,,06/30/2025
PR0025658,001,00530,"Solids, total suspended",6,Q2,AVG,Quantity2,kg/d,6,kg/d,170.3,kg/d,,07/31/2025
PR0025658,001,00530,"Solids, total suspended",4,Q1,AVG,Quantity1,kg/d,4,kg/d,113,kg/d,,07/31/2025
PR0025658,001,00530,"Solids, total suspended",2.5,C3,AVG,Concentration3,mg/L,2.5,mg/L,45,mg/L,,07/31/2025
PR0025658,001,00530,"Solids, total suspended",2.5,C2,AVG,Concentration2,mg/L,2.5,mg/L,30,mg/L,,07/31/2025
PR0025658,001,00530,"Solids, total suspended",6,Q1,AVG,Quantity1,kg/d,6,kg/d,113,kg/d,,08/31/2025
PR0025658,001,00530,"Solids, total suspended",3,C2,AVG,Concentration2,mg/L,3,mg/L,30,mg/L,,08/31/2025
PR0025658,001,00530,"Solids, total suspended",4,C3,AVG,Concentration3,mg/L,4,mg/L,45,mg/L,,08/31/2025
PR0025658,001,00530,"Solids, total suspended",8,Q2,AVG,Quantity2,kg/d,8,kg/d,170.3,kg/d,,08/31/2025
PR0025658,001,00530,"Solids, total suspended",7,Q2,AVG,Quantity2,kg/d,7,kg/d,170.3,kg/d,,09/30/2025
PR0025658,001,00530,"Solids, total suspended",2.5,C3,AVG,Concentration3,mg/L,2.5,mg/L,45,mg/L,,09/30/2025
PR0025658,001,00530,"Solids, total suspended",6,Q1,AVG,Quantity1,kg/d,6,kg/d,113,kg/d,,09/30/2025
PR0025658,001,00530,"Solids, total suspended",2.5,C2,AVG,Concentration2,mg/L,2.5,mg/L,30,mg/L,,09/30/2025
PR0025658,001,00530,"Solids, total suspended",3,C2,AVG,Concentration2,mg/L,3,mg/L,30,mg/L,,10/31/2025
PR0025658,001,00530,"Solids, total suspended",6,C3,AVG,Concentration3,mg/L,6,mg/L,45,mg/L,,10/31/2025
PR0025658,001,00530,"Solids, total suspended",6,Q2,AVG,Quantity2,kg/d,6,kg/d,170.3,kg/d,,10/31/2025
PR0025658,001,00530,"Solids, total suspended",4,Q1,AVG,Quantity1,kg/d,4,kg/d,113,kg/d,,10/31/2025
PR0025658,001,00530,"Solids, total suspended",2.5,C2,AVG,Concentration2,mg/L,2.5,mg/L,30,mg/L,,11/30/2025
PR0025658,001,00530,"Solids, total suspended",7,Q2,AVG,Quantity2,kg/d,7,kg/d,170.3,kg/d,,11/30/2025
PR0025658,001,00530,"Solids, total suspended",2.5,C3,AVG,Concentration3,mg/L,2.5,mg/L,45,mg/L,,11/30/2025
PR0025658,001,00530,"Solids, total suspended",5,Q1,AVG,Quantity1,kg/d,5,kg/d,113,kg/d,,11/30/2025
PR0025658,001,00530,"Solids, total suspended",2.5,C2,AVG,Concentration2,mg/L,2.5,mg/L,30,mg/L,,12/31/2025
PR0025658,001,00530,"Solids, total suspended",2.5,C3,AVG,Concentration3,mg/L,2.5,mg/L,45,mg/L,,12/31/2025
PR0025658,001,00530,"Solids, total suspended",5,Q1,AVG,Quantity1,kg/d,5,kg/d,113,kg/d,,12/31/2025
PR0025658,001,00530,"Solids, total suspended",7,Q2,AVG,Quantity2,kg/d,7,kg/d,170.3,kg/d,,12/31/2025
PR0025658,001,00530,"Solids, total suspended",6,Q2,AVG,Quantity2,kg/d,6,kg/d,170.3,kg/d,,01/31/2026
PR0025658,001,00530,"Solids, total suspended",3,C2,AVG,Concentration2,mg/L,3,mg/L,30,mg/L,,01/31/2026
PR0025658,001,00530,"Solids, total suspended",4,C3,AVG,Concentration3,mg/L,4,mg/L,45,mg/L,,01/31/2026
PR0025658,001,00530,"Solids, total suspended",4,Q1,AVG,Quantity1,kg/d,4,kg/d,113,kg/d,,01/31/2026
PR0025658,001,00545,"Solids, settleable",0,C3,MAX,Concentration3,mL/L,0,mg/L,,mL/L,,01/31/2020
PR0025658,001,00545,"Solids, settleable",0,C3,MAX,Concentration3,mL/L,0,mg/L,,mL/L,,02/29/2020
PR0025658,001,00545,"Solids, settleable",0,C3,MAX,Concentration3,mL/L,0,mg/L,,mL/L,,03/31/2020
PR0025658,001,00545,"Solids, settleable",0,C3,MAX,Concentration3,mL/L,0,mg/L,,mL/L,,04/30/2020
PR0025658,001,00545,"Solids, settleable",0,C3,MAX,Concentration3,mL/L,0,mg/L,,mL/L,,05/31/2020
PR0025658,001,00545,"Solids, settleable",0,C3,MAX,Concentration3,mL/L,0,mg/L,,mL/L,,06/30/2020
PR0025658,001,00545,"Solids, settleable",0,C3,MAX,Concentration3,mL/L,0,mg/L,,mL/L,,07/31/2020
PR0025658,001,00545,"Solids, settleable",0,C3,MAX,Concentration3,mL/L,0,mg/L,,mL/L,,08/31/2020
PR0025658,001,00545,"Solids, settleable",0,C3,MAX,Concentration3,mL/L,0,mg/L,,mL/L,,09/30/2020
PR0025658,001,00545,"Solids, settleable",0,C3,MAX,Concentration3,mL/L,0,mg/L,,mL/L,,10/31/2020
PR0025658,001,00545,"Solids, settleable",0,C3,MAX,Concentration3,mL/L,0,mg/L,,mL/L,,11/30/2020
PR0025658,001,00545,"Solids, settleable",0,C3,MAX,Concentration3,mL/L,0,mg/L,,mL/L,,12/31/2020
PR0025658,001,00545,"Solids, settleable",0,C3,MAX,Concentration3,mL/L,0,mg/L,,mL/L,,01/31/2021
PR0025658,001,00545,"Solids, settleable",0,C3,MAX,Concentration3,mL/L,0,mg/L,,mL/L,,02/28/2021
PR0025658,001,00545,"Solids, settleable",0,C3,MAX,Concentration3,mL/L,0,mg/L,,mL/L,,03/31/2021
PR0025658,001,00545,"Solids, settleable",0,C3,MAX,Concentration3,mL/L,0,mg/L,,mL/L,,04/30/2021
PR0025658,001,00545,"Solids, settleable",0,C3,MAX,Concentration3,mL/L,0,mg/L,,mL/L,,05/31/2021
PR0025658,001,00545,"Solids, settleable",0,C3,MAX,Concentration3,mL/L,0,mg/L,,mL/L,,06/30/2021
PR0025658,001,00545,"Solids, settleable",0,C3,MAX,Concentration3,mL/L,0,mg/L,,mL/L,,07/31/2021
PR0025658,001,00545,"Solids, settleable",0,C3,MAX,Concentration3,mL/L,0,mg/L,,mL/L,,08/31/2021
PR0025658,001,00545,"Solids, settleable",0,C3,MAX,Concentration3,mL/L,0,mg/L,,mL/L,,09/30/2021
PR0025658,001,00545,"Solids, settleable",0,C3,MAX,Concentration3,mL/L,0,mg/L,,mL/L,,10/31/2021
PR0025658,001,00545,"Solids, settleable",0,C3,MAX,Concentration3,mL/L,0,mg/L,,mL/L,,11/30/2021
PR0025658,001,00545,"Solids, settleable",0,C3,MAX,Concentration3,mL/L,0,mg/L,,mL/L,,12/31/2021
PR0025658,001,00545,"Solids, settleable",0,C3,MAX,Concentration3,mL/L,0,mg/L,,mL/L,,01/31/2022
PR0025658,001,00545,"Solids, settleable",0,C3,MAX,Concentration3,mL/L,0,mg/L,,mL/L,,02/28/2022
PR0025658,001,00545,"Solids, settleable",0,C3,MAX,Concentration3,mL/L,0,mg/L,,mL/L,,03/31/2022
PR0025658,001,00545,"Solids, settleable",0,C3,MAX,Concentration3,mL/L,0,mg/L,,mL/L,,04/30/2022
PR0025658,001,00545,"Solids, settleable",0,C3,MAX,Concentration3,mL/L,0,mg/L,,mL/L,,05/31/2022
PR0025658,001,00545,"Solids, settleable",0,C3,MAX,Concentration3,mL/L,0,mg/L,,mL/L,,06/30/2022
PR0025658,001,00545,"Solids, settleable",0,C3,MAX,Concentration3,mL/L,0,mg/L,,mL/L,,07/31/2022
PR0025658,001,00545,"Solids, settleable",0,C3,MAX,Concentration3,mL/L,0,mg/L,,mL/L,,08/31/2022
PR0025658,001,00545,"Solids, settleable",0,C3,MAX,Concentration3,mL/L,0,mg/L,,mL/L,,09/30/2022
PR0025658,001,00545,"Solids, settleable",0,C3,MAX,Concentration3,mL/L,0,mg/L,,mL/L,,10/31/2022
PR0025658,001,00545,"Solids, settleable",0,C3,MAX,Concentration3,mL/L,0,mg/L,,mL/L,,11/30/2022
PR0025658,001,00545,"Solids, settleable",0,C3,MAX,Concentration3,mL/L,0,mg/L,,mL/L,,12/31/2022
PR0025658,001,00545,"Solids, settleable",0,C3,MAX,Concentration3,mL/L,0,mg/L,,mL/L,,01/31/2023
PR0025658,001,00545,"Solids, settleable",0,C3,MAX,Concentration3,mL/L,0,mg/L,,mL/L,,02/28/2023
PR0025658,001,00545,"Solids, settleable",0,C3,MAX,Concentration3,mL/L,0,mg/L,,mL/L,,03/31/2023
PR0025658,001,00545,"Solids, settleable",0,C3,MAX,Concentration3,mL/L,0,mg/L,,mL/L,,04/30/2023
PR0025658,001,00545,"Solids, settleable",0,C3,MAX,Concentration3,mL/L,0,mg/L,,mL/L,,05/31/2023
PR0025658,001,00545,"Solids, settleable",0,C3,MAX,Concentration3,mL/L,0,mg/L,,mL/L,,06/30/2023
PR0025658,001,00545,"Solids, settleable",0,C3,MAX,Concentration3,mL/L,0,mg/L,,mL/L,,07/31/2023
PR0025658,001,00545,"Solids, settleable",0,C3,MAX,Concentration3,mL/L,0,mg/L,,mL/L,,08/31/2023
PR0025658,001,00545,"Solids, settleable",0,C3,MAX,Concentration3,mL/L,0,mg/L,,mL/L,,09/30/2023
PR0025658,001,00545,"Solids, settleable",0,C3,MAX,Concentration3,mL/L,0,mg/L,,mL/L,,10/31/2023
PR0025658,001,00545,"Solids, settleable",0,C3,MAX,Concentration3,mL/L,0,mg/L,,mL/L,,11/30/2023
PR0025658,001,00545,"Solids, settleable",0,C3,MAX,Concentration3,mL/L,0,mg/L,,mL/L,,12/31/2023
PR0025658,001,00545,"Solids, settleable",0,C3,MAX,Concentration3,mL/L,0,mg/L,,mL/L,,01/31/2024
PR0025658,001,00545,"Solids, settleable",0,C3,MAX,Concentration3,mL/L,0,mg/L,,mL/L,,02/29/2024
PR0025658,001,00545,"Solids, settleable",0,C3,MAX,Concentration3,mL/L,0,mg/L,,mL/L,,03/31/2024
PR0025658,001,00545,"Solids, settleable",0,C3,MAX,Concentration3,mL/L,0,mg/L,,mL/L,,04/30/2024
PR0025658,001,00545,"Solids, settleable",0,C3,MAX,Concentration3,mL/L,0,mg/L,,mL/L,,05/31/2024
PR0025658,001,00545,"Solids, settleable",0,C3,MAX,Concentration3,mL/L,0,mg/L,,mL/L,,06/30/2024
PR0025658,001,00545,"Solids, settleable",0,C3,MAX,Concentration3,mL/L,0,mg/L,,mL/L,,07/31/2024
PR0025658,001,00545,"Solids, settleable",0,C3,MAX,Concentration3,mL/L,0,mg/L,,mL/L,,08/31/2024
PR0025658,001,00545,"Solids, settleable",0,C3,MAX,Concentration3,mL/L,0,mg/L,,mL/L,,09/30/2024
PR0025658,001,00545,"Solids, settleable",0,C3,MAX,Concentration3,mL/L,0,mg/L,,mL/L,,10/31/2024
PR0025658,001,00545,"Solids, settleable",0,C3,MAX,Concentration3,mL/L,0,mg/L,,mL/L,,11/30/2024
PR0025658,001,00545,"Solids, settleable",0,C3,MAX,Concentration3,mL/L,0,mg/L,,mL/L,,12/31/2024
PR0025658,001,00545,"Solids, settleable",0,C3,MAX,Concentration3,mL/L,0,mg/L,,mL/L,,01/31/2025
PR0025658,001,00545,"Solids, settleable",0,C3,MAX,Concentration3,mL/L,0,mg/L,,mL/L,,02/28/2025
PR0025658,001,00545,"Solids, settleable",0,C3,MAX,Concentration3,mL/L,0,mg/L,,mL/L,,03/31/2025
PR0025658,001,00545,"Solids, settleable",0,C3,MAX,Concentration3,mL/L,0,mg/L,,mL/L,,04/30/2025
PR0025658,001,00545,"Solids, settleable",0,C3,MAX,Concentration3,mL/L,0,mg/L,,mL/L,,05/31/2025
PR0025658,001,00545,"Solids, settleable",0,C3,MAX,Concentration3,mL/L,0,mg/L,,mL/L,,06/30/2025
PR0025658,001,00545,"Solids, settleable",0,C3,MAX,Concentration3,mL/L,0,mg/L,,mL/L,,07/31/2025
PR0025658,001,00545,"Solids, settleable",0,C3,MAX,Concentration3,mL/L,0,mg/L,,mL/L,,08/31/2025
PR0025658,001,00545,"Solids, settleable",0,C3,MAX,Concentration3,mL/L,0,mg/L,,mL/L,,09/30/2025
PR0025658,001,00545,"Solids, settleable",0,C3,MAX,Concentration3,mL/L,0,mg/L,,mL/L,,10/31/2025
PR0025658,001,00545,"Solids, settleable",0,C3,MAX,Concentration3,mL/L,0,mg/L,,mL/L,,11/30/2025
PR0025658,001,00545,"Solids, settleable",0,C3,MAX,Concentration3,mL/L,0,mg/L,,mL/L,,12/31/2025
PR0025658,001,00545,"Solids, settleable",0,C3,MAX,Concentration3,mL/L,0,mg/L,,mL/L,,01/31/2026
PR0025658,001,00556,Oil & Grease,2.1,C3,MAX,Concentration3,mg/L,2.1,mg/L,,mg/L,,06/30/2020
PR0025658,001,00556,Oil & Grease,1.5,C3,MAX,Concentration3,mg/L,1.5,mg/L,,mg/L,,07/31/2020
PR0025658,001,00556,Oil & Grease,2.1,C3,MAX,Concentration3,mg/L,2.1,mg/L,,mg/L,,08/31/2020
PR0025658,001,00556,Oil & Grease,1.9,C3,MAX,Concentration3,mg/L,1.9,mg/L,,mg/L,,09/30/2020
PR0025658,001,00556,Oil & Grease,1.9,C3,MAX,Concentration3,mg/L,1.9,mg/L,,mg/L,,10/31/2020
PR0025658,001,00556,Oil & Grease,1.4,C3,MAX,Concentration3,mg/L,1.4,mg/L,,mg/L,,11/30/2020
PR0025658,001,00556,Oil & Grease,1.4,C3,MAX,Concentration3,mg/L,1.4,mg/L,,mg/L,,12/31/2020
PR0025658,001,00556,Oil & Grease,1.7,C3,MAX,Concentration3,mg/L,1.7,mg/L,,mg/L,,01/31/2021
PR0025658,001,00556,Oil & Grease,2.2,C3,MAX,Concentration3,mg/L,2.2,mg/L,,mg/L,,02/28/2021
PR0025658,001,00556,Oil & Grease,1.9,C3,MAX,Concentration3,mg/L,1.9,mg/L,,mg/L,,03/31/2021
PR0025658,001,00556,Oil & Grease,2,C3,MAX,Concentration3,mg/L,2,mg/L,,mg/L,,04/30/2021
PR0025658,001,00556,Oil & Grease,1.8,C3,MAX,Concentration3,mg/L,1.8,mg/L,,mg/L,,05/31/2021
PR0025658,001,00556,Oil & Grease,1.7,C3,MAX,Concentration3,mg/L,1.7,mg/L,,mg/L,,06/30/2021
PR0025658,001,00556,Oil & Grease,2,C3,MAX,Concentration3,mg/L,2,mg/L,,mg/L,,07/31/2021
PR0025658,001,00556,Oil & Grease,4.2,C3,MAX,Concentration3,mg/L,4.2,mg/L,,mg/L,,08/31/2021
PR0025658,001,00556,Oil & Grease,1.7,C3,MAX,Concentration3,mg/L,1.7,mg/L,,mg/L,,09/30/2021
PR0025658,001,00556,Oil & Grease,1.4,C3,MAX,Concentration3,mg/L,1.4,mg/L,,mg/L,,10/31/2021
PR0025658,001,00556,Oil & Grease,2.1,C3,MAX,Concentration3,mg/L,2.1,mg/L,,mg/L,,11/30/2021
PR0025658,001,00556,Oil & Grease,1.8,C3,MAX,Concentration3,mg/L,1.8,mg/L,,mg/L,,12/31/2021
PR0025658,001,00556,Oil & Grease,2.3,C3,MAX,Concentration3,mg/L,2.3,mg/L,,mg/L,,01/31/2022
PR0025658,001,00556,Oil & Grease,1.4,C3,MAX,Concentration3,mg/L,1.4,mg/L,,mg/L,,02/28/2022
PR0025658,001,00556,Oil & Grease,1.9,C3,MAX,Concentration3,mg/L,1.9,mg/L,,mg/L,,03/31/2022
PR0025658,001,00556,Oil & Grease,1.4,C3,MAX,Concentration3,mg/L,1.4,mg/L,,mg/L,,04/30/2022
PR0025658,001,00556,Oil & Grease,1.4,C3,MAX,Concentration3,mg/L,1.4,mg/L,,mg/L,,05/31/2022
PR0025658,001,00556,Oil & Grease,2,C3,MAX,Concentration3,mg/L,2,mg/L,,mg/L,,06/30/2022
PR0025658,001,00556,Oil & Grease,1.6,C3,MAX,Concentration3,mg/L,1.6,mg/L,,mg/L,,07/31/2022
PR0025658,001,00556,Oil & Grease,2,C3,MAX,Concentration3,mg/L,2,mg/L,,mg/L,,08/31/2022
PR0025658,001,00556,Oil & Grease,1.5,C3,MAX,Concentration3,mg/L,1.5,mg/L,,mg/L,,09/30/2022
PR0025658,001,00556,Oil & Grease,7.1,C3,MAX,Concentration3,mg/L,7.1,mg/L,,mg/L,,10/31/2022
PR0025658,001,00556,Oil & Grease,1.8,C3,MAX,Concentration3,mg/L,1.8,mg/L,,mg/L,,11/30/2022
PR0025658,001,00556,Oil & Grease,1.8,C3,MAX,Concentration3,mg/L,1.8,mg/L,,mg/L,,12/31/2022
PR0025658,001,00556,Oil & Grease,1.4,C3,MAX,Concentration3,mg/L,1.4,mg/L,,mg/L,,01/31/2023
PR0025658,001,00556,Oil & Grease,2.2,C3,MAX,Concentration3,mg/L,2.2,mg/L,,mg/L,,02/28/2023
PR0025658,001,00556,Oil & Grease,1.5,C3,MAX,Concentration3,mg/L,1.5,mg/L,,mg/L,,03/31/2023
PR0025658,001,00556,Oil & Grease,2.1,C3,MAX,Concentration3,mg/L,2.1,mg/L,,mg/L,,04/30/2023
PR0025658,001,00556,Oil & Grease,1.6,C3,MAX,Concentration3,mg/L,1.6,mg/L,,mg/L,,05/31/2023
PR0025658,001,00556,Oil & Grease,1.4,C3,MAX,Concentration3,mg/L,1.4,mg/L,,mg/L,,06/30/2023
PR0025658,001,00556,Oil & Grease,1.5,C3,MAX,Concentration3,mg/L,1.5,mg/L,,mg/L,,07/31/2023
PR0025658,001,00556,Oil & Grease,1.4,C3,MAX,Concentration3,mg/L,1.4,mg/L,,mg/L,,08/31/2023
PR0025658,001,00556,Oil & Grease,1.5,C3,MAX,Concentration3,mg/L,1.5,mg/L,,mg/L,,09/30/2023
PR0025658,001,00556,Oil & Grease,2.4,C3,MAX,Concentration3,mg/L,2.4,mg/L,,mg/L,,10/31/2023
PR0025658,001,00556,Oil & Grease,2,C3,MAX,Concentration3,mg/L,2,mg/L,,mg/L,,11/30/2023
PR0025658,001,00556,Oil & Grease,1.8,C3,MAX,Concentration3,mg/L,1.8,mg/L,,mg/L,,12/31/2023
PR0025658,001,00556,Oil & Grease,1.5,C3,MAX,Concentration3,mg/L,1.5,mg/L,,mg/L,,01/31/2024
PR0025658,001,00556,Oil & Grease,1.4,C3,MAX,Concentration3,mg/L,1.4,mg/L,,mg/L,,02/29/2024
PR0025658,001,00556,Oil & Grease,1.4,C3,MAX,Concentration3,mg/L,1.4,mg/L,,mg/L,,03/31/2024
PR0025658,001,00556,Oil & Grease,1.4,C3,MAX,Concentration3,mg/L,1.4,mg/L,,mg/L,,04/30/2024
PR0025658,001,00556,Oil & Grease,1.5,C3,MAX,Concentration3,mg/L,1.5,mg/L,,mg/L,,05/31/2024
PR0025658,001,00556,Oil & Grease,1.4,C3,MAX,Concentration3,mg/L,1.4,mg/L,,mg/L,,06/30/2024
PR0025658,001,00556,Oil & Grease,1.5,C3,MAX,Concentration3,mg/L,1.5,mg/L,,mg/L,,07/31/2024
PR0025658,001,00556,Oil & Grease,2.2,C3,MAX,Concentration3,mg/L,2.2,mg/L,,mg/L,,08/31/2024
PR0025658,001,00556,Oil & Grease,1.4,C3,MAX,Concentration3,mg/L,1.4,mg/L,,mg/L,,09/30/2024
PR0025658,001,00556,Oil & Grease,3.1,C3,MAX,Concentration3,mg/L,3.1,mg/L,,mg/L,,10/31/2024
PR0025658,001,00556,Oil & Grease,1.5,C3,MAX,Concentration3,mg/L,1.5,mg/L,,mg/L,,11/30/2024
PR0025658,001,00556,Oil & Grease,2.2,C3,MAX,Concentration3,mg/L,2.2,mg/L,,mg/L,,12/31/2024
PR0025658,001,00556,Oil & Grease,2,C3,MAX,Concentration3,mg/L,2,mg/L,,mg/L,,01/31/2025
PR0025658,001,00556,Oil & Grease,2,C3,MAX,Concentration3,mg/L,2,mg/L,,mg/L,,02/28/2025
PR0025658,001,00556,Oil & Grease,2.1,C3,MAX,Concentration3,mg/L,2.1,mg/L,,mg/L,,03/31/2025
PR0025658,001,00556,Oil & Grease,1.7,C3,MAX,Concentration3,mg/L,1.7,mg/L,,mg/L,,04/30/2025
PR0025658,001,00556,Oil & Grease,5.9,C3,MAX,Concentration3,mg/L,5.9,mg/L,,mg/L,,05/31/2025
PR0025658,001,00556,Oil & Grease,1.5,C3,MAX,Concentration3,mg/L,1.5,mg/L,,mg/L,,06/30/2025
PR0025658,001,00556,Oil & Grease,1.7,C3,MAX,Concentration3,mg/L,1.7,mg/L,,mg/L,,07/31/2025
PR0025658,001,00556,Oil & Grease,1.9,C3,MAX,Concentration3,mg/L,1.9,mg/L,,mg/L,,08/31/2025
PR0025658,001,00556,Oil & Grease,1.5,C3,MAX,Concentration3,mg/L,1.5,mg/L,,mg/L,,09/30/2025
PR0025658,001,00556,Oil & Grease,2.5,C3,MAX,Concentration3,mg/L,2.5,mg/L,,mg/L,,10/31/2025
PR0025658,001,00556,Oil & Grease,2.3,C3,MAX,Concentration3,mg/L,2.3,mg/L,,mg/L,,11/30/2025
PR0025658,001,00556,Oil & Grease,1.9,C3,MAX,Concentration3,mg/L,1.9,mg/L,,mg/L,,12/31/2025
PR0025658,001,00556,Oil & Grease,1.6,C3,MAX,Concentration3,mg/L,1.6,mg/L,,mg/L,,01/31/2026
PR0025658,001,00600,"Nitrogen, total [as N]",16600,C3,MAX,Concentration3,ug/L,16.60000079,mg/L,,ug/L,,06/30/2020
PR0025658,001,00600,"Nitrogen, total [as N]",6240,C3,MAX,Concentration3,ug/L,6.2400003,mg/L,,ug/L,,07/31/2020
PR0025658,001,00600,"Nitrogen, total [as N]",13480,C3,MAX,Concentration3,ug/L,13.48000064,mg/L,,ug/L,,08/31/2020
PR0025658,001,00600,"Nitrogen, total [as N]",13580,C3,MAX,Concentration3,ug/L,13.58000065,mg/L,,ug/L,,09/30/2020
PR0025658,001,00600,"Nitrogen, total [as N]",10570,C3,MAX,Concentration3,ug/L,10.5700005,mg/L,,ug/L,,10/31/2020
PR0025658,001,00600,"Nitrogen, total [as N]",15990,C3,MAX,Concentration3,ug/L,15.99000076,mg/L,,ug/L,,11/30/2020
PR0025658,001,00600,"Nitrogen, total [as N]",16370,C3,MAX,Concentration3,ug/L,16.37000078,mg/L,,ug/L,,12/31/2020
PR0025658,001,00600,"Nitrogen, total [as N]",18120,C3,MAX,Concentration3,ug/L,18.12000086,mg/L,,ug/L,,01/31/2021
PR0025658,001,00600,"Nitrogen, total [as N]",10850,C3,MAX,Concentration3,ug/L,10.85000052,mg/L,,ug/L,,02/28/2021
PR0025658,001,00600,"Nitrogen, total [as N]",18170,C3,MAX,Concentration3,ug/L,18.17000086,mg/L,,ug/L,,03/31/2021
PR0025658,001,00600,"Nitrogen, total [as N]",10270,C3,MAX,Concentration3,ug/L,10.27000049,mg/L,,ug/L,,04/30/2021
PR0025658,001,00600,"Nitrogen, total [as N]",14060,C3,MAX,Concentration3,ug/L,14.06000067,mg/L,,ug/L,,05/31/2021
PR0025658,001,00600,"Nitrogen, total [as N]",19410,C3,MAX,Concentration3,ug/L,19.41000092,mg/L,,ug/L,,06/30/2021
PR0025658,001,00600,"Nitrogen, total [as N]",18330,C3,MAX,Concentration3,ug/L,18.33000087,mg/L,,ug/L,,07/31/2021
PR0025658,001,00600,"Nitrogen, total [as N]",15890,C3,MAX,Concentration3,ug/L,15.89000075,mg/L,,ug/L,,08/31/2021
PR0025658,001,00600,"Nitrogen, total [as N]",16170,C3,MAX,Concentration3,ug/L,16.17000077,mg/L,,ug/L,,09/30/2021
PR0025658,001,00600,"Nitrogen, total [as N]",15910,C3,MAX,Concentration3,ug/L,15.91000076,mg/L,,ug/L,,10/31/2021
PR0025658,001,00600,"Nitrogen, total [as N]",17690,C3,MAX,Concentration3,ug/L,17.69000084,mg/L,,ug/L,,11/30/2021
PR0025658,001,00600,"Nitrogen, total [as N]",17610,C3,MAX,Concentration3,ug/L,17.61000084,mg/L,,ug/L,,12/31/2021
PR0025658,001,00600,"Nitrogen, total [as N]",13810,C3,MAX,Concentration3,ug/L,13.81000066,mg/L,,ug/L,,01/31/2022
PR0025658,001,00600,"Nitrogen, total [as N]",7930,C3,MAX,Concentration3,ug/L,7.93000038,mg/L,,ug/L,,02/28/2022
PR0025658,001,00600,"Nitrogen, total [as N]",14420,C3,MAX,Concentration3,ug/L,14.42000068,mg/L,,ug/L,,03/31/2022
PR0025658,001,00600,"Nitrogen, total [as N]",17730,C3,MAX,Concentration3,ug/L,17.73000084,mg/L,,ug/L,,04/30/2022
PR0025658,001,00600,"Nitrogen, total [as N]",18220,C3,MAX,Concentration3,ug/L,18.22000087,mg/L,,ug/L,,05/31/2022
PR0025658,001,00600,"Nitrogen, total [as N]",17520,C3,MAX,Concentration3,ug/L,17.52000083,mg/L,,ug/L,,06/30/2022
PR0025658,001,00600,"Nitrogen, total [as N]",13200,C3,MAX,Concentration3,ug/L,13.20000063,mg/L,,ug/L,,07/31/2022
PR0025658,001,00600,"Nitrogen, total [as N]",17870,C3,MAX,Concentration3,ug/L,17.87000085,mg/L,,ug/L,,08/31/2022
PR0025658,001,00600,"Nitrogen, total [as N]",17120,C3,MAX,Concentration3,ug/L,17.12000081,mg/L,,ug/L,,09/30/2022
PR0025658,001,00600,"Nitrogen, total [as N]",13300,C3,MAX,Concentration3,ug/L,13.30000063,mg/L,,ug/L,,10/31/2022
PR0025658,001,00600,"Nitrogen, total [as N]",13530,C3,MAX,Concentration3,ug/L,13.53000064,mg/L,,ug/L,,11/30/2022
PR0025658,001,00600,"Nitrogen, total [as N]",16410,C3,MAX,Concentration3,ug/L,16.41000078,mg/L,,ug/L,,12/31/2022
PR0025658,001,00600,"Nitrogen, total [as N]",17580,C3,MAX,Concentration3,ug/L,17.58000084,mg/L,,ug/L,,01/31/2023
PR0025658,001,00600,"Nitrogen, total [as N]",17710,C3,MAX,Concentration3,ug/L,17.71000084,mg/L,,ug/L,,02/28/2023
PR0025658,001,00600,"Nitrogen, total [as N]",18100,C3,MAX,Concentration3,ug/L,18.10000086,mg/L,,ug/L,,03/31/2023
PR0025658,001,00600,"Nitrogen, total [as N]",17190,C3,MAX,Concentration3,ug/L,17.19000082,mg/L,,ug/L,,04/30/2023
PR0025658,001,00600,"Nitrogen, total [as N]",15550,C3,MAX,Concentration3,ug/L,15.55000074,mg/L,,ug/L,,05/31/2023
PR0025658,001,00600,"Nitrogen, total [as N]",15200,C3,MAX,Concentration3,ug/L,15.20000072,mg/L,,ug/L,,06/30/2023
PR0025658,001,00600,"Nitrogen, total [as N]",13930,C3,MAX,Concentration3,ug/L,13.93000066,mg/L,,ug/L,,07/31/2023
PR0025658,001,00600,"Nitrogen, total [as N]",21110,C3,MAX,Concentration3,ug/L,21.110001,mg/L,,ug/L,,08/31/2023
PR0025658,001,00600,"Nitrogen, total [as N]",14100,C3,MAX,Concentration3,ug/L,14.10000067,mg/L,,ug/L,,09/30/2023
PR0025658,001,00600,"Nitrogen, total [as N]",10570,C3,MAX,Concentration3,ug/L,10.5700005,mg/L,,ug/L,,10/31/2023
PR0025658,001,00600,"Nitrogen, total [as N]",14210,C3,MAX,Concentration3,ug/L,14.21000067,mg/L,,ug/L,,11/30/2023
PR0025658,001,00600,"Nitrogen, total [as N]",470,C3,MAX,Concentration3,ug/L,.47000002,mg/L,,ug/L,,12/31/2023
PR0025658,001,00600,"Nitrogen, total [as N]",22670,C3,MAX,Concentration3,ug/L,22.67000108,mg/L,,ug/L,,01/31/2024
PR0025658,001,00600,"Nitrogen, total [as N]",19670,C3,MAX,Concentration3,ug/L,19.67000093,mg/L,,ug/L,,02/29/2024
PR0025658,001,00600,"Nitrogen, total [as N]",17620,C3,MAX,Concentration3,ug/L,17.62000084,mg/L,,ug/L,,03/31/2024
PR0025658,001,00600,"Nitrogen, total [as N]",19200,C3,MAX,Concentration3,ug/L,19.20000091,mg/L,,ug/L,,04/30/2024
PR0025658,001,00600,"Nitrogen, total [as N]",18400,C3,MAX,Concentration3,ug/L,18.40000087,mg/L,,ug/L,,05/31/2024
PR0025658,001,00600,"Nitrogen, total [as N]",9590,C3,MAX,Concentration3,ug/L,9.59000046,mg/L,,ug/L,,06/30/2024
PR0025658,001,00600,"Nitrogen, total [as N]",18570,C3,MAX,Concentration3,ug/L,18.57000088,mg/L,,ug/L,,07/31/2024
PR0025658,001,00600,"Nitrogen, total [as N]",21260,C3,MAX,Concentration3,ug/L,21.26000101,mg/L,,ug/L,,08/31/2024
PR0025658,001,00600,"Nitrogen, total [as N]",11680,C3,MAX,Concentration3,ug/L,11.68000055,mg/L,,ug/L,,09/30/2024
PR0025658,001,00600,"Nitrogen, total [as N]",16720,C3,MAX,Concentration3,ug/L,16.72000079,mg/L,,ug/L,,10/31/2024
PR0025658,001,00600,"Nitrogen, total [as N]",11630,C3,MAX,Concentration3,ug/L,11.63000055,mg/L,,ug/L,,11/30/2024
PR0025658,001,00600,"Nitrogen, total [as N]",26920,C3,MAX,Concentration3,ug/L,26.92000128,mg/L,,ug/L,,12/31/2024
PR0025658,001,00600,"Nitrogen, total [as N]",54660,C3,MAX,Concentration3,ug/L,54.6600026,mg/L,,ug/L,,01/31/2025
PR0025658,001,00600,"Nitrogen, total [as N]",23040,C3,MAX,Concentration3,ug/L,23.04000109,mg/L,,ug/L,,02/28/2025
PR0025658,001,00600,"Nitrogen, total [as N]",22320,C3,MAX,Concentration3,ug/L,22.32000106,mg/L,,ug/L,,03/31/2025
PR0025658,001,00600,"Nitrogen, total [as N]",24410,C3,MAX,Concentration3,ug/L,24.41000116,mg/L,,ug/L,,04/30/2025
PR0025658,001,00600,"Nitrogen, total [as N]",18070,C3,MAX,Concentration3,ug/L,18.07000086,mg/L,,ug/L,,05/31/2025
PR0025658,001,00600,"Nitrogen, total [as N]",20500,C3,MAX,Concentration3,ug/L,20.50000097,mg/L,,ug/L,,06/30/2025
PR0025658,001,00600,"Nitrogen, total [as N]",18920,C3,MAX,Concentration3,ug/L,18.9200009,mg/L,,ug/L,,07/31/2025
PR0025658,001,00600,"Nitrogen, total [as N]",21080,C3,MAX,Concentration3,ug/L,21.080001,mg/L,,ug/L,,08/31/2025
PR0025658,001,00600,"Nitrogen, total [as N]",19420,C3,MAX,Concentration3,ug/L,19.42000092,mg/L,,ug/L,,09/30/2025
PR0025658,001,00600,"Nitrogen, total [as N]",21380,C3,MAX,Concentration3,ug/L,21.38000102,mg/L,,ug/L,,10/31/2025
PR0025658,001,00600,"Nitrogen, total [as N]",19810,C3,MAX,Concentration3,ug/L,19.81000094,mg/L,,ug/L,,11/30/2025
PR0025658,001,00600,"Nitrogen, total [as N]",21740,C3,MAX,Concentration3,ug/L,21.74000103,mg/L,,ug/L,,12/31/2025
PR0025658,001,00600,"Nitrogen, total [as N]",19530,C3,MAX,Concentration3,ug/L,19.53000093,mg/L,,ug/L,,01/31/2026
PR0025658,001,00630,Nitrite + Nitrate total [as N],20960,C3,MAX,Concentration3,ug/L,20.960001,mg/L,26443,ug/L,,01/31/2020
PR0025658,001,00630,Nitrite + Nitrate total [as N],17390,C3,MAX,Concentration3,ug/L,17.39000083,mg/L,26443,ug/L,,02/29/2020
PR0025658,001,00630,Nitrite + Nitrate total [as N],13630,C3,MAX,Concentration3,ug/L,13.63000065,mg/L,26443,ug/L,,03/31/2020
PR0025658,001,00630,Nitrite + Nitrate total [as N],16030,C3,MAX,Concentration3,ug/L,16.03000076,mg/L,26443,ug/L,,04/30/2020
PR0025658,001,00630,Nitrite + Nitrate total [as N],15390,C3,MAX,Concentration3,ug/L,15.39000073,mg/L,26443,ug/L,,05/31/2020
PR0025658,001,00665,"Phosphorus, total [as P]",2.24,C3,MAX,Concentration3,mg/L,2.24,mg/L,4.96,mg/L,,01/31/2020
PR0025658,001,00665,"Phosphorus, total [as P]",1.87,C3,MAX,Concentration3,mg/L,1.87,mg/L,4.96,mg/L,,02/29/2020
PR0025658,001,00665,"Phosphorus, total [as P]",1.59,C3,MAX,Concentration3,mg/L,1.59,mg/L,4.96,mg/L,,03/31/2020
PR0025658,001,00665,"Phosphorus, total [as P]",2.11,C3,MAX,Concentration3,mg/L,2.11,mg/L,4.96,mg/L,,04/30/2020
PR0025658,001,00665,"Phosphorus, total [as P]",1.56,C3,MAX,Concentration3,mg/L,1.56,mg/L,4.96,mg/L,,05/31/2020
PR0025658,001,00665,"Phosphorus, total [as P]",1970,C3,MAX,Concentration3,ug/L,1.97000009,mg/L,2913,ug/L,,06/30/2020
PR0025658,001,00665,"Phosphorus, total [as P]",1560,C3,MAX,Concentration3,ug/L,1.56000007,mg/L,2913,ug/L,,07/31/2020
PR0025658,001,00665,"Phosphorus, total [as P]",1360,C3,MAX,Concentration3,ug/L,1.36000006,mg/L,2913,ug/L,,08/31/2020
PR0025658,001,00665,"Phosphorus, total [as P]",2180,C3,MAX,Concentration3,ug/L,2.1800001,mg/L,2913,ug/L,,09/30/2020
PR0025658,001,00665,"Phosphorus, total [as P]",1360,C3,MAX,Concentration3,ug/L,1.36000006,mg/L,2913,ug/L,,10/31/2020
PR0025658,001,00665,"Phosphorus, total [as P]",1800,C3,MAX,Concentration3,ug/L,1.80000009,mg/L,2913,ug/L,,11/30/2020
PR0025658,001,00665,"Phosphorus, total [as P]",2080,C3,MAX,Concentration3,ug/L,2.0800001,mg/L,2913,ug/L,,12/31/2020
PR0025658,001,00665,"Phosphorus, total [as P]",2360,C3,MAX,Concentration3,ug/L,2.36000011,mg/L,2913,ug/L,,01/31/2021
PR0025658,001,00665,"Phosphorus, total [as P]",2310,C3,MAX,Concentration3,ug/L,2.31000011,mg/L,2913,ug/L,,02/28/2021
PR0025658,001,00665,"Phosphorus, total [as P]",2490,C3,MAX,Concentration3,ug/L,2.49000012,mg/L,2913,ug/L,,03/31/2021
PR0025658,001,00665,"Phosphorus, total [as P]",1920,C3,MAX,Concentration3,ug/L,1.92000009,mg/L,2913,ug/L,,04/30/2021
PR0025658,001,00665,"Phosphorus, total [as P]",1350,C3,MAX,Concentration3,ug/L,1.35000006,mg/L,2913,ug/L,,05/31/2021
PR0025658,001,00665,"Phosphorus, total [as P]",2450,C3,MAX,Concentration3,ug/L,2.45000012,mg/L,2913,ug/L,,06/30/2021
PR0025658,001,00665,"Phosphorus, total [as P]",2680,C3,MAX,Concentration3,ug/L,2.68000013,mg/L,2913,ug/L,,07/31/2021
PR0025658,001,00665,"Phosphorus, total [as P]",2550,C3,MAX,Concentration3,ug/L,2.55000012,mg/L,2913,ug/L,,08/31/2021
PR0025658,001,00665,"Phosphorus, total [as P]",1560,C3,MAX,Concentration3,ug/L,1.56000007,mg/L,2913,ug/L,,09/30/2021
PR0025658,001,00665,"Phosphorus, total [as P]",2170,C3,MAX,Concentration3,ug/L,2.1700001,mg/L,2913,ug/L,,10/31/2021
PR0025658,001,00665,"Phosphorus, total [as P]",1600,C3,MAX,Concentration3,ug/L,1.60000008,mg/L,2913,ug/L,,11/30/2021
PR0025658,001,00665,"Phosphorus, total [as P]",1500,C3,MAX,Concentration3,ug/L,1.50000007,mg/L,2913,ug/L,,12/31/2021
PR0025658,001,00665,"Phosphorus, total [as P]",1590,C3,MAX,Concentration3,ug/L,1.59000008,mg/L,2913,ug/L,,01/31/2022
PR0025658,001,00665,"Phosphorus, total [as P]",1020,C3,MAX,Concentration3,ug/L,1.02000005,mg/L,2913,ug/L,,02/28/2022
PR0025658,001,00665,"Phosphorus, total [as P]",2030,C3,MAX,Concentration3,ug/L,2.0300001,mg/L,2913,ug/L,,03/31/2022
PR0025658,001,00665,"Phosphorus, total [as P]",2040,C3,MAX,Concentration3,ug/L,2.0400001,mg/L,2913,ug/L,,04/30/2022
PR0025658,001,00665,"Phosphorus, total [as P]",2280,C3,MAX,Concentration3,ug/L,2.28000011,mg/L,2913,ug/L,,05/31/2022
PR0025658,001,00665,"Phosphorus, total [as P]",2750,C3,MAX,Concentration3,ug/L,2.75000013,mg/L,2913,ug/L,,06/30/2022
PR0025658,001,00665,"Phosphorus, total [as P]",1990,C3,MAX,Concentration3,ug/L,1.99000009,mg/L,2913,ug/L,,07/31/2022
PR0025658,001,00665,"Phosphorus, total [as P]",2060,C3,MAX,Concentration3,ug/L,2.0600001,mg/L,2913,ug/L,,08/31/2022
PR0025658,001,00665,"Phosphorus, total [as P]",1780,C3,MAX,Concentration3,ug/L,1.78000008,mg/L,2913,ug/L,,09/30/2022
PR0025658,001,00665,"Phosphorus, total [as P]",570,C3,MAX,Concentration3,ug/L,.57000003,mg/L,2913,ug/L,,10/31/2022
PR0025658,001,00665,"Phosphorus, total [as P]",1310,C3,MAX,Concentration3,ug/L,1.31000006,mg/L,2913,ug/L,,11/30/2022
PR0025658,001,00665,"Phosphorus, total [as P]",1840,C3,MAX,Concentration3,ug/L,1.84000009,mg/L,2913,ug/L,,12/31/2022
PR0025658,001,00665,"Phosphorus, total [as P]",2760,C3,MAX,Concentration3,ug/L,2.76000013,mg/L,2913,ug/L,,01/31/2023
PR0025658,001,00665,"Phosphorus, total [as P]",1900,C3,MAX,Concentration3,ug/L,1.90000009,mg/L,2913,ug/L,,02/28/2023
PR0025658,001,00665,"Phosphorus, total [as P]",2210,C3,MAX,Concentration3,ug/L,2.2100001,mg/L,2913,ug/L,,03/31/2023
PR0025658,001,00665,"Phosphorus, total [as P]",2070,C3,MAX,Concentration3,ug/L,2.0700001,mg/L,2913,ug/L,,04/30/2023
PR0025658,001,00665,"Phosphorus, total [as P]",1540,C3,MAX,Concentration3,ug/L,1.54000007,mg/L,2913,ug/L,,05/31/2023
PR0025658,001,00665,"Phosphorus, total [as P]",2080,C3,MAX,Concentration3,ug/L,2.0800001,mg/L,2913,ug/L,,06/30/2023
PR0025658,001,00665,"Phosphorus, total [as P]",1620,C3,MAX,Concentration3,ug/L,1.62000008,mg/L,2913,ug/L,,07/31/2023
PR0025658,001,00665,"Phosphorus, total [as P]",2240,C3,MAX,Concentration3,ug/L,2.24000011,mg/L,2913,ug/L,,08/31/2023
PR0025658,001,00665,"Phosphorus, total [as P]",1580,C3,MAX,Concentration3,ug/L,1.58000008,mg/L,2913,ug/L,,09/30/2023
PR0025658,001,00665,"Phosphorus, total [as P]",1170,C3,MAX,Concentration3,ug/L,1.17000006,mg/L,2913,ug/L,,10/31/2023
PR0025658,001,00665,"Phosphorus, total [as P]",1710,C3,MAX,Concentration3,ug/L,1.71000008,mg/L,2913,ug/L,,11/30/2023
PR0025658,001,00665,"Phosphorus, total [as P]",1710,C3,MAX,Concentration3,ug/L,1.71000008,mg/L,2913,ug/L,,12/31/2023
PR0025658,001,00665,"Phosphorus, total [as P]",2380,C3,MAX,Concentration3,ug/L,2.38000011,mg/L,2913,ug/L,,01/31/2024
PR0025658,001,00665,"Phosphorus, total [as P]",1580,C3,MAX,Concentration3,ug/L,1.58000008,mg/L,2913,ug/L,,02/29/2024
PR0025658,001,00665,"Phosphorus, total [as P]",1950,C3,MAX,Concentration3,ug/L,1.95000009,mg/L,2913,ug/L,,03/31/2024
PR0025658,001,00665,"Phosphorus, total [as P]",2100,C3,MAX,Concentration3,ug/L,2.1000001,mg/L,2913,ug/L,,04/30/2024
PR0025658,001,00665,"Phosphorus, total [as P]",1480,C3,MAX,Concentration3,ug/L,1.48000007,mg/L,2913,ug/L,,05/31/2024
PR0025658,001,00665,"Phosphorus, total [as P]",910,C3,MAX,Concentration3,ug/L,.91000004,mg/L,2913,ug/L,,06/30/2024
PR0025658,001,00665,"Phosphorus, total [as P]",1680,C3,MAX,Concentration3,ug/L,1.68000008,mg/L,2913,ug/L,,07/31/2024
PR0025658,001,00665,"Phosphorus, total [as P]",2100,C3,MAX,Concentration3,ug/L,2.1000001,mg/L,2913,ug/L,,08/31/2024
PR0025658,001,00665,"Phosphorus, total [as P]",1470,C3,MAX,Concentration3,ug/L,1.47000007,mg/L,2913,ug/L,,09/30/2024
PR0025658,001,00665,"Phosphorus, total [as P]",2080,C3,MAX,Concentration3,ug/L,2.0800001,mg/L,2913,ug/L,,10/31/2024
PR0025658,001,00665,"Phosphorus, total [as P]",980,C3,MAX,Concentration3,ug/L,.98000005,mg/L,2913,ug/L,,11/30/2024
PR0025658,001,00665,"Phosphorus, total [as P]",1840,C3,MAX,Concentration3,ug/L,1.84000009,mg/L,2913,ug/L,,12/31/2024
PR0025658,001,00665,"Phosphorus, total [as P]",1720,C3,MAX,Concentration3,ug/L,1.72000008,mg/L,2913,ug/L,,01/31/2025
PR0025658,001,00665,"Phosphorus, total [as P]",2410,C3,MAX,Concentration3,ug/L,2.41000011,mg/L,2913,ug/L,,02/28/2025
PR0025658,001,00665,"Phosphorus, total [as P]",2300,C3,MAX,Concentration3,ug/L,2.30000011,mg/L,2913,ug/L,,03/31/2025
PR0025658,001,00665,"Phosphorus, total [as P]",2570,C3,MAX,Concentration3,ug/L,2.57000012,mg/L,2913,ug/L,,04/30/2025
PR0025658,001,00665,"Phosphorus, total [as P]",1910,C3,MAX,Concentration3,ug/L,1.91000009,mg/L,2913,ug/L,,05/31/2025
PR0025658,001,00665,"Phosphorus, total [as P]",2310,C3,MAX,Concentration3,ug/L,2.31000011,mg/L,2913,ug/L,,06/30/2025
PR0025658,001,00665,"Phosphorus, total [as P]",2730,C3,MAX,Concentration3,ug/L,2.73000013,mg/L,2913,ug/L,,07/31/2025
PR0025658,001,00665,"Phosphorus, total [as P]",2850,C3,MAX,Concentration3,ug/L,2.85000014,mg/L,2913,ug/L,,08/31/2025
PR0025658,001,00665,"Phosphorus, total [as P]",2820,C3,MAX,Concentration3,ug/L,2.82000013,mg/L,2913,ug/L,,09/30/2025
PR0025658,001,00665,"Phosphorus, total [as P]",2250,C3,MAX,Concentration3,ug/L,2.25000011,mg/L,2913,ug/L,,10/31/2025
PR0025658,001,00665,"Phosphorus, total [as P]",1950,C3,MAX,Concentration3,ug/L,1.95000009,mg/L,2913,ug/L,,11/30/2025
PR0025658,001,00665,"Phosphorus, total [as P]",1730,C3,MAX,Concentration3,ug/L,1.73000008,mg/L,2913,ug/L,,12/31/2025
PR0025658,001,00665,"Phosphorus, total [as P]",2000,C3,MAX,Concentration3,ug/L,2.00000009,mg/L,2913,ug/L,,01/31/2026
PR0025658,001,00720,"Cyanide, total [as CN]",2,C3,MAX,Concentration3,ug/L,.002,mg/L,,ug/L,,06/30/2020
PR0025658,001,00720,"Cyanide, total [as CN]",2,C3,MAX,Concentration3,ug/L,.002,mg/L,,ug/L,,07/31/2020
PR0025658,001,00720,"Cyanide, total [as CN]",3.1,C3,MAX,Concentration3,ug/L,.0031,mg/L,,ug/L,,08/31/2020
PR0025658,001,00720,"Cyanide, total [as CN]",2,C3,MAX,Concentration3,ug/L,.002,mg/L,,ug/L,,09/30/2020
PR0025658,001,00720,"Cyanide, total [as CN]",2.3,C3,MAX,Concentration3,ug/L,.0023,mg/L,,ug/L,,10/31/2020
PR0025658,001,00720,"Cyanide, total [as CN]",2,C3,MAX,Concentration3,ug/L,.002,mg/L,,ug/L,,11/30/2020
PR0025658,001,00720,"Cyanide, total [as CN]",2,C3,MAX,Concentration3,ug/L,.002,mg/L,,ug/L,,12/31/2020
PR0025658,001,00720,"Cyanide, total [as CN]",4.5,C3,MAX,Concentration3,ug/L,.0045,mg/L,,ug/L,,01/31/2021
PR0025658,001,00720,"Cyanide, total [as CN]",2,C3,MAX,Concentration3,ug/L,.002,mg/L,,ug/L,,02/28/2021
PR0025658,001,00720,"Cyanide, total [as CN]",2.2,C3,MAX,Concentration3,ug/L,.0022,mg/L,,ug/L,,03/31/2021
PR0025658,001,00720,"Cyanide, total [as CN]",2,C3,MAX,Concentration3,ug/L,.002,mg/L,,ug/L,,04/30/2021
PR0025658,001,00720,"Cyanide, total [as CN]",2,C3,MAX,Concentration3,ug/L,.002,mg/L,,ug/L,,05/31/2021
PR0025658,001,00720,"Cyanide, total [as CN]",2.8,C3,MAX,Concentration3,ug/L,.0028,mg/L,,ug/L,,06/30/2021
PR0025658,001,00720,"Cyanide, total [as CN]",4.6,C3,MAX,Concentration3,ug/L,.0046,mg/L,,ug/L,,07/31/2021
PR0025658,001,00720,"Cyanide, total [as CN]",2,C3,MAX,Concentration3,ug/L,.002,mg/L,,ug/L,,08/31/2021
PR0025658,001,00720,"Cyanide, total [as CN]",2,C3,MAX,Concentration3,ug/L,.002,mg/L,,ug/L,,09/30/2021
PR0025658,001,00720,"Cyanide, total [as CN]",2,C3,MAX,Concentration3,ug/L,.002,mg/L,,ug/L,,10/31/2021
PR0025658,001,00720,"Cyanide, total [as CN]",2,C3,MAX,Concentration3,ug/L,.002,mg/L,,ug/L,,11/30/2021
PR0025658,001,00720,"Cyanide, total [as CN]",2.1,C3,MAX,Concentration3,ug/L,.0021,mg/L,,ug/L,,12/31/2021
PR0025658,001,00720,"Cyanide, total [as CN]",2,C3,MAX,Concentration3,ug/L,.002,mg/L,,ug/L,,01/31/2022
PR0025658,001,00720,"Cyanide, total [as CN]",2,C3,MAX,Concentration3,ug/L,.002,mg/L,,ug/L,,02/28/2022
PR0025658,001,00720,"Cyanide, total [as CN]",2,C3,MAX,Concentration3,ug/L,.002,mg/L,,ug/L,,03/31/2022
PR0025658,001,00720,"Cyanide, total [as CN]",2,C3,MAX,Concentration3,ug/L,.002,mg/L,,ug/L,,04/30/2022
PR0025658,001,00720,"Cyanide, total [as CN]",NA,C3,MAX,Concentration3,,,mg/L,,ug/L,B,05/31/2022
PR0025658,001,00720,"Cyanide, total [as CN]",5.5,C3,MAX,Concentration3,ug/L,.0055,mg/L,,ug/L,,06/30/2022
PR0025658,001,00720,"Cyanide, total [as CN]",2,C3,MAX,Concentration3,ug/L,.002,mg/L,,ug/L,,07/31/2022
PR0025658,001,00720,"Cyanide, total [as CN]",2,C3,MAX,Concentration3,ug/L,.002,mg/L,,ug/L,,08/31/2022
PR0025658,001,00720,"Cyanide, total [as CN]",2,C3,MAX,Concentration3,ug/L,.002,mg/L,,ug/L,,09/30/2022
PR0025658,001,00720,"Cyanide, total [as CN]",2,C3,MAX,Concentration3,ug/L,.002,mg/L,,ug/L,,10/31/2022
PR0025658,001,00720,"Cyanide, total [as CN]",8.7,C3,MAX,Concentration3,ug/L,.0087,mg/L,,ug/L,,11/30/2022
PR0025658,001,00720,"Cyanide, total [as CN]",2,C3,MAX,Concentration3,ug/L,.002,mg/L,,ug/L,,12/31/2022
PR0025658,001,00720,"Cyanide, total [as CN]",2,C3,MAX,Concentration3,ug/L,.002,mg/L,,ug/L,,01/31/2023
PR0025658,001,00720,"Cyanide, total [as CN]",2,C3,MAX,Concentration3,ug/L,.002,mg/L,,ug/L,,02/28/2023
PR0025658,001,00720,"Cyanide, total [as CN]",2,C3,MAX,Concentration3,ug/L,.002,mg/L,,ug/L,,03/31/2023
PR0025658,001,00720,"Cyanide, total [as CN]",2,C3,MAX,Concentration3,ug/L,.002,mg/L,,ug/L,,04/30/2023
PR0025658,001,00720,"Cyanide, total [as CN]",2.4,C3,MAX,Concentration3,ug/L,.0024,mg/L,,ug/L,,05/31/2023
PR0025658,001,00720,"Cyanide, total [as CN]",3.1,C3,MAX,Concentration3,ug/L,.0031,mg/L,,ug/L,,06/30/2023
PR0025658,001,00720,"Cyanide, total [as CN]",2,C3,MAX,Concentration3,ug/L,.002,mg/L,,ug/L,,07/31/2023
PR0025658,001,00720,"Cyanide, total [as CN]",2,C3,MAX,Concentration3,ug/L,.002,mg/L,,ug/L,,08/31/2023
PR0025658,001,00720,"Cyanide, total [as CN]",3.2,C3,MAX,Concentration3,ug/L,.0032,mg/L,,ug/L,,09/30/2023
PR0025658,001,00720,"Cyanide, total [as CN]",2,C3,MAX,Concentration3,ug/L,.002,mg/L,,ug/L,,10/31/2023
PR0025658,001,00720,"Cyanide, total [as CN]",2,C3,MAX,Concentration3,ug/L,.002,mg/L,,ug/L,,11/30/2023
PR0025658,001,00720,"Cyanide, total [as CN]",2,C3,MAX,Concentration3,ug/L,.002,mg/L,,ug/L,,12/31/2023
PR0025658,001,00720,"Cyanide, total [as CN]",2,C3,MAX,Concentration3,ug/L,.002,mg/L,,ug/L,,01/31/2024
PR0025658,001,00720,"Cyanide, total [as CN]",2,C3,MAX,Concentration3,ug/L,.002,mg/L,,ug/L,,02/29/2024
PR0025658,001,00720,"Cyanide, total [as CN]",2,C3,MAX,Concentration3,ug/L,.002,mg/L,,ug/L,,03/31/2024
PR0025658,001,00720,"Cyanide, total [as CN]",2,C3,MAX,Concentration3,ug/L,.002,mg/L,,ug/L,,04/30/2024
PR0025658,001,00720,"Cyanide, total [as CN]",2,C3,MAX,Concentration3,ug/L,.002,mg/L,,ug/L,,05/31/2024
PR0025658,001,00720,"Cyanide, total [as CN]",2,C3,MAX,Concentration3,ug/L,.002,mg/L,,ug/L,,06/30/2024
PR0025658,001,00720,"Cyanide, total [as CN]",4.3,C3,MAX,Concentration3,ug/L,.0043,mg/L,,ug/L,,07/31/2024
PR0025658,001,00720,"Cyanide, total [as CN]",2,C3,MAX,Concentration3,ug/L,.002,mg/L,,ug/L,,08/31/2024
PR0025658,001,00720,"Cyanide, total [as CN]",2,C3,MAX,Concentration3,ug/L,.002,mg/L,,ug/L,,09/30/2024
PR0025658,001,00720,"Cyanide, total [as CN]",2,C3,MAX,Concentration3,ug/L,.002,mg/L,,ug/L,,10/31/2024
PR0025658,001,00720,"Cyanide, total [as CN]",2,C3,MAX,Concentration3,ug/L,.002,mg/L,,ug/L,,11/30/2024
PR0025658,001,00720,"Cyanide, total [as CN]",2,C3,MAX,Concentration3,ug/L,.002,mg/L,,ug/L,,12/31/2024
PR0025658,001,00720,"Cyanide, total [as CN]",2,C3,MAX,Concentration3,ug/L,.002,mg/L,,ug/L,,01/31/2025
PR0025658,001,00720,"Cyanide, total [as CN]",2,C3,MAX,Concentration3,ug/L,.002,mg/L,,ug/L,,02/28/2025
PR0025658,001,00720,"Cyanide, total [as CN]",2,C3,MAX,Concentration3,ug/L,.002,mg/L,,ug/L,,03/31/2025
PR0025658,001,00720,"Cyanide, total [as CN]",2,C3,MAX,Concentration3,ug/L,.002,mg/L,,ug/L,,04/30/2025
PR0025658,001,00720,"Cyanide, total [as CN]",2,C3,MAX,Concentration3,ug/L,.002,mg/L,,ug/L,,05/31/2025
PR0025658,001,00720,"Cyanide, total [as CN]",2,C3,MAX,Concentration3,ug/L,.002,mg/L,,ug/L,,06/30/2025
PR0025658,001,00720,"Cyanide, total [as CN]",2,C3,MAX,Concentration3,ug/L,.002,mg/L,,ug/L,,07/31/2025
PR0025658,001,00720,"Cyanide, total [as CN]",2,C3,MAX,Concentration3,ug/L,.002,mg/L,,ug/L,,08/31/2025
PR0025658,001,00720,"Cyanide, total [as CN]",3.3,C3,MAX,Concentration3,ug/L,.0033,mg/L,,ug/L,,09/30/2025
PR0025658,001,00720,"Cyanide, total [as CN]",2,C3,MAX,Concentration3,ug/L,.002,mg/L,,ug/L,,10/31/2025
PR0025658,001,00720,"Cyanide, total [as CN]",2,C3,MAX,Concentration3,ug/L,.002,mg/L,,ug/L,,11/30/2025
PR0025658,001,00720,"Cyanide, total [as CN]",2,C3,MAX,Concentration3,ug/L,.002,mg/L,,ug/L,,12/31/2025
PR0025658,001,00720,"Cyanide, total [as CN]",2,C3,MAX,Concentration3,ug/L,.002,mg/L,,ug/L,,01/31/2026
PR0025658,001,01042,"Copper, total [as Cu]",5,C3,MAX,Concentration3,ug/L,.005,mg/L,123,ug/L,,01/31/2020
PR0025658,001,01042,"Copper, total [as Cu]",5,C3,MAX,Concentration3,ug/L,.005,mg/L,123,ug/L,,02/29/2020
PR0025658,001,01042,"Copper, total [as Cu]",5,C3,MAX,Concentration3,ug/L,.005,mg/L,123,ug/L,,03/31/2020
PR0025658,001,01042,"Copper, total [as Cu]",5,C3,MAX,Concentration3,ug/L,.005,mg/L,123,ug/L,,04/30/2020
PR0025658,001,01042,"Copper, total [as Cu]",5,C3,MAX,Concentration3,ug/L,.005,mg/L,123,ug/L,,05/31/2020
PR0025658,001,01042,"Copper, total [as Cu]",5,C3,MAX,Concentration3,ug/L,.005,mg/L,12.9,ug/L,,08/31/2020
PR0025658,001,01042,"Copper, total [as Cu]",6,C3,MAX,Concentration3,ug/L,.006,mg/L,12.9,ug/L,,11/30/2020
PR0025658,001,01042,"Copper, total [as Cu]",6,C3,MAX,Concentration3,ug/L,.006,mg/L,12.9,ug/L,,02/28/2021
PR0025658,001,01042,"Copper, total [as Cu]",8,C3,MAX,Concentration3,ug/L,.008,mg/L,12.9,ug/L,,05/31/2021
PR0025658,001,01042,"Copper, total [as Cu]",6,C3,MAX,Concentration3,ug/L,.006,mg/L,12.9,ug/L,,08/31/2021
PR0025658,001,01042,"Copper, total [as Cu]",6,C3,MAX,Concentration3,ug/L,.006,mg/L,12.9,ug/L,,11/30/2021
PR0025658,001,01042,"Copper, total [as Cu]",7,C3,MAX,Concentration3,ug/L,.007,mg/L,12.9,ug/L,,02/28/2022
PR0025658,001,01042,"Copper, total [as Cu]",14,C3,MAX,Concentration3,ug/L,.014,mg/L,12.9,ug/L,,05/31/2022
PR0025658,001,01042,"Copper, total [as Cu]",7,C3,MAX,Concentration3,ug/L,.007,mg/L,12.9,ug/L,,08/31/2022
PR0025658,001,01042,"Copper, total [as Cu]",6,C3,MAX,Concentration3,ug/L,.006,mg/L,12.9,ug/L,,11/30/2022
PR0025658,001,01042,"Copper, total [as Cu]",6,C3,MAX,Concentration3,ug/L,.006,mg/L,12.9,ug/L,,02/28/2023
PR0025658,001,01042,"Copper, total [as Cu]",6,C3,MAX,Concentration3,ug/L,.006,mg/L,12.9,ug/L,,05/31/2023
PR0025658,001,01042,"Copper, total [as Cu]",7,C3,MAX,Concentration3,ug/L,.007,mg/L,12.9,ug/L,,08/31/2023
PR0025658,001,01042,"Copper, total [as Cu]",26,C3,MAX,Concentration3,ug/L,.026,mg/L,12.9,ug/L,,11/30/2023
PR0025658,001,01042,"Copper, total [as Cu]",10,C3,MAX,Concentration3,ug/L,.01,mg/L,12.9,ug/L,,02/29/2024
PR0025658,001,01042,"Copper, total [as Cu]",8,C3,MAX,Concentration3,ug/L,.008,mg/L,12.9,ug/L,,05/31/2024
PR0025658,001,01042,"Copper, total [as Cu]",8.91,C3,MAX,Concentration3,ug/L,.00891,mg/L,12.9,ug/L,,08/31/2024
PR0025658,001,01042,"Copper, total [as Cu]",3.61,C3,MAX,Concentration3,ug/L,.00361,mg/L,12.9,ug/L,,11/30/2024
PR0025658,001,01042,"Copper, total [as Cu]",7.44,C3,MAX,Concentration3,ug/L,.00744,mg/L,12.9,ug/L,,02/28/2025
PR0025658,001,01042,"Copper, total [as Cu]",2.51,C3,MAX,Concentration3,ug/L,.00251,mg/L,12.9,ug/L,,05/31/2025
PR0025658,001,01042,"Copper, total [as Cu]",8.89,C3,MAX,Concentration3,ug/L,.00889,mg/L,12.9,ug/L,,08/31/2025
PR0025658,001,01042,"Copper, total [as Cu]",7.35,C3,MAX,Concentration3,ug/L,.00735,mg/L,12.9,ug/L,,11/30/2025
PR0025658,001,01042,"Copper, total [as Cu]",2.3,C3,MAX,Concentration3,ug/L,.0023,mg/L,12.9,ug/L,,02/28/2026
PR0025658,001,01077,"Silver, total [as Ag]",0.5,C3,MAX,Concentration3,ug/L,.0005,mg/L,,ug/L,,05/31/2021
PR0025658,001,01077,"Silver, total [as Ag]",2,C3,MAX,Concentration3,ug/L,.002,mg/L,,ug/L,,05/31/2022
PR0025658,001,01077,"Silver, total [as Ag]",5,C3,MAX,Concentration3,ug/L,.005,mg/L,,ug/L,,05/31/2023
PR0025658,001,01077,"Silver, total [as Ag]",5,C3,MAX,Concentration3,ug/L,.005,mg/L,,ug/L,,05/31/2024
PR0025658,001,01077,"Silver, total [as Ag]",0.025,C3,MAX,Concentration3,ug/L,.000025,mg/L,,ug/L,,05/31/2025
PR0025658,001,30500,"Coliform, fecal - % samples exceeding limit",0,C2,MAX,Concentration2,%,0,%,20,%,,01/31/2020
PR0025658,001,30500,"Coliform, fecal - % samples exceeding limit",0,C2,MAX,Concentration2,%,0,%,20,%,,02/29/2020
PR0025658,001,30500,"Coliform, fecal - % samples exceeding limit",0,C2,MAX,Concentration2,%,0,%,20,%,,03/31/2020
PR0025658,001,30500,"Coliform, fecal - % samples exceeding limit",0,C2,MAX,Concentration2,%,0,%,20,%,,04/30/2020
PR0025658,001,30500,"Coliform, fecal - % samples exceeding limit",0,C2,MAX,Concentration2,%,0,%,20,%,,05/31/2020
PR0025658,001,34726,"Nitrogen, ammonia, total [as NH3]",0.06,C3,MAX,Concentration3,mg/L,.06,mg/L,22.5,mg/L,,01/31/2020
PR0025658,001,34726,"Nitrogen, ammonia, total [as NH3]",0.06,C3,MAX,Concentration3,mg/L,.06,mg/L,22.5,mg/L,,02/29/2020
PR0025658,001,34726,"Nitrogen, ammonia, total [as NH3]",0.11,C3,MAX,Concentration3,mg/L,.11,mg/L,22.5,mg/L,,03/31/2020
PR0025658,001,34726,"Nitrogen, ammonia, total [as NH3]",0.066,C3,MAX,Concentration3,mg/L,.066,mg/L,22.5,mg/L,,04/30/2020
PR0025658,001,34726,"Nitrogen, ammonia, total [as NH3]",0.06,C3,MAX,Concentration3,mg/L,.06,mg/L,22.5,mg/L,,05/31/2020
PR0025658,001,38260,Surfactants [MBAS],118,C3,MAX,Concentration3,ug/L,.11800001,mg/L,,ug/L,,06/30/2020
PR0025658,001,38260,Surfactants [MBAS],117,C3,MAX,Concentration3,ug/L,.11700001,mg/L,,ug/L,,07/31/2020
PR0025658,001,38260,Surfactants [MBAS],130,C3,MAX,Concentration3,ug/L,.13000001,mg/L,,ug/L,,08/31/2020
PR0025658,001,38260,Surfactants [MBAS],166,C3,MAX,Concentration3,ug/L,.16600001,mg/L,,ug/L,,09/30/2020
PR0025658,001,38260,Surfactants [MBAS],92,C3,MAX,Concentration3,ug/L,.092,mg/L,,ug/L,,10/31/2020
PR0025658,001,38260,Surfactants [MBAS],0.12,C3,MAX,Concentration3,ug/L,.00012,mg/L,,ug/L,,11/30/2020
PR0025658,001,38260,Surfactants [MBAS],267,C3,MAX,Concentration3,ug/L,.26700001,mg/L,,ug/L,,12/31/2020
PR0025658,001,38260,Surfactants [MBAS],276,C3,MAX,Concentration3,ug/L,.27600001,mg/L,,ug/L,,01/31/2021
PR0025658,001,38260,Surfactants [MBAS],191,C3,MAX,Concentration3,ug/L,.19100001,mg/L,,ug/L,,02/28/2021
PR0025658,001,38260,Surfactants [MBAS],283,C3,MAX,Concentration3,ug/L,.28300001,mg/L,,ug/L,,03/31/2021
PR0025658,001,38260,Surfactants [MBAS],303,C3,MAX,Concentration3,ug/L,.30300001,mg/L,,ug/L,,04/30/2021
PR0025658,001,38260,Surfactants [MBAS],172,C3,MAX,Concentration3,ug/L,.17200001,mg/L,,ug/L,,05/31/2021
PR0025658,001,38260,Surfactants [MBAS],247,C3,MAX,Concentration3,ug/L,.24700001,mg/L,,ug/L,,06/30/2021
PR0025658,001,38260,Surfactants [MBAS],65,C3,MAX,Concentration3,ug/L,.065,mg/L,,ug/L,,07/31/2021
PR0025658,001,38260,Surfactants [MBAS],175,C3,MAX,Concentration3,ug/L,.17500001,mg/L,,ug/L,,08/31/2021
PR0025658,001,38260,Surfactants [MBAS],72,C3,MAX,Concentration3,ug/L,.072,mg/L,,ug/L,,09/30/2021
PR0025658,001,38260,Surfactants [MBAS],154,C3,MAX,Concentration3,ug/L,.15400001,mg/L,,ug/L,,10/31/2021
PR0025658,001,38260,Surfactants [MBAS],85,C3,MAX,Concentration3,ug/L,.085,mg/L,,ug/L,,11/30/2021
PR0025658,001,38260,Surfactants [MBAS],32,C3,MAX,Concentration3,ug/L,.032,mg/L,,ug/L,,12/31/2021
PR0025658,001,38260,Surfactants [MBAS],42,C3,MAX,Concentration3,ug/L,.042,mg/L,,ug/L,,01/31/2022
PR0025658,001,38260,Surfactants [MBAS],85,C3,MAX,Concentration3,ug/L,.085,mg/L,,ug/L,,02/28/2022
PR0025658,001,38260,Surfactants [MBAS],212,C3,MAX,Concentration3,ug/L,.21200001,mg/L,,ug/L,,03/31/2022
PR0025658,001,38260,Surfactants [MBAS],223,C3,MAX,Concentration3,ug/L,.22300001,mg/L,,ug/L,,04/30/2022
PR0025658,001,38260,Surfactants [MBAS],87,C3,MAX,Concentration3,ug/L,.087,mg/L,,ug/L,,05/31/2022
PR0025658,001,38260,Surfactants [MBAS],149,C3,MAX,Concentration3,ug/L,.14900001,mg/L,,ug/L,,06/30/2022
PR0025658,001,38260,Surfactants [MBAS],51,C3,MAX,Concentration3,ug/L,.051,mg/L,,ug/L,,07/31/2022
PR0025658,001,38260,Surfactants [MBAS],85,C3,MAX,Concentration3,ug/L,.085,mg/L,,ug/L,,08/31/2022
PR0025658,001,38260,Surfactants [MBAS],148,C3,MAX,Concentration3,ug/L,.14800001,mg/L,,ug/L,,09/30/2022
PR0025658,001,38260,Surfactants [MBAS],82,C3,MAX,Concentration3,ug/L,.082,mg/L,,ug/L,,10/31/2022
PR0025658,001,38260,Surfactants [MBAS],113,C3,MAX,Concentration3,ug/L,.11300001,mg/L,,ug/L,,11/30/2022
PR0025658,001,38260,Surfactants [MBAS],117,C3,MAX,Concentration3,ug/L,.11700001,mg/L,,ug/L,,12/31/2022
PR0025658,001,38260,Surfactants [MBAS],25,C3,MAX,Concentration3,ug/L,.025,mg/L,,ug/L,,01/31/2023
PR0025658,001,38260,Surfactants [MBAS],82,C3,MAX,Concentration3,ug/L,.082,mg/L,,ug/L,,02/28/2023
PR0025658,001,38260,Surfactants [MBAS],174,C3,MAX,Concentration3,ug/L,.17400001,mg/L,,ug/L,,03/31/2023
PR0025658,001,38260,Surfactants [MBAS],134,C3,MAX,Concentration3,ug/L,.13400001,mg/L,,ug/L,,04/30/2023
PR0025658,001,38260,Surfactants [MBAS],115,C3,MAX,Concentration3,ug/L,.11500001,mg/L,,ug/L,,05/31/2023
PR0025658,001,38260,Surfactants [MBAS],144,C3,MAX,Concentration3,ug/L,.14400001,mg/L,,ug/L,,06/30/2023
PR0025658,001,38260,Surfactants [MBAS],25,C3,MAX,Concentration3,ug/L,.025,mg/L,,ug/L,,07/31/2023
PR0025658,001,38260,Surfactants [MBAS],387,C3,MAX,Concentration3,ug/L,.38700002,mg/L,,ug/L,,08/31/2023
PR0025658,001,38260,Surfactants [MBAS],25,C3,MAX,Concentration3,ug/L,.025,mg/L,,ug/L,,09/30/2023
PR0025658,001,38260,Surfactants [MBAS],79,C3,MAX,Concentration3,ug/L,.079,mg/L,,ug/L,,10/31/2023
PR0025658,001,38260,Surfactants [MBAS],179,C3,MAX,Concentration3,ug/L,.17900001,mg/L,,ug/L,,11/30/2023
PR0025658,001,38260,Surfactants [MBAS],255,C3,MAX,Concentration3,ug/L,.25500001,mg/L,,ug/L,,12/31/2023
PR0025658,001,38260,Surfactants [MBAS],110,C3,MAX,Concentration3,ug/L,.11000001,mg/L,,ug/L,,01/31/2024
PR0025658,001,38260,Surfactants [MBAS],317,C3,MAX,Concentration3,ug/L,.31700002,mg/L,,ug/L,,02/29/2024
PR0025658,001,38260,Surfactants [MBAS],54,C3,MAX,Concentration3,ug/L,.054,mg/L,,ug/L,,03/31/2024
PR0025658,001,38260,Surfactants [MBAS],146,C3,MAX,Concentration3,ug/L,.14600001,mg/L,,ug/L,,04/30/2024
PR0025658,001,38260,Surfactants [MBAS],278,C3,MAX,Concentration3,ug/L,.27800001,mg/L,,ug/L,,05/31/2024
PR0025658,001,38260,Surfactants [MBAS],242,C3,MAX,Concentration3,ug/L,.24200001,mg/L,,ug/L,,06/30/2024
PR0025658,001,38260,Surfactants [MBAS],271,C3,MAX,Concentration3,ug/L,.27100001,mg/L,,ug/L,,07/31/2024
PR0025658,001,38260,Surfactants [MBAS],29,C3,MAX,Concentration3,ug/L,.029,mg/L,,ug/L,,08/31/2024
PR0025658,001,38260,Surfactants [MBAS],25,C3,MAX,Concentration3,ug/L,.025,mg/L,,ug/L,,09/30/2024
PR0025658,001,38260,Surfactants [MBAS],84,C3,MAX,Concentration3,ug/L,.084,mg/L,,ug/L,,10/31/2024
PR0025658,001,38260,Surfactants [MBAS],64,C3,MAX,Concentration3,ug/L,.064,mg/L,,ug/L,,11/30/2024
PR0025658,001,38260,Surfactants [MBAS],44,C3,MAX,Concentration3,ug/L,.044,mg/L,,ug/L,,12/31/2024
PR0025658,001,38260,Surfactants [MBAS],77,C3,MAX,Concentration3,ug/L,.077,mg/L,,ug/L,,01/31/2025
PR0025658,001,38260,Surfactants [MBAS],135,C3,MAX,Concentration3,ug/L,.13500001,mg/L,,ug/L,,02/28/2025
PR0025658,001,38260,Surfactants [MBAS],130,C3,MAX,Concentration3,ug/L,.13000001,mg/L,,ug/L,,03/31/2025
PR0025658,001,38260,Surfactants [MBAS],171,C3,MAX,Concentration3,ug/L,.17100001,mg/L,,ug/L,,04/30/2025
PR0025658,001,38260,Surfactants [MBAS],360,C3,MAX,Concentration3,ug/L,.36000002,mg/L,,ug/L,,05/31/2025
PR0025658,001,38260,Surfactants [MBAS],26,C3,MAX,Concentration3,ug/L,.026,mg/L,,ug/L,,06/30/2025
PR0025658,001,38260,Surfactants [MBAS],119,C3,MAX,Concentration3,ug/L,.11900001,mg/L,,ug/L,,07/31/2025
PR0025658,001,38260,Surfactants [MBAS],91,C3,MAX,Concentration3,ug/L,.091,mg/L,,ug/L,,08/31/2025
PR0025658,001,38260,Surfactants [MBAS],74,C3,MAX,Concentration3,ug/L,.074,mg/L,,ug/L,,09/30/2025
PR0025658,001,38260,Surfactants [MBAS],59,C3,MAX,Concentration3,ug/L,.059,mg/L,,ug/L,,10/31/2025
PR0025658,001,38260,Surfactants [MBAS],52,C3,MAX,Concentration3,ug/L,.052,mg/L,,ug/L,,11/30/2025
PR0025658,001,38260,Surfactants [MBAS],32,C3,MAX,Concentration3,ug/L,.032,mg/L,,ug/L,,12/31/2025
PR0025658,001,38260,Surfactants [MBAS],35,C3,MAX,Concentration3,ug/L,.035,mg/L,,ug/L,,01/31/2026
PR0025658,001,50050,"Flow, in conduit or thru treatment plant",0.534,Q1,AVG,Quantity1,MGD,.534,MGD,,MGD,,01/31/2020
PR0025658,001,50050,"Flow, in conduit or thru treatment plant",1.169,Q2,MAX,Quantity2,MGD,1.169,MGD,,MGD,,01/31/2020
PR0025658,001,50050,"Flow, in conduit or thru treatment plant",0.491,Q1,AVG,Quantity1,MGD,.491,MGD,,MGD,,02/29/2020
PR0025658,001,50050,"Flow, in conduit or thru treatment plant",0.85,Q2,MAX,Quantity2,MGD,.85,MGD,,MGD,,02/29/2020
PR0025658,001,50050,"Flow, in conduit or thru treatment plant",1.591,Q2,MAX,Quantity2,MGD,1.591,MGD,,MGD,,03/31/2020
PR0025658,001,50050,"Flow, in conduit or thru treatment plant",0.663,Q1,AVG,Quantity1,MGD,.663,MGD,,MGD,,03/31/2020
PR0025658,001,50050,"Flow, in conduit or thru treatment plant",0.382,Q1,AVG,Quantity1,MGD,.382,MGD,,MGD,,04/30/2020
PR0025658,001,50050,"Flow, in conduit or thru treatment plant",0.685,Q2,MAX,Quantity2,MGD,.685,MGD,,MGD,,04/30/2020
PR0025658,001,50050,"Flow, in conduit or thru treatment plant",0.816,Q2,MAX,Quantity2,MGD,.816,MGD,,MGD,,05/31/2020
PR0025658,001,50050,"Flow, in conduit or thru treatment plant",0.37,Q1,AVG,Quantity1,MGD,.37,MGD,,MGD,,05/31/2020
PR0025658,001,50050,"Flow, in conduit or thru treatment plant",0.492,C3,AVG,Concentration3,MGD,.492,MGD,,MGD,,06/30/2020
PR0025658,001,50050,"Flow, in conduit or thru treatment plant",0.605,Q2,MAX,Quantity2,MGD,.605,MGD,,MGD,,06/30/2020
PR0025658,001,50050,"Flow, in conduit or thru treatment plant",0.415,Q1,AVG,Quantity1,MGD,.415,MGD,,MGD,,06/30/2020
PR0025658,001,50050,"Flow, in conduit or thru treatment plant",1.436,Q2,MAX,Quantity2,MGD,1.436,MGD,,MGD,,07/31/2020
PR0025658,001,50050,"Flow, in conduit or thru treatment plant",0.0481,Q1,AVG,Quantity1,MGD,.0481,MGD,,MGD,,07/31/2020
PR0025658,001,50050,"Flow, in conduit or thru treatment plant",0.737,C3,AVG,Concentration3,MGD,.737,MGD,,MGD,,07/31/2020
PR0025658,001,50050,"Flow, in conduit or thru treatment plant",0.663,C3,AVG,Concentration3,MGD,.663,MGD,,MGD,,08/31/2020
PR0025658,001,50050,"Flow, in conduit or thru treatment plant",1.004,Q2,MAX,Quantity2,MGD,1.004,MGD,,MGD,,08/31/2020
PR0025658,001,50050,"Flow, in conduit or thru treatment plant",0.459,Q1,AVG,Quantity1,MGD,.459,MGD,,MGD,,08/31/2020
PR0025658,001,50050,"Flow, in conduit or thru treatment plant",0.393,Q1,AVG,Quantity1,MGD,.393,MGD,,MGD,,09/30/2020
PR0025658,001,50050,"Flow, in conduit or thru treatment plant",0.55,Q2,MAX,Quantity2,MGD,.55,MGD,,MGD,,09/30/2020
PR0025658,001,50050,"Flow, in conduit or thru treatment plant",0.428,C3,AVG,Concentration3,MGD,.428,MGD,,MGD,,09/30/2020
PR0025658,001,50050,"Flow, in conduit or thru treatment plant",0.778,C3,AVG,Concentration3,MGD,.778,MGD,,MGD,,10/31/2020
PR0025658,001,50050,"Flow, in conduit or thru treatment plant",1.521,Q2,MAX,Quantity2,MGD,1.521,MGD,,MGD,,10/31/2020
PR0025658,001,50050,"Flow, in conduit or thru treatment plant",0.682,Q1,AVG,Quantity1,MGD,.682,MGD,,MGD,,10/31/2020
PR0025658,001,50050,"Flow, in conduit or thru treatment plant",0.648,Q1,AVG,Quantity1,MGD,.648,MGD,,MGD,,11/30/2020
PR0025658,001,50050,"Flow, in conduit or thru treatment plant",1.963,Q2,MAX,Quantity2,MGD,1.963,MGD,,MGD,,11/30/2020
PR0025658,001,50050,"Flow, in conduit or thru treatment plant",1.26,C3,AVG,Concentration3,MGD,1.26,MGD,,MGD,,11/30/2020
PR0025658,001,50050,"Flow, in conduit or thru treatment plant",0.5758,C3,AVG,Concentration3,MGD,.5758,MGD,,MGD,,12/31/2020
PR0025658,001,50050,"Flow, in conduit or thru treatment plant",0.631,Q2,MAX,Quantity2,MGD,.631,MGD,,MGD,,12/31/2020
PR0025658,001,50050,"Flow, in conduit or thru treatment plant",0.432,Q1,AVG,Quantity1,MGD,.432,MGD,,MGD,,12/31/2020
PR0025658,001,50050,"Flow, in conduit or thru treatment plant",0.8,C3,AVG,Concentration3,MGD,.8,MGD,,MGD,,01/31/2021
PR0025658,001,50050,"Flow, in conduit or thru treatment plant",1.693,Q2,MAX,Quantity2,MGD,1.693,MGD,,MGD,,01/31/2021
PR0025658,001,50050,"Flow, in conduit or thru treatment plant",0.466,Q1,AVG,Quantity1,MGD,.466,MGD,,MGD,,01/31/2021
PR0025658,001,50050,"Flow, in conduit or thru treatment plant",0.505,Q2,MAX,Quantity2,MGD,.505,MGD,,MGD,,02/28/2021
PR0025658,001,50050,"Flow, in conduit or thru treatment plant",0.376,Q1,AVG,Quantity1,MGD,.376,MGD,,MGD,,02/28/2021
PR0025658,001,50050,"Flow, in conduit or thru treatment plant",0.428,C3,AVG,Concentration3,MGD,.428,MGD,,MGD,,02/28/2021
PR0025658,001,50050,"Flow, in conduit or thru treatment plant",0.586,C3,AVG,Concentration3,MGD,.586,MGD,,MGD,,03/31/2021
PR0025658,001,50050,"Flow, in conduit or thru treatment plant",1.551,Q2,MAX,Quantity2,MGD,1.551,MGD,,MGD,,03/31/2021
PR0025658,001,50050,"Flow, in conduit or thru treatment plant",0.43,Q1,AVG,Quantity1,MGD,.43,MGD,,MGD,,03/31/2021
PR0025658,001,50050,"Flow, in conduit or thru treatment plant",0.406,C3,AVG,Concentration3,MGD,.406,MGD,,MGD,,04/30/2021
PR0025658,001,50050,"Flow, in conduit or thru treatment plant",0.361,Q1,AVG,Quantity1,MGD,.361,MGD,,MGD,,04/30/2021
PR0025658,001,50050,"Flow, in conduit or thru treatment plant",0.666,Q2,MAX,Quantity2,MGD,.666,MGD,,MGD,,04/30/2021
PR0025658,001,50050,"Flow, in conduit or thru treatment plant",0.633,Q2,MAX,Quantity2,MGD,.633,MGD,,MGD,,05/31/2021
PR0025658,001,50050,"Flow, in conduit or thru treatment plant",0.388,C3,AVG,Concentration3,MGD,.388,MGD,,MGD,,05/31/2021
PR0025658,001,50050,"Flow, in conduit or thru treatment plant",0.347,Q1,AVG,Quantity1,MGD,.347,MGD,,MGD,,05/31/2021
PR0025658,001,50050,"Flow, in conduit or thru treatment plant",0.463,Q1,AVG,Quantity1,MGD,.463,MGD,,MGD,,06/30/2021
PR0025658,001,50050,"Flow, in conduit or thru treatment plant",1.671,Q2,MAX,Quantity2,MGD,1.671,MGD,,MGD,,06/30/2021
PR0025658,001,50050,"Flow, in conduit or thru treatment plant",0.774,C3,AVG,Concentration3,MGD,.774,MGD,,MGD,,06/30/2021
PR0025658,001,50050,"Flow, in conduit or thru treatment plant",0.44,Q2,MAX,Quantity2,MGD,.44,MGD,,MGD,,07/31/2021
PR0025658,001,50050,"Flow, in conduit or thru treatment plant",0.409,C3,AVG,Concentration3,MGD,.409,MGD,,MGD,,07/31/2021
PR0025658,001,50050,"Flow, in conduit or thru treatment plant",0.358,Q1,AVG,Quantity1,MGD,.358,MGD,,MGD,,07/31/2021
PR0025658,001,50050,"Flow, in conduit or thru treatment plant",0.35,Q1,AVG,Quantity1,MGD,.35,MGD,,MGD,,08/31/2021
PR0025658,001,50050,"Flow, in conduit or thru treatment plant",0.538,Q2,MAX,Quantity2,MGD,.538,MGD,,MGD,,08/31/2021
PR0025658,001,50050,"Flow, in conduit or thru treatment plant",0.384,C3,AVG,Concentration3,MGD,.384,MGD,,MGD,,08/31/2021
PR0025658,001,50050,"Flow, in conduit or thru treatment plant",0.659,Q2,MAX,Quantity2,MGD,.659,MGD,,MGD,,09/30/2021
PR0025658,001,50050,"Flow, in conduit or thru treatment plant",0.463,C3,AVG,Concentration3,MGD,.463,MGD,,MGD,,09/30/2021
PR0025658,001,50050,"Flow, in conduit or thru treatment plant",0.423,Q1,AVG,Quantity1,MGD,.423,MGD,,MGD,,09/30/2021
PR0025658,001,50050,"Flow, in conduit or thru treatment plant",0.426,Q1,AVG,Quantity1,MGD,.426,MGD,,MGD,,10/31/2021
PR0025658,001,50050,"Flow, in conduit or thru treatment plant",1.026,Q2,MAX,Quantity2,MGD,1.026,MGD,,MGD,,10/31/2021
PR0025658,001,50050,"Flow, in conduit or thru treatment plant",0.571,C3,AVG,Concentration3,MGD,.571,MGD,,MGD,,10/31/2021
PR0025658,001,50050,"Flow, in conduit or thru treatment plant",0.572,Q2,MAX,Quantity2,MGD,.572,MGD,,MGD,,11/30/2021
PR0025658,001,50050,"Flow, in conduit or thru treatment plant",0.38,C3,AVG,Concentration3,MGD,.38,MGD,,MGD,,11/30/2021
PR0025658,001,50050,"Flow, in conduit or thru treatment plant",0.339,Q1,AVG,Quantity1,MGD,.339,MGD,,MGD,,11/30/2021
PR0025658,001,50050,"Flow, in conduit or thru treatment plant",0.441,C3,AVG,Concentration3,MGD,.441,MGD,,MGD,,12/31/2021
PR0025658,001,50050,"Flow, in conduit or thru treatment plant",0.618,Q2,MAX,Quantity2,MGD,.618,MGD,,MGD,,12/31/2021
PR0025658,001,50050,"Flow, in conduit or thru treatment plant",0.38,Q1,AVG,Quantity1,MGD,.38,MGD,,MGD,,12/31/2021
PR0025658,001,50050,"Flow, in conduit or thru treatment plant",0.431,Q2,MAX,Quantity2,MGD,.431,MGD,,MGD,,01/31/2022
PR0025658,001,50050,"Flow, in conduit or thru treatment plant",0.326,Q1,AVG,Quantity1,MGD,.326,MGD,,MGD,,01/31/2022
PR0025658,001,50050,"Flow, in conduit or thru treatment plant",0.355,C3,AVG,Concentration3,MGD,.355,MGD,,MGD,,01/31/2022
PR0025658,001,50050,"Flow, in conduit or thru treatment plant",0.665,C3,AVG,Concentration3,MGD,.665,MGD,,MGD,,02/28/2022
PR0025658,001,50050,"Flow, in conduit or thru treatment plant",1.462,Q2,MAX,Quantity2,MGD,1.462,MGD,,MGD,,02/28/2022
PR0025658,001,50050,"Flow, in conduit or thru treatment plant",0.459,Q1,AVG,Quantity1,MGD,.459,MGD,,MGD,,02/28/2022
PR0025658,001,50050,"Flow, in conduit or thru treatment plant",0.404,Q1,AVG,Quantity1,MGD,.404,MGD,,MGD,,03/31/2022
PR0025658,001,50050,"Flow, in conduit or thru treatment plant",0.628,Q2,MAX,Quantity2,MGD,.628,MGD,,MGD,,03/31/2022
PR0025658,001,50050,"Flow, in conduit or thru treatment plant",0.488,C3,AVG,Concentration3,MGD,.488,MGD,,MGD,,03/31/2022
PR0025658,001,50050,"Flow, in conduit or thru treatment plant",0.387,C3,AVG,Concentration3,MGD,.387,MGD,,MGD,,04/30/2022
PR0025658,001,50050,"Flow, in conduit or thru treatment plant",0.445,Q2,MAX,Quantity2,MGD,.445,MGD,,MGD,,04/30/2022
PR0025658,001,50050,"Flow, in conduit or thru treatment plant",0.375,Q1,AVG,Quantity1,MGD,.375,MGD,,MGD,,04/30/2022
PR0025658,001,50050,"Flow, in conduit or thru treatment plant",0.326,Q1,AVG,Quantity1,MGD,.326,MGD,,MGD,,05/31/2022
PR0025658,001,50050,"Flow, in conduit or thru treatment plant",0.445,Q2,MAX,Quantity2,MGD,.445,MGD,,MGD,,05/31/2022
PR0025658,001,50050,"Flow, in conduit or thru treatment plant",0.357,C3,AVG,Concentration3,MGD,.357,MGD,,MGD,,05/31/2022
PR0025658,001,50050,"Flow, in conduit or thru treatment plant",0.389,Q2,MAX,Quantity2,MGD,.389,MGD,,MGD,,06/30/2022
PR0025658,001,50050,"Flow, in conduit or thru treatment plant",0.325,C3,AVG,Concentration3,MGD,.325,MGD,,MGD,,06/30/2022
PR0025658,001,50050,"Flow, in conduit or thru treatment plant",0.296,Q1,AVG,Quantity1,MGD,.296,MGD,,MGD,,06/30/2022
PR0025658,001,50050,"Flow, in conduit or thru treatment plant",0.924,Q2,MAX,Quantity2,MGD,.924,MGD,,MGD,,07/31/2022
PR0025658,001,50050,"Flow, in conduit or thru treatment plant",0.282,Q1,AVG,Quantity1,MGD,.282,MGD,,MGD,,07/31/2022
PR0025658,001,50050,"Flow, in conduit or thru treatment plant",0.538,C3,AVG,Concentration3,MGD,.538,MGD,,MGD,,07/31/2022
PR0025658,001,50050,"Flow, in conduit or thru treatment plant",0.236,C3,AVG,Concentration3,MGD,.236,MGD,,MGD,,08/31/2022
PR0025658,001,50050,"Flow, in conduit or thru treatment plant",0.359,Q2,MAX,Quantity2,MGD,.359,MGD,,MGD,,08/31/2022
PR0025658,001,50050,"Flow, in conduit or thru treatment plant",0.264,Q1,AVG,Quantity1,MGD,.264,MGD,,MGD,,08/31/2022
PR0025658,001,50050,"Flow, in conduit or thru treatment plant",1.715,Q2,MAX,Quantity2,MGD,1.715,MGD,,MGD,,09/30/2022
PR0025658,001,50050,"Flow, in conduit or thru treatment plant",0.517,Q1,AVG,Quantity1,MGD,.517,MGD,,MGD,,09/30/2022
PR0025658,001,50050,"Flow, in conduit or thru treatment plant",0.877,C3,AVG,Concentration3,MGD,.877,MGD,,MGD,,09/30/2022
PR0025658,001,50050,"Flow, in conduit or thru treatment plant",0.273,C3,AVG,Concentration3,MGD,.273,MGD,,MGD,,10/31/2022
PR0025658,001,50050,"Flow, in conduit or thru treatment plant",0.46,Q2,MAX,Quantity2,MGD,.46,MGD,,MGD,,10/31/2022
PR0025658,001,50050,"Flow, in conduit or thru treatment plant",0.201,Q1,AVG,Quantity1,MGD,.201,MGD,,MGD,,10/31/2022
PR0025658,001,50050,"Flow, in conduit or thru treatment plant",0.245,Q1,AVG,Quantity1,MGD,.245,MGD,,MGD,,11/30/2022
PR0025658,001,50050,"Flow, in conduit or thru treatment plant",0.52,Q2,MAX,Quantity2,MGD,.52,MGD,,MGD,,11/30/2022
PR0025658,001,50050,"Flow, in conduit or thru treatment plant",0.302,C3,AVG,Concentration3,MGD,.302,MGD,,MGD,,11/30/2022
PR0025658,001,50050,"Flow, in conduit or thru treatment plant",0.234,C3,AVG,Concentration3,MGD,.234,MGD,,MGD,,12/31/2022
PR0025658,001,50050,"Flow, in conduit or thru treatment plant",0.319,Q2,MAX,Quantity2,MGD,.319,MGD,,MGD,,12/31/2022
PR0025658,001,50050,"Flow, in conduit or thru treatment plant",0.217,Q1,AVG,Quantity1,MGD,.217,MGD,,MGD,,12/31/2022
PR0025658,001,50050,"Flow, in conduit or thru treatment plant",0.288,Q2,MAX,Quantity2,MGD,.288,MGD,,MGD,,01/31/2023
PR0025658,001,50050,"Flow, in conduit or thru treatment plant",0.226,C3,AVG,Concentration3,MGD,.226,MGD,,MGD,,01/31/2023
PR0025658,001,50050,"Flow, in conduit or thru treatment plant",0.206,Q1,AVG,Quantity1,MGD,.206,MGD,,MGD,,01/31/2023
PR0025658,001,50050,"Flow, in conduit or thru treatment plant",0.198,Q1,AVG,Quantity1,MGD,.198,MGD,,MGD,,02/28/2023
PR0025658,001,50050,"Flow, in conduit or thru treatment plant",0.263,Q2,MAX,Quantity2,MGD,.263,MGD,,MGD,,02/28/2023
PR0025658,001,50050,"Flow, in conduit or thru treatment plant",0.216,C3,AVG,Concentration3,MGD,.216,MGD,,MGD,,02/28/2023
PR0025658,001,50050,"Flow, in conduit or thru treatment plant",0.219,C3,AVG,Concentration3,MGD,.219,MGD,,MGD,,03/31/2023
PR0025658,001,50050,"Flow, in conduit or thru treatment plant",0.398,Q2,MAX,Quantity2,MGD,.398,MGD,,MGD,,03/31/2023
PR0025658,001,50050,"Flow, in conduit or thru treatment plant",0.205,Q1,AVG,Quantity1,MGD,.205,MGD,,MGD,,03/31/2023
PR0025658,001,50050,"Flow, in conduit or thru treatment plant",0.243,C3,AVG,Concentration3,MGD,.243,MGD,,MGD,,04/30/2023
PR0025658,001,50050,"Flow, in conduit or thru treatment plant",0.207,Q1,AVG,Quantity1,MGD,.207,MGD,,MGD,,04/30/2023
PR0025658,001,50050,"Flow, in conduit or thru treatment plant",0.319,Q2,MAX,Quantity2,MGD,.319,MGD,,MGD,,04/30/2023
PR0025658,001,50050,"Flow, in conduit or thru treatment plant",0.207,Q1,AVG,Quantity1,MGD,.207,MGD,,MGD,,05/31/2023
PR0025658,001,50050,"Flow, in conduit or thru treatment plant",0.218,C3,AVG,Concentration3,MGD,.218,MGD,,MGD,,05/31/2023
PR0025658,001,50050,"Flow, in conduit or thru treatment plant",0.273,Q2,MAX,Quantity2,MGD,.273,MGD,,MGD,,05/31/2023
PR0025658,001,50050,"Flow, in conduit or thru treatment plant",0.3,Q2,MAX,Quantity2,MGD,.3,MGD,,MGD,,06/30/2023
PR0025658,001,50050,"Flow, in conduit or thru treatment plant",0.21,C3,AVG,Concentration3,MGD,.21,MGD,,MGD,,06/30/2023
PR0025658,001,50050,"Flow, in conduit or thru treatment plant",0.189,Q1,AVG,Quantity1,MGD,.189,MGD,,MGD,,06/30/2023
PR0025658,001,50050,"Flow, in conduit or thru treatment plant",0.395,Q2,MAX,Quantity2,MGD,.395,MGD,,MGD,,07/31/2023
PR0025658,001,50050,"Flow, in conduit or thru treatment plant",0.238,C3,AVG,Concentration3,MGD,.238,MGD,,MGD,,07/31/2023
PR0025658,001,50050,"Flow, in conduit or thru treatment plant",0.207,Q1,AVG,Quantity1,MGD,.207,MGD,,MGD,,07/31/2023
PR0025658,001,50050,"Flow, in conduit or thru treatment plant",0.203,Q1,AVG,Quantity1,MGD,.203,MGD,,MGD,,08/31/2023
PR0025658,001,50050,"Flow, in conduit or thru treatment plant",0.373,Q2,MAX,Quantity2,MGD,.373,MGD,,MGD,,08/31/2023
PR0025658,001,50050,"Flow, in conduit or thru treatment plant",0.257,C3,AVG,Concentration3,MGD,.257,MGD,,MGD,,08/31/2023
PR0025658,001,50050,"Flow, in conduit or thru treatment plant",0.821,Q2,MAX,Quantity2,MGD,.821,MGD,,MGD,,09/30/2023
PR0025658,001,50050,"Flow, in conduit or thru treatment plant",0.234,Q1,AVG,Quantity1,MGD,.234,MGD,,MGD,,09/30/2023
PR0025658,001,50050,"Flow, in conduit or thru treatment plant",0.328,C3,AVG,Concentration3,MGD,.328,MGD,,MGD,,09/30/2023
PR0025658,001,50050,"Flow, in conduit or thru treatment plant",0.279,Q2,MAX,Quantity2,MGD,.279,MGD,,MGD,,10/31/2023
PR0025658,001,50050,"Flow, in conduit or thru treatment plant",0.209,Q1,AVG,Quantity1,MGD,.209,MGD,,MGD,,10/31/2023
PR0025658,001,50050,"Flow, in conduit or thru treatment plant",0.219,C3,AVG,Concentration3,MGD,.219,MGD,,MGD,,10/31/2023
PR0025658,001,50050,"Flow, in conduit or thru treatment plant",0.204,Q1,AVG,Quantity1,MGD,.204,MGD,,MGD,,11/30/2023
PR0025658,001,50050,"Flow, in conduit or thru treatment plant",0.361,Q2,MAX,Quantity2,MGD,.361,MGD,,MGD,,11/30/2023
PR0025658,001,50050,"Flow, in conduit or thru treatment plant",0.219,C3,AVG,Concentration3,MGD,.219,MGD,,MGD,,11/30/2023
PR0025658,001,50050,"Flow, in conduit or thru treatment plant",0.208,C3,AVG,Concentration3,MGD,.208,MGD,,MGD,,12/31/2023
PR0025658,001,50050,"Flow, in conduit or thru treatment plant",0.267,Q2,MAX,Quantity2,MGD,.267,MGD,,MGD,,12/31/2023
PR0025658,001,50050,"Flow, in conduit or thru treatment plant",0.191,Q1,AVG,Quantity1,MGD,.191,MGD,,MGD,,12/31/2023
PR0025658,001,50050,"Flow, in conduit or thru treatment plant",0.222,Q2,MAX,Quantity2,MGD,.222,MGD,,MGD,,01/31/2024
PR0025658,001,50050,"Flow, in conduit or thru treatment plant",0.184,Q1,AVG,Quantity1,MGD,.184,MGD,,MGD,,01/31/2024
PR0025658,001,50050,"Flow, in conduit or thru treatment plant",0.192,C3,AVG,Concentration3,MGD,.192,MGD,,MGD,,01/31/2024
PR0025658,001,50050,"Flow, in conduit or thru treatment plant",0.326,C3,AVG,Concentration3,MGD,.326,MGD,,MGD,,02/29/2024
PR0025658,001,50050,"Flow, in conduit or thru treatment plant",0.468,Q2,MAX,Quantity2,MGD,.468,MGD,,MGD,,02/29/2024
PR0025658,001,50050,"Flow, in conduit or thru treatment plant",0.233,Q1,AVG,Quantity1,MGD,.233,MGD,,MGD,,02/29/2024
PR0025658,001,50050,"Flow, in conduit or thru treatment plant",0.388,Q1,AVG,Quantity1,MGD,.388,MGD,,MGD,,03/31/2024
PR0025658,001,50050,"Flow, in conduit or thru treatment plant",1.03,Q2,MAX,Quantity2,MGD,1.03,MGD,,MGD,,03/31/2024
PR0025658,001,50050,"Flow, in conduit or thru treatment plant",0.615,C3,AVG,Concentration3,MGD,.615,MGD,,MGD,,03/31/2024
PR0025658,001,50050,"Flow, in conduit or thru treatment plant",1.047,C3,AVG,Concentration3,MGD,1.047,MGD,,MGD,,04/30/2024
PR0025658,001,50050,"Flow, in conduit or thru treatment plant",1.936,Q2,MAX,Quantity2,MGD,1.936,MGD,,MGD,,04/30/2024
PR0025658,001,50050,"Flow, in conduit or thru treatment plant",0.737,Q1,AVG,Quantity1,MGD,.737,MGD,,MGD,,04/30/2024
PR0025658,001,50050,"Flow, in conduit or thru treatment plant",0.771,Q1,AVG,Quantity1,MGD,.771,MGD,,MGD,,05/31/2024
PR0025658,001,50050,"Flow, in conduit or thru treatment plant",1.862,Q2,MAX,Quantity2,MGD,1.862,MGD,,MGD,,05/31/2024
PR0025658,001,50050,"Flow, in conduit or thru treatment plant",1.037,C3,AVG,Concentration3,MGD,1.037,MGD,,MGD,,05/31/2024
PR0025658,001,50050,"Flow, in conduit or thru treatment plant",1.212,Q2,MAX,Quantity2,MGD,1.212,MGD,,MGD,,06/30/2024
PR0025658,001,50050,"Flow, in conduit or thru treatment plant",0.763,C3,AVG,Concentration3,MGD,.763,MGD,,MGD,,06/30/2024
PR0025658,001,50050,"Flow, in conduit or thru treatment plant",0.592,Q1,AVG,Quantity1,MGD,.592,MGD,,MGD,,06/30/2024
PR0025658,001,50050,"Flow, in conduit or thru treatment plant",0.685,Q2,MAX,Quantity2,MGD,.685,MGD,,MGD,,07/31/2024
PR0025658,001,50050,"Flow, in conduit or thru treatment plant",0.431,Q1,AVG,Quantity1,MGD,.431,MGD,,MGD,,07/31/2024
PR0025658,001,50050,"Flow, in conduit or thru treatment plant",0.56,C3,AVG,Concentration3,MGD,.56,MGD,,MGD,,07/31/2024
PR0025658,001,50050,"Flow, in conduit or thru treatment plant",0.66,C3,AVG,Concentration3,MGD,.66,MGD,,MGD,,08/31/2024
PR0025658,001,50050,"Flow, in conduit or thru treatment plant",1.047,Q2,MAX,Quantity2,MGD,1.047,MGD,,MGD,,08/31/2024
PR0025658,001,50050,"Flow, in conduit or thru treatment plant",0.575,Q1,AVG,Quantity1,MGD,.575,MGD,,MGD,,08/31/2024
PR0025658,001,50050,"Flow, in conduit or thru treatment plant",1.156,Q2,MAX,Quantity2,MGD,1.156,MGD,,MGD,,09/30/2024
PR0025658,001,50050,"Flow, in conduit or thru treatment plant",0.597,Q1,AVG,Quantity1,MGD,.597,MGD,,MGD,,09/30/2024
PR0025658,001,50050,"Flow, in conduit or thru treatment plant",0.754,C3,AVG,Concentration3,MGD,.754,MGD,,MGD,,09/30/2024
PR0025658,001,50050,"Flow, in conduit or thru treatment plant",0.657,C3,AVG,Concentration3,MGD,.657,MGD,,MGD,,10/31/2024
PR0025658,001,50050,"Flow, in conduit or thru treatment plant",0.951,Q2,MAX,Quantity2,MGD,.951,MGD,,MGD,,10/31/2024
PR0025658,001,50050,"Flow, in conduit or thru treatment plant",0.558,Q1,AVG,Quantity1,MGD,.558,MGD,,MGD,,10/31/2024
PR0025658,001,50050,"Flow, in conduit or thru treatment plant",0.724,Q1,AVG,Quantity1,MGD,.724,MGD,,MGD,,11/30/2024
PR0025658,001,50050,"Flow, in conduit or thru treatment plant",1.393,Q2,MAX,Quantity2,MGD,1.393,MGD,,MGD,,11/30/2024
PR0025658,001,50050,"Flow, in conduit or thru treatment plant",1.035,C3,AVG,Concentration3,MGD,1.035,MGD,,MGD,,11/30/2024
PR0025658,001,50050,"Flow, in conduit or thru treatment plant",0.602,C3,AVG,Concentration3,MGD,.602,MGD,,MGD,,12/31/2024
PR0025658,001,50050,"Flow, in conduit or thru treatment plant",1.113,Q2,MAX,Quantity2,MGD,1.113,MGD,,MGD,,12/31/2024
PR0025658,001,50050,"Flow, in conduit or thru treatment plant",0.518,Q1,AVG,Quantity1,MGD,.518,MGD,,MGD,,12/31/2024
PR0025658,001,50050,"Flow, in conduit or thru treatment plant",0.568,Q1,AVG,Quantity1,MGD,.568,MGD,,MGD,,01/31/2025
PR0025658,001,50050,"Flow, in conduit or thru treatment plant",0.862,Q2,MAX,Quantity2,MGD,.862,MGD,,MGD,,01/31/2025
PR0025658,001,50050,"Flow, in conduit or thru treatment plant",0.65,C3,AVG,Concentration3,MGD,.65,MGD,,MGD,,01/31/2025
PR0025658,001,50050,"Flow, in conduit or thru treatment plant",0.701,C3,AVG,Concentration3,MGD,.701,MGD,,MGD,,02/28/2025
PR0025658,001,50050,"Flow, in conduit or thru treatment plant",0.838,Q2,MAX,Quantity2,MGD,.838,MGD,,MGD,,02/28/2025
PR0025658,001,50050,"Flow, in conduit or thru treatment plant",0.532,Q1,AVG,Quantity1,MGD,.532,MGD,,MGD,,02/28/2025
PR0025658,001,50050,"Flow, in conduit or thru treatment plant",0.534,Q1,AVG,Quantity1,MGD,.534,MGD,,MGD,,03/31/2025
PR0025658,001,50050,"Flow, in conduit or thru treatment plant",1.067,Q2,MAX,Quantity2,MGD,1.067,MGD,,MGD,,03/31/2025
PR0025658,001,50050,"Flow, in conduit or thru treatment plant",0.626,C3,AVG,Concentration3,MGD,.626,MGD,,MGD,,03/31/2025
PR0025658,001,50050,"Flow, in conduit or thru treatment plant",1.255,C3,AVG,Concentration3,MGD,1.255,MGD,,MGD,,04/30/2025
PR0025658,001,50050,"Flow, in conduit or thru treatment plant",1.811,Q2,MAX,Quantity2,MGD,1.811,MGD,,MGD,,04/30/2025
PR0025658,001,50050,"Flow, in conduit or thru treatment plant",0.602,Q1,AVG,Quantity1,MGD,.602,MGD,,MGD,,04/30/2025
PR0025658,001,50050,"Flow, in conduit or thru treatment plant",0.781,Q1,AVG,Quantity1,MGD,.781,MGD,,MGD,,05/31/2025
PR0025658,001,50050,"Flow, in conduit or thru treatment plant",1.809,Q2,MAX,Quantity2,MGD,1.809,MGD,,MGD,,05/31/2025
PR0025658,001,50050,"Flow, in conduit or thru treatment plant",1.563,C3,AVG,Concentration3,MGD,1.563,MGD,,MGD,,05/31/2025
PR0025658,001,50050,"Flow, in conduit or thru treatment plant",0.498,Q1,AVG,Quantity1,MGD,.498,MGD,,MGD,,06/30/2025
PR0025658,001,50050,"Flow, in conduit or thru treatment plant",0.583,C3,AVG,Concentration3,MGD,.583,MGD,,MGD,,06/30/2025
PR0025658,001,50050,"Flow, in conduit or thru treatment plant",0.668,Q2,MAX,Quantity2,MGD,.668,MGD,,MGD,,06/30/2025
PR0025658,001,50050,"Flow, in conduit or thru treatment plant",0.513,Q1,AVG,Quantity1,MGD,.513,MGD,,MGD,,07/31/2025
PR0025658,001,50050,"Flow, in conduit or thru treatment plant",0.734,Q2,MAX,Quantity2,MGD,.734,MGD,,MGD,,07/31/2025
PR0025658,001,50050,"Flow, in conduit or thru treatment plant",0.565,C3,AVG,Concentration3,MGD,.565,MGD,,MGD,,07/31/2025
PR0025658,001,50050,"Flow, in conduit or thru treatment plant",689,C3,AVG,Concentration3,MGD,689,MGD,,MGD,,08/31/2025
PR0025658,001,50050,"Flow, in conduit or thru treatment plant",1.177,Q2,MAX,Quantity2,MGD,1.177,MGD,,MGD,,08/31/2025
PR0025658,001,50050,"Flow, in conduit or thru treatment plant",566,Q1,AVG,Quantity1,MGD,566,MGD,,MGD,,08/31/2025
PR0025658,001,50050,"Flow, in conduit or thru treatment plant",0.567,Q1,AVG,Quantity1,MGD,.567,MGD,,MGD,,09/30/2025
PR0025658,001,50050,"Flow, in conduit or thru treatment plant",0.975,Q2,MAX,Quantity2,MGD,.975,MGD,,MGD,,09/30/2025
PR0025658,001,50050,"Flow, in conduit or thru treatment plant",0.67,C3,AVG,Concentration3,MGD,.67,MGD,,MGD,,09/30/2025
PR0025658,001,50050,"Flow, in conduit or thru treatment plant",0.715,C3,AVG,Concentration3,MGD,.715,MGD,,MGD,,10/31/2025
PR0025658,001,50050,"Flow, in conduit or thru treatment plant",1.352,Q2,MAX,Quantity2,MGD,1.352,MGD,,MGD,,10/31/2025
PR0025658,001,50050,"Flow, in conduit or thru treatment plant",0.606,Q1,AVG,Quantity1,MGD,.606,MGD,,MGD,,10/31/2025
PR0025658,001,50050,"Flow, in conduit or thru treatment plant",0.546,Q1,AVG,Quantity1,MGD,.546,MGD,,MGD,,11/30/2025
PR0025658,001,50050,"Flow, in conduit or thru treatment plant",0.869,Q2,MAX,Quantity2,MGD,.869,MGD,,MGD,,11/30/2025
PR0025658,001,50050,"Flow, in conduit or thru treatment plant",0.59,C3,AVG,Concentration3,MGD,.59,MGD,,MGD,,11/30/2025
PR0025658,001,50050,"Flow, in conduit or thru treatment plant",0.802,C3,AVG,Concentration3,MGD,.802,MGD,,MGD,,12/31/2025
PR0025658,001,50050,"Flow, in conduit or thru treatment plant",0.496,Q1,AVG,Quantity1,MGD,.496,MGD,,MGD,,12/31/2025
PR0025658,001,50050,"Flow, in conduit or thru treatment plant",1.266,Q2,MAX,Quantity2,MGD,1.266,MGD,,MGD,,12/31/2025
PR0025658,001,50050,"Flow, in conduit or thru treatment plant",0.506,Q1,AVG,Quantity1,MGD,.506,MGD,,MGD,,01/31/2026
PR0025658,001,50050,"Flow, in conduit or thru treatment plant",0.753,Q2,MAX,Quantity2,MGD,.753,MGD,,MGD,,01/31/2026
PR0025658,001,50050,"Flow, in conduit or thru treatment plant",0.546,C3,AVG,Concentration3,MGD,.546,MGD,,MGD,,01/31/2026
PR0025658,001,50060,"Chlorine, total residual",0.13,C3,MAX,Concentration3,mg/L,.13,mg/L,.5,mg/L,,01/31/2020
PR0025658,001,50060,"Chlorine, total residual",0.07,C3,MAX,Concentration3,mg/L,.07,mg/L,.5,mg/L,,02/29/2020
PR0025658,001,50060,"Chlorine, total residual",0.09,C3,MAX,Concentration3,mg/L,.09,mg/L,.5,mg/L,,03/31/2020
PR0025658,001,50060,"Chlorine, total residual",0.04,C3,MAX,Concentration3,mg/L,.04,mg/L,.5,mg/L,,04/30/2020
PR0025658,001,50060,"Chlorine, total residual",0.05,C3,MAX,Concentration3,mg/L,.05,mg/L,.5,mg/L,,05/31/2020
PR0025658,001,50060,"Chlorine, total residual",210,C3,MAX,Concentration3,ug/L,.21000001,mg/L,11,ug/L,,06/30/2020
PR0025658,001,50060,"Chlorine, total residual",70,C3,MAX,Concentration3,ug/L,.07,mg/L,11,ug/L,,07/31/2020
PR0025658,001,50060,"Chlorine, total residual",70,C3,MAX,Concentration3,ug/L,.07,mg/L,11,ug/L,,07/31/2020
PR0025658,001,50060,"Chlorine, total residual",60,C3,MAX,Concentration3,ug/L,.06,mg/L,11,ug/L,,08/31/2020
PR0025658,001,50060,"Chlorine, total residual",30,C3,MAX,Concentration3,ug/L,.03,mg/L,11,ug/L,,09/30/2020
PR0025658,001,50060,"Chlorine, total residual",20,C3,MAX,Concentration3,ug/L,.02,mg/L,11,ug/L,,10/31/2020
PR0025658,001,50060,"Chlorine, total residual",30,C3,MAX,Concentration3,ug/L,.03,mg/L,11,ug/L,,11/30/2020
PR0025658,001,50060,"Chlorine, total residual",NA,C3,MAX,Concentration3,,,mg/L,11,ug/L,B,12/31/2020
PR0025658,001,50060,"Chlorine, total residual",NA,C3,MAX,Concentration3,,,mg/L,11,ug/L,B,01/31/2021
PR0025658,001,50060,"Chlorine, total residual",50,C3,MAX,Concentration3,ug/L,.05,mg/L,11,ug/L,,02/28/2021
PR0025658,001,50060,"Chlorine, total residual",NA,C3,MAX,Concentration3,,,mg/L,11,ug/L,B,03/31/2021
PR0025658,001,50060,"Chlorine, total residual",NA,C3,MAX,Concentration3,,,mg/L,11,ug/L,B,04/30/2021
PR0025658,001,50060,"Chlorine, total residual",NA,C3,MAX,Concentration3,,,mg/L,11,ug/L,B,05/31/2021
PR0025658,001,50060,"Chlorine, total residual",NA,C3,MAX,Concentration3,,,mg/L,11,ug/L,B,06/30/2021
PR0025658,001,50060,"Chlorine, total residual",NA,C3,MAX,Concentration3,,,mg/L,11,ug/L,B,07/31/2021
PR0025658,001,50060,"Chlorine, total residual",NA,C3,MAX,Concentration3,,,mg/L,11,ug/L,B,08/31/2021
PR0025658,001,50060,"Chlorine, total residual",NA,C3,MAX,Concentration3,,,mg/L,11,ug/L,B,09/30/2021
PR0025658,001,50060,"Chlorine, total residual",NA,C3,MAX,Concentration3,,,mg/L,11,ug/L,B,10/31/2021
PR0025658,001,50060,"Chlorine, total residual",NA,C3,MAX,Concentration3,,,mg/L,11,ug/L,B,11/30/2021
PR0025658,001,50060,"Chlorine, total residual",NA,C3,MAX,Concentration3,,,mg/L,11,ug/L,B,12/31/2021
PR0025658,001,50060,"Chlorine, total residual",NA,C3,MAX,Concentration3,,,mg/L,11,ug/L,B,01/31/2022
PR0025658,001,50060,"Chlorine, total residual",NA,C3,MAX,Concentration3,,,mg/L,11,ug/L,B,02/28/2022
PR0025658,001,50060,"Chlorine, total residual",NA,C3,MAX,Concentration3,,,mg/L,11,ug/L,B,03/31/2022
PR0025658,001,50060,"Chlorine, total residual",NA,C3,MAX,Concentration3,,,mg/L,11,ug/L,B,04/30/2022
PR0025658,001,50060,"Chlorine, total residual",NA,C3,MAX,Concentration3,,,mg/L,11,ug/L,B,05/31/2022
PR0025658,001,50060,"Chlorine, total residual",NA,C3,MAX,Concentration3,,,mg/L,11,ug/L,B,06/30/2022
PR0025658,001,50060,"Chlorine, total residual",NA,C3,MAX,Concentration3,,,mg/L,11,ug/L,B,07/31/2022
PR0025658,001,50060,"Chlorine, total residual",NA,C3,MAX,Concentration3,,,mg/L,11,ug/L,B,08/31/2022
PR0025658,001,50060,"Chlorine, total residual",NA,C3,MAX,Concentration3,,,mg/L,11,ug/L,B,09/30/2022
PR0025658,001,50060,"Chlorine, total residual",NA,C3,MAX,Concentration3,,,mg/L,11,ug/L,B,10/31/2022
PR0025658,001,50060,"Chlorine, total residual",30,C3,MAX,Concentration3,ug/L,.03,mg/L,11,ug/L,,11/30/2022
PR0025658,001,50060,"Chlorine, total residual",NA,C3,MAX,Concentration3,,,mg/L,11,ug/L,B,12/31/2022
PR0025658,001,50060,"Chlorine, total residual",NA,C3,MAX,Concentration3,,,mg/L,11,ug/L,B,01/31/2023
PR0025658,001,50060,"Chlorine, total residual",NA,C3,MAX,Concentration3,,,mg/L,11,ug/L,B,02/28/2023
PR0025658,001,50060,"Chlorine, total residual",NA,C3,MAX,Concentration3,,,mg/L,11,ug/L,B,03/31/2023
PR0025658,001,50060,"Chlorine, total residual",NA,C3,MAX,Concentration3,,,mg/L,11,ug/L,B,04/30/2023
PR0025658,001,50060,"Chlorine, total residual",NA,C3,MAX,Concentration3,,,mg/L,11,ug/L,B,05/31/2023
PR0025658,001,50060,"Chlorine, total residual",NA,C3,MAX,Concentration3,,,mg/L,11,ug/L,B,06/30/2023
PR0025658,001,50060,"Chlorine, total residual",NA,C3,MAX,Concentration3,,,mg/L,11,ug/L,B,07/31/2023
PR0025658,001,50060,"Chlorine, total residual",NA,C3,MAX,Concentration3,,,mg/L,11,ug/L,B,08/31/2023
PR0025658,001,50060,"Chlorine, total residual",NA,C3,MAX,Concentration3,,,mg/L,11,ug/L,B,09/30/2023
PR0025658,001,50060,"Chlorine, total residual",NA,C3,MAX,Concentration3,,,mg/L,11,ug/L,B,10/31/2023
PR0025658,001,50060,"Chlorine, total residual",NA,C3,MAX,Concentration3,,,mg/L,11,ug/L,B,11/30/2023
PR0025658,001,50060,"Chlorine, total residual",NA,C3,MAX,Concentration3,,,mg/L,11,ug/L,B,12/31/2023
PR0025658,001,50060,"Chlorine, total residual",NA,C3,MAX,Concentration3,,,mg/L,11,ug/L,B,01/31/2024
PR0025658,001,50060,"Chlorine, total residual",NA,C3,MAX,Concentration3,,,mg/L,11,ug/L,B,02/29/2024
PR0025658,001,50060,"Chlorine, total residual",NA,C3,MAX,Concentration3,,,mg/L,11,ug/L,B,03/31/2024
PR0025658,001,50060,"Chlorine, total residual",NA,C3,MAX,Concentration3,,,mg/L,11,ug/L,B,04/30/2024
PR0025658,001,50060,"Chlorine, total residual",NA,C3,MAX,Concentration3,,,mg/L,11,ug/L,B,05/31/2024
PR0025658,001,50060,"Chlorine, total residual",NA,C3,MAX,Concentration3,,,mg/L,11,ug/L,B,06/30/2024
PR0025658,001,50060,"Chlorine, total residual",NA,C3,MAX,Concentration3,,,mg/L,11,ug/L,B,07/31/2024
PR0025658,001,50060,"Chlorine, total residual",NA,C3,MAX,Concentration3,,,mg/L,11,ug/L,B,08/31/2024
PR0025658,001,50060,"Chlorine, total residual",NA,C3,MAX,Concentration3,,,mg/L,11,ug/L,B,09/30/2024
PR0025658,001,50060,"Chlorine, total residual",NA,C3,MAX,Concentration3,,,mg/L,11,ug/L,B,10/31/2024
PR0025658,001,50060,"Chlorine, total residual",NA,C3,MAX,Concentration3,,,mg/L,11,ug/L,B,11/30/2024
PR0025658,001,50060,"Chlorine, total residual",NA,C3,MAX,Concentration3,,,mg/L,11,ug/L,B,12/31/2024
PR0025658,001,50060,"Chlorine, total residual",NA,C3,MAX,Concentration3,,,mg/L,11,ug/L,B,01/31/2025
PR0025658,001,50060,"Chlorine, total residual",10,C3,MAX,Concentration3,ug/L,.01,mg/L,11,ug/L,,02/28/2025
PR0025658,001,50060,"Chlorine, total residual",10,C3,MAX,Concentration3,ug/L,.01,mg/L,11,ug/L,,03/31/2025
PR0025658,001,50060,"Chlorine, total residual",NA,C3,MAX,Concentration3,,,mg/L,11,ug/L,B,04/30/2025
PR0025658,001,50060,"Chlorine, total residual",NA,C3,MAX,Concentration3,,,mg/L,11,ug/L,B,05/31/2025
PR0025658,001,50060,"Chlorine, total residual",NA,C3,MAX,Concentration3,,,mg/L,11,ug/L,B,06/30/2025
PR0025658,001,50060,"Chlorine, total residual",NA,C3,MAX,Concentration3,,,mg/L,11,ug/L,B,07/31/2025
PR0025658,001,50060,"Chlorine, total residual",NA,C3,MAX,Concentration3,,,mg/L,11,ug/L,B,08/31/2025
PR0025658,001,50060,"Chlorine, total residual",NA,C3,MAX,Concentration3,,,mg/L,11,ug/L,B,09/30/2025
PR0025658,001,50060,"Chlorine, total residual",NA,C3,MAX,Concentration3,,,mg/L,11,ug/L,B,10/31/2025
PR0025658,001,50060,"Chlorine, total residual",NA,C3,MAX,Concentration3,,,mg/L,11,ug/L,B,11/30/2025
PR0025658,001,50060,"Chlorine, total residual",NA,C3,MAX,Concentration3,,,mg/L,11,ug/L,B,12/31/2025
PR0025658,001,50060,"Chlorine, total residual",NA,C3,MAX,Concentration3,,,mg/L,11,ug/L,B,01/31/2026
PR0025658,001,51202,Sulfide-hydrogen sulfide [undissociated],0.1,C3,MAX,Concentration3,ug/L,.0001,mg/L,6.4,ug/L,,01/31/2020
PR0025658,001,51202,Sulfide-hydrogen sulfide [undissociated],0.1,C3,MAX,Concentration3,ug/L,.0001,mg/L,6.4,ug/L,,02/29/2020
PR0025658,001,51202,Sulfide-hydrogen sulfide [undissociated],0.1,C3,MAX,Concentration3,ug/L,.0001,mg/L,6.4,ug/L,,03/31/2020
PR0025658,001,51202,Sulfide-hydrogen sulfide [undissociated],0.1,C3,MAX,Concentration3,ug/L,.0001,mg/L,6.4,ug/L,,04/30/2020
PR0025658,001,51202,Sulfide-hydrogen sulfide [undissociated],0.1,C3,MAX,Concentration3,ug/L,.0001,mg/L,6.4,ug/L,,05/31/2020
PR0025658,001,51202,Sulfide-hydrogen sulfide [undissociated],0.1,C3,MAX,Concentration3,ug/L,.0001,mg/L,2,ug/L,,06/30/2020
PR0025658,001,51202,Sulfide-hydrogen sulfide [undissociated],0.1,C3,MAX,Concentration3,ug/L,.0001,mg/L,2,ug/L,,07/31/2020
PR0025658,001,51202,Sulfide-hydrogen sulfide [undissociated],0.1,C3,MAX,Concentration3,ug/L,.0001,mg/L,2,ug/L,,08/31/2020
PR0025658,001,51202,Sulfide-hydrogen sulfide [undissociated],0.1,C3,MAX,Concentration3,ug/L,.0001,mg/L,2,ug/L,,09/30/2020
PR0025658,001,51202,Sulfide-hydrogen sulfide [undissociated],0.1,C3,MAX,Concentration3,ug/L,.0001,mg/L,2,ug/L,,10/31/2020
PR0025658,001,51202,Sulfide-hydrogen sulfide [undissociated],0.1,C3,MAX,Concentration3,ug/L,.0001,mg/L,2,ug/L,,11/30/2020
PR0025658,001,51202,Sulfide-hydrogen sulfide [undissociated],0.1,C3,MAX,Concentration3,ug/L,.0001,mg/L,2,ug/L,,12/31/2020
PR0025658,001,51202,Sulfide-hydrogen sulfide [undissociated],0.1,C3,MAX,Concentration3,ug/L,.0001,mg/L,2,ug/L,,01/31/2021
PR0025658,001,51202,Sulfide-hydrogen sulfide [undissociated],0.1,C3,MAX,Concentration3,ug/L,.0001,mg/L,2,ug/L,,02/28/2021
PR0025658,001,51202,Sulfide-hydrogen sulfide [undissociated],0.1,C3,MAX,Concentration3,ug/L,.0001,mg/L,2,ug/L,,03/31/2021
PR0025658,001,51202,Sulfide-hydrogen sulfide [undissociated],0.1,C3,MAX,Concentration3,ug/L,.0001,mg/L,2,ug/L,,04/30/2021
PR0025658,001,51202,Sulfide-hydrogen sulfide [undissociated],0.1,C3,MAX,Concentration3,ug/L,.0001,mg/L,2,ug/L,,05/31/2021
PR0025658,001,51202,Sulfide-hydrogen sulfide [undissociated],0.1,C3,MAX,Concentration3,ug/L,.0001,mg/L,2,ug/L,,06/30/2021
PR0025658,001,51202,Sulfide-hydrogen sulfide [undissociated],0.1,C3,MAX,Concentration3,ug/L,.0001,mg/L,2,ug/L,,07/31/2021
PR0025658,001,51202,Sulfide-hydrogen sulfide [undissociated],0.1,C3,MAX,Concentration3,ug/L,.0001,mg/L,2,ug/L,,08/31/2021
PR0025658,001,51202,Sulfide-hydrogen sulfide [undissociated],0.1,C3,MAX,Concentration3,ug/L,.0001,mg/L,2,ug/L,,09/30/2021
PR0025658,001,51202,Sulfide-hydrogen sulfide [undissociated],0.1,C3,MAX,Concentration3,ug/L,.0001,mg/L,2,ug/L,,10/31/2021
PR0025658,001,51202,Sulfide-hydrogen sulfide [undissociated],0.1,C3,MAX,Concentration3,ug/L,.0001,mg/L,2,ug/L,,11/30/2021
PR0025658,001,51202,Sulfide-hydrogen sulfide [undissociated],0.1,C3,MAX,Concentration3,ug/L,.0001,mg/L,2,ug/L,,12/31/2021
PR0025658,001,51202,Sulfide-hydrogen sulfide [undissociated],0.1,C3,MAX,Concentration3,ug/L,.0001,mg/L,2,ug/L,,01/31/2022
PR0025658,001,51202,Sulfide-hydrogen sulfide [undissociated],0.1,C3,MAX,Concentration3,ug/L,.0001,mg/L,2,ug/L,,02/28/2022
PR0025658,001,51202,Sulfide-hydrogen sulfide [undissociated],0.1,C3,MAX,Concentration3,ug/L,.0001,mg/L,2,ug/L,,03/31/2022
PR0025658,001,51202,Sulfide-hydrogen sulfide [undissociated],0.1,C3,MAX,Concentration3,ug/L,.0001,mg/L,2,ug/L,,04/30/2022
PR0025658,001,51202,Sulfide-hydrogen sulfide [undissociated],0.1,C3,MAX,Concentration3,ug/L,.0001,mg/L,2,ug/L,,05/31/2022
PR0025658,001,51202,Sulfide-hydrogen sulfide [undissociated],0.1,C3,MAX,Concentration3,ug/L,.0001,mg/L,2,ug/L,,06/30/2022
PR0025658,001,51202,Sulfide-hydrogen sulfide [undissociated],0.1,C3,MAX,Concentration3,ug/L,.0001,mg/L,2,ug/L,,07/31/2022
PR0025658,001,51202,Sulfide-hydrogen sulfide [undissociated],0.1,C3,MAX,Concentration3,ug/L,.0001,mg/L,2,ug/L,,08/31/2022
PR0025658,001,51202,Sulfide-hydrogen sulfide [undissociated],0.1,C3,MAX,Concentration3,ug/L,.0001,mg/L,2,ug/L,,09/30/2022
PR0025658,001,51202,Sulfide-hydrogen sulfide [undissociated],0.1,C3,MAX,Concentration3,ug/L,.0001,mg/L,2,ug/L,,10/31/2022
PR0025658,001,51202,Sulfide-hydrogen sulfide [undissociated],0.1,C3,MAX,Concentration3,ug/L,.0001,mg/L,2,ug/L,,11/30/2022
PR0025658,001,51202,Sulfide-hydrogen sulfide [undissociated],0.1,C3,MAX,Concentration3,ug/L,.0001,mg/L,2,ug/L,,12/31/2022
PR0025658,001,51202,Sulfide-hydrogen sulfide [undissociated],0.1,C3,MAX,Concentration3,ug/L,.0001,mg/L,2,ug/L,,01/31/2023
PR0025658,001,51202,Sulfide-hydrogen sulfide [undissociated],0.1,C3,MAX,Concentration3,ug/L,.0001,mg/L,2,ug/L,,02/28/2023
PR0025658,001,51202,Sulfide-hydrogen sulfide [undissociated],4.1,C3,MAX,Concentration3,ug/L,.0041,mg/L,2,ug/L,,03/31/2023
PR0025658,001,51202,Sulfide-hydrogen sulfide [undissociated],0.1,C3,MAX,Concentration3,ug/L,.0001,mg/L,2,ug/L,,04/30/2023
PR0025658,001,51202,Sulfide-hydrogen sulfide [undissociated],0.1,C3,MAX,Concentration3,ug/L,.0001,mg/L,2,ug/L,,05/31/2023
PR0025658,001,51202,Sulfide-hydrogen sulfide [undissociated],0.1,C3,MAX,Concentration3,ug/L,.0001,mg/L,2,ug/L,,06/30/2023
PR0025658,001,51202,Sulfide-hydrogen sulfide [undissociated],0.1,C3,MAX,Concentration3,ug/L,.0001,mg/L,2,ug/L,,07/31/2023
PR0025658,001,51202,Sulfide-hydrogen sulfide [undissociated],3.4,C3,MAX,Concentration3,ug/L,.0034,mg/L,2,ug/L,,08/31/2023
PR0025658,001,51202,Sulfide-hydrogen sulfide [undissociated],0.1,C3,MAX,Concentration3,ug/L,.0001,mg/L,2,ug/L,,09/30/2023
PR0025658,001,51202,Sulfide-hydrogen sulfide [undissociated],0.1,C3,MAX,Concentration3,ug/L,.0001,mg/L,2,ug/L,,10/31/2023
PR0025658,001,51202,Sulfide-hydrogen sulfide [undissociated],0.1,C3,MAX,Concentration3,ug/L,.0001,mg/L,2,ug/L,,11/30/2023
PR0025658,001,51202,Sulfide-hydrogen sulfide [undissociated],0.1,C3,MAX,Concentration3,ug/L,.0001,mg/L,2,ug/L,,12/31/2023
PR0025658,001,51202,Sulfide-hydrogen sulfide [undissociated],0.1,C3,MAX,Concentration3,ug/L,.0001,mg/L,2,ug/L,,01/31/2024
PR0025658,001,51202,Sulfide-hydrogen sulfide [undissociated],0.1,C3,MAX,Concentration3,ug/L,.0001,mg/L,2,ug/L,,02/29/2024
PR0025658,001,51202,Sulfide-hydrogen sulfide [undissociated],0.1,C3,MAX,Concentration3,ug/L,.0001,mg/L,2,ug/L,,03/31/2024
PR0025658,001,51202,Sulfide-hydrogen sulfide [undissociated],0.1,C3,MAX,Concentration3,ug/L,.0001,mg/L,2,ug/L,,04/30/2024
PR0025658,001,51202,Sulfide-hydrogen sulfide [undissociated],0.1,C3,MAX,Concentration3,ug/L,.0001,mg/L,2,ug/L,,05/31/2024
PR0025658,001,51202,Sulfide-hydrogen sulfide [undissociated],27.6,C3,MAX,Concentration3,ug/L,.0276,mg/L,2,ug/L,,06/30/2024
PR0025658,001,51202,Sulfide-hydrogen sulfide [undissociated],0.1,C3,MAX,Concentration3,ug/L,.0001,mg/L,2,ug/L,,07/31/2024
PR0025658,001,51202,Sulfide-hydrogen sulfide [undissociated],0.1,C3,MAX,Concentration3,ug/L,.0001,mg/L,2,ug/L,,08/31/2024
PR0025658,001,51202,Sulfide-hydrogen sulfide [undissociated],0.1,C3,MAX,Concentration3,ug/L,.0001,mg/L,2,ug/L,,09/30/2024
PR0025658,001,51202,Sulfide-hydrogen sulfide [undissociated],0.1,C3,MAX,Concentration3,ug/L,.0001,mg/L,2,ug/L,,10/31/2024
PR0025658,001,51202,Sulfide-hydrogen sulfide [undissociated],0.1,C3,MAX,Concentration3,ug/L,.0001,mg/L,2,ug/L,,11/30/2024
PR0025658,001,51202,Sulfide-hydrogen sulfide [undissociated],0.1,C3,MAX,Concentration3,ug/L,.0001,mg/L,2,ug/L,,12/31/2024
PR0025658,001,51202,Sulfide-hydrogen sulfide [undissociated],0.7,C3,MAX,Concentration3,ug/L,.0007,mg/L,2,ug/L,,01/31/2025
PR0025658,001,51202,Sulfide-hydrogen sulfide [undissociated],1.4,C3,MAX,Concentration3,ug/L,.0014,mg/L,2,ug/L,,02/28/2025
PR0025658,001,51202,Sulfide-hydrogen sulfide [undissociated],0.8,C3,MAX,Concentration3,ug/L,.0008,mg/L,2,ug/L,,03/31/2025
PR0025658,001,51202,Sulfide-hydrogen sulfide [undissociated],3.6,C3,MAX,Concentration3,ug/L,.0036,mg/L,2,ug/L,,04/30/2025
PR0025658,001,51202,Sulfide-hydrogen sulfide [undissociated],0.1,C3,MAX,Concentration3,ug/L,.0001,mg/L,2,ug/L,,05/31/2025
PR0025658,001,51202,Sulfide-hydrogen sulfide [undissociated],0.1,C3,MAX,Concentration3,ug/L,.0001,mg/L,2,ug/L,,06/30/2025
PR0025658,001,51202,Sulfide-hydrogen sulfide [undissociated],0.1,C3,MAX,Concentration3,ug/L,.0001,mg/L,2,ug/L,,07/31/2025
PR0025658,001,51202,Sulfide-hydrogen sulfide [undissociated],13.1,C3,MAX,Concentration3,ug/L,.0131,mg/L,2,ug/L,,08/31/2025
PR0025658,001,51202,Sulfide-hydrogen sulfide [undissociated],0.1,C3,MAX,Concentration3,ug/L,.0001,mg/L,2,ug/L,,09/30/2025
PR0025658,001,51202,Sulfide-hydrogen sulfide [undissociated],0.1,C3,MAX,Concentration3,ug/L,.0001,mg/L,2,ug/L,,10/31/2025
PR0025658,001,51202,Sulfide-hydrogen sulfide [undissociated],0.1,C3,MAX,Concentration3,ug/L,.0001,mg/L,2,ug/L,,11/30/2025
PR0025658,001,51202,Sulfide-hydrogen sulfide [undissociated],0.1,C3,MAX,Concentration3,ug/L,.0001,mg/L,2,ug/L,,12/31/2025
PR0025658,001,51202,Sulfide-hydrogen sulfide [undissociated],0.1,C3,MAX,Concentration3,ug/L,.0001,mg/L,2,ug/L,,01/31/2026
PR0025658,001,51714,Whole Effluent Toxicity [WET] - P. promelas,100,C1,MIN,Concentration1,%,100,%,,%,,08/31/2020
PR0025658,001,51714,Whole Effluent Toxicity [WET] - P. promelas,100,C1,MIN,Concentration1,%,100,%,,%,,11/30/2020
PR0025658,001,51714,Whole Effluent Toxicity [WET] - P. promelas,100,C1,MIN,Concentration1,%,100,%,,%,,02/28/2021
PR0025658,001,51714,Whole Effluent Toxicity [WET] - P. promelas,100,C1,MIN,Concentration1,%,100,%,,%,,05/31/2021
PR0025658,001,51714,Whole Effluent Toxicity [WET] - P. promelas,100,C1,MIN,Concentration1,%,100,%,,%,,05/31/2022
PR0025658,001,51714,Whole Effluent Toxicity [WET] - P. promelas,100,C1,MIN,Concentration1,%,100,%,,%,,05/31/2023
PR0025658,001,51714,Whole Effluent Toxicity [WET] - P. promelas,100,C1,MIN,Concentration1,%,100,%,,%,,05/31/2024
PR0025658,001,51714,Whole Effluent Toxicity [WET] - P. promelas,100,C1,MIN,Concentration1,%,100,%,,%,,05/31/2025
PR0025658,001,51923,Whole Effluent Toxicity  [WET] - D. magna,100,C1,MIN,Concentration1,%,100,%,,%,,08/31/2020
PR0025658,001,51923,Whole Effluent Toxicity  [WET] - D. magna,100,C1,MIN,Concentration1,%,100,%,,%,,11/30/2020
PR0025658,001,51923,Whole Effluent Toxicity  [WET] - D. magna,100,C1,MIN,Concentration1,%,100,%,,%,,02/28/2021
PR0025658,001,51923,Whole Effluent Toxicity  [WET] - D. magna,100,C1,MIN,Concentration1,%,100,%,,%,,05/31/2021
PR0025658,001,51923,Whole Effluent Toxicity  [WET] - D. magna,100,C1,MIN,Concentration1,%,100,%,,%,,05/31/2022
PR0025658,001,51923,Whole Effluent Toxicity  [WET] - D. magna,83.3,C1,MIN,Concentration1,%,83.3,%,,%,,05/31/2023
PR0025658,001,51923,Whole Effluent Toxicity  [WET] - D. magna,100,C1,MIN,Concentration1,%,100,%,,%,,05/31/2024
PR0025658,001,51923,Whole Effluent Toxicity  [WET] - D. magna,100,C1,MIN,Concentration1,%,100,%,,%,,05/31/2025
PR0025658,001,61211,Enterococci,54.54,C3,MAX,Concentration3,#/100mL,54.54,MPN/100mL,,#/100mL,,06/30/2020
PR0025658,001,61211,Enterococci,25,C2,AVG,Concentration2,#/100mL,25,MPN/100mL,,#/100mL,,06/30/2020
PR0025658,001,61211,Enterococci,24,C2,AVG,Concentration2,#/100mL,24,MPN/100mL,,#/100mL,,07/31/2020
PR0025658,001,61211,Enterococci,55.5,C3,MAX,Concentration3,#/100mL,55.5,MPN/100mL,,#/100mL,,07/31/2020
PR0025658,001,61211,Enterococci,94.3,C3,MAX,Concentration3,#/100mL,94.3,MPN/100mL,,#/100mL,,08/31/2020
PR0025658,001,61211,Enterococci,36,C2,AVG,Concentration2,#/100mL,36,MPN/100mL,,#/100mL,,08/31/2020
PR0025658,001,61211,Enterococci,38,C2,AVG,Concentration2,#/100mL,38,MPN/100mL,,#/100mL,,09/30/2020
PR0025658,001,61211,Enterococci,94.3,C3,MAX,Concentration3,#/100mL,94.3,MPN/100mL,,#/100mL,,09/30/2020
PR0025658,001,61211,Enterococci,1156,C3,MAX,Concentration3,#/100mL,1156,MPN/100mL,,#/100mL,,10/31/2020
PR0025658,001,61211,Enterococci,134,C2,AVG,Concentration2,#/100mL,134,MPN/100mL,,#/100mL,,10/31/2020
PR0025658,001,61211,Enterococci,170,C2,AVG,Concentration2,#/100mL,170,MPN/100mL,,#/100mL,,11/30/2020
PR0025658,001,61211,Enterococci,1174,C3,MAX,Concentration3,#/100mL,1174,MPN/100mL,,#/100mL,,11/30/2020
PR0025658,001,61211,Enterococci,1174,C3,MAX,Concentration3,#/100mL,1174,MPN/100mL,,#/100mL,,12/31/2020
PR0025658,001,61211,Enterococci,205,C2,AVG,Concentration2,#/100mL,205,MPN/100mL,,#/100mL,,12/31/2020
PR0025658,001,61211,Enterococci,242,C2,AVG,Concentration2,#/100mL,242,MPN/100mL,,#/100mL,,01/31/2021
PR0025658,001,61211,Enterococci,1574,C3,MAX,Concentration3,#/100mL,1574,MPN/100mL,,#/100mL,,01/31/2021
PR0025658,001,61211,Enterococci,1574,C3,MAX,Concentration3,#/100mL,1574,MPN/100mL,,#/100mL,,02/28/2021
PR0025658,001,61211,Enterococci,350,C2,AVG,Concentration2,#/100mL,350,MPN/100mL,,#/100mL,,02/28/2021
PR0025658,001,61211,Enterococci,333,C2,AVG,Concentration2,#/100mL,333,MPN/100mL,,#/100mL,,03/31/2021
PR0025658,001,61211,Enterococci,1574,C3,MAX,Concentration3,#/100mL,1574,MPN/100mL,,#/100mL,,03/31/2021
PR0025658,001,61211,Enterococci,596.3,C3,MAX,Concentration3,#/100mL,596.3,MPN/100mL,,#/100mL,,04/30/2021
PR0025658,001,61211,Enterococci,132,C2,AVG,Concentration2,#/100mL,132,MPN/100mL,,#/100mL,,04/30/2021
PR0025658,001,61211,Enterococci,96,C2,AVG,Concentration2,#/100mL,96,MPN/100mL,,#/100mL,,05/31/2021
PR0025658,001,61211,Enterococci,229,C3,MAX,Concentration3,#/100mL,229,MPN/100mL,,#/100mL,,05/31/2021
PR0025658,001,61211,Enterococci,1334,C3,MAX,Concentration3,#/100mL,1334,MPN/100mL,,#/100mL,,06/30/2021
PR0025658,001,61211,Enterococci,217,C2,AVG,Concentration2,#/100mL,217,MPN/100mL,,#/100mL,,06/30/2021
PR0025658,001,61211,Enterococci,169,C2,AVG,Concentration2,#/100mL,169,MPN/100mL,,#/100mL,,07/31/2021
PR0025658,001,61211,Enterococci,1334,C3,MAX,Concentration3,#/100mL,1334,MPN/100mL,,#/100mL,,07/31/2021
PR0025658,001,61211,Enterococci,1860,C3,MAX,Concentration3,#/100mL,1860,MPN/100mL,,#/100mL,,08/31/2021
PR0025658,001,61211,Enterococci,205,C2,AVG,Concentration2,#/100mL,205,MPN/100mL,,#/100mL,,08/31/2021
PR0025658,001,61211,Enterococci,125,C2,AVG,Concentration2,#/100mL,125,MPN/100mL,,#/100mL,,09/30/2021
PR0025658,001,61211,Enterococci,713.6,C3,MAX,Concentration3,#/100mL,713.6,MPN/100mL,,#/100mL,,09/30/2021
PR0025658,001,61211,Enterococci,713.6,C3,MAX,Concentration3,#/100mL,713.6,MPN/100mL,,#/100mL,,10/31/2021
PR0025658,001,61211,Enterococci,171,C2,AVG,Concentration2,#/100mL,171,MPN/100mL,,#/100mL,,10/31/2021
PR0025658,001,61211,Enterococci,94,C2,AVG,Concentration2,#/100mL,94,MPN/100mL,,#/100mL,,11/30/2021
PR0025658,001,61211,Enterococci,122.9,C3,MAX,Concentration3,#/100mL,122.9,MPN/100mL,,#/100mL,,11/30/2021
PR0025658,001,61211,Enterococci,269.9,C3,MAX,Concentration3,#/100mL,269.9,MPN/100mL,,#/100mL,,12/31/2021
PR0025658,001,61211,Enterococci,96,C2,AVG,Concentration2,#/100mL,96,MPN/100mL,,#/100mL,,12/31/2021
PR0025658,001,61211,Enterococci,82,C2,AVG,Concentration2,#/100mL,82,MPN/100mL,,#/100mL,,01/31/2022
PR0025658,001,61211,Enterococci,265.6,C3,MAX,Concentration3,#/100mL,265.6,MPN/100mL,,#/100mL,,01/31/2022
PR0025658,001,61211,Enterococci,266.9,C3,MAX,Concentration3,#/100mL,266.9,MPN/100mL,,#/100mL,,02/28/2022
PR0025658,001,61211,Enterococci,89,C2,AVG,Concentration2,#/100mL,89,MPN/100mL,,#/100mL,,02/28/2022
PR0025658,001,61211,Enterococci,121,C2,AVG,Concentration2,#/100mL,121,MPN/100mL,,#/100mL,,03/31/2022
PR0025658,001,61211,Enterococci,365.8,C3,MAX,Concentration3,#/100mL,365.8,MPN/100mL,,#/100mL,,03/31/2022
PR0025658,001,61211,Enterococci,860.3,C3,MAX,Concentration3,#/100mL,860.3,MPN/100mL,,#/100mL,,04/30/2022
PR0025658,001,61211,Enterococci,209,C2,AVG,Concentration2,#/100mL,209,MPN/100mL,,#/100mL,,04/30/2022
PR0025658,001,61211,Enterococci,240,C2,AVG,Concentration2,#/100mL,240,MPN/100mL,,#/100mL,,05/31/2022
PR0025658,001,61211,Enterococci,860.3,C3,MAX,Concentration3,#/100mL,860.3,MPN/100mL,,#/100mL,,05/31/2022
PR0025658,001,61211,Enterococci,675,C3,MAX,Concentration3,#/100mL,675,MPN/100mL,,#/100mL,,06/30/2022
PR0025658,001,61211,Enterococci,138,C2,AVG,Concentration2,#/100mL,138,MPN/100mL,,#/100mL,,06/30/2022
PR0025658,001,61211,Enterococci,81,C2,AVG,Concentration2,#/100mL,81,MPN/100mL,,#/100mL,,07/31/2022
PR0025658,001,61211,Enterococci,130.2,C3,MAX,Concentration3,#/100mL,130.2,MPN/100mL,,#/100mL,,07/31/2022
PR0025658,001,61211,Enterococci,99,C3,MAX,Concentration3,#/100mL,99,MPN/100mL,,#/100mL,,08/31/2022
PR0025658,001,61211,Enterococci,74,C2,AVG,Concentration2,#/100mL,74,MPN/100mL,,#/100mL,,08/31/2022
PR0025658,001,61211,Enterococci,82,C2,AVG,Concentration2,#/100mL,82,MPN/100mL,,#/100mL,,09/30/2022
PR0025658,001,61211,Enterococci,99.1,C3,MAX,Concentration3,#/100mL,99.1,MPN/100mL,,#/100mL,,09/30/2022
PR0025658,001,61211,Enterococci,99.1,C3,MAX,Concentration3,#/100mL,99.1,MPN/100mL,,#/100mL,,10/31/2022
PR0025658,001,61211,Enterococci,55,C2,AVG,Concentration2,#/100mL,55,MPN/100mL,,#/100mL,,10/31/2022
PR0025658,001,61211,Enterococci,76,C2,AVG,Concentration2,#/100mL,76,MPN/100mL,,#/100mL,,11/30/2022
PR0025658,001,61211,Enterococci,320,C3,MAX,Concentration3,#/100mL,320,MPN/100mL,,#/100mL,,11/30/2022
PR0025658,001,61211,Enterococci,533.9,C3,MAX,Concentration3,#/100mL,533.9,MPN/100mL,,#/100mL,,12/31/2022
PR0025658,001,61211,Enterococci,97,C2,AVG,Concentration2,#/100mL,97,MPN/100mL,,#/100mL,,12/31/2022
PR0025658,001,61211,Enterococci,202,C2,AVG,Concentration2,#/100mL,202,MPN/100mL,,#/100mL,,01/31/2023
PR0025658,001,61211,Enterococci,553.9,C3,MAX,Concentration3,#/100mL,553.9,MPN/100mL,,#/100mL,,01/31/2023
PR0025658,001,61211,Enterococci,507.3,C3,MAX,Concentration3,#/100mL,507.3,MPN/100mL,,#/100mL,,02/28/2023
PR0025658,001,61211,Enterococci,173,C2,AVG,Concentration2,#/100mL,173,MPN/100mL,,#/100mL,,02/28/2023
PR0025658,001,61211,Enterococci,316,C2,AVG,Concentration2,#/100mL,316,MPN/100mL,,#/100mL,,03/31/2023
PR0025658,001,61211,Enterococci,1404,C3,MAX,Concentration3,#/100mL,1404,MPN/100mL,,#/100mL,,03/31/2023
PR0025658,001,61211,Enterococci,2420,C3,MAX,Concentration3,#/100mL,2420,MPN/100mL,,#/100mL,,04/30/2023
PR0025658,001,61211,Enterococci,526,C2,AVG,Concentration2,#/100mL,526,MPN/100mL,,#/100mL,,04/30/2023
PR0025658,001,61211,Enterococci,680,C2,AVG,Concentration2,#/100mL,680,MPN/100mL,,#/100mL,,05/31/2023
PR0025658,001,61211,Enterococci,2420,C3,MAX,Concentration3,#/100mL,2420,MPN/100mL,,#/100mL,,05/31/2023
PR0025658,001,61211,Enterococci,1987,C3,MAX,Concentration3,#/100mL,1987,MPN/100mL,,#/100mL,,06/30/2023
PR0025658,001,61211,Enterococci,376,C2,AVG,Concentration2,#/100mL,376,MPN/100mL,,#/100mL,,06/30/2023
PR0025658,001,61211,Enterococci,254,C2,AVG,Concentration2,#/100mL,254,MPN/100mL,,#/100mL,,07/31/2023
PR0025658,001,61211,Enterococci,939.3,C3,MAX,Concentration3,#/100mL,939.3,MPN/100mL,,#/100mL,,07/31/2023
PR0025658,001,61211,Enterococci,355,C2,AVG,Concentration2,#/100mL,355,MPN/100mL,,#/100mL,,08/31/2023
PR0025658,001,61211,Enterococci,1484,C3,MAX,Concentration3,#/100mL,1484,MPN/100mL,,#/100mL,,08/31/2023
PR0025658,001,61211,Enterococci,360,C2,AVG,Concentration2,#/100mL,360,MPN/100mL,,#/100mL,,09/30/2023
PR0025658,001,61211,Enterococci,1484,C3,MAX,Concentration3,#/100mL,1484,MPN/100mL,,#/100mL,,09/30/2023
PR0025658,001,61211,Enterococci,1860,C3,MAX,Concentration3,#/100mL,1860,MPN/100mL,,#/100mL,,10/31/2023
PR0025658,001,61211,Enterococci,418,C2,AVG,Concentration2,#/100mL,418,MPN/100mL,,#/100mL,,10/31/2023
PR0025658,001,61211,Enterococci,258,C2,AVG,Concentration2,#/100mL,258,MPN/100mL,,#/100mL,,11/30/2023
PR0025658,001,61211,Enterococci,830.2,C3,MAX,Concentration3,#/100mL,830.2,MPN/100mL,,#/100mL,,11/30/2023
PR0025658,001,61211,Enterococci,1345,C3,MAX,Concentration3,#/100mL,1345,MPN/100mL,,#/100mL,,12/31/2023
PR0025658,001,61211,Enterococci,323,C2,AVG,Concentration2,#/100mL,323,MPN/100mL,,#/100mL,,12/31/2023
PR0025658,001,61211,Enterococci,175,C2,AVG,Concentration2,#/100mL,175,MPN/100mL,,#/100mL,,01/31/2024
PR0025658,001,61211,Enterococci,875.8,C3,MAX,Concentration3,#/100mL,875.8,MPN/100mL,,#/100mL,,01/31/2024
PR0025658,001,61211,Enterococci,924.4,C3,MAX,Concentration3,#/100mL,924.4,MPN/100mL,,#/100mL,,02/29/2024
PR0025658,001,61211,Enterococci,174,C2,AVG,Concentration2,#/100mL,174,MPN/100mL,,#/100mL,,02/29/2024
PR0025658,001,61211,Enterococci,140,C2,AVG,Concentration2,#/100mL,140,MPN/100mL,,#/100mL,,03/31/2024
PR0025658,001,61211,Enterococci,355.4,C3,MAX,Concentration3,#/100mL,355.4,MPN/100mL,,#/100mL,,03/31/2024
PR0025658,001,61211,Enterococci,206,C2,AVG,Concentration2,#/100mL,206,MPN/100mL,,#/100mL,,04/30/2024
PR0025658,001,61211,Enterococci,355.4,C3,MAX,Concentration3,#/100mL,355.4,MPN/100mL,,#/100mL,,04/30/2024
PR0025658,001,61211,Enterococci,1348,C3,MAX,Concentration3,#/100mL,1348,MPN/100mL,,#/100mL,,05/31/2024
PR0025658,001,61211,Enterococci,265,C2,AVG,Concentration2,#/100mL,265,MPN/100mL,,#/100mL,,05/31/2024
PR0025658,001,61211,Enterococci,1770,C3,MAX,Concentration3,#/100mL,1770,MPN/100mL,,#/100mL,,06/30/2024
PR0025658,001,61211,Enterococci,320,C2,AVG,Concentration2,#/100mL,320,MPN/100mL,,#/100mL,,06/30/2024
PR0025658,001,61211,Enterococci,1640,C3,MAX,Concentration3,#/100mL,1640,MPN/100mL,,#/100mL,,07/31/2024
PR0025658,001,61211,Enterococci,440,C2,AVG,Concentration2,#/100mL,440,MPN/100mL,,#/100mL,,07/31/2024
PR0025658,001,61211,Enterococci,408,C2,AVG,Concentration2,#/100mL,408,MPN/100mL,,#/100mL,,08/31/2024
PR0025658,001,61211,Enterococci,1237,C3,MAX,Concentration3,#/100mL,1237,MPN/100mL,,#/100mL,,08/31/2024
PR0025658,001,61211,Enterococci,798,C2,AVG,Concentration2,#/100mL,798,MPN/100mL,,#/100mL,,09/30/2024
PR0025658,001,61211,Enterococci,2420,C3,MAX,Concentration3,#/100mL,2420,MPN/100mL,,#/100mL,,09/30/2024
PR0025658,001,61211,Enterococci,2420,C3,MAX,Concentration3,#/100mL,2420,MPN/100mL,,#/100mL,,10/31/2024
PR0025658,001,61211,Enterococci,668,C2,AVG,Concentration2,#/100mL,668,MPN/100mL,,#/100mL,,10/31/2024
PR0025658,001,61211,Enterococci,567,C2,AVG,Concentration2,#/100mL,567,MPN/100mL,,#/100mL,,11/30/2024
PR0025658,001,61211,Enterococci,2420,C3,MAX,Concentration3,#/100mL,2420,MPN/100mL,,#/100mL,,11/30/2024
PR0025658,001,61211,Enterococci,193,C2,AVG,Concentration2,#/100mL,193,MPN/100mL,,#/100mL,,12/31/2024
PR0025658,001,61211,Enterococci,369,C3,MAX,Concentration3,#/100mL,369,MPN/100mL,,#/100mL,,12/31/2024
PR0025658,001,61211,Enterococci,126,C2,AVG,Concentration2,#/100mL,126,MPN/100mL,,#/100mL,,01/31/2025
PR0025658,001,61211,Enterococci,302.3,C3,MAX,Concentration3,#/100mL,302.3,MPN/100mL,,#/100mL,,01/31/2025
PR0025658,001,61211,Enterococci,875.8,C3,MAX,Concentration3,#/100mL,875.8,MPN/100mL,,#/100mL,,02/28/2025
PR0025658,001,61211,Enterococci,126,C2,AVG,Concentration2,#/100mL,126,MPN/100mL,,#/100mL,,02/28/2025
PR0025658,001,61211,Enterococci,109,C2,AVG,Concentration2,#/100mL,109,MPN/100mL,,#/100mL,,03/31/2025
PR0025658,001,61211,Enterococci,863.7,C3,MAX,Concentration3,#/100mL,863.7,MPN/100mL,,#/100mL,,03/31/2025
PR0025658,001,61211,Enterococci,2203,C3,MAX,Concentration3,#/100mL,2203,MPN/100mL,,#/100mL,,04/30/2025
PR0025658,001,61211,Enterococci,342,C2,AVG,Concentration2,#/100mL,342,MPN/100mL,,#/100mL,,04/30/2025
PR0025658,001,61211,Enterococci,2420,C3,MAX,Concentration3,#/100mL,2420,MPN/100mL,,#/100mL,,05/31/2025
PR0025658,001,61211,Enterococci,406,C2,AVG,Concentration2,#/100mL,406,MPN/100mL,,#/100mL,,05/31/2025
PR0025658,001,61211,Enterococci,2420,C3,MAX,Concentration3,#/100mL,2420,MPN/100mL,,#/100mL,,06/30/2025
PR0025658,001,61211,Enterococci,378,C2,AVG,Concentration2,#/100mL,378,MPN/100mL,,#/100mL,,06/30/2025
PR0025658,001,61211,Enterococci,147,C2,AVG,Concentration2,#/100mL,147,MPN/100mL,,#/100mL,,07/31/2025
PR0025658,001,61211,Enterococci,1271,C3,MAX,Concentration3,#/100mL,1271,MPN/100mL,,#/100mL,,07/31/2025
PR0025658,001,61211,Enterococci,150.6,C3,MAX,Concentration3,#/100mL,150.6,MPN/100mL,,#/100mL,,08/31/2025
PR0025658,001,61211,Enterococci,99,C2,AVG,Concentration2,#/100mL,99,MPN/100mL,,#/100mL,,08/31/2025
PR0025658,001,61211,Enterococci,120,C2,AVG,Concentration2,#/100mL,120,MPN/100mL,,#/100mL,,09/30/2025
PR0025658,001,61211,Enterococci,191.3,C3,MAX,Concentration3,#/100mL,191.3,MPN/100mL,,#/100mL,,09/30/2025
PR0025658,001,61211,Enterococci,64,C2,AVG,Concentration2,#/100mL,64,MPN/100mL,,#/100mL,,10/31/2025
PR0025658,001,61211,Enterococci,191.3,C3,MAX,Concentration3,#/100mL,191.3,MPN/100mL,,#/100mL,,10/31/2025
PR0025658,001,61211,Enterococci,1917,C3,MAX,Concentration3,#/100mL,1917,MPN/100mL,,#/100mL,,11/30/2025
PR0025658,001,61211,Enterococci,148,C2,AVG,Concentration2,#/100mL,148,MPN/100mL,,#/100mL,,11/30/2025
PR0025658,001,61211,Enterococci,153,C2,AVG,Concentration2,#/100mL,153,MPN/100mL,,#/100mL,,12/31/2025
PR0025658,001,61211,Enterococci,1917,C3,MAX,Concentration3,#/100mL,1917,MPN/100mL,,#/100mL,,12/31/2025
PR0025658,001,61211,Enterococci,456,C2,AVG,Concentration2,#/100mL,456,MPN/100mL,,#/100mL,,01/31/2026
PR0025658,001,61211,Enterococci,2420,C3,MAX,Concentration3,#/100mL,2420,MPN/100mL,,#/100mL,,01/31/2026
PR0025658,001,70295,"Solids, total dissolved",640,C3,MAX,Concentration3,mg/L,640,mg/L,610,mg/L,,01/31/2020
PR0025658,001,70295,"Solids, total dissolved",430,C3,MAX,Concentration3,mg/L,430,mg/L,610,mg/L,,02/29/2020
PR0025658,001,70295,"Solids, total dissolved",370,C3,MAX,Concentration3,mg/L,370,mg/L,610,mg/L,,03/31/2020
PR0025658,001,70295,"Solids, total dissolved",380,C3,MAX,Concentration3,mg/L,380,mg/L,610,mg/L,,04/30/2020
PR0025658,001,70295,"Solids, total dissolved",410,C3,MAX,Concentration3,mg/L,410,mg/L,610,mg/L,,05/31/2020
PR0025658,001,70295,"Solids, total dissolved",310,C3,MAX,Concentration3,mg/L,310,mg/L,669,mg/L,,06/30/2020
PR0025658,001,70295,"Solids, total dissolved",530,C3,MAX,Concentration3,mg/L,530,mg/L,669,mg/L,,07/31/2020
PR0025658,001,70295,"Solids, total dissolved",280,C3,MAX,Concentration3,mg/L,280,mg/L,669,mg/L,,08/31/2020
PR0025658,001,70295,"Solids, total dissolved",360,C3,MAX,Concentration3,mg/L,360,mg/L,669,mg/L,,09/30/2020
PR0025658,001,70295,"Solids, total dissolved",320,C3,MAX,Concentration3,mg/L,320,mg/L,669,mg/L,,10/31/2020
PR0025658,001,70295,"Solids, total dissolved",340,C3,MAX,Concentration3,mg/L,340,mg/L,669,mg/L,,11/30/2020
PR0025658,001,70295,"Solids, total dissolved",320,C3,MAX,Concentration3,mg/L,320,mg/L,669,mg/L,,12/31/2020
PR0025658,001,70295,"Solids, total dissolved",430,C3,MAX,Concentration3,mg/L,430,mg/L,669,mg/L,,01/31/2021
PR0025658,001,70295,"Solids, total dissolved",390,C3,MAX,Concentration3,mg/L,390,mg/L,669,mg/L,,02/28/2021
PR0025658,001,70295,"Solids, total dissolved",420,C3,MAX,Concentration3,mg/L,420,mg/L,669,mg/L,,03/31/2021
PR0025658,001,70295,"Solids, total dissolved",410,C3,MAX,Concentration3,mg/L,410,mg/L,669,mg/L,,04/30/2021
PR0025658,001,70295,"Solids, total dissolved",530,C3,MAX,Concentration3,mg/L,530,mg/L,669,mg/L,,05/31/2021
PR0025658,001,70295,"Solids, total dissolved",400,C3,MAX,Concentration3,mg/L,400,mg/L,669,mg/L,,06/30/2021
PR0025658,001,70295,"Solids, total dissolved",360,C3,MAX,Concentration3,mg/L,360,mg/L,669,mg/L,,07/31/2021
PR0025658,001,70295,"Solids, total dissolved",420,C3,MAX,Concentration3,mg/L,420,mg/L,669,mg/L,,08/31/2021
PR0025658,001,70295,"Solids, total dissolved",370,C3,MAX,Concentration3,mg/L,370,mg/L,669,mg/L,,09/30/2021
PR0025658,001,70295,"Solids, total dissolved",370,C3,MAX,Concentration3,mg/L,370,mg/L,669,mg/L,,10/31/2021
PR0025658,001,70295,"Solids, total dissolved",370,C3,MAX,Concentration3,mg/L,370,mg/L,669,mg/L,,11/30/2021
PR0025658,001,70295,"Solids, total dissolved",430,C3,MAX,Concentration3,mg/L,430,mg/L,669,mg/L,,12/31/2021
PR0025658,001,70295,"Solids, total dissolved",400,C3,MAX,Concentration3,mg/L,400,mg/L,669,mg/L,,01/31/2022
PR0025658,001,70295,"Solids, total dissolved",310,C3,MAX,Concentration3,mg/L,310,mg/L,669,mg/L,,02/28/2022
PR0025658,001,70295,"Solids, total dissolved",390,C3,MAX,Concentration3,mg/L,390,mg/L,669,mg/L,,03/31/2022
PR0025658,001,70295,"Solids, total dissolved",420,C3,MAX,Concentration3,mg/L,420,mg/L,669,mg/L,,04/30/2022
PR0025658,001,70295,"Solids, total dissolved",350,C3,MAX,Concentration3,mg/L,350,mg/L,669,mg/L,,05/31/2022
PR0025658,001,70295,"Solids, total dissolved",440,C3,MAX,Concentration3,mg/L,440,mg/L,669,mg/L,,06/30/2022
PR0025658,001,70295,"Solids, total dissolved",290,C3,MAX,Concentration3,mg/L,290,mg/L,669,mg/L,,07/31/2022
PR0025658,001,70295,"Solids, total dissolved",350,C3,MAX,Concentration3,mg/L,350,mg/L,669,mg/L,,08/31/2022
PR0025658,001,70295,"Solids, total dissolved",400,C3,MAX,Concentration3,mg/L,400,mg/L,669,mg/L,,09/30/2022
PR0025658,001,70295,"Solids, total dissolved",440,C3,MAX,Concentration3,mg/L,440,mg/L,669,mg/L,,10/31/2022
PR0025658,001,70295,"Solids, total dissolved",300,C3,MAX,Concentration3,mg/L,300,mg/L,669,mg/L,,11/30/2022
PR0025658,001,70295,"Solids, total dissolved",340,C3,MAX,Concentration3,mg/L,340,mg/L,669,mg/L,,12/31/2022
PR0025658,001,70295,"Solids, total dissolved",320,C3,MAX,Concentration3,mg/L,320,mg/L,669,mg/L,,01/31/2023
PR0025658,001,70295,"Solids, total dissolved",390,C3,MAX,Concentration3,mg/L,390,mg/L,669,mg/L,,02/28/2023
PR0025658,001,70295,"Solids, total dissolved",430,C3,MAX,Concentration3,mg/L,430,mg/L,669,mg/L,,03/31/2023
PR0025658,001,70295,"Solids, total dissolved",490,C3,MAX,Concentration3,mg/L,490,mg/L,669,mg/L,,04/30/2023
PR0025658,001,70295,"Solids, total dissolved",330,C3,MAX,Concentration3,mg/L,330,mg/L,669,mg/L,,05/31/2023
PR0025658,001,70295,"Solids, total dissolved",400,C3,MAX,Concentration3,mg/L,400,mg/L,669,mg/L,,06/30/2023
PR0025658,001,70295,"Solids, total dissolved",340,C3,MAX,Concentration3,mg/L,340,mg/L,669,mg/L,,07/31/2023
PR0025658,001,70295,"Solids, total dissolved",310,C3,MAX,Concentration3,mg/L,310,mg/L,669,mg/L,,08/31/2023
PR0025658,001,70295,"Solids, total dissolved",320,C3,MAX,Concentration3,mg/L,320,mg/L,669,mg/L,,09/30/2023
PR0025658,001,70295,"Solids, total dissolved",340,C3,MAX,Concentration3,mg/L,340,mg/L,669,mg/L,,10/31/2023
PR0025658,001,70295,"Solids, total dissolved",290,C3,MAX,Concentration3,mg/L,290,mg/L,669,mg/L,,11/30/2023
PR0025658,001,70295,"Solids, total dissolved",410,C3,MAX,Concentration3,mg/L,410,mg/L,669,mg/L,,12/31/2023
PR0025658,001,70295,"Solids, total dissolved",350,C3,MAX,Concentration3,mg/L,350,mg/L,669,mg/L,,01/31/2024
PR0025658,001,70295,"Solids, total dissolved",340,C3,MAX,Concentration3,mg/L,340,mg/L,669,mg/L,,02/29/2024
PR0025658,001,70295,"Solids, total dissolved",320,C3,MAX,Concentration3,mg/L,320,mg/L,669,mg/L,,03/31/2024
PR0025658,001,70295,"Solids, total dissolved",380,C3,MAX,Concentration3,mg/L,380,mg/L,669,mg/L,,04/30/2024
PR0025658,001,70295,"Solids, total dissolved",400,C3,MAX,Concentration3,mg/L,400,mg/L,669,mg/L,,05/31/2024
PR0025658,001,70295,"Solids, total dissolved",240,C3,MAX,Concentration3,mg/L,240,mg/L,669,mg/L,,06/30/2024
PR0025658,001,70295,"Solids, total dissolved",340,C3,MAX,Concentration3,mg/L,340,mg/L,669,mg/L,,07/31/2024
PR0025658,001,70295,"Solids, total dissolved",390,C3,MAX,Concentration3,mg/L,390,mg/L,669,mg/L,,08/31/2024
PR0025658,001,70295,"Solids, total dissolved",330,C3,MAX,Concentration3,mg/L,330,mg/L,669,mg/L,,09/30/2024
PR0025658,001,70295,"Solids, total dissolved",370,C3,MAX,Concentration3,mg/L,370,mg/L,669,mg/L,,10/31/2024
PR0025658,001,70295,"Solids, total dissolved",270,C3,MAX,Concentration3,mg/L,270,mg/L,669,mg/L,,11/30/2024
PR0025658,001,70295,"Solids, total dissolved",480,C3,MAX,Concentration3,mg/L,480,mg/L,669,mg/L,,12/31/2024
PR0025658,001,70295,"Solids, total dissolved",430,C3,MAX,Concentration3,mg/L,430,mg/L,669,mg/L,,01/31/2025
PR0025658,001,70295,"Solids, total dissolved",370,C3,MAX,Concentration3,mg/L,370,mg/L,669,mg/L,,02/28/2025
PR0025658,001,70295,"Solids, total dissolved",440,C3,MAX,Concentration3,mg/L,440,mg/L,669,mg/L,,03/31/2025
PR0025658,001,70295,"Solids, total dissolved",490,C3,MAX,Concentration3,mg/L,490,mg/L,669,mg/L,,04/30/2025
PR0025658,001,70295,"Solids, total dissolved",330,C3,MAX,Concentration3,mg/L,330,mg/L,669,mg/L,,05/31/2025
PR0025658,001,70295,"Solids, total dissolved",450,C3,MAX,Concentration3,mg/L,450,mg/L,669,mg/L,,06/30/2025
PR0025658,001,70295,"Solids, total dissolved",400,C3,MAX,Concentration3,mg/L,400,mg/L,669,mg/L,,07/31/2025
PR0025658,001,70295,"Solids, total dissolved",170,C3,MAX,Concentration3,mg/L,170,mg/L,669,mg/L,,08/31/2025
PR0025658,001,70295,"Solids, total dissolved",430,C3,MAX,Concentration3,mg/L,430,mg/L,669,mg/L,,09/30/2025
PR0025658,001,70295,"Solids, total dissolved",400,C3,MAX,Concentration3,mg/L,400,mg/L,669,mg/L,,10/31/2025
PR0025658,001,70295,"Solids, total dissolved",360,C3,MAX,Concentration3,mg/L,360,mg/L,669,mg/L,,11/30/2025
PR0025658,001,70295,"Solids, total dissolved",410,C3,MAX,Concentration3,mg/L,410,mg/L,669,mg/L,,12/31/2025
PR0025658,001,70295,"Solids, total dissolved",350,C3,MAX,Concentration3,mg/L,350,mg/L,669,mg/L,,01/31/2026
PR0025658,001,74055,"Coliform, fecal general",2,C2,AVG,Concentration2,#/100mL,2,MPN/100mL,200,#/100mL,,01/31/2020
PR0025658,001,74055,"Coliform, fecal general",28,C2,AVG,Concentration2,#/100mL,28,MPN/100mL,200,#/100mL,,02/29/2020
PR0025658,001,74055,"Coliform, fecal general",24,C2,AVG,Concentration2,#/100mL,24,MPN/100mL,200,#/100mL,,03/31/2020
PR0025658,001,74055,"Coliform, fecal general",40,C2,AVG,Concentration2,#/100mL,40,MPN/100mL,200,#/100mL,,04/30/2020
PR0025658,001,74055,"Coliform, fecal general",1,C2,AVG,Concentration2,#/100mL,1,MPN/100mL,200,#/100mL,,05/31/2020
PR0025658,001,82230,Ammonia & ammonium- total,78,C3,MAX,Concentration3,ug/L,.078,mg/L,,ug/L,,06/30/2020
PR0025658,001,82230,Ammonia & ammonium- total,1318,C3,MAX,Concentration3,ug/L,1.31800006,mg/L,,ug/L,,07/31/2020
PR0025658,001,82230,Ammonia & ammonium- total,129,C3,MAX,Concentration3,ug/L,.12900001,mg/L,,ug/L,,08/31/2020
PR0025658,001,82230,Ammonia & ammonium- total,166,C3,MAX,Concentration3,ug/L,.16600001,mg/L,,ug/L,,09/30/2020
PR0025658,001,82230,Ammonia & ammonium- total,91,C3,MAX,Concentration3,ug/L,.091,mg/L,,ug/L,,10/31/2020
PR0025658,001,82230,Ammonia & ammonium- total,451,C3,MAX,Concentration3,ug/L,.45100002,mg/L,,ug/L,,11/30/2020
PR0025658,001,82230,Ammonia & ammonium- total,392,C3,MAX,Concentration3,ug/L,.39200002,mg/L,,ug/L,,12/31/2020
PR0025658,001,82230,Ammonia & ammonium- total,1443,C3,MAX,Concentration3,ug/L,1.44300007,mg/L,,ug/L,,01/31/2021
PR0025658,001,82230,Ammonia & ammonium- total,150,C3,MAX,Concentration3,ug/L,.15000001,mg/L,,ug/L,,02/28/2021
PR0025658,001,82230,Ammonia & ammonium- total,221,C3,MAX,Concentration3,ug/L,.22100001,mg/L,,ug/L,,03/31/2021
PR0025658,001,82230,Ammonia & ammonium- total,130,C3,MAX,Concentration3,ug/L,.13000001,mg/L,,ug/L,,04/30/2021
PR0025658,001,82230,Ammonia & ammonium- total,136,C3,MAX,Concentration3,ug/L,.13600001,mg/L,,ug/L,,05/31/2021
PR0025658,001,82230,Ammonia & ammonium- total,172,C3,MAX,Concentration3,ug/L,.17200001,mg/L,,ug/L,,06/30/2021
PR0025658,001,82230,Ammonia & ammonium- total,286,C3,MAX,Concentration3,ug/L,.28600001,mg/L,,ug/L,,07/31/2021
PR0025658,001,82230,Ammonia & ammonium- total,154,C3,MAX,Concentration3,ug/L,.15400001,mg/L,,ug/L,,08/31/2021
PR0025658,001,82230,Ammonia & ammonium- total,365,C3,MAX,Concentration3,ug/L,.36500002,mg/L,,ug/L,,09/30/2021
PR0025658,001,82230,Ammonia & ammonium- total,261,C3,MAX,Concentration3,ug/L,.26100001,mg/L,,ug/L,,10/31/2021
PR0025658,001,82230,Ammonia & ammonium- total,434,C3,MAX,Concentration3,ug/L,.43400002,mg/L,,ug/L,,11/30/2021
PR0025658,001,82230,Ammonia & ammonium- total,81,C3,MAX,Concentration3,ug/L,.081,mg/L,,ug/L,,12/31/2021
PR0025658,001,82230,Ammonia & ammonium- total,2197,C3,MAX,Concentration3,ug/L,2.1970001,mg/L,,ug/L,,01/31/2022
PR0025658,001,82230,Ammonia & ammonium- total,414,C3,MAX,Concentration3,ug/L,.41400002,mg/L,,ug/L,,02/28/2022
PR0025658,001,82230,Ammonia & ammonium- total,179,C3,MAX,Concentration3,ug/L,.17900001,mg/L,,ug/L,,03/31/2022
PR0025658,001,82230,Ammonia & ammonium- total,100,C3,MAX,Concentration3,ug/L,.1,mg/L,,ug/L,,04/30/2022
PR0025658,001,82230,Ammonia & ammonium- total,100,C3,MAX,Concentration3,ug/L,.1,mg/L,,ug/L,,05/31/2022
PR0025658,001,82230,Ammonia & ammonium- total,100,C3,MAX,Concentration3,ug/L,.1,mg/L,,ug/L,,06/30/2022
PR0025658,001,82230,Ammonia & ammonium- total,170,C3,MAX,Concentration3,ug/L,.17000001,mg/L,,ug/L,,07/31/2022
PR0025658,001,82230,Ammonia & ammonium- total,100,C3,MAX,Concentration3,ug/L,.1,mg/L,,ug/L,,08/31/2022
PR0025658,001,82230,Ammonia & ammonium- total,100,C3,MAX,Concentration3,ug/L,.1,mg/L,,ug/L,,09/30/2022
PR0025658,001,82230,Ammonia & ammonium- total,100,C3,MAX,Concentration3,ug/L,.1,mg/L,,ug/L,,10/31/2022
PR0025658,001,82230,Ammonia & ammonium- total,100,C3,MAX,Concentration3,ug/L,.1,mg/L,,ug/L,,11/30/2022
PR0025658,001,82230,Ammonia & ammonium- total,100,C3,MAX,Concentration3,ug/L,.1,mg/L,,ug/L,,12/31/2022
PR0025658,001,82230,Ammonia & ammonium- total,100,C3,MAX,Concentration3,ug/L,.1,mg/L,,ug/L,,01/31/2023
PR0025658,001,82230,Ammonia & ammonium- total,140,C3,MAX,Concentration3,ug/L,.14000001,mg/L,,ug/L,,02/28/2023
PR0025658,001,82230,Ammonia & ammonium- total,270,C3,MAX,Concentration3,ug/L,.27000001,mg/L,,ug/L,,03/31/2023
PR0025658,001,82230,Ammonia & ammonium- total,100,C3,MAX,Concentration3,ug/L,.1,mg/L,,ug/L,,04/30/2023
PR0025658,001,82230,Ammonia & ammonium- total,140,C3,MAX,Concentration3,ug/L,.14000001,mg/L,,ug/L,,05/31/2023
PR0025658,001,82230,Ammonia & ammonium- total,260,C3,MAX,Concentration3,ug/L,.26000001,mg/L,,ug/L,,06/30/2023
PR0025658,001,82230,Ammonia & ammonium- total,100,C3,MAX,Concentration3,ug/L,.1,mg/L,,ug/L,,07/31/2023
PR0025658,001,82230,Ammonia & ammonium- total,490,C3,MAX,Concentration3,ug/L,.49000002,mg/L,,ug/L,,08/31/2023
PR0025658,001,82230,Ammonia & ammonium- total,100,C3,MAX,Concentration3,ug/L,.1,mg/L,,ug/L,,09/30/2023
PR0025658,001,82230,Ammonia & ammonium- total,100,C3,MAX,Concentration3,ug/L,.1,mg/L,,ug/L,,10/31/2023
PR0025658,001,82230,Ammonia & ammonium- total,580,C3,MAX,Concentration3,ug/L,.58000003,mg/L,,ug/L,,11/30/2023
PR0025658,001,82230,Ammonia & ammonium- total,450,C3,MAX,Concentration3,ug/L,.45000002,mg/L,,ug/L,,12/31/2023
PR0025658,001,82230,Ammonia & ammonium- total,130,C3,MAX,Concentration3,ug/L,.13000001,mg/L,,ug/L,,01/31/2024
PR0025658,001,82230,Ammonia & ammonium- total,470,C3,MAX,Concentration3,ug/L,.47000002,mg/L,,ug/L,,02/29/2024
PR0025658,001,82230,Ammonia & ammonium- total,280,C3,MAX,Concentration3,ug/L,.28000001,mg/L,,ug/L,,03/31/2024
PR0025658,001,82230,Ammonia & ammonium- total,200,C3,MAX,Concentration3,ug/L,.20000001,mg/L,,ug/L,,04/30/2024
PR0025658,001,82230,Ammonia & ammonium- total,100,C3,MAX,Concentration3,ug/L,.1,mg/L,,ug/L,,05/31/2024
PR0025658,001,82230,Ammonia & ammonium- total,100,C3,MAX,Concentration3,ug/L,.1,mg/L,,ug/L,,06/30/2024
PR0025658,001,82230,Ammonia & ammonium- total,170,C3,MAX,Concentration3,ug/L,.17000001,mg/L,,ug/L,,07/31/2024
PR0025658,001,82230,Ammonia & ammonium- total,100,C3,MAX,Concentration3,ug/L,.1,mg/L,,ug/L,,08/31/2024
PR0025658,001,82230,Ammonia & ammonium- total,100,C3,MAX,Concentration3,ug/L,.1,mg/L,,ug/L,,09/30/2024
PR0025658,001,82230,Ammonia & ammonium- total,100,C3,MAX,Concentration3,ug/L,.1,mg/L,,ug/L,,10/31/2024
PR0025658,001,82230,Ammonia & ammonium- total,130,C3,MAX,Concentration3,ug/L,.13000001,mg/L,,ug/L,,11/30/2024
PR0025658,001,82230,Ammonia & ammonium- total,130,C3,MAX,Concentration3,ug/L,.13000001,mg/L,,ug/L,,12/31/2024
PR0025658,001,82230,Ammonia & ammonium- total,100,C3,MAX,Concentration3,ug/L,.1,mg/L,,ug/L,,01/31/2025
PR0025658,001,82230,Ammonia & ammonium- total,220,C3,MAX,Concentration3,ug/L,.22000001,mg/L,,ug/L,,02/28/2025
PR0025658,001,82230,Ammonia & ammonium- total,120,C3,MAX,Concentration3,ug/L,.12000001,mg/L,,ug/L,,03/31/2025
PR0025658,001,82230,Ammonia & ammonium- total,740,C3,MAX,Concentration3,ug/L,.74000004,mg/L,,ug/L,,04/30/2025
PR0025658,001,82230,Ammonia & ammonium- total,300,C3,MAX,Concentration3,ug/L,.30000001,mg/L,,ug/L,,05/31/2025
PR0025658,001,82230,Ammonia & ammonium- total,100,C3,MAX,Concentration3,ug/L,.1,mg/L,,ug/L,,06/30/2025
PR0025658,001,82230,Ammonia & ammonium- total,110,C3,MAX,Concentration3,ug/L,.11000001,mg/L,,ug/L,,07/31/2025
PR0025658,001,82230,Ammonia & ammonium- total,100,C3,MAX,Concentration3,ug/L,.1,mg/L,,ug/L,,08/31/2025
PR0025658,001,82230,Ammonia & ammonium- total,100,C3,MAX,Concentration3,ug/L,.1,mg/L,,ug/L,,09/30/2025
PR0025658,001,82230,Ammonia & ammonium- total,57,C3,MAX,Concentration3,ug/L,.057,mg/L,,ug/L,,10/31/2025
PR0025658,001,82230,Ammonia & ammonium- total,170,C3,MAX,Concentration3,ug/L,.17000001,mg/L,,ug/L,,11/30/2025
PR0025658,001,82230,Ammonia & ammonium- total,145,C3,MAX,Concentration3,ug/L,.14500001,mg/L,,ug/L,,12/31/2025
PR0025658,001,82230,Ammonia & ammonium- total,145,C3,MAX,Concentration3,ug/L,.14500001,mg/L,,ug/L,,01/31/2026
