npdes_id,perm_feature_nmbr,parameter_code,parameter_desc,dmr_value_nmbr,value_type_code,statistical_base_type_code,value_type_desc,dmr_unit_desc,dmr_value_standard_units,standard_unit_desc,limit_value_nmbr,limit_unit_desc,nodi_code,monitoring_period_end_date
PR0025399,001,00010,"Temperature, water deg. centigrade",28,C3,MAX,Concentration3,deg C,28,deg C,32.2,deg C,,01/31/2020
PR0025399,001,00010,"Temperature, water deg. centigrade",27.8,C3,MAX,Concentration3,deg C,27.8,deg C,32.2,deg C,,02/29/2020
PR0025399,001,00010,"Temperature, water deg. centigrade",28.6,C3,MAX,Concentration3,deg C,28.6,deg C,32.2,deg C,,03/31/2020
PR0025399,001,00010,"Temperature, water deg. centigrade",29.1,C3,MAX,Concentration3,deg C,29.1,deg C,32.2,deg C,,04/30/2020
PR0025399,001,00010,"Temperature, water deg. centigrade",29.7,C3,MAX,Concentration3,deg C,29.7,deg C,32.2,deg C,,05/31/2020
PR0025399,001,00010,"Temperature, water deg. centigrade",30.2,C3,MAX,Concentration3,deg C,30.2,deg C,32.2,deg C,,06/30/2020
PR0025399,001,00010,"Temperature, water deg. centigrade",30.2,C3,MAX,Concentration3,deg C,30.2,deg C,32.2,deg C,,07/31/2020
PR0025399,001,00010,"Temperature, water deg. centigrade",30.1,C3,MAX,Concentration3,deg C,30.1,deg C,32.2,deg C,,08/31/2020
PR0025399,001,00010,"Temperature, water deg. centigrade",30.3,C3,MAX,Concentration3,deg C,30.3,deg C,32.2,deg C,,09/30/2020
PR0025399,001,00010,"Temperature, water deg. centigrade",29.8,C3,MAX,Concentration3,deg C,29.8,deg C,32.2,deg C,,10/31/2020
PR0025399,001,00010,"Temperature, water deg. centigrade",28.6,C3,MAX,Concentration3,deg C,28.6,deg C,32.2,deg C,,11/30/2020
PR0025399,001,00010,"Temperature, water deg. centigrade",28.3,C3,MAX,Concentration3,deg C,28.3,deg C,32.2,deg C,,12/31/2020
PR0025399,001,00010,"Temperature, water deg. centigrade",27.8,C3,MAX,Concentration3,deg C,27.8,deg C,32.2,deg C,,01/31/2021
PR0025399,001,00010,"Temperature, water deg. centigrade",27.2,C3,MAX,Concentration3,deg C,27.2,deg C,32.2,deg C,,02/28/2021
PR0025399,001,00010,"Temperature, water deg. centigrade",27.8,C3,MAX,Concentration3,deg C,27.8,deg C,32.2,deg C,,03/31/2021
PR0025399,001,00010,"Temperature, water deg. centigrade",28.7,C3,MAX,Concentration3,deg C,28.7,deg C,32.2,deg C,,04/30/2021
PR0025399,001,00010,"Temperature, water deg. centigrade",28.9,C3,MAX,Concentration3,deg C,28.9,deg C,32.2,deg C,,05/31/2021
PR0025399,001,00010,"Temperature, water deg. centigrade",29.2,C3,MAX,Concentration3,deg C,29.2,deg C,32.2,deg C,,06/30/2021
PR0025399,001,00010,"Temperature, water deg. centigrade",29.3,C3,MAX,Concentration3,deg C,29.3,deg C,32.2,deg C,,07/31/2021
PR0025399,001,00010,"Temperature, water deg. centigrade",30.1,C3,MAX,Concentration3,deg C,30.1,deg C,32.2,deg C,,08/31/2021
PR0025399,001,00010,"Temperature, water deg. centigrade",30.8,C3,MAX,Concentration3,deg C,30.8,deg C,32.2,deg C,,09/30/2021
PR0025399,001,00010,"Temperature, water deg. centigrade",29.8,C3,MAX,Concentration3,deg C,29.8,deg C,32.2,deg C,,10/31/2021
PR0025399,001,00010,"Temperature, water deg. centigrade",29.9,C3,MAX,Concentration3,deg C,29.9,deg C,32.2,deg C,,11/30/2021
PR0025399,001,00010,"Temperature, water deg. centigrade",28.6,C3,MAX,Concentration3,deg C,28.6,deg C,32.2,deg C,,12/31/2021
PR0025399,001,00010,"Temperature, water deg. centigrade",27.7,C3,MAX,Concentration3,deg C,27.7,deg C,32.2,deg C,,01/31/2022
PR0025399,001,00010,"Temperature, water deg. centigrade",28.2,C3,MAX,Concentration3,deg C,28.2,deg C,32.2,deg C,,02/28/2022
PR0025399,001,00010,"Temperature, water deg. centigrade",28.4,C3,MAX,Concentration3,deg C,28.4,deg C,32.2,deg C,,03/31/2022
PR0025399,001,00010,"Temperature, water deg. centigrade",28.3,C3,MAX,Concentration3,deg C,28.3,deg C,32.2,deg C,,04/30/2022
PR0025399,001,00010,"Temperature, water deg. centigrade",29,C3,MAX,Concentration3,deg C,29,deg C,32.2,deg C,,05/31/2022
PR0025399,001,00010,"Temperature, water deg. centigrade",29.8,C3,MAX,Concentration3,deg C,29.8,deg C,32.2,deg C,,06/30/2022
PR0025399,001,00010,"Temperature, water deg. centigrade",29.5,C3,MAX,Concentration3,deg C,29.5,deg C,32.2,deg C,,07/31/2022
PR0025399,001,00010,"Temperature, water deg. centigrade",30.1,C3,MAX,Concentration3,deg C,30.1,deg C,32.2,deg C,,08/31/2022
PR0025399,001,00010,"Temperature, water deg. centigrade",29.6,C3,MAX,Concentration3,deg C,29.6,deg C,32.2,deg C,,09/30/2022
PR0025399,001,00010,"Temperature, water deg. centigrade",29.6,C3,MAX,Concentration3,deg C,29.6,deg C,32.2,deg C,,10/31/2022
PR0025399,001,00010,"Temperature, water deg. centigrade",28.9,C3,MAX,Concentration3,deg C,28.9,deg C,32.2,deg C,,11/30/2022
PR0025399,001,00010,"Temperature, water deg. centigrade",28.4,C3,MAX,Concentration3,deg C,28.4,deg C,32.2,deg C,,12/31/2022
PR0025399,001,00010,"Temperature, water deg. centigrade",27.4,C3,MAX,Concentration3,deg C,27.4,deg C,32.2,deg C,,01/31/2023
PR0025399,001,00010,"Temperature, water deg. centigrade",27.4,C3,MAX,Concentration3,deg C,27.4,deg C,32.2,deg C,,02/28/2023
PR0025399,001,00010,"Temperature, water deg. centigrade",27.6,C3,MAX,Concentration3,deg C,27.6,deg C,32.2,deg C,,03/31/2023
PR0025399,001,00010,"Temperature, water deg. centigrade",29.2,C3,MAX,Concentration3,deg C,29.2,deg C,32.2,deg C,,04/30/2023
PR0025399,001,00010,"Temperature, water deg. centigrade",30,C3,MAX,Concentration3,deg C,30,deg C,32.2,deg C,,05/31/2023
PR0025399,001,00010,"Temperature, water deg. centigrade",31.1,C3,MAX,Concentration3,deg C,31.1,deg C,32.2,deg C,,06/30/2023
PR0025399,001,00010,"Temperature, water deg. centigrade",30.4,C3,MAX,Concentration3,deg C,30.4,deg C,32.2,deg C,,07/31/2023
PR0025399,001,00010,"Temperature, water deg. centigrade",31.5,C3,MAX,Concentration3,deg C,31.5,deg C,32.2,deg C,,08/31/2023
PR0025399,001,00010,"Temperature, water deg. centigrade",30.6,C3,MAX,Concentration3,deg C,30.6,deg C,32.2,deg C,,09/30/2023
PR0025399,001,00010,"Temperature, water deg. centigrade",31.2,C3,MAX,Concentration3,deg C,31.2,deg C,32.2,deg C,,10/31/2023
PR0025399,001,00010,"Temperature, water deg. centigrade",28.6,C3,MAX,Concentration3,deg C,28.6,deg C,32.2,deg C,,11/30/2023
PR0025399,001,00010,"Temperature, water deg. centigrade",28.6,C3,MAX,Concentration3,deg C,28.6,deg C,32.2,deg C,,12/31/2023
PR0025399,001,00010,"Temperature, water deg. centigrade",28.6,C3,MAX,Concentration3,deg C,28.6,deg C,32.2,deg C,,01/31/2024
PR0025399,001,00010,"Temperature, water deg. centigrade",27.3,C3,MAX,Concentration3,deg C,27.3,deg C,32.2,deg C,,02/29/2024
PR0025399,001,00010,"Temperature, water deg. centigrade",28.2,C3,MAX,Concentration3,deg C,28.2,deg C,32.2,deg C,,03/31/2024
PR0025399,001,00010,"Temperature, water deg. centigrade",29,C3,MAX,Concentration3,deg C,29,deg C,32.2,deg C,,04/30/2024
PR0025399,001,00010,"Temperature, water deg. centigrade",29.9,C3,MAX,Concentration3,deg C,29.9,deg C,32.2,deg C,,05/31/2024
PR0025399,001,00010,"Temperature, water deg. centigrade",30.1,C3,MAX,Concentration3,deg C,30.1,deg C,32.2,deg C,,06/30/2024
PR0025399,001,00010,"Temperature, water deg. centigrade",29.8,C3,MAX,Concentration3,deg C,29.8,deg C,32.2,deg C,,07/31/2024
PR0025399,001,00010,"Temperature, water deg. centigrade",29.6,C3,MAX,Concentration3,deg C,29.6,deg C,32.2,deg C,,08/31/2024
PR0025399,001,00010,"Temperature, water deg. centigrade",30.2,C3,MAX,Concentration3,deg C,30.2,deg C,32.2,deg C,,09/30/2024
PR0025399,001,00010,"Temperature, water deg. centigrade",31.2,C3,MAX,Concentration3,deg C,31.2,deg C,32.2,deg C,,10/31/2024
PR0025399,001,00010,"Temperature, water deg. centigrade",29.1,C3,MAX,Concentration3,deg C,29.1,deg C,32.2,deg C,,11/30/2024
PR0025399,001,00010,"Temperature, water deg. centigrade",28.8,C3,MAX,Concentration3,deg C,28.8,deg C,32.2,deg C,,12/31/2024
PR0025399,001,00010,"Temperature, water deg. centigrade",27.5,C3,MAX,Concentration3,deg C,27.5,deg C,32.2,deg C,,01/31/2025
PR0025399,001,00010,"Temperature, water deg. centigrade",28.3,C3,MAX,Concentration3,deg C,28.3,deg C,32.2,deg C,,02/28/2025
PR0025399,001,00010,"Temperature, water deg. centigrade",28.4,C3,MAX,Concentration3,deg C,28.4,deg C,32.2,deg C,,03/31/2025
PR0025399,001,00010,"Temperature, water deg. centigrade",29.1,C3,MAX,Concentration3,deg C,29.1,deg C,32.2,deg C,,04/30/2025
PR0025399,001,00010,"Temperature, water deg. centigrade",29.4,C3,MAX,Concentration3,deg C,29.4,deg C,32.2,deg C,,05/31/2025
PR0025399,001,00010,"Temperature, water deg. centigrade",29.3,C3,MAX,Concentration3,deg C,29.3,deg C,32.2,deg C,,06/30/2025
PR0025399,001,00010,"Temperature, water deg. centigrade",30.1,C3,MAX,Concentration3,deg C,30.1,deg C,32.2,deg C,,07/31/2025
PR0025399,001,00010,"Temperature, water deg. centigrade",30.1,C3,MAX,Concentration3,deg C,30.1,deg C,32.2,deg C,,08/31/2025
PR0025399,001,00010,"Temperature, water deg. centigrade",30.5,C3,MAX,Concentration3,deg C,30.5,deg C,32.2,deg C,,09/30/2025
PR0025399,001,00010,"Temperature, water deg. centigrade",30.5,C3,MAX,Concentration3,deg C,30.5,deg C,32.2,deg C,,10/31/2025
PR0025399,001,00010,"Temperature, water deg. centigrade",29.8,C3,MAX,Concentration3,deg C,29.8,deg C,32.2,deg C,,11/30/2025
PR0025399,001,00010,"Temperature, water deg. centigrade",28.9,C3,MAX,Concentration3,deg C,28.9,deg C,32.2,deg C,,12/31/2025
PR0025399,001,00010,"Temperature, water deg. centigrade",28.3,C3,MAX,Concentration3,deg C,28.3,deg C,32.2,deg C,,01/31/2026
PR0025399,001,00070,Turbidity,29,C3,MAX,Concentration3,NTU,29,NTU,25.8,NTU,,01/31/2020
PR0025399,001,00070,Turbidity,9.7,C3,MAX,Concentration3,NTU,9.7,NTU,25.8,NTU,,02/29/2020
PR0025399,001,00070,Turbidity,50,C3,MAX,Concentration3,NTU,50,NTU,25.8,NTU,,03/31/2020
PR0025399,001,00070,Turbidity,8.9,C3,MAX,Concentration3,NTU,8.9,NTU,25.8,NTU,,04/30/2020
PR0025399,001,00070,Turbidity,8.3,C3,MAX,Concentration3,NTU,8.3,NTU,25.8,NTU,,05/31/2020
PR0025399,001,00070,Turbidity,5.4,C3,MAX,Concentration3,NTU,5.4,NTU,25.8,NTU,,06/30/2020
PR0025399,001,00070,Turbidity,9.6,C3,MAX,Concentration3,NTU,9.6,NTU,25.8,NTU,,07/31/2020
PR0025399,001,00070,Turbidity,11,C3,MAX,Concentration3,NTU,11,NTU,25.8,NTU,,08/31/2020
PR0025399,001,00070,Turbidity,7.5,C3,MAX,Concentration3,NTU,7.5,NTU,25.8,NTU,,09/30/2020
PR0025399,001,00070,Turbidity,17,C3,MAX,Concentration3,NTU,17,NTU,25.8,NTU,,10/31/2020
PR0025399,001,00070,Turbidity,14,C3,MAX,Concentration3,NTU,14,NTU,25.8,NTU,,11/30/2020
PR0025399,001,00070,Turbidity,5.7,C3,MAX,Concentration3,NTU,5.7,NTU,25.8,NTU,,12/31/2020
PR0025399,001,00070,Turbidity,7,C3,MAX,Concentration3,NTU,7,NTU,25.8,NTU,,01/31/2021
PR0025399,001,00070,Turbidity,4.4,C3,MAX,Concentration3,NTU,4.4,NTU,25.8,NTU,,02/28/2021
PR0025399,001,00070,Turbidity,3.9,C3,MAX,Concentration3,NTU,3.9,NTU,25.8,NTU,,03/31/2021
PR0025399,001,00070,Turbidity,4.8,C3,MAX,Concentration3,NTU,4.8,NTU,25.8,NTU,,04/30/2021
PR0025399,001,00070,Turbidity,3.3,C3,MAX,Concentration3,NTU,3.3,NTU,25.8,NTU,,05/31/2021
PR0025399,001,00070,Turbidity,4.1,C3,MAX,Concentration3,NTU,4.1,NTU,25.8,NTU,,06/30/2021
PR0025399,001,00070,Turbidity,5.6,C3,MAX,Concentration3,NTU,5.6,NTU,25.8,NTU,,07/31/2021
PR0025399,001,00070,Turbidity,1.5,C3,MAX,Concentration3,NTU,1.5,NTU,25.8,NTU,,08/31/2021
PR0025399,001,00070,Turbidity,2,C3,MAX,Concentration3,NTU,2,NTU,25.8,NTU,,09/30/2021
PR0025399,001,00070,Turbidity,1.2,C3,MAX,Concentration3,NTU,1.2,NTU,25.8,NTU,,10/31/2021
PR0025399,001,00070,Turbidity,1.5,C3,MAX,Concentration3,NTU,1.5,NTU,25.8,NTU,,11/30/2021
PR0025399,001,00070,Turbidity,4.1,C3,MAX,Concentration3,NTU,4.1,NTU,25.8,NTU,,12/31/2021
PR0025399,001,00070,Turbidity,3.5,C3,MAX,Concentration3,NTU,3.5,NTU,25.8,NTU,,01/31/2022
PR0025399,001,00070,Turbidity,4.1,C3,MAX,Concentration3,NTU,4.1,NTU,25.8,NTU,,02/28/2022
PR0025399,001,00070,Turbidity,5.5,C3,MAX,Concentration3,NTU,5.5,NTU,25.8,NTU,,03/31/2022
PR0025399,001,00070,Turbidity,20,C3,MAX,Concentration3,NTU,20,NTU,25.8,NTU,,04/30/2022
PR0025399,001,00070,Turbidity,15,C3,MAX,Concentration3,NTU,15,NTU,25.8,NTU,,05/31/2022
PR0025399,001,00070,Turbidity,5.4,C3,MAX,Concentration3,NTU,5.4,NTU,25.8,NTU,,06/30/2022
PR0025399,001,00070,Turbidity,20,C3,MAX,Concentration3,NTU,20,NTU,25.8,NTU,,07/31/2022
PR0025399,001,00070,Turbidity,3.6,C3,MAX,Concentration3,NTU,3.6,NTU,25.8,NTU,,08/31/2022
PR0025399,001,00070,Turbidity,3.6,C3,MAX,Concentration3,NTU,3.6,NTU,25.8,NTU,,09/30/2022
PR0025399,001,00070,Turbidity,5.2,C3,MAX,Concentration3,NTU,5.2,NTU,25.8,NTU,,10/31/2022
PR0025399,001,00070,Turbidity,3.1,C3,MAX,Concentration3,NTU,3.1,NTU,25.8,NTU,,11/30/2022
PR0025399,001,00070,Turbidity,3.7,C3,MAX,Concentration3,NTU,3.7,NTU,25.8,NTU,,12/31/2022
PR0025399,001,00070,Turbidity,4.1,C3,MAX,Concentration3,NTU,4.1,NTU,25.8,NTU,,01/31/2023
PR0025399,001,00070,Turbidity,4.5,C3,MAX,Concentration3,NTU,4.5,NTU,25.8,NTU,,02/28/2023
PR0025399,001,00070,Turbidity,6.3,C3,MAX,Concentration3,NTU,6.3,NTU,25.8,NTU,,03/31/2023
PR0025399,001,00070,Turbidity,5.9,C3,MAX,Concentration3,NTU,5.9,NTU,25.8,NTU,,04/30/2023
PR0025399,001,00070,Turbidity,3.9,C3,MAX,Concentration3,NTU,3.9,NTU,25.8,NTU,,05/31/2023
PR0025399,001,00070,Turbidity,3.7,C3,MAX,Concentration3,NTU,3.7,NTU,25.8,NTU,,06/30/2023
PR0025399,001,00070,Turbidity,3.3,C3,MAX,Concentration3,NTU,3.3,NTU,25.8,NTU,,07/31/2023
PR0025399,001,00070,Turbidity,3.5,C3,MAX,Concentration3,NTU,3.5,NTU,25.8,NTU,,08/31/2023
PR0025399,001,00070,Turbidity,4.1,C3,MAX,Concentration3,NTU,4.1,NTU,25.8,NTU,,09/30/2023
PR0025399,001,00070,Turbidity,2.7,C3,MAX,Concentration3,NTU,2.7,NTU,25.8,NTU,,10/31/2023
PR0025399,001,00070,Turbidity,5.4,C3,MAX,Concentration3,NTU,5.4,NTU,25.8,NTU,,11/30/2023
PR0025399,001,00070,Turbidity,12,C3,MAX,Concentration3,NTU,12,NTU,25.8,NTU,,12/31/2023
PR0025399,001,00070,Turbidity,14,C3,MAX,Concentration3,NTU,14,NTU,25.8,NTU,,01/31/2024
PR0025399,001,00070,Turbidity,8.4,C3,MAX,Concentration3,NTU,8.4,NTU,25.8,NTU,,02/29/2024
PR0025399,001,00070,Turbidity,8.6,C3,MAX,Concentration3,NTU,8.6,NTU,25.8,NTU,,03/31/2024
PR0025399,001,00070,Turbidity,4,C3,MAX,Concentration3,NTU,4,NTU,25.8,NTU,,04/30/2024
PR0025399,001,00070,Turbidity,2.2,C3,MAX,Concentration3,NTU,2.2,NTU,25.8,NTU,,05/31/2024
PR0025399,001,00070,Turbidity,4.3,C3,MAX,Concentration3,NTU,4.3,NTU,25.8,NTU,,06/30/2024
PR0025399,001,00070,Turbidity,3.5,C3,MAX,Concentration3,NTU,3.5,NTU,25.8,NTU,,07/31/2024
PR0025399,001,00070,Turbidity,20,C3,MAX,Concentration3,NTU,20,NTU,25.8,NTU,,08/31/2024
PR0025399,001,00070,Turbidity,7.7,C3,MAX,Concentration3,NTU,7.7,NTU,25.8,NTU,,09/30/2024
PR0025399,001,00070,Turbidity,7.5,C3,MAX,Concentration3,NTU,7.5,NTU,25.8,NTU,,10/31/2024
PR0025399,001,00070,Turbidity,13,C3,MAX,Concentration3,NTU,13,NTU,25.8,NTU,,11/30/2024
PR0025399,001,00070,Turbidity,9.3,C3,MAX,Concentration3,NTU,9.3,NTU,25.8,NTU,,12/31/2024
PR0025399,001,00070,Turbidity,11,C3,MAX,Concentration3,NTU,11,NTU,25.8,NTU,,01/31/2025
PR0025399,001,00070,Turbidity,8.2,C3,MAX,Concentration3,NTU,8.2,NTU,25.8,NTU,,02/28/2025
PR0025399,001,00070,Turbidity,11,C3,MAX,Concentration3,NTU,11,NTU,25.8,NTU,,03/31/2025
PR0025399,001,00070,Turbidity,7,C3,MAX,Concentration3,NTU,7,NTU,25.8,NTU,,04/30/2025
PR0025399,001,00070,Turbidity,15,C3,MAX,Concentration3,NTU,15,NTU,25.8,NTU,,05/31/2025
PR0025399,001,00070,Turbidity,8.7,C3,MAX,Concentration3,NTU,8.7,NTU,25.8,NTU,,06/30/2025
PR0025399,001,00070,Turbidity,14,C3,MAX,Concentration3,NTU,14,NTU,25.8,NTU,,07/31/2025
PR0025399,001,00070,Turbidity,8.4,C3,MAX,Concentration3,NTU,8.4,NTU,25.8,NTU,,08/31/2025
PR0025399,001,00070,Turbidity,9.3,C3,MAX,Concentration3,NTU,9.3,NTU,25.8,NTU,,09/30/2025
PR0025399,001,00070,Turbidity,3.8,C3,MAX,Concentration3,NTU,3.8,NTU,25.8,NTU,,10/31/2025
PR0025399,001,00070,Turbidity,4.7,C3,MAX,Concentration3,NTU,4.7,NTU,25.8,NTU,,11/30/2025
PR0025399,001,00070,Turbidity,15,C3,MAX,Concentration3,NTU,15,NTU,25.8,NTU,,12/31/2025
PR0025399,001,00070,Turbidity,6.7,C3,MAX,Concentration3,NTU,6.7,NTU,25.8,NTU,,01/31/2026
PR0025399,001,00080,Color [PT-CO units],50,C3,MAX,Concentration3,col unit (pc),50,col unit (pc),,col unit (pc),,01/31/2020
PR0025399,001,00080,Color [PT-CO units],50,C3,MAX,Concentration3,col unit (pc),50,col unit (pc),,col unit (pc),,02/29/2020
PR0025399,001,00080,Color [PT-CO units],50,C3,MAX,Concentration3,col unit (pc),50,col unit (pc),,col unit (pc),,03/31/2020
PR0025399,001,00080,Color [PT-CO units],60,C3,MAX,Concentration3,col unit (pc),60,col unit (pc),,col unit (pc),,04/30/2020
PR0025399,001,00080,Color [PT-CO units],50,C3,MAX,Concentration3,col unit (pc),50,col unit (pc),,col unit (pc),,05/31/2020
PR0025399,001,00080,Color [PT-CO units],40,C3,MAX,Concentration3,col unit (pc),40,col unit (pc),,col unit (pc),,06/30/2020
PR0025399,001,00080,Color [PT-CO units],40,C3,MAX,Concentration3,col unit (pc),40,col unit (pc),,col unit (pc),,07/31/2020
PR0025399,001,00080,Color [PT-CO units],20,C3,MAX,Concentration3,col unit (pc),20,col unit (pc),,col unit (pc),,08/31/2020
PR0025399,001,00080,Color [PT-CO units],60,C3,MAX,Concentration3,col unit (pc),60,col unit (pc),,col unit (pc),,09/30/2020
PR0025399,001,00080,Color [PT-CO units],30,C3,MAX,Concentration3,col unit (pc),30,col unit (pc),,col unit (pc),,10/31/2020
PR0025399,001,00080,Color [PT-CO units],40,C3,MAX,Concentration3,col unit (pc),40,col unit (pc),,col unit (pc),,11/30/2020
PR0025399,001,00080,Color [PT-CO units],30,C3,MAX,Concentration3,col unit (pc),30,col unit (pc),,col unit (pc),,12/31/2020
PR0025399,001,00080,Color [PT-CO units],30,C3,MAX,Concentration3,col unit (pc),30,col unit (pc),,col unit (pc),,01/31/2021
PR0025399,001,00080,Color [PT-CO units],50,C3,MAX,Concentration3,col unit (pc),50,col unit (pc),,col unit (pc),,02/28/2021
PR0025399,001,00080,Color [PT-CO units],30,C3,MAX,Concentration3,col unit (pc),30,col unit (pc),,col unit (pc),,03/31/2021
PR0025399,001,00080,Color [PT-CO units],30,C3,MAX,Concentration3,col unit (pc),30,col unit (pc),,col unit (pc),,04/30/2021
PR0025399,001,00080,Color [PT-CO units],40,C3,MAX,Concentration3,col unit (pc),40,col unit (pc),,col unit (pc),,05/31/2021
PR0025399,001,00080,Color [PT-CO units],30,C3,MAX,Concentration3,col unit (pc),30,col unit (pc),,col unit (pc),,06/30/2021
PR0025399,001,00080,Color [PT-CO units],30,C3,MAX,Concentration3,col unit (pc),30,col unit (pc),,col unit (pc),,07/31/2021
PR0025399,001,00080,Color [PT-CO units],30,C3,MAX,Concentration3,col unit (pc),30,col unit (pc),,col unit (pc),,08/31/2021
PR0025399,001,00080,Color [PT-CO units],40,C3,MAX,Concentration3,col unit (pc),40,col unit (pc),,col unit (pc),,09/30/2021
PR0025399,001,00080,Color [PT-CO units],40,C3,MAX,Concentration3,col unit (pc),40,col unit (pc),,col unit (pc),,10/31/2021
PR0025399,001,00080,Color [PT-CO units],30,C3,MAX,Concentration3,col unit (pc),30,col unit (pc),,col unit (pc),,11/30/2021
PR0025399,001,00080,Color [PT-CO units],30,C3,MAX,Concentration3,col unit (pc),30,col unit (pc),,col unit (pc),,12/31/2021
PR0025399,001,00080,Color [PT-CO units],40,C3,MAX,Concentration3,col unit (pc),40,col unit (pc),,col unit (pc),,01/31/2022
PR0025399,001,00080,Color [PT-CO units],30,C3,MAX,Concentration3,col unit (pc),30,col unit (pc),,col unit (pc),,02/28/2022
PR0025399,001,00080,Color [PT-CO units],40,C3,MAX,Concentration3,col unit (pc),40,col unit (pc),,col unit (pc),,03/31/2022
PR0025399,001,00080,Color [PT-CO units],70,C3,MAX,Concentration3,col unit (pc),70,col unit (pc),,col unit (pc),,04/30/2022
PR0025399,001,00080,Color [PT-CO units],60,C3,MAX,Concentration3,col unit (pc),60,col unit (pc),,col unit (pc),,05/31/2022
PR0025399,001,00080,Color [PT-CO units],70,C3,MAX,Concentration3,col unit (pc),70,col unit (pc),,col unit (pc),,06/30/2022
PR0025399,001,00080,Color [PT-CO units],60,C3,MAX,Concentration3,col unit (pc),60,col unit (pc),,col unit (pc),,07/31/2022
PR0025399,001,00080,Color [PT-CO units],40,C3,MAX,Concentration3,col unit (pc),40,col unit (pc),,col unit (pc),,08/31/2022
PR0025399,001,00080,Color [PT-CO units],30,C3,MAX,Concentration3,col unit (pc),30,col unit (pc),,col unit (pc),,09/30/2022
PR0025399,001,00080,Color [PT-CO units],80,C3,MAX,Concentration3,col unit (pc),80,col unit (pc),,col unit (pc),,10/31/2022
PR0025399,001,00080,Color [PT-CO units],50,C3,MAX,Concentration3,col unit (pc),50,col unit (pc),,col unit (pc),,11/30/2022
PR0025399,001,00080,Color [PT-CO units],50,C3,MAX,Concentration3,col unit (pc),50,col unit (pc),,col unit (pc),,12/31/2022
PR0025399,001,00080,Color [PT-CO units],80,C3,MAX,Concentration3,col unit (pc),80,col unit (pc),,col unit (pc),,01/31/2023
PR0025399,001,00080,Color [PT-CO units],60,C3,MAX,Concentration3,col unit (pc),60,col unit (pc),,col unit (pc),,02/28/2023
PR0025399,001,00080,Color [PT-CO units],60,C3,MAX,Concentration3,col unit (pc),60,col unit (pc),,col unit (pc),,03/31/2023
PR0025399,001,00080,Color [PT-CO units],60,C3,MAX,Concentration3,col unit (pc),60,col unit (pc),,col unit (pc),,04/30/2023
PR0025399,001,00080,Color [PT-CO units],70,C3,MAX,Concentration3,col unit (pc),70,col unit (pc),,col unit (pc),,05/31/2023
PR0025399,001,00080,Color [PT-CO units],60,C3,MAX,Concentration3,col unit (pc),60,col unit (pc),,col unit (pc),,06/30/2023
PR0025399,001,00080,Color [PT-CO units],40,C3,MAX,Concentration3,col unit (pc),40,col unit (pc),,col unit (pc),,07/31/2023
PR0025399,001,00080,Color [PT-CO units],50,C3,MAX,Concentration3,col unit (pc),50,col unit (pc),,col unit (pc),,08/31/2023
PR0025399,001,00080,Color [PT-CO units],40,C3,MAX,Concentration3,col unit (pc),40,col unit (pc),,col unit (pc),,09/30/2023
PR0025399,001,00080,Color [PT-CO units],50,C3,MAX,Concentration3,col unit (pc),50,col unit (pc),,col unit (pc),,10/31/2023
PR0025399,001,00080,Color [PT-CO units],50,C3,MAX,Concentration3,col unit (pc),50,col unit (pc),,col unit (pc),,11/30/2023
PR0025399,001,00080,Color [PT-CO units],40,C3,MAX,Concentration3,col unit (pc),40,col unit (pc),,col unit (pc),,12/31/2023
PR0025399,001,00080,Color [PT-CO units],40,C3,MAX,Concentration3,col unit (pc),40,col unit (pc),,col unit (pc),,01/31/2024
PR0025399,001,00080,Color [PT-CO units],5,C3,MAX,Concentration3,col unit (pc),5,col unit (pc),,col unit (pc),,02/29/2024
PR0025399,001,00080,Color [PT-CO units],60,C3,MAX,Concentration3,col unit (pc),60,col unit (pc),,col unit (pc),,03/31/2024
PR0025399,001,00080,Color [PT-CO units],50,C3,MAX,Concentration3,col unit (pc),50,col unit (pc),,col unit (pc),,04/30/2024
PR0025399,001,00080,Color [PT-CO units],30,C3,MAX,Concentration3,col unit (pc),30,col unit (pc),,col unit (pc),,05/31/2024
PR0025399,001,00080,Color [PT-CO units],20,C3,MAX,Concentration3,col unit (pc),20,col unit (pc),,col unit (pc),,06/30/2024
PR0025399,001,00080,Color [PT-CO units],40,C3,MAX,Concentration3,col unit (pc),40,col unit (pc),,col unit (pc),,07/31/2024
PR0025399,001,00080,Color [PT-CO units],50,C3,MAX,Concentration3,col unit (pc),50,col unit (pc),,col unit (pc),,08/31/2024
PR0025399,001,00080,Color [PT-CO units],15,C3,MAX,Concentration3,col unit (pc),15,col unit (pc),,col unit (pc),,09/30/2024
PR0025399,001,00080,Color [PT-CO units],15,C3,MAX,Concentration3,col unit (pc),15,col unit (pc),,col unit (pc),,10/31/2024
PR0025399,001,00080,Color [PT-CO units],30,C3,MAX,Concentration3,col unit (pc),30,col unit (pc),,col unit (pc),,11/30/2024
PR0025399,001,00080,Color [PT-CO units],60,C3,MAX,Concentration3,col unit (pc),60,col unit (pc),,col unit (pc),,12/31/2024
PR0025399,001,00080,Color [PT-CO units],60,C3,MAX,Concentration3,col unit (pc),60,col unit (pc),,col unit (pc),,01/31/2025
PR0025399,001,00080,Color [PT-CO units],60,C3,MAX,Concentration3,col unit (pc),60,col unit (pc),,col unit (pc),,02/28/2025
PR0025399,001,00080,Color [PT-CO units],70,C3,MAX,Concentration3,col unit (pc),70,col unit (pc),,col unit (pc),,03/31/2025
PR0025399,001,00080,Color [PT-CO units],60,C3,MAX,Concentration3,col unit (pc),60,col unit (pc),,col unit (pc),,04/30/2025
PR0025399,001,00080,Color [PT-CO units],80,C3,MAX,Concentration3,col unit (pc),80,col unit (pc),,col unit (pc),,05/31/2025
PR0025399,001,00080,Color [PT-CO units],60,C3,MAX,Concentration3,col unit (pc),60,col unit (pc),,col unit (pc),,06/30/2025
PR0025399,001,00080,Color [PT-CO units],100,C3,MAX,Concentration3,col unit (pc),100,col unit (pc),,col unit (pc),,07/31/2025
PR0025399,001,00080,Color [PT-CO units],60,C3,MAX,Concentration3,col unit (pc),60,col unit (pc),,col unit (pc),,08/31/2025
PR0025399,001,00080,Color [PT-CO units],70,C3,MAX,Concentration3,col unit (pc),70,col unit (pc),,col unit (pc),,09/30/2025
PR0025399,001,00080,Color [PT-CO units],80,C3,MAX,Concentration3,col unit (pc),80,col unit (pc),,col unit (pc),,10/31/2025
PR0025399,001,00080,Color [PT-CO units],80,C3,MAX,Concentration3,col unit (pc),80,col unit (pc),,col unit (pc),,11/30/2025
PR0025399,001,00080,Color [PT-CO units],80,C3,MAX,Concentration3,col unit (pc),80,col unit (pc),,col unit (pc),,12/31/2025
PR0025399,001,00080,Color [PT-CO units],80,C3,MAX,Concentration3,col unit (pc),80,col unit (pc),,col unit (pc),,01/31/2026
PR0025399,001,00300,"Oxygen, dissolved [DO]",6,C1,MIN,Concentration1,mg/L,6,mg/L,,mg/L,,01/31/2020
PR0025399,001,00300,"Oxygen, dissolved [DO]",6,C1,MIN,Concentration1,mg/L,6,mg/L,,mg/L,,02/29/2020
PR0025399,001,00300,"Oxygen, dissolved [DO]",6,C1,MIN,Concentration1,mg/L,6,mg/L,,mg/L,,03/31/2020
PR0025399,001,00300,"Oxygen, dissolved [DO]",6,C1,MIN,Concentration1,mg/L,6,mg/L,,mg/L,,04/30/2020
PR0025399,001,00300,"Oxygen, dissolved [DO]",6,C1,MIN,Concentration1,mg/L,6,mg/L,,mg/L,,05/31/2020
PR0025399,001,00300,"Oxygen, dissolved [DO]",6,C1,MIN,Concentration1,mg/L,6,mg/L,,mg/L,,06/30/2020
PR0025399,001,00300,"Oxygen, dissolved [DO]",6,C1,MIN,Concentration1,mg/L,6,mg/L,,mg/L,,07/31/2020
PR0025399,001,00300,"Oxygen, dissolved [DO]",6,C1,MIN,Concentration1,mg/L,6,mg/L,,mg/L,,08/31/2020
PR0025399,001,00300,"Oxygen, dissolved [DO]",6,C1,MIN,Concentration1,mg/L,6,mg/L,,mg/L,,09/30/2020
PR0025399,001,00300,"Oxygen, dissolved [DO]",5.8,C1,MIN,Concentration1,mg/L,5.8,mg/L,,mg/L,,10/31/2020
PR0025399,001,00300,"Oxygen, dissolved [DO]",6,C1,MIN,Concentration1,mg/L,6,mg/L,,mg/L,,11/30/2020
PR0025399,001,00300,"Oxygen, dissolved [DO]",6,C1,MIN,Concentration1,mg/L,6,mg/L,,mg/L,,12/31/2020
PR0025399,001,00300,"Oxygen, dissolved [DO]",6,C1,MIN,Concentration1,mg/L,6,mg/L,,mg/L,,01/31/2021
PR0025399,001,00300,"Oxygen, dissolved [DO]",6,C1,MIN,Concentration1,mg/L,6,mg/L,,mg/L,,02/28/2021
PR0025399,001,00300,"Oxygen, dissolved [DO]",6,C1,MIN,Concentration1,mg/L,6,mg/L,,mg/L,,03/31/2021
PR0025399,001,00300,"Oxygen, dissolved [DO]",6,C1,MIN,Concentration1,mg/L,6,mg/L,,mg/L,,04/30/2021
PR0025399,001,00300,"Oxygen, dissolved [DO]",6,C1,MIN,Concentration1,mg/L,6,mg/L,,mg/L,,05/31/2021
PR0025399,001,00300,"Oxygen, dissolved [DO]",6,C1,MIN,Concentration1,mg/L,6,mg/L,,mg/L,,06/30/2021
PR0025399,001,00300,"Oxygen, dissolved [DO]",6,C1,MIN,Concentration1,mg/L,6,mg/L,,mg/L,,07/31/2021
PR0025399,001,00300,"Oxygen, dissolved [DO]",6,C1,MIN,Concentration1,mg/L,6,mg/L,,mg/L,,08/31/2021
PR0025399,001,00300,"Oxygen, dissolved [DO]",6,C1,MIN,Concentration1,mg/L,6,mg/L,,mg/L,,09/30/2021
PR0025399,001,00300,"Oxygen, dissolved [DO]",6,C1,MIN,Concentration1,mg/L,6,mg/L,,mg/L,,10/31/2021
PR0025399,001,00300,"Oxygen, dissolved [DO]",6,C1,MIN,Concentration1,mg/L,6,mg/L,,mg/L,,11/30/2021
PR0025399,001,00300,"Oxygen, dissolved [DO]",6,C1,MIN,Concentration1,mg/L,6,mg/L,,mg/L,,12/31/2021
PR0025399,001,00300,"Oxygen, dissolved [DO]",6,C1,MIN,Concentration1,mg/L,6,mg/L,,mg/L,,01/31/2022
PR0025399,001,00300,"Oxygen, dissolved [DO]",6,C1,MIN,Concentration1,mg/L,6,mg/L,,mg/L,,02/28/2022
PR0025399,001,00300,"Oxygen, dissolved [DO]",6,C1,MIN,Concentration1,mg/L,6,mg/L,,mg/L,,03/31/2022
PR0025399,001,00300,"Oxygen, dissolved [DO]",6,C1,MIN,Concentration1,mg/L,6,mg/L,,mg/L,,04/30/2022
PR0025399,001,00300,"Oxygen, dissolved [DO]",6,C1,MIN,Concentration1,mg/L,6,mg/L,,mg/L,,05/31/2022
PR0025399,001,00300,"Oxygen, dissolved [DO]",6.4,C1,MIN,Concentration1,mg/L,6.4,mg/L,,mg/L,,06/30/2022
PR0025399,001,00300,"Oxygen, dissolved [DO]",6,C1,MIN,Concentration1,mg/L,6,mg/L,,mg/L,,07/31/2022
PR0025399,001,00300,"Oxygen, dissolved [DO]",6,C1,MIN,Concentration1,mg/L,6,mg/L,,mg/L,,08/31/2022
PR0025399,001,00300,"Oxygen, dissolved [DO]",6,C1,MIN,Concentration1,mg/L,6,mg/L,,mg/L,,09/30/2022
PR0025399,001,00300,"Oxygen, dissolved [DO]",6,C1,MIN,Concentration1,mg/L,6,mg/L,,mg/L,,10/31/2022
PR0025399,001,00300,"Oxygen, dissolved [DO]",6,C1,MIN,Concentration1,mg/L,6,mg/L,,mg/L,,11/30/2022
PR0025399,001,00300,"Oxygen, dissolved [DO]",6,C1,MIN,Concentration1,mg/L,6,mg/L,,mg/L,,12/31/2022
PR0025399,001,00300,"Oxygen, dissolved [DO]",6,C1,MIN,Concentration1,mg/L,6,mg/L,,mg/L,,01/31/2023
PR0025399,001,00300,"Oxygen, dissolved [DO]",6,C1,MIN,Concentration1,mg/L,6,mg/L,,mg/L,,02/28/2023
PR0025399,001,00300,"Oxygen, dissolved [DO]",6,C1,MIN,Concentration1,mg/L,6,mg/L,,mg/L,,03/31/2023
PR0025399,001,00300,"Oxygen, dissolved [DO]",6,C1,MIN,Concentration1,mg/L,6,mg/L,,mg/L,,04/30/2023
PR0025399,001,00300,"Oxygen, dissolved [DO]",6,C1,MIN,Concentration1,mg/L,6,mg/L,,mg/L,,05/31/2023
PR0025399,001,00300,"Oxygen, dissolved [DO]",6,C1,MIN,Concentration1,mg/L,6,mg/L,,mg/L,,06/30/2023
PR0025399,001,00300,"Oxygen, dissolved [DO]",6,C1,MIN,Concentration1,mg/L,6,mg/L,,mg/L,,07/31/2023
PR0025399,001,00300,"Oxygen, dissolved [DO]",6.4,C1,MIN,Concentration1,mg/L,6.4,mg/L,,mg/L,,08/31/2023
PR0025399,001,00300,"Oxygen, dissolved [DO]",6,C1,MIN,Concentration1,mg/L,6,mg/L,,mg/L,,09/30/2023
PR0025399,001,00300,"Oxygen, dissolved [DO]",6,C1,MIN,Concentration1,mg/L,6,mg/L,,mg/L,,10/31/2023
PR0025399,001,00300,"Oxygen, dissolved [DO]",6,C1,MIN,Concentration1,mg/L,6,mg/L,,mg/L,,11/30/2023
PR0025399,001,00300,"Oxygen, dissolved [DO]",6,C1,MIN,Concentration1,mg/L,6,mg/L,,mg/L,,12/31/2023
PR0025399,001,00300,"Oxygen, dissolved [DO]",6,C1,MIN,Concentration1,mg/L,6,mg/L,,mg/L,,01/31/2024
PR0025399,001,00300,"Oxygen, dissolved [DO]",6,C1,MIN,Concentration1,mg/L,6,mg/L,,mg/L,,02/29/2024
PR0025399,001,00300,"Oxygen, dissolved [DO]",6,C1,MIN,Concentration1,mg/L,6,mg/L,,mg/L,,03/31/2024
PR0025399,001,00300,"Oxygen, dissolved [DO]",6,C1,MIN,Concentration1,mg/L,6,mg/L,,mg/L,,04/30/2024
PR0025399,001,00300,"Oxygen, dissolved [DO]",6,C1,MIN,Concentration1,mg/L,6,mg/L,,mg/L,,05/31/2024
PR0025399,001,00300,"Oxygen, dissolved [DO]",6,C1,MIN,Concentration1,mg/L,6,mg/L,,mg/L,,06/30/2024
PR0025399,001,00300,"Oxygen, dissolved [DO]",6,C1,MIN,Concentration1,mg/L,6,mg/L,,mg/L,,07/31/2024
PR0025399,001,00300,"Oxygen, dissolved [DO]",6,C1,MIN,Concentration1,mg/L,6,mg/L,,mg/L,,08/31/2024
PR0025399,001,00300,"Oxygen, dissolved [DO]",6,C1,MIN,Concentration1,mg/L,6,mg/L,,mg/L,,09/30/2024
PR0025399,001,00300,"Oxygen, dissolved [DO]",6,C1,MIN,Concentration1,mg/L,6,mg/L,,mg/L,,10/31/2024
PR0025399,001,00300,"Oxygen, dissolved [DO]",6,C1,MIN,Concentration1,mg/L,6,mg/L,,mg/L,,11/30/2024
PR0025399,001,00300,"Oxygen, dissolved [DO]",6,C1,MIN,Concentration1,mg/L,6,mg/L,,mg/L,,12/31/2024
PR0025399,001,00300,"Oxygen, dissolved [DO]",6,C1,MIN,Concentration1,mg/L,6,mg/L,,mg/L,,01/31/2025
PR0025399,001,00300,"Oxygen, dissolved [DO]",6,C1,MIN,Concentration1,mg/L,6,mg/L,,mg/L,,02/28/2025
PR0025399,001,00300,"Oxygen, dissolved [DO]",6,C1,MIN,Concentration1,mg/L,6,mg/L,,mg/L,,03/31/2025
PR0025399,001,00300,"Oxygen, dissolved [DO]",6,C1,MIN,Concentration1,mg/L,6,mg/L,,mg/L,,04/30/2025
PR0025399,001,00300,"Oxygen, dissolved [DO]",6,C1,MIN,Concentration1,mg/L,6,mg/L,,mg/L,,05/31/2025
PR0025399,001,00300,"Oxygen, dissolved [DO]",6,C1,MIN,Concentration1,mg/L,6,mg/L,,mg/L,,06/30/2025
PR0025399,001,00300,"Oxygen, dissolved [DO]",6,C1,MIN,Concentration1,mg/L,6,mg/L,,mg/L,,07/31/2025
PR0025399,001,00300,"Oxygen, dissolved [DO]",6.2,C1,MIN,Concentration1,mg/L,6.2,mg/L,,mg/L,,08/31/2025
PR0025399,001,00300,"Oxygen, dissolved [DO]",6.2,C1,MIN,Concentration1,mg/L,6.2,mg/L,,mg/L,,09/30/2025
PR0025399,001,00300,"Oxygen, dissolved [DO]",6.4,C1,MIN,Concentration1,mg/L,6.4,mg/L,,mg/L,,10/31/2025
PR0025399,001,00300,"Oxygen, dissolved [DO]",6,C1,MIN,Concentration1,mg/L,6,mg/L,,mg/L,,11/30/2025
PR0025399,001,00300,"Oxygen, dissolved [DO]",6.1,C1,MIN,Concentration1,mg/L,6.1,mg/L,,mg/L,,12/31/2025
PR0025399,001,00300,"Oxygen, dissolved [DO]",6.1,C1,MIN,Concentration1,mg/L,6.1,mg/L,,mg/L,,01/31/2026
PR0025399,001,00310,"BOD, 5-day, 20 deg. C",16,C3,AVG,Concentration3,mg/L,16,mg/L,45,mg/L,,01/31/2020
PR0025399,001,00310,"BOD, 5-day, 20 deg. C",10,C2,AVG,Concentration2,mg/L,10,mg/L,18.2,mg/L,,01/31/2020
PR0025399,001,00310,"BOD, 5-day, 20 deg. C",290,Q2,AVG,Quantity2,kg/d,290,kg/d,2279,kg/d,,01/31/2020
PR0025399,001,00310,"BOD, 5-day, 20 deg. C",156,Q1,AVG,Quantity1,kg/d,156,kg/d,922,kg/d,,01/31/2020
PR0025399,001,00310,"BOD, 5-day, 20 deg. C",304,Q2,AVG,Quantity2,kg/d,304,kg/d,2279,kg/d,,02/29/2020
PR0025399,001,00310,"BOD, 5-day, 20 deg. C",159,Q1,AVG,Quantity1,kg/d,159,kg/d,922,kg/d,,02/29/2020
PR0025399,001,00310,"BOD, 5-day, 20 deg. C",12,C2,AVG,Concentration2,mg/L,12,mg/L,18.2,mg/L,,02/29/2020
PR0025399,001,00310,"BOD, 5-day, 20 deg. C",24,C3,AVG,Concentration3,mg/L,24,mg/L,45,mg/L,,02/29/2020
PR0025399,001,00310,"BOD, 5-day, 20 deg. C",34,C3,AVG,Concentration3,mg/L,34,mg/L,45,mg/L,,03/31/2020
PR0025399,001,00310,"BOD, 5-day, 20 deg. C",18,C2,AVG,Concentration2,mg/L,18,mg/L,18.2,mg/L,,03/31/2020
PR0025399,001,00310,"BOD, 5-day, 20 deg. C",266,Q1,AVG,Quantity1,kg/d,266,kg/d,922,kg/d,,03/31/2020
PR0025399,001,00310,"BOD, 5-day, 20 deg. C",493,Q2,AVG,Quantity2,kg/d,493,kg/d,2279,kg/d,,03/31/2020
PR0025399,001,00310,"BOD, 5-day, 20 deg. C",193,Q2,AVG,Quantity2,kg/d,193,kg/d,2279,kg/d,,04/30/2020
PR0025399,001,00310,"BOD, 5-day, 20 deg. C",10,C2,AVG,Concentration2,mg/L,10,mg/L,18.2,mg/L,,04/30/2020
PR0025399,001,00310,"BOD, 5-day, 20 deg. C",14,C3,AVG,Concentration3,mg/L,14,mg/L,45,mg/L,,04/30/2020
PR0025399,001,00310,"BOD, 5-day, 20 deg. C",128,Q1,AVG,Quantity1,kg/d,128,kg/d,922,kg/d,,04/30/2020
PR0025399,001,00310,"BOD, 5-day, 20 deg. C",163,Q2,AVG,Quantity2,kg/d,163,kg/d,2279,kg/d,,05/31/2020
PR0025399,001,00310,"BOD, 5-day, 20 deg. C",124,Q1,AVG,Quantity1,kg/d,124,kg/d,922,kg/d,,05/31/2020
PR0025399,001,00310,"BOD, 5-day, 20 deg. C",9,C2,AVG,Concentration2,mg/L,9,mg/L,18.2,mg/L,,05/31/2020
PR0025399,001,00310,"BOD, 5-day, 20 deg. C",12,C3,AVG,Concentration3,mg/L,12,mg/L,45,mg/L,,05/31/2020
PR0025399,001,00310,"BOD, 5-day, 20 deg. C",11,C3,AVG,Concentration3,mg/L,11,mg/L,45,mg/L,,06/30/2020
PR0025399,001,00310,"BOD, 5-day, 20 deg. C",8,C2,AVG,Concentration2,mg/L,8,mg/L,18.2,mg/L,,06/30/2020
PR0025399,001,00310,"BOD, 5-day, 20 deg. C",107,Q1,AVG,Quantity1,kg/d,107,kg/d,922,kg/d,,06/30/2020
PR0025399,001,00310,"BOD, 5-day, 20 deg. C",167,Q2,AVG,Quantity2,kg/d,167,kg/d,2279,kg/d,,06/30/2020
PR0025399,001,00310,"BOD, 5-day, 20 deg. C",122,Q1,AVG,Quantity1,kg/d,122,kg/d,922,kg/d,,07/31/2020
PR0025399,001,00310,"BOD, 5-day, 20 deg. C",174,Q2,AVG,Quantity2,kg/d,174,kg/d,2279,kg/d,,07/31/2020
PR0025399,001,00310,"BOD, 5-day, 20 deg. C",8,C2,AVG,Concentration2,mg/L,8,mg/L,18.2,mg/L,,07/31/2020
PR0025399,001,00310,"BOD, 5-day, 20 deg. C",12,C3,AVG,Concentration3,mg/L,12,mg/L,45,mg/L,,07/31/2020
PR0025399,001,00310,"BOD, 5-day, 20 deg. C",12,C2,AVG,Concentration2,mg/L,12,mg/L,18.2,mg/L,,08/31/2020
PR0025399,001,00310,"BOD, 5-day, 20 deg. C",25,C3,AVG,Concentration3,mg/L,25,mg/L,45,mg/L,,08/31/2020
PR0025399,001,00310,"BOD, 5-day, 20 deg. C",344,Q2,AVG,Quantity2,kg/d,344,kg/d,2279,kg/d,,08/31/2020
PR0025399,001,00310,"BOD, 5-day, 20 deg. C",168,Q1,AVG,Quantity1,kg/d,168,kg/d,922,kg/d,,08/31/2020
PR0025399,001,00310,"BOD, 5-day, 20 deg. C",637,Q2,AVG,Quantity2,kg/d,637,kg/d,2279,kg/d,,09/30/2020
PR0025399,001,00310,"BOD, 5-day, 20 deg. C",239,Q1,AVG,Quantity1,kg/d,239,kg/d,922,kg/d,,09/30/2020
PR0025399,001,00310,"BOD, 5-day, 20 deg. C",14,C2,AVG,Concentration2,mg/L,14,mg/L,18.2,mg/L,,09/30/2020
PR0025399,001,00310,"BOD, 5-day, 20 deg. C",33,C3,AVG,Concentration3,mg/L,33,mg/L,45,mg/L,,09/30/2020
PR0025399,001,00310,"BOD, 5-day, 20 deg. C",366,Q2,AVG,Quantity2,kg/d,366,kg/d,2279,kg/d,,10/31/2020
PR0025399,001,00310,"BOD, 5-day, 20 deg. C",290,Q1,AVG,Quantity1,kg/d,290,kg/d,922,kg/d,,10/31/2020
PR0025399,001,00310,"BOD, 5-day, 20 deg. C",14,C2,AVG,Concentration2,mg/L,14,mg/L,18.2,mg/L,,10/31/2020
PR0025399,001,00310,"BOD, 5-day, 20 deg. C",20,C3,AVG,Concentration3,mg/L,20,mg/L,45,mg/L,,10/31/2020
PR0025399,001,00310,"BOD, 5-day, 20 deg. C",146,Q1,AVG,Quantity1,kg/d,146,kg/d,922,kg/d,,11/30/2020
PR0025399,001,00310,"BOD, 5-day, 20 deg. C",7,C2,AVG,Concentration2,mg/L,7,mg/L,18.2,mg/L,,11/30/2020
PR0025399,001,00310,"BOD, 5-day, 20 deg. C",11,C3,AVG,Concentration3,mg/L,11,mg/L,45,mg/L,,11/30/2020
PR0025399,001,00310,"BOD, 5-day, 20 deg. C",324,Q2,AVG,Quantity2,kg/d,324,kg/d,2279,kg/d,,11/30/2020
PR0025399,001,00310,"BOD, 5-day, 20 deg. C",154,Q2,AVG,Quantity2,kg/d,154,kg/d,2279,kg/d,,12/31/2020
PR0025399,001,00310,"BOD, 5-day, 20 deg. C",131,Q1,AVG,Quantity1,kg/d,131,kg/d,922,kg/d,,12/31/2020
PR0025399,001,00310,"BOD, 5-day, 20 deg. C",11,C3,AVG,Concentration3,mg/L,11,mg/L,45,mg/L,,12/31/2020
PR0025399,001,00310,"BOD, 5-day, 20 deg. C",9,C2,AVG,Concentration2,mg/L,9,mg/L,18.2,mg/L,,12/31/2020
PR0025399,001,00310,"BOD, 5-day, 20 deg. C",8,C2,AVG,Concentration2,mg/L,8,mg/L,18.2,mg/L,,01/31/2021
PR0025399,001,00310,"BOD, 5-day, 20 deg. C",9,C3,AVG,Concentration3,mg/L,9,mg/L,45,mg/L,,01/31/2021
PR0025399,001,00310,"BOD, 5-day, 20 deg. C",106,Q1,AVG,Quantity1,kg/d,106,kg/d,922,kg/d,,01/31/2021
PR0025399,001,00310,"BOD, 5-day, 20 deg. C",124,Q2,AVG,Quantity2,kg/d,124,kg/d,2279,kg/d,,01/31/2021
PR0025399,001,00310,"BOD, 5-day, 20 deg. C",129,Q2,AVG,Quantity2,kg/d,129,kg/d,2279,kg/d,,02/28/2021
PR0025399,001,00310,"BOD, 5-day, 20 deg. C",98,Q1,AVG,Quantity1,kg/d,98,kg/d,922,kg/d,,02/28/2021
PR0025399,001,00310,"BOD, 5-day, 20 deg. C",7,C2,AVG,Concentration2,mg/L,7,mg/L,18.2,mg/L,,02/28/2021
PR0025399,001,00310,"BOD, 5-day, 20 deg. C",8,C3,AVG,Concentration3,mg/L,8,mg/L,45,mg/L,,02/28/2021
PR0025399,001,00310,"BOD, 5-day, 20 deg. C",9,C2,AVG,Concentration2,mg/L,9,mg/L,18.2,mg/L,,03/31/2021
PR0025399,001,00310,"BOD, 5-day, 20 deg. C",11,C3,AVG,Concentration3,mg/L,11,mg/L,45,mg/L,,03/31/2021
PR0025399,001,00310,"BOD, 5-day, 20 deg. C",150,Q2,AVG,Quantity2,kg/d,150,kg/d,2279,kg/d,,03/31/2021
PR0025399,001,00310,"BOD, 5-day, 20 deg. C",117,Q1,AVG,Quantity1,kg/d,117,kg/d,922,kg/d,,03/31/2021
PR0025399,001,00310,"BOD, 5-day, 20 deg. C",157,Q2,AVG,Quantity2,kg/d,157,kg/d,2279,kg/d,,04/30/2021
PR0025399,001,00310,"BOD, 5-day, 20 deg. C",122,Q1,AVG,Quantity1,kg/d,122,kg/d,922,kg/d,,04/30/2021
PR0025399,001,00310,"BOD, 5-day, 20 deg. C",9,C2,AVG,Concentration2,mg/L,9,mg/L,18.2,mg/L,,04/30/2021
PR0025399,001,00310,"BOD, 5-day, 20 deg. C",11,C3,AVG,Concentration3,mg/L,11,mg/L,45,mg/L,,04/30/2021
PR0025399,001,00310,"BOD, 5-day, 20 deg. C",9,C3,AVG,Concentration3,mg/L,9,mg/L,45,mg/L,,05/31/2021
PR0025399,001,00310,"BOD, 5-day, 20 deg. C",7,C2,AVG,Concentration2,mg/L,7,mg/L,18.2,mg/L,,05/31/2021
PR0025399,001,00310,"BOD, 5-day, 20 deg. C",98,Q1,AVG,Quantity1,kg/d,98,kg/d,922,kg/d,,05/31/2021
PR0025399,001,00310,"BOD, 5-day, 20 deg. C",133,Q2,AVG,Quantity2,kg/d,133,kg/d,2279,kg/d,,05/31/2021
PR0025399,001,00310,"BOD, 5-day, 20 deg. C",7,C2,AVG,Concentration2,mg/L,7,mg/L,18.2,mg/L,,06/30/2021
PR0025399,001,00310,"BOD, 5-day, 20 deg. C",8,C3,AVG,Concentration3,mg/L,8,mg/L,45,mg/L,,06/30/2021
PR0025399,001,00310,"BOD, 5-day, 20 deg. C",144,Q2,AVG,Quantity2,kg/d,144,kg/d,2279,kg/d,,06/30/2021
PR0025399,001,00310,"BOD, 5-day, 20 deg. C",116,Q1,AVG,Quantity1,kg/d,116,kg/d,922,kg/d,,06/30/2021
PR0025399,001,00310,"BOD, 5-day, 20 deg. C",125,Q1,AVG,Quantity1,kg/d,125,kg/d,922,kg/d,,07/31/2021
PR0025399,001,00310,"BOD, 5-day, 20 deg. C",7,C2,AVG,Concentration2,mg/L,7,mg/L,18.2,mg/L,,07/31/2021
PR0025399,001,00310,"BOD, 5-day, 20 deg. C",9,C3,AVG,Concentration3,mg/L,9,mg/L,45,mg/L,,07/31/2021
PR0025399,001,00310,"BOD, 5-day, 20 deg. C",158,Q2,AVG,Quantity2,kg/d,158,kg/d,2279,kg/d,,07/31/2021
PR0025399,001,00310,"BOD, 5-day, 20 deg. C",162,Q2,AVG,Quantity2,kg/d,162,kg/d,2279,kg/d,,08/31/2021
PR0025399,001,00310,"BOD, 5-day, 20 deg. C",125,Q1,AVG,Quantity1,kg/d,125,kg/d,922,kg/d,,08/31/2021
PR0025399,001,00310,"BOD, 5-day, 20 deg. C",8,C2,AVG,Concentration2,mg/L,8,mg/L,18.2,mg/L,,08/31/2021
PR0025399,001,00310,"BOD, 5-day, 20 deg. C",9,C3,AVG,Concentration3,mg/L,9,mg/L,45,mg/L,,08/31/2021
PR0025399,001,00310,"BOD, 5-day, 20 deg. C",6,C2,AVG,Concentration2,mg/L,6,mg/L,18.2,mg/L,,09/30/2021
PR0025399,001,00310,"BOD, 5-day, 20 deg. C",7,C3,AVG,Concentration3,mg/L,7,mg/L,45,mg/L,,09/30/2021
PR0025399,001,00310,"BOD, 5-day, 20 deg. C",94,Q2,AVG,Quantity2,kg/d,94,kg/d,2279,kg/d,,09/30/2021
PR0025399,001,00310,"BOD, 5-day, 20 deg. C",85,Q1,AVG,Quantity1,kg/d,85,kg/d,922,kg/d,,09/30/2021
PR0025399,001,00310,"BOD, 5-day, 20 deg. C",206,Q2,AVG,Quantity2,kg/d,206,kg/d,2279,kg/d,,10/31/2021
PR0025399,001,00310,"BOD, 5-day, 20 deg. C",138,Q1,AVG,Quantity1,kg/d,138,kg/d,922,kg/d,,10/31/2021
PR0025399,001,00310,"BOD, 5-day, 20 deg. C",8,C2,AVG,Concentration2,mg/L,8,mg/L,18.2,mg/L,,10/31/2021
PR0025399,001,00310,"BOD, 5-day, 20 deg. C",9,C3,AVG,Concentration3,mg/L,9,mg/L,45,mg/L,,10/31/2021
PR0025399,001,00310,"BOD, 5-day, 20 deg. C",8,C3,AVG,Concentration3,mg/L,8,mg/L,45,mg/L,,11/30/2021
PR0025399,001,00310,"BOD, 5-day, 20 deg. C",7,C2,AVG,Concentration2,mg/L,7,mg/L,18.2,mg/L,,11/30/2021
PR0025399,001,00310,"BOD, 5-day, 20 deg. C",123,Q1,AVG,Quantity1,kg/d,123,kg/d,922,kg/d,,11/30/2021
PR0025399,001,00310,"BOD, 5-day, 20 deg. C",145,Q2,AVG,Quantity2,kg/d,145,kg/d,2279,kg/d,,11/30/2021
PR0025399,001,00310,"BOD, 5-day, 20 deg. C",9,C2,AVG,Concentration2,mg/L,9,mg/L,18.2,mg/L,,12/31/2021
PR0025399,001,00310,"BOD, 5-day, 20 deg. C",153,Q1,AVG,Quantity1,kg/d,153,kg/d,922,kg/d,,12/31/2021
PR0025399,001,00310,"BOD, 5-day, 20 deg. C",231,Q2,AVG,Quantity2,kg/d,231,kg/d,2279,kg/d,,12/31/2021
PR0025399,001,00310,"BOD, 5-day, 20 deg. C",11,C3,AVG,Concentration3,mg/L,11,mg/L,45,mg/L,,12/31/2021
PR0025399,001,00310,"BOD, 5-day, 20 deg. C",142,Q1,AVG,Quantity1,kg/d,142,kg/d,922,kg/d,,01/31/2022
PR0025399,001,00310,"BOD, 5-day, 20 deg. C",9,C2,AVG,Concentration2,mg/L,9,mg/L,18.2,mg/L,,01/31/2022
PR0025399,001,00310,"BOD, 5-day, 20 deg. C",14,C3,AVG,Concentration3,mg/L,14,mg/L,45,mg/L,,01/31/2022
PR0025399,001,00310,"BOD, 5-day, 20 deg. C",248,Q2,AVG,Quantity2,kg/d,248,kg/d,2279,kg/d,,01/31/2022
PR0025399,001,00310,"BOD, 5-day, 20 deg. C",114,Q2,AVG,Quantity2,kg/d,114,kg/d,2279,kg/d,,02/28/2022
PR0025399,001,00310,"BOD, 5-day, 20 deg. C",103,Q1,AVG,Quantity1,kg/d,103,kg/d,922,kg/d,,02/28/2022
PR0025399,001,00310,"BOD, 5-day, 20 deg. C",7,C2,AVG,Concentration2,mg/L,7,mg/L,18.2,mg/L,,02/28/2022
PR0025399,001,00310,"BOD, 5-day, 20 deg. C",8,C3,AVG,Concentration3,mg/L,8,mg/L,45,mg/L,,02/28/2022
PR0025399,001,00310,"BOD, 5-day, 20 deg. C",141,Q1,AVG,Quantity1,kg/d,141,kg/d,922,kg/d,,03/31/2022
PR0025399,001,00310,"BOD, 5-day, 20 deg. C",10,C2,AVG,Concentration2,mg/L,10,mg/L,18.2,mg/L,,03/31/2022
PR0025399,001,00310,"BOD, 5-day, 20 deg. C",13,C3,AVG,Concentration3,mg/L,13,mg/L,45,mg/L,,03/31/2022
PR0025399,001,00310,"BOD, 5-day, 20 deg. C",186,Q2,AVG,Quantity2,kg/d,186,kg/d,2279,kg/d,,03/31/2022
PR0025399,001,00310,"BOD, 5-day, 20 deg. C",95,Q1,AVG,Quantity1,kg/d,95,kg/d,922,kg/d,,04/30/2022
PR0025399,001,00310,"BOD, 5-day, 20 deg. C",116,Q2,AVG,Quantity2,kg/d,116,kg/d,2279,kg/d,,04/30/2022
PR0025399,001,00310,"BOD, 5-day, 20 deg. C",8,C2,AVG,Concentration2,mg/L,8,mg/L,18.2,mg/L,,04/30/2022
PR0025399,001,00310,"BOD, 5-day, 20 deg. C",9,C3,AVG,Concentration3,mg/L,9,mg/L,45,mg/L,,04/30/2022
PR0025399,001,00310,"BOD, 5-day, 20 deg. C",12,C2,AVG,Concentration2,mg/L,12,mg/L,18.2,mg/L,,05/31/2022
PR0025399,001,00310,"BOD, 5-day, 20 deg. C",15,C3,AVG,Concentration3,mg/L,15,mg/L,45,mg/L,,05/31/2022
PR0025399,001,00310,"BOD, 5-day, 20 deg. C",185,Q2,AVG,Quantity2,kg/d,185,kg/d,2279,kg/d,,05/31/2022
PR0025399,001,00310,"BOD, 5-day, 20 deg. C",148,Q1,AVG,Quantity1,kg/d,148,kg/d,922,kg/d,,05/31/2022
PR0025399,001,00310,"BOD, 5-day, 20 deg. C",189,Q2,AVG,Quantity2,kg/d,189,kg/d,2279,kg/d,,06/30/2022
PR0025399,001,00310,"BOD, 5-day, 20 deg. C",133,Q1,AVG,Quantity1,kg/d,133,kg/d,922,kg/d,,06/30/2022
PR0025399,001,00310,"BOD, 5-day, 20 deg. C",10,C2,AVG,Concentration2,mg/L,10,mg/L,18.2,mg/L,,06/30/2022
PR0025399,001,00310,"BOD, 5-day, 20 deg. C",12,C3,AVG,Concentration3,mg/L,12,mg/L,45,mg/L,,06/30/2022
PR0025399,001,00310,"BOD, 5-day, 20 deg. C",9,C3,AVG,Concentration3,mg/L,9,mg/L,45,mg/L,,07/31/2022
PR0025399,001,00310,"BOD, 5-day, 20 deg. C",7,C2,AVG,Concentration2,mg/L,7,mg/L,18.2,mg/L,,07/31/2022
PR0025399,001,00310,"BOD, 5-day, 20 deg. C",112,Q1,AVG,Quantity1,kg/d,112,kg/d,922,kg/d,,07/31/2022
PR0025399,001,00310,"BOD, 5-day, 20 deg. C",146,Q2,AVG,Quantity2,kg/d,146,kg/d,2279,kg/d,,07/31/2022
PR0025399,001,00310,"BOD, 5-day, 20 deg. C",133,Q1,AVG,Quantity1,kg/d,133,kg/d,922,kg/d,,08/31/2022
PR0025399,001,00310,"BOD, 5-day, 20 deg. C",300,Q2,AVG,Quantity2,kg/d,300,kg/d,2279,kg/d,,08/31/2022
PR0025399,001,00310,"BOD, 5-day, 20 deg. C",8,C2,AVG,Concentration2,mg/L,8,mg/L,18.2,mg/L,,08/31/2022
PR0025399,001,00310,"BOD, 5-day, 20 deg. C",18,C3,AVG,Concentration3,mg/L,18,mg/L,45,mg/L,,08/31/2022
PR0025399,001,00310,"BOD, 5-day, 20 deg. C",12,C3,AVG,Concentration3,mg/L,12,mg/L,45,mg/L,,09/30/2022
PR0025399,001,00310,"BOD, 5-day, 20 deg. C",10,C2,AVG,Concentration2,mg/L,10,mg/L,18.2,mg/L,,09/30/2022
PR0025399,001,00310,"BOD, 5-day, 20 deg. C",192,Q1,AVG,Quantity1,kg/d,192,kg/d,922,kg/d,,09/30/2022
PR0025399,001,00310,"BOD, 5-day, 20 deg. C",291,Q2,AVG,Quantity2,kg/d,291,kg/d,2279,kg/d,,09/30/2022
PR0025399,001,00310,"BOD, 5-day, 20 deg. C",346,Q1,AVG,Quantity1,kg/d,346,kg/d,922,kg/d,,10/31/2022
PR0025399,001,00310,"BOD, 5-day, 20 deg. C",423,Q2,AVG,Quantity2,kg/d,423,kg/d,2279,kg/d,,10/31/2022
PR0025399,001,00310,"BOD, 5-day, 20 deg. C",19,C3,AVG,Concentration3,mg/L,19,mg/L,45,mg/L,,10/31/2022
PR0025399,001,00310,"BOD, 5-day, 20 deg. C",18,C2,AVG,Concentration2,mg/L,18,mg/L,18.2,mg/L,,10/31/2022
PR0025399,001,00310,"BOD, 5-day, 20 deg. C",16,C3,AVG,Concentration3,mg/L,16,mg/L,45,mg/L,,11/30/2022
PR0025399,001,00310,"BOD, 5-day, 20 deg. C",12,C2,AVG,Concentration2,mg/L,12,mg/L,18.2,mg/L,,11/30/2022
PR0025399,001,00310,"BOD, 5-day, 20 deg. C",283,Q1,AVG,Quantity1,kg/d,283,kg/d,922,kg/d,,11/30/2022
PR0025399,001,00310,"BOD, 5-day, 20 deg. C",492,Q2,AVG,Quantity2,kg/d,492,kg/d,2279,kg/d,,11/30/2022
PR0025399,001,00310,"BOD, 5-day, 20 deg. C",240,Q2,AVG,Quantity2,kg/d,240,kg/d,2279,kg/d,,12/31/2022
PR0025399,001,00310,"BOD, 5-day, 20 deg. C",219,Q1,AVG,Quantity1,kg/d,219,kg/d,922,kg/d,,12/31/2022
PR0025399,001,00310,"BOD, 5-day, 20 deg. C",15,C2,AVG,Concentration2,mg/L,15,mg/L,18.2,mg/L,,12/31/2022
PR0025399,001,00310,"BOD, 5-day, 20 deg. C",16,C3,AVG,Concentration3,mg/L,16,mg/L,45,mg/L,,12/31/2022
PR0025399,001,00310,"BOD, 5-day, 20 deg. C",312,Q1,AVG,Quantity1,kg/d,312,kg/d,922,kg/d,,01/31/2023
PR0025399,001,00310,"BOD, 5-day, 20 deg. C",490,Q2,AVG,Quantity2,kg/d,490,kg/d,2279,kg/d,,01/31/2023
PR0025399,001,00310,"BOD, 5-day, 20 deg. C",20,C2,AVG,Concentration2,mg/L,20,mg/L,18.2,mg/L,,01/31/2023
PR0025399,001,00310,"BOD, 5-day, 20 deg. C",28,C3,AVG,Concentration3,mg/L,28,mg/L,45,mg/L,,01/31/2023
PR0025399,001,00310,"BOD, 5-day, 20 deg. C",10,C2,AVG,Concentration2,mg/L,10,mg/L,18.2,mg/L,,02/28/2023
PR0025399,001,00310,"BOD, 5-day, 20 deg. C",319,Q2,AVG,Quantity2,kg/d,319,kg/d,2279,kg/d,,02/28/2023
PR0025399,001,00310,"BOD, 5-day, 20 deg. C",22,C3,AVG,Concentration3,mg/L,22,mg/L,45,mg/L,,02/28/2023
PR0025399,001,00310,"BOD, 5-day, 20 deg. C",139,Q1,AVG,Quantity1,kg/d,139,kg/d,922,kg/d,,02/28/2023
PR0025399,001,00310,"BOD, 5-day, 20 deg. C",320,Q1,AVG,Quantity1,kg/d,320,kg/d,922,kg/d,,03/31/2023
PR0025399,001,00310,"BOD, 5-day, 20 deg. C",24,C3,AVG,Concentration3,mg/L,24,mg/L,45,mg/L,,03/31/2023
PR0025399,001,00310,"BOD, 5-day, 20 deg. C",320,Q2,AVG,Quantity2,kg/d,320,kg/d,2279,kg/d,,03/31/2023
PR0025399,001,00310,"BOD, 5-day, 20 deg. C",14,C2,AVG,Concentration2,mg/L,14,mg/L,18.2,mg/L,,03/31/2023
PR0025399,001,00310,"BOD, 5-day, 20 deg. C",12,C2,AVG,Concentration2,mg/L,12,mg/L,18.2,mg/L,,04/30/2023
PR0025399,001,00310,"BOD, 5-day, 20 deg. C",225,Q2,AVG,Quantity2,kg/d,225,kg/d,2279,kg/d,,04/30/2023
PR0025399,001,00310,"BOD, 5-day, 20 deg. C",15,C3,AVG,Concentration3,mg/L,15,mg/L,45,mg/L,,04/30/2023
PR0025399,001,00310,"BOD, 5-day, 20 deg. C",171,Q1,AVG,Quantity1,kg/d,171,kg/d,922,kg/d,,04/30/2023
PR0025399,001,00310,"BOD, 5-day, 20 deg. C",200,Q1,AVG,Quantity1,kg/d,200,kg/d,922,kg/d,,05/31/2023
PR0025399,001,00310,"BOD, 5-day, 20 deg. C",31,C3,AVG,Concentration3,mg/L,31,mg/L,45,mg/L,,05/31/2023
PR0025399,001,00310,"BOD, 5-day, 20 deg. C",396,Q2,AVG,Quantity2,kg/d,396,kg/d,2279,kg/d,,05/31/2023
PR0025399,001,00310,"BOD, 5-day, 20 deg. C",15,C2,AVG,Concentration2,mg/L,15,mg/L,18.2,mg/L,,05/31/2023
PR0025399,001,00310,"BOD, 5-day, 20 deg. C",10,C2,AVG,Concentration2,mg/L,10,mg/L,18.2,mg/L,,06/30/2023
PR0025399,001,00310,"BOD, 5-day, 20 deg. C",194,Q2,AVG,Quantity2,kg/d,194,kg/d,2279,kg/d,,06/30/2023
PR0025399,001,00310,"BOD, 5-day, 20 deg. C",14,C3,AVG,Concentration3,mg/L,14,mg/L,45,mg/L,,06/30/2023
PR0025399,001,00310,"BOD, 5-day, 20 deg. C",135,Q1,AVG,Quantity1,kg/d,135,kg/d,922,kg/d,,06/30/2023
PR0025399,001,00310,"BOD, 5-day, 20 deg. C",167,Q1,AVG,Quantity1,kg/d,167,kg/d,922,kg/d,,07/31/2023
PR0025399,001,00310,"BOD, 5-day, 20 deg. C",14,C3,AVG,Concentration3,mg/L,14,mg/L,45,mg/L,,07/31/2023
PR0025399,001,00310,"BOD, 5-day, 20 deg. C",220,Q2,AVG,Quantity2,kg/d,220,kg/d,2279,kg/d,,07/31/2023
PR0025399,001,00310,"BOD, 5-day, 20 deg. C",10,C2,AVG,Concentration2,mg/L,10,mg/L,18.2,mg/L,,07/31/2023
PR0025399,001,00310,"BOD, 5-day, 20 deg. C",13,C2,AVG,Concentration2,mg/L,13,mg/L,18.2,mg/L,,08/31/2023
PR0025399,001,00310,"BOD, 5-day, 20 deg. C",257,Q2,AVG,Quantity2,kg/d,257,kg/d,2279,kg/d,,08/31/2023
PR0025399,001,00310,"BOD, 5-day, 20 deg. C",16,C3,AVG,Concentration3,mg/L,16,mg/L,45,mg/L,,08/31/2023
PR0025399,001,00310,"BOD, 5-day, 20 deg. C",199,Q1,AVG,Quantity1,kg/d,199,kg/d,922,kg/d,,08/31/2023
PR0025399,001,00310,"BOD, 5-day, 20 deg. C",170,Q1,AVG,Quantity1,kg/d,170,kg/d,922,kg/d,,09/30/2023
PR0025399,001,00310,"BOD, 5-day, 20 deg. C",15,C3,AVG,Concentration3,mg/L,15,mg/L,45,mg/L,,09/30/2023
PR0025399,001,00310,"BOD, 5-day, 20 deg. C",250,Q2,AVG,Quantity2,kg/d,250,kg/d,2279,kg/d,,09/30/2023
PR0025399,001,00310,"BOD, 5-day, 20 deg. C",11,C2,AVG,Concentration2,mg/L,11,mg/L,18.2,mg/L,,09/30/2023
PR0025399,001,00310,"BOD, 5-day, 20 deg. C",8,C2,AVG,Concentration2,mg/L,8,mg/L,18.2,mg/L,,10/31/2023
PR0025399,001,00310,"BOD, 5-day, 20 deg. C",300,Q2,AVG,Quantity2,kg/d,300,kg/d,2279,kg/d,,10/31/2023
PR0025399,001,00310,"BOD, 5-day, 20 deg. C",16,C3,AVG,Concentration3,mg/L,16,mg/L,45,mg/L,,10/31/2023
PR0025399,001,00310,"BOD, 5-day, 20 deg. C",147,Q1,AVG,Quantity1,kg/d,147,kg/d,922,kg/d,,10/31/2023
PR0025399,001,00310,"BOD, 5-day, 20 deg. C",6,C2,AVG,Concentration2,mg/L,6,mg/L,18.2,mg/L,,11/30/2023
PR0025399,001,00310,"BOD, 5-day, 20 deg. C",139,Q2,AVG,Quantity2,kg/d,139,kg/d,2279,kg/d,,11/30/2023
PR0025399,001,00310,"BOD, 5-day, 20 deg. C",101,Q1,AVG,Quantity1,kg/d,101,kg/d,922,kg/d,,11/30/2023
PR0025399,001,00310,"BOD, 5-day, 20 deg. C",8,C3,AVG,Concentration3,mg/L,8,mg/L,45,mg/L,,11/30/2023
PR0025399,001,00310,"BOD, 5-day, 20 deg. C",5,C3,AVG,Concentration3,mg/L,5,mg/L,45,mg/L,,12/31/2023
PR0025399,001,00310,"BOD, 5-day, 20 deg. C",3,C2,AVG,Concentration2,mg/L,3,mg/L,18.2,mg/L,,12/31/2023
PR0025399,001,00310,"BOD, 5-day, 20 deg. C",48,Q1,AVG,Quantity1,kg/d,48,kg/d,922,kg/d,,12/31/2023
PR0025399,001,00310,"BOD, 5-day, 20 deg. C",81,Q2,AVG,Quantity2,kg/d,81,kg/d,2279,kg/d,,12/31/2023
PR0025399,001,00310,"BOD, 5-day, 20 deg. C",6,C3,AVG,Concentration3,mg/L,6,mg/L,45,mg/L,,01/31/2024
PR0025399,001,00310,"BOD, 5-day, 20 deg. C",5,C2,AVG,Concentration2,mg/L,5,mg/L,18.2,mg/L,,01/31/2024
PR0025399,001,00310,"BOD, 5-day, 20 deg. C",85,Q2,AVG,Quantity2,kg/d,85,kg/d,2279,kg/d,,01/31/2024
PR0025399,001,00310,"BOD, 5-day, 20 deg. C",70,Q1,AVG,Quantity1,kg/d,70,kg/d,922,kg/d,,01/31/2024
PR0025399,001,00310,"BOD, 5-day, 20 deg. C",10,C3,AVG,Concentration3,mg/L,10,mg/L,45,mg/L,,02/29/2024
PR0025399,001,00310,"BOD, 5-day, 20 deg. C",81,Q1,AVG,Quantity1,kg/d,81,kg/d,922,kg/d,,02/29/2024
PR0025399,001,00310,"BOD, 5-day, 20 deg. C",6,C2,AVG,Concentration2,mg/L,6,mg/L,18.2,mg/L,,02/29/2024
PR0025399,001,00310,"BOD, 5-day, 20 deg. C",164,Q2,AVG,Quantity2,kg/d,164,kg/d,2279,kg/d,,02/29/2024
PR0025399,001,00310,"BOD, 5-day, 20 deg. C",91,Q2,AVG,Quantity2,kg/d,91,kg/d,2279,kg/d,,03/31/2024
PR0025399,001,00310,"BOD, 5-day, 20 deg. C",68,Q1,AVG,Quantity1,kg/d,68,kg/d,922,kg/d,,03/31/2024
PR0025399,001,00310,"BOD, 5-day, 20 deg. C",8,C3,AVG,Concentration3,mg/L,8,mg/L,45,mg/L,,03/31/2024
PR0025399,001,00310,"BOD, 5-day, 20 deg. C",5,C2,AVG,Concentration2,mg/L,5,mg/L,18.2,mg/L,,03/31/2024
PR0025399,001,00310,"BOD, 5-day, 20 deg. C",5,C3,AVG,Concentration3,mg/L,5,mg/L,45,mg/L,,04/30/2024
PR0025399,001,00310,"BOD, 5-day, 20 deg. C",114,Q2,AVG,Quantity2,kg/d,114,kg/d,2279,kg/d,,04/30/2024
PR0025399,001,00310,"BOD, 5-day, 20 deg. C",4,C2,AVG,Concentration2,mg/L,4,mg/L,18.2,mg/L,,04/30/2024
PR0025399,001,00310,"BOD, 5-day, 20 deg. C",71,Q1,AVG,Quantity1,kg/d,71,kg/d,922,kg/d,,04/30/2024
PR0025399,001,00310,"BOD, 5-day, 20 deg. C",185,Q2,AVG,Quantity2,kg/d,185,kg/d,2279,kg/d,,05/31/2024
PR0025399,001,00310,"BOD, 5-day, 20 deg. C",121,Q1,AVG,Quantity1,kg/d,121,kg/d,922,kg/d,,05/31/2024
PR0025399,001,00310,"BOD, 5-day, 20 deg. C",10,C3,AVG,Concentration3,mg/L,10,mg/L,45,mg/L,,05/31/2024
PR0025399,001,00310,"BOD, 5-day, 20 deg. C",7,C2,AVG,Concentration2,mg/L,7,mg/L,18.2,mg/L,,05/31/2024
PR0025399,001,00310,"BOD, 5-day, 20 deg. C",6,C3,AVG,Concentration3,mg/L,6,mg/L,45,mg/L,,06/30/2024
PR0025399,001,00310,"BOD, 5-day, 20 deg. C",115,Q2,AVG,Quantity2,kg/d,115,kg/d,2279,kg/d,,06/30/2024
PR0025399,001,00310,"BOD, 5-day, 20 deg. C",5,C2,AVG,Concentration2,mg/L,5,mg/L,18.2,mg/L,,06/30/2024
PR0025399,001,00310,"BOD, 5-day, 20 deg. C",94,Q1,AVG,Quantity1,kg/d,94,kg/d,922,kg/d,,06/30/2024
PR0025399,001,00310,"BOD, 5-day, 20 deg. C",503,Q2,AVG,Quantity2,kg/d,503,kg/d,2279,kg/d,,07/31/2024
PR0025399,001,00310,"BOD, 5-day, 20 deg. C",225,Q1,AVG,Quantity1,kg/d,225,kg/d,922,kg/d,,07/31/2024
PR0025399,001,00310,"BOD, 5-day, 20 deg. C",24,C3,AVG,Concentration3,mg/L,24,mg/L,45,mg/L,,07/31/2024
PR0025399,001,00310,"BOD, 5-day, 20 deg. C",11,C2,AVG,Concentration2,mg/L,11,mg/L,18.2,mg/L,,07/31/2024
PR0025399,001,00310,"BOD, 5-day, 20 deg. C",19,C3,AVG,Concentration3,mg/L,19,mg/L,45,mg/L,,08/31/2024
PR0025399,001,00310,"BOD, 5-day, 20 deg. C",307,Q2,AVG,Quantity2,kg/d,307,kg/d,2279,kg/d,,08/31/2024
PR0025399,001,00310,"BOD, 5-day, 20 deg. C",11,C2,AVG,Concentration2,mg/L,11,mg/L,18.2,mg/L,,08/31/2024
PR0025399,001,00310,"BOD, 5-day, 20 deg. C",165,Q1,AVG,Quantity1,kg/d,165,kg/d,922,kg/d,,08/31/2024
PR0025399,001,00310,"BOD, 5-day, 20 deg. C",252,Q2,AVG,Quantity2,kg/d,252,kg/d,2279,kg/d,,09/30/2024
PR0025399,001,00310,"BOD, 5-day, 20 deg. C",193,Q1,AVG,Quantity1,kg/d,193,kg/d,922,kg/d,,09/30/2024
PR0025399,001,00310,"BOD, 5-day, 20 deg. C",16,C3,AVG,Concentration3,mg/L,16,mg/L,45,mg/L,,09/30/2024
PR0025399,001,00310,"BOD, 5-day, 20 deg. C",12,C2,AVG,Concentration2,mg/L,12,mg/L,18.2,mg/L,,09/30/2024
PR0025399,001,00310,"BOD, 5-day, 20 deg. C",22,C3,AVG,Concentration3,mg/L,22,mg/L,45,mg/L,,10/31/2024
PR0025399,001,00310,"BOD, 5-day, 20 deg. C",484,Q2,AVG,Quantity2,kg/d,484,kg/d,2279,kg/d,,10/31/2024
PR0025399,001,00310,"BOD, 5-day, 20 deg. C",12,C2,AVG,Concentration2,mg/L,12,mg/L,18.2,mg/L,,10/31/2024
PR0025399,001,00310,"BOD, 5-day, 20 deg. C",213,Q1,AVG,Quantity1,kg/d,213,kg/d,922,kg/d,,10/31/2024
PR0025399,001,00310,"BOD, 5-day, 20 deg. C",234,Q1,AVG,Quantity1,kg/d,234,kg/d,922,kg/d,,11/30/2024
PR0025399,001,00310,"BOD, 5-day, 20 deg. C",12,C3,AVG,Concentration3,mg/L,12,mg/L,45,mg/L,,11/30/2024
PR0025399,001,00310,"BOD, 5-day, 20 deg. C",10,C2,AVG,Concentration2,mg/L,10,mg/L,18.2,mg/L,,11/30/2024
PR0025399,001,00310,"BOD, 5-day, 20 deg. C",345,Q2,AVG,Quantity2,kg/d,345,kg/d,2279,kg/d,,11/30/2024
PR0025399,001,00310,"BOD, 5-day, 20 deg. C",530,Q2,AVG,Quantity2,kg/d,530,kg/d,2279,kg/d,,12/31/2024
PR0025399,001,00310,"BOD, 5-day, 20 deg. C",161,Q1,AVG,Quantity1,kg/d,161,kg/d,922,kg/d,,12/31/2024
PR0025399,001,00310,"BOD, 5-day, 20 deg. C",37,C3,AVG,Concentration3,mg/L,37,mg/L,45,mg/L,,12/31/2024
PR0025399,001,00310,"BOD, 5-day, 20 deg. C",10,C2,AVG,Concentration2,mg/L,10,mg/L,18.2,mg/L,,12/31/2024
PR0025399,001,00310,"BOD, 5-day, 20 deg. C",98,Q1,AVG,Quantity1,kg/d,98,kg/d,922,kg/d,,01/31/2025
PR0025399,001,00310,"BOD, 5-day, 20 deg. C",7,C2,AVG,Concentration2,mg/L,7,mg/L,18.2,mg/L,,01/31/2025
PR0025399,001,00310,"BOD, 5-day, 20 deg. C",14,C3,AVG,Concentration3,mg/L,14,mg/L,45,mg/L,,01/31/2025
PR0025399,001,00310,"BOD, 5-day, 20 deg. C",211,Q2,AVG,Quantity2,kg/d,211,kg/d,2279,kg/d,,01/31/2025
PR0025399,001,00310,"BOD, 5-day, 20 deg. C",258,Q2,AVG,Quantity2,kg/d,258,kg/d,2279,kg/d,,02/28/2025
PR0025399,001,00310,"BOD, 5-day, 20 deg. C",149,Q1,AVG,Quantity1,kg/d,149,kg/d,922,kg/d,,02/28/2025
PR0025399,001,00310,"BOD, 5-day, 20 deg. C",7,C2,AVG,Concentration2,mg/L,7,mg/L,18.2,mg/L,,02/28/2025
PR0025399,001,00310,"BOD, 5-day, 20 deg. C",10,C3,AVG,Concentration3,mg/L,10,mg/L,45,mg/L,,02/28/2025
PR0025399,001,00310,"BOD, 5-day, 20 deg. C",98,Q2,AVG,Quantity2,kg/d,98,kg/d,2279,kg/d,,03/31/2025
PR0025399,001,00310,"BOD, 5-day, 20 deg. C",74,Q1,AVG,Quantity1,kg/d,74,kg/d,922,kg/d,,03/31/2025
PR0025399,001,00310,"BOD, 5-day, 20 deg. C",6,C3,AVG,Concentration3,mg/L,6,mg/L,45,mg/L,,03/31/2025
PR0025399,001,00310,"BOD, 5-day, 20 deg. C",5,C2,AVG,Concentration2,mg/L,5,mg/L,18.2,mg/L,,03/31/2025
PR0025399,001,00310,"BOD, 5-day, 20 deg. C",165,Q2,AVG,Quantity2,kg/d,165,kg/d,2279,kg/d,,04/30/2025
PR0025399,001,00310,"BOD, 5-day, 20 deg. C",10,C3,AVG,Concentration3,mg/L,10,mg/L,45,mg/L,,04/30/2025
PR0025399,001,00310,"BOD, 5-day, 20 deg. C",8,C2,AVG,Concentration2,mg/L,8,mg/L,18.2,mg/L,,04/30/2025
PR0025399,001,00310,"BOD, 5-day, 20 deg. C",124,Q1,AVG,Quantity1,kg/d,124,kg/d,922,kg/d,,04/30/2025
PR0025399,001,00310,"BOD, 5-day, 20 deg. C",24,C3,AVG,Concentration3,mg/L,24,mg/L,45,mg/L,,05/31/2025
PR0025399,001,00310,"BOD, 5-day, 20 deg. C",9,C2,AVG,Concentration2,mg/L,9,mg/L,18.2,mg/L,,05/31/2025
PR0025399,001,00310,"BOD, 5-day, 20 deg. C",138,Q1,AVG,Quantity1,kg/d,138,kg/d,922,kg/d,,05/31/2025
PR0025399,001,00310,"BOD, 5-day, 20 deg. C",356,Q2,AVG,Quantity2,kg/d,356,kg/d,2279,kg/d,,05/31/2025
PR0025399,001,00310,"BOD, 5-day, 20 deg. C",28,C3,AVG,Concentration3,mg/L,28,mg/L,45,mg/L,,06/30/2025
PR0025399,001,00310,"BOD, 5-day, 20 deg. C",11,C2,AVG,Concentration2,mg/L,11,mg/L,18.2,mg/L,,06/30/2025
PR0025399,001,00310,"BOD, 5-day, 20 deg. C",455,Q2,AVG,Quantity2,kg/d,455,kg/d,2279,kg/d,,06/30/2025
PR0025399,001,00310,"BOD, 5-day, 20 deg. C",161,Q1,AVG,Quantity1,kg/d,161,kg/d,922,kg/d,,06/30/2025
PR0025399,001,00310,"BOD, 5-day, 20 deg. C",6,C3,AVG,Concentration3,mg/L,6,mg/L,45,mg/L,,07/31/2025
PR0025399,001,00310,"BOD, 5-day, 20 deg. C",87,Q2,AVG,Quantity2,kg/d,87,kg/d,2279,kg/d,,07/31/2025
PR0025399,001,00310,"BOD, 5-day, 20 deg. C",53,Q1,AVG,Quantity1,kg/d,53,kg/d,922,kg/d,,07/31/2025
PR0025399,001,00310,"BOD, 5-day, 20 deg. C",4,C2,AVG,Concentration2,mg/L,4,mg/L,18.2,mg/L,,07/31/2025
PR0025399,001,00310,"BOD, 5-day, 20 deg. C",109,Q2,AVG,Quantity2,kg/d,109,kg/d,2279,kg/d,,08/31/2025
PR0025399,001,00310,"BOD, 5-day, 20 deg. C",81,Q1,AVG,Quantity1,kg/d,81,kg/d,922,kg/d,,08/31/2025
PR0025399,001,00310,"BOD, 5-day, 20 deg. C",6,C2,AVG,Concentration2,mg/L,6,mg/L,18.2,mg/L,,08/31/2025
PR0025399,001,00310,"BOD, 5-day, 20 deg. C",8,C3,AVG,Concentration3,mg/L,8,mg/L,45,mg/L,,08/31/2025
PR0025399,001,00310,"BOD, 5-day, 20 deg. C",188,Q2,AVG,Quantity2,kg/d,188,kg/d,2279,kg/d,,09/30/2025
PR0025399,001,00310,"BOD, 5-day, 20 deg. C",113,Q1,AVG,Quantity1,kg/d,113,kg/d,922,kg/d,,09/30/2025
PR0025399,001,00310,"BOD, 5-day, 20 deg. C",13,C3,AVG,Concentration3,mg/L,13,mg/L,45,mg/L,,09/30/2025
PR0025399,001,00310,"BOD, 5-day, 20 deg. C",7,C2,AVG,Concentration2,mg/L,7,mg/L,18.2,mg/L,,09/30/2025
PR0025399,001,00310,"BOD, 5-day, 20 deg. C",8,C2,AVG,Concentration2,mg/L,8,mg/L,18.2,mg/L,,10/31/2025
PR0025399,001,00310,"BOD, 5-day, 20 deg. C",20,C3,AVG,Concentration3,mg/L,20,mg/L,45,mg/L,,10/31/2025
PR0025399,001,00310,"BOD, 5-day, 20 deg. C",130,Q1,AVG,Quantity1,kg/d,130,kg/d,922,kg/d,,10/31/2025
PR0025399,001,00310,"BOD, 5-day, 20 deg. C",280,Q2,AVG,Quantity2,kg/d,280,kg/d,2279,kg/d,,10/31/2025
PR0025399,001,00310,"BOD, 5-day, 20 deg. C",14,C3,AVG,Concentration3,mg/L,14,mg/L,45,mg/L,,11/30/2025
PR0025399,001,00310,"BOD, 5-day, 20 deg. C",146,Q1,AVG,Quantity1,kg/d,146,kg/d,922,kg/d,,11/30/2025
PR0025399,001,00310,"BOD, 5-day, 20 deg. C",204,Q2,AVG,Quantity2,kg/d,204,kg/d,2279,kg/d,,11/30/2025
PR0025399,001,00310,"BOD, 5-day, 20 deg. C",10,C2,AVG,Concentration2,mg/L,10,mg/L,18.2,mg/L,,11/30/2025
PR0025399,001,00310,"BOD, 5-day, 20 deg. C",20,C3,AVG,Concentration3,mg/L,20,mg/L,45,mg/L,,12/31/2025
PR0025399,001,00310,"BOD, 5-day, 20 deg. C",11,C2,AVG,Concentration2,mg/L,11,mg/L,18.2,mg/L,,12/31/2025
PR0025399,001,00310,"BOD, 5-day, 20 deg. C",175,Q1,AVG,Quantity1,kg/d,175,kg/d,922,kg/d,,12/31/2025
PR0025399,001,00310,"BOD, 5-day, 20 deg. C",337,Q2,AVG,Quantity2,kg/d,337,kg/d,2279,kg/d,,12/31/2025
PR0025399,001,00310,"BOD, 5-day, 20 deg. C",13,C3,AVG,Concentration3,mg/L,13,mg/L,45,mg/L,,01/31/2026
PR0025399,001,00310,"BOD, 5-day, 20 deg. C",6,C2,AVG,Concentration2,mg/L,6,mg/L,18.2,mg/L,,01/31/2026
PR0025399,001,00310,"BOD, 5-day, 20 deg. C",182,Q2,AVG,Quantity2,kg/d,182,kg/d,2279,kg/d,,01/31/2026
PR0025399,001,00310,"BOD, 5-day, 20 deg. C",90,Q1,AVG,Quantity1,kg/d,90,kg/d,922,kg/d,,01/31/2026
PR0025399,001,00400,pH,7.32,C3,MAX,Concentration3,SU,7.32,SU,9,SU,,01/31/2020
PR0025399,001,00400,pH,6.61,C1,MIN,Concentration1,SU,6.61,SU,6,SU,,01/31/2020
PR0025399,001,00400,pH,6.48,C1,MIN,Concentration1,SU,6.48,SU,6,SU,,02/29/2020
PR0025399,001,00400,pH,7.25,C3,MAX,Concentration3,SU,7.25,SU,9,SU,,02/29/2020
PR0025399,001,00400,pH,7.1,C3,MAX,Concentration3,SU,7.1,SU,9,SU,,03/31/2020
PR0025399,001,00400,pH,6.26,C1,MIN,Concentration1,SU,6.26,SU,6,SU,,03/31/2020
PR0025399,001,00400,pH,6.2,C1,MIN,Concentration1,SU,6.2,SU,6,SU,,04/30/2020
PR0025399,001,00400,pH,7.05,C3,MAX,Concentration3,SU,7.05,SU,9,SU,,04/30/2020
PR0025399,001,00400,pH,7.01,C3,MAX,Concentration3,SU,7.01,SU,9,SU,,05/31/2020
PR0025399,001,00400,pH,6.27,C1,MIN,Concentration1,SU,6.27,SU,6,SU,,05/31/2020
PR0025399,001,00400,pH,6.31,C1,MIN,Concentration1,SU,6.31,SU,6,SU,,06/30/2020
PR0025399,001,00400,pH,7.02,C3,MAX,Concentration3,SU,7.02,SU,9,SU,,06/30/2020
PR0025399,001,00400,pH,6.73,C3,MAX,Concentration3,SU,6.73,SU,9,SU,,07/31/2020
PR0025399,001,00400,pH,6.3,C1,MIN,Concentration1,SU,6.3,SU,6,SU,,07/31/2020
PR0025399,001,00400,pH,6.43,C1,MIN,Concentration1,SU,6.43,SU,6,SU,,08/31/2020
PR0025399,001,00400,pH,6.94,C3,MAX,Concentration3,SU,6.94,SU,9,SU,,08/31/2020
PR0025399,001,00400,pH,7.21,C3,MAX,Concentration3,SU,7.21,SU,9,SU,,09/30/2020
PR0025399,001,00400,pH,6.32,C1,MIN,Concentration1,SU,6.32,SU,6,SU,,09/30/2020
PR0025399,001,00400,pH,6.5,C1,MIN,Concentration1,SU,6.5,SU,6,SU,,10/31/2020
PR0025399,001,00400,pH,7.34,C3,MAX,Concentration3,SU,7.34,SU,9,SU,,10/31/2020
PR0025399,001,00400,pH,7.38,C3,MAX,Concentration3,SU,7.38,SU,9,SU,,11/30/2020
PR0025399,001,00400,pH,6.63,C1,MIN,Concentration1,SU,6.63,SU,6,SU,,11/30/2020
PR0025399,001,00400,pH,6.43,C1,MIN,Concentration1,SU,6.43,SU,6,SU,,12/31/2020
PR0025399,001,00400,pH,6.8,C3,MAX,Concentration3,SU,6.8,SU,9,SU,,12/31/2020
PR0025399,001,00400,pH,6.64,C3,MAX,Concentration3,SU,6.64,SU,9,SU,,01/31/2021
PR0025399,001,00400,pH,6.12,C1,MIN,Concentration1,SU,6.12,SU,6,SU,,01/31/2021
PR0025399,001,00400,pH,6.27,C1,MIN,Concentration1,SU,6.27,SU,6,SU,,02/28/2021
PR0025399,001,00400,pH,6.73,C3,MAX,Concentration3,SU,6.73,SU,9,SU,,02/28/2021
PR0025399,001,00400,pH,6.94,C3,MAX,Concentration3,SU,6.94,SU,9,SU,,03/31/2021
PR0025399,001,00400,pH,6.25,C1,MIN,Concentration1,SU,6.25,SU,6,SU,,03/31/2021
PR0025399,001,00400,pH,6.26,C1,MIN,Concentration1,SU,6.26,SU,6,SU,,04/30/2021
PR0025399,001,00400,pH,6.86,C3,MAX,Concentration3,SU,6.86,SU,9,SU,,04/30/2021
PR0025399,001,00400,pH,6.13,C1,MIN,Concentration1,SU,6.13,SU,6,SU,,05/31/2021
PR0025399,001,00400,pH,6.77,C3,MAX,Concentration3,SU,6.77,SU,9,SU,,05/31/2021
PR0025399,001,00400,pH,6.47,C1,MIN,Concentration1,SU,6.47,SU,6,SU,,06/30/2021
PR0025399,001,00400,pH,6.94,C3,MAX,Concentration3,SU,6.94,SU,9,SU,,06/30/2021
PR0025399,001,00400,pH,6.85,C3,MAX,Concentration3,SU,6.85,SU,9,SU,,07/31/2021
PR0025399,001,00400,pH,6.4,C1,MIN,Concentration1,SU,6.4,SU,6,SU,,07/31/2021
PR0025399,001,00400,pH,6.39,C1,MIN,Concentration1,SU,6.39,SU,6,SU,,08/31/2021
PR0025399,001,00400,pH,6.83,C3,MAX,Concentration3,SU,6.83,SU,9,SU,,08/31/2021
PR0025399,001,00400,pH,6.87,C3,MAX,Concentration3,SU,6.87,SU,9,SU,,09/30/2021
PR0025399,001,00400,pH,6.25,C1,MIN,Concentration1,SU,6.25,SU,6,SU,,09/30/2021
PR0025399,001,00400,pH,6.51,C1,MIN,Concentration1,SU,6.51,SU,6,SU,,10/31/2021
PR0025399,001,00400,pH,7.73,C3,MAX,Concentration3,SU,7.73,SU,9,SU,,10/31/2021
PR0025399,001,00400,pH,7.14,C3,MAX,Concentration3,SU,7.14,SU,9,SU,,11/30/2021
PR0025399,001,00400,pH,6.41,C1,MIN,Concentration1,SU,6.41,SU,6,SU,,11/30/2021
PR0025399,001,00400,pH,6.4,C1,MIN,Concentration1,SU,6.4,SU,6,SU,,12/31/2021
PR0025399,001,00400,pH,6.66,C3,MAX,Concentration3,SU,6.66,SU,9,SU,,12/31/2021
PR0025399,001,00400,pH,6.09,C1,MIN,Concentration1,SU,6.09,SU,6,SU,,01/31/2022
PR0025399,001,00400,pH,6.8,C3,MAX,Concentration3,SU,6.8,SU,9,SU,,01/31/2022
PR0025399,001,00400,pH,6.75,C3,MAX,Concentration3,SU,6.75,SU,9,SU,,02/28/2022
PR0025399,001,00400,pH,6.33,C1,MIN,Concentration1,SU,6.33,SU,6,SU,,02/28/2022
PR0025399,001,00400,pH,7.01,C3,MAX,Concentration3,SU,7.01,SU,9,SU,,03/31/2022
PR0025399,001,00400,pH,6.32,C1,MIN,Concentration1,SU,6.32,SU,6,SU,,03/31/2022
PR0025399,001,00400,pH,6.92,C3,MAX,Concentration3,SU,6.92,SU,9,SU,,04/30/2022
PR0025399,001,00400,pH,6.15,C1,MIN,Concentration1,SU,6.15,SU,6,SU,,04/30/2022
PR0025399,001,00400,pH,6.9,C3,MAX,Concentration3,SU,6.9,SU,9,SU,,05/31/2022
PR0025399,001,00400,pH,6.2,C1,MIN,Concentration1,SU,6.2,SU,6,SU,,05/31/2022
PR0025399,001,00400,pH,6.26,C1,MIN,Concentration1,SU,6.26,SU,6,SU,,06/30/2022
PR0025399,001,00400,pH,7.29,C3,MAX,Concentration3,SU,7.29,SU,9,SU,,06/30/2022
PR0025399,001,00400,pH,7.44,C3,MAX,Concentration3,SU,7.44,SU,9,SU,,07/31/2022
PR0025399,001,00400,pH,6.71,C1,MIN,Concentration1,SU,6.71,SU,6,SU,,07/31/2022
PR0025399,001,00400,pH,6.68,C1,MIN,Concentration1,SU,6.68,SU,6,SU,,08/31/2022
PR0025399,001,00400,pH,7.48,C3,MAX,Concentration3,SU,7.48,SU,9,SU,,08/31/2022
PR0025399,001,00400,pH,6.74,C1,MIN,Concentration1,SU,6.74,SU,6,SU,,09/30/2022
PR0025399,001,00400,pH,7.64,C3,MAX,Concentration3,SU,7.64,SU,9,SU,,09/30/2022
PR0025399,001,00400,pH,7.74,C3,MAX,Concentration3,SU,7.74,SU,9,SU,,10/31/2022
PR0025399,001,00400,pH,6.85,C1,MIN,Concentration1,SU,6.85,SU,6,SU,,10/31/2022
PR0025399,001,00400,pH,6.84,C1,MIN,Concentration1,SU,6.84,SU,6,SU,,11/30/2022
PR0025399,001,00400,pH,7.65,C3,MAX,Concentration3,SU,7.65,SU,9,SU,,11/30/2022
PR0025399,001,00400,pH,6.75,C1,MIN,Concentration1,SU,6.75,SU,6,SU,,12/31/2022
PR0025399,001,00400,pH,7.62,C3,MAX,Concentration3,SU,7.62,SU,9,SU,,12/31/2022
PR0025399,001,00400,pH,6.81,C1,MIN,Concentration1,SU,6.81,SU,6,SU,,01/31/2023
PR0025399,001,00400,pH,7.42,C3,MAX,Concentration3,SU,7.42,SU,9,SU,,01/31/2023
PR0025399,001,00400,pH,7.52,C3,MAX,Concentration3,SU,7.52,SU,9,SU,,02/28/2023
PR0025399,001,00400,pH,6.76,C1,MIN,Concentration1,SU,6.76,SU,6,SU,,02/28/2023
PR0025399,001,00400,pH,7.52,C3,MAX,Concentration3,SU,7.52,SU,9,SU,,03/31/2023
PR0025399,001,00400,pH,6.67,C1,MIN,Concentration1,SU,6.67,SU,6,SU,,03/31/2023
PR0025399,001,00400,pH,6.55,C1,MIN,Concentration1,SU,6.55,SU,6,SU,,04/30/2023
PR0025399,001,00400,pH,7.5,C3,MAX,Concentration3,SU,7.5,SU,9,SU,,04/30/2023
PR0025399,001,00400,pH,6.57,C1,MIN,Concentration1,SU,6.57,SU,6,SU,,05/31/2023
PR0025399,001,00400,pH,7.66,C3,MAX,Concentration3,SU,7.66,SU,9,SU,,05/31/2023
PR0025399,001,00400,pH,7.87,C3,MAX,Concentration3,SU,7.87,SU,9,SU,,06/30/2023
PR0025399,001,00400,pH,6.55,C1,MIN,Concentration1,SU,6.55,SU,6,SU,,06/30/2023
PR0025399,001,00400,pH,6.62,C1,MIN,Concentration1,SU,6.62,SU,6,SU,,07/31/2023
PR0025399,001,00400,pH,6.99,C3,MAX,Concentration3,SU,6.99,SU,9,SU,,07/31/2023
PR0025399,001,00400,pH,6.98,C3,MAX,Concentration3,SU,6.98,SU,9,SU,,08/31/2023
PR0025399,001,00400,pH,6.54,C1,MIN,Concentration1,SU,6.54,SU,6,SU,,08/31/2023
PR0025399,001,00400,pH,6.91,C3,MAX,Concentration3,SU,6.91,SU,9,SU,,09/30/2023
PR0025399,001,00400,pH,6.49,C1,MIN,Concentration1,SU,6.49,SU,6,SU,,09/30/2023
PR0025399,001,00400,pH,7.22,C3,MAX,Concentration3,SU,7.22,SU,9,SU,,10/31/2023
PR0025399,001,00400,pH,6.51,C1,MIN,Concentration1,SU,6.51,SU,6,SU,,10/31/2023
PR0025399,001,00400,pH,6.42,C1,MIN,Concentration1,SU,6.42,SU,6,SU,,11/30/2023
PR0025399,001,00400,pH,7.1,C3,MAX,Concentration3,SU,7.1,SU,9,SU,,11/30/2023
PR0025399,001,00400,pH,6.13,C1,MIN,Concentration1,SU,6.13,SU,6,SU,,12/31/2023
PR0025399,001,00400,pH,6.91,C3,MAX,Concentration3,SU,6.91,SU,9,SU,,12/31/2023
PR0025399,001,00400,pH,6.78,C3,MAX,Concentration3,SU,6.78,SU,9,SU,,01/31/2024
PR0025399,001,00400,pH,6.12,C1,MIN,Concentration1,SU,6.12,SU,6,SU,,01/31/2024
PR0025399,001,00400,pH,6.1,C1,MIN,Concentration1,SU,6.1,SU,6,SU,,02/29/2024
PR0025399,001,00400,pH,6.51,C3,MAX,Concentration3,SU,6.51,SU,9,SU,,02/29/2024
PR0025399,001,00400,pH,6.9,C3,MAX,Concentration3,SU,6.9,SU,9,SU,,03/31/2024
PR0025399,001,00400,pH,6.15,C1,MIN,Concentration1,SU,6.15,SU,6,SU,,03/31/2024
PR0025399,001,00400,pH,7.05,C3,MAX,Concentration3,SU,7.05,SU,9,SU,,04/30/2024
PR0025399,001,00400,pH,6.21,C1,MIN,Concentration1,SU,6.21,SU,6,SU,,04/30/2024
PR0025399,001,00400,pH,7.03,C3,MAX,Concentration3,SU,7.03,SU,9,SU,,05/31/2024
PR0025399,001,00400,pH,6.49,C1,MIN,Concentration1,SU,6.49,SU,6,SU,,05/31/2024
PR0025399,001,00400,pH,7.86,C3,MAX,Concentration3,SU,7.86,SU,9,SU,,06/30/2024
PR0025399,001,00400,pH,6.57,C1,MIN,Concentration1,SU,6.57,SU,6,SU,,06/30/2024
PR0025399,001,00400,pH,6.49,C1,MIN,Concentration1,SU,6.49,SU,6,SU,,07/31/2024
PR0025399,001,00400,pH,7.17,C3,MAX,Concentration3,SU,7.17,SU,9,SU,,07/31/2024
PR0025399,001,00400,pH,6.57,C1,MIN,Concentration1,SU,6.57,SU,6,SU,,08/31/2024
PR0025399,001,00400,pH,7.19,C3,MAX,Concentration3,SU,7.19,SU,9,SU,,08/31/2024
PR0025399,001,00400,pH,7.06,C3,MAX,Concentration3,SU,7.06,SU,9,SU,,09/30/2024
PR0025399,001,00400,pH,6.68,C1,MIN,Concentration1,SU,6.68,SU,6,SU,,09/30/2024
PR0025399,001,00400,pH,6.52,C1,MIN,Concentration1,SU,6.52,SU,6,SU,,10/31/2024
PR0025399,001,00400,pH,7.22,C3,MAX,Concentration3,SU,7.22,SU,9,SU,,10/31/2024
PR0025399,001,00400,pH,7.42,C3,MAX,Concentration3,SU,7.42,SU,9,SU,,11/30/2024
PR0025399,001,00400,pH,6.61,C1,MIN,Concentration1,SU,6.61,SU,6,SU,,11/30/2024
PR0025399,001,00400,pH,6.59,C1,MIN,Concentration1,SU,6.59,SU,6,SU,,12/31/2024
PR0025399,001,00400,pH,7.36,C3,MAX,Concentration3,SU,7.36,SU,9,SU,,12/31/2024
PR0025399,001,00400,pH,6.38,C1,MIN,Concentration1,SU,6.38,SU,6,SU,,01/31/2025
PR0025399,001,00400,pH,7.01,C3,MAX,Concentration3,SU,7.01,SU,9,SU,,01/31/2025
PR0025399,001,00400,pH,6.12,C1,MIN,Concentration1,SU,6.12,SU,6,SU,,02/28/2025
PR0025399,001,00400,pH,6.89,C3,MAX,Concentration3,SU,6.89,SU,9,SU,,02/28/2025
PR0025399,001,00400,pH,6.97,C3,MAX,Concentration3,SU,6.97,SU,9,SU,,03/31/2025
PR0025399,001,00400,pH,6.03,C1,MIN,Concentration1,SU,6.03,SU,6,SU,,03/31/2025
PR0025399,001,00400,pH,6.07,C1,MIN,Concentration1,SU,6.07,SU,6,SU,,04/30/2025
PR0025399,001,00400,pH,7.33,C3,MAX,Concentration3,SU,7.33,SU,9,SU,,04/30/2025
PR0025399,001,00400,pH,6.88,C3,MAX,Concentration3,SU,6.88,SU,9,SU,,05/31/2025
PR0025399,001,00400,pH,6.43,C1,MIN,Concentration1,SU,6.43,SU,6,SU,,05/31/2025
PR0025399,001,00400,pH,6.83,C3,MAX,Concentration3,SU,6.83,SU,9,SU,,06/30/2025
PR0025399,001,00400,pH,6.32,C1,MIN,Concentration1,SU,6.32,SU,6,SU,,06/30/2025
PR0025399,001,00400,pH,6.54,C3,MAX,Concentration3,SU,6.54,SU,9,SU,,07/31/2025
PR0025399,001,00400,pH,6.09,C1,MIN,Concentration1,SU,6.09,SU,6,SU,,07/31/2025
PR0025399,001,00400,pH,6.81,C3,MAX,Concentration3,SU,6.81,SU,9,SU,,08/31/2025
PR0025399,001,00400,pH,6.13,C1,MIN,Concentration1,SU,6.13,SU,6,SU,,08/31/2025
PR0025399,001,00400,pH,6.99,C3,MAX,Concentration3,SU,6.99,SU,9,SU,,09/30/2025
PR0025399,001,00400,pH,6.21,C1,MIN,Concentration1,SU,6.21,SU,6,SU,,09/30/2025
PR0025399,001,00400,pH,7.11,C3,MAX,Concentration3,SU,7.11,SU,9,SU,,10/31/2025
PR0025399,001,00400,pH,6.35,C1,MIN,Concentration1,SU,6.35,SU,6,SU,,10/31/2025
PR0025399,001,00400,pH,6.88,C3,MAX,Concentration3,SU,6.88,SU,9,SU,,11/30/2025
PR0025399,001,00400,pH,6.23,C1,MIN,Concentration1,SU,6.23,SU,6,SU,,11/30/2025
PR0025399,001,00400,pH,6.49,C1,MIN,Concentration1,SU,6.49,SU,6,SU,,12/31/2025
PR0025399,001,00400,pH,7.23,C3,MAX,Concentration3,SU,7.23,SU,9,SU,,12/31/2025
PR0025399,001,00400,pH,7.03,C3,MAX,Concentration3,SU,7.03,SU,9,SU,,01/31/2026
PR0025399,001,00400,pH,6.55,C1,MIN,Concentration1,SU,6.55,SU,6,SU,,01/31/2026
PR0025399,001,00530,"Solids, total suspended",309,Q2,AVG,Quantity2,kg/d,309,kg/d,2279,kg/d,,01/31/2020
PR0025399,001,00530,"Solids, total suspended",18,C3,AVG,Concentration3,mg/L,18,mg/L,45,mg/L,,01/31/2020
PR0025399,001,00530,"Solids, total suspended",151,Q1,AVG,Quantity1,kg/d,151,kg/d,1519,kg/d,,01/31/2020
PR0025399,001,00530,"Solids, total suspended",9,C2,AVG,Concentration2,mg/L,9,mg/L,30,mg/L,,01/31/2020
PR0025399,001,00530,"Solids, total suspended",183,Q1,AVG,Quantity1,kg/d,183,kg/d,1519,kg/d,,02/29/2020
PR0025399,001,00530,"Solids, total suspended",396,Q2,AVG,Quantity2,kg/d,396,kg/d,2279,kg/d,,02/29/2020
PR0025399,001,00530,"Solids, total suspended",14,C2,AVG,Concentration2,mg/L,14,mg/L,30,mg/L,,02/29/2020
PR0025399,001,00530,"Solids, total suspended",32,C3,AVG,Concentration3,mg/L,32,mg/L,45,mg/L,,02/29/2020
PR0025399,001,00530,"Solids, total suspended",958,Q2,AVG,Quantity2,kg/d,958,kg/d,2279,kg/d,,03/31/2020
PR0025399,001,00530,"Solids, total suspended",301,Q1,AVG,Quantity1,kg/d,301,kg/d,1519,kg/d,,03/31/2020
PR0025399,001,00530,"Solids, total suspended",20,C2,AVG,Concentration2,mg/L,20,mg/L,30,mg/L,,03/31/2020
PR0025399,001,00530,"Solids, total suspended",72,C3,AVG,Concentration3,mg/L,72,mg/L,45,mg/L,,03/31/2020
PR0025399,001,00530,"Solids, total suspended",8,C2,AVG,Concentration2,mg/L,8,mg/L,30,mg/L,,04/30/2020
PR0025399,001,00530,"Solids, total suspended",16,C3,AVG,Concentration3,mg/L,16,mg/L,45,mg/L,,04/30/2020
PR0025399,001,00530,"Solids, total suspended",104,Q1,AVG,Quantity1,kg/d,104,kg/d,1519,kg/d,,04/30/2020
PR0025399,001,00530,"Solids, total suspended",216,Q2,AVG,Quantity2,kg/d,216,kg/d,2279,kg/d,,04/30/2020
PR0025399,001,00530,"Solids, total suspended",93,Q2,AVG,Quantity2,kg/d,93,kg/d,2279,kg/d,,05/31/2020
PR0025399,001,00530,"Solids, total suspended",7,C3,AVG,Concentration3,mg/L,7,mg/L,45,mg/L,,05/31/2020
PR0025399,001,00530,"Solids, total suspended",64,Q1,AVG,Quantity1,kg/d,64,kg/d,1519,kg/d,,05/31/2020
PR0025399,001,00530,"Solids, total suspended",5,C2,AVG,Concentration2,mg/L,5,mg/L,30,mg/L,,05/31/2020
PR0025399,001,00530,"Solids, total suspended",96,Q1,AVG,Quantity1,kg/d,96,kg/d,1519,kg/d,,06/30/2020
PR0025399,001,00530,"Solids, total suspended",7,C2,AVG,Concentration2,mg/L,7,mg/L,30,mg/L,,06/30/2020
PR0025399,001,00530,"Solids, total suspended",14,C3,AVG,Concentration3,mg/L,14,mg/L,45,mg/L,,06/30/2020
PR0025399,001,00530,"Solids, total suspended",166,Q2,AVG,Quantity2,kg/d,166,kg/d,2279,kg/d,,06/30/2020
PR0025399,001,00530,"Solids, total suspended",12,C3,AVG,Concentration3,mg/L,12,mg/L,45,mg/L,,07/31/2020
PR0025399,001,00530,"Solids, total suspended",96,Q1,AVG,Quantity1,kg/d,96,kg/d,1519,kg/d,,07/31/2020
PR0025399,001,00530,"Solids, total suspended",173,Q2,AVG,Quantity2,kg/d,173,kg/d,2279,kg/d,,07/31/2020
PR0025399,001,00530,"Solids, total suspended",6,C2,AVG,Concentration2,mg/L,6,mg/L,30,mg/L,,07/31/2020
PR0025399,001,00530,"Solids, total suspended",16,C3,AVG,Concentration3,mg/L,16,mg/L,45,mg/L,,08/31/2020
PR0025399,001,00530,"Solids, total suspended",7,C2,AVG,Concentration2,mg/L,7,mg/L,30,mg/L,,08/31/2020
PR0025399,001,00530,"Solids, total suspended",207,Q2,AVG,Quantity2,kg/d,207,kg/d,2279,kg/d,,08/31/2020
PR0025399,001,00530,"Solids, total suspended",97,Q1,AVG,Quantity1,kg/d,97,kg/d,1519,kg/d,,08/31/2020
PR0025399,001,00530,"Solids, total suspended",11,C2,AVG,Concentration2,mg/L,11,mg/L,30,mg/L,,09/30/2020
PR0025399,001,00530,"Solids, total suspended",572,Q2,AVG,Quantity2,kg/d,572,kg/d,2279,kg/d,,09/30/2020
PR0025399,001,00530,"Solids, total suspended",192,Q1,AVG,Quantity1,kg/d,192,kg/d,1519,kg/d,,09/30/2020
PR0025399,001,00530,"Solids, total suspended",29,C3,AVG,Concentration3,mg/L,29,mg/L,45,mg/L,,09/30/2020
PR0025399,001,00530,"Solids, total suspended",11,C2,AVG,Concentration2,mg/L,11,mg/L,30,mg/L,,10/31/2020
PR0025399,001,00530,"Solids, total suspended",16,C3,AVG,Concentration3,mg/L,16,mg/L,45,mg/L,,10/31/2020
PR0025399,001,00530,"Solids, total suspended",213,Q1,AVG,Quantity1,kg/d,213,kg/d,1519,kg/d,,10/31/2020
PR0025399,001,00530,"Solids, total suspended",308,Q2,AVG,Quantity2,kg/d,308,kg/d,2279,kg/d,,10/31/2020
PR0025399,001,00530,"Solids, total suspended",330,Q2,AVG,Quantity2,kg/d,330,kg/d,2279,kg/d,,11/30/2020
PR0025399,001,00530,"Solids, total suspended",159,Q1,AVG,Quantity1,kg/d,159,kg/d,1519,kg/d,,11/30/2020
PR0025399,001,00530,"Solids, total suspended",7,C2,AVG,Concentration2,mg/L,7,mg/L,30,mg/L,,11/30/2020
PR0025399,001,00530,"Solids, total suspended",10,C3,AVG,Concentration3,mg/L,10,mg/L,45,mg/L,,11/30/2020
PR0025399,001,00530,"Solids, total suspended",12,C3,AVG,Concentration3,mg/L,12,mg/L,45,mg/L,,12/31/2020
PR0025399,001,00530,"Solids, total suspended",9,C2,AVG,Concentration2,mg/L,9,mg/L,30,mg/L,,12/31/2020
PR0025399,001,00530,"Solids, total suspended",123,Q1,AVG,Quantity1,kg/d,123,kg/d,1519,kg/d,,12/31/2020
PR0025399,001,00530,"Solids, total suspended",188,Q2,AVG,Quantity2,kg/d,188,kg/d,2279,kg/d,,12/31/2020
PR0025399,001,00530,"Solids, total suspended",104,Q2,AVG,Quantity2,kg/d,104,kg/d,2279,kg/d,,01/31/2021
PR0025399,001,00530,"Solids, total suspended",90,Q1,AVG,Quantity1,kg/d,90,kg/d,1519,kg/d,,01/31/2021
PR0025399,001,00530,"Solids, total suspended",8,C3,AVG,Concentration3,mg/L,8,mg/L,45,mg/L,,01/31/2021
PR0025399,001,00530,"Solids, total suspended",7,C2,AVG,Concentration2,mg/L,7,mg/L,30,mg/L,,01/31/2021
PR0025399,001,00530,"Solids, total suspended",94,Q2,AVG,Quantity2,kg/d,94,kg/d,2279,kg/d,,02/28/2021
PR0025399,001,00530,"Solids, total suspended",85,Q1,AVG,Quantity1,kg/d,85,kg/d,1519,kg/d,,02/28/2021
PR0025399,001,00530,"Solids, total suspended",6,C2,AVG,Concentration2,mg/L,6,mg/L,30,mg/L,,02/28/2021
PR0025399,001,00530,"Solids, total suspended",6,C3,AVG,Concentration3,mg/L,6,mg/L,45,mg/L,,02/28/2021
PR0025399,001,00530,"Solids, total suspended",69,Q1,AVG,Quantity1,kg/d,69,kg/d,1519,kg/d,,03/31/2021
PR0025399,001,00530,"Solids, total suspended",81,Q2,AVG,Quantity2,kg/d,81,kg/d,2279,kg/d,,03/31/2021
PR0025399,001,00530,"Solids, total suspended",6,C3,AVG,Concentration3,mg/L,6,mg/L,45,mg/L,,03/31/2021
PR0025399,001,00530,"Solids, total suspended",5,C2,AVG,Concentration2,mg/L,5,mg/L,30,mg/L,,03/31/2021
PR0025399,001,00530,"Solids, total suspended",151,Q2,AVG,Quantity2,kg/d,151,kg/d,2279,kg/d,,04/30/2021
PR0025399,001,00530,"Solids, total suspended",96,Q1,AVG,Quantity1,kg/d,96,kg/d,1519,kg/d,,04/30/2021
PR0025399,001,00530,"Solids, total suspended",10,C3,AVG,Concentration3,mg/L,10,mg/L,45,mg/L,,04/30/2021
PR0025399,001,00530,"Solids, total suspended",7,C2,AVG,Concentration2,mg/L,7,mg/L,30,mg/L,,04/30/2021
PR0025399,001,00530,"Solids, total suspended",72,Q1,AVG,Quantity1,kg/d,72,kg/d,1519,kg/d,,05/31/2021
PR0025399,001,00530,"Solids, total suspended",107,Q2,AVG,Quantity2,kg/d,107,kg/d,2279,kg/d,,05/31/2021
PR0025399,001,00530,"Solids, total suspended",5,C2,AVG,Concentration2,mg/L,5,mg/L,30,mg/L,,05/31/2021
PR0025399,001,00530,"Solids, total suspended",7,C3,AVG,Concentration3,mg/L,7,mg/L,45,mg/L,,05/31/2021
PR0025399,001,00530,"Solids, total suspended",6,C3,AVG,Concentration3,mg/L,6,mg/L,45,mg/L,,06/30/2021
PR0025399,001,00530,"Solids, total suspended",5,C2,AVG,Concentration2,mg/L,5,mg/L,30,mg/L,,06/30/2021
PR0025399,001,00530,"Solids, total suspended",101,Q2,AVG,Quantity2,kg/d,101,kg/d,2279,kg/d,,06/30/2021
PR0025399,001,00530,"Solids, total suspended",80,Q1,AVG,Quantity1,kg/d,80,kg/d,1519,kg/d,,06/30/2021
PR0025399,001,00530,"Solids, total suspended",94,Q1,AVG,Quantity1,kg/d,94,kg/d,1519,kg/d,,07/31/2021
PR0025399,001,00530,"Solids, total suspended",127,Q2,AVG,Quantity2,kg/d,127,kg/d,2279,kg/d,,07/31/2021
PR0025399,001,00530,"Solids, total suspended",5,C2,AVG,Concentration2,mg/L,5,mg/L,30,mg/L,,07/31/2021
PR0025399,001,00530,"Solids, total suspended",7,C3,AVG,Concentration3,mg/L,7,mg/L,45,mg/L,,07/31/2021
PR0025399,001,00530,"Solids, total suspended",149,Q2,AVG,Quantity2,kg/d,149,kg/d,2279,kg/d,,08/31/2021
PR0025399,001,00530,"Solids, total suspended",102,Q1,AVG,Quantity1,kg/d,102,kg/d,1519,kg/d,,08/31/2021
PR0025399,001,00530,"Solids, total suspended",9,C3,AVG,Concentration3,mg/L,9,mg/L,45,mg/L,,08/31/2021
PR0025399,001,00530,"Solids, total suspended",6,C2,AVG,Concentration2,mg/L,6,mg/L,30,mg/L,,08/31/2021
PR0025399,001,00530,"Solids, total suspended",50,Q1,AVG,Quantity1,kg/d,50,kg/d,1519,kg/d,,09/30/2021
PR0025399,001,00530,"Solids, total suspended",64,Q2,AVG,Quantity2,kg/d,64,kg/d,2279,kg/d,,09/30/2021
PR0025399,001,00530,"Solids, total suspended",3,C2,AVG,Concentration2,mg/L,3,mg/L,30,mg/L,,09/30/2021
PR0025399,001,00530,"Solids, total suspended",4,C3,AVG,Concentration3,mg/L,4,mg/L,45,mg/L,,09/30/2021
PR0025399,001,00530,"Solids, total suspended",179,Q2,AVG,Quantity2,kg/d,179,kg/d,2279,kg/d,,10/31/2021
PR0025399,001,00530,"Solids, total suspended",93,Q1,AVG,Quantity1,kg/d,93,kg/d,1519,kg/d,,10/31/2021
PR0025399,001,00530,"Solids, total suspended",8,C3,AVG,Concentration3,mg/L,8,mg/L,45,mg/L,,10/31/2021
PR0025399,001,00530,"Solids, total suspended",5,C2,AVG,Concentration2,mg/L,5,mg/L,30,mg/L,,10/31/2021
PR0025399,001,00530,"Solids, total suspended",148,Q2,AVG,Quantity2,kg/d,148,kg/d,2279,kg/d,,11/30/2021
PR0025399,001,00530,"Solids, total suspended",92,Q1,AVG,Quantity1,kg/d,92,kg/d,1519,kg/d,,11/30/2021
PR0025399,001,00530,"Solids, total suspended",9,C3,AVG,Concentration3,mg/L,9,mg/L,45,mg/L,,11/30/2021
PR0025399,001,00530,"Solids, total suspended",6,C2,AVG,Concentration2,mg/L,6,mg/L,30,mg/L,,11/30/2021
PR0025399,001,00530,"Solids, total suspended",8,C3,AVG,Concentration3,mg/L,8,mg/L,45,mg/L,,12/31/2021
PR0025399,001,00530,"Solids, total suspended",174,Q2,AVG,Quantity2,kg/d,174,kg/d,2279,kg/d,,12/31/2021
PR0025399,001,00530,"Solids, total suspended",101,Q1,AVG,Quantity1,kg/d,101,kg/d,1519,kg/d,,12/31/2021
PR0025399,001,00530,"Solids, total suspended",6,C2,AVG,Concentration2,mg/L,6,mg/L,30,mg/L,,12/31/2021
PR0025399,001,00530,"Solids, total suspended",117,Q2,AVG,Quantity2,kg/d,117,kg/d,2279,kg/d,,01/31/2022
PR0025399,001,00530,"Solids, total suspended",6,C3,AVG,Concentration3,mg/L,6,mg/L,45,mg/L,,01/31/2022
PR0025399,001,00530,"Solids, total suspended",5,C2,AVG,Concentration2,mg/L,5,mg/L,30,mg/L,,01/31/2022
PR0025399,001,00530,"Solids, total suspended",70,Q1,AVG,Quantity1,kg/d,70,kg/d,1519,kg/d,,01/31/2022
PR0025399,001,00530,"Solids, total suspended",72,Q2,AVG,Quantity2,kg/d,72,kg/d,2279,kg/d,,02/28/2022
PR0025399,001,00530,"Solids, total suspended",4,C3,AVG,Concentration3,mg/L,4,mg/L,45,mg/L,,02/28/2022
PR0025399,001,00530,"Solids, total suspended",4,C2,AVG,Concentration2,mg/L,4,mg/L,30,mg/L,,02/28/2022
PR0025399,001,00530,"Solids, total suspended",60,Q1,AVG,Quantity1,kg/d,60,kg/d,1519,kg/d,,02/28/2022
PR0025399,001,00530,"Solids, total suspended",68,Q1,AVG,Quantity1,kg/d,68,kg/d,1519,kg/d,,03/31/2022
PR0025399,001,00530,"Solids, total suspended",95,Q2,AVG,Quantity2,kg/d,95,kg/d,2279,kg/d,,03/31/2022
PR0025399,001,00530,"Solids, total suspended",7,C3,AVG,Concentration3,mg/L,7,mg/L,45,mg/L,,03/31/2022
PR0025399,001,00530,"Solids, total suspended",5,C2,AVG,Concentration2,mg/L,5,mg/L,30,mg/L,,03/31/2022
PR0025399,001,00530,"Solids, total suspended",8,C3,AVG,Concentration3,mg/L,8,mg/L,45,mg/L,,04/30/2022
PR0025399,001,00530,"Solids, total suspended",5,C2,AVG,Concentration2,mg/L,5,mg/L,30,mg/L,,04/30/2022
PR0025399,001,00530,"Solids, total suspended",63,Q1,AVG,Quantity1,kg/d,63,kg/d,1519,kg/d,,04/30/2022
PR0025399,001,00530,"Solids, total suspended",100,Q2,AVG,Quantity2,kg/d,100,kg/d,2279,kg/d,,04/30/2022
PR0025399,001,00530,"Solids, total suspended",10,C3,AVG,Concentration3,mg/L,10,mg/L,45,mg/L,,05/31/2022
PR0025399,001,00530,"Solids, total suspended",7,C2,AVG,Concentration2,mg/L,7,mg/L,30,mg/L,,05/31/2022
PR0025399,001,00530,"Solids, total suspended",125,Q2,AVG,Quantity2,kg/d,125,kg/d,2279,kg/d,,05/31/2022
PR0025399,001,00530,"Solids, total suspended",86,Q1,AVG,Quantity1,kg/d,86,kg/d,1519,kg/d,,05/31/2022
PR0025399,001,00530,"Solids, total suspended",13,C3,AVG,Concentration3,mg/L,13,mg/L,45,mg/L,,06/30/2022
PR0025399,001,00530,"Solids, total suspended",8,C2,AVG,Concentration2,mg/L,8,mg/L,30,mg/L,,06/30/2022
PR0025399,001,00530,"Solids, total suspended",177,Q2,AVG,Quantity2,kg/d,177,kg/d,2279,kg/d,,06/30/2022
PR0025399,001,00530,"Solids, total suspended",114,Q1,AVG,Quantity1,kg/d,114,kg/d,1519,kg/d,,06/30/2022
PR0025399,001,00530,"Solids, total suspended",180,Q2,AVG,Quantity2,kg/d,180,kg/d,2279,kg/d,,07/31/2022
PR0025399,001,00530,"Solids, total suspended",101,Q1,AVG,Quantity1,kg/d,101,kg/d,1519,kg/d,,07/31/2022
PR0025399,001,00530,"Solids, total suspended",12,C3,AVG,Concentration3,mg/L,12,mg/L,45,mg/L,,07/31/2022
PR0025399,001,00530,"Solids, total suspended",6,C2,AVG,Concentration2,mg/L,6,mg/L,30,mg/L,,07/31/2022
PR0025399,001,00530,"Solids, total suspended",8,C2,AVG,Concentration2,mg/L,8,mg/L,30,mg/L,,08/31/2022
PR0025399,001,00530,"Solids, total suspended",16,C3,AVG,Concentration3,mg/L,16,mg/L,45,mg/L,,08/31/2022
PR0025399,001,00530,"Solids, total suspended",129,Q1,AVG,Quantity1,kg/d,129,kg/d,1519,kg/d,,08/31/2022
PR0025399,001,00530,"Solids, total suspended",312,Q2,AVG,Quantity2,kg/d,312,kg/d,2279,kg/d,,08/31/2022
PR0025399,001,00530,"Solids, total suspended",205,Q2,AVG,Quantity2,kg/d,205,kg/d,2279,kg/d,,09/30/2022
PR0025399,001,00530,"Solids, total suspended",113,Q1,AVG,Quantity1,kg/d,113,kg/d,1519,kg/d,,09/30/2022
PR0025399,001,00530,"Solids, total suspended",6,C2,AVG,Concentration2,mg/L,6,mg/L,30,mg/L,,09/30/2022
PR0025399,001,00530,"Solids, total suspended",14,C3,AVG,Concentration3,mg/L,14,mg/L,45,mg/L,,09/30/2022
PR0025399,001,00530,"Solids, total suspended",15,C3,AVG,Concentration3,mg/L,15,mg/L,45,mg/L,,10/31/2022
PR0025399,001,00530,"Solids, total suspended",10,C2,AVG,Concentration2,mg/L,10,mg/L,30,mg/L,,10/31/2022
PR0025399,001,00530,"Solids, total suspended",199,Q1,AVG,Quantity1,kg/d,199,kg/d,1519,kg/d,,10/31/2022
PR0025399,001,00530,"Solids, total suspended",299,Q2,AVG,Quantity2,kg/d,299,kg/d,2279,kg/d,,10/31/2022
PR0025399,001,00530,"Solids, total suspended",740,Q2,AVG,Quantity2,kg/d,740,kg/d,2279,kg/d,,11/30/2022
PR0025399,001,00530,"Solids, total suspended",481,Q1,AVG,Quantity1,kg/d,481,kg/d,1519,kg/d,,11/30/2022
PR0025399,001,00530,"Solids, total suspended",32,C3,AVG,Concentration3,mg/L,32,mg/L,45,mg/L,,11/30/2022
PR0025399,001,00530,"Solids, total suspended",21,C2,AVG,Concentration2,mg/L,21,mg/L,30,mg/L,,11/30/2022
PR0025399,001,00530,"Solids, total suspended",17,C2,AVG,Concentration2,mg/L,17,mg/L,30,mg/L,,12/31/2022
PR0025399,001,00530,"Solids, total suspended",26,C3,AVG,Concentration3,mg/L,26,mg/L,45,mg/L,,12/31/2022
PR0025399,001,00530,"Solids, total suspended",257,Q1,AVG,Quantity1,kg/d,257,kg/d,1519,kg/d,,12/31/2022
PR0025399,001,00530,"Solids, total suspended",382,Q2,AVG,Quantity2,kg/d,382,kg/d,2279,kg/d,,12/31/2022
PR0025399,001,00530,"Solids, total suspended",9,C2,AVG,Concentration2,mg/L,9,mg/L,30,mg/L,,01/31/2023
PR0025399,001,00530,"Solids, total suspended",146,Q1,AVG,Quantity1,kg/d,146,kg/d,1519,kg/d,,01/31/2023
PR0025399,001,00530,"Solids, total suspended",219,Q2,AVG,Quantity2,kg/d,219,kg/d,2279,kg/d,,01/31/2023
PR0025399,001,00530,"Solids, total suspended",16,C3,AVG,Concentration3,mg/L,16,mg/L,45,mg/L,,01/31/2023
PR0025399,001,00530,"Solids, total suspended",13,C3,AVG,Concentration3,mg/L,13,mg/L,45,mg/L,,02/28/2023
PR0025399,001,00530,"Solids, total suspended",8,C2,AVG,Concentration2,mg/L,8,mg/L,30,mg/L,,02/28/2023
PR0025399,001,00530,"Solids, total suspended",108,Q1,AVG,Quantity1,kg/d,108,kg/d,1519,kg/d,,02/28/2023
PR0025399,001,00530,"Solids, total suspended",180,Q2,AVG,Quantity2,kg/d,180,kg/d,2279,kg/d,,02/28/2023
PR0025399,001,00530,"Solids, total suspended",7,C2,AVG,Concentration2,mg/L,7,mg/L,30,mg/L,,03/31/2023
PR0025399,001,00530,"Solids, total suspended",98,Q1,AVG,Quantity1,kg/d,98,kg/d,1519,kg/d,,03/31/2023
PR0025399,001,00530,"Solids, total suspended",23,C3,AVG,Concentration3,mg/L,23,mg/L,45,mg/L,,03/31/2023
PR0025399,001,00530,"Solids, total suspended",323,Q2,AVG,Quantity2,kg/d,323,kg/d,2279,kg/d,,03/31/2023
PR0025399,001,00530,"Solids, total suspended",5,C2,AVG,Concentration2,mg/L,5,mg/L,30,mg/L,,04/30/2023
PR0025399,001,00530,"Solids, total suspended",103,Q2,AVG,Quantity2,kg/d,103,kg/d,2279,kg/d,,04/30/2023
PR0025399,001,00530,"Solids, total suspended",73,Q1,AVG,Quantity1,kg/d,73,kg/d,1519,kg/d,,04/30/2023
PR0025399,001,00530,"Solids, total suspended",7,C3,AVG,Concentration3,mg/L,7,mg/L,45,mg/L,,04/30/2023
PR0025399,001,00530,"Solids, total suspended",304,Q2,AVG,Quantity2,kg/d,304,kg/d,2279,kg/d,,05/31/2023
PR0025399,001,00530,"Solids, total suspended",148,Q1,AVG,Quantity1,kg/d,148,kg/d,1519,kg/d,,05/31/2023
PR0025399,001,00530,"Solids, total suspended",20,C3,AVG,Concentration3,mg/L,20,mg/L,45,mg/L,,05/31/2023
PR0025399,001,00530,"Solids, total suspended",10,C2,AVG,Concentration2,mg/L,10,mg/L,30,mg/L,,05/31/2023
PR0025399,001,00530,"Solids, total suspended",315,Q2,AVG,Quantity2,kg/d,315,kg/d,2279,kg/d,,06/30/2023
PR0025399,001,00530,"Solids, total suspended",11,C2,AVG,Concentration2,mg/L,11,mg/L,30,mg/L,,06/30/2023
PR0025399,001,00530,"Solids, total suspended",158,Q1,AVG,Quantity1,kg/d,158,kg/d,1519,kg/d,,06/30/2023
PR0025399,001,00530,"Solids, total suspended",22,C3,AVG,Concentration3,mg/L,22,mg/L,45,mg/L,,06/30/2023
PR0025399,001,00530,"Solids, total suspended",9,C3,AVG,Concentration3,mg/L,9,mg/L,45,mg/L,,07/31/2023
PR0025399,001,00530,"Solids, total suspended",7,C2,AVG,Concentration2,mg/L,7,mg/L,30,mg/L,,07/31/2023
PR0025399,001,00530,"Solids, total suspended",151,Q2,AVG,Quantity2,kg/d,151,kg/d,2279,kg/d,,07/31/2023
PR0025399,001,00530,"Solids, total suspended",108,Q1,AVG,Quantity1,kg/d,108,kg/d,1519,kg/d,,07/31/2023
PR0025399,001,00530,"Solids, total suspended",145,Q1,AVG,Quantity1,kg/d,145,kg/d,1519,kg/d,,08/31/2023
PR0025399,001,00530,"Solids, total suspended",245,Q2,AVG,Quantity2,kg/d,245,kg/d,2279,kg/d,,08/31/2023
PR0025399,001,00530,"Solids, total suspended",17,C3,AVG,Concentration3,mg/L,17,mg/L,45,mg/L,,08/31/2023
PR0025399,001,00530,"Solids, total suspended",9,C2,AVG,Concentration2,mg/L,9,mg/L,30,mg/L,,08/31/2023
PR0025399,001,00530,"Solids, total suspended",6,C2,AVG,Concentration2,mg/L,6,mg/L,30,mg/L,,09/30/2023
PR0025399,001,00530,"Solids, total suspended",99,Q2,AVG,Quantity2,kg/d,99,kg/d,2279,kg/d,,09/30/2023
PR0025399,001,00530,"Solids, total suspended",82,Q1,AVG,Quantity1,kg/d,82,kg/d,1519,kg/d,,09/30/2023
PR0025399,001,00530,"Solids, total suspended",6,C3,AVG,Concentration3,mg/L,6,mg/L,45,mg/L,,09/30/2023
PR0025399,001,00530,"Solids, total suspended",11,C3,AVG,Concentration3,mg/L,11,mg/L,45,mg/L,,10/31/2023
PR0025399,001,00530,"Solids, total suspended",116,Q1,AVG,Quantity1,kg/d,116,kg/d,1519,kg/d,,10/31/2023
PR0025399,001,00530,"Solids, total suspended",6,C2,AVG,Concentration2,mg/L,6,mg/L,30,mg/L,,10/31/2023
PR0025399,001,00530,"Solids, total suspended",203,Q2,AVG,Quantity2,kg/d,203,kg/d,2279,kg/d,,10/31/2023
PR0025399,001,00530,"Solids, total suspended",277,Q2,AVG,Quantity2,kg/d,277,kg/d,2279,kg/d,,11/30/2023
PR0025399,001,00530,"Solids, total suspended",160,Q1,AVG,Quantity1,kg/d,160,kg/d,1519,kg/d,,11/30/2023
PR0025399,001,00530,"Solids, total suspended",10,C2,AVG,Concentration2,mg/L,10,mg/L,30,mg/L,,11/30/2023
PR0025399,001,00530,"Solids, total suspended",18,C3,AVG,Concentration3,mg/L,18,mg/L,45,mg/L,,11/30/2023
PR0025399,001,00530,"Solids, total suspended",4,C2,AVG,Concentration2,mg/L,4,mg/L,30,mg/L,,12/31/2023
PR0025399,001,00530,"Solids, total suspended",56,Q2,AVG,Quantity2,kg/d,56,kg/d,2279,kg/d,,12/31/2023
PR0025399,001,00530,"Solids, total suspended",4,C3,AVG,Concentration3,mg/L,4,mg/L,45,mg/L,,12/31/2023
PR0025399,001,00530,"Solids, total suspended",53,Q1,AVG,Quantity1,kg/d,53,kg/d,1519,kg/d,,12/31/2023
PR0025399,001,00530,"Solids, total suspended",196,Q2,AVG,Quantity2,kg/d,196,kg/d,2279,kg/d,,01/31/2024
PR0025399,001,00530,"Solids, total suspended",89,Q1,AVG,Quantity1,kg/d,89,kg/d,1519,kg/d,,01/31/2024
PR0025399,001,00530,"Solids, total suspended",7,C2,AVG,Concentration2,mg/L,7,mg/L,30,mg/L,,01/31/2024
PR0025399,001,00530,"Solids, total suspended",15,C3,AVG,Concentration3,mg/L,15,mg/L,45,mg/L,,01/31/2024
PR0025399,001,00530,"Solids, total suspended",7,C2,AVG,Concentration2,mg/L,7,mg/L,30,mg/L,,02/29/2024
PR0025399,001,00530,"Solids, total suspended",18,C3,AVG,Concentration3,mg/L,18,mg/L,45,mg/L,,02/29/2024
PR0025399,001,00530,"Solids, total suspended",95,Q1,AVG,Quantity1,kg/d,95,kg/d,1519,kg/d,,02/29/2024
PR0025399,001,00530,"Solids, total suspended",243,Q2,AVG,Quantity2,kg/d,243,kg/d,2279,kg/d,,02/29/2024
PR0025399,001,00530,"Solids, total suspended",5,C3,AVG,Concentration3,mg/L,5,mg/L,45,mg/L,,03/31/2024
PR0025399,001,00530,"Solids, total suspended",57,Q2,AVG,Quantity2,kg/d,57,kg/d,2279,kg/d,,03/31/2024
PR0025399,001,00530,"Solids, total suspended",3,C2,AVG,Concentration2,mg/L,3,mg/L,30,mg/L,,03/31/2024
PR0025399,001,00530,"Solids, total suspended",43,Q1,AVG,Quantity1,kg/d,43,kg/d,1519,kg/d,,03/31/2024
PR0025399,001,00530,"Solids, total suspended",58,Q1,AVG,Quantity1,kg/d,58,kg/d,1519,kg/d,,04/30/2024
PR0025399,001,00530,"Solids, total suspended",100,Q2,AVG,Quantity2,kg/d,100,kg/d,2279,kg/d,,04/30/2024
PR0025399,001,00530,"Solids, total suspended",3,C2,AVG,Concentration2,mg/L,3,mg/L,30,mg/L,,04/30/2024
PR0025399,001,00530,"Solids, total suspended",5,C3,AVG,Concentration3,mg/L,5,mg/L,45,mg/L,,04/30/2024
PR0025399,001,00530,"Solids, total suspended",4,C2,AVG,Concentration2,mg/L,4,mg/L,30,mg/L,,05/31/2024
PR0025399,001,00530,"Solids, total suspended",5,C3,AVG,Concentration3,mg/L,5,mg/L,45,mg/L,,05/31/2024
PR0025399,001,00530,"Solids, total suspended",93,Q2,AVG,Quantity2,kg/d,93,kg/d,2279,kg/d,,05/31/2024
PR0025399,001,00530,"Solids, total suspended",67,Q1,AVG,Quantity1,kg/d,67,kg/d,1519,kg/d,,05/31/2024
PR0025399,001,00530,"Solids, total suspended",60,Q1,AVG,Quantity1,kg/d,60,kg/d,1519,kg/d,,06/30/2024
PR0025399,001,00530,"Solids, total suspended",99,Q2,AVG,Quantity2,kg/d,99,kg/d,2279,kg/d,,06/30/2024
PR0025399,001,00530,"Solids, total suspended",4,C3,AVG,Concentration3,mg/L,4,mg/L,45,mg/L,,06/30/2024
PR0025399,001,00530,"Solids, total suspended",3,C2,AVG,Concentration2,mg/L,3,mg/L,30,mg/L,,06/30/2024
PR0025399,001,00530,"Solids, total suspended",122,Q2,AVG,Quantity2,kg/d,122,kg/d,2279,kg/d,,07/31/2024
PR0025399,001,00530,"Solids, total suspended",7,C3,AVG,Concentration3,mg/L,7,mg/L,45,mg/L,,07/31/2024
PR0025399,001,00530,"Solids, total suspended",4,C2,AVG,Concentration2,mg/L,4,mg/L,30,mg/L,,07/31/2024
PR0025399,001,00530,"Solids, total suspended",76,Q1,AVG,Quantity1,kg/d,76,kg/d,1519,kg/d,,07/31/2024
PR0025399,001,00530,"Solids, total suspended",95,Q1,AVG,Quantity1,kg/d,95,kg/d,1519,kg/d,,08/31/2024
PR0025399,001,00530,"Solids, total suspended",179,Q2,AVG,Quantity2,kg/d,179,kg/d,2279,kg/d,,08/31/2024
PR0025399,001,00530,"Solids, total suspended",11,C3,AVG,Concentration3,mg/L,11,mg/L,45,mg/L,,08/31/2024
PR0025399,001,00530,"Solids, total suspended",6,C2,AVG,Concentration2,mg/L,6,mg/L,30,mg/L,,08/31/2024
PR0025399,001,00530,"Solids, total suspended",144,Q2,AVG,Quantity2,kg/d,144,kg/d,2279,kg/d,,09/30/2024
PR0025399,001,00530,"Solids, total suspended",6,C2,AVG,Concentration2,mg/L,6,mg/L,30,mg/L,,09/30/2024
PR0025399,001,00530,"Solids, total suspended",8,C3,AVG,Concentration3,mg/L,8,mg/L,45,mg/L,,09/30/2024
PR0025399,001,00530,"Solids, total suspended",104,Q1,AVG,Quantity1,kg/d,104,kg/d,1519,kg/d,,09/30/2024
PR0025399,001,00530,"Solids, total suspended",97,Q1,AVG,Quantity1,kg/d,97,kg/d,1519,kg/d,,10/31/2024
PR0025399,001,00530,"Solids, total suspended",6,C2,AVG,Concentration2,mg/L,6,mg/L,30,mg/L,,10/31/2024
PR0025399,001,00530,"Solids, total suspended",7,C3,AVG,Concentration3,mg/L,7,mg/L,45,mg/L,,10/31/2024
PR0025399,001,00530,"Solids, total suspended",138,Q2,AVG,Quantity2,kg/d,138,kg/d,2279,kg/d,,10/31/2024
PR0025399,001,00530,"Solids, total suspended",18,C3,AVG,Concentration3,mg/L,18,mg/L,45,mg/L,,11/30/2024
PR0025399,001,00530,"Solids, total suspended",374,Q2,AVG,Quantity2,kg/d,374,kg/d,2279,kg/d,,11/30/2024
PR0025399,001,00530,"Solids, total suspended",271,Q1,AVG,Quantity1,kg/d,271,kg/d,1519,kg/d,,11/30/2024
PR0025399,001,00530,"Solids, total suspended",12,C2,AVG,Concentration2,mg/L,12,mg/L,30,mg/L,,11/30/2024
PR0025399,001,00530,"Solids, total suspended",8,C3,AVG,Concentration3,mg/L,8,mg/L,45,mg/L,,12/31/2024
PR0025399,001,00530,"Solids, total suspended",4,C2,AVG,Concentration2,mg/L,4,mg/L,30,mg/L,,12/31/2024
PR0025399,001,00530,"Solids, total suspended",120,Q2,AVG,Quantity2,kg/d,120,kg/d,2279,kg/d,,12/31/2024
PR0025399,001,00530,"Solids, total suspended",58,Q1,AVG,Quantity1,kg/d,58,kg/d,1519,kg/d,,12/31/2024
PR0025399,001,00530,"Solids, total suspended",87,Q1,AVG,Quantity1,kg/d,87,kg/d,1519,kg/d,,01/31/2025
PR0025399,001,00530,"Solids, total suspended",134,Q2,AVG,Quantity2,kg/d,134,kg/d,2279,kg/d,,01/31/2025
PR0025399,001,00530,"Solids, total suspended",9,C3,AVG,Concentration3,mg/L,9,mg/L,45,mg/L,,01/31/2025
PR0025399,001,00530,"Solids, total suspended",6,C2,AVG,Concentration2,mg/L,6,mg/L,30,mg/L,,01/31/2025
PR0025399,001,00530,"Solids, total suspended",5,C3,AVG,Concentration3,mg/L,5,mg/L,45,mg/L,,02/28/2025
PR0025399,001,00530,"Solids, total suspended",5,C2,AVG,Concentration2,mg/L,5,mg/L,30,mg/L,,02/28/2025
PR0025399,001,00530,"Solids, total suspended",177,Q2,AVG,Quantity2,kg/d,177,kg/d,2279,kg/d,,02/28/2025
PR0025399,001,00530,"Solids, total suspended",99,Q1,AVG,Quantity1,kg/d,99,kg/d,1519,kg/d,,02/28/2025
PR0025399,001,00530,"Solids, total suspended",5,C2,AVG,Concentration2,mg/L,5,mg/L,30,mg/L,,03/31/2025
PR0025399,001,00530,"Solids, total suspended",9,C3,AVG,Concentration3,mg/L,9,mg/L,45,mg/L,,03/31/2025
PR0025399,001,00530,"Solids, total suspended",124,Q2,AVG,Quantity2,kg/d,124,kg/d,2279,kg/d,,03/31/2025
PR0025399,001,00530,"Solids, total suspended",72,Q1,AVG,Quantity1,kg/d,72,kg/d,1519,kg/d,,03/31/2025
PR0025399,001,00530,"Solids, total suspended",79,Q1,AVG,Quantity1,kg/d,79,kg/d,1519,kg/d,,04/30/2025
PR0025399,001,00530,"Solids, total suspended",8,C3,AVG,Concentration3,mg/L,8,mg/L,45,mg/L,,04/30/2025
PR0025399,001,00530,"Solids, total suspended",5,C2,AVG,Concentration2,mg/L,5,mg/L,30,mg/L,,04/30/2025
PR0025399,001,00530,"Solids, total suspended",138,Q2,AVG,Quantity2,kg/d,138,kg/d,2279,kg/d,,04/30/2025
PR0025399,001,00530,"Solids, total suspended",75,Q1,AVG,Quantity1,kg/d,75,kg/d,1519,kg/d,,05/31/2025
PR0025399,001,00530,"Solids, total suspended",125,Q2,AVG,Quantity2,kg/d,125,kg/d,2279,kg/d,,05/31/2025
PR0025399,001,00530,"Solids, total suspended",5,C2,AVG,Concentration2,mg/L,5,mg/L,30,mg/L,,05/31/2025
PR0025399,001,00530,"Solids, total suspended",8,C3,AVG,Concentration3,mg/L,8,mg/L,45,mg/L,,05/31/2025
PR0025399,001,00530,"Solids, total suspended",7,C2,AVG,Concentration2,mg/L,7,mg/L,30,mg/L,,06/30/2025
PR0025399,001,00530,"Solids, total suspended",12,C3,AVG,Concentration3,mg/L,12,mg/L,45,mg/L,,06/30/2025
PR0025399,001,00530,"Solids, total suspended",182,Q2,AVG,Quantity2,kg/d,182,kg/d,2279,kg/d,,06/30/2025
PR0025399,001,00530,"Solids, total suspended",104,Q1,AVG,Quantity1,kg/d,104,kg/d,1519,kg/d,,06/30/2025
PR0025399,001,00530,"Solids, total suspended",131,Q2,AVG,Quantity2,kg/d,131,kg/d,2279,kg/d,,07/31/2025
PR0025399,001,00530,"Solids, total suspended",96,Q1,AVG,Quantity1,kg/d,96,kg/d,1519,kg/d,,07/31/2025
PR0025399,001,00530,"Solids, total suspended",7,C2,AVG,Concentration2,mg/L,7,mg/L,30,mg/L,,07/31/2025
PR0025399,001,00530,"Solids, total suspended",10,C3,AVG,Concentration3,mg/L,10,mg/L,45,mg/L,,07/31/2025
PR0025399,001,00530,"Solids, total suspended",84,Q1,AVG,Quantity1,kg/d,84,kg/d,1519,kg/d,,08/31/2025
PR0025399,001,00530,"Solids, total suspended",8,C3,AVG,Concentration3,mg/L,8,mg/L,45,mg/L,,08/31/2025
PR0025399,001,00530,"Solids, total suspended",6,C2,AVG,Concentration2,mg/L,6,mg/L,30,mg/L,,08/31/2025
PR0025399,001,00530,"Solids, total suspended",107,Q2,AVG,Quantity2,kg/d,107,kg/d,2279,kg/d,,08/31/2025
PR0025399,001,00530,"Solids, total suspended",90,Q1,AVG,Quantity1,kg/d,90,kg/d,1519,kg/d,,09/30/2025
PR0025399,001,00530,"Solids, total suspended",7,C3,AVG,Concentration3,mg/L,7,mg/L,45,mg/L,,09/30/2025
PR0025399,001,00530,"Solids, total suspended",5,C2,AVG,Concentration2,mg/L,5,mg/L,30,mg/L,,09/30/2025
PR0025399,001,00530,"Solids, total suspended",130,Q2,AVG,Quantity2,kg/d,130,kg/d,2279,kg/d,,09/30/2025
PR0025399,001,00530,"Solids, total suspended",134,Q2,AVG,Quantity2,kg/d,134,kg/d,2279,kg/d,,10/31/2025
PR0025399,001,00530,"Solids, total suspended",9,C3,AVG,Concentration3,mg/L,9,mg/L,45,mg/L,,10/31/2025
PR0025399,001,00530,"Solids, total suspended",102,Q1,AVG,Quantity1,kg/d,102,kg/d,1519,kg/d,,10/31/2025
PR0025399,001,00530,"Solids, total suspended",7,C2,AVG,Concentration2,mg/L,7,mg/L,30,mg/L,,10/31/2025
PR0025399,001,00530,"Solids, total suspended",180,Q2,AVG,Quantity2,kg/d,180,kg/d,2279,kg/d,,11/30/2025
PR0025399,001,00530,"Solids, total suspended",6,C2,AVG,Concentration2,mg/L,6,mg/L,30,mg/L,,11/30/2025
PR0025399,001,00530,"Solids, total suspended",10,C3,AVG,Concentration3,mg/L,10,mg/L,45,mg/L,,11/30/2025
PR0025399,001,00530,"Solids, total suspended",96,Q1,AVG,Quantity1,kg/d,96,kg/d,1519,kg/d,,11/30/2025
PR0025399,001,00530,"Solids, total suspended",15,C3,AVG,Concentration3,mg/L,15,mg/L,45,mg/L,,12/31/2025
PR0025399,001,00530,"Solids, total suspended",9,C2,AVG,Concentration2,mg/L,9,mg/L,30,mg/L,,12/31/2025
PR0025399,001,00530,"Solids, total suspended",235,Q2,AVG,Quantity2,kg/d,235,kg/d,2279,kg/d,,12/31/2025
PR0025399,001,00530,"Solids, total suspended",137,Q1,AVG,Quantity1,kg/d,137,kg/d,1519,kg/d,,12/31/2025
PR0025399,001,00530,"Solids, total suspended",145,Q2,AVG,Quantity2,kg/d,145,kg/d,2279,kg/d,,01/31/2026
PR0025399,001,00530,"Solids, total suspended",7,C2,AVG,Concentration2,mg/L,7,mg/L,30,mg/L,,01/31/2026
PR0025399,001,00530,"Solids, total suspended",12,C3,AVG,Concentration3,mg/L,12,mg/L,45,mg/L,,01/31/2026
PR0025399,001,00530,"Solids, total suspended",104,Q1,AVG,Quantity1,kg/d,104,kg/d,1519,kg/d,,01/31/2026
PR0025399,001,00545,"Solids, settleable",1.5,C3,MAX,Concentration3,mL/L,.0015,mg/L,,mL/L,,01/31/2020
PR0025399,001,00545,"Solids, settleable",0.1,C3,MAX,Concentration3,mL/L,.0001,mg/L,,mL/L,,02/29/2020
PR0025399,001,00545,"Solids, settleable",0.2,C3,MAX,Concentration3,mL/L,.0002,mg/L,,mL/L,,03/31/2020
PR0025399,001,00545,"Solids, settleable",0.2,C3,MAX,Concentration3,mL/L,.0002,mg/L,,mL/L,,04/30/2020
PR0025399,001,00545,"Solids, settleable",0.1,C3,MAX,Concentration3,mL/L,.0001,mg/L,,mL/L,,05/31/2020
PR0025399,001,00545,"Solids, settleable",0.1,C3,MAX,Concentration3,mL/L,.0001,mg/L,,mL/L,,06/30/2020
PR0025399,001,00545,"Solids, settleable",1.5,C3,MAX,Concentration3,mL/L,.0015,mg/L,,mL/L,,07/31/2020
PR0025399,001,00545,"Solids, settleable",0.2,C3,MAX,Concentration3,mL/L,.0002,mg/L,,mL/L,,08/31/2020
PR0025399,001,00545,"Solids, settleable",0.2,C3,MAX,Concentration3,mL/L,.0002,mg/L,,mL/L,,09/30/2020
PR0025399,001,00545,"Solids, settleable",0.2,C3,MAX,Concentration3,mL/L,.0002,mg/L,,mL/L,,10/31/2020
PR0025399,001,00545,"Solids, settleable",0.2,C3,MAX,Concentration3,mL/L,.0002,mg/L,,mL/L,,11/30/2020
PR0025399,001,00545,"Solids, settleable",0.1,C3,MAX,Concentration3,mL/L,.0001,mg/L,,mL/L,,12/31/2020
PR0025399,001,00545,"Solids, settleable",0.02,C3,MAX,Concentration3,mL/L,.00002,mg/L,,mL/L,,01/31/2021
PR0025399,001,00545,"Solids, settleable",0.1,C3,MAX,Concentration3,mL/L,.0001,mg/L,,mL/L,,02/28/2021
PR0025399,001,00545,"Solids, settleable",1,C3,MAX,Concentration3,mL/L,.001,mg/L,,mL/L,,03/31/2021
PR0025399,001,00545,"Solids, settleable",0.1,C3,MAX,Concentration3,mL/L,.0001,mg/L,,mL/L,,04/30/2021
PR0025399,001,00545,"Solids, settleable",0.1,C3,MAX,Concentration3,mL/L,.0001,mg/L,,mL/L,,05/31/2021
PR0025399,001,00545,"Solids, settleable",0.1,C3,MAX,Concentration3,mL/L,.0001,mg/L,,mL/L,,06/30/2021
PR0025399,001,00545,"Solids, settleable",2.1,C3,MAX,Concentration3,mL/L,.0021,mg/L,,mL/L,,07/31/2021
PR0025399,001,00545,"Solids, settleable",0.1,C3,MAX,Concentration3,mL/L,.0001,mg/L,,mL/L,,08/31/2021
PR0025399,001,00545,"Solids, settleable",0.1,C3,MAX,Concentration3,mL/L,.0001,mg/L,,mL/L,,09/30/2021
PR0025399,001,00545,"Solids, settleable",0.1,C3,MAX,Concentration3,mL/L,.0001,mg/L,,mL/L,,10/31/2021
PR0025399,001,00545,"Solids, settleable",0.1,C3,MAX,Concentration3,mL/L,.0001,mg/L,,mL/L,,11/30/2021
PR0025399,001,00545,"Solids, settleable",0.1,C3,MAX,Concentration3,mL/L,.0001,mg/L,,mL/L,,12/31/2021
PR0025399,001,00545,"Solids, settleable",0.2,C3,MAX,Concentration3,mL/L,.0002,mg/L,,mL/L,,01/31/2022
PR0025399,001,00545,"Solids, settleable",0.2,C3,MAX,Concentration3,mL/L,.0002,mg/L,,mL/L,,02/28/2022
PR0025399,001,00545,"Solids, settleable",0.1,C3,MAX,Concentration3,mL/L,.0001,mg/L,,mL/L,,03/31/2022
PR0025399,001,00545,"Solids, settleable",0.1,C3,MAX,Concentration3,mL/L,.0001,mg/L,,mL/L,,04/30/2022
PR0025399,001,00545,"Solids, settleable",0.1,C3,MAX,Concentration3,mL/L,.0001,mg/L,,mL/L,,05/31/2022
PR0025399,001,00545,"Solids, settleable",0.1,C3,MAX,Concentration3,mL/L,.0001,mg/L,,mL/L,,06/30/2022
PR0025399,001,00545,"Solids, settleable",0.1,C3,MAX,Concentration3,mL/L,.0001,mg/L,,mL/L,,07/31/2022
PR0025399,001,00545,"Solids, settleable",0.1,C3,MAX,Concentration3,mL/L,.0001,mg/L,,mL/L,,08/31/2022
PR0025399,001,00545,"Solids, settleable",0.1,C3,MAX,Concentration3,mL/L,.0001,mg/L,,mL/L,,09/30/2022
PR0025399,001,00545,"Solids, settleable",0.2,C3,MAX,Concentration3,mL/L,.0002,mg/L,,mL/L,,10/31/2022
PR0025399,001,00545,"Solids, settleable",0.3,C3,MAX,Concentration3,mL/L,.0003,mg/L,,mL/L,,11/30/2022
PR0025399,001,00545,"Solids, settleable",0.1,C3,MAX,Concentration3,mL/L,.0001,mg/L,,mL/L,,12/31/2022
PR0025399,001,00545,"Solids, settleable",0.2,C3,MAX,Concentration3,mL/L,.0002,mg/L,,mL/L,,01/31/2023
PR0025399,001,00545,"Solids, settleable",0.2,C3,MAX,Concentration3,mL/L,.0002,mg/L,,mL/L,,02/28/2023
PR0025399,001,00545,"Solids, settleable",0.1,C3,MAX,Concentration3,mL/L,.0001,mg/L,,mL/L,,03/31/2023
PR0025399,001,00545,"Solids, settleable",0.3,C3,MAX,Concentration3,mL/L,.0003,mg/L,,mL/L,,04/30/2023
PR0025399,001,00545,"Solids, settleable",0.1,C3,MAX,Concentration3,mL/L,.0001,mg/L,,mL/L,,05/31/2023
PR0025399,001,00545,"Solids, settleable",2,C3,MAX,Concentration3,mL/L,.002,mg/L,,mL/L,,06/30/2023
PR0025399,001,00545,"Solids, settleable",0.1,C3,MAX,Concentration3,mL/L,.0001,mg/L,,mL/L,,07/31/2023
PR0025399,001,00545,"Solids, settleable",0.1,C3,MAX,Concentration3,mL/L,.0001,mg/L,,mL/L,,08/31/2023
PR0025399,001,00545,"Solids, settleable",0.2,C3,MAX,Concentration3,mL/L,.0002,mg/L,,mL/L,,09/30/2023
PR0025399,001,00545,"Solids, settleable",0.2,C3,MAX,Concentration3,mL/L,.0002,mg/L,,mL/L,,10/31/2023
PR0025399,001,00545,"Solids, settleable",0.1,C3,MAX,Concentration3,mL/L,.0001,mg/L,,mL/L,,11/30/2023
PR0025399,001,00545,"Solids, settleable",0.1,C3,MAX,Concentration3,mL/L,.0001,mg/L,,mL/L,,12/31/2023
PR0025399,001,00545,"Solids, settleable",2,C3,MAX,Concentration3,mL/L,.002,mg/L,,mL/L,,01/31/2024
PR0025399,001,00545,"Solids, settleable",0.2,C3,MAX,Concentration3,mL/L,.0002,mg/L,,mL/L,,02/29/2024
PR0025399,001,00545,"Solids, settleable",0.1,C3,MAX,Concentration3,mL/L,.0001,mg/L,,mL/L,,03/31/2024
PR0025399,001,00545,"Solids, settleable",0.2,C3,MAX,Concentration3,mL/L,.0002,mg/L,,mL/L,,04/30/2024
PR0025399,001,00545,"Solids, settleable",0.2,C3,MAX,Concentration3,mL/L,.0002,mg/L,,mL/L,,05/31/2024
PR0025399,001,00545,"Solids, settleable",0.1,C3,MAX,Concentration3,mL/L,.0001,mg/L,,mL/L,,06/30/2024
PR0025399,001,00545,"Solids, settleable",0.1,C3,MAX,Concentration3,mL/L,.0001,mg/L,,mL/L,,07/31/2024
PR0025399,001,00545,"Solids, settleable",0.2,C3,MAX,Concentration3,mL/L,.0002,mg/L,,mL/L,,08/31/2024
PR0025399,001,00545,"Solids, settleable",0.1,C3,MAX,Concentration3,mL/L,.0001,mg/L,,mL/L,,09/30/2024
PR0025399,001,00545,"Solids, settleable",0.1,C3,MAX,Concentration3,mL/L,.0001,mg/L,,mL/L,,10/31/2024
PR0025399,001,00545,"Solids, settleable",0.1,C3,MAX,Concentration3,mL/L,.0001,mg/L,,mL/L,,11/30/2024
PR0025399,001,00545,"Solids, settleable",0.1,C3,MAX,Concentration3,mL/L,.0001,mg/L,,mL/L,,12/31/2024
PR0025399,001,00545,"Solids, settleable",6,C3,MAX,Concentration3,mL/L,.006,mg/L,,mL/L,,01/31/2025
PR0025399,001,00545,"Solids, settleable",0.1,C3,MAX,Concentration3,mL/L,.0001,mg/L,,mL/L,,02/28/2025
PR0025399,001,00545,"Solids, settleable",0.1,C3,MAX,Concentration3,mL/L,.0001,mg/L,,mL/L,,03/31/2025
PR0025399,001,00545,"Solids, settleable",0.1,C3,MAX,Concentration3,mL/L,.0001,mg/L,,mL/L,,04/30/2025
PR0025399,001,00545,"Solids, settleable",0.1,C3,MAX,Concentration3,mL/L,.0001,mg/L,,mL/L,,05/31/2025
PR0025399,001,00545,"Solids, settleable",0.1,C3,MAX,Concentration3,mL/L,.0001,mg/L,,mL/L,,06/30/2025
PR0025399,001,00545,"Solids, settleable",0.1,C3,MAX,Concentration3,mL/L,.0001,mg/L,,mL/L,,07/31/2025
PR0025399,001,00545,"Solids, settleable",0.1,C3,MAX,Concentration3,mL/L,.0001,mg/L,,mL/L,,08/31/2025
PR0025399,001,00545,"Solids, settleable",0.1,C3,MAX,Concentration3,mL/L,.0001,mg/L,,mL/L,,09/30/2025
PR0025399,001,00545,"Solids, settleable",0.1,C3,MAX,Concentration3,mL/L,.0001,mg/L,,mL/L,,10/31/2025
PR0025399,001,00545,"Solids, settleable",6.4,C3,MAX,Concentration3,mL/L,.0064,mg/L,,mL/L,,11/30/2025
PR0025399,001,00545,"Solids, settleable",0.1,C3,MAX,Concentration3,mL/L,.0001,mg/L,,mL/L,,12/31/2025
PR0025399,001,00545,"Solids, settleable",0.1,C3,MAX,Concentration3,mL/L,.0001,mg/L,,mL/L,,01/31/2026
PR0025399,001,00556,Oil & Grease,1.6,C3,MAX,Concentration3,mg/L,1.6,mg/L,,mg/L,,01/31/2020
PR0025399,001,00556,Oil & Grease,2.2,C3,MAX,Concentration3,mg/L,2.2,mg/L,,mg/L,,02/29/2020
PR0025399,001,00556,Oil & Grease,1.7,C3,MAX,Concentration3,mg/L,1.7,mg/L,,mg/L,,03/31/2020
PR0025399,001,00556,Oil & Grease,2,C3,MAX,Concentration3,mg/L,2,mg/L,,mg/L,,04/30/2020
PR0025399,001,00556,Oil & Grease,2.8,C3,MAX,Concentration3,mg/L,2.8,mg/L,,mg/L,,05/31/2020
PR0025399,001,00556,Oil & Grease,5.1,C3,MAX,Concentration3,mg/L,5.1,mg/L,,mg/L,,06/30/2020
PR0025399,001,00556,Oil & Grease,1.9,C3,MAX,Concentration3,mg/L,1.9,mg/L,,mg/L,,07/31/2020
PR0025399,001,00556,Oil & Grease,2,C3,MAX,Concentration3,mg/L,2,mg/L,,mg/L,,08/31/2020
PR0025399,001,00556,Oil & Grease,2,C3,MAX,Concentration3,mg/L,2,mg/L,,mg/L,,09/30/2020
PR0025399,001,00556,Oil & Grease,3.3,C3,MAX,Concentration3,mg/L,3.3,mg/L,,mg/L,,10/31/2020
PR0025399,001,00556,Oil & Grease,2.6,C3,MAX,Concentration3,mg/L,2.6,mg/L,,mg/L,,11/30/2020
PR0025399,001,00556,Oil & Grease,2.1,C3,MAX,Concentration3,mg/L,2.1,mg/L,,mg/L,,12/31/2020
PR0025399,001,00556,Oil & Grease,1.8,C3,MAX,Concentration3,mg/L,1.8,mg/L,,mg/L,,01/31/2021
PR0025399,001,00556,Oil & Grease,4.9,C3,MAX,Concentration3,mg/L,4.9,mg/L,,mg/L,,02/28/2021
PR0025399,001,00556,Oil & Grease,2,C3,MAX,Concentration3,mg/L,2,mg/L,,mg/L,,03/31/2021
PR0025399,001,00556,Oil & Grease,2.2,C3,MAX,Concentration3,mg/L,2.2,mg/L,,mg/L,,04/30/2021
PR0025399,001,00556,Oil & Grease,2.1,C3,MAX,Concentration3,mg/L,2.1,mg/L,,mg/L,,05/31/2021
PR0025399,001,00556,Oil & Grease,2.7,C3,MAX,Concentration3,mg/L,2.7,mg/L,,mg/L,,06/30/2021
PR0025399,001,00556,Oil & Grease,1.9,C3,MAX,Concentration3,mg/L,1.9,mg/L,,mg/L,,07/31/2021
PR0025399,001,00556,Oil & Grease,4.6,C3,MAX,Concentration3,mg/L,4.6,mg/L,,mg/L,,08/31/2021
PR0025399,001,00556,Oil & Grease,2.5,C3,MAX,Concentration3,mg/L,2.5,mg/L,,mg/L,,09/30/2021
PR0025399,001,00556,Oil & Grease,2.3,C3,MAX,Concentration3,mg/L,2.3,mg/L,,mg/L,,10/31/2021
PR0025399,001,00556,Oil & Grease,2.1,C3,MAX,Concentration3,mg/L,2.1,mg/L,,mg/L,,11/30/2021
PR0025399,001,00556,Oil & Grease,2.7,C3,MAX,Concentration3,mg/L,2.7,mg/L,,mg/L,,12/31/2021
PR0025399,001,00556,Oil & Grease,2.7,C3,MAX,Concentration3,mg/L,2.7,mg/L,,mg/L,,01/31/2022
PR0025399,001,00556,Oil & Grease,2.4,C3,MAX,Concentration3,mg/L,2.4,mg/L,,mg/L,,02/28/2022
PR0025399,001,00556,Oil & Grease,4.9,C3,MAX,Concentration3,mg/L,4.9,mg/L,,mg/L,,03/31/2022
PR0025399,001,00556,Oil & Grease,3.4,C3,MAX,Concentration3,mg/L,3.4,mg/L,,mg/L,,04/30/2022
PR0025399,001,00556,Oil & Grease,5.1,C3,MAX,Concentration3,mg/L,5.1,mg/L,,mg/L,,05/31/2022
PR0025399,001,00556,Oil & Grease,1.5,C3,MAX,Concentration3,mg/L,1.5,mg/L,,mg/L,,06/30/2022
PR0025399,001,00556,Oil & Grease,8.8,C3,MAX,Concentration3,mg/L,8.8,mg/L,,mg/L,,07/31/2022
PR0025399,001,00556,Oil & Grease,3,C3,MAX,Concentration3,mg/L,3,mg/L,,mg/L,,08/31/2022
PR0025399,001,00556,Oil & Grease,3.8,C3,MAX,Concentration3,mg/L,3.8,mg/L,,mg/L,,09/30/2022
PR0025399,001,00556,Oil & Grease,4.9,C3,MAX,Concentration3,mg/L,4.9,mg/L,,mg/L,,10/31/2022
PR0025399,001,00556,Oil & Grease,3,C3,MAX,Concentration3,mg/L,3,mg/L,,mg/L,,11/30/2022
PR0025399,001,00556,Oil & Grease,4.7,C3,MAX,Concentration3,mg/L,4.7,mg/L,,mg/L,,12/31/2022
PR0025399,001,00556,Oil & Grease,3.2,C3,MAX,Concentration3,mg/L,3.2,mg/L,,mg/L,,01/31/2023
PR0025399,001,00556,Oil & Grease,4.2,C3,MAX,Concentration3,mg/L,4.2,mg/L,,mg/L,,02/28/2023
PR0025399,001,00556,Oil & Grease,5.4,C3,MAX,Concentration3,mg/L,5.4,mg/L,,mg/L,,03/31/2023
PR0025399,001,00556,Oil & Grease,1.4,C3,MAX,Concentration3,mg/L,1.4,mg/L,,mg/L,,04/30/2023
PR0025399,001,00556,Oil & Grease,3.3,C3,MAX,Concentration3,mg/L,3.3,mg/L,,mg/L,,05/31/2023
PR0025399,001,00556,Oil & Grease,4.8,C3,MAX,Concentration3,mg/L,4.8,mg/L,,mg/L,,06/30/2023
PR0025399,001,00556,Oil & Grease,8,C3,MAX,Concentration3,mg/L,8,mg/L,,mg/L,,07/31/2023
PR0025399,001,00556,Oil & Grease,2.3,C3,MAX,Concentration3,mg/L,2.3,mg/L,,mg/L,,08/31/2023
PR0025399,001,00556,Oil & Grease,2.2,C3,MAX,Concentration3,mg/L,2.2,mg/L,,mg/L,,09/30/2023
PR0025399,001,00556,Oil & Grease,1.7,C3,MAX,Concentration3,mg/L,1.7,mg/L,,mg/L,,10/31/2023
PR0025399,001,00556,Oil & Grease,1.7,C3,MAX,Concentration3,mg/L,1.7,mg/L,,mg/L,,11/30/2023
PR0025399,001,00556,Oil & Grease,4.6,C3,MAX,Concentration3,mg/L,4.6,mg/L,,mg/L,,12/31/2023
PR0025399,001,00556,Oil & Grease,2.2,C3,MAX,Concentration3,mg/L,2.2,mg/L,,mg/L,,01/31/2024
PR0025399,001,00556,Oil & Grease,5.5,C3,MAX,Concentration3,mg/L,5.5,mg/L,,mg/L,,02/29/2024
PR0025399,001,00556,Oil & Grease,2.4,C3,MAX,Concentration3,mg/L,2.4,mg/L,,mg/L,,03/31/2024
PR0025399,001,00556,Oil & Grease,3.9,C3,MAX,Concentration3,mg/L,3.9,mg/L,,mg/L,,04/30/2024
PR0025399,001,00556,Oil & Grease,2.2,C3,MAX,Concentration3,mg/L,2.2,mg/L,,mg/L,,05/31/2024
PR0025399,001,00556,Oil & Grease,2.8,C3,MAX,Concentration3,mg/L,2.8,mg/L,,mg/L,,06/30/2024
PR0025399,001,00556,Oil & Grease,1.9,C3,MAX,Concentration3,mg/L,1.9,mg/L,,mg/L,,07/31/2024
PR0025399,001,00556,Oil & Grease,4.3,C3,MAX,Concentration3,mg/L,4.3,mg/L,,mg/L,,08/31/2024
PR0025399,001,00556,Oil & Grease,4.2,C3,MAX,Concentration3,mg/L,4.2,mg/L,,mg/L,,09/30/2024
PR0025399,001,00556,Oil & Grease,3.5,C3,MAX,Concentration3,mg/L,3.5,mg/L,,mg/L,,10/31/2024
PR0025399,001,00556,Oil & Grease,5.3,C3,MAX,Concentration3,mg/L,5.3,mg/L,,mg/L,,11/30/2024
PR0025399,001,00556,Oil & Grease,2.9,C3,MAX,Concentration3,mg/L,2.9,mg/L,,mg/L,,12/31/2024
PR0025399,001,00556,Oil & Grease,3.4,C3,MAX,Concentration3,mg/L,3.4,mg/L,,mg/L,,01/31/2025
PR0025399,001,00556,Oil & Grease,5,C3,MAX,Concentration3,mg/L,5,mg/L,,mg/L,,02/28/2025
PR0025399,001,00556,Oil & Grease,3.6,C3,MAX,Concentration3,mg/L,3.6,mg/L,,mg/L,,03/31/2025
PR0025399,001,00556,Oil & Grease,2.9,C3,MAX,Concentration3,mg/L,2.9,mg/L,,mg/L,,04/30/2025
PR0025399,001,00556,Oil & Grease,7.2,C3,MAX,Concentration3,mg/L,7.2,mg/L,,mg/L,,05/31/2025
PR0025399,001,00556,Oil & Grease,5.3,C3,MAX,Concentration3,mg/L,5.3,mg/L,,mg/L,,06/30/2025
PR0025399,001,00556,Oil & Grease,10,C3,MAX,Concentration3,mg/L,10,mg/L,,mg/L,,07/31/2025
PR0025399,001,00556,Oil & Grease,3.7,C3,MAX,Concentration3,mg/L,3.7,mg/L,,mg/L,,08/31/2025
PR0025399,001,00556,Oil & Grease,2.4,C3,MAX,Concentration3,mg/L,2.4,mg/L,,mg/L,,09/30/2025
PR0025399,001,00556,Oil & Grease,11.3,C3,MAX,Concentration3,mg/L,11.3,mg/L,,mg/L,,10/31/2025
PR0025399,001,00556,Oil & Grease,4.9,C3,MAX,Concentration3,mg/L,4.9,mg/L,,mg/L,,11/30/2025
PR0025399,001,00556,Oil & Grease,4.3,C3,MAX,Concentration3,mg/L,4.3,mg/L,,mg/L,,12/31/2025
PR0025399,001,00556,Oil & Grease,7.2,C3,MAX,Concentration3,mg/L,7.2,mg/L,,mg/L,,01/31/2026
PR0025399,001,00600,"Nitrogen, total [as N]",25250,C3,MAX,Concentration3,ug/L,25.2500012,mg/L,45000,ug/L,,01/31/2020
PR0025399,001,00600,"Nitrogen, total [as N]",27450,C3,MAX,Concentration3,ug/L,27.4500013,mg/L,45000,ug/L,,02/29/2020
PR0025399,001,00600,"Nitrogen, total [as N]",39140,C3,MAX,Concentration3,ug/L,39.14000186,mg/L,45000,ug/L,,03/31/2020
PR0025399,001,00600,"Nitrogen, total [as N]",23720,C3,MAX,Concentration3,ug/L,23.72000113,mg/L,45000,ug/L,,04/30/2020
PR0025399,001,00600,"Nitrogen, total [as N]",22730,C3,MAX,Concentration3,ug/L,22.73000108,mg/L,45000,ug/L,,05/31/2020
PR0025399,001,00600,"Nitrogen, total [as N]",26190,C3,MAX,Concentration3,ug/L,26.19000124,mg/L,45000,ug/L,,06/30/2020
PR0025399,001,00600,"Nitrogen, total [as N]",23600,C3,MAX,Concentration3,ug/L,23.60000112,mg/L,45000,ug/L,,07/31/2020
PR0025399,001,00600,"Nitrogen, total [as N]",16550,C3,MAX,Concentration3,ug/L,16.55000079,mg/L,45000,ug/L,,08/31/2020
PR0025399,001,00600,"Nitrogen, total [as N]",19090,C3,MAX,Concentration3,ug/L,19.09000091,mg/L,45000,ug/L,,09/30/2020
PR0025399,001,00600,"Nitrogen, total [as N]",22980,C3,MAX,Concentration3,ug/L,22.98000109,mg/L,45000,ug/L,,10/31/2020
PR0025399,001,00600,"Nitrogen, total [as N]",19830,C3,MAX,Concentration3,ug/L,19.83000094,mg/L,45000,ug/L,,11/30/2020
PR0025399,001,00600,"Nitrogen, total [as N]",24090,C3,MAX,Concentration3,ug/L,24.09000114,mg/L,45000,ug/L,,12/31/2020
PR0025399,001,00600,"Nitrogen, total [as N]",26170,C3,MAX,Concentration3,ug/L,26.17000124,mg/L,45000,ug/L,,01/31/2021
PR0025399,001,00600,"Nitrogen, total [as N]",18230,C3,MAX,Concentration3,ug/L,18.23000087,mg/L,45000,ug/L,,02/28/2021
PR0025399,001,00600,"Nitrogen, total [as N]",18920,C3,MAX,Concentration3,ug/L,18.9200009,mg/L,45000,ug/L,,03/31/2021
PR0025399,001,00600,"Nitrogen, total [as N]",21330,C3,MAX,Concentration3,ug/L,21.33000101,mg/L,45000,ug/L,,04/30/2021
PR0025399,001,00600,"Nitrogen, total [as N]",22220,C3,MAX,Concentration3,ug/L,22.22000106,mg/L,45000,ug/L,,05/31/2021
PR0025399,001,00600,"Nitrogen, total [as N]",22020,C3,MAX,Concentration3,ug/L,22.02000105,mg/L,45000,ug/L,,06/30/2021
PR0025399,001,00600,"Nitrogen, total [as N]",23030,C3,MAX,Concentration3,ug/L,23.03000109,mg/L,45000,ug/L,,07/31/2021
PR0025399,001,00600,"Nitrogen, total [as N]",17140,C3,MAX,Concentration3,ug/L,17.14000081,mg/L,45000,ug/L,,08/31/2021
PR0025399,001,00600,"Nitrogen, total [as N]",19740,C3,MAX,Concentration3,ug/L,19.74000094,mg/L,45000,ug/L,,09/30/2021
PR0025399,001,00600,"Nitrogen, total [as N]",13930,C3,MAX,Concentration3,ug/L,13.93000066,mg/L,45000,ug/L,,10/31/2021
PR0025399,001,00600,"Nitrogen, total [as N]",15660,C3,MAX,Concentration3,ug/L,15.66000074,mg/L,45000,ug/L,,11/30/2021
PR0025399,001,00600,"Nitrogen, total [as N]",21450,C3,MAX,Concentration3,ug/L,21.45000102,mg/L,45000,ug/L,,12/31/2021
PR0025399,001,00600,"Nitrogen, total [as N]",19570,C3,MAX,Concentration3,ug/L,19.57000093,mg/L,45000,ug/L,,01/31/2022
PR0025399,001,00600,"Nitrogen, total [as N]",10110,C3,MAX,Concentration3,ug/L,10.11000048,mg/L,45000,ug/L,,02/28/2022
PR0025399,001,00600,"Nitrogen, total [as N]",8440,C3,MAX,Concentration3,ug/L,8.4400004,mg/L,45000,ug/L,,03/31/2022
PR0025399,001,00600,"Nitrogen, total [as N]",27520,C3,MAX,Concentration3,ug/L,27.52000131,mg/L,45000,ug/L,,04/30/2022
PR0025399,001,00600,"Nitrogen, total [as N]",22200,C3,MAX,Concentration3,ug/L,22.20000105,mg/L,45000,ug/L,,05/31/2022
PR0025399,001,00600,"Nitrogen, total [as N]",23650,C3,MAX,Concentration3,ug/L,23.65000112,mg/L,45000,ug/L,,06/30/2022
PR0025399,001,00600,"Nitrogen, total [as N]",16240,C3,MAX,Concentration3,ug/L,16.24000077,mg/L,45000,ug/L,,07/31/2022
PR0025399,001,00600,"Nitrogen, total [as N]",21840,C3,MAX,Concentration3,ug/L,21.84000104,mg/L,45000,ug/L,,08/31/2022
PR0025399,001,00600,"Nitrogen, total [as N]",11300,C3,MAX,Concentration3,ug/L,11.30000054,mg/L,45000,ug/L,,09/30/2022
PR0025399,001,00600,"Nitrogen, total [as N]",29350,C3,MAX,Concentration3,ug/L,29.35000139,mg/L,45000,ug/L,,10/31/2022
PR0025399,001,00600,"Nitrogen, total [as N]",13420,C3,MAX,Concentration3,ug/L,13.42000064,mg/L,45000,ug/L,,11/30/2022
PR0025399,001,00600,"Nitrogen, total [as N]",20990,C3,MAX,Concentration3,ug/L,20.990001,mg/L,45000,ug/L,,12/31/2022
PR0025399,001,00600,"Nitrogen, total [as N]",28820,C3,MAX,Concentration3,ug/L,28.82000137,mg/L,45000,ug/L,,01/31/2023
PR0025399,001,00600,"Nitrogen, total [as N]",23200,C3,MAX,Concentration3,ug/L,23.2000011,mg/L,45000,ug/L,,02/28/2023
PR0025399,001,00600,"Nitrogen, total [as N]",27560,C3,MAX,Concentration3,ug/L,27.56000131,mg/L,45000,ug/L,,03/31/2023
PR0025399,001,00600,"Nitrogen, total [as N]",20080,C3,MAX,Concentration3,ug/L,20.08000095,mg/L,45000,ug/L,,04/30/2023
PR0025399,001,00600,"Nitrogen, total [as N]",29100,C3,MAX,Concentration3,ug/L,29.10000138,mg/L,45000,ug/L,,05/31/2023
PR0025399,001,00600,"Nitrogen, total [as N]",20940,C3,MAX,Concentration3,ug/L,20.94000099,mg/L,45000,ug/L,,06/30/2023
PR0025399,001,00600,"Nitrogen, total [as N]",27100,C3,MAX,Concentration3,ug/L,27.10000129,mg/L,45000,ug/L,,07/31/2023
PR0025399,001,00600,"Nitrogen, total [as N]",19000,C3,MAX,Concentration3,ug/L,19.0000009,mg/L,45000,ug/L,,08/31/2023
PR0025399,001,00600,"Nitrogen, total [as N]",17990,C3,MAX,Concentration3,ug/L,17.99000085,mg/L,45000,ug/L,,09/30/2023
PR0025399,001,00600,"Nitrogen, total [as N]",7050,C3,MAX,Concentration3,ug/L,7.05000033,mg/L,45000,ug/L,,10/31/2023
PR0025399,001,00600,"Nitrogen, total [as N]",28790,C3,MAX,Concentration3,ug/L,28.79000137,mg/L,45000,ug/L,,11/30/2023
PR0025399,001,00600,"Nitrogen, total [as N]",29710,C3,MAX,Concentration3,ug/L,29.71000141,mg/L,45000,ug/L,,12/31/2023
PR0025399,001,00600,"Nitrogen, total [as N]",41700,C3,MAX,Concentration3,ug/L,41.70000198,mg/L,45000,ug/L,,01/31/2024
PR0025399,001,00600,"Nitrogen, total [as N]",27050,C3,MAX,Concentration3,ug/L,27.05000128,mg/L,45000,ug/L,,02/29/2024
PR0025399,001,00600,"Nitrogen, total [as N]",31570,C3,MAX,Concentration3,ug/L,31.5700015,mg/L,45000,ug/L,,03/31/2024
PR0025399,001,00600,"Nitrogen, total [as N]",30700,C3,MAX,Concentration3,ug/L,30.70000146,mg/L,45000,ug/L,,04/30/2024
PR0025399,001,00600,"Nitrogen, total [as N]",22110,C3,MAX,Concentration3,ug/L,22.11000105,mg/L,45000,ug/L,,05/31/2024
PR0025399,001,00600,"Nitrogen, total [as N]",9100,C3,MAX,Concentration3,ug/L,9.10000043,mg/L,45000,ug/L,,06/30/2024
PR0025399,001,00600,"Nitrogen, total [as N]",20770,C3,MAX,Concentration3,ug/L,20.77000099,mg/L,45000,ug/L,,07/31/2024
PR0025399,001,00600,"Nitrogen, total [as N]",28440,C3,MAX,Concentration3,ug/L,28.44000135,mg/L,45000,ug/L,,08/31/2024
PR0025399,001,00600,"Nitrogen, total [as N]",7460,C3,MAX,Concentration3,ug/L,7.46000035,mg/L,45000,ug/L,,09/30/2024
PR0025399,001,00600,"Nitrogen, total [as N]",18280,C3,MAX,Concentration3,ug/L,18.28000087,mg/L,45000,ug/L,,10/31/2024
PR0025399,001,00600,"Nitrogen, total [as N]",22070,C3,MAX,Concentration3,ug/L,22.07000105,mg/L,45000,ug/L,,11/30/2024
PR0025399,001,00600,"Nitrogen, total [as N]",31110,C3,MAX,Concentration3,ug/L,31.11000148,mg/L,45000,ug/L,,12/31/2024
PR0025399,001,00600,"Nitrogen, total [as N]",37480,C3,MAX,Concentration3,ug/L,37.48000178,mg/L,45000,ug/L,,01/31/2025
PR0025399,001,00600,"Nitrogen, total [as N]",33940,C3,MAX,Concentration3,ug/L,33.94000161,mg/L,45000,ug/L,,02/28/2025
PR0025399,001,00600,"Nitrogen, total [as N]",36790,C3,MAX,Concentration3,ug/L,36.79000175,mg/L,45000,ug/L,,03/31/2025
PR0025399,001,00600,"Nitrogen, total [as N]",35830,C3,MAX,Concentration3,ug/L,35.8300017,mg/L,45000,ug/L,,04/30/2025
PR0025399,001,00600,"Nitrogen, total [as N]",155440,C3,MAX,Concentration3,ug/L,155.44000738,mg/L,45000,ug/L,,05/31/2025
PR0025399,001,00600,"Nitrogen, total [as N]",38640,C3,MAX,Concentration3,ug/L,38.64000184,mg/L,45000,ug/L,,06/30/2025
PR0025399,001,00600,"Nitrogen, total [as N]",47730,C3,MAX,Concentration3,ug/L,47.73000227,mg/L,45000,ug/L,,07/31/2025
PR0025399,001,00600,"Nitrogen, total [as N]",32020,C3,MAX,Concentration3,ug/L,32.02000152,mg/L,45000,ug/L,,08/31/2025
PR0025399,001,00600,"Nitrogen, total [as N]",27750,C3,MAX,Concentration3,ug/L,27.75000132,mg/L,45000,ug/L,,09/30/2025
PR0025399,001,00600,"Nitrogen, total [as N]",35250,C3,MAX,Concentration3,ug/L,35.25000167,mg/L,45000,ug/L,,10/31/2025
PR0025399,001,00600,"Nitrogen, total [as N]",21360,C3,MAX,Concentration3,ug/L,21.36000101,mg/L,45000,ug/L,,11/30/2025
PR0025399,001,00600,"Nitrogen, total [as N]",22800,C3,MAX,Concentration3,ug/L,22.80000108,mg/L,45000,ug/L,,12/31/2025
PR0025399,001,00600,"Nitrogen, total [as N]",38270,C3,MAX,Concentration3,ug/L,38.27000182,mg/L,45000,ug/L,,01/31/2026
PR0025399,001,00625,"Nitrogen, Kjeldahl, total [as N]",20400,C3,MAX,Concentration3,ug/L,20.40000097,mg/L,,ug/L,,01/31/2020
PR0025399,001,00625,"Nitrogen, Kjeldahl, total [as N]",4220,C3,MAX,Concentration3,ug/L,4.2200002,mg/L,,ug/L,,02/29/2020
PR0025399,001,00625,"Nitrogen, Kjeldahl, total [as N]",29000,C3,MAX,Concentration3,ug/L,29.00000138,mg/L,,ug/L,,03/31/2020
PR0025399,001,00625,"Nitrogen, Kjeldahl, total [as N]",3300,C3,MAX,Concentration3,ug/L,3.30000016,mg/L,,ug/L,,04/30/2020
PR0025399,001,00625,"Nitrogen, Kjeldahl, total [as N]",3260,C3,MAX,Concentration3,ug/L,3.26000015,mg/L,,ug/L,,05/31/2020
PR0025399,001,00625,"Nitrogen, Kjeldahl, total [as N]",2330,C3,MAX,Concentration3,ug/L,2.33000011,mg/L,,ug/L,,06/30/2020
PR0025399,001,00625,"Nitrogen, Kjeldahl, total [as N]",2220,C3,MAX,Concentration3,ug/L,2.22000011,mg/L,,ug/L,,07/31/2020
PR0025399,001,00625,"Nitrogen, Kjeldahl, total [as N]",1930,C3,MAX,Concentration3,ug/L,1.93000009,mg/L,,ug/L,,08/31/2020
PR0025399,001,00625,"Nitrogen, Kjeldahl, total [as N]",850,C3,MAX,Concentration3,ug/L,.85000004,mg/L,,ug/L,,09/30/2020
PR0025399,001,00625,"Nitrogen, Kjeldahl, total [as N]",22800,C3,MAX,Concentration3,ug/L,22.80000108,mg/L,,ug/L,,10/31/2020
PR0025399,001,00625,"Nitrogen, Kjeldahl, total [as N]",6380,C3,MAX,Concentration3,ug/L,6.3800003,mg/L,,ug/L,,11/30/2020
PR0025399,001,00625,"Nitrogen, Kjeldahl, total [as N]",5350,C3,MAX,Concentration3,ug/L,5.35000025,mg/L,,ug/L,,12/31/2020
PR0025399,001,00625,"Nitrogen, Kjeldahl, total [as N]",2940,C3,MAX,Concentration3,ug/L,2.94000014,mg/L,,ug/L,,01/31/2021
PR0025399,001,00625,"Nitrogen, Kjeldahl, total [as N]",200,C3,MAX,Concentration3,ug/L,.20000001,mg/L,,ug/L,,02/28/2021
PR0025399,001,00625,"Nitrogen, Kjeldahl, total [as N]",3070,C3,MAX,Concentration3,ug/L,3.07000015,mg/L,,ug/L,,03/31/2021
PR0025399,001,00625,"Nitrogen, Kjeldahl, total [as N]",2110,C3,MAX,Concentration3,ug/L,2.1100001,mg/L,,ug/L,,04/30/2021
PR0025399,001,00625,"Nitrogen, Kjeldahl, total [as N]",1750,C3,MAX,Concentration3,ug/L,1.75000008,mg/L,,ug/L,,05/31/2021
PR0025399,001,00625,"Nitrogen, Kjeldahl, total [as N]",2280,C3,MAX,Concentration3,ug/L,2.28000011,mg/L,,ug/L,,06/30/2021
PR0025399,001,00625,"Nitrogen, Kjeldahl, total [as N]",1710,C3,MAX,Concentration3,ug/L,1.71000008,mg/L,,ug/L,,07/31/2021
PR0025399,001,00625,"Nitrogen, Kjeldahl, total [as N]",1120,C3,MAX,Concentration3,ug/L,1.12000005,mg/L,,ug/L,,08/31/2021
PR0025399,001,00625,"Nitrogen, Kjeldahl, total [as N]",1570,C3,MAX,Concentration3,ug/L,1.57000007,mg/L,,ug/L,,09/30/2021
PR0025399,001,00625,"Nitrogen, Kjeldahl, total [as N]",1400,C3,MAX,Concentration3,ug/L,1.40000007,mg/L,,ug/L,,10/31/2021
PR0025399,001,00625,"Nitrogen, Kjeldahl, total [as N]",850,C3,MAX,Concentration3,ug/L,.85000004,mg/L,,ug/L,,11/30/2021
PR0025399,001,00625,"Nitrogen, Kjeldahl, total [as N]",1170,C3,MAX,Concentration3,ug/L,1.17000006,mg/L,,ug/L,,12/31/2021
PR0025399,001,00625,"Nitrogen, Kjeldahl, total [as N]",1270,C3,MAX,Concentration3,ug/L,1.27000006,mg/L,,ug/L,,01/31/2022
PR0025399,001,00625,"Nitrogen, Kjeldahl, total [as N]",960,C3,MAX,Concentration3,ug/L,.96000005,mg/L,,ug/L,,02/28/2022
PR0025399,001,00625,"Nitrogen, Kjeldahl, total [as N]",2870,C3,MAX,Concentration3,ug/L,2.87000014,mg/L,,ug/L,,03/31/2022
PR0025399,001,00625,"Nitrogen, Kjeldahl, total [as N]",4900,C3,MAX,Concentration3,ug/L,4.90000023,mg/L,,ug/L,,04/30/2022
PR0025399,001,00625,"Nitrogen, Kjeldahl, total [as N]",4420,C3,MAX,Concentration3,ug/L,4.42000021,mg/L,,ug/L,,05/31/2022
PR0025399,001,00625,"Nitrogen, Kjeldahl, total [as N]",2910,C3,MAX,Concentration3,ug/L,2.91000014,mg/L,,ug/L,,06/30/2022
PR0025399,001,00625,"Nitrogen, Kjeldahl, total [as N]",3040,C3,MAX,Concentration3,ug/L,3.04000014,mg/L,,ug/L,,07/31/2022
PR0025399,001,00625,"Nitrogen, Kjeldahl, total [as N]",1270,C3,MAX,Concentration3,ug/L,1.27000006,mg/L,,ug/L,,08/31/2022
PR0025399,001,00625,"Nitrogen, Kjeldahl, total [as N]",6530,C3,MAX,Concentration3,ug/L,6.53000031,mg/L,,ug/L,,09/30/2022
PR0025399,001,00625,"Nitrogen, Kjeldahl, total [as N]",20300,C3,MAX,Concentration3,ug/L,20.30000096,mg/L,,ug/L,,10/31/2022
PR0025399,001,00625,"Nitrogen, Kjeldahl, total [as N]",9420,C3,MAX,Concentration3,ug/L,9.42000045,mg/L,,ug/L,,11/30/2022
PR0025399,001,00625,"Nitrogen, Kjeldahl, total [as N]",9920,C3,MAX,Concentration3,ug/L,9.92000047,mg/L,,ug/L,,12/31/2022
PR0025399,001,00625,"Nitrogen, Kjeldahl, total [as N]",17500,C3,MAX,Concentration3,ug/L,17.50000083,mg/L,,ug/L,,01/31/2023
PR0025399,001,00625,"Nitrogen, Kjeldahl, total [as N]",13700,C3,MAX,Concentration3,ug/L,13.70000065,mg/L,,ug/L,,02/28/2023
PR0025399,001,00625,"Nitrogen, Kjeldahl, total [as N]",11300,C3,MAX,Concentration3,ug/L,11.30000054,mg/L,,ug/L,,03/31/2023
PR0025399,001,00625,"Nitrogen, Kjeldahl, total [as N]",7860,C3,MAX,Concentration3,ug/L,7.86000037,mg/L,,ug/L,,04/30/2023
PR0025399,001,00625,"Nitrogen, Kjeldahl, total [as N]",8120,C3,MAX,Concentration3,ug/L,8.12000039,mg/L,,ug/L,,05/31/2023
PR0025399,001,00625,"Nitrogen, Kjeldahl, total [as N]",5070,C3,MAX,Concentration3,ug/L,5.07000024,mg/L,,ug/L,,06/30/2023
PR0025399,001,00625,"Nitrogen, Kjeldahl, total [as N]",7750,C3,MAX,Concentration3,ug/L,7.75000037,mg/L,,ug/L,,07/31/2023
PR0025399,001,00625,"Nitrogen, Kjeldahl, total [as N]",9110,C3,MAX,Concentration3,ug/L,9.11000043,mg/L,,ug/L,,08/31/2023
PR0025399,001,00625,"Nitrogen, Kjeldahl, total [as N]",4890,C3,MAX,Concentration3,ug/L,4.89000023,mg/L,,ug/L,,09/30/2023
PR0025399,001,00625,"Nitrogen, Kjeldahl, total [as N]",7000,C3,MAX,Concentration3,ug/L,7.00000033,mg/L,,ug/L,,10/31/2023
PR0025399,001,00625,"Nitrogen, Kjeldahl, total [as N]",1240,C3,MAX,Concentration3,ug/L,1.24000006,mg/L,,ug/L,,11/30/2023
PR0025399,001,00625,"Nitrogen, Kjeldahl, total [as N]",410,C3,MAX,Concentration3,ug/L,.41000002,mg/L,,ug/L,,12/31/2023
PR0025399,001,00625,"Nitrogen, Kjeldahl, total [as N]",3410,C3,MAX,Concentration3,ug/L,3.41000016,mg/L,,ug/L,,01/31/2024
PR0025399,001,00625,"Nitrogen, Kjeldahl, total [as N]",3430,C3,MAX,Concentration3,ug/L,3.43000016,mg/L,,ug/L,,02/29/2024
PR0025399,001,00625,"Nitrogen, Kjeldahl, total [as N]",3240,C3,MAX,Concentration3,ug/L,3.24000015,mg/L,,ug/L,,03/31/2024
PR0025399,001,00625,"Nitrogen, Kjeldahl, total [as N]",2040,C3,MAX,Concentration3,ug/L,2.0400001,mg/L,,ug/L,,04/30/2024
PR0025399,001,00625,"Nitrogen, Kjeldahl, total [as N]",780,C3,MAX,Concentration3,ug/L,.78000004,mg/L,,ug/L,,05/31/2024
PR0025399,001,00625,"Nitrogen, Kjeldahl, total [as N]",1340,C3,MAX,Concentration3,ug/L,1.34000006,mg/L,,ug/L,,06/30/2024
PR0025399,001,00625,"Nitrogen, Kjeldahl, total [as N]",200,C3,MAX,Concentration3,ug/L,.20000001,mg/L,,ug/L,,07/31/2024
PR0025399,001,00625,"Nitrogen, Kjeldahl, total [as N]",8950,C3,MAX,Concentration3,ug/L,8.95000043,mg/L,,ug/L,,08/31/2024
PR0025399,001,00625,"Nitrogen, Kjeldahl, total [as N]",2730,C3,MAX,Concentration3,ug/L,2.73000013,mg/L,,ug/L,,09/30/2024
PR0025399,001,00625,"Nitrogen, Kjeldahl, total [as N]",2050,C3,MAX,Concentration3,ug/L,2.0500001,mg/L,,ug/L,,10/31/2024
PR0025399,001,00625,"Nitrogen, Kjeldahl, total [as N]",9040,C3,MAX,Concentration3,ug/L,9.04000043,mg/L,,ug/L,,11/30/2024
PR0025399,001,00625,"Nitrogen, Kjeldahl, total [as N]",2400,C3,MAX,Concentration3,ug/L,2.40000011,mg/L,,ug/L,,12/31/2024
PR0025399,001,00625,"Nitrogen, Kjeldahl, total [as N]",18800,C3,MAX,Concentration3,ug/L,18.80000089,mg/L,,ug/L,,01/31/2025
PR0025399,001,00625,"Nitrogen, Kjeldahl, total [as N]",3920,C3,MAX,Concentration3,ug/L,3.92000019,mg/L,,ug/L,,02/28/2025
PR0025399,001,00625,"Nitrogen, Kjeldahl, total [as N]",2170,C3,MAX,Concentration3,ug/L,2.1700001,mg/L,,ug/L,,03/31/2025
PR0025399,001,00625,"Nitrogen, Kjeldahl, total [as N]",2030,C3,MAX,Concentration3,ug/L,2.0300001,mg/L,,ug/L,,04/30/2025
PR0025399,001,00625,"Nitrogen, Kjeldahl, total [as N]",9960,C3,MAX,Concentration3,ug/L,9.96000047,mg/L,,ug/L,,05/31/2025
PR0025399,001,00625,"Nitrogen, Kjeldahl, total [as N]",1930,C3,MAX,Concentration3,ug/L,1.93000009,mg/L,,ug/L,,06/30/2025
PR0025399,001,00625,"Nitrogen, Kjeldahl, total [as N]",5490,C3,MAX,Concentration3,ug/L,5.49000026,mg/L,,ug/L,,07/31/2025
PR0025399,001,00625,"Nitrogen, Kjeldahl, total [as N]",2250,C3,MAX,Concentration3,ug/L,2.25000011,mg/L,,ug/L,,08/31/2025
PR0025399,001,00625,"Nitrogen, Kjeldahl, total [as N]",8660,C3,MAX,Concentration3,ug/L,8.66000041,mg/L,,ug/L,,09/30/2025
PR0025399,001,00625,"Nitrogen, Kjeldahl, total [as N]",640,C3,MAX,Concentration3,ug/L,.64000003,mg/L,,ug/L,,10/31/2025
PR0025399,001,00625,"Nitrogen, Kjeldahl, total [as N]",1030,C3,MAX,Concentration3,ug/L,1.03000005,mg/L,,ug/L,,11/30/2025
PR0025399,001,00625,"Nitrogen, Kjeldahl, total [as N]",3670,C3,MAX,Concentration3,ug/L,3.67000017,mg/L,,ug/L,,12/31/2025
PR0025399,001,00625,"Nitrogen, Kjeldahl, total [as N]",5560,C3,MAX,Concentration3,ug/L,5.56000026,mg/L,,ug/L,,01/31/2026
PR0025399,001,01042,"Copper, total [as Cu]",NA,C3,MAX,Concentration3,,,mg/L,,ug/L,,03/31/2020
PR0025399,001,38260,Surfactants [MBAS],2470,C3,MAX,Concentration3,ug/L,2.47000012,mg/L,,ug/L,,01/31/2020
PR0025399,001,38260,Surfactants [MBAS],115,C3,MAX,Concentration3,ug/L,.11500001,mg/L,,ug/L,,02/29/2020
PR0025399,001,38260,Surfactants [MBAS],3460,C3,MAX,Concentration3,ug/L,3.46000016,mg/L,,ug/L,,03/31/2020
PR0025399,001,38260,Surfactants [MBAS],50,C3,MAX,Concentration3,ug/L,.05,mg/L,,ug/L,,04/30/2020
PR0025399,001,38260,Surfactants [MBAS],163,C3,MAX,Concentration3,ug/L,.16300001,mg/L,,ug/L,,05/31/2020
PR0025399,001,38260,Surfactants [MBAS],56,C3,MAX,Concentration3,ug/L,.056,mg/L,,ug/L,,06/30/2020
PR0025399,001,38260,Surfactants [MBAS],83,C3,MAX,Concentration3,ug/L,.083,mg/L,,ug/L,,07/31/2020
PR0025399,001,38260,Surfactants [MBAS],184,C3,MAX,Concentration3,ug/L,.18400001,mg/L,,ug/L,,08/31/2020
PR0025399,001,38260,Surfactants [MBAS],218,C3,MAX,Concentration3,ug/L,.21800001,mg/L,,ug/L,,09/30/2020
PR0025399,001,38260,Surfactants [MBAS],665,C3,MAX,Concentration3,ug/L,.66500003,mg/L,,ug/L,,10/31/2020
PR0025399,001,38260,Surfactants [MBAS],55,C3,MAX,Concentration3,ug/L,.055,mg/L,,ug/L,,11/30/2020
PR0025399,001,38260,Surfactants [MBAS],221,C3,MAX,Concentration3,ug/L,.22100001,mg/L,,ug/L,,12/31/2020
PR0025399,001,38260,Surfactants [MBAS],47,C3,MAX,Concentration3,ug/L,.047,mg/L,,ug/L,,01/31/2021
PR0025399,001,38260,Surfactants [MBAS],55,C3,MAX,Concentration3,ug/L,.055,mg/L,,ug/L,,02/28/2021
PR0025399,001,38260,Surfactants [MBAS],131,C3,MAX,Concentration3,ug/L,.13100001,mg/L,,ug/L,,03/31/2021
PR0025399,001,38260,Surfactants [MBAS],77,C3,MAX,Concentration3,ug/L,.077,mg/L,,ug/L,,04/30/2021
PR0025399,001,38260,Surfactants [MBAS],31,C3,MAX,Concentration3,ug/L,.031,mg/L,,ug/L,,05/31/2021
PR0025399,001,38260,Surfactants [MBAS],97,C3,MAX,Concentration3,ug/L,.097,mg/L,,ug/L,,06/30/2021
PR0025399,001,38260,Surfactants [MBAS],35,C3,MAX,Concentration3,ug/L,.035,mg/L,,ug/L,,07/31/2021
PR0025399,001,38260,Surfactants [MBAS],29,C3,MAX,Concentration3,ug/L,.029,mg/L,,ug/L,,08/31/2021
PR0025399,001,38260,Surfactants [MBAS],43,C3,MAX,Concentration3,ug/L,.043,mg/L,,ug/L,,09/30/2021
PR0025399,001,38260,Surfactants [MBAS],39,C3,MAX,Concentration3,ug/L,.039,mg/L,,ug/L,,10/31/2021
PR0025399,001,38260,Surfactants [MBAS],25,C3,MAX,Concentration3,ug/L,.025,mg/L,,ug/L,,11/30/2021
PR0025399,001,38260,Surfactants [MBAS],115,C3,MAX,Concentration3,ug/L,.11500001,mg/L,,ug/L,,12/31/2021
PR0025399,001,38260,Surfactants [MBAS],55,C3,MAX,Concentration3,ug/L,.055,mg/L,,ug/L,,01/31/2022
PR0025399,001,38260,Surfactants [MBAS],66,C3,MAX,Concentration3,ug/L,.066,mg/L,,ug/L,,02/28/2022
PR0025399,001,38260,Surfactants [MBAS],40,C3,MAX,Concentration3,ug/L,.04,mg/L,,ug/L,,03/31/2022
PR0025399,001,38260,Surfactants [MBAS],92,C3,MAX,Concentration3,ug/L,.092,mg/L,,ug/L,,04/30/2022
PR0025399,001,38260,Surfactants [MBAS],102,C3,MAX,Concentration3,ug/L,.102,mg/L,,ug/L,,05/31/2022
PR0025399,001,38260,Surfactants [MBAS],25,C3,MAX,Concentration3,ug/L,.025,mg/L,,ug/L,,06/30/2022
PR0025399,001,38260,Surfactants [MBAS],510,C3,MAX,Concentration3,ug/L,.51000002,mg/L,,ug/L,,07/31/2022
PR0025399,001,38260,Surfactants [MBAS],25,C3,MAX,Concentration3,ug/L,.025,mg/L,,ug/L,,08/31/2022
PR0025399,001,38260,Surfactants [MBAS],83,C3,MAX,Concentration3,ug/L,.083,mg/L,,ug/L,,09/30/2022
PR0025399,001,38260,Surfactants [MBAS],247,C3,MAX,Concentration3,ug/L,.24700001,mg/L,,ug/L,,10/31/2022
PR0025399,001,38260,Surfactants [MBAS],319,C3,MAX,Concentration3,ug/L,.31900002,mg/L,,ug/L,,11/30/2022
PR0025399,001,38260,Surfactants [MBAS],227,C3,MAX,Concentration3,ug/L,.22700001,mg/L,,ug/L,,12/31/2022
PR0025399,001,38260,Surfactants [MBAS],232,C3,MAX,Concentration3,ug/L,.23200001,mg/L,,ug/L,,01/31/2023
PR0025399,001,38260,Surfactants [MBAS],323,C3,MAX,Concentration3,ug/L,.32300002,mg/L,,ug/L,,02/28/2023
PR0025399,001,38260,Surfactants [MBAS],60,C3,MAX,Concentration3,ug/L,.06,mg/L,,ug/L,,03/31/2023
PR0025399,001,38260,Surfactants [MBAS],69,C3,MAX,Concentration3,ug/L,.069,mg/L,,ug/L,,04/30/2023
PR0025399,001,38260,Surfactants [MBAS],146,C3,MAX,Concentration3,ug/L,.14600001,mg/L,,ug/L,,05/31/2023
PR0025399,001,38260,Surfactants [MBAS],99,C3,MAX,Concentration3,ug/L,.099,mg/L,,ug/L,,06/30/2023
PR0025399,001,38260,Surfactants [MBAS],92,C3,MAX,Concentration3,ug/L,.092,mg/L,,ug/L,,07/31/2023
PR0025399,001,38260,Surfactants [MBAS],83,C3,MAX,Concentration3,ug/L,.083,mg/L,,ug/L,,08/31/2023
PR0025399,001,38260,Surfactants [MBAS],86,C3,MAX,Concentration3,ug/L,.086,mg/L,,ug/L,,09/30/2023
PR0025399,001,38260,Surfactants [MBAS],161,C3,MAX,Concentration3,ug/L,.16100001,mg/L,,ug/L,,10/31/2023
PR0025399,001,38260,Surfactants [MBAS],86,C3,MAX,Concentration3,ug/L,.086,mg/L,,ug/L,,11/30/2023
PR0025399,001,38260,Surfactants [MBAS],25,C3,MAX,Concentration3,ug/L,.025,mg/L,,ug/L,,12/31/2023
PR0025399,001,38260,Surfactants [MBAS],188,C3,MAX,Concentration3,ug/L,.18800001,mg/L,,ug/L,,01/31/2024
PR0025399,001,38260,Surfactants [MBAS],80,C3,MAX,Concentration3,ug/L,.08,mg/L,,ug/L,,02/29/2024
PR0025399,001,38260,Surfactants [MBAS],193,C3,MAX,Concentration3,ug/L,.19300001,mg/L,,ug/L,,03/31/2024
PR0025399,001,38260,Surfactants [MBAS],25,C3,MAX,Concentration3,ug/L,.025,mg/L,,ug/L,,04/30/2024
PR0025399,001,38260,Surfactants [MBAS],59,C3,MAX,Concentration3,ug/L,.059,mg/L,,ug/L,,05/31/2024
PR0025399,001,38260,Surfactants [MBAS],51,C3,MAX,Concentration3,ug/L,.051,mg/L,,ug/L,,06/30/2024
PR0025399,001,38260,Surfactants [MBAS],78,C3,MAX,Concentration3,ug/L,.078,mg/L,,ug/L,,07/31/2024
PR0025399,001,38260,Surfactants [MBAS],162,C3,MAX,Concentration3,ug/L,.16200001,mg/L,,ug/L,,08/31/2024
PR0025399,001,38260,Surfactants [MBAS],71,C3,MAX,Concentration3,ug/L,.071,mg/L,,ug/L,,09/30/2024
PR0025399,001,38260,Surfactants [MBAS],174,C3,MAX,Concentration3,ug/L,.17400001,mg/L,,ug/L,,10/31/2024
PR0025399,001,38260,Surfactants [MBAS],153,C3,MAX,Concentration3,ug/L,.15300001,mg/L,,ug/L,,11/30/2024
PR0025399,001,38260,Surfactants [MBAS],175,C3,MAX,Concentration3,ug/L,.17500001,mg/L,,ug/L,,12/31/2024
PR0025399,001,38260,Surfactants [MBAS],193,C3,MAX,Concentration3,ug/L,.19300001,mg/L,,ug/L,,01/31/2025
PR0025399,001,38260,Surfactants [MBAS],61,C3,MAX,Concentration3,ug/L,.061,mg/L,,ug/L,,02/28/2025
PR0025399,001,38260,Surfactants [MBAS],25,C3,MAX,Concentration3,ug/L,.025,mg/L,,ug/L,,03/31/2025
PR0025399,001,38260,Surfactants [MBAS],48,C3,MAX,Concentration3,ug/L,.048,mg/L,,ug/L,,04/30/2025
PR0025399,001,38260,Surfactants [MBAS],93,C3,MAX,Concentration3,ug/L,.093,mg/L,,ug/L,,05/31/2025
PR0025399,001,38260,Surfactants [MBAS],62,C3,MAX,Concentration3,ug/L,.062,mg/L,,ug/L,,06/30/2025
PR0025399,001,38260,Surfactants [MBAS],144,C3,MAX,Concentration3,ug/L,.14400001,mg/L,,ug/L,,07/31/2025
PR0025399,001,38260,Surfactants [MBAS],30,C3,MAX,Concentration3,ug/L,.03,mg/L,,ug/L,,08/31/2025
PR0025399,001,38260,Surfactants [MBAS],25,C3,MAX,Concentration3,ug/L,.025,mg/L,,ug/L,,09/30/2025
PR0025399,001,38260,Surfactants [MBAS],40,C3,MAX,Concentration3,ug/L,.04,mg/L,,ug/L,,10/31/2025
PR0025399,001,38260,Surfactants [MBAS],94,C3,MAX,Concentration3,ug/L,.094,mg/L,,ug/L,,11/30/2025
PR0025399,001,38260,Surfactants [MBAS],29,C3,MAX,Concentration3,ug/L,.029,mg/L,,ug/L,,12/31/2025
PR0025399,001,38260,Surfactants [MBAS],41,C3,MAX,Concentration3,ug/L,.041,mg/L,,ug/L,,01/31/2026
PR0025399,001,50050,"Flow, in conduit or thru treatment plant",3.615,Q1,AVG,Quantity1,MGD,3.615,MGD,,MGD,,01/31/2020
PR0025399,001,50050,"Flow, in conduit or thru treatment plant",4.67,Q2,MAX,Quantity2,MGD,4.67,MGD,,MGD,,01/31/2020
PR0025399,001,50050,"Flow, in conduit or thru treatment plant",3.484,Q1,AVG,Quantity1,MGD,3.484,MGD,,MGD,,02/29/2020
PR0025399,001,50050,"Flow, in conduit or thru treatment plant",4.22,Q2,MAX,Quantity2,MGD,4.22,MGD,,MGD,,02/29/2020
PR0025399,001,50050,"Flow, in conduit or thru treatment plant",5.85,Q2,MAX,Quantity2,MGD,5.85,MGD,,MGD,,03/31/2020
PR0025399,001,50050,"Flow, in conduit or thru treatment plant",3.719,Q1,AVG,Quantity1,MGD,3.719,MGD,,MGD,,03/31/2020
PR0025399,001,50050,"Flow, in conduit or thru treatment plant",3.8,Q2,MAX,Quantity2,MGD,3.8,MGD,,MGD,,04/30/2020
PR0025399,001,50050,"Flow, in conduit or thru treatment plant",3.307,Q1,AVG,Quantity1,MGD,3.307,MGD,,MGD,,04/30/2020
PR0025399,001,50050,"Flow, in conduit or thru treatment plant",4.19,Q2,MAX,Quantity2,MGD,4.19,MGD,,MGD,,05/31/2020
PR0025399,001,50050,"Flow, in conduit or thru treatment plant",3.384,Q1,AVG,Quantity1,MGD,3.384,MGD,,MGD,,05/31/2020
PR0025399,001,50050,"Flow, in conduit or thru treatment plant",3.44,Q1,AVG,Quantity1,MGD,3.44,MGD,,MGD,,06/30/2020
PR0025399,001,50050,"Flow, in conduit or thru treatment plant",4.11,Q2,MAX,Quantity2,MGD,4.11,MGD,,MGD,,06/30/2020
PR0025399,001,50050,"Flow, in conduit or thru treatment plant",6.94,Q2,MAX,Quantity2,MGD,6.94,MGD,,MGD,,07/31/2020
PR0025399,001,50050,"Flow, in conduit or thru treatment plant",4,Q1,AVG,Quantity1,MGD,4,MGD,,MGD,,07/31/2020
PR0025399,001,50050,"Flow, in conduit or thru treatment plant",4.225,Q1,AVG,Quantity1,MGD,4.225,MGD,,MGD,,08/31/2020
PR0025399,001,50050,"Flow, in conduit or thru treatment plant",13.1,Q2,MAX,Quantity2,MGD,13.1,MGD,,MGD,,08/31/2020
PR0025399,001,50050,"Flow, in conduit or thru treatment plant",5.84,Q2,MAX,Quantity2,MGD,5.84,MGD,,MGD,,09/30/2020
PR0025399,001,50050,"Flow, in conduit or thru treatment plant",4.019,Q1,AVG,Quantity1,MGD,4.019,MGD,,MGD,,09/30/2020
PR0025399,001,50050,"Flow, in conduit or thru treatment plant",8.1,Q2,MAX,Quantity2,MGD,8.1,MGD,,MGD,,10/31/2020
PR0025399,001,50050,"Flow, in conduit or thru treatment plant",5.09,Q1,AVG,Quantity1,MGD,5.09,MGD,,MGD,,10/31/2020
PR0025399,001,50050,"Flow, in conduit or thru treatment plant",9.75,Q2,MAX,Quantity2,MGD,9.75,MGD,,MGD,,11/30/2020
PR0025399,001,50050,"Flow, in conduit or thru treatment plant",5.07,Q1,AVG,Quantity1,MGD,5.07,MGD,,MGD,,11/30/2020
PR0025399,001,50050,"Flow, in conduit or thru treatment plant",3.993,Q1,AVG,Quantity1,MGD,3.993,MGD,,MGD,,12/31/2020
PR0025399,001,50050,"Flow, in conduit or thru treatment plant",5.32,Q2,MAX,Quantity2,MGD,5.32,MGD,,MGD,,12/31/2020
PR0025399,001,50050,"Flow, in conduit or thru treatment plant",3.444,Q1,AVG,Quantity1,MGD,3.444,MGD,,MGD,,01/31/2021
PR0025399,001,50050,"Flow, in conduit or thru treatment plant",4.02,Q2,MAX,Quantity2,MGD,4.02,MGD,,MGD,,01/31/2021
PR0025399,001,50050,"Flow, in conduit or thru treatment plant",4.94,Q2,MAX,Quantity2,MGD,4.94,MGD,,MGD,,02/28/2021
PR0025399,001,50050,"Flow, in conduit or thru treatment plant",3.732,Q1,AVG,Quantity1,MGD,3.732,MGD,,MGD,,02/28/2021
PR0025399,001,50050,"Flow, in conduit or thru treatment plant",3.486,Q1,AVG,Quantity1,MGD,3.486,MGD,,MGD,,03/31/2021
PR0025399,001,50050,"Flow, in conduit or thru treatment plant",3.89,Q2,MAX,Quantity2,MGD,3.89,MGD,,MGD,,03/31/2021
PR0025399,001,50050,"Flow, in conduit or thru treatment plant",3.575,Q1,AVG,Quantity1,MGD,3.575,MGD,,MGD,,04/30/2021
PR0025399,001,50050,"Flow, in conduit or thru treatment plant",4.72,Q2,MAX,Quantity2,MGD,4.72,MGD,,MGD,,04/30/2021
PR0025399,001,50050,"Flow, in conduit or thru treatment plant",4.46,Q2,MAX,Quantity2,MGD,4.46,MGD,,MGD,,05/31/2021
PR0025399,001,50050,"Flow, in conduit or thru treatment plant",3.693,Q1,AVG,Quantity1,MGD,3.693,MGD,,MGD,,05/31/2021
PR0025399,001,50050,"Flow, in conduit or thru treatment plant",6.17,Q2,MAX,Quantity2,MGD,6.17,MGD,,MGD,,06/30/2021
PR0025399,001,50050,"Flow, in conduit or thru treatment plant",4.341,Q1,AVG,Quantity1,MGD,4.341,MGD,,MGD,,06/30/2021
PR0025399,001,50050,"Flow, in conduit or thru treatment plant",4.27,Q1,AVG,Quantity1,MGD,4.27,MGD,,MGD,,07/31/2021
PR0025399,001,50050,"Flow, in conduit or thru treatment plant",5.96,Q2,MAX,Quantity2,MGD,5.96,MGD,,MGD,,07/31/2021
PR0025399,001,50050,"Flow, in conduit or thru treatment plant",6.42,Q2,MAX,Quantity2,MGD,6.42,MGD,,MGD,,08/31/2021
PR0025399,001,50050,"Flow, in conduit or thru treatment plant",4.084,Q1,AVG,Quantity1,MGD,4.084,MGD,,MGD,,08/31/2021
PR0025399,001,50050,"Flow, in conduit or thru treatment plant",5.56,Q2,MAX,Quantity2,MGD,5.56,MGD,,MGD,,09/30/2021
PR0025399,001,50050,"Flow, in conduit or thru treatment plant",4.134,Q1,AVG,Quantity1,MGD,4.134,MGD,,MGD,,09/30/2021
PR0025399,001,50050,"Flow, in conduit or thru treatment plant",4.487,Q1,AVG,Quantity1,MGD,4.487,MGD,,MGD,,10/31/2021
PR0025399,001,50050,"Flow, in conduit or thru treatment plant",6.79,Q2,MAX,Quantity2,MGD,6.79,MGD,,MGD,,10/31/2021
PR0025399,001,50050,"Flow, in conduit or thru treatment plant",4.61,Q1,AVG,Quantity1,MGD,4.61,MGD,,MGD,,11/30/2021
PR0025399,001,50050,"Flow, in conduit or thru treatment plant",6.75,Q2,MAX,Quantity2,MGD,6.75,MGD,,MGD,,11/30/2021
PR0025399,001,50050,"Flow, in conduit or thru treatment plant",6.04,Q2,MAX,Quantity2,MGD,6.04,MGD,,MGD,,12/31/2021
PR0025399,001,50050,"Flow, in conduit or thru treatment plant",4.207,Q1,AVG,Quantity1,MGD,4.207,MGD,,MGD,,12/31/2021
PR0025399,001,50050,"Flow, in conduit or thru treatment plant",6.97,Q2,MAX,Quantity2,MGD,6.97,MGD,,MGD,,01/31/2022
PR0025399,001,50050,"Flow, in conduit or thru treatment plant",3.841,Q1,AVG,Quantity1,MGD,3.841,MGD,,MGD,,01/31/2022
PR0025399,001,50050,"Flow, in conduit or thru treatment plant",6.2,Q1,AVG,Quantity1,MGD,6.2,MGD,,MGD,,02/28/2022
PR0025399,001,50050,"Flow, in conduit or thru treatment plant",6.4,Q2,MAX,Quantity2,MGD,6.4,MGD,,MGD,,02/28/2022
PR0025399,001,50050,"Flow, in conduit or thru treatment plant",3.819,Q1,AVG,Quantity1,MGD,3.819,MGD,,MGD,,03/31/2022
PR0025399,001,50050,"Flow, in conduit or thru treatment plant",4.87,Q2,MAX,Quantity2,MGD,4.87,MGD,,MGD,,03/31/2022
PR0025399,001,50050,"Flow, in conduit or thru treatment plant",5.09,Q2,MAX,Quantity2,MGD,5.09,MGD,,MGD,,04/30/2022
PR0025399,001,50050,"Flow, in conduit or thru treatment plant",3.395,Q1,AVG,Quantity1,MGD,3.395,MGD,,MGD,,04/30/2022
PR0025399,001,50050,"Flow, in conduit or thru treatment plant",3.444,Q1,AVG,Quantity1,MGD,3.444,MGD,,MGD,,05/31/2022
PR0025399,001,50050,"Flow, in conduit or thru treatment plant",4.18,Q2,MAX,Quantity2,MGD,4.18,MGD,,MGD,,05/31/2022
PR0025399,001,50050,"Flow, in conduit or thru treatment plant",7.32,Q2,MAX,Quantity2,MGD,7.32,MGD,,MGD,,06/30/2022
PR0025399,001,50050,"Flow, in conduit or thru treatment plant",3.695,Q1,AVG,Quantity1,MGD,3.695,MGD,,MGD,,06/30/2022
PR0025399,001,50050,"Flow, in conduit or thru treatment plant",5.92,Q2,MAX,Quantity2,MGD,5.92,MGD,,MGD,,07/31/2022
PR0025399,001,50050,"Flow, in conduit or thru treatment plant",4.432,Q1,AVG,Quantity1,MGD,4.432,MGD,,MGD,,07/31/2022
PR0025399,001,50050,"Flow, in conduit or thru treatment plant",7.03,Q2,MAX,Quantity2,MGD,7.03,MGD,,MGD,,08/31/2022
PR0025399,001,50050,"Flow, in conduit or thru treatment plant",4.279,Q1,AVG,Quantity1,MGD,4.279,MGD,,MGD,,08/31/2022
PR0025399,001,50050,"Flow, in conduit or thru treatment plant",7.98,Q2,MAX,Quantity2,MGD,7.98,MGD,,MGD,,09/30/2022
PR0025399,001,50050,"Flow, in conduit or thru treatment plant",4.918,Q1,AVG,Quantity1,MGD,4.918,MGD,,MGD,,09/30/2022
PR0025399,001,50050,"Flow, in conduit or thru treatment plant",5.097,Q1,AVG,Quantity1,MGD,5.097,MGD,,MGD,,10/31/2022
PR0025399,001,50050,"Flow, in conduit or thru treatment plant",8.32,Q2,MAX,Quantity2,MGD,8.32,MGD,,MGD,,10/31/2022
PR0025399,001,50050,"Flow, in conduit or thru treatment plant",5.772,Q1,AVG,Quantity1,MGD,5.772,MGD,,MGD,,11/30/2022
PR0025399,001,50050,"Flow, in conduit or thru treatment plant",8.87,Q2,MAX,Quantity2,MGD,8.87,MGD,,MGD,,11/30/2022
PR0025399,001,50050,"Flow, in conduit or thru treatment plant",4.79,Q2,MAX,Quantity2,MGD,4.79,MGD,,MGD,,12/31/2022
PR0025399,001,50050,"Flow, in conduit or thru treatment plant",3.945,Q1,AVG,Quantity1,MGD,3.945,MGD,,MGD,,12/31/2022
PR0025399,001,50050,"Flow, in conduit or thru treatment plant",4.052,Q1,AVG,Quantity1,MGD,4.052,MGD,,MGD,,01/31/2023
PR0025399,001,50050,"Flow, in conduit or thru treatment plant",6.03,Q2,MAX,Quantity2,MGD,6.03,MGD,,MGD,,01/31/2023
PR0025399,001,50050,"Flow, in conduit or thru treatment plant",4.19,Q2,MAX,Quantity2,MGD,4.19,MGD,,MGD,,02/28/2023
PR0025399,001,50050,"Flow, in conduit or thru treatment plant",3.691,Q1,AVG,Quantity1,MGD,3.691,MGD,,MGD,,02/28/2023
PR0025399,001,50050,"Flow, in conduit or thru treatment plant",5.23,Q2,MAX,Quantity2,MGD,5.23,MGD,,MGD,,03/31/2023
PR0025399,001,50050,"Flow, in conduit or thru treatment plant",3.554,Q1,AVG,Quantity1,MGD,3.554,MGD,,MGD,,03/31/2023
PR0025399,001,50050,"Flow, in conduit or thru treatment plant",4.98,Q2,MAX,Quantity2,MGD,4.98,MGD,,MGD,,04/30/2023
PR0025399,001,50050,"Flow, in conduit or thru treatment plant",3.765,Q1,AVG,Quantity1,MGD,3.765,MGD,,MGD,,04/30/2023
PR0025399,001,50050,"Flow, in conduit or thru treatment plant",4.74,Q1,AVG,Quantity1,MGD,4.74,MGD,,MGD,,05/31/2023
PR0025399,001,50050,"Flow, in conduit or thru treatment plant",5.82,Q2,MAX,Quantity2,MGD,5.82,MGD,,MGD,,05/31/2023
PR0025399,001,50050,"Flow, in conduit or thru treatment plant",5.33,Q2,MAX,Quantity2,MGD,5.33,MGD,,MGD,,06/30/2023
PR0025399,001,50050,"Flow, in conduit or thru treatment plant",3.57,Q1,AVG,Quantity1,MGD,3.57,MGD,,MGD,,06/30/2023
PR0025399,001,50050,"Flow, in conduit or thru treatment plant",6.22,Q2,MAX,Quantity2,MGD,6.22,MGD,,MGD,,07/31/2023
PR0025399,001,50050,"Flow, in conduit or thru treatment plant",4.039,Q1,AVG,Quantity1,MGD,4.039,MGD,,MGD,,07/31/2023
PR0025399,001,50050,"Flow, in conduit or thru treatment plant",5.99,Q2,MAX,Quantity2,MGD,5.99,MGD,,MGD,,08/31/2023
PR0025399,001,50050,"Flow, in conduit or thru treatment plant",4.025,Q1,AVG,Quantity1,MGD,4.025,MGD,,MGD,,08/31/2023
PR0025399,001,50050,"Flow, in conduit or thru treatment plant",7.05,Q2,MAX,Quantity2,MGD,7.05,MGD,,MGD,,09/30/2023
PR0025399,001,50050,"Flow, in conduit or thru treatment plant",4.35,Q1,AVG,Quantity1,MGD,4.35,MGD,,MGD,,09/30/2023
PR0025399,001,50050,"Flow, in conduit or thru treatment plant",5.128,Q1,AVG,Quantity1,MGD,5.128,MGD,,MGD,,10/31/2023
PR0025399,001,50050,"Flow, in conduit or thru treatment plant",7.59,Q2,MAX,Quantity2,MGD,7.59,MGD,,MGD,,10/31/2023
PR0025399,001,50050,"Flow, in conduit or thru treatment plant",4.351,Q1,AVG,Quantity1,MGD,4.351,MGD,,MGD,,11/30/2023
PR0025399,001,50050,"Flow, in conduit or thru treatment plant",6.54,Q2,MAX,Quantity2,MGD,6.54,MGD,,MGD,,11/30/2023
PR0025399,001,50050,"Flow, in conduit or thru treatment plant",5.24,Q2,MAX,Quantity2,MGD,5.24,MGD,,MGD,,12/31/2023
PR0025399,001,50050,"Flow, in conduit or thru treatment plant",3.859,Q1,AVG,Quantity1,MGD,3.859,MGD,,MGD,,12/31/2023
PR0025399,001,50050,"Flow, in conduit or thru treatment plant",4.13,Q2,MAX,Quantity2,MGD,4.13,MGD,,MGD,,01/31/2024
PR0025399,001,50050,"Flow, in conduit or thru treatment plant",3.572,Q1,AVG,Quantity1,MGD,3.572,MGD,,MGD,,01/31/2024
PR0025399,001,50050,"Flow, in conduit or thru treatment plant",5.45,Q2,MAX,Quantity2,MGD,5.45,MGD,,MGD,,02/29/2024
PR0025399,001,50050,"Flow, in conduit or thru treatment plant",3.78,Q1,AVG,Quantity1,MGD,3.78,MGD,,MGD,,02/29/2024
PR0025399,001,50050,"Flow, in conduit or thru treatment plant",3.395,Q1,AVG,Quantity1,MGD,3.395,MGD,,MGD,,03/31/2024
PR0025399,001,50050,"Flow, in conduit or thru treatment plant",4.25,Q2,MAX,Quantity2,MGD,4.25,MGD,,MGD,,03/31/2024
PR0025399,001,50050,"Flow, in conduit or thru treatment plant",6.69,Q2,MAX,Quantity2,MGD,6.69,MGD,,MGD,,04/30/2024
PR0025399,001,50050,"Flow, in conduit or thru treatment plant",4.416,Q1,AVG,Quantity1,MGD,4.416,MGD,,MGD,,04/30/2024
PR0025399,001,50050,"Flow, in conduit or thru treatment plant",4.986,Q1,AVG,Quantity1,MGD,4.986,MGD,,MGD,,05/31/2024
PR0025399,001,50050,"Flow, in conduit or thru treatment plant",8.12,Q2,MAX,Quantity2,MGD,8.12,MGD,,MGD,,05/31/2024
PR0025399,001,50050,"Flow, in conduit or thru treatment plant",7.61,Q2,MAX,Quantity2,MGD,7.61,MGD,,MGD,,06/30/2024
PR0025399,001,50050,"Flow, in conduit or thru treatment plant",4.812,Q1,AVG,Quantity1,MGD,4.812,MGD,,MGD,,06/30/2024
PR0025399,001,50050,"Flow, in conduit or thru treatment plant",4.448,Q1,AVG,Quantity1,MGD,4.448,MGD,,MGD,,07/31/2024
PR0025399,001,50050,"Flow, in conduit or thru treatment plant",7.37,Q2,MAX,Quantity2,MGD,7.37,MGD,,MGD,,07/31/2024
PR0025399,001,50050,"Flow, in conduit or thru treatment plant",8.22,Q2,MAX,Quantity2,MGD,8.22,MGD,,MGD,,08/31/2024
PR0025399,001,50050,"Flow, in conduit or thru treatment plant",4.714,Q1,AVG,Quantity1,MGD,4.714,MGD,,MGD,,08/31/2024
PR0025399,001,50050,"Flow, in conduit or thru treatment plant",5.29,Q1,AVG,Quantity1,MGD,5.29,MGD,,MGD,,09/30/2024
PR0025399,001,50050,"Flow, in conduit or thru treatment plant",6.2,Q2,MAX,Quantity2,MGD,6.2,MGD,,MGD,,09/30/2024
PR0025399,001,50050,"Flow, in conduit or thru treatment plant",4.268,Q1,AVG,Quantity1,MGD,4.268,MGD,,MGD,,10/31/2024
PR0025399,001,50050,"Flow, in conduit or thru treatment plant",9.58,Q2,MAX,Quantity2,MGD,9.58,MGD,,MGD,,10/31/2024
PR0025399,001,50050,"Flow, in conduit or thru treatment plant",9.65,Q2,MAX,Quantity2,MGD,9.65,MGD,,MGD,,11/30/2024
PR0025399,001,50050,"Flow, in conduit or thru treatment plant",6.504,Q1,AVG,Quantity1,MGD,6.504,MGD,,MGD,,11/30/2024
PR0025399,001,50050,"Flow, in conduit or thru treatment plant",5.33,Q2,MAX,Quantity2,MGD,5.33,MGD,,MGD,,12/31/2024
PR0025399,001,50050,"Flow, in conduit or thru treatment plant",4.237,Q1,AVG,Quantity1,MGD,4.237,MGD,,MGD,,12/31/2024
PR0025399,001,50050,"Flow, in conduit or thru treatment plant",3.948,Q1,AVG,Quantity1,MGD,3.948,MGD,,MGD,,01/31/2025
PR0025399,001,50050,"Flow, in conduit or thru treatment plant",5.35,Q2,MAX,Quantity2,MGD,5.35,MGD,,MGD,,01/31/2025
PR0025399,001,50050,"Flow, in conduit or thru treatment plant",4.93,Q2,MAX,Quantity2,MGD,4.93,MGD,,MGD,,02/28/2025
PR0025399,001,50050,"Flow, in conduit or thru treatment plant",4.113,Q1,AVG,Quantity1,MGD,4.113,MGD,,MGD,,02/28/2025
PR0025399,001,50050,"Flow, in conduit or thru treatment plant",3.99,Q1,AVG,Quantity1,MGD,3.99,MGD,,MGD,,03/31/2025
PR0025399,001,50050,"Flow, in conduit or thru treatment plant",6.05,Q2,MAX,Quantity2,MGD,6.05,MGD,,MGD,,03/31/2025
PR0025399,001,50050,"Flow, in conduit or thru treatment plant",7.27,Q2,MAX,Quantity2,MGD,7.27,MGD,,MGD,,04/30/2025
PR0025399,001,50050,"Flow, in conduit or thru treatment plant",3.94,Q1,AVG,Quantity1,MGD,3.94,MGD,,MGD,,04/30/2025
PR0025399,001,50050,"Flow, in conduit or thru treatment plant",4.307,Q1,AVG,Quantity1,MGD,4.307,MGD,,MGD,,05/31/2025
PR0025399,001,50050,"Flow, in conduit or thru treatment plant",6.43,Q2,MAX,Quantity2,MGD,6.43,MGD,,MGD,,05/31/2025
PR0025399,001,50050,"Flow, in conduit or thru treatment plant",5.46,Q2,MAX,Quantity2,MGD,5.46,MGD,,MGD,,06/30/2025
PR0025399,001,50050,"Flow, in conduit or thru treatment plant",3.551,Q1,AVG,Quantity1,MGD,3.551,MGD,,MGD,,06/30/2025
PR0025399,001,50050,"Flow, in conduit or thru treatment plant",3.638,Q1,AVG,Quantity1,MGD,3.638,MGD,,MGD,,07/31/2025
PR0025399,001,50050,"Flow, in conduit or thru treatment plant",5.86,Q2,MAX,Quantity2,MGD,5.86,MGD,,MGD,,07/31/2025
PR0025399,001,50050,"Flow, in conduit or thru treatment plant",4.87,Q2,MAX,Quantity2,MGD,4.87,MGD,,MGD,,08/31/2025
PR0025399,001,50050,"Flow, in conduit or thru treatment plant",3.882,Q1,AVG,Quantity1,MGD,3.882,MGD,,MGD,,08/31/2025
PR0025399,001,50050,"Flow, in conduit or thru treatment plant",4.293,Q1,AVG,Quantity1,MGD,4.293,MGD,,MGD,,09/30/2025
PR0025399,001,50050,"Flow, in conduit or thru treatment plant",7.69,Q2,MAX,Quantity2,MGD,7.69,MGD,,MGD,,09/30/2025
PR0025399,001,50050,"Flow, in conduit or thru treatment plant",6.49,Q2,MAX,Quantity2,MGD,6.49,MGD,,MGD,,10/31/2025
PR0025399,001,50050,"Flow, in conduit or thru treatment plant",3.993,Q1,AVG,Quantity1,MGD,3.993,MGD,,MGD,,10/31/2025
PR0025399,001,50050,"Flow, in conduit or thru treatment plant",4.324,Q1,AVG,Quantity1,MGD,4.324,MGD,,MGD,,11/30/2025
PR0025399,001,50050,"Flow, in conduit or thru treatment plant",7.777,Q2,MAX,Quantity2,MGD,7.777,MGD,,MGD,,11/30/2025
PR0025399,001,50050,"Flow, in conduit or thru treatment plant",6.87,Q2,MAX,Quantity2,MGD,6.87,MGD,,MGD,,12/31/2025
PR0025399,001,50050,"Flow, in conduit or thru treatment plant",4.069,Q1,AVG,Quantity1,MGD,4.069,MGD,,MGD,,12/31/2025
PR0025399,001,50050,"Flow, in conduit or thru treatment plant",3.854,Q1,AVG,Quantity1,MGD,3.854,MGD,,MGD,,01/31/2026
PR0025399,001,50050,"Flow, in conduit or thru treatment plant",6.42,Q2,MAX,Quantity2,MGD,6.42,MGD,,MGD,,01/31/2026
PR0025399,001,50060,"Chlorine, total residual",760,C3,MAX,Concentration3,ug/L,.76000004,mg/L,500,ug/L,,01/31/2020
PR0025399,001,50060,"Chlorine, total residual",360,C3,MAX,Concentration3,ug/L,.36000002,mg/L,500,ug/L,,02/29/2020
PR0025399,001,50060,"Chlorine, total residual",210,C3,MAX,Concentration3,ug/L,.21000001,mg/L,500,ug/L,,03/31/2020
PR0025399,001,50060,"Chlorine, total residual",430,C3,MAX,Concentration3,ug/L,.43000002,mg/L,500,ug/L,,04/30/2020
PR0025399,001,50060,"Chlorine, total residual",480,C3,MAX,Concentration3,ug/L,.48000002,mg/L,500,ug/L,,05/31/2020
PR0025399,001,50060,"Chlorine, total residual",300,C3,MAX,Concentration3,ug/L,.30000001,mg/L,500,ug/L,,06/30/2020
PR0025399,001,50060,"Chlorine, total residual",330,C3,MAX,Concentration3,ug/L,.33000002,mg/L,500,ug/L,,07/31/2020
PR0025399,001,50060,"Chlorine, total residual",450,C3,MAX,Concentration3,ug/L,.45000002,mg/L,500,ug/L,,08/31/2020
PR0025399,001,50060,"Chlorine, total residual",300,C3,MAX,Concentration3,ug/L,.30000001,mg/L,500,ug/L,,09/30/2020
PR0025399,001,50060,"Chlorine, total residual",470,C3,MAX,Concentration3,ug/L,.47000002,mg/L,500,ug/L,,10/31/2020
PR0025399,001,50060,"Chlorine, total residual",430,C3,MAX,Concentration3,ug/L,.43000002,mg/L,500,ug/L,,11/30/2020
PR0025399,001,50060,"Chlorine, total residual",240,C3,MAX,Concentration3,ug/L,.24000001,mg/L,500,ug/L,,12/31/2020
PR0025399,001,50060,"Chlorine, total residual",290,C3,MAX,Concentration3,ug/L,.29000001,mg/L,500,ug/L,,01/31/2021
PR0025399,001,50060,"Chlorine, total residual",80,C3,MAX,Concentration3,ug/L,.08,mg/L,500,ug/L,,02/28/2021
PR0025399,001,50060,"Chlorine, total residual",190,C3,MAX,Concentration3,ug/L,.19000001,mg/L,500,ug/L,,03/31/2021
PR0025399,001,50060,"Chlorine, total residual",100,C3,MAX,Concentration3,ug/L,.1,mg/L,500,ug/L,,04/30/2021
PR0025399,001,50060,"Chlorine, total residual",150,C3,MAX,Concentration3,ug/L,.15000001,mg/L,500,ug/L,,05/31/2021
PR0025399,001,50060,"Chlorine, total residual",240,C3,MAX,Concentration3,ug/L,.24000001,mg/L,500,ug/L,,06/30/2021
PR0025399,001,50060,"Chlorine, total residual",90,C3,MAX,Concentration3,ug/L,.09,mg/L,500,ug/L,,07/31/2021
PR0025399,001,50060,"Chlorine, total residual",90,C3,MAX,Concentration3,ug/L,.09,mg/L,500,ug/L,,08/31/2021
PR0025399,001,50060,"Chlorine, total residual",140,C3,MAX,Concentration3,ug/L,.14000001,mg/L,500,ug/L,,09/30/2021
PR0025399,001,50060,"Chlorine, total residual",190,C3,MAX,Concentration3,ug/L,.19000001,mg/L,500,ug/L,,10/31/2021
PR0025399,001,50060,"Chlorine, total residual",140,C3,MAX,Concentration3,ug/L,.14000001,mg/L,500,ug/L,,11/30/2021
PR0025399,001,50060,"Chlorine, total residual",80,C3,MAX,Concentration3,ug/L,.08,mg/L,500,ug/L,,12/31/2021
PR0025399,001,50060,"Chlorine, total residual",80,C3,MAX,Concentration3,ug/L,.08,mg/L,500,ug/L,,01/31/2022
PR0025399,001,50060,"Chlorine, total residual",80,C3,MAX,Concentration3,ug/L,.08,mg/L,500,ug/L,,02/28/2022
PR0025399,001,50060,"Chlorine, total residual",70,C3,MAX,Concentration3,ug/L,.07,mg/L,500,ug/L,,03/31/2022
PR0025399,001,50060,"Chlorine, total residual",100,C3,MAX,Concentration3,ug/L,.1,mg/L,500,ug/L,,04/30/2022
PR0025399,001,50060,"Chlorine, total residual",140,C3,MAX,Concentration3,ug/L,.14000001,mg/L,500,ug/L,,05/31/2022
PR0025399,001,50060,"Chlorine, total residual",120,C3,MAX,Concentration3,ug/L,.12000001,mg/L,500,ug/L,,06/30/2022
PR0025399,001,50060,"Chlorine, total residual",440,C3,MAX,Concentration3,ug/L,.44000002,mg/L,500,ug/L,,07/31/2022
PR0025399,001,50060,"Chlorine, total residual",300,C3,MAX,Concentration3,ug/L,.30000001,mg/L,500,ug/L,,08/31/2022
PR0025399,001,50060,"Chlorine, total residual",70,C3,MAX,Concentration3,ug/L,.07,mg/L,500,ug/L,,09/30/2022
PR0025399,001,50060,"Chlorine, total residual",70,C3,MAX,Concentration3,ug/L,.07,mg/L,500,ug/L,,10/31/2022
PR0025399,001,50060,"Chlorine, total residual",70,C3,MAX,Concentration3,ug/L,.07,mg/L,500,ug/L,,11/30/2022
PR0025399,001,50060,"Chlorine, total residual",120,C3,MAX,Concentration3,ug/L,.12000001,mg/L,500,ug/L,,12/31/2022
PR0025399,001,50060,"Chlorine, total residual",260,C3,MAX,Concentration3,ug/L,.26000001,mg/L,500,ug/L,,01/31/2023
PR0025399,001,50060,"Chlorine, total residual",160,C3,MAX,Concentration3,ug/L,.16000001,mg/L,500,ug/L,,02/28/2023
PR0025399,001,50060,"Chlorine, total residual",180,C3,MAX,Concentration3,ug/L,.18000001,mg/L,500,ug/L,,03/31/2023
PR0025399,001,50060,"Chlorine, total residual",240,C3,MAX,Concentration3,ug/L,.24000001,mg/L,500,ug/L,,04/30/2023
PR0025399,001,50060,"Chlorine, total residual",150,C3,MAX,Concentration3,ug/L,.15000001,mg/L,500,ug/L,,05/31/2023
PR0025399,001,50060,"Chlorine, total residual",70,C3,MAX,Concentration3,ug/L,.07,mg/L,500,ug/L,,06/30/2023
PR0025399,001,50060,"Chlorine, total residual",120,C3,MAX,Concentration3,ug/L,.12000001,mg/L,500,ug/L,,07/31/2023
PR0025399,001,50060,"Chlorine, total residual",180,C3,MAX,Concentration3,ug/L,.18000001,mg/L,500,ug/L,,08/31/2023
PR0025399,001,50060,"Chlorine, total residual",180,C3,MAX,Concentration3,ug/L,.18000001,mg/L,500,ug/L,,09/30/2023
PR0025399,001,50060,"Chlorine, total residual",100,C3,MAX,Concentration3,ug/L,.1,mg/L,500,ug/L,,10/31/2023
PR0025399,001,50060,"Chlorine, total residual",90,C3,MAX,Concentration3,ug/L,.09,mg/L,500,ug/L,,11/30/2023
PR0025399,001,50060,"Chlorine, total residual",90,C3,MAX,Concentration3,ug/L,.09,mg/L,500,ug/L,,12/31/2023
PR0025399,001,50060,"Chlorine, total residual",100,C3,MAX,Concentration3,ug/L,.1,mg/L,500,ug/L,,01/31/2024
PR0025399,001,50060,"Chlorine, total residual",110,C3,MAX,Concentration3,ug/L,.11000001,mg/L,500,ug/L,,02/29/2024
PR0025399,001,50060,"Chlorine, total residual",240,C3,MAX,Concentration3,ug/L,.24000001,mg/L,500,ug/L,,03/31/2024
PR0025399,001,50060,"Chlorine, total residual",180,C3,MAX,Concentration3,ug/L,.18000001,mg/L,500,ug/L,,04/30/2024
PR0025399,001,50060,"Chlorine, total residual",140,C3,MAX,Concentration3,ug/L,.14000001,mg/L,500,ug/L,,05/31/2024
PR0025399,001,50060,"Chlorine, total residual",440,C3,MAX,Concentration3,ug/L,.44000002,mg/L,500,ug/L,,06/30/2024
PR0025399,001,50060,"Chlorine, total residual",320,C3,MAX,Concentration3,ug/L,.32000002,mg/L,500,ug/L,,07/31/2024
PR0025399,001,50060,"Chlorine, total residual",490,C3,MAX,Concentration3,ug/L,.49000002,mg/L,500,ug/L,,08/31/2024
PR0025399,001,50060,"Chlorine, total residual",660,C3,MAX,Concentration3,ug/L,.66000003,mg/L,500,ug/L,,09/30/2024
PR0025399,001,50060,"Chlorine, total residual",300,C3,MAX,Concentration3,ug/L,.30000001,mg/L,500,ug/L,,10/31/2024
PR0025399,001,50060,"Chlorine, total residual",240,C3,MAX,Concentration3,ug/L,.24000001,mg/L,500,ug/L,,11/30/2024
PR0025399,001,50060,"Chlorine, total residual",380,C3,MAX,Concentration3,ug/L,.38000002,mg/L,500,ug/L,,12/31/2024
PR0025399,001,50060,"Chlorine, total residual",470,C3,MAX,Concentration3,ug/L,.47000002,mg/L,500,ug/L,,01/31/2025
PR0025399,001,50060,"Chlorine, total residual",330,C3,MAX,Concentration3,ug/L,.33000002,mg/L,500,ug/L,,02/28/2025
PR0025399,001,50060,"Chlorine, total residual",390,C3,MAX,Concentration3,ug/L,.39000002,mg/L,500,ug/L,,03/31/2025
PR0025399,001,50060,"Chlorine, total residual",410,C3,MAX,Concentration3,ug/L,.41000002,mg/L,500,ug/L,,04/30/2025
PR0025399,001,50060,"Chlorine, total residual",230,C3,MAX,Concentration3,ug/L,.23000001,mg/L,500,ug/L,,05/31/2025
PR0025399,001,50060,"Chlorine, total residual",500,C3,MAX,Concentration3,ug/L,.50000002,mg/L,500,ug/L,,06/30/2025
PR0025399,001,50060,"Chlorine, total residual",280,C3,MAX,Concentration3,ug/L,.28000001,mg/L,500,ug/L,,07/31/2025
PR0025399,001,50060,"Chlorine, total residual",220,C3,MAX,Concentration3,ug/L,.22000001,mg/L,500,ug/L,,08/31/2025
PR0025399,001,50060,"Chlorine, total residual",190,C3,MAX,Concentration3,ug/L,.19000001,mg/L,500,ug/L,,09/30/2025
PR0025399,001,50060,"Chlorine, total residual",150,C3,MAX,Concentration3,ug/L,.15000001,mg/L,500,ug/L,,10/31/2025
PR0025399,001,50060,"Chlorine, total residual",190,C3,MAX,Concentration3,ug/L,.19000001,mg/L,500,ug/L,,11/30/2025
PR0025399,001,50060,"Chlorine, total residual",290,C3,MAX,Concentration3,ug/L,.29000001,mg/L,500,ug/L,,12/31/2025
PR0025399,001,50060,"Chlorine, total residual",260,C3,MAX,Concentration3,ug/L,.26000001,mg/L,500,ug/L,,01/31/2026
PR0025399,001,51173,"Cyanide, free available",0.7927,C3,MAX,Concentration3,ug/L,.0007927,mg/L,62.6,ug/L,,01/31/2020
PR0025399,001,51173,"Cyanide, free available",1.2,C3,MAX,Concentration3,ug/L,.0012,mg/L,62.6,ug/L,,02/29/2020
PR0025399,001,51173,"Cyanide, free available",0.5,C3,MAX,Concentration3,ug/L,.0005,mg/L,62.6,ug/L,,03/31/2020
PR0025399,001,51173,"Cyanide, free available",1.29,C3,MAX,Concentration3,ug/L,.00129,mg/L,62.6,ug/L,,04/30/2020
PR0025399,001,51173,"Cyanide, free available",0.8527,C3,MAX,Concentration3,ug/L,.0008527,mg/L,62.6,ug/L,,05/31/2020
PR0025399,001,51173,"Cyanide, free available",0.5,C3,MAX,Concentration3,ug/L,.0005,mg/L,62.6,ug/L,,06/30/2020
PR0025399,001,51173,"Cyanide, free available",0.6012,C3,MAX,Concentration3,ug/L,.0006012,mg/L,62.6,ug/L,,07/31/2020
PR0025399,001,51173,"Cyanide, free available",0.5,C3,MAX,Concentration3,ug/L,.0005,mg/L,62.6,ug/L,,08/31/2020
PR0025399,001,51173,"Cyanide, free available",17.5,C3,MAX,Concentration3,ug/L,.0175,mg/L,62.6,ug/L,,09/30/2020
PR0025399,001,51173,"Cyanide, free available",1.23,C3,MAX,Concentration3,ug/L,.00123,mg/L,62.6,ug/L,,10/31/2020
PR0025399,001,51173,"Cyanide, free available",4.21,C3,MAX,Concentration3,ug/L,.00421,mg/L,62.6,ug/L,,11/30/2020
PR0025399,001,51173,"Cyanide, free available",1.33,C3,MAX,Concentration3,ug/L,.00133,mg/L,62.6,ug/L,,12/31/2020
PR0025399,001,51173,"Cyanide, free available",1.52,C3,MAX,Concentration3,ug/L,.00152,mg/L,62.6,ug/L,,01/31/2021
PR0025399,001,51173,"Cyanide, free available",0.6842,C3,MAX,Concentration3,ug/L,.0006842,mg/L,62.6,ug/L,,02/28/2021
PR0025399,001,51173,"Cyanide, free available",0.5688,C3,MAX,Concentration3,ug/L,.0005688,mg/L,62.6,ug/L,,03/31/2021
PR0025399,001,51173,"Cyanide, free available",0.9269,C3,MAX,Concentration3,ug/L,.0009269,mg/L,62.6,ug/L,,04/30/2021
PR0025399,001,51173,"Cyanide, free available",0.5812,C3,MAX,Concentration3,ug/L,.0005812,mg/L,62.6,ug/L,,05/31/2021
PR0025399,001,51173,"Cyanide, free available",0.5978,C3,MAX,Concentration3,ug/L,.0005978,mg/L,62.6,ug/L,,06/30/2021
PR0025399,001,51173,"Cyanide, free available",0.7,C3,MAX,Concentration3,ug/L,.0007,mg/L,62.6,ug/L,,07/31/2021
PR0025399,001,51173,"Cyanide, free available",1.4,C3,MAX,Concentration3,ug/L,.0014,mg/L,62.6,ug/L,,08/31/2021
PR0025399,001,51173,"Cyanide, free available",1,C3,MAX,Concentration3,ug/L,.001,mg/L,62.6,ug/L,,09/30/2021
PR0025399,001,51173,"Cyanide, free available",1.3,C3,MAX,Concentration3,ug/L,.0013,mg/L,62.6,ug/L,,10/31/2021
PR0025399,001,51173,"Cyanide, free available",0.5,C3,MAX,Concentration3,ug/L,.0005,mg/L,62.6,ug/L,,11/30/2021
PR0025399,001,51173,"Cyanide, free available",0.8,C3,MAX,Concentration3,ug/L,.0008,mg/L,62.6,ug/L,,12/31/2021
PR0025399,001,51173,"Cyanide, free available",0.5,C3,MAX,Concentration3,ug/L,.0005,mg/L,62.6,ug/L,,01/31/2022
PR0025399,001,51173,"Cyanide, free available",0.5,C3,MAX,Concentration3,ug/L,.0005,mg/L,62.6,ug/L,,02/28/2022
PR0025399,001,51173,"Cyanide, free available",0.5,C3,MAX,Concentration3,ug/L,.0005,mg/L,62.6,ug/L,,03/31/2022
PR0025399,001,51173,"Cyanide, free available",1.1,C3,MAX,Concentration3,ug/L,.0011,mg/L,62.6,ug/L,,04/30/2022
PR0025399,001,51173,"Cyanide, free available",1.3,C3,MAX,Concentration3,ug/L,.0013,mg/L,62.6,ug/L,,05/31/2022
PR0025399,001,51173,"Cyanide, free available",0.5,C3,MAX,Concentration3,ug/L,.0005,mg/L,62.6,ug/L,,06/30/2022
PR0025399,001,51173,"Cyanide, free available",0.7,C3,MAX,Concentration3,ug/L,.0007,mg/L,62.6,ug/L,,07/31/2022
PR0025399,001,51173,"Cyanide, free available",0.6,C3,MAX,Concentration3,ug/L,.0006,mg/L,62.6,ug/L,,08/31/2022
PR0025399,001,51173,"Cyanide, free available",0.6,C3,MAX,Concentration3,ug/L,.0006,mg/L,62.6,ug/L,,09/30/2022
PR0025399,001,51173,"Cyanide, free available",0.5,C3,MAX,Concentration3,ug/L,.0005,mg/L,62.6,ug/L,,10/31/2022
PR0025399,001,51173,"Cyanide, free available",0.6,C3,MAX,Concentration3,ug/L,.0006,mg/L,62.6,ug/L,,11/30/2022
PR0025399,001,51173,"Cyanide, free available",1.6,C3,MAX,Concentration3,ug/L,.0016,mg/L,62.6,ug/L,,12/31/2022
PR0025399,001,51173,"Cyanide, free available",0.9,C3,MAX,Concentration3,ug/L,.0009,mg/L,62.6,ug/L,,01/31/2023
PR0025399,001,51173,"Cyanide, free available",1.1,C3,MAX,Concentration3,ug/L,.0011,mg/L,62.6,ug/L,,02/28/2023
PR0025399,001,51173,"Cyanide, free available",1.1,C3,MAX,Concentration3,ug/L,.0011,mg/L,62.6,ug/L,,03/31/2023
PR0025399,001,51173,"Cyanide, free available",0.6,C3,MAX,Concentration3,ug/L,.0006,mg/L,62.6,ug/L,,04/30/2023
PR0025399,001,51173,"Cyanide, free available",0.7,C3,MAX,Concentration3,ug/L,.0007,mg/L,62.6,ug/L,,05/31/2023
PR0025399,001,51173,"Cyanide, free available",0.5,C3,MAX,Concentration3,ug/L,.0005,mg/L,62.6,ug/L,,06/30/2023
PR0025399,001,51173,"Cyanide, free available",0.7,C3,MAX,Concentration3,ug/L,.0007,mg/L,62.6,ug/L,,07/31/2023
PR0025399,001,51173,"Cyanide, free available",0.9,C3,MAX,Concentration3,ug/L,.0009,mg/L,62.6,ug/L,,08/31/2023
PR0025399,001,51173,"Cyanide, free available",1.1,C3,MAX,Concentration3,ug/L,.0011,mg/L,62.6,ug/L,,09/30/2023
PR0025399,001,51173,"Cyanide, free available",2.8,C3,MAX,Concentration3,ug/L,.0028,mg/L,62.6,ug/L,,10/31/2023
PR0025399,001,51173,"Cyanide, free available",0.6,C3,MAX,Concentration3,ug/L,.0006,mg/L,62.6,ug/L,,11/30/2023
PR0025399,001,51173,"Cyanide, free available",0.5,C3,MAX,Concentration3,ug/L,.0005,mg/L,62.6,ug/L,,12/31/2023
PR0025399,001,51173,"Cyanide, free available",2.2,C3,MAX,Concentration3,ug/L,.0022,mg/L,62.6,ug/L,,01/31/2024
PR0025399,001,51173,"Cyanide, free available",0.5,C3,MAX,Concentration3,ug/L,.0005,mg/L,62.6,ug/L,,02/29/2024
PR0025399,001,51173,"Cyanide, free available",1.9,C3,MAX,Concentration3,ug/L,.0019,mg/L,62.6,ug/L,,03/31/2024
PR0025399,001,51173,"Cyanide, free available",0.9,C3,MAX,Concentration3,ug/L,.0009,mg/L,62.6,ug/L,,04/30/2024
PR0025399,001,51173,"Cyanide, free available",0.8,C3,MAX,Concentration3,ug/L,.0008,mg/L,62.6,ug/L,,05/31/2024
PR0025399,001,51173,"Cyanide, free available",1.2,C3,MAX,Concentration3,ug/L,.0012,mg/L,62.6,ug/L,,06/30/2024
PR0025399,001,51173,"Cyanide, free available",0.5,C3,MAX,Concentration3,ug/L,.0005,mg/L,62.6,ug/L,,07/31/2024
PR0025399,001,51173,"Cyanide, free available",0.6,C3,MAX,Concentration3,ug/L,.0006,mg/L,62.6,ug/L,,08/31/2024
PR0025399,001,51173,"Cyanide, free available",1.1,C3,MAX,Concentration3,ug/L,.0011,mg/L,62.6,ug/L,,09/30/2024
PR0025399,001,51173,"Cyanide, free available",0.5,C3,MAX,Concentration3,ug/L,.0005,mg/L,62.6,ug/L,,10/31/2024
PR0025399,001,51173,"Cyanide, free available",1.5,C3,MAX,Concentration3,ug/L,.0015,mg/L,62.6,ug/L,,11/30/2024
PR0025399,001,51173,"Cyanide, free available",1.1,C3,MAX,Concentration3,ug/L,.0011,mg/L,62.6,ug/L,,12/31/2024
PR0025399,001,51173,"Cyanide, free available",0.5,C3,MAX,Concentration3,ug/L,.0005,mg/L,62.6,ug/L,,01/31/2025
PR0025399,001,51173,"Cyanide, free available",0.6,C3,MAX,Concentration3,ug/L,.0006,mg/L,62.6,ug/L,,02/28/2025
PR0025399,001,51173,"Cyanide, free available",0.5,C3,MAX,Concentration3,ug/L,.0005,mg/L,62.6,ug/L,,03/31/2025
PR0025399,001,51173,"Cyanide, free available",0.6,C3,MAX,Concentration3,ug/L,.0006,mg/L,62.6,ug/L,,04/30/2025
PR0025399,001,51173,"Cyanide, free available",8,C3,MAX,Concentration3,ug/L,.008,mg/L,62.6,ug/L,,05/31/2025
PR0025399,001,51173,"Cyanide, free available",0.5,C3,MAX,Concentration3,ug/L,.0005,mg/L,62.6,ug/L,,06/30/2025
PR0025399,001,51173,"Cyanide, free available",2.9,C3,MAX,Concentration3,ug/L,.0029,mg/L,62.6,ug/L,,07/31/2025
PR0025399,001,51173,"Cyanide, free available",0.7,C3,MAX,Concentration3,ug/L,.0007,mg/L,62.6,ug/L,,08/31/2025
PR0025399,001,51173,"Cyanide, free available",0.6,C3,MAX,Concentration3,ug/L,.0006,mg/L,62.6,ug/L,,09/30/2025
PR0025399,001,51173,"Cyanide, free available",0.5,C3,MAX,Concentration3,ug/L,.0005,mg/L,62.6,ug/L,,10/31/2025
PR0025399,001,51173,"Cyanide, free available",0.8,C3,MAX,Concentration3,ug/L,.0008,mg/L,62.6,ug/L,,11/30/2025
PR0025399,001,51173,"Cyanide, free available",1.1,C3,MAX,Concentration3,ug/L,.0011,mg/L,62.6,ug/L,,12/31/2025
PR0025399,001,51173,"Cyanide, free available",0.7,C3,MAX,Concentration3,ug/L,.0007,mg/L,62.6,ug/L,,01/31/2026
PR0025399,001,51202,Sulfide-hydrogen sulfide [undissociated],0.1,C3,MAX,Concentration3,ug/L,.0001,mg/L,,ug/L,,01/31/2020
PR0025399,001,51202,Sulfide-hydrogen sulfide [undissociated],0.1,C3,MAX,Concentration3,ug/L,.0001,mg/L,,ug/L,,02/29/2020
PR0025399,001,51202,Sulfide-hydrogen sulfide [undissociated],19.1,C3,MAX,Concentration3,ug/L,.0191,mg/L,,ug/L,,03/31/2020
PR0025399,001,51202,Sulfide-hydrogen sulfide [undissociated],0.1,C3,MAX,Concentration3,ug/L,.0001,mg/L,,ug/L,,04/30/2020
PR0025399,001,51202,Sulfide-hydrogen sulfide [undissociated],0.1,C3,MAX,Concentration3,ug/L,.0001,mg/L,,ug/L,,05/31/2020
PR0025399,001,51202,Sulfide-hydrogen sulfide [undissociated],0.1,C3,MAX,Concentration3,ug/L,.0001,mg/L,,ug/L,,06/30/2020
PR0025399,001,51202,Sulfide-hydrogen sulfide [undissociated],0.1,C3,MAX,Concentration3,ug/L,.0001,mg/L,,ug/L,,07/31/2020
PR0025399,001,51202,Sulfide-hydrogen sulfide [undissociated],0.1,C3,MAX,Concentration3,ug/L,.0001,mg/L,,ug/L,,08/31/2020
PR0025399,001,51202,Sulfide-hydrogen sulfide [undissociated],0.1,C3,MAX,Concentration3,ug/L,.0001,mg/L,,ug/L,,09/30/2020
PR0025399,001,51202,Sulfide-hydrogen sulfide [undissociated],7.1,C3,MAX,Concentration3,ug/L,.0071,mg/L,,ug/L,,10/31/2020
PR0025399,001,51202,Sulfide-hydrogen sulfide [undissociated],0.1,C3,MAX,Concentration3,ug/L,.0001,mg/L,,ug/L,,11/30/2020
PR0025399,001,51202,Sulfide-hydrogen sulfide [undissociated],0.1,C3,MAX,Concentration3,ug/L,.0001,mg/L,,ug/L,,12/31/2020
PR0025399,001,51202,Sulfide-hydrogen sulfide [undissociated],0.1,C3,MAX,Concentration3,ug/L,.0001,mg/L,,ug/L,,01/31/2021
PR0025399,001,51202,Sulfide-hydrogen sulfide [undissociated],0.1,C3,MAX,Concentration3,ug/L,.0001,mg/L,,ug/L,,02/28/2021
PR0025399,001,51202,Sulfide-hydrogen sulfide [undissociated],0.1,C3,MAX,Concentration3,ug/L,.0001,mg/L,,ug/L,,03/31/2021
PR0025399,001,51202,Sulfide-hydrogen sulfide [undissociated],0.1,C3,MAX,Concentration3,ug/L,.0001,mg/L,,ug/L,,04/30/2021
PR0025399,001,51202,Sulfide-hydrogen sulfide [undissociated],0.1,C3,MAX,Concentration3,ug/L,.0001,mg/L,,ug/L,,05/31/2021
PR0025399,001,51202,Sulfide-hydrogen sulfide [undissociated],0.1,C3,MAX,Concentration3,ug/L,.0001,mg/L,,ug/L,,06/30/2021
PR0025399,001,51202,Sulfide-hydrogen sulfide [undissociated],0.1,C3,MAX,Concentration3,ug/L,.0001,mg/L,,ug/L,,07/31/2021
PR0025399,001,51202,Sulfide-hydrogen sulfide [undissociated],0.1,C3,MAX,Concentration3,ug/L,.0001,mg/L,,ug/L,,08/31/2021
PR0025399,001,51202,Sulfide-hydrogen sulfide [undissociated],0.1,C3,MAX,Concentration3,ug/L,.0001,mg/L,,ug/L,,09/30/2021
PR0025399,001,51202,Sulfide-hydrogen sulfide [undissociated],0.1,C3,MAX,Concentration3,ug/L,.0001,mg/L,,ug/L,,10/31/2021
PR0025399,001,51202,Sulfide-hydrogen sulfide [undissociated],0.1,C3,MAX,Concentration3,ug/L,.0001,mg/L,,ug/L,,11/30/2021
PR0025399,001,51202,Sulfide-hydrogen sulfide [undissociated],0.1,C3,MAX,Concentration3,ug/L,.0001,mg/L,,ug/L,,12/31/2021
PR0025399,001,51202,Sulfide-hydrogen sulfide [undissociated],0.1,C3,MAX,Concentration3,ug/L,.0001,mg/L,,ug/L,,01/31/2022
PR0025399,001,51202,Sulfide-hydrogen sulfide [undissociated],0.1,C3,MAX,Concentration3,ug/L,.0001,mg/L,,ug/L,,02/28/2022
PR0025399,001,51202,Sulfide-hydrogen sulfide [undissociated],0.1,C3,MAX,Concentration3,ug/L,.0001,mg/L,,ug/L,,03/31/2022
PR0025399,001,51202,Sulfide-hydrogen sulfide [undissociated],0.1,C3,MAX,Concentration3,ug/L,.0001,mg/L,,ug/L,,04/30/2022
PR0025399,001,51202,Sulfide-hydrogen sulfide [undissociated],0.1,C3,MAX,Concentration3,ug/L,.0001,mg/L,,ug/L,,05/31/2022
PR0025399,001,51202,Sulfide-hydrogen sulfide [undissociated],0.1,C3,MAX,Concentration3,ug/L,.0001,mg/L,,ug/L,,06/30/2022
PR0025399,001,51202,Sulfide-hydrogen sulfide [undissociated],4.3,C3,MAX,Concentration3,ug/L,.0043,mg/L,,ug/L,,07/31/2022
PR0025399,001,51202,Sulfide-hydrogen sulfide [undissociated],2.9,C3,MAX,Concentration3,ug/L,.0029,mg/L,,ug/L,,08/31/2022
PR0025399,001,51202,Sulfide-hydrogen sulfide [undissociated],0.1,C3,MAX,Concentration3,ug/L,.0001,mg/L,,ug/L,,09/30/2022
PR0025399,001,51202,Sulfide-hydrogen sulfide [undissociated],0.1,C3,MAX,Concentration3,ug/L,.0001,mg/L,,ug/L,,10/31/2022
PR0025399,001,51202,Sulfide-hydrogen sulfide [undissociated],0.1,C3,MAX,Concentration3,ug/L,.0001,mg/L,,ug/L,,11/30/2022
PR0025399,001,51202,Sulfide-hydrogen sulfide [undissociated],0.1,C3,MAX,Concentration3,ug/L,.0001,mg/L,,ug/L,,12/31/2022
PR0025399,001,51202,Sulfide-hydrogen sulfide [undissociated],2.8,C3,MAX,Concentration3,ug/L,.0028,mg/L,,ug/L,,01/31/2023
PR0025399,001,51202,Sulfide-hydrogen sulfide [undissociated],1.1,C3,MAX,Concentration3,ug/L,.0011,mg/L,,ug/L,,02/28/2023
PR0025399,001,51202,Sulfide-hydrogen sulfide [undissociated],1.2,C3,MAX,Concentration3,ug/L,.0012,mg/L,,ug/L,,03/31/2023
PR0025399,001,51202,Sulfide-hydrogen sulfide [undissociated],1.9,C3,MAX,Concentration3,ug/L,.0019,mg/L,,ug/L,,04/30/2023
PR0025399,001,51202,Sulfide-hydrogen sulfide [undissociated],1.3,C3,MAX,Concentration3,ug/L,.0013,mg/L,,ug/L,,05/31/2023
PR0025399,001,51202,Sulfide-hydrogen sulfide [undissociated],5.8,C3,MAX,Concentration3,ug/L,.0058,mg/L,,ug/L,,06/30/2023
PR0025399,001,51202,Sulfide-hydrogen sulfide [undissociated],6.2,C3,MAX,Concentration3,ug/L,.0062,mg/L,,ug/L,,07/31/2023
PR0025399,001,51202,Sulfide-hydrogen sulfide [undissociated],4.9,C3,MAX,Concentration3,ug/L,.0049,mg/L,,ug/L,,08/31/2023
PR0025399,001,51202,Sulfide-hydrogen sulfide [undissociated],0.1,C3,MAX,Concentration3,ug/L,.0001,mg/L,,ug/L,,09/30/2023
PR0025399,001,51202,Sulfide-hydrogen sulfide [undissociated],3.5,C3,MAX,Concentration3,ug/L,.0035,mg/L,,ug/L,,10/31/2023
PR0025399,001,51202,Sulfide-hydrogen sulfide [undissociated],2.8,C3,MAX,Concentration3,ug/L,.0028,mg/L,,ug/L,,11/30/2023
PR0025399,001,51202,Sulfide-hydrogen sulfide [undissociated],0.1,C3,MAX,Concentration3,ug/L,.0001,mg/L,,ug/L,,12/31/2023
PR0025399,001,51202,Sulfide-hydrogen sulfide [undissociated],2.3,C3,MAX,Concentration3,ug/L,.0023,mg/L,,ug/L,,01/31/2024
PR0025399,001,51202,Sulfide-hydrogen sulfide [undissociated],0.1,C3,MAX,Concentration3,ug/L,.0001,mg/L,,ug/L,,02/29/2024
PR0025399,001,51202,Sulfide-hydrogen sulfide [undissociated],0.1,C3,MAX,Concentration3,ug/L,.0001,mg/L,,ug/L,,03/31/2024
PR0025399,001,51202,Sulfide-hydrogen sulfide [undissociated],0.1,C3,MAX,Concentration3,ug/L,.0001,mg/L,,ug/L,,04/30/2024
PR0025399,001,51202,Sulfide-hydrogen sulfide [undissociated],0.1,C3,MAX,Concentration3,ug/L,.0001,mg/L,,ug/L,,05/31/2024
PR0025399,001,51202,Sulfide-hydrogen sulfide [undissociated],0.1,C3,MAX,Concentration3,ug/L,.0001,mg/L,,ug/L,,06/30/2024
PR0025399,001,51202,Sulfide-hydrogen sulfide [undissociated],0.1,C3,MAX,Concentration3,ug/L,.0001,mg/L,,ug/L,,07/31/2024
PR0025399,001,51202,Sulfide-hydrogen sulfide [undissociated],0.1,C3,MAX,Concentration3,ug/L,.0001,mg/L,,ug/L,,08/31/2024
PR0025399,001,51202,Sulfide-hydrogen sulfide [undissociated],0.1,C3,MAX,Concentration3,ug/L,.0001,mg/L,,ug/L,,09/30/2024
PR0025399,001,51202,Sulfide-hydrogen sulfide [undissociated],0.1,C3,MAX,Concentration3,ug/L,.0001,mg/L,,ug/L,,10/31/2024
PR0025399,001,51202,Sulfide-hydrogen sulfide [undissociated],0.1,C3,MAX,Concentration3,ug/L,.0001,mg/L,,ug/L,,11/30/2024
PR0025399,001,51202,Sulfide-hydrogen sulfide [undissociated],0.1,C3,MAX,Concentration3,ug/L,.0001,mg/L,,ug/L,,12/31/2024
PR0025399,001,51202,Sulfide-hydrogen sulfide [undissociated],0.1,C3,MAX,Concentration3,ug/L,.0001,mg/L,,ug/L,,01/31/2025
PR0025399,001,51202,Sulfide-hydrogen sulfide [undissociated],0.1,C3,MAX,Concentration3,ug/L,.0001,mg/L,,ug/L,,02/28/2025
PR0025399,001,51202,Sulfide-hydrogen sulfide [undissociated],4.1,C3,MAX,Concentration3,ug/L,.0041,mg/L,,ug/L,,03/31/2025
PR0025399,001,51202,Sulfide-hydrogen sulfide [undissociated],0.1,C3,MAX,Concentration3,ug/L,.0001,mg/L,,ug/L,,04/30/2025
PR0025399,001,51202,Sulfide-hydrogen sulfide [undissociated],0.7,C3,MAX,Concentration3,ug/L,.0007,mg/L,,ug/L,,05/31/2025
PR0025399,001,51202,Sulfide-hydrogen sulfide [undissociated],1.1,C3,MAX,Concentration3,ug/L,.0011,mg/L,,ug/L,,06/30/2025
PR0025399,001,51202,Sulfide-hydrogen sulfide [undissociated],0.1,C3,MAX,Concentration3,ug/L,.0001,mg/L,,ug/L,,07/31/2025
PR0025399,001,51202,Sulfide-hydrogen sulfide [undissociated],0.1,C3,MAX,Concentration3,ug/L,.0001,mg/L,,ug/L,,08/31/2025
PR0025399,001,51202,Sulfide-hydrogen sulfide [undissociated],0.1,C3,MAX,Concentration3,ug/L,.0001,mg/L,,ug/L,,09/30/2025
PR0025399,001,51202,Sulfide-hydrogen sulfide [undissociated],0.1,C3,MAX,Concentration3,ug/L,.0001,mg/L,,ug/L,,10/31/2025
PR0025399,001,51202,Sulfide-hydrogen sulfide [undissociated],0.1,C3,MAX,Concentration3,ug/L,.0001,mg/L,,ug/L,,11/30/2025
PR0025399,001,51202,Sulfide-hydrogen sulfide [undissociated],3.4,C3,MAX,Concentration3,ug/L,.0034,mg/L,,ug/L,,12/31/2025
PR0025399,001,51202,Sulfide-hydrogen sulfide [undissociated],0.1,C3,MAX,Concentration3,ug/L,.0001,mg/L,,ug/L,,01/31/2026
PR0025399,001,51713,Whole Effluent Toxicity [WET] - Americamysis bahia (formerly Mysidopsis bahia),1,C1,MIN,Concentration1,%,1,%,,%,,03/31/2020
PR0025399,001,51713,Whole Effluent Toxicity [WET] - Americamysis bahia (formerly Mysidopsis bahia),1,C1,MIN,Concentration1,%,1,%,,%,,06/30/2020
PR0025399,001,51713,Whole Effluent Toxicity [WET] - Americamysis bahia (formerly Mysidopsis bahia),1,C1,MIN,Concentration1,%,1,%,,%,,09/30/2020
PR0025399,001,51713,Whole Effluent Toxicity [WET] - Americamysis bahia (formerly Mysidopsis bahia),1,C1,MIN,Concentration1,%,1,%,,%,,12/31/2020
PR0025399,001,51713,Whole Effluent Toxicity [WET] - Americamysis bahia (formerly Mysidopsis bahia),1,C1,MIN,Concentration1,%,1,%,,%,,03/31/2021
PR0025399,001,51713,Whole Effluent Toxicity [WET] - Americamysis bahia (formerly Mysidopsis bahia),1,C1,MIN,Concentration1,%,1,%,,%,,06/30/2021
PR0025399,001,51713,Whole Effluent Toxicity [WET] - Americamysis bahia (formerly Mysidopsis bahia),1,C1,MIN,Concentration1,%,1,%,,%,,09/30/2021
PR0025399,001,51713,Whole Effluent Toxicity [WET] - Americamysis bahia (formerly Mysidopsis bahia),1,C1,MIN,Concentration1,%,1,%,,%,,12/31/2021
PR0025399,001,51713,Whole Effluent Toxicity [WET] - Americamysis bahia (formerly Mysidopsis bahia),6.3,C1,MIN,Concentration1,%,6.3,%,,%,,03/31/2022
PR0025399,001,51713,Whole Effluent Toxicity [WET] - Americamysis bahia (formerly Mysidopsis bahia),6.3,C1,MIN,Concentration1,%,6.3,%,,%,,06/30/2022
PR0025399,001,51713,Whole Effluent Toxicity [WET] - Americamysis bahia (formerly Mysidopsis bahia),6.3,C1,MIN,Concentration1,%,6.3,%,,%,,09/30/2022
PR0025399,001,51713,Whole Effluent Toxicity [WET] - Americamysis bahia (formerly Mysidopsis bahia),6.3,C1,MIN,Concentration1,%,6.3,%,,%,,12/31/2022
PR0025399,001,51713,Whole Effluent Toxicity [WET] - Americamysis bahia (formerly Mysidopsis bahia),6.3,C1,MIN,Concentration1,%,6.3,%,,%,,03/31/2023
PR0025399,001,51713,Whole Effluent Toxicity [WET] - Americamysis bahia (formerly Mysidopsis bahia),6.3,C1,MIN,Concentration1,%,6.3,%,,%,,06/30/2023
PR0025399,001,51713,Whole Effluent Toxicity [WET] - Americamysis bahia (formerly Mysidopsis bahia),6.3,C1,MIN,Concentration1,%,6.3,%,,%,,09/30/2023
PR0025399,001,51713,Whole Effluent Toxicity [WET] - Americamysis bahia (formerly Mysidopsis bahia),6.3,C1,MIN,Concentration1,%,6.3,%,,%,,12/31/2023
PR0025399,001,51713,Whole Effluent Toxicity [WET] - Americamysis bahia (formerly Mysidopsis bahia),6.3,C1,MIN,Concentration1,%,6.3,%,,%,,03/31/2024
PR0025399,001,51713,Whole Effluent Toxicity [WET] - Americamysis bahia (formerly Mysidopsis bahia),6.3,C1,MIN,Concentration1,%,6.3,%,,%,,06/30/2024
PR0025399,001,51713,Whole Effluent Toxicity [WET] - Americamysis bahia (formerly Mysidopsis bahia),6.3,C1,MIN,Concentration1,%,6.3,%,,%,,09/30/2024
PR0025399,001,51713,Whole Effluent Toxicity [WET] - Americamysis bahia (formerly Mysidopsis bahia),6.3,C1,MIN,Concentration1,%,6.3,%,,%,,12/31/2024
PR0025399,001,51713,Whole Effluent Toxicity [WET] - Americamysis bahia (formerly Mysidopsis bahia),6.3,C1,MIN,Concentration1,%,6.3,%,,%,,03/31/2025
PR0025399,001,51713,Whole Effluent Toxicity [WET] - Americamysis bahia (formerly Mysidopsis bahia),6.3,C1,MIN,Concentration1,%,6.3,%,,%,,06/30/2025
PR0025399,001,51713,Whole Effluent Toxicity [WET] - Americamysis bahia (formerly Mysidopsis bahia),6.3,C1,MIN,Concentration1,%,6.3,%,,%,,09/30/2025
PR0025399,001,51713,Whole Effluent Toxicity [WET] - Americamysis bahia (formerly Mysidopsis bahia),6.3,C1,MIN,Concentration1,%,6.3,%,,%,,12/31/2025
PR0025399,001,61211,Enterococci,2420,C3,MAX,Concentration3,#/100mL,2420,MPN/100mL,,#/100mL,,01/31/2020
PR0025399,001,61211,Enterococci,72,C2,AVG,Concentration2,#/100mL,72,MPN/100mL,,#/100mL,,01/31/2020
PR0025399,001,61211,Enterococci,174,C2,AVG,Concentration2,#/100mL,174,MPN/100mL,,#/100mL,,02/29/2020
PR0025399,001,61211,Enterococci,2420,C3,MAX,Concentration3,#/100mL,2420,MPN/100mL,,#/100mL,,02/29/2020
PR0025399,001,61211,Enterococci,2420,C3,MAX,Concentration3,#/100mL,2420,MPN/100mL,,#/100mL,,03/31/2020
PR0025399,001,61211,Enterococci,451,C2,AVG,Concentration2,#/100mL,451,MPN/100mL,,#/100mL,,03/31/2020
PR0025399,001,61211,Enterococci,197,C2,AVG,Concentration2,#/100mL,197,MPN/100mL,,#/100mL,,04/30/2020
PR0025399,001,61211,Enterococci,2420,C3,MAX,Concentration3,#/100mL,2420,MPN/100mL,,#/100mL,,04/30/2020
PR0025399,001,61211,Enterococci,1265,C3,MAX,Concentration3,#/100mL,1265,MPN/100mL,,#/100mL,,05/31/2020
PR0025399,001,61211,Enterococci,61,C2,AVG,Concentration2,#/100mL,61,MPN/100mL,,#/100mL,,05/31/2020
PR0025399,001,61211,Enterococci,29,C2,AVG,Concentration2,#/100mL,29,MPN/100mL,,#/100mL,,06/30/2020
PR0025399,001,61211,Enterococci,88.95,C3,MAX,Concentration3,#/100mL,88.95,MPN/100mL,,#/100mL,,06/30/2020
PR0025399,001,61211,Enterococci,89,C3,MAX,Concentration3,#/100mL,89,MPN/100mL,,#/100mL,,07/31/2020
PR0025399,001,61211,Enterococci,59,C2,AVG,Concentration2,#/100mL,59,MPN/100mL,,#/100mL,,07/31/2020
PR0025399,001,61211,Enterococci,81,C2,AVG,Concentration2,#/100mL,81,MPN/100mL,,#/100mL,,08/31/2020
PR0025399,001,61211,Enterococci,175,C3,MAX,Concentration3,#/100mL,175,MPN/100mL,,#/100mL,,08/31/2020
PR0025399,001,61211,Enterococci,269.5,C3,MAX,Concentration3,#/100mL,269.5,MPN/100mL,,#/100mL,,09/30/2020
PR0025399,001,61211,Enterococci,114,C2,AVG,Concentration2,#/100mL,114,MPN/100mL,,#/100mL,,09/30/2020
PR0025399,001,61211,Enterococci,386,C2,AVG,Concentration2,#/100mL,386,MPN/100mL,,#/100mL,,10/31/2020
PR0025399,001,61211,Enterococci,2420,C3,MAX,Concentration3,#/100mL,2420,MPN/100mL,,#/100mL,,10/31/2020
PR0025399,001,61211,Enterococci,2420,C3,MAX,Concentration3,#/100mL,2420,MPN/100mL,,#/100mL,,11/30/2020
PR0025399,001,61211,Enterococci,620,C2,AVG,Concentration2,#/100mL,620,MPN/100mL,,#/100mL,,11/30/2020
PR0025399,001,61211,Enterococci,1122,C2,AVG,Concentration2,#/100mL,1122,MPN/100mL,,#/100mL,,12/31/2020
PR0025399,001,61211,Enterococci,2420,C3,MAX,Concentration3,#/100mL,2420,MPN/100mL,,#/100mL,,12/31/2020
PR0025399,001,61211,Enterococci,2420,C3,MAX,Concentration3,#/100mL,2420,MPN/100mL,,#/100mL,,01/31/2021
PR0025399,001,61211,Enterococci,475,C2,AVG,Concentration2,#/100mL,475,MPN/100mL,,#/100mL,,01/31/2021
PR0025399,001,61211,Enterococci,221,C2,AVG,Concentration2,#/100mL,221,MPN/100mL,,#/100mL,,02/28/2021
PR0025399,001,61211,Enterococci,1373,C3,MAX,Concentration3,#/100mL,1373,MPN/100mL,,#/100mL,,02/28/2021
PR0025399,001,61211,Enterococci,429.3,C3,MAX,Concentration3,#/100mL,429.3,MPN/100mL,,#/100mL,,03/31/2021
PR0025399,001,61211,Enterococci,120,C2,AVG,Concentration2,#/100mL,120,MPN/100mL,,#/100mL,,03/31/2021
PR0025399,001,61211,Enterococci,79,C2,AVG,Concentration2,#/100mL,79,MPN/100mL,,#/100mL,,04/30/2021
PR0025399,001,61211,Enterococci,462.2,C3,MAX,Concentration3,#/100mL,462.2,MPN/100mL,,#/100mL,,04/30/2021
PR0025399,001,61211,Enterococci,462.2,C3,MAX,Concentration3,#/100mL,462.2,MPN/100mL,,#/100mL,,05/31/2021
PR0025399,001,61211,Enterococci,42,C2,AVG,Concentration2,#/100mL,42,MPN/100mL,,#/100mL,,05/31/2021
PR0025399,001,61211,Enterococci,47,C2,AVG,Concentration2,#/100mL,47,MPN/100mL,,#/100mL,,06/30/2021
PR0025399,001,61211,Enterococci,598.2,C3,MAX,Concentration3,#/100mL,598.2,MPN/100mL,,#/100mL,,06/30/2021
PR0025399,001,61211,Enterococci,1327,C3,MAX,Concentration3,#/100mL,1327,MPN/100mL,,#/100mL,,07/31/2021
PR0025399,001,61211,Enterococci,130,C2,AVG,Concentration2,#/100mL,130,MPN/100mL,,#/100mL,,07/31/2021
PR0025399,001,61211,Enterococci,471,C2,AVG,Concentration2,#/100mL,471,MPN/100mL,,#/100mL,,08/31/2021
PR0025399,001,61211,Enterococci,2076,C3,MAX,Concentration3,#/100mL,2076,MPN/100mL,,#/100mL,,08/31/2021
PR0025399,001,61211,Enterococci,2076,C3,MAX,Concentration3,#/100mL,2076,MPN/100mL,,#/100mL,,09/30/2021
PR0025399,001,61211,Enterococci,268,C2,AVG,Concentration2,#/100mL,268,MPN/100mL,,#/100mL,,09/30/2021
PR0025399,001,61211,Enterococci,188,C2,AVG,Concentration2,#/100mL,188,MPN/100mL,,#/100mL,,10/31/2021
PR0025399,001,61211,Enterococci,1670,C3,MAX,Concentration3,#/100mL,1670,MPN/100mL,,#/100mL,,10/31/2021
PR0025399,001,61211,Enterococci,456,C3,MAX,Concentration3,#/100mL,456,MPN/100mL,,#/100mL,,11/30/2021
PR0025399,001,61211,Enterococci,108,C2,AVG,Concentration2,#/100mL,108,MPN/100mL,,#/100mL,,11/30/2021
PR0025399,001,61211,Enterococci,200,C2,AVG,Concentration2,#/100mL,200,MPN/100mL,,#/100mL,,12/31/2021
PR0025399,001,61211,Enterococci,1520,C3,MAX,Concentration3,#/100mL,1520,MPN/100mL,,#/100mL,,12/31/2021
PR0025399,001,61211,Enterococci,275,C2,AVG,Concentration2,#/100mL,275,MPN/100mL,,#/100mL,,01/31/2022
PR0025399,001,61211,Enterococci,2420,C3,MAX,Concentration3,#/100mL,2420,MPN/100mL,,#/100mL,,01/31/2022
PR0025399,001,61211,Enterococci,2420,C3,MAX,Concentration3,#/100mL,2420,MPN/100mL,,#/100mL,,02/28/2022
PR0025399,001,61211,Enterococci,393,C2,AVG,Concentration2,#/100mL,393,MPN/100mL,,#/100mL,,02/28/2022
PR0025399,001,61211,Enterococci,2420,C3,MAX,Concentration3,#/100mL,2420,MPN/100mL,,#/100mL,,03/31/2022
PR0025399,001,61211,Enterococci,536,C2,AVG,Concentration2,#/100mL,536,MPN/100mL,,#/100mL,,03/31/2022
PR0025399,001,61211,Enterococci,1355,C3,MAX,Concentration3,#/100mL,1355,MPN/100mL,,#/100mL,,04/30/2022
PR0025399,001,61211,Enterococci,203,C2,AVG,Concentration2,#/100mL,203,MPN/100mL,,#/100mL,,04/30/2022
PR0025399,001,61211,Enterococci,136,C2,AVG,Concentration2,#/100mL,136,MPN/100mL,,#/100mL,,05/31/2022
PR0025399,001,61211,Enterococci,1356,C3,MAX,Concentration3,#/100mL,1356,MPN/100mL,,#/100mL,,05/31/2022
PR0025399,001,61211,Enterococci,42,C2,AVG,Concentration2,#/100mL,42,MPN/100mL,,#/100mL,,06/30/2022
PR0025399,001,61211,Enterococci,80.6,C3,MAX,Concentration3,#/100mL,80.6,MPN/100mL,,#/100mL,,06/30/2022
PR0025399,001,61211,Enterococci,108.5,C3,MAX,Concentration3,#/100mL,108.5,MPN/100mL,,#/100mL,,07/31/2022
PR0025399,001,61211,Enterococci,46,C2,AVG,Concentration2,#/100mL,46,MPN/100mL,,#/100mL,,07/31/2022
PR0025399,001,61211,Enterococci,36,C2,AVG,Concentration2,#/100mL,36,MPN/100mL,,#/100mL,,08/31/2022
PR0025399,001,61211,Enterococci,91.9,C3,MAX,Concentration3,#/100mL,91.9,MPN/100mL,,#/100mL,,08/31/2022
PR0025399,001,61211,Enterococci,42,C2,AVG,Concentration2,#/100mL,42,MPN/100mL,,#/100mL,,09/30/2022
PR0025399,001,61211,Enterococci,113.4,C3,MAX,Concentration3,#/100mL,113.4,MPN/100mL,,#/100mL,,09/30/2022
PR0025399,001,61211,Enterococci,93.4,C3,MAX,Concentration3,#/100mL,93.4,MPN/100mL,,#/100mL,,10/31/2022
PR0025399,001,61211,Enterococci,44,C2,AVG,Concentration2,#/100mL,44,MPN/100mL,,#/100mL,,10/31/2022
PR0025399,001,61211,Enterococci,52,C2,AVG,Concentration2,#/100mL,52,MPN/100mL,,#/100mL,,11/30/2022
PR0025399,001,61211,Enterococci,93.4,C3,MAX,Concentration3,#/100mL,93.4,MPN/100mL,,#/100mL,,11/30/2022
PR0025399,001,61211,Enterococci,54,C2,AVG,Concentration2,#/100mL,54,MPN/100mL,,#/100mL,,12/31/2022
PR0025399,001,61211,Enterococci,93.3,C3,MAX,Concentration3,#/100mL,93.3,MPN/100mL,,#/100mL,,12/31/2022
PR0025399,001,61211,Enterococci,1254,C3,MAX,Concentration3,#/100mL,1254,MPN/100mL,,#/100mL,,01/31/2023
PR0025399,001,61211,Enterococci,79,C2,AVG,Concentration2,#/100mL,79,MPN/100mL,,#/100mL,,01/31/2023
PR0025399,001,61211,Enterococci,98,C2,AVG,Concentration2,#/100mL,98,MPN/100mL,,#/100mL,,02/28/2023
PR0025399,001,61211,Enterococci,1270,C3,MAX,Concentration3,#/100mL,1270,MPN/100mL,,#/100mL,,02/28/2023
PR0025399,001,61211,Enterococci,1270,C3,MAX,Concentration3,#/100mL,1270,MPN/100mL,,#/100mL,,03/31/2023
PR0025399,001,61211,Enterococci,95,C2,AVG,Concentration2,#/100mL,95,MPN/100mL,,#/100mL,,03/31/2023
PR0025399,001,61211,Enterococci,47,C2,AVG,Concentration2,#/100mL,47,MPN/100mL,,#/100mL,,04/30/2023
PR0025399,001,61211,Enterococci,95,C3,MAX,Concentration3,#/100mL,95,MPN/100mL,,#/100mL,,04/30/2023
PR0025399,001,61211,Enterococci,378,C3,MAX,Concentration3,#/100mL,378,MPN/100mL,,#/100mL,,05/31/2023
PR0025399,001,61211,Enterococci,79,C2,AVG,Concentration2,#/100mL,79,MPN/100mL,,#/100mL,,05/31/2023
PR0025399,001,61211,Enterococci,70,C2,AVG,Concentration2,#/100mL,70,MPN/100mL,,#/100mL,,06/30/2023
PR0025399,001,61211,Enterococci,1245,C3,MAX,Concentration3,#/100mL,1245,MPN/100mL,,#/100mL,,06/30/2023
PR0025399,001,61211,Enterococci,93,C2,AVG,Concentration2,#/100mL,93,MPN/100mL,,#/100mL,,07/31/2023
PR0025399,001,61211,Enterococci,1254,C3,MAX,Concentration3,#/100mL,1254,MPN/100mL,,#/100mL,,07/31/2023
PR0025399,001,61211,Enterococci,95.1,C3,MAX,Concentration3,#/100mL,95.1,MPN/100mL,,#/100mL,,08/31/2023
PR0025399,001,61211,Enterococci,57,C2,AVG,Concentration2,#/100mL,57,MPN/100mL,,#/100mL,,08/31/2023
PR0025399,001,61211,Enterococci,95.1,C3,MAX,Concentration3,#/100mL,95.1,MPN/100mL,,#/100mL,,09/30/2023
PR0025399,001,61211,Enterococci,73,C2,AVG,Concentration2,#/100mL,73,MPN/100mL,,#/100mL,,09/30/2023
PR0025399,001,61211,Enterococci,90.8,C3,MAX,Concentration3,#/100mL,90.8,MPN/100mL,,#/100mL,,10/31/2023
PR0025399,001,61211,Enterococci,61,C2,AVG,Concentration2,#/100mL,61,MPN/100mL,,#/100mL,,10/31/2023
PR0025399,001,61211,Enterococci,118.8,C3,MAX,Concentration3,#/100mL,118.8,MPN/100mL,,#/100mL,,11/30/2023
PR0025399,001,61211,Enterococci,67,C2,AVG,Concentration2,#/100mL,67,MPN/100mL,,#/100mL,,11/30/2023
PR0025399,001,61211,Enterococci,159.8,C3,MAX,Concentration3,#/100mL,159.8,MPN/100mL,,#/100mL,,12/31/2023
PR0025399,001,61211,Enterococci,84,C2,AVG,Concentration2,#/100mL,84,MPN/100mL,,#/100mL,,12/31/2023
PR0025399,001,61211,Enterococci,1716,C3,MAX,Concentration3,#/100mL,1716,MPN/100mL,,#/100mL,,01/31/2024
PR0025399,001,61211,Enterococci,277,C2,AVG,Concentration2,#/100mL,277,MPN/100mL,,#/100mL,,01/31/2024
PR0025399,001,61211,Enterococci,248,C2,AVG,Concentration2,#/100mL,248,MPN/100mL,,#/100mL,,02/29/2024
PR0025399,001,61211,Enterococci,1716,C3,MAX,Concentration3,#/100mL,1716,MPN/100mL,,#/100mL,,02/29/2024
PR0025399,001,61211,Enterococci,1716,C3,MAX,Concentration3,#/100mL,1716,MPN/100mL,,#/100mL,,03/31/2024
PR0025399,001,61211,Enterococci,164,C2,AVG,Concentration2,#/100mL,164,MPN/100mL,,#/100mL,,03/31/2024
PR0025399,001,61211,Enterococci,89.7,C3,MAX,Concentration3,#/100mL,89.7,MPN/100mL,,#/100mL,,04/30/2024
PR0025399,001,61211,Enterococci,31,C2,AVG,Concentration2,#/100mL,31,MPN/100mL,,#/100mL,,04/30/2024
PR0025399,001,61211,Enterococci,75,C3,MAX,Concentration3,#/100mL,75,MPN/100mL,,#/100mL,,05/31/2024
PR0025399,001,61211,Enterococci,25,C2,AVG,Concentration2,#/100mL,25,MPN/100mL,,#/100mL,,05/31/2024
PR0025399,001,61211,Enterococci,47,C2,AVG,Concentration2,#/100mL,47,MPN/100mL,,#/100mL,,06/30/2024
PR0025399,001,61211,Enterococci,132.3,C3,MAX,Concentration3,#/100mL,132.3,MPN/100mL,,#/100mL,,06/30/2024
PR0025399,001,61211,Enterococci,82,C2,AVG,Concentration2,#/100mL,82,MPN/100mL,,#/100mL,,07/31/2024
PR0025399,001,61211,Enterococci,132.3,C3,MAX,Concentration3,#/100mL,132.3,MPN/100mL,,#/100mL,,07/31/2024
PR0025399,001,61211,Enterococci,57,C2,AVG,Concentration2,#/100mL,57,MPN/100mL,,#/100mL,,08/31/2024
PR0025399,001,61211,Enterococci,132.3,C3,MAX,Concentration3,#/100mL,132.3,MPN/100mL,,#/100mL,,08/31/2024
PR0025399,001,61211,Enterococci,1252,C3,MAX,Concentration3,#/100mL,1252,MPN/100mL,,#/100mL,,09/30/2024
PR0025399,001,61211,Enterococci,66,C2,AVG,Concentration2,#/100mL,66,MPN/100mL,,#/100mL,,09/30/2024
PR0025399,001,61211,Enterococci,1229,C3,MAX,Concentration3,#/100mL,1229,MPN/100mL,,#/100mL,,10/31/2024
PR0025399,001,61211,Enterococci,39,C2,AVG,Concentration2,#/100mL,39,MPN/100mL,,#/100mL,,10/31/2024
PR0025399,001,61211,Enterococci,1064,C3,MAX,Concentration3,#/100mL,1064,MPN/100mL,,#/100mL,,11/30/2024
PR0025399,001,61211,Enterococci,85,C2,AVG,Concentration2,#/100mL,85,MPN/100mL,,#/100mL,,11/30/2024
PR0025399,001,61211,Enterococci,64,C2,AVG,Concentration2,#/100mL,64,MPN/100mL,,#/100mL,,12/31/2024
PR0025399,001,61211,Enterococci,326.3,C3,MAX,Concentration3,#/100mL,326.3,MPN/100mL,,#/100mL,,12/31/2024
PR0025399,001,61211,Enterococci,81,C2,AVG,Concentration2,#/100mL,81,MPN/100mL,,#/100mL,,01/31/2025
PR0025399,001,61211,Enterococci,326.3,C3,MAX,Concentration3,#/100mL,326.3,MPN/100mL,,#/100mL,,01/31/2025
PR0025399,001,61211,Enterococci,65,C2,AVG,Concentration2,#/100mL,65,MPN/100mL,,#/100mL,,02/28/2025
PR0025399,001,61211,Enterococci,358.1,C3,MAX,Concentration3,#/100mL,358.1,MPN/100mL,,#/100mL,,02/28/2025
PR0025399,001,61211,Enterococci,138.4,C3,MAX,Concentration3,#/100mL,138.4,MPN/100mL,,#/100mL,,03/31/2025
PR0025399,001,61211,Enterococci,67,C2,AVG,Concentration2,#/100mL,67,MPN/100mL,,#/100mL,,03/31/2025
PR0025399,001,61211,Enterococci,85,C2,AVG,Concentration2,#/100mL,85,MPN/100mL,,#/100mL,,04/30/2025
PR0025399,001,61211,Enterococci,121.5,C3,MAX,Concentration3,#/100mL,121.5,MPN/100mL,,#/100mL,,04/30/2025
PR0025399,001,61211,Enterococci,1278,C3,MAX,Concentration3,#/100mL,1278,MPN/100mL,,#/100mL,,05/31/2025
PR0025399,001,61211,Enterococci,169,C2,AVG,Concentration2,#/100mL,169,MPN/100mL,,#/100mL,,05/31/2025
PR0025399,001,61211,Enterococci,1917,C3,MAX,Concentration3,#/100mL,1917,MPN/100mL,,#/100mL,,06/30/2025
PR0025399,001,61211,Enterococci,250,C2,AVG,Concentration2,#/100mL,250,MPN/100mL,,#/100mL,,06/30/2025
PR0025399,001,61211,Enterococci,1917,C3,MAX,Concentration3,#/100mL,1917,MPN/100mL,,#/100mL,,07/31/2025
PR0025399,001,61211,Enterococci,488,C2,AVG,Concentration2,#/100mL,488,MPN/100mL,,#/100mL,,07/31/2025
PR0025399,001,61211,Enterococci,965.4,C3,MAX,Concentration3,#/100mL,965.4,MPN/100mL,,#/100mL,,08/31/2025
PR0025399,001,61211,Enterococci,272,C2,AVG,Concentration2,#/100mL,272,MPN/100mL,,#/100mL,,08/31/2025
PR0025399,001,61211,Enterococci,397.8,C3,MAX,Concentration3,#/100mL,397.8,MPN/100mL,,#/100mL,,09/30/2025
PR0025399,001,61211,Enterococci,354,C2,AVG,Concentration2,#/100mL,354,MPN/100mL,,#/100mL,,09/30/2025
PR0025399,001,61211,Enterococci,751,C3,MAX,Concentration3,#/100mL,751,MPN/100mL,,#/100mL,,10/31/2025
PR0025399,001,61211,Enterococci,268,C2,AVG,Concentration2,#/100mL,268,MPN/100mL,,#/100mL,,10/31/2025
PR0025399,001,61211,Enterococci,751,C3,MAX,Concentration3,#/100mL,751,MPN/100mL,,#/100mL,,11/30/2025
PR0025399,001,61211,Enterococci,256,C2,AVG,Concentration2,#/100mL,256,MPN/100mL,,#/100mL,,11/30/2025
PR0025399,001,61211,Enterococci,213.2,C3,MAX,Concentration3,#/100mL,213.2,MPN/100mL,,#/100mL,,12/31/2025
PR0025399,001,61211,Enterococci,167,C2,AVG,Concentration2,#/100mL,167,MPN/100mL,,#/100mL,,12/31/2025
PR0025399,001,61211,Enterococci,179.3,C3,MAX,Concentration3,#/100mL,179.3,MPN/100mL,,#/100mL,,01/31/2026
PR0025399,001,61211,Enterococci,155,C2,AVG,Concentration2,#/100mL,155,MPN/100mL,,#/100mL,,01/31/2026
PR0025399,001,71900,"Mercury, total [as Hg]",0.0152,C3,MAX,Concentration3,ug/L,.0000152,mg/L,.116,ug/L,,01/31/2020
PR0025399,001,71900,"Mercury, total [as Hg]",0.0079,C3,MAX,Concentration3,ug/L,.0000079,mg/L,.116,ug/L,,02/29/2020
PR0025399,001,71900,"Mercury, total [as Hg]",0.0217,C3,MAX,Concentration3,ug/L,.0000217,mg/L,.116,ug/L,,03/31/2020
PR0025399,001,71900,"Mercury, total [as Hg]",0.0066,C3,MAX,Concentration3,ug/L,.0000066,mg/L,.116,ug/L,,04/30/2020
PR0025399,001,71900,"Mercury, total [as Hg]",0.0043,C3,MAX,Concentration3,ug/L,.0000043,mg/L,.116,ug/L,,05/31/2020
PR0025399,001,71900,"Mercury, total [as Hg]",0.002,C3,MAX,Concentration3,ug/L,.000002,mg/L,.116,ug/L,,06/30/2020
PR0025399,001,71900,"Mercury, total [as Hg]",0.0259,C3,MAX,Concentration3,ug/L,.0000259,mg/L,.116,ug/L,,07/31/2020
PR0025399,001,71900,"Mercury, total [as Hg]",0.0033,C3,MAX,Concentration3,ug/L,.0000033,mg/L,.116,ug/L,,08/31/2020
PR0025399,001,71900,"Mercury, total [as Hg]",0.002,C3,MAX,Concentration3,ug/L,.000002,mg/L,.116,ug/L,,09/30/2020
PR0025399,001,71900,"Mercury, total [as Hg]",0.0045,C3,MAX,Concentration3,ug/L,.0000045,mg/L,.116,ug/L,,10/31/2020
PR0025399,001,71900,"Mercury, total [as Hg]",0.0128,C3,MAX,Concentration3,ug/L,.0000128,mg/L,.116,ug/L,,11/30/2020
PR0025399,001,71900,"Mercury, total [as Hg]",0.0052,C3,MAX,Concentration3,ug/L,.0000052,mg/L,.116,ug/L,,12/31/2020
PR0025399,001,71900,"Mercury, total [as Hg]",0.0101,C3,MAX,Concentration3,ug/L,.0000101,mg/L,.116,ug/L,,01/31/2021
PR0025399,001,71900,"Mercury, total [as Hg]",0.0057,C3,MAX,Concentration3,ug/L,.0000057,mg/L,.116,ug/L,,02/28/2021
PR0025399,001,71900,"Mercury, total [as Hg]",0.0043,C3,MAX,Concentration3,ug/L,.0000043,mg/L,.116,ug/L,,03/31/2021
PR0025399,001,71900,"Mercury, total [as Hg]",0.0064,C3,MAX,Concentration3,ug/L,.0000064,mg/L,.116,ug/L,,04/30/2021
PR0025399,001,71900,"Mercury, total [as Hg]",0.0123,C3,MAX,Concentration3,ug/L,.0000123,mg/L,.116,ug/L,,05/31/2021
PR0025399,001,71900,"Mercury, total [as Hg]",0.0077,C3,MAX,Concentration3,ug/L,.0000077,mg/L,.116,ug/L,,06/30/2021
PR0025399,001,71900,"Mercury, total [as Hg]",0.0051,C3,MAX,Concentration3,ug/L,.0000051,mg/L,.116,ug/L,,07/31/2021
PR0025399,001,71900,"Mercury, total [as Hg]",0.0027,C3,MAX,Concentration3,ug/L,.0000027,mg/L,.116,ug/L,,08/31/2021
PR0025399,001,71900,"Mercury, total [as Hg]",0.0038,C3,MAX,Concentration3,ug/L,.0000038,mg/L,.116,ug/L,,09/30/2021
PR0025399,001,71900,"Mercury, total [as Hg]",0.0045,C3,MAX,Concentration3,ug/L,.0000045,mg/L,.116,ug/L,,10/31/2021
PR0025399,001,71900,"Mercury, total [as Hg]",0.0021,C3,MAX,Concentration3,ug/L,.0000021,mg/L,.116,ug/L,,11/30/2021
PR0025399,001,71900,"Mercury, total [as Hg]",0.0054,C3,MAX,Concentration3,ug/L,.0000054,mg/L,.116,ug/L,,12/31/2021
PR0025399,001,71900,"Mercury, total [as Hg]",0.002,C3,MAX,Concentration3,ug/L,.000002,mg/L,.116,ug/L,,01/31/2022
PR0025399,001,71900,"Mercury, total [as Hg]",0.002,C3,MAX,Concentration3,ug/L,.000002,mg/L,.116,ug/L,,02/28/2022
PR0025399,001,71900,"Mercury, total [as Hg]",0.0191,C3,MAX,Concentration3,ug/L,.0000191,mg/L,.116,ug/L,,03/31/2022
PR0025399,001,71900,"Mercury, total [as Hg]",0.0065,C3,MAX,Concentration3,ug/L,.0000065,mg/L,.116,ug/L,,04/30/2022
PR0025399,001,71900,"Mercury, total [as Hg]",0.0132,C3,MAX,Concentration3,ug/L,.0000132,mg/L,.116,ug/L,,05/31/2022
PR0025399,001,71900,"Mercury, total [as Hg]",0.0102,C3,MAX,Concentration3,ug/L,.0000102,mg/L,.116,ug/L,,06/30/2022
PR0025399,001,71900,"Mercury, total [as Hg]",0.0112,C3,MAX,Concentration3,ug/L,.0000112,mg/L,.116,ug/L,,07/31/2022
PR0025399,001,71900,"Mercury, total [as Hg]",0.0071,C3,MAX,Concentration3,ug/L,.0000071,mg/L,.116,ug/L,,08/31/2022
PR0025399,001,71900,"Mercury, total [as Hg]",0.0058,C3,MAX,Concentration3,ug/L,.0000058,mg/L,.116,ug/L,,09/30/2022
PR0025399,001,71900,"Mercury, total [as Hg]",0.0039,C3,MAX,Concentration3,ug/L,.0000039,mg/L,.116,ug/L,,10/31/2022
PR0025399,001,71900,"Mercury, total [as Hg]",0.002,C3,MAX,Concentration3,ug/L,.000002,mg/L,.116,ug/L,,11/30/2022
PR0025399,001,71900,"Mercury, total [as Hg]",0.0028,C3,MAX,Concentration3,ug/L,.0000028,mg/L,.116,ug/L,,12/31/2022
PR0025399,001,71900,"Mercury, total [as Hg]",0.0082,C3,MAX,Concentration3,ug/L,.0000082,mg/L,.116,ug/L,,01/31/2023
PR0025399,001,71900,"Mercury, total [as Hg]",0.0119,C3,MAX,Concentration3,ug/L,.0000119,mg/L,.116,ug/L,,02/28/2023
PR0025399,001,71900,"Mercury, total [as Hg]",0.0099,C3,MAX,Concentration3,ug/L,.0000099,mg/L,.116,ug/L,,03/31/2023
PR0025399,001,71900,"Mercury, total [as Hg]",0.0055,C3,MAX,Concentration3,ug/L,.0000055,mg/L,.116,ug/L,,04/30/2023
PR0025399,001,71900,"Mercury, total [as Hg]",0.0062,C3,MAX,Concentration3,ug/L,.0000062,mg/L,.116,ug/L,,05/31/2023
PR0025399,001,71900,"Mercury, total [as Hg]",0.0028,C3,MAX,Concentration3,ug/L,.0000028,mg/L,.116,ug/L,,06/30/2023
PR0025399,001,71900,"Mercury, total [as Hg]",0.0043,C3,MAX,Concentration3,ug/L,.0000043,mg/L,.116,ug/L,,07/31/2023
PR0025399,001,71900,"Mercury, total [as Hg]",0.0041,C3,MAX,Concentration3,ug/L,.0000041,mg/L,.116,ug/L,,08/31/2023
PR0025399,001,71900,"Mercury, total [as Hg]",0.0069,C3,MAX,Concentration3,ug/L,.0000069,mg/L,.116,ug/L,,09/30/2023
PR0025399,001,71900,"Mercury, total [as Hg]",0.0063,C3,MAX,Concentration3,ug/L,.0000063,mg/L,.116,ug/L,,10/31/2023
PR0025399,001,71900,"Mercury, total [as Hg]",0.0079,C3,MAX,Concentration3,ug/L,.0000079,mg/L,.116,ug/L,,11/30/2023
PR0025399,001,71900,"Mercury, total [as Hg]",0.0224,C3,MAX,Concentration3,ug/L,.0000224,mg/L,.116,ug/L,,12/31/2023
PR0025399,001,71900,"Mercury, total [as Hg]",0.0157,C3,MAX,Concentration3,ug/L,.0000157,mg/L,.116,ug/L,,01/31/2024
PR0025399,001,71900,"Mercury, total [as Hg]",0.0092,C3,MAX,Concentration3,ug/L,.0000092,mg/L,.116,ug/L,,02/29/2024
PR0025399,001,71900,"Mercury, total [as Hg]",0.0048,C3,MAX,Concentration3,ug/L,.0000048,mg/L,.116,ug/L,,03/31/2024
PR0025399,001,71900,"Mercury, total [as Hg]",0.0075,C3,MAX,Concentration3,ug/L,.0000075,mg/L,.116,ug/L,,04/30/2024
PR0025399,001,71900,"Mercury, total [as Hg]",0.0125,C3,MAX,Concentration3,ug/L,.0000125,mg/L,.116,ug/L,,05/31/2024
PR0025399,001,71900,"Mercury, total [as Hg]",0.0094,C3,MAX,Concentration3,ug/L,.0000094,mg/L,.116,ug/L,,06/30/2024
PR0025399,001,71900,"Mercury, total [as Hg]",0.0097,C3,MAX,Concentration3,ug/L,.0000097,mg/L,.116,ug/L,,07/31/2024
PR0025399,001,71900,"Mercury, total [as Hg]",0.0169,C3,MAX,Concentration3,ug/L,.0000169,mg/L,.116,ug/L,,08/31/2024
PR0025399,001,71900,"Mercury, total [as Hg]",0.0073,C3,MAX,Concentration3,ug/L,.0000073,mg/L,.116,ug/L,,09/30/2024
PR0025399,001,71900,"Mercury, total [as Hg]",0.0161,C3,MAX,Concentration3,ug/L,.0000161,mg/L,.116,ug/L,,10/31/2024
PR0025399,001,71900,"Mercury, total [as Hg]",0.0146,C3,MAX,Concentration3,ug/L,.0000146,mg/L,.116,ug/L,,11/30/2024
PR0025399,001,71900,"Mercury, total [as Hg]",0.0144,C3,MAX,Concentration3,ug/L,.0000144,mg/L,.116,ug/L,,12/31/2024
PR0025399,001,71900,"Mercury, total [as Hg]",0.011,C3,MAX,Concentration3,ug/L,.000011,mg/L,.116,ug/L,,01/31/2025
PR0025399,001,71900,"Mercury, total [as Hg]",0.0112,C3,MAX,Concentration3,ug/L,.0000112,mg/L,.116,ug/L,,02/28/2025
PR0025399,001,71900,"Mercury, total [as Hg]",0.0106,C3,MAX,Concentration3,ug/L,.0000106,mg/L,.116,ug/L,,03/31/2025
PR0025399,001,71900,"Mercury, total [as Hg]",0.0094,C3,MAX,Concentration3,ug/L,.0000094,mg/L,.116,ug/L,,04/30/2025
PR0025399,001,71900,"Mercury, total [as Hg]",0.0093,C3,MAX,Concentration3,ug/L,.0000093,mg/L,.116,ug/L,,05/31/2025
PR0025399,001,71900,"Mercury, total [as Hg]",0.0094,C3,MAX,Concentration3,ug/L,.0000094,mg/L,.116,ug/L,,06/30/2025
PR0025399,001,71900,"Mercury, total [as Hg]",0.0154,C3,MAX,Concentration3,ug/L,.0000154,mg/L,.116,ug/L,,07/31/2025
PR0025399,001,71900,"Mercury, total [as Hg]",0.0186,C3,MAX,Concentration3,ug/L,.0000186,mg/L,.116,ug/L,,08/31/2025
PR0025399,001,71900,"Mercury, total [as Hg]",0.0324,C3,MAX,Concentration3,ug/L,.0000324,mg/L,.116,ug/L,,09/30/2025
PR0025399,001,71900,"Mercury, total [as Hg]",0.012,C3,MAX,Concentration3,ug/L,.000012,mg/L,.116,ug/L,,10/31/2025
PR0025399,001,71900,"Mercury, total [as Hg]",0.0149,C3,MAX,Concentration3,ug/L,.0000149,mg/L,.116,ug/L,,11/30/2025
PR0025399,001,71900,"Mercury, total [as Hg]",0.0153,C3,MAX,Concentration3,ug/L,.0000153,mg/L,.116,ug/L,,12/31/2025
PR0025399,001,71900,"Mercury, total [as Hg]",0.0204,C3,MAX,Concentration3,ug/L,.0000204,mg/L,.116,ug/L,,01/31/2026
PR0025399,001,TCP3A,% Effect Static Chronic Arbacia punctulata,4,C1,MIN,Concentration1,%,4,%,,%,,03/31/2020
PR0025399,001,TCP3A,% Effect Static Chronic Arbacia punctulata,1,C1,MIN,Concentration1,%,1,%,,%,,06/30/2020
PR0025399,001,TCP3A,% Effect Static Chronic Arbacia punctulata,2,C1,MIN,Concentration1,%,2,%,,%,,09/30/2020
PR0025399,001,TCP3A,% Effect Static Chronic Arbacia punctulata,1,C1,MIN,Concentration1,%,1,%,,%,,12/31/2020
PR0025399,001,TCP3A,% Effect Static Chronic Arbacia punctulata,1,C1,MIN,Concentration1,%,1,%,,%,,03/31/2021
PR0025399,001,TCP3A,% Effect Static Chronic Arbacia punctulata,1,C1,MIN,Concentration1,%,1,%,,%,,06/30/2021
PR0025399,001,TCP3A,% Effect Static Chronic Arbacia punctulata,1,C1,MIN,Concentration1,%,1,%,,%,,09/30/2021
PR0025399,001,TCP3A,% Effect Static Chronic Arbacia punctulata,1,C1,MIN,Concentration1,%,1,%,,%,,12/31/2021
PR0025399,001,TCP3A,% Effect Static Chronic Arbacia punctulata,6.3,C1,MIN,Concentration1,%,6.3,%,,%,,03/31/2022
PR0025399,001,TCP3A,% Effect Static Chronic Arbacia punctulata,6.3,C1,MIN,Concentration1,%,6.3,%,,%,,06/30/2022
PR0025399,001,TCP3A,% Effect Static Chronic Arbacia punctulata,6.3,C1,MIN,Concentration1,%,6.3,%,,%,,09/30/2022
PR0025399,001,TCP3A,% Effect Static Chronic Arbacia punctulata,6.3,C1,MIN,Concentration1,%,6.3,%,,%,,12/31/2022
PR0025399,001,TCP3A,% Effect Static Chronic Arbacia punctulata,6.3,C1,MIN,Concentration1,%,6.3,%,,%,,03/31/2023
PR0025399,001,TCP3A,% Effect Static Chronic Arbacia punctulata,6.3,C1,MIN,Concentration1,%,6.3,%,,%,,06/30/2023
PR0025399,001,TCP3A,% Effect Static Chronic Arbacia punctulata,6.3,C1,MIN,Concentration1,%,6.3,%,,%,,09/30/2023
PR0025399,001,TCP3A,% Effect Static Chronic Arbacia punctulata,6.3,C1,MIN,Concentration1,%,6.3,%,,%,,12/31/2023
PR0025399,001,TCP3A,% Effect Static Chronic Arbacia punctulata,6.3,C1,MIN,Concentration1,%,6.3,%,,%,,03/31/2024
PR0025399,001,TCP3A,% Effect Static Chronic Arbacia punctulata,6.3,C1,MIN,Concentration1,%,6.3,%,,%,,06/30/2024
PR0025399,001,TCP3A,% Effect Static Chronic Arbacia punctulata,6.3,C1,MIN,Concentration1,%,6.3,%,,%,,09/30/2024
PR0025399,001,TCP3A,% Effect Static Chronic Arbacia punctulata,6.3,C1,MIN,Concentration1,%,6.3,%,,%,,12/31/2024
PR0025399,001,TCP3A,% Effect Static Chronic Arbacia punctulata,6.3,C1,MIN,Concentration1,%,6.3,%,,%,,03/31/2025
PR0025399,001,TCP3A,% Effect Static Chronic Arbacia punctulata,6.3,C1,MIN,Concentration1,%,6.3,%,,%,,06/30/2025
PR0025399,001,TCP3A,% Effect Static Chronic Arbacia punctulata,6.3,C1,MIN,Concentration1,%,6.3,%,,%,,09/30/2025
PR0025399,001,TCP3A,% Effect Static Chronic Arbacia punctulata,6.3,C1,MIN,Concentration1,%,6.3,%,,%,,12/31/2025
PR0025399,001,TDA6A,NOAEL Static 48Hr Acute Cyprinodon variegatus,1,C1,MIN,Concentration1,%,1,%,,%,,03/31/2020
PR0025399,001,TDA6A,NOAEL Static 48Hr Acute Cyprinodon variegatus,1,C1,MIN,Concentration1,%,1,%,,%,,06/30/2020
PR0025399,001,TDA6A,NOAEL Static 48Hr Acute Cyprinodon variegatus,1,C1,MIN,Concentration1,%,1,%,,%,,09/30/2020
PR0025399,001,TDA6A,NOAEL Static 48Hr Acute Cyprinodon variegatus,1,C1,MIN,Concentration1,%,1,%,,%,,12/31/2020
PR0025399,001,TDA6A,NOAEL Static 48Hr Acute Cyprinodon variegatus,1,C1,MIN,Concentration1,%,1,%,,%,,03/31/2021
PR0025399,001,TDA6A,NOAEL Static 48Hr Acute Cyprinodon variegatus,1,C1,MIN,Concentration1,%,1,%,,%,,06/30/2021
PR0025399,001,TDA6A,NOAEL Static 48Hr Acute Cyprinodon variegatus,1,C1,MIN,Concentration1,%,1,%,,%,,09/30/2021
PR0025399,001,TDA6A,NOAEL Static 48Hr Acute Cyprinodon variegatus,1,C1,MIN,Concentration1,%,1,%,,%,,12/31/2021
PR0025399,001,TDA6A,NOAEL Static 48Hr Acute Cyprinodon variegatus,6.3,C1,MIN,Concentration1,%,6.3,%,,%,,03/31/2022
PR0025399,001,TDA6A,NOAEL Static 48Hr Acute Cyprinodon variegatus,6.3,C1,MIN,Concentration1,%,6.3,%,,%,,06/30/2022
PR0025399,001,TDA6A,NOAEL Static 48Hr Acute Cyprinodon variegatus,6.3,C1,MIN,Concentration1,%,6.3,%,,%,,09/30/2022
PR0025399,001,TDA6A,NOAEL Static 48Hr Acute Cyprinodon variegatus,6.3,C1,MIN,Concentration1,%,6.3,%,,%,,12/31/2022
PR0025399,001,TDA6A,NOAEL Static 48Hr Acute Cyprinodon variegatus,6.3,C1,MIN,Concentration1,%,6.3,%,,%,,03/31/2023
PR0025399,001,TDA6A,NOAEL Static 48Hr Acute Cyprinodon variegatus,6.3,C1,MIN,Concentration1,%,6.3,%,,%,,06/30/2023
PR0025399,001,TDA6A,NOAEL Static 48Hr Acute Cyprinodon variegatus,6.3,C1,MIN,Concentration1,%,6.3,%,,%,,09/30/2023
PR0025399,001,TDA6A,NOAEL Static 48Hr Acute Cyprinodon variegatus,6.3,C1,MIN,Concentration1,%,6.3,%,,%,,12/31/2023
PR0025399,001,TDA6A,NOAEL Static 48Hr Acute Cyprinodon variegatus,6.3,C1,MIN,Concentration1,%,6.3,%,,%,,03/31/2024
PR0025399,001,TDA6A,NOAEL Static 48Hr Acute Cyprinodon variegatus,6.3,C1,MIN,Concentration1,%,6.3,%,,%,,06/30/2024
PR0025399,001,TDA6A,NOAEL Static 48Hr Acute Cyprinodon variegatus,6.3,C1,MIN,Concentration1,%,6.3,%,,%,,09/30/2024
PR0025399,001,TDA6A,NOAEL Static 48Hr Acute Cyprinodon variegatus,6.3,C1,MIN,Concentration1,%,6.3,%,,%,,12/31/2024
PR0025399,001,TDA6A,NOAEL Static 48Hr Acute Cyprinodon variegatus,6.3,C1,MIN,Concentration1,%,6.3,%,,%,,03/31/2025
PR0025399,001,TDA6A,NOAEL Static 48Hr Acute Cyprinodon variegatus,6.3,C1,MIN,Concentration1,%,6.3,%,,%,,06/30/2025
PR0025399,001,TDA6A,NOAEL Static 48Hr Acute Cyprinodon variegatus,6.3,C1,MIN,Concentration1,%,6.3,%,,%,,09/30/2025
PR0025399,001,TDA6A,NOAEL Static 48Hr Acute Cyprinodon variegatus,6.3,C1,MIN,Concentration1,%,6.3,%,,%,,12/31/2025
