npdes_id,perm_feature_nmbr,parameter_code,parameter_desc,dmr_value_nmbr,value_type_code,statistical_base_type_code,value_type_desc,dmr_unit_desc,dmr_value_standard_units,standard_unit_desc,limit_value_nmbr,limit_unit_desc,nodi_code,monitoring_period_end_date
PR0021555,001,00010,"Temperature, water deg. centigrade",27.8,C3,MAX,Concentration3,deg C,27.8,deg C,32.2,deg C,,01/31/2020
PR0021555,001,00010,"Temperature, water deg. centigrade",27.4,C3,MAX,Concentration3,deg C,27.4,deg C,32.2,deg C,,02/29/2020
PR0021555,001,00010,"Temperature, water deg. centigrade",27.2,C3,MAX,Concentration3,deg C,27.2,deg C,32.2,deg C,,03/31/2020
PR0021555,001,00010,"Temperature, water deg. centigrade",28.5,C3,MAX,Concentration3,deg C,28.5,deg C,32.2,deg C,,04/30/2020
PR0021555,001,00010,"Temperature, water deg. centigrade",29.3,C3,MAX,Concentration3,deg C,29.3,deg C,32.2,deg C,,05/31/2020
PR0021555,001,00010,"Temperature, water deg. centigrade",30.23,C3,MAX,Concentration3,deg C,30.23,deg C,32.2,deg C,,06/30/2020
PR0021555,001,00010,"Temperature, water deg. centigrade",31.15,C3,MAX,Concentration3,deg C,31.15,deg C,32.2,deg C,,07/31/2020
PR0021555,001,00010,"Temperature, water deg. centigrade",29.6,C3,MAX,Concentration3,deg C,29.6,deg C,32.2,deg C,,08/31/2020
PR0021555,001,00010,"Temperature, water deg. centigrade",29.5,C3,MAX,Concentration3,deg C,29.5,deg C,32.2,deg C,,09/30/2020
PR0021555,001,00010,"Temperature, water deg. centigrade",28.5,C3,MAX,Concentration3,deg C,28.5,deg C,32.2,deg C,,10/31/2020
PR0021555,001,00010,"Temperature, water deg. centigrade",28.35,C3,MAX,Concentration3,deg C,28.35,deg C,32.2,deg C,,11/30/2020
PR0021555,001,00010,"Temperature, water deg. centigrade",29.2,C3,MAX,Concentration3,deg C,29.2,deg C,32.2,deg C,,12/31/2020
PR0021555,001,00010,"Temperature, water deg. centigrade",27,C3,MAX,Concentration3,deg C,27,deg C,32.2,deg C,,01/31/2021
PR0021555,001,00010,"Temperature, water deg. centigrade",27.43,C3,MAX,Concentration3,deg C,27.43,deg C,32.2,deg C,,02/28/2021
PR0021555,001,00010,"Temperature, water deg. centigrade",28.8,C3,MAX,Concentration3,deg C,28.8,deg C,32.2,deg C,,03/31/2021
PR0021555,001,00010,"Temperature, water deg. centigrade",28.38,C3,MAX,Concentration3,deg C,28.38,deg C,32.2,deg C,,04/30/2021
PR0021555,001,00010,"Temperature, water deg. centigrade",28.9,C3,MAX,Concentration3,deg C,28.9,deg C,32.2,deg C,,05/31/2021
PR0021555,001,00010,"Temperature, water deg. centigrade",28.4,C3,MAX,Concentration3,deg C,28.4,deg C,32.2,deg C,,06/30/2021
PR0021555,001,00010,"Temperature, water deg. centigrade",29.23,C3,MAX,Concentration3,deg C,29.23,deg C,32.2,deg C,,07/31/2021
PR0021555,001,00010,"Temperature, water deg. centigrade",29.4,C3,MAX,Concentration3,deg C,29.4,deg C,32.2,deg C,,08/31/2021
PR0021555,001,00010,"Temperature, water deg. centigrade",29.5,C3,MAX,Concentration3,deg C,29.5,deg C,32.2,deg C,,09/30/2021
PR0021555,001,00010,"Temperature, water deg. centigrade",29.18,C3,MAX,Concentration3,deg C,29.18,deg C,32.2,deg C,,10/31/2021
PR0021555,001,00010,"Temperature, water deg. centigrade",28.55,C3,MAX,Concentration3,deg C,28.55,deg C,32.2,deg C,,11/30/2021
PR0021555,001,00010,"Temperature, water deg. centigrade",27.4,C3,MAX,Concentration3,deg C,27.4,deg C,32.2,deg C,,12/31/2021
PR0021555,001,00010,"Temperature, water deg. centigrade",27,C3,MAX,Concentration3,deg C,27,deg C,32.2,deg C,,01/31/2022
PR0021555,001,00010,"Temperature, water deg. centigrade",26.66,C3,MAX,Concentration3,deg C,26.66,deg C,32.2,deg C,,02/28/2022
PR0021555,001,00010,"Temperature, water deg. centigrade",27.5,C3,MAX,Concentration3,deg C,27.5,deg C,32.2,deg C,,03/31/2022
PR0021555,001,00010,"Temperature, water deg. centigrade",27.75,C3,MAX,Concentration3,deg C,27.75,deg C,32.2,deg C,,04/30/2022
PR0021555,001,00010,"Temperature, water deg. centigrade",28.78,C3,MAX,Concentration3,deg C,28.78,deg C,32.2,deg C,,05/31/2022
PR0021555,001,00010,"Temperature, water deg. centigrade",29.4,C3,MAX,Concentration3,deg C,29.4,deg C,32.2,deg C,,06/30/2022
PR0021555,001,00010,"Temperature, water deg. centigrade",29.4,C3,MAX,Concentration3,deg C,29.4,deg C,32.2,deg C,,07/31/2022
PR0021555,001,00010,"Temperature, water deg. centigrade",29.48,C3,MAX,Concentration3,deg C,29.48,deg C,32.2,deg C,,08/31/2022
PR0021555,001,00010,"Temperature, water deg. centigrade",29.03,C3,MAX,Concentration3,deg C,29.03,deg C,32.2,deg C,,09/30/2022
PR0021555,001,00010,"Temperature, water deg. centigrade",29.2,C3,MAX,Concentration3,deg C,29.2,deg C,32.2,deg C,,10/31/2022
PR0021555,001,00010,"Temperature, water deg. centigrade",27.6,C3,MAX,Concentration3,deg C,27.6,deg C,32.2,deg C,,11/30/2022
PR0021555,001,00010,"Temperature, water deg. centigrade",26.93,C3,MAX,Concentration3,deg C,26.93,deg C,32.2,deg C,,12/31/2022
PR0021555,001,00010,"Temperature, water deg. centigrade",26.4,C3,MAX,Concentration3,deg C,26.4,deg C,32.2,deg C,,01/31/2023
PR0021555,001,00010,"Temperature, water deg. centigrade",26.65,C3,MAX,Concentration3,deg C,26.65,deg C,32.2,deg C,,02/28/2023
PR0021555,001,00010,"Temperature, water deg. centigrade",27.27,C3,MAX,Concentration3,deg C,27.27,deg C,32.2,deg C,,03/31/2023
PR0021555,001,00010,"Temperature, water deg. centigrade",27.88,C3,MAX,Concentration3,deg C,27.88,deg C,32.2,deg C,,04/30/2023
PR0021555,001,00010,"Temperature, water deg. centigrade",28.85,C3,MAX,Concentration3,deg C,28.85,deg C,32.2,deg C,,05/31/2023
PR0021555,001,00010,"Temperature, water deg. centigrade",29.63,C3,MAX,Concentration3,deg C,29.63,deg C,32.2,deg C,,06/30/2023
PR0021555,001,00010,"Temperature, water deg. centigrade",29.83,C3,MAX,Concentration3,deg C,29.83,deg C,32.2,deg C,,07/31/2023
PR0021555,001,00010,"Temperature, water deg. centigrade",29.9,C3,MAX,Concentration3,deg C,29.9,deg C,32.2,deg C,,08/31/2023
PR0021555,001,00010,"Temperature, water deg. centigrade",30.05,C3,MAX,Concentration3,deg C,30.05,deg C,32.2,deg C,,09/30/2023
PR0021555,001,00010,"Temperature, water deg. centigrade",29.38,C3,MAX,Concentration3,deg C,29.38,deg C,32.2,deg C,,10/31/2023
PR0021555,001,00010,"Temperature, water deg. centigrade",28.83,C3,MAX,Concentration3,deg C,28.83,deg C,32.2,deg C,,11/30/2023
PR0021555,001,00010,"Temperature, water deg. centigrade",27.8,C3,MAX,Concentration3,deg C,27.8,deg C,32.2,deg C,,12/31/2023
PR0021555,001,00010,"Temperature, water deg. centigrade",27.5,C3,MAX,Concentration3,deg C,27.5,deg C,32.2,deg C,,01/31/2024
PR0021555,001,00010,"Temperature, water deg. centigrade",27.2,C3,MAX,Concentration3,deg C,27.2,deg C,32.2,deg C,,02/29/2024
PR0021555,001,00010,"Temperature, water deg. centigrade",28.2,C3,MAX,Concentration3,deg C,28.2,deg C,32.2,deg C,,03/31/2024
PR0021555,001,00010,"Temperature, water deg. centigrade",28.2,C3,MAX,Concentration3,deg C,28.2,deg C,32.2,deg C,,04/30/2024
PR0021555,001,00010,"Temperature, water deg. centigrade",29.4,C3,MAX,Concentration3,deg C,29.4,deg C,32.2,deg C,,05/31/2024
PR0021555,001,00010,"Temperature, water deg. centigrade",29.8,C3,MAX,Concentration3,deg C,29.8,deg C,32.2,deg C,,06/30/2024
PR0021555,001,00010,"Temperature, water deg. centigrade",31.2,C3,MAX,Concentration3,deg C,31.2,deg C,32.2,deg C,,07/31/2024
PR0021555,001,00010,"Temperature, water deg. centigrade",30.9,C3,MAX,Concentration3,deg C,30.9,deg C,32.2,deg C,,08/31/2024
PR0021555,001,00010,"Temperature, water deg. centigrade",31,C3,MAX,Concentration3,deg C,31,deg C,32.2,deg C,,09/30/2024
PR0021555,001,00010,"Temperature, water deg. centigrade",29.5,C3,MAX,Concentration3,deg C,29.5,deg C,32.2,deg C,,10/31/2024
PR0021555,001,00010,"Temperature, water deg. centigrade",28.1,C3,MAX,Concentration3,deg C,28.1,deg C,32.2,deg C,,11/30/2024
PR0021555,001,00010,"Temperature, water deg. centigrade",27.8,C3,MAX,Concentration3,deg C,27.8,deg C,32.2,deg C,,12/31/2024
PR0021555,001,00010,"Temperature, water deg. centigrade",27.3,C3,MAX,Concentration3,deg C,27.3,deg C,32.2,deg C,,01/31/2025
PR0021555,001,00010,"Temperature, water deg. centigrade",27.3,C3,MAX,Concentration3,deg C,27.3,deg C,32.2,deg C,,02/28/2025
PR0021555,001,00010,"Temperature, water deg. centigrade",28,C3,MAX,Concentration3,deg C,28,deg C,32.2,deg C,,03/31/2025
PR0021555,001,00010,"Temperature, water deg. centigrade",28.5,C3,MAX,Concentration3,deg C,28.5,deg C,32.2,deg C,,04/30/2025
PR0021555,001,00010,"Temperature, water deg. centigrade",28.4,C3,MAX,Concentration3,deg C,28.4,deg C,32.2,deg C,,05/31/2025
PR0021555,001,00010,"Temperature, water deg. centigrade",29.1,C3,MAX,Concentration3,deg C,29.1,deg C,32.2,deg C,,06/30/2025
PR0021555,001,00010,"Temperature, water deg. centigrade",31,C3,MAX,Concentration3,deg C,31,deg C,32.2,deg C,,07/31/2025
PR0021555,001,00010,"Temperature, water deg. centigrade",31.2,C3,MAX,Concentration3,deg C,31.2,deg C,32.2,deg C,,08/31/2025
PR0021555,001,00010,"Temperature, water deg. centigrade",30.8,C3,MAX,Concentration3,deg C,30.8,deg C,32.2,deg C,,09/30/2025
PR0021555,001,00010,"Temperature, water deg. centigrade",29,C3,MAX,Concentration3,deg C,29,deg C,32.2,deg C,,10/31/2025
PR0021555,001,00010,"Temperature, water deg. centigrade",28.2,C3,MAX,Concentration3,deg C,28.2,deg C,32.2,deg C,,11/30/2025
PR0021555,001,00010,"Temperature, water deg. centigrade",27.5,C3,MAX,Concentration3,deg C,27.5,deg C,32.2,deg C,,12/31/2025
PR0021555,001,00010,"Temperature, water deg. centigrade",27.3,C3,MAX,Concentration3,deg C,27.3,deg C,32.2,deg C,,01/31/2026
PR0021555,001,00070,Turbidity,55,C3,MAX,Concentration3,NTU,55,NTU,119,NTU,,01/31/2020
PR0021555,001,00070,Turbidity,50,C3,MAX,Concentration3,NTU,50,NTU,119,NTU,,02/29/2020
PR0021555,001,00070,Turbidity,45,C3,MAX,Concentration3,NTU,45,NTU,119,NTU,,03/31/2020
PR0021555,001,00070,Turbidity,18,C3,MAX,Concentration3,NTU,18,NTU,119,NTU,,04/30/2020
PR0021555,001,00070,Turbidity,26,C3,MAX,Concentration3,NTU,26,NTU,119,NTU,,05/31/2020
PR0021555,001,00070,Turbidity,26,C3,MAX,Concentration3,NTU,26,NTU,119,NTU,,06/30/2020
PR0021555,001,00070,Turbidity,34,C3,MAX,Concentration3,NTU,34,NTU,119,NTU,,07/31/2020
PR0021555,001,00070,Turbidity,33,C3,MAX,Concentration3,NTU,33,NTU,119,NTU,,08/31/2020
PR0021555,001,00070,Turbidity,55,C3,MAX,Concentration3,NTU,55,NTU,119,NTU,,09/30/2020
PR0021555,001,00070,Turbidity,45,C3,MAX,Concentration3,NTU,45,NTU,119,NTU,,10/31/2020
PR0021555,001,00070,Turbidity,28,C3,MAX,Concentration3,NTU,28,NTU,119,NTU,,11/30/2020
PR0021555,001,00070,Turbidity,37,C3,MAX,Concentration3,NTU,37,NTU,119,NTU,,12/31/2020
PR0021555,001,00070,Turbidity,40,C3,MAX,Concentration3,NTU,40,NTU,119,NTU,,01/31/2021
PR0021555,001,00070,Turbidity,38,C3,MAX,Concentration3,NTU,38,NTU,119,NTU,,02/28/2021
PR0021555,001,00070,Turbidity,45,C3,MAX,Concentration3,NTU,45,NTU,119,NTU,,03/31/2021
PR0021555,001,00070,Turbidity,32,C3,MAX,Concentration3,NTU,32,NTU,119,NTU,,04/30/2021
PR0021555,001,00070,Turbidity,33,C3,MAX,Concentration3,NTU,33,NTU,119,NTU,,05/31/2021
PR0021555,001,00070,Turbidity,45,C3,MAX,Concentration3,NTU,45,NTU,119,NTU,,06/30/2021
PR0021555,001,00070,Turbidity,33,C3,MAX,Concentration3,NTU,33,NTU,119,NTU,,07/31/2021
PR0021555,001,00070,Turbidity,55,C3,MAX,Concentration3,NTU,55,NTU,119,NTU,,08/31/2021
PR0021555,001,00070,Turbidity,3.3,C3,MAX,Concentration3,NTU,3.3,NTU,119,NTU,,09/30/2021
PR0021555,001,00070,Turbidity,36,C3,MAX,Concentration3,NTU,36,NTU,119,NTU,,10/31/2021
PR0021555,001,00070,Turbidity,50,C3,MAX,Concentration3,NTU,50,NTU,78,NTU,,11/30/2021
PR0021555,001,00070,Turbidity,50,C3,MAX,Concentration3,NTU,50,NTU,78,NTU,,12/31/2021
PR0021555,001,00070,Turbidity,29,C3,MAX,Concentration3,NTU,29,NTU,78,NTU,,01/31/2022
PR0021555,001,00070,Turbidity,36,C3,MAX,Concentration3,NTU,36,NTU,78,NTU,,02/28/2022
PR0021555,001,00070,Turbidity,38,C3,MAX,Concentration3,NTU,38,NTU,78,NTU,,03/31/2022
PR0021555,001,00070,Turbidity,45,C3,MAX,Concentration3,NTU,45,NTU,78,NTU,,04/30/2022
PR0021555,001,00070,Turbidity,45,C3,MAX,Concentration3,NTU,45,NTU,78,NTU,,05/31/2022
PR0021555,001,00070,Turbidity,45,C3,MAX,Concentration3,NTU,45,NTU,78,NTU,,06/30/2022
PR0021555,001,00070,Turbidity,39,C3,MAX,Concentration3,NTU,39,NTU,78,NTU,,07/31/2022
PR0021555,001,00070,Turbidity,40,C3,MAX,Concentration3,NTU,40,NTU,78,NTU,,08/31/2022
PR0021555,001,00070,Turbidity,50,C3,MAX,Concentration3,NTU,50,NTU,78,NTU,,09/30/2022
PR0021555,001,00070,Turbidity,36,C3,MAX,Concentration3,NTU,36,NTU,78,NTU,,10/31/2022
PR0021555,001,00070,Turbidity,36,C3,MAX,Concentration3,NTU,36,NTU,78,NTU,,11/30/2022
PR0021555,001,00070,Turbidity,60,C3,MAX,Concentration3,NTU,60,NTU,78,NTU,,12/31/2022
PR0021555,001,00070,Turbidity,38,C3,MAX,Concentration3,NTU,38,NTU,78,NTU,,01/31/2023
PR0021555,001,00070,Turbidity,40,C3,MAX,Concentration3,NTU,40,NTU,78,NTU,,02/28/2023
PR0021555,001,00070,Turbidity,45,C3,MAX,Concentration3,NTU,45,NTU,78,NTU,,03/31/2023
PR0021555,001,00070,Turbidity,30,C3,MAX,Concentration3,NTU,30,NTU,78,NTU,,04/30/2023
PR0021555,001,00070,Turbidity,50,C3,MAX,Concentration3,NTU,50,NTU,78,NTU,,05/31/2023
PR0021555,001,00070,Turbidity,55,C3,MAX,Concentration3,NTU,55,NTU,78,NTU,,06/30/2023
PR0021555,001,00070,Turbidity,38,C3,MAX,Concentration3,NTU,38,NTU,78,NTU,,07/31/2023
PR0021555,001,00070,Turbidity,50,C3,MAX,Concentration3,NTU,50,NTU,78,NTU,,08/31/2023
PR0021555,001,00070,Turbidity,32,C3,MAX,Concentration3,NTU,32,NTU,78,NTU,,09/30/2023
PR0021555,001,00070,Turbidity,45,C3,MAX,Concentration3,NTU,45,NTU,78,NTU,,10/31/2023
PR0021555,001,00070,Turbidity,45,C3,MAX,Concentration3,NTU,45,NTU,78,NTU,,11/30/2023
PR0021555,001,00070,Turbidity,45,C3,MAX,Concentration3,NTU,45,NTU,78,NTU,,12/31/2023
PR0021555,001,00070,Turbidity,50,C3,MAX,Concentration3,NTU,50,NTU,78,NTU,,01/31/2024
PR0021555,001,00070,Turbidity,38,C3,MAX,Concentration3,NTU,38,NTU,78,NTU,,02/29/2024
PR0021555,001,00070,Turbidity,50,C3,MAX,Concentration3,NTU,50,NTU,78,NTU,,03/31/2024
PR0021555,001,00070,Turbidity,55,C3,MAX,Concentration3,NTU,55,NTU,78,NTU,,04/30/2024
PR0021555,001,00070,Turbidity,30,C3,MAX,Concentration3,NTU,30,NTU,78,NTU,,05/31/2024
PR0021555,001,00070,Turbidity,40,C3,MAX,Concentration3,NTU,40,NTU,78,NTU,,06/30/2024
PR0021555,001,00070,Turbidity,60,C3,MAX,Concentration3,NTU,60,NTU,78,NTU,,07/31/2024
PR0021555,001,00070,Turbidity,30,C3,MAX,Concentration3,NTU,30,NTU,78,NTU,,08/31/2024
PR0021555,001,00070,Turbidity,60,C3,MAX,Concentration3,NTU,60,NTU,78,NTU,,09/30/2024
PR0021555,001,00070,Turbidity,45,C3,MAX,Concentration3,NTU,45,NTU,78,NTU,,10/31/2024
PR0021555,001,00070,Turbidity,22,C3,MAX,Concentration3,NTU,22,NTU,78,NTU,,11/30/2024
PR0021555,001,00070,Turbidity,45,C3,MAX,Concentration3,NTU,45,NTU,78,NTU,,12/31/2024
PR0021555,001,00070,Turbidity,50,C3,MAX,Concentration3,NTU,50,NTU,78,NTU,,01/31/2025
PR0021555,001,00070,Turbidity,39,C3,MAX,Concentration3,NTU,39,NTU,78,NTU,,02/28/2025
PR0021555,001,00070,Turbidity,60,C3,MAX,Concentration3,NTU,60,NTU,78,NTU,,03/31/2025
PR0021555,001,00070,Turbidity,45,C3,MAX,Concentration3,NTU,45,NTU,78,NTU,,04/30/2025
PR0021555,001,00070,Turbidity,40,C3,MAX,Concentration3,NTU,40,NTU,78,NTU,,05/31/2025
PR0021555,001,00070,Turbidity,50,C3,MAX,Concentration3,NTU,50,NTU,78,NTU,,06/30/2025
PR0021555,001,00070,Turbidity,65,C3,MAX,Concentration3,NTU,65,NTU,78,NTU,,07/31/2025
PR0021555,001,00070,Turbidity,60,C3,MAX,Concentration3,NTU,60,NTU,78,NTU,,08/31/2025
PR0021555,001,00070,Turbidity,36,C3,MAX,Concentration3,NTU,36,NTU,78,NTU,,09/30/2025
PR0021555,001,00070,Turbidity,34,C3,MAX,Concentration3,NTU,34,NTU,78,NTU,,10/31/2025
PR0021555,001,00070,Turbidity,50,C3,MAX,Concentration3,NTU,50,NTU,78,NTU,,11/30/2025
PR0021555,001,00070,Turbidity,45,C3,MAX,Concentration3,NTU,45,NTU,78,NTU,,12/31/2025
PR0021555,001,00070,Turbidity,32,C3,MAX,Concentration3,NTU,32,NTU,78,NTU,,01/31/2026
PR0021555,001,00080,Color [PT-CO units],30,C3,MAX,Concentration3,col unit (pc),30,col unit (pc),70,col unit (pc),,01/31/2020
PR0021555,001,00080,Color [PT-CO units],60,C3,MAX,Concentration3,col unit (pc),60,col unit (pc),70,col unit (pc),,02/29/2020
PR0021555,001,00080,Color [PT-CO units],20,C3,MAX,Concentration3,col unit (pc),20,col unit (pc),70,col unit (pc),,03/31/2020
PR0021555,001,00080,Color [PT-CO units],15,C3,MAX,Concentration3,col unit (pc),15,col unit (pc),70,col unit (pc),,04/30/2020
PR0021555,001,00080,Color [PT-CO units],15,C3,MAX,Concentration3,col unit (pc),15,col unit (pc),70,col unit (pc),,05/31/2020
PR0021555,001,00080,Color [PT-CO units],20,C3,MAX,Concentration3,col unit (pc),20,col unit (pc),70,col unit (pc),,06/30/2020
PR0021555,001,00080,Color [PT-CO units],15,C3,MAX,Concentration3,col unit (pc),15,col unit (pc),70,col unit (pc),,07/31/2020
PR0021555,001,00080,Color [PT-CO units],30,C3,MAX,Concentration3,col unit (pc),30,col unit (pc),70,col unit (pc),,08/31/2020
PR0021555,001,00080,Color [PT-CO units],30,C3,MAX,Concentration3,col unit (pc),30,col unit (pc),70,col unit (pc),,09/30/2020
PR0021555,001,00080,Color [PT-CO units],20,C3,MAX,Concentration3,col unit (pc),20,col unit (pc),70,col unit (pc),,10/31/2020
PR0021555,001,00080,Color [PT-CO units],15,C3,MAX,Concentration3,col unit (pc),15,col unit (pc),70,col unit (pc),,11/30/2020
PR0021555,001,00080,Color [PT-CO units],30,C3,MAX,Concentration3,col unit (pc),30,col unit (pc),70,col unit (pc),,12/31/2020
PR0021555,001,00080,Color [PT-CO units],20,C3,MAX,Concentration3,col unit (pc),20,col unit (pc),70,col unit (pc),,01/31/2021
PR0021555,001,00080,Color [PT-CO units],30,C3,MAX,Concentration3,col unit (pc),30,col unit (pc),70,col unit (pc),,02/28/2021
PR0021555,001,00080,Color [PT-CO units],30,C3,MAX,Concentration3,col unit (pc),30,col unit (pc),70,col unit (pc),,03/31/2021
PR0021555,001,00080,Color [PT-CO units],15,C3,MAX,Concentration3,col unit (pc),15,col unit (pc),70,col unit (pc),,04/30/2021
PR0021555,001,00080,Color [PT-CO units],20,C3,MAX,Concentration3,col unit (pc),20,col unit (pc),70,col unit (pc),,05/31/2021
PR0021555,001,00080,Color [PT-CO units],30,C3,MAX,Concentration3,col unit (pc),30,col unit (pc),70,col unit (pc),,06/30/2021
PR0021555,001,00080,Color [PT-CO units],30,C3,MAX,Concentration3,col unit (pc),30,col unit (pc),70,col unit (pc),,07/31/2021
PR0021555,001,00080,Color [PT-CO units],20,C3,MAX,Concentration3,col unit (pc),20,col unit (pc),70,col unit (pc),,08/31/2021
PR0021555,001,00080,Color [PT-CO units],30,C3,MAX,Concentration3,col unit (pc),30,col unit (pc),70,col unit (pc),,09/30/2021
PR0021555,001,00080,Color [PT-CO units],20,C3,MAX,Concentration3,col unit (pc),20,col unit (pc),70,col unit (pc),,10/31/2021
PR0021555,001,00080,Color [PT-CO units],40,C3,MAX,Concentration3,col unit (pc),40,col unit (pc),60,col unit (pc),,11/30/2021
PR0021555,001,00080,Color [PT-CO units],30,C3,MAX,Concentration3,col unit (pc),30,col unit (pc),60,col unit (pc),,12/31/2021
PR0021555,001,00080,Color [PT-CO units],20,C3,MAX,Concentration3,col unit (pc),20,col unit (pc),60,col unit (pc),,01/31/2022
PR0021555,001,00080,Color [PT-CO units],30,C3,MAX,Concentration3,col unit (pc),30,col unit (pc),60,col unit (pc),,02/28/2022
PR0021555,001,00080,Color [PT-CO units],20,C3,MAX,Concentration3,col unit (pc),20,col unit (pc),60,col unit (pc),,03/31/2022
PR0021555,001,00080,Color [PT-CO units],20,C3,MAX,Concentration3,col unit (pc),20,col unit (pc),60,col unit (pc),,04/30/2022
PR0021555,001,00080,Color [PT-CO units],30,C3,MAX,Concentration3,col unit (pc),30,col unit (pc),60,col unit (pc),,05/31/2022
PR0021555,001,00080,Color [PT-CO units],30,C3,MAX,Concentration3,col unit (pc),30,col unit (pc),60,col unit (pc),,06/30/2022
PR0021555,001,00080,Color [PT-CO units],15,C3,MAX,Concentration3,col unit (pc),15,col unit (pc),60,col unit (pc),,07/31/2022
PR0021555,001,00080,Color [PT-CO units],10,C3,MAX,Concentration3,col unit (pc),10,col unit (pc),60,col unit (pc),,08/31/2022
PR0021555,001,00080,Color [PT-CO units],20,C3,MAX,Concentration3,col unit (pc),20,col unit (pc),60,col unit (pc),,09/30/2022
PR0021555,001,00080,Color [PT-CO units],20,C3,MAX,Concentration3,col unit (pc),20,col unit (pc),60,col unit (pc),,10/31/2022
PR0021555,001,00080,Color [PT-CO units],20,C3,MAX,Concentration3,col unit (pc),20,col unit (pc),60,col unit (pc),,11/30/2022
PR0021555,001,00080,Color [PT-CO units],30,C3,MAX,Concentration3,col unit (pc),30,col unit (pc),60,col unit (pc),,12/31/2022
PR0021555,001,00080,Color [PT-CO units],15,C3,MAX,Concentration3,col unit (pc),15,col unit (pc),60,col unit (pc),,01/31/2023
PR0021555,001,00080,Color [PT-CO units],30,C3,MAX,Concentration3,col unit (pc),30,col unit (pc),60,col unit (pc),,02/28/2023
PR0021555,001,00080,Color [PT-CO units],30,C3,MAX,Concentration3,col unit (pc),30,col unit (pc),60,col unit (pc),,03/31/2023
PR0021555,001,00080,Color [PT-CO units],30,C3,MAX,Concentration3,col unit (pc),30,col unit (pc),60,col unit (pc),,04/30/2023
PR0021555,001,00080,Color [PT-CO units],30,C3,MAX,Concentration3,col unit (pc),30,col unit (pc),60,col unit (pc),,05/31/2023
PR0021555,001,00080,Color [PT-CO units],20,C3,MAX,Concentration3,col unit (pc),20,col unit (pc),60,col unit (pc),,06/30/2023
PR0021555,001,00080,Color [PT-CO units],20,C3,MAX,Concentration3,col unit (pc),20,col unit (pc),60,col unit (pc),,07/31/2023
PR0021555,001,00080,Color [PT-CO units],20,C3,MAX,Concentration3,col unit (pc),20,col unit (pc),60,col unit (pc),,08/31/2023
PR0021555,001,00080,Color [PT-CO units],20,C3,MAX,Concentration3,col unit (pc),20,col unit (pc),60,col unit (pc),,09/30/2023
PR0021555,001,00080,Color [PT-CO units],15,C3,MAX,Concentration3,col unit (pc),15,col unit (pc),60,col unit (pc),,10/31/2023
PR0021555,001,00080,Color [PT-CO units],20,C3,MAX,Concentration3,col unit (pc),20,col unit (pc),60,col unit (pc),,11/30/2023
PR0021555,001,00080,Color [PT-CO units],30,C3,MAX,Concentration3,col unit (pc),30,col unit (pc),60,col unit (pc),,12/31/2023
PR0021555,001,00080,Color [PT-CO units],30,C3,MAX,Concentration3,col unit (pc),30,col unit (pc),60,col unit (pc),,01/31/2024
PR0021555,001,00080,Color [PT-CO units],20,C3,MAX,Concentration3,col unit (pc),20,col unit (pc),60,col unit (pc),,02/29/2024
PR0021555,001,00080,Color [PT-CO units],30,C3,MAX,Concentration3,col unit (pc),30,col unit (pc),60,col unit (pc),,03/31/2024
PR0021555,001,00080,Color [PT-CO units],30,C3,MAX,Concentration3,col unit (pc),30,col unit (pc),60,col unit (pc),,04/30/2024
PR0021555,001,00080,Color [PT-CO units],50,C3,MAX,Concentration3,col unit (pc),50,col unit (pc),60,col unit (pc),,05/31/2024
PR0021555,001,00080,Color [PT-CO units],30,C3,MAX,Concentration3,col unit (pc),30,col unit (pc),60,col unit (pc),,06/30/2024
PR0021555,001,00080,Color [PT-CO units],30,C3,MAX,Concentration3,col unit (pc),30,col unit (pc),60,col unit (pc),,07/31/2024
PR0021555,001,00080,Color [PT-CO units],20,C3,MAX,Concentration3,col unit (pc),20,col unit (pc),60,col unit (pc),,08/31/2024
PR0021555,001,00080,Color [PT-CO units],15,C3,MAX,Concentration3,col unit (pc),15,col unit (pc),60,col unit (pc),,09/30/2024
PR0021555,001,00080,Color [PT-CO units],20,C3,MAX,Concentration3,col unit (pc),20,col unit (pc),60,col unit (pc),,10/31/2024
PR0021555,001,00080,Color [PT-CO units],10,C3,MAX,Concentration3,col unit (pc),10,col unit (pc),60,col unit (pc),,11/30/2024
PR0021555,001,00080,Color [PT-CO units],30,C3,MAX,Concentration3,col unit (pc),30,col unit (pc),60,col unit (pc),,12/31/2024
PR0021555,001,00080,Color [PT-CO units],30,C3,MAX,Concentration3,col unit (pc),30,col unit (pc),60,col unit (pc),,01/31/2025
PR0021555,001,00080,Color [PT-CO units],40,C3,MAX,Concentration3,col unit (pc),40,col unit (pc),60,col unit (pc),,02/28/2025
PR0021555,001,00080,Color [PT-CO units],30,C3,MAX,Concentration3,col unit (pc),30,col unit (pc),60,col unit (pc),,03/31/2025
PR0021555,001,00080,Color [PT-CO units],20,C3,MAX,Concentration3,col unit (pc),20,col unit (pc),60,col unit (pc),,04/30/2025
PR0021555,001,00080,Color [PT-CO units],30,C3,MAX,Concentration3,col unit (pc),30,col unit (pc),60,col unit (pc),,05/31/2025
PR0021555,001,00080,Color [PT-CO units],30,C3,MAX,Concentration3,col unit (pc),30,col unit (pc),60,col unit (pc),,06/30/2025
PR0021555,001,00080,Color [PT-CO units],30,C3,MAX,Concentration3,col unit (pc),30,col unit (pc),60,col unit (pc),,07/31/2025
PR0021555,001,00080,Color [PT-CO units],30,C3,MAX,Concentration3,col unit (pc),30,col unit (pc),60,col unit (pc),,08/31/2025
PR0021555,001,00080,Color [PT-CO units],30,C3,MAX,Concentration3,col unit (pc),30,col unit (pc),60,col unit (pc),,09/30/2025
PR0021555,001,00080,Color [PT-CO units],20,C3,MAX,Concentration3,col unit (pc),20,col unit (pc),60,col unit (pc),,10/31/2025
PR0021555,001,00080,Color [PT-CO units],30,C3,MAX,Concentration3,col unit (pc),30,col unit (pc),60,col unit (pc),,11/30/2025
PR0021555,001,00080,Color [PT-CO units],20,C3,MAX,Concentration3,col unit (pc),20,col unit (pc),60,col unit (pc),,12/31/2025
PR0021555,001,00080,Color [PT-CO units],15,C3,MAX,Concentration3,col unit (pc),15,col unit (pc),60,col unit (pc),,01/31/2026
PR0021555,001,00300,"Oxygen, dissolved [DO]",1.98,C1,MIN,Concentration1,mg/L,1.98,mg/L,,mg/L,,01/31/2020
PR0021555,001,00300,"Oxygen, dissolved [DO]",0.73,C1,MIN,Concentration1,mg/L,.73,mg/L,,mg/L,,02/29/2020
PR0021555,001,00300,"Oxygen, dissolved [DO]",0.89,C1,MIN,Concentration1,mg/L,.89,mg/L,,mg/L,,03/31/2020
PR0021555,001,00300,"Oxygen, dissolved [DO]",1.31,C1,MIN,Concentration1,mg/L,1.31,mg/L,,mg/L,,04/30/2020
PR0021555,001,00300,"Oxygen, dissolved [DO]",0.3,C1,MIN,Concentration1,mg/L,.3,mg/L,,mg/L,,05/31/2020
PR0021555,001,00300,"Oxygen, dissolved [DO]",0.3,C1,MIN,Concentration1,mg/L,.3,mg/L,,mg/L,,06/30/2020
PR0021555,001,00300,"Oxygen, dissolved [DO]",2.04,C1,MIN,Concentration1,mg/L,2.04,mg/L,,mg/L,,07/31/2020
PR0021555,001,00300,"Oxygen, dissolved [DO]",3.54,C1,MIN,Concentration1,mg/L,3.54,mg/L,,mg/L,,08/31/2020
PR0021555,001,00300,"Oxygen, dissolved [DO]",3.82,C1,MIN,Concentration1,mg/L,3.82,mg/L,,mg/L,,09/30/2020
PR0021555,001,00300,"Oxygen, dissolved [DO]",2.92,C1,MIN,Concentration1,mg/L,2.92,mg/L,,mg/L,,10/31/2020
PR0021555,001,00300,"Oxygen, dissolved [DO]",3.32,C1,MIN,Concentration1,mg/L,3.32,mg/L,,mg/L,,11/30/2020
PR0021555,001,00300,"Oxygen, dissolved [DO]",0.4,C1,MIN,Concentration1,mg/L,.4,mg/L,,mg/L,,12/31/2020
PR0021555,001,00300,"Oxygen, dissolved [DO]",0.29,C1,MIN,Concentration1,mg/L,.29,mg/L,,mg/L,,01/31/2021
PR0021555,001,00300,"Oxygen, dissolved [DO]",3.57,C1,MIN,Concentration1,mg/L,3.57,mg/L,,mg/L,,02/28/2021
PR0021555,001,00300,"Oxygen, dissolved [DO]",4.02,C1,MIN,Concentration1,mg/L,4.02,mg/L,,mg/L,,03/31/2021
PR0021555,001,00300,"Oxygen, dissolved [DO]",2.32,C1,MIN,Concentration1,mg/L,2.32,mg/L,,mg/L,,04/30/2021
PR0021555,001,00300,"Oxygen, dissolved [DO]",1.33,C1,MIN,Concentration1,mg/L,1.33,mg/L,,mg/L,,05/31/2021
PR0021555,001,00300,"Oxygen, dissolved [DO]",2.38,C1,MIN,Concentration1,mg/L,2.38,mg/L,,mg/L,,06/30/2021
PR0021555,001,00300,"Oxygen, dissolved [DO]",0.7,C1,MIN,Concentration1,mg/L,.7,mg/L,,mg/L,,07/31/2021
PR0021555,001,00300,"Oxygen, dissolved [DO]",2.33,C1,MIN,Concentration1,mg/L,2.33,mg/L,,mg/L,,08/31/2021
PR0021555,001,00300,"Oxygen, dissolved [DO]",3.6,C1,MIN,Concentration1,mg/L,3.6,mg/L,,mg/L,,09/30/2021
PR0021555,001,00300,"Oxygen, dissolved [DO]",1.78,C1,MIN,Concentration1,mg/L,1.78,mg/L,,mg/L,,10/31/2021
PR0021555,001,00300,"Oxygen, dissolved [DO]",0.28,C1,MIN,Concentration1,mg/L,.28,mg/L,,mg/L,,11/30/2021
PR0021555,001,00300,"Oxygen, dissolved [DO]",0.1,C1,MIN,Concentration1,mg/L,.1,mg/L,,mg/L,,12/31/2021
PR0021555,001,00300,"Oxygen, dissolved [DO]",0.32,C1,MIN,Concentration1,mg/L,.32,mg/L,,mg/L,,01/31/2022
PR0021555,001,00300,"Oxygen, dissolved [DO]",1.75,C1,MIN,Concentration1,mg/L,1.75,mg/L,,mg/L,,02/28/2022
PR0021555,001,00300,"Oxygen, dissolved [DO]",0.18,C1,MIN,Concentration1,mg/L,.18,mg/L,,mg/L,,03/31/2022
PR0021555,001,00300,"Oxygen, dissolved [DO]",0.05,C1,MIN,Concentration1,mg/L,.05,mg/L,,mg/L,,04/30/2022
PR0021555,001,00300,"Oxygen, dissolved [DO]",0.06,C1,MIN,Concentration1,mg/L,.06,mg/L,,mg/L,,05/31/2022
PR0021555,001,00300,"Oxygen, dissolved [DO]",0.06,C1,MIN,Concentration1,mg/L,.06,mg/L,,mg/L,,06/30/2022
PR0021555,001,00300,"Oxygen, dissolved [DO]",0.07,C1,MIN,Concentration1,mg/L,.07,mg/L,,mg/L,,07/31/2022
PR0021555,001,00300,"Oxygen, dissolved [DO]",0.04,C1,MIN,Concentration1,mg/L,.04,mg/L,,mg/L,,08/31/2022
PR0021555,001,00300,"Oxygen, dissolved [DO]",0.45,C1,MIN,Concentration1,mg/L,.45,mg/L,,mg/L,,09/30/2022
PR0021555,001,00300,"Oxygen, dissolved [DO]",3.45,C1,MIN,Concentration1,mg/L,3.45,mg/L,,mg/L,,10/31/2022
PR0021555,001,00300,"Oxygen, dissolved [DO]",4.52,C1,MIN,Concentration1,mg/L,4.52,mg/L,,mg/L,,11/30/2022
PR0021555,001,00300,"Oxygen, dissolved [DO]",3.7,C1,MIN,Concentration1,mg/L,3.7,mg/L,,mg/L,,12/31/2022
PR0021555,001,00300,"Oxygen, dissolved [DO]",3.52,C1,MIN,Concentration1,mg/L,3.52,mg/L,,mg/L,,01/31/2023
PR0021555,001,00300,"Oxygen, dissolved [DO]",1.04,C1,MIN,Concentration1,mg/L,1.04,mg/L,,mg/L,,02/28/2023
PR0021555,001,00300,"Oxygen, dissolved [DO]",3.15,C1,MIN,Concentration1,mg/L,3.15,mg/L,,mg/L,,03/31/2023
PR0021555,001,00300,"Oxygen, dissolved [DO]",1.71,C1,MIN,Concentration1,mg/L,1.71,mg/L,,mg/L,,04/30/2023
PR0021555,001,00300,"Oxygen, dissolved [DO]",3.12,C1,MIN,Concentration1,mg/L,3.12,mg/L,,mg/L,,05/31/2023
PR0021555,001,00300,"Oxygen, dissolved [DO]",3.06,C1,MIN,Concentration1,mg/L,3.06,mg/L,,mg/L,,06/30/2023
PR0021555,001,00300,"Oxygen, dissolved [DO]",3.36,C1,MIN,Concentration1,mg/L,3.36,mg/L,,mg/L,,07/31/2023
PR0021555,001,00300,"Oxygen, dissolved [DO]",3.81,C1,MIN,Concentration1,mg/L,3.81,mg/L,,mg/L,,08/31/2023
PR0021555,001,00300,"Oxygen, dissolved [DO]",2.37,C1,MIN,Concentration1,mg/L,2.37,mg/L,,mg/L,,09/30/2023
PR0021555,001,00300,"Oxygen, dissolved [DO]",3.86,C1,MIN,Concentration1,mg/L,3.86,mg/L,,mg/L,,10/31/2023
PR0021555,001,00300,"Oxygen, dissolved [DO]",4.1,C1,MIN,Concentration1,mg/L,4.1,mg/L,,mg/L,,11/30/2023
PR0021555,001,00300,"Oxygen, dissolved [DO]",2.81,C1,MIN,Concentration1,mg/L,2.81,mg/L,,mg/L,,12/31/2023
PR0021555,001,00300,"Oxygen, dissolved [DO]",0,C1,MIN,Concentration1,mg/L,0,mg/L,,mg/L,,01/31/2024
PR0021555,001,00300,"Oxygen, dissolved [DO]",4.18,C1,MIN,Concentration1,mg/L,4.18,mg/L,,mg/L,,02/29/2024
PR0021555,001,00300,"Oxygen, dissolved [DO]",3.65,C1,MIN,Concentration1,mg/L,3.65,mg/L,,mg/L,,03/31/2024
PR0021555,001,00300,"Oxygen, dissolved [DO]",3.65,C1,MIN,Concentration1,mg/L,3.65,mg/L,,mg/L,,04/30/2024
PR0021555,001,00300,"Oxygen, dissolved [DO]",3.81,C1,MIN,Concentration1,mg/L,3.81,mg/L,,mg/L,,05/31/2024
PR0021555,001,00300,"Oxygen, dissolved [DO]",3.41,C1,MIN,Concentration1,mg/L,3.41,mg/L,,mg/L,,06/30/2024
PR0021555,001,00300,"Oxygen, dissolved [DO]",2.91,C1,MIN,Concentration1,mg/L,2.91,mg/L,,mg/L,,07/31/2024
PR0021555,001,00300,"Oxygen, dissolved [DO]",3.96,C1,MIN,Concentration1,mg/L,3.96,mg/L,,mg/L,,08/31/2024
PR0021555,001,00300,"Oxygen, dissolved [DO]",1.62,C1,MIN,Concentration1,mg/L,1.62,mg/L,,mg/L,,09/30/2024
PR0021555,001,00300,"Oxygen, dissolved [DO]",1.08,C1,MIN,Concentration1,mg/L,1.08,mg/L,,mg/L,,10/31/2024
PR0021555,001,00300,"Oxygen, dissolved [DO]",4.03,C1,MIN,Concentration1,mg/L,4.03,mg/L,,mg/L,,11/30/2024
PR0021555,001,00300,"Oxygen, dissolved [DO]",1.94,C1,MIN,Concentration1,mg/L,1.94,mg/L,,mg/L,,12/31/2024
PR0021555,001,00300,"Oxygen, dissolved [DO]",0.97,C1,MIN,Concentration1,mg/L,.97,mg/L,,mg/L,,01/31/2025
PR0021555,001,00300,"Oxygen, dissolved [DO]",3.03,C1,MIN,Concentration1,mg/L,3.03,mg/L,,mg/L,,02/28/2025
PR0021555,001,00300,"Oxygen, dissolved [DO]",2.93,C1,MIN,Concentration1,mg/L,2.93,mg/L,,mg/L,,03/31/2025
PR0021555,001,00300,"Oxygen, dissolved [DO]",2.52,C1,MIN,Concentration1,mg/L,2.52,mg/L,,mg/L,,04/30/2025
PR0021555,001,00300,"Oxygen, dissolved [DO]",0.89,C1,MIN,Concentration1,mg/L,.89,mg/L,,mg/L,,05/31/2025
PR0021555,001,00300,"Oxygen, dissolved [DO]",1.3,C1,MIN,Concentration1,mg/L,1.3,mg/L,,mg/L,,06/30/2025
PR0021555,001,00300,"Oxygen, dissolved [DO]",0.15,C1,MIN,Concentration1,mg/L,.15,mg/L,,mg/L,,07/31/2025
PR0021555,001,00300,"Oxygen, dissolved [DO]",2.95,C1,MIN,Concentration1,mg/L,2.95,mg/L,,mg/L,,08/31/2025
PR0021555,001,00300,"Oxygen, dissolved [DO]",3.19,C1,MIN,Concentration1,mg/L,3.19,mg/L,,mg/L,,09/30/2025
PR0021555,001,00300,"Oxygen, dissolved [DO]",3.62,C1,MIN,Concentration1,mg/L,3.62,mg/L,,mg/L,,10/31/2025
PR0021555,001,00300,"Oxygen, dissolved [DO]",3.46,C1,MIN,Concentration1,mg/L,3.46,mg/L,,mg/L,,11/30/2025
PR0021555,001,00300,"Oxygen, dissolved [DO]",0.97,C1,MIN,Concentration1,mg/L,.97,mg/L,,mg/L,,12/31/2025
PR0021555,001,00300,"Oxygen, dissolved [DO]",3.85,C1,MIN,Concentration1,mg/L,3.85,mg/L,,mg/L,,01/31/2026
PR0021555,001,00310,"BOD, 5-day, 20 deg. C",13225,Q1,AVG,Quantity1,kg/d,13225,kg/d,35465,kg/d,,01/31/2020
PR0021555,001,00310,"BOD, 5-day, 20 deg. C",54,C2,AVG,Concentration2,mg/L,54,mg/L,117,mg/L,,01/31/2020
PR0021555,001,00310,"BOD, 5-day, 20 deg. C",74,C3,AVG,Concentration3,mg/L,74,mg/L,,mg/L,,01/31/2020
PR0021555,001,00310,"BOD, 5-day, 20 deg. C",19910,Q2,AVG,Quantity2,kg/d,19910,kg/d,70930,kg/d,,01/31/2020
PR0021555,001,00310,"BOD, 5-day, 20 deg. C",12511,Q2,AVG,Quantity2,kg/d,12511,kg/d,70930,kg/d,,02/29/2020
PR0021555,001,00310,"BOD, 5-day, 20 deg. C",66,C3,AVG,Concentration3,mg/L,66,mg/L,,mg/L,,02/29/2020
PR0021555,001,00310,"BOD, 5-day, 20 deg. C",55,C2,AVG,Concentration2,mg/L,55,mg/L,117,mg/L,,02/29/2020
PR0021555,001,00310,"BOD, 5-day, 20 deg. C",11447,Q1,AVG,Quantity1,kg/d,11447,kg/d,35465,kg/d,,02/29/2020
PR0021555,001,00310,"BOD, 5-day, 20 deg. C",14461,Q1,AVG,Quantity1,kg/d,14461,kg/d,35465,kg/d,,03/31/2020
PR0021555,001,00310,"BOD, 5-day, 20 deg. C",130,C3,AVG,Concentration3,mg/L,130,mg/L,,mg/L,,03/31/2020
PR0021555,001,00310,"BOD, 5-day, 20 deg. C",71,C2,AVG,Concentration2,mg/L,71,mg/L,117,mg/L,,03/31/2020
PR0021555,001,00310,"BOD, 5-day, 20 deg. C",22812,Q2,AVG,Quantity2,kg/d,22812,kg/d,70930,kg/d,,03/31/2020
PR0021555,001,00310,"BOD, 5-day, 20 deg. C",24796,Q2,AVG,Quantity2,kg/d,24796,kg/d,70930,kg/d,,04/30/2020
PR0021555,001,00310,"BOD, 5-day, 20 deg. C",85,C2,AVG,Concentration2,mg/L,85,mg/L,117,mg/L,,04/30/2020
PR0021555,001,00310,"BOD, 5-day, 20 deg. C",124,C3,AVG,Concentration3,mg/L,124,mg/L,,mg/L,,04/30/2020
PR0021555,001,00310,"BOD, 5-day, 20 deg. C",17563,Q1,AVG,Quantity1,kg/d,17563,kg/d,35465,kg/d,,04/30/2020
PR0021555,001,00310,"BOD, 5-day, 20 deg. C",15985,Q1,AVG,Quantity1,kg/d,15985,kg/d,35465,kg/d,,05/31/2020
PR0021555,001,00310,"BOD, 5-day, 20 deg. C",76,C2,AVG,Concentration2,mg/L,76,mg/L,117,mg/L,,05/31/2020
PR0021555,001,00310,"BOD, 5-day, 20 deg. C",100,C3,AVG,Concentration3,mg/L,100,mg/L,,mg/L,,05/31/2020
PR0021555,001,00310,"BOD, 5-day, 20 deg. C",21789,Q2,AVG,Quantity2,kg/d,21789,kg/d,70930,kg/d,,05/31/2020
PR0021555,001,00310,"BOD, 5-day, 20 deg. C",18081,Q2,AVG,Quantity2,kg/d,18081,kg/d,70930,kg/d,,06/30/2020
PR0021555,001,00310,"BOD, 5-day, 20 deg. C",92,C3,AVG,Concentration3,mg/L,92,mg/L,,mg/L,,06/30/2020
PR0021555,001,00310,"BOD, 5-day, 20 deg. C",75,C2,AVG,Concentration2,mg/L,75,mg/L,117,mg/L,,06/30/2020
PR0021555,001,00310,"BOD, 5-day, 20 deg. C",14690,Q1,AVG,Quantity1,kg/d,14690,kg/d,35465,kg/d,,06/30/2020
PR0021555,001,00310,"BOD, 5-day, 20 deg. C",14975,Q2,AVG,Quantity2,kg/d,14975,kg/d,70930,kg/d,,07/31/2020
PR0021555,001,00310,"BOD, 5-day, 20 deg. C",12095,Q1,AVG,Quantity1,kg/d,12095,kg/d,35465,kg/d,,07/31/2020
PR0021555,001,00310,"BOD, 5-day, 20 deg. C",57,C2,AVG,Concentration2,mg/L,57,mg/L,117,mg/L,,07/31/2020
PR0021555,001,00310,"BOD, 5-day, 20 deg. C",76,C3,AVG,Concentration3,mg/L,76,mg/L,,mg/L,,07/31/2020
PR0021555,001,00310,"BOD, 5-day, 20 deg. C",18768,Q2,AVG,Quantity2,kg/d,18768,kg/d,70930,kg/d,,08/31/2020
PR0021555,001,00310,"BOD, 5-day, 20 deg. C",96,C3,AVG,Concentration3,mg/L,96,mg/L,,mg/L,,08/31/2020
PR0021555,001,00310,"BOD, 5-day, 20 deg. C",82,C2,AVG,Concentration2,mg/L,82,mg/L,117,mg/L,,08/31/2020
PR0021555,001,00310,"BOD, 5-day, 20 deg. C",17208,Q1,AVG,Quantity1,kg/d,17208,kg/d,35465,kg/d,,08/31/2020
PR0021555,001,00310,"BOD, 5-day, 20 deg. C",14509,Q1,AVG,Quantity1,kg/d,14509,kg/d,35465,kg/d,,09/30/2020
PR0021555,001,00310,"BOD, 5-day, 20 deg. C",107,C3,AVG,Concentration3,mg/L,107,mg/L,,mg/L,,09/30/2020
PR0021555,001,00310,"BOD, 5-day, 20 deg. C",68,C2,AVG,Concentration2,mg/L,68,mg/L,117,mg/L,,09/30/2020
PR0021555,001,00310,"BOD, 5-day, 20 deg. C",22439,Q2,AVG,Quantity2,kg/d,22439,kg/d,70930,kg/d,,09/30/2020
PR0021555,001,00310,"BOD, 5-day, 20 deg. C",17185,Q2,AVG,Quantity2,kg/d,17185,kg/d,70930,kg/d,,10/31/2020
PR0021555,001,00310,"BOD, 5-day, 20 deg. C",66,C2,AVG,Concentration2,mg/L,66,mg/L,117,mg/L,,10/31/2020
PR0021555,001,00310,"BOD, 5-day, 20 deg. C",78,C3,AVG,Concentration3,mg/L,78,mg/L,,mg/L,,10/31/2020
PR0021555,001,00310,"BOD, 5-day, 20 deg. C",14630,Q1,AVG,Quantity1,kg/d,14630,kg/d,35465,kg/d,,10/31/2020
PR0021555,001,00310,"BOD, 5-day, 20 deg. C",17362,Q2,AVG,Quantity2,kg/d,17362,kg/d,70930,kg/d,,11/30/2020
PR0021555,001,00310,"BOD, 5-day, 20 deg. C",13533,Q1,AVG,Quantity1,kg/d,13533,kg/d,35465,kg/d,,11/30/2020
PR0021555,001,00310,"BOD, 5-day, 20 deg. C",80,C3,AVG,Concentration3,mg/L,80,mg/L,,mg/L,,11/30/2020
PR0021555,001,00310,"BOD, 5-day, 20 deg. C",56,C2,AVG,Concentration2,mg/L,56,mg/L,117,mg/L,,11/30/2020
PR0021555,001,00310,"BOD, 5-day, 20 deg. C",17907,Q2,AVG,Quantity2,kg/d,17907,kg/d,70930,kg/d,,12/31/2020
PR0021555,001,00310,"BOD, 5-day, 20 deg. C",82,C3,AVG,Concentration3,mg/L,82,mg/L,,mg/L,,12/31/2020
PR0021555,001,00310,"BOD, 5-day, 20 deg. C",64,C2,AVG,Concentration2,mg/L,64,mg/L,117,mg/L,,12/31/2020
PR0021555,001,00310,"BOD, 5-day, 20 deg. C",13396,Q1,AVG,Quantity1,kg/d,13396,kg/d,35465,kg/d,,12/31/2020
PR0021555,001,00310,"BOD, 5-day, 20 deg. C",12667,Q1,AVG,Quantity1,kg/d,12667,kg/d,35465,kg/d,,01/31/2021
PR0021555,001,00310,"BOD, 5-day, 20 deg. C",61,C2,AVG,Concentration2,mg/L,61,mg/L,117,mg/L,,01/31/2021
PR0021555,001,00310,"BOD, 5-day, 20 deg. C",75,C3,AVG,Concentration3,mg/L,75,mg/L,,mg/L,,01/31/2021
PR0021555,001,00310,"BOD, 5-day, 20 deg. C",14542,Q2,AVG,Quantity2,kg/d,14542,kg/d,70930,kg/d,,01/31/2021
PR0021555,001,00310,"BOD, 5-day, 20 deg. C",25240,Q2,AVG,Quantity2,kg/d,25240,kg/d,70930,kg/d,,02/28/2021
PR0021555,001,00310,"BOD, 5-day, 20 deg. C",112,C3,AVG,Concentration3,mg/L,112,mg/L,,mg/L,,02/28/2021
PR0021555,001,00310,"BOD, 5-day, 20 deg. C",82,C2,AVG,Concentration2,mg/L,82,mg/L,117,mg/L,,02/28/2021
PR0021555,001,00310,"BOD, 5-day, 20 deg. C",17786,Q1,AVG,Quantity1,kg/d,17786,kg/d,35465,kg/d,,02/28/2021
PR0021555,001,00310,"BOD, 5-day, 20 deg. C",17058,Q1,AVG,Quantity1,kg/d,17058,kg/d,35465,kg/d,,03/31/2021
PR0021555,001,00310,"BOD, 5-day, 20 deg. C",132,C3,AVG,Concentration3,mg/L,132,mg/L,,mg/L,,03/31/2021
PR0021555,001,00310,"BOD, 5-day, 20 deg. C",86,C2,AVG,Concentration2,mg/L,86,mg/L,117,mg/L,,03/31/2021
PR0021555,001,00310,"BOD, 5-day, 20 deg. C",24602,Q2,AVG,Quantity2,kg/d,24602,kg/d,70930,kg/d,,03/31/2021
PR0021555,001,00310,"BOD, 5-day, 20 deg. C",21861,Q2,AVG,Quantity2,kg/d,21861,kg/d,70930,kg/d,,04/30/2021
PR0021555,001,00310,"BOD, 5-day, 20 deg. C",84,C2,AVG,Concentration2,mg/L,84,mg/L,117,mg/L,,04/30/2021
PR0021555,001,00310,"BOD, 5-day, 20 deg. C",100,C3,AVG,Concentration3,mg/L,100,mg/L,,mg/L,,04/30/2021
PR0021555,001,00310,"BOD, 5-day, 20 deg. C",17088,Q1,AVG,Quantity1,kg/d,17088,kg/d,35465,kg/d,,04/30/2021
PR0021555,001,00310,"BOD, 5-day, 20 deg. C",16022,Q1,AVG,Quantity1,kg/d,16022,kg/d,35465,kg/d,,05/31/2021
PR0021555,001,00310,"BOD, 5-day, 20 deg. C",83,C2,AVG,Concentration2,mg/L,83,mg/L,117,mg/L,,05/31/2021
PR0021555,001,00310,"BOD, 5-day, 20 deg. C",91,C3,AVG,Concentration3,mg/L,91,mg/L,,mg/L,,05/31/2021
PR0021555,001,00310,"BOD, 5-day, 20 deg. C",16668,Q2,AVG,Quantity2,kg/d,16668,kg/d,70930,kg/d,,05/31/2021
PR0021555,001,00310,"BOD, 5-day, 20 deg. C",17713,Q2,AVG,Quantity2,kg/d,17713,kg/d,70930,kg/d,,06/30/2021
PR0021555,001,00310,"BOD, 5-day, 20 deg. C",74,C2,AVG,Concentration2,mg/L,74,mg/L,117,mg/L,,06/30/2021
PR0021555,001,00310,"BOD, 5-day, 20 deg. C",82,C3,AVG,Concentration3,mg/L,82,mg/L,,mg/L,,06/30/2021
PR0021555,001,00310,"BOD, 5-day, 20 deg. C",16590,Q1,AVG,Quantity1,kg/d,16590,kg/d,35465,kg/d,,06/30/2021
PR0021555,001,00310,"BOD, 5-day, 20 deg. C",12709,Q1,AVG,Quantity1,kg/d,12709,kg/d,35465,kg/d,,07/31/2021
PR0021555,001,00310,"BOD, 5-day, 20 deg. C",67,C2,AVG,Concentration2,mg/L,67,mg/L,117,mg/L,,07/31/2021
PR0021555,001,00310,"BOD, 5-day, 20 deg. C",87,C3,AVG,Concentration3,mg/L,87,mg/L,,mg/L,,07/31/2021
PR0021555,001,00310,"BOD, 5-day, 20 deg. C",15634,Q2,AVG,Quantity2,kg/d,15634,kg/d,70930,kg/d,,07/31/2021
PR0021555,001,00310,"BOD, 5-day, 20 deg. C",94,C3,AVG,Concentration3,mg/L,94,mg/L,,mg/L,,08/31/2021
PR0021555,001,00310,"BOD, 5-day, 20 deg. C",67,C2,AVG,Concentration2,mg/L,67,mg/L,117,mg/L,,08/31/2021
PR0021555,001,00310,"BOD, 5-day, 20 deg. C",13271,Q1,AVG,Quantity1,kg/d,13271,kg/d,35465,kg/d,,08/31/2021
PR0021555,001,00310,"BOD, 5-day, 20 deg. C",17018,Q2,AVG,Quantity2,kg/d,17018,kg/d,70930,kg/d,,08/31/2021
PR0021555,001,00310,"BOD, 5-day, 20 deg. C",10442,Q1,AVG,Quantity1,kg/d,10442,kg/d,35465,kg/d,,09/30/2021
PR0021555,001,00310,"BOD, 5-day, 20 deg. C",73,C3,AVG,Concentration3,mg/L,73,mg/L,,mg/L,,09/30/2021
PR0021555,001,00310,"BOD, 5-day, 20 deg. C",55,C2,AVG,Concentration2,mg/L,55,mg/L,117,mg/L,,09/30/2021
PR0021555,001,00310,"BOD, 5-day, 20 deg. C",13154,Q2,AVG,Quantity2,kg/d,13154,kg/d,70930,kg/d,,09/30/2021
PR0021555,001,00310,"BOD, 5-day, 20 deg. C",15479,Q2,AVG,Quantity2,kg/d,15479,kg/d,70930,kg/d,,10/31/2021
PR0021555,001,00310,"BOD, 5-day, 20 deg. C",55,C2,AVG,Concentration2,mg/L,55,mg/L,117,mg/L,,10/31/2021
PR0021555,001,00310,"BOD, 5-day, 20 deg. C",81,C3,AVG,Concentration3,mg/L,81,mg/L,,mg/L,,10/31/2021
PR0021555,001,00310,"BOD, 5-day, 20 deg. C",11403,Q1,AVG,Quantity1,kg/d,11403,kg/d,35465,kg/d,,10/31/2021
PR0021555,001,00310,"BOD, 5-day, 20 deg. C",66,C2,AVG,Concentration2,mg/L,66,mg/L,117,mg/L,,11/30/2021
PR0021555,001,00310,"BOD, 5-day, 20 deg. C",11400,Q1,AVG,Quantity1,kg/d,11400,kg/d,35465,kg/d,,11/30/2021
PR0021555,001,00310,"BOD, 5-day, 20 deg. C",77,C3,AVG,Concentration3,mg/L,77,mg/L,,mg/L,,11/30/2021
PR0021555,001,00310,"BOD, 5-day, 20 deg. C",12856,Q2,AVG,Quantity2,kg/d,12856,kg/d,70930,kg/d,,11/30/2021
PR0021555,001,00310,"BOD, 5-day, 20 deg. C",71,C3,AVG,Concentration3,mg/L,71,mg/L,,mg/L,,12/31/2021
PR0021555,001,00310,"BOD, 5-day, 20 deg. C",18153,Q2,AVG,Quantity2,kg/d,18153,kg/d,70930,kg/d,,12/31/2021
PR0021555,001,00310,"BOD, 5-day, 20 deg. C",11127,Q1,AVG,Quantity1,kg/d,11127,kg/d,35465,kg/d,,12/31/2021
PR0021555,001,00310,"BOD, 5-day, 20 deg. C",54,C2,AVG,Concentration2,mg/L,54,mg/L,117,mg/L,,12/31/2021
PR0021555,001,00310,"BOD, 5-day, 20 deg. C",63,C2,AVG,Concentration2,mg/L,63,mg/L,117,mg/L,,01/31/2022
PR0021555,001,00310,"BOD, 5-day, 20 deg. C",10777,Q1,AVG,Quantity1,kg/d,10777,kg/d,35465,kg/d,,01/31/2022
PR0021555,001,00310,"BOD, 5-day, 20 deg. C",81,C3,AVG,Concentration3,mg/L,81,mg/L,,mg/L,,01/31/2022
PR0021555,001,00310,"BOD, 5-day, 20 deg. C",14654,Q2,AVG,Quantity2,kg/d,14654,kg/d,70930,kg/d,,01/31/2022
PR0021555,001,00310,"BOD, 5-day, 20 deg. C",10824,Q2,AVG,Quantity2,kg/d,10824,kg/d,70930,kg/d,,02/28/2022
PR0021555,001,00310,"BOD, 5-day, 20 deg. C",55,C3,AVG,Concentration3,mg/L,55,mg/L,,mg/L,,02/28/2022
PR0021555,001,00310,"BOD, 5-day, 20 deg. C",9458,Q1,AVG,Quantity1,kg/d,9458,kg/d,35465,kg/d,,02/28/2022
PR0021555,001,00310,"BOD, 5-day, 20 deg. C",45,C2,AVG,Concentration2,mg/L,45,mg/L,117,mg/L,,02/28/2022
PR0021555,001,00310,"BOD, 5-day, 20 deg. C",63,C2,AVG,Concentration2,mg/L,63,mg/L,117,mg/L,,03/31/2022
PR0021555,001,00310,"BOD, 5-day, 20 deg. C",11765,Q1,AVG,Quantity1,kg/d,11765,kg/d,35465,kg/d,,03/31/2022
PR0021555,001,00310,"BOD, 5-day, 20 deg. C",80,C3,AVG,Concentration3,mg/L,80,mg/L,,mg/L,,03/31/2022
PR0021555,001,00310,"BOD, 5-day, 20 deg. C",13936,Q2,AVG,Quantity2,kg/d,13936,kg/d,70930,kg/d,,03/31/2022
PR0021555,001,00310,"BOD, 5-day, 20 deg. C",71,C3,AVG,Concentration3,mg/L,71,mg/L,,mg/L,,04/30/2022
PR0021555,001,00310,"BOD, 5-day, 20 deg. C",12859,Q2,AVG,Quantity2,kg/d,12859,kg/d,70930,kg/d,,04/30/2022
PR0021555,001,00310,"BOD, 5-day, 20 deg. C",11968,Q1,AVG,Quantity1,kg/d,11968,kg/d,35465,kg/d,,04/30/2022
PR0021555,001,00310,"BOD, 5-day, 20 deg. C",70,C2,AVG,Concentration2,mg/L,70,mg/L,117,mg/L,,04/30/2022
PR0021555,001,00310,"BOD, 5-day, 20 deg. C",63,C2,AVG,Concentration2,mg/L,63,mg/L,117,mg/L,,05/31/2022
PR0021555,001,00310,"BOD, 5-day, 20 deg. C",12194,Q1,AVG,Quantity1,kg/d,12194,kg/d,35465,kg/d,,05/31/2022
PR0021555,001,00310,"BOD, 5-day, 20 deg. C",73,C3,AVG,Concentration3,mg/L,73,mg/L,,mg/L,,05/31/2022
PR0021555,001,00310,"BOD, 5-day, 20 deg. C",14451,Q2,AVG,Quantity2,kg/d,14451,kg/d,70930,kg/d,,05/31/2022
PR0021555,001,00310,"BOD, 5-day, 20 deg. C",14723,Q2,AVG,Quantity2,kg/d,14723,kg/d,70930,kg/d,,06/30/2022
PR0021555,001,00310,"BOD, 5-day, 20 deg. C",73,C3,AVG,Concentration3,mg/L,73,mg/L,,mg/L,,06/30/2022
PR0021555,001,00310,"BOD, 5-day, 20 deg. C",11534,Q1,AVG,Quantity1,kg/d,11534,kg/d,35465,kg/d,,06/30/2022
PR0021555,001,00310,"BOD, 5-day, 20 deg. C",64,C2,AVG,Concentration2,mg/L,64,mg/L,117,mg/L,,06/30/2022
PR0021555,001,00310,"BOD, 5-day, 20 deg. C",54,C2,AVG,Concentration2,mg/L,54,mg/L,117,mg/L,,07/31/2022
PR0021555,001,00310,"BOD, 5-day, 20 deg. C",11452,Q1,AVG,Quantity1,kg/d,11452,kg/d,35465,kg/d,,07/31/2022
PR0021555,001,00310,"BOD, 5-day, 20 deg. C",72,C3,AVG,Concentration3,mg/L,72,mg/L,,mg/L,,07/31/2022
PR0021555,001,00310,"BOD, 5-day, 20 deg. C",17624,Q2,AVG,Quantity2,kg/d,17624,kg/d,70930,kg/d,,07/31/2022
PR0021555,001,00310,"BOD, 5-day, 20 deg. C",10269,Q1,AVG,Quantity1,kg/d,10269,kg/d,35465,kg/d,,08/31/2022
PR0021555,001,00310,"BOD, 5-day, 20 deg. C",55,C2,AVG,Concentration2,mg/L,55,mg/L,117,mg/L,,08/31/2022
PR0021555,001,00310,"BOD, 5-day, 20 deg. C",12433,Q2,AVG,Quantity2,kg/d,12433,kg/d,70930,kg/d,,08/31/2022
PR0021555,001,00310,"BOD, 5-day, 20 deg. C",68,C3,AVG,Concentration3,mg/L,68,mg/L,,mg/L,,08/31/2022
PR0021555,001,00310,"BOD, 5-day, 20 deg. C",52,C2,AVG,Concentration2,mg/L,52,mg/L,117,mg/L,,09/30/2022
PR0021555,001,00310,"BOD, 5-day, 20 deg. C",11350,Q1,AVG,Quantity1,kg/d,11350,kg/d,35465,kg/d,,09/30/2022
PR0021555,001,00310,"BOD, 5-day, 20 deg. C",65,C3,AVG,Concentration3,mg/L,65,mg/L,,mg/L,,09/30/2022
PR0021555,001,00310,"BOD, 5-day, 20 deg. C",16258,Q2,AVG,Quantity2,kg/d,16258,kg/d,70930,kg/d,,09/30/2022
PR0021555,001,00310,"BOD, 5-day, 20 deg. C",11927,Q2,AVG,Quantity2,kg/d,11927,kg/d,70930,kg/d,,10/31/2022
PR0021555,001,00310,"BOD, 5-day, 20 deg. C",54,C3,AVG,Concentration3,mg/L,54,mg/L,,mg/L,,10/31/2022
PR0021555,001,00310,"BOD, 5-day, 20 deg. C",10178,Q1,AVG,Quantity1,kg/d,10178,kg/d,35465,kg/d,,10/31/2022
PR0021555,001,00310,"BOD, 5-day, 20 deg. C",44,C2,AVG,Concentration2,mg/L,44,mg/L,117,mg/L,,10/31/2022
PR0021555,001,00310,"BOD, 5-day, 20 deg. C",38,C2,AVG,Concentration2,mg/L,38,mg/L,117,mg/L,,11/30/2022
PR0021555,001,00310,"BOD, 5-day, 20 deg. C",8944,Q1,AVG,Quantity1,kg/d,8944,kg/d,35465,kg/d,,11/30/2022
PR0021555,001,00310,"BOD, 5-day, 20 deg. C",10938,Q2,AVG,Quantity2,kg/d,10938,kg/d,70930,kg/d,,11/30/2022
PR0021555,001,00310,"BOD, 5-day, 20 deg. C",45,C3,AVG,Concentration3,mg/L,45,mg/L,,mg/L,,11/30/2022
PR0021555,001,00310,"BOD, 5-day, 20 deg. C",9743,Q1,AVG,Quantity1,kg/d,9743,kg/d,35465,kg/d,,12/31/2022
PR0021555,001,00310,"BOD, 5-day, 20 deg. C",46,C2,AVG,Concentration2,mg/L,46,mg/L,117,mg/L,,12/31/2022
PR0021555,001,00310,"BOD, 5-day, 20 deg. C",14316,Q2,AVG,Quantity2,kg/d,14316,kg/d,70930,kg/d,,12/31/2022
PR0021555,001,00310,"BOD, 5-day, 20 deg. C",68,C3,AVG,Concentration3,mg/L,68,mg/L,,mg/L,,12/31/2022
PR0021555,001,00310,"BOD, 5-day, 20 deg. C",79,C3,AVG,Concentration3,mg/L,79,mg/L,,mg/L,,01/31/2023
PR0021555,001,00310,"BOD, 5-day, 20 deg. C",17951,Q2,AVG,Quantity2,kg/d,17951,kg/d,70930,kg/d,,01/31/2023
PR0021555,001,00310,"BOD, 5-day, 20 deg. C",57,C2,AVG,Concentration2,mg/L,57,mg/L,117,mg/L,,01/31/2023
PR0021555,001,00310,"BOD, 5-day, 20 deg. C",13325,Q1,AVG,Quantity1,kg/d,13325,kg/d,35465,kg/d,,01/31/2023
PR0021555,001,00310,"BOD, 5-day, 20 deg. C",75,C3,AVG,Concentration3,mg/L,75,mg/L,,mg/L,,02/28/2023
PR0021555,001,00310,"BOD, 5-day, 20 deg. C",15634,Q2,AVG,Quantity2,kg/d,15634,kg/d,70930,kg/d,,02/28/2023
PR0021555,001,00310,"BOD, 5-day, 20 deg. C",9472,Q1,AVG,Quantity1,kg/d,9472,kg/d,35465,kg/d,,02/28/2023
PR0021555,001,00310,"BOD, 5-day, 20 deg. C",44,C2,AVG,Concentration2,mg/L,44,mg/L,117,mg/L,,02/28/2023
PR0021555,001,00310,"BOD, 5-day, 20 deg. C",70,C2,AVG,Concentration2,mg/L,70,mg/L,117,mg/L,,03/31/2023
PR0021555,001,00310,"BOD, 5-day, 20 deg. C",14431,Q1,AVG,Quantity1,kg/d,14431,kg/d,35465,kg/d,,03/31/2023
PR0021555,001,00310,"BOD, 5-day, 20 deg. C",15896,Q2,AVG,Quantity2,kg/d,15896,kg/d,70930,kg/d,,03/31/2023
PR0021555,001,00310,"BOD, 5-day, 20 deg. C",79,C3,AVG,Concentration3,mg/L,79,mg/L,,mg/L,,03/31/2023
PR0021555,001,00310,"BOD, 5-day, 20 deg. C",88,C3,AVG,Concentration3,mg/L,88,mg/L,,mg/L,,04/30/2023
PR0021555,001,00310,"BOD, 5-day, 20 deg. C",19774,Q2,AVG,Quantity2,kg/d,19774,kg/d,70930,kg/d,,04/30/2023
PR0021555,001,00310,"BOD, 5-day, 20 deg. C",14750,Q1,AVG,Quantity1,kg/d,14750,kg/d,35465,kg/d,,04/30/2023
PR0021555,001,00310,"BOD, 5-day, 20 deg. C",73,C2,AVG,Concentration2,mg/L,73,mg/L,117,mg/L,,04/30/2023
PR0021555,001,00310,"BOD, 5-day, 20 deg. C",65,C2,AVG,Concentration2,mg/L,65,mg/L,117,mg/L,,05/31/2023
PR0021555,001,00310,"BOD, 5-day, 20 deg. C",13000,Q1,AVG,Quantity1,kg/d,13000,kg/d,35465,kg/d,,05/31/2023
PR0021555,001,00310,"BOD, 5-day, 20 deg. C",73,C3,AVG,Concentration3,mg/L,73,mg/L,,mg/L,,05/31/2023
PR0021555,001,00310,"BOD, 5-day, 20 deg. C",14881,Q2,AVG,Quantity2,kg/d,14881,kg/d,70930,kg/d,,05/31/2023
PR0021555,001,00310,"BOD, 5-day, 20 deg. C",10354,Q1,AVG,Quantity1,kg/d,10354,kg/d,35465,kg/d,,06/30/2023
PR0021555,001,00310,"BOD, 5-day, 20 deg. C",51,C2,AVG,Concentration2,mg/L,51,mg/L,117,mg/L,,06/30/2023
PR0021555,001,00310,"BOD, 5-day, 20 deg. C",102,C3,AVG,Concentration3,mg/L,102,mg/L,,mg/L,,06/30/2023
PR0021555,001,00310,"BOD, 5-day, 20 deg. C",18305,Q2,AVG,Quantity2,kg/d,18305,kg/d,70930,kg/d,,06/30/2023
PR0021555,001,00310,"BOD, 5-day, 20 deg. C",118,C3,AVG,Concentration3,mg/L,118,mg/L,,mg/L,,07/31/2023
PR0021555,001,00310,"BOD, 5-day, 20 deg. C",24211,Q2,AVG,Quantity2,kg/d,24211,kg/d,70930,kg/d,,07/31/2023
PR0021555,001,00310,"BOD, 5-day, 20 deg. C",70,C2,AVG,Concentration2,mg/L,70,mg/L,117,mg/L,,07/31/2023
PR0021555,001,00310,"BOD, 5-day, 20 deg. C",14779,Q1,AVG,Quantity1,kg/d,14779,kg/d,35465,kg/d,,07/31/2023
PR0021555,001,00310,"BOD, 5-day, 20 deg. C",11985,Q2,AVG,Quantity2,kg/d,11985,kg/d,70930,kg/d,,08/31/2023
PR0021555,001,00310,"BOD, 5-day, 20 deg. C",56,C3,AVG,Concentration3,mg/L,56,mg/L,,mg/L,,08/31/2023
PR0021555,001,00310,"BOD, 5-day, 20 deg. C",9543,Q1,AVG,Quantity1,kg/d,9543,kg/d,35465,kg/d,,08/31/2023
PR0021555,001,00310,"BOD, 5-day, 20 deg. C",42,C2,AVG,Concentration2,mg/L,42,mg/L,117,mg/L,,08/31/2023
PR0021555,001,00310,"BOD, 5-day, 20 deg. C",60,C2,AVG,Concentration2,mg/L,60,mg/L,117,mg/L,,09/30/2023
PR0021555,001,00310,"BOD, 5-day, 20 deg. C",13214,Q1,AVG,Quantity1,kg/d,13214,kg/d,35465,kg/d,,09/30/2023
PR0021555,001,00310,"BOD, 5-day, 20 deg. C",66,C3,AVG,Concentration3,mg/L,66,mg/L,,mg/L,,09/30/2023
PR0021555,001,00310,"BOD, 5-day, 20 deg. C",14956,Q2,AVG,Quantity2,kg/d,14956,kg/d,70930,kg/d,,09/30/2023
PR0021555,001,00310,"BOD, 5-day, 20 deg. C",10850,Q1,AVG,Quantity1,kg/d,10850,kg/d,35465,kg/d,,10/31/2023
PR0021555,001,00310,"BOD, 5-day, 20 deg. C",51,C2,AVG,Concentration2,mg/L,51,mg/L,117,mg/L,,10/31/2023
PR0021555,001,00310,"BOD, 5-day, 20 deg. C",12979,Q2,AVG,Quantity2,kg/d,12979,kg/d,70930,kg/d,,10/31/2023
PR0021555,001,00310,"BOD, 5-day, 20 deg. C",60,C3,AVG,Concentration3,mg/L,60,mg/L,,mg/L,,10/31/2023
PR0021555,001,00310,"BOD, 5-day, 20 deg. C",59,C2,AVG,Concentration2,mg/L,59,mg/L,117,mg/L,,11/30/2023
PR0021555,001,00310,"BOD, 5-day, 20 deg. C",13756,Q1,AVG,Quantity1,kg/d,13756,kg/d,35465,kg/d,,11/30/2023
PR0021555,001,00310,"BOD, 5-day, 20 deg. C",17480,Q2,AVG,Quantity2,kg/d,17480,kg/d,70930,kg/d,,11/30/2023
PR0021555,001,00310,"BOD, 5-day, 20 deg. C",66,C3,AVG,Concentration3,mg/L,66,mg/L,,mg/L,,11/30/2023
PR0021555,001,00310,"BOD, 5-day, 20 deg. C",73,C3,AVG,Concentration3,mg/L,73,mg/L,,mg/L,,12/31/2023
PR0021555,001,00310,"BOD, 5-day, 20 deg. C",14282,Q2,AVG,Quantity2,kg/d,14282,kg/d,70930,kg/d,,12/31/2023
PR0021555,001,00310,"BOD, 5-day, 20 deg. C",11846,Q1,AVG,Quantity1,kg/d,11846,kg/d,35465,kg/d,,12/31/2023
PR0021555,001,00310,"BOD, 5-day, 20 deg. C",56,C2,AVG,Concentration2,mg/L,56,mg/L,117,mg/L,,12/31/2023
PR0021555,001,00310,"BOD, 5-day, 20 deg. C",60,C2,AVG,Concentration2,mg/L,60,mg/L,117,mg/L,,01/31/2024
PR0021555,001,00310,"BOD, 5-day, 20 deg. C",11776,Q1,AVG,Quantity1,kg/d,11776,kg/d,35465,kg/d,,01/31/2024
PR0021555,001,00310,"BOD, 5-day, 20 deg. C",13426,Q2,AVG,Quantity2,kg/d,13426,kg/d,70930,kg/d,,01/31/2024
PR0021555,001,00310,"BOD, 5-day, 20 deg. C",68,C3,AVG,Concentration3,mg/L,68,mg/L,,mg/L,,01/31/2024
PR0021555,001,00310,"BOD, 5-day, 20 deg. C",117,C3,AVG,Concentration3,mg/L,117,mg/L,,mg/L,,02/29/2024
PR0021555,001,00310,"BOD, 5-day, 20 deg. C",20284,Q2,AVG,Quantity2,kg/d,20284,kg/d,70930,kg/d,,02/29/2024
PR0021555,001,00310,"BOD, 5-day, 20 deg. C",14625,Q1,AVG,Quantity1,kg/d,14625,kg/d,35465,kg/d,,02/29/2024
PR0021555,001,00310,"BOD, 5-day, 20 deg. C",71,C2,AVG,Concentration2,mg/L,71,mg/L,117,mg/L,,02/29/2024
PR0021555,001,00310,"BOD, 5-day, 20 deg. C",72,C2,AVG,Concentration2,mg/L,72,mg/L,117,mg/L,,03/31/2024
PR0021555,001,00310,"BOD, 5-day, 20 deg. C",14369,Q1,AVG,Quantity1,kg/d,14369,kg/d,35465,kg/d,,03/31/2024
PR0021555,001,00310,"BOD, 5-day, 20 deg. C",16820,Q2,AVG,Quantity2,kg/d,16820,kg/d,70930,kg/d,,03/31/2024
PR0021555,001,00310,"BOD, 5-day, 20 deg. C",80,C3,AVG,Concentration3,mg/L,80,mg/L,,mg/L,,03/31/2024
PR0021555,001,00310,"BOD, 5-day, 20 deg. C",82,C3,AVG,Concentration3,mg/L,82,mg/L,,mg/L,,04/30/2024
PR0021555,001,00310,"BOD, 5-day, 20 deg. C",23410,Q2,AVG,Quantity2,kg/d,23410,kg/d,70930,kg/d,,04/30/2024
PR0021555,001,00310,"BOD, 5-day, 20 deg. C",16302,Q1,AVG,Quantity1,kg/d,16302,kg/d,35465,kg/d,,04/30/2024
PR0021555,001,00310,"BOD, 5-day, 20 deg. C",61,C2,AVG,Concentration2,mg/L,61,mg/L,117,mg/L,,04/30/2024
PR0021555,001,00310,"BOD, 5-day, 20 deg. C",72,C2,AVG,Concentration2,mg/L,72,mg/L,117,mg/L,,05/31/2024
PR0021555,001,00310,"BOD, 5-day, 20 deg. C",17168,Q1,AVG,Quantity1,kg/d,17168,kg/d,35465,kg/d,,05/31/2024
PR0021555,001,00310,"BOD, 5-day, 20 deg. C",114,C3,AVG,Concentration3,mg/L,114,mg/L,,mg/L,,05/31/2024
PR0021555,001,00310,"BOD, 5-day, 20 deg. C",24078,Q2,AVG,Quantity2,kg/d,24078,kg/d,70930,kg/d,,05/31/2024
PR0021555,001,00310,"BOD, 5-day, 20 deg. C",83,C3,AVG,Concentration3,mg/L,83,mg/L,,mg/L,,06/30/2024
PR0021555,001,00310,"BOD, 5-day, 20 deg. C",17895,Q2,AVG,Quantity2,kg/d,17895,kg/d,70930,kg/d,,06/30/2024
PR0021555,001,00310,"BOD, 5-day, 20 deg. C",14481,Q1,AVG,Quantity1,kg/d,14481,kg/d,35465,kg/d,,06/30/2024
PR0021555,001,00310,"BOD, 5-day, 20 deg. C",71,C2,AVG,Concentration2,mg/L,71,mg/L,117,mg/L,,06/30/2024
PR0021555,001,00310,"BOD, 5-day, 20 deg. C",59,C2,AVG,Concentration2,mg/L,59,mg/L,117,mg/L,,07/31/2024
PR0021555,001,00310,"BOD, 5-day, 20 deg. C",11803,Q1,AVG,Quantity1,kg/d,11803,kg/d,35465,kg/d,,07/31/2024
PR0021555,001,00310,"BOD, 5-day, 20 deg. C",72,C3,AVG,Concentration3,mg/L,72,mg/L,,mg/L,,07/31/2024
PR0021555,001,00310,"BOD, 5-day, 20 deg. C",13955,Q2,AVG,Quantity2,kg/d,13955,kg/d,70930,kg/d,,07/31/2024
PR0021555,001,00310,"BOD, 5-day, 20 deg. C",98,C3,AVG,Concentration3,mg/L,98,mg/L,,mg/L,,08/31/2024
PR0021555,001,00310,"BOD, 5-day, 20 deg. C",18050,Q2,AVG,Quantity2,kg/d,18050,kg/d,70930,kg/d,,08/31/2024
PR0021555,001,00310,"BOD, 5-day, 20 deg. C",16012,Q1,AVG,Quantity1,kg/d,16012,kg/d,35465,kg/d,,08/31/2024
PR0021555,001,00310,"BOD, 5-day, 20 deg. C",70,C2,AVG,Concentration2,mg/L,70,mg/L,117,mg/L,,08/31/2024
PR0021555,001,00310,"BOD, 5-day, 20 deg. C",56,C2,AVG,Concentration2,mg/L,56,mg/L,117,mg/L,,09/30/2024
PR0021555,001,00310,"BOD, 5-day, 20 deg. C",12452,Q1,AVG,Quantity1,kg/d,12452,kg/d,35465,kg/d,,09/30/2024
PR0021555,001,00310,"BOD, 5-day, 20 deg. C",16088,Q2,AVG,Quantity2,kg/d,16088,kg/d,70930,kg/d,,09/30/2024
PR0021555,001,00310,"BOD, 5-day, 20 deg. C",78,C3,AVG,Concentration3,mg/L,78,mg/L,,mg/L,,09/30/2024
PR0021555,001,00310,"BOD, 5-day, 20 deg. C",15194,Q2,AVG,Quantity2,kg/d,15194,kg/d,70930,kg/d,,10/31/2024
PR0021555,001,00310,"BOD, 5-day, 20 deg. C",56,C3,AVG,Concentration3,mg/L,56,mg/L,,mg/L,,10/31/2024
PR0021555,001,00310,"BOD, 5-day, 20 deg. C",11395,Q1,AVG,Quantity1,kg/d,11395,kg/d,35465,kg/d,,10/31/2024
PR0021555,001,00310,"BOD, 5-day, 20 deg. C",50,C2,AVG,Concentration2,mg/L,50,mg/L,117,mg/L,,10/31/2024
PR0021555,001,00310,"BOD, 5-day, 20 deg. C",50,C3,AVG,Concentration3,mg/L,50,mg/L,,mg/L,,11/30/2024
PR0021555,001,00310,"BOD, 5-day, 20 deg. C",11397,Q2,AVG,Quantity2,kg/d,11397,kg/d,70930,kg/d,,11/30/2024
PR0021555,001,00310,"BOD, 5-day, 20 deg. C",29,C2,AVG,Concentration2,mg/L,29,mg/L,117,mg/L,,11/30/2024
PR0021555,001,00310,"BOD, 5-day, 20 deg. C",7059,Q1,AVG,Quantity1,kg/d,7059,kg/d,35465,kg/d,,11/30/2024
PR0021555,001,00310,"BOD, 5-day, 20 deg. C",70,C3,AVG,Concentration3,mg/L,70,mg/L,,mg/L,,12/31/2024
PR0021555,001,00310,"BOD, 5-day, 20 deg. C",17347,Q2,AVG,Quantity2,kg/d,17347,kg/d,70930,kg/d,,12/31/2024
PR0021555,001,00310,"BOD, 5-day, 20 deg. C",12580,Q1,AVG,Quantity1,kg/d,12580,kg/d,35465,kg/d,,12/31/2024
PR0021555,001,00310,"BOD, 5-day, 20 deg. C",56,C2,AVG,Concentration2,mg/L,56,mg/L,117,mg/L,,12/31/2024
PR0021555,001,00310,"BOD, 5-day, 20 deg. C",66,C2,AVG,Concentration2,mg/L,66,mg/L,117,mg/L,,01/31/2025
PR0021555,001,00310,"BOD, 5-day, 20 deg. C",13563,Q1,AVG,Quantity1,kg/d,13563,kg/d,35465,kg/d,,01/31/2025
PR0021555,001,00310,"BOD, 5-day, 20 deg. C",15998,Q2,AVG,Quantity2,kg/d,15998,kg/d,70930,kg/d,,01/31/2025
PR0021555,001,00310,"BOD, 5-day, 20 deg. C",76,C3,AVG,Concentration3,mg/L,76,mg/L,,mg/L,,01/31/2025
PR0021555,001,00310,"BOD, 5-day, 20 deg. C",19347,Q2,AVG,Quantity2,kg/d,19347,kg/d,70930,kg/d,,02/28/2025
PR0021555,001,00310,"BOD, 5-day, 20 deg. C",84,C3,AVG,Concentration3,mg/L,84,mg/L,,mg/L,,02/28/2025
PR0021555,001,00310,"BOD, 5-day, 20 deg. C",16451,Q1,AVG,Quantity1,kg/d,16451,kg/d,35465,kg/d,,02/28/2025
PR0021555,001,00310,"BOD, 5-day, 20 deg. C",72,C2,AVG,Concentration2,mg/L,72,mg/L,117,mg/L,,02/28/2025
PR0021555,001,00310,"BOD, 5-day, 20 deg. C",60,C2,AVG,Concentration2,mg/L,60,mg/L,117,mg/L,,03/31/2025
PR0021555,001,00310,"BOD, 5-day, 20 deg. C",12505,Q1,AVG,Quantity1,kg/d,12505,kg/d,35465,kg/d,,03/31/2025
PR0021555,001,00310,"BOD, 5-day, 20 deg. C",88,C3,AVG,Concentration3,mg/L,88,mg/L,,mg/L,,03/31/2025
PR0021555,001,00310,"BOD, 5-day, 20 deg. C",17337,Q2,AVG,Quantity2,kg/d,17337,kg/d,70930,kg/d,,03/31/2025
PR0021555,001,00310,"BOD, 5-day, 20 deg. C",11986,Q2,AVG,Quantity2,kg/d,11986,kg/d,70930,kg/d,,04/30/2025
PR0021555,001,00310,"BOD, 5-day, 20 deg. C",56,C3,AVG,Concentration3,mg/L,56,mg/L,,mg/L,,04/30/2025
PR0021555,001,00310,"BOD, 5-day, 20 deg. C",10754,Q1,AVG,Quantity1,kg/d,10754,kg/d,35465,kg/d,,04/30/2025
PR0021555,001,00310,"BOD, 5-day, 20 deg. C",51,C2,AVG,Concentration2,mg/L,51,mg/L,117,mg/L,,04/30/2025
PR0021555,001,00310,"BOD, 5-day, 20 deg. C",65,C2,AVG,Concentration2,mg/L,65,mg/L,117,mg/L,,05/31/2025
PR0021555,001,00310,"BOD, 5-day, 20 deg. C",14970,Q1,AVG,Quantity1,kg/d,14970,kg/d,35465,kg/d,,05/31/2025
PR0021555,001,00310,"BOD, 5-day, 20 deg. C",16986,Q2,AVG,Quantity2,kg/d,16986,kg/d,70930,kg/d,,05/31/2025
PR0021555,001,00310,"BOD, 5-day, 20 deg. C",75,C3,AVG,Concentration3,mg/L,75,mg/L,,mg/L,,05/31/2025
PR0021555,001,00310,"BOD, 5-day, 20 deg. C",21919,Q2,AVG,Quantity2,kg/d,21919,kg/d,70930,kg/d,,06/30/2025
PR0021555,001,00310,"BOD, 5-day, 20 deg. C",100,C3,AVG,Concentration3,mg/L,100,mg/L,,mg/L,,06/30/2025
PR0021555,001,00310,"BOD, 5-day, 20 deg. C",17833,Q1,AVG,Quantity1,kg/d,17833,kg/d,35465,kg/d,,06/30/2025
PR0021555,001,00310,"BOD, 5-day, 20 deg. C",84,C2,AVG,Concentration2,mg/L,84,mg/L,117,mg/L,,06/30/2025
PR0021555,001,00310,"BOD, 5-day, 20 deg. C",60,C2,AVG,Concentration2,mg/L,60,mg/L,117,mg/L,,07/31/2025
PR0021555,001,00310,"BOD, 5-day, 20 deg. C",12214,Q1,AVG,Quantity1,kg/d,12214,kg/d,35465,kg/d,,07/31/2025
PR0021555,001,00310,"BOD, 5-day, 20 deg. C",95,C3,AVG,Concentration3,mg/L,95,mg/L,,mg/L,,07/31/2025
PR0021555,001,00310,"BOD, 5-day, 20 deg. C",17234,Q2,AVG,Quantity2,kg/d,17234,kg/d,70930,kg/d,,07/31/2025
PR0021555,001,00310,"BOD, 5-day, 20 deg. C",14474,Q2,AVG,Quantity2,kg/d,14474,kg/d,70930,kg/d,,08/31/2025
PR0021555,001,00310,"BOD, 5-day, 20 deg. C",69,C3,AVG,Concentration3,mg/L,69,mg/L,,mg/L,,08/31/2025
PR0021555,001,00310,"BOD, 5-day, 20 deg. C",12380,Q1,AVG,Quantity1,kg/d,12380,kg/d,35465,kg/d,,08/31/2025
PR0021555,001,00310,"BOD, 5-day, 20 deg. C",60,C2,AVG,Concentration2,mg/L,60,mg/L,117,mg/L,,08/31/2025
PR0021555,001,00310,"BOD, 5-day, 20 deg. C",79,C3,AVG,Concentration3,mg/L,79,mg/L,,mg/L,,09/30/2025
PR0021555,001,00310,"BOD, 5-day, 20 deg. C",16217,Q2,AVG,Quantity2,kg/d,16217,kg/d,70930,kg/d,,09/30/2025
PR0021555,001,00310,"BOD, 5-day, 20 deg. C",45,C2,AVG,Concentration2,mg/L,45,mg/L,117,mg/L,,09/30/2025
PR0021555,001,00310,"BOD, 5-day, 20 deg. C",10313,Q1,AVG,Quantity1,kg/d,10313,kg/d,35465,kg/d,,09/30/2025
PR0021555,001,00310,"BOD, 5-day, 20 deg. C",15168,Q2,AVG,Quantity2,kg/d,15168,kg/d,70930,kg/d,,10/31/2025
PR0021555,001,00310,"BOD, 5-day, 20 deg. C",66,C3,AVG,Concentration3,mg/L,66,mg/L,,mg/L,,10/31/2025
PR0021555,001,00310,"BOD, 5-day, 20 deg. C",12556,Q1,AVG,Quantity1,kg/d,12556,kg/d,35465,kg/d,,10/31/2025
PR0021555,001,00310,"BOD, 5-day, 20 deg. C",57,C2,AVG,Concentration2,mg/L,57,mg/L,117,mg/L,,10/31/2025
PR0021555,001,00310,"BOD, 5-day, 20 deg. C",57,C2,AVG,Concentration2,mg/L,57,mg/L,117,mg/L,,11/30/2025
PR0021555,001,00310,"BOD, 5-day, 20 deg. C",12551,Q1,AVG,Quantity1,kg/d,12551,kg/d,35465,kg/d,,11/30/2025
PR0021555,001,00310,"BOD, 5-day, 20 deg. C",14907,Q2,AVG,Quantity2,kg/d,14907,kg/d,70930,kg/d,,11/30/2025
PR0021555,001,00310,"BOD, 5-day, 20 deg. C",68,C3,AVG,Concentration3,mg/L,68,mg/L,,mg/L,,11/30/2025
PR0021555,001,00310,"BOD, 5-day, 20 deg. C",18339,Q2,AVG,Quantity2,kg/d,18339,kg/d,70930,kg/d,,12/31/2025
PR0021555,001,00310,"BOD, 5-day, 20 deg. C",77,C3,AVG,Concentration3,mg/L,77,mg/L,,mg/L,,12/31/2025
PR0021555,001,00310,"BOD, 5-day, 20 deg. C",13983,Q1,AVG,Quantity1,kg/d,13983,kg/d,35465,kg/d,,12/31/2025
PR0021555,001,00310,"BOD, 5-day, 20 deg. C",60,C2,AVG,Concentration2,mg/L,60,mg/L,117,mg/L,,12/31/2025
PR0021555,001,00310,"BOD, 5-day, 20 deg. C",79,C2,AVG,Concentration2,mg/L,79,mg/L,117,mg/L,,01/31/2026
PR0021555,001,00310,"BOD, 5-day, 20 deg. C",17676,Q1,AVG,Quantity1,kg/d,17676,kg/d,35465,kg/d,,01/31/2026
PR0021555,001,00310,"BOD, 5-day, 20 deg. C",111,C3,AVG,Concentration3,mg/L,111,mg/L,,mg/L,,01/31/2026
PR0021555,001,00310,"BOD, 5-day, 20 deg. C",23419,Q2,AVG,Quantity2,kg/d,23419,kg/d,70930,kg/d,,01/31/2026
PR0021555,001,00400,pH,6.63,C1,MIN,Concentration1,SU,6.63,SU,6,SU,,01/31/2020
PR0021555,001,00400,pH,7.32,C3,MAX,Concentration3,SU,7.32,SU,9,SU,,01/31/2020
PR0021555,001,00400,pH,7.3,C3,MAX,Concentration3,SU,7.3,SU,9,SU,,02/29/2020
PR0021555,001,00400,pH,6.89,C1,MIN,Concentration1,SU,6.89,SU,6,SU,,02/29/2020
PR0021555,001,00400,pH,6.53,C1,MIN,Concentration1,SU,6.53,SU,6,SU,,03/31/2020
PR0021555,001,00400,pH,7.48,C3,MAX,Concentration3,SU,7.48,SU,9,SU,,03/31/2020
PR0021555,001,00400,pH,8.2,C3,MAX,Concentration3,SU,8.2,SU,9,SU,,04/30/2020
PR0021555,001,00400,pH,6.75,C1,MIN,Concentration1,SU,6.75,SU,6,SU,,04/30/2020
PR0021555,001,00400,pH,6.7,C1,MIN,Concentration1,SU,6.7,SU,6,SU,,05/31/2020
PR0021555,001,00400,pH,7.3,C3,MAX,Concentration3,SU,7.3,SU,9,SU,,05/31/2020
PR0021555,001,00400,pH,7.96,C3,MAX,Concentration3,SU,7.96,SU,9,SU,,06/30/2020
PR0021555,001,00400,pH,6.21,C1,MIN,Concentration1,SU,6.21,SU,6,SU,,06/30/2020
PR0021555,001,00400,pH,6.78,C1,MIN,Concentration1,SU,6.78,SU,6,SU,,07/31/2020
PR0021555,001,00400,pH,8.22,C3,MAX,Concentration3,SU,8.22,SU,9,SU,,07/31/2020
PR0021555,001,00400,pH,7.26,C3,MAX,Concentration3,SU,7.26,SU,9,SU,,08/31/2020
PR0021555,001,00400,pH,6.71,C1,MIN,Concentration1,SU,6.71,SU,6,SU,,08/31/2020
PR0021555,001,00400,pH,6.87,C1,MIN,Concentration1,SU,6.87,SU,6,SU,,09/30/2020
PR0021555,001,00400,pH,7.49,C3,MAX,Concentration3,SU,7.49,SU,9,SU,,09/30/2020
PR0021555,001,00400,pH,8.07,C3,MAX,Concentration3,SU,8.07,SU,9,SU,,10/31/2020
PR0021555,001,00400,pH,6.83,C1,MIN,Concentration1,SU,6.83,SU,6,SU,,10/31/2020
PR0021555,001,00400,pH,6.58,C1,MIN,Concentration1,SU,6.58,SU,6,SU,,11/30/2020
PR0021555,001,00400,pH,7.92,C3,MAX,Concentration3,SU,7.92,SU,9,SU,,11/30/2020
PR0021555,001,00400,pH,7.1,C3,MAX,Concentration3,SU,7.1,SU,9,SU,,12/31/2020
PR0021555,001,00400,pH,6.8,C1,MIN,Concentration1,SU,6.8,SU,6,SU,,12/31/2020
PR0021555,001,00400,pH,6.78,C1,MIN,Concentration1,SU,6.78,SU,6,SU,,01/31/2021
PR0021555,001,00400,pH,7.21,C3,MAX,Concentration3,SU,7.21,SU,9,SU,,01/31/2021
PR0021555,001,00400,pH,7.19,C3,MAX,Concentration3,SU,7.19,SU,9,SU,,02/28/2021
PR0021555,001,00400,pH,6.76,C1,MIN,Concentration1,SU,6.76,SU,6,SU,,02/28/2021
PR0021555,001,00400,pH,6.8,C1,MIN,Concentration1,SU,6.8,SU,6,SU,,03/31/2021
PR0021555,001,00400,pH,7.32,C3,MAX,Concentration3,SU,7.32,SU,9,SU,,03/31/2021
PR0021555,001,00400,pH,7.13,C3,MAX,Concentration3,SU,7.13,SU,9,SU,,04/30/2021
PR0021555,001,00400,pH,6.65,C1,MIN,Concentration1,SU,6.65,SU,6,SU,,04/30/2021
PR0021555,001,00400,pH,6.51,C1,MIN,Concentration1,SU,6.51,SU,6,SU,,05/31/2021
PR0021555,001,00400,pH,7.06,C3,MAX,Concentration3,SU,7.06,SU,9,SU,,05/31/2021
PR0021555,001,00400,pH,7.13,C3,MAX,Concentration3,SU,7.13,SU,9,SU,,06/30/2021
PR0021555,001,00400,pH,6.06,C1,MIN,Concentration1,SU,6.06,SU,6,SU,,06/30/2021
PR0021555,001,00400,pH,6.67,C1,MIN,Concentration1,SU,6.67,SU,6,SU,,07/31/2021
PR0021555,001,00400,pH,7.33,C3,MAX,Concentration3,SU,7.33,SU,9,SU,,07/31/2021
PR0021555,001,00400,pH,7.34,C3,MAX,Concentration3,SU,7.34,SU,9,SU,,08/31/2021
PR0021555,001,00400,pH,6.66,C1,MIN,Concentration1,SU,6.66,SU,6,SU,,08/31/2021
PR0021555,001,00400,pH,6.7,C1,MIN,Concentration1,SU,6.7,SU,6,SU,,09/30/2021
PR0021555,001,00400,pH,7.2,C3,MAX,Concentration3,SU,7.2,SU,9,SU,,09/30/2021
PR0021555,001,00400,pH,7.22,C3,MAX,Concentration3,SU,7.22,SU,9,SU,,10/31/2021
PR0021555,001,00400,pH,6.7,C1,MIN,Concentration1,SU,6.7,SU,6,SU,,10/31/2021
PR0021555,001,00400,pH,7.21,C3,MAX,Concentration3,SU,7.21,SU,9,SU,,11/30/2021
PR0021555,001,00400,pH,6.67,C1,MIN,Concentration1,SU,6.67,SU,6,SU,,11/30/2021
PR0021555,001,00400,pH,6.6,C1,MIN,Concentration1,SU,6.6,SU,6,SU,,12/31/2021
PR0021555,001,00400,pH,7.2,C3,MAX,Concentration3,SU,7.2,SU,9,SU,,12/31/2021
PR0021555,001,00400,pH,7.25,C3,MAX,Concentration3,SU,7.25,SU,9,SU,,01/31/2022
PR0021555,001,00400,pH,6.44,C1,MIN,Concentration1,SU,6.44,SU,6,SU,,01/31/2022
PR0021555,001,00400,pH,6.69,C1,MIN,Concentration1,SU,6.69,SU,6,SU,,02/28/2022
PR0021555,001,00400,pH,7.26,C3,MAX,Concentration3,SU,7.26,SU,9,SU,,02/28/2022
PR0021555,001,00400,pH,7.21,C3,MAX,Concentration3,SU,7.21,SU,9,SU,,03/31/2022
PR0021555,001,00400,pH,6.7,C1,MIN,Concentration1,SU,6.7,SU,6,SU,,03/31/2022
PR0021555,001,00400,pH,6.86,C1,MIN,Concentration1,SU,6.86,SU,6,SU,,04/30/2022
PR0021555,001,00400,pH,7.78,C3,MAX,Concentration3,SU,7.78,SU,9,SU,,04/30/2022
PR0021555,001,00400,pH,8.19,C3,MAX,Concentration3,SU,8.19,SU,9,SU,,05/31/2022
PR0021555,001,00400,pH,6.68,C1,MIN,Concentration1,SU,6.68,SU,6,SU,,05/31/2022
PR0021555,001,00400,pH,6.9,C1,MIN,Concentration1,SU,6.9,SU,6,SU,,06/30/2022
PR0021555,001,00400,pH,7.4,C3,MAX,Concentration3,SU,7.4,SU,9,SU,,06/30/2022
PR0021555,001,00400,pH,7.22,C3,MAX,Concentration3,SU,7.22,SU,9,SU,,07/31/2022
PR0021555,001,00400,pH,6.71,C1,MIN,Concentration1,SU,6.71,SU,6,SU,,07/31/2022
PR0021555,001,00400,pH,6.85,C1,MIN,Concentration1,SU,6.85,SU,6,SU,,08/31/2022
PR0021555,001,00400,pH,7.23,C3,MAX,Concentration3,SU,7.23,SU,9,SU,,08/31/2022
PR0021555,001,00400,pH,7.14,C3,MAX,Concentration3,SU,7.14,SU,9,SU,,09/30/2022
PR0021555,001,00400,pH,6.64,C1,MIN,Concentration1,SU,6.64,SU,6,SU,,09/30/2022
PR0021555,001,00400,pH,6.52,C1,MIN,Concentration1,SU,6.52,SU,6,SU,,10/31/2022
PR0021555,001,00400,pH,7.1,C3,MAX,Concentration3,SU,7.1,SU,9,SU,,10/31/2022
PR0021555,001,00400,pH,7.06,C3,MAX,Concentration3,SU,7.06,SU,9,SU,,11/30/2022
PR0021555,001,00400,pH,6.64,C1,MIN,Concentration1,SU,6.64,SU,6,SU,,11/30/2022
PR0021555,001,00400,pH,6.75,C1,MIN,Concentration1,SU,6.75,SU,6,SU,,12/31/2022
PR0021555,001,00400,pH,7.1,C3,MAX,Concentration3,SU,7.1,SU,9,SU,,12/31/2022
PR0021555,001,00400,pH,7.1,C3,MAX,Concentration3,SU,7.1,SU,9,SU,,01/31/2023
PR0021555,001,00400,pH,6.64,C1,MIN,Concentration1,SU,6.64,SU,6,SU,,01/31/2023
PR0021555,001,00400,pH,6.66,C1,MIN,Concentration1,SU,6.66,SU,6,SU,,02/28/2023
PR0021555,001,00400,pH,7.1,C3,MAX,Concentration3,SU,7.1,SU,9,SU,,02/28/2023
PR0021555,001,00400,pH,7.19,C3,MAX,Concentration3,SU,7.19,SU,9,SU,,03/31/2023
PR0021555,001,00400,pH,6.7,C1,MIN,Concentration1,SU,6.7,SU,6,SU,,03/31/2023
PR0021555,001,00400,pH,6.53,C1,MIN,Concentration1,SU,6.53,SU,6,SU,,04/30/2023
PR0021555,001,00400,pH,6.99,C3,MAX,Concentration3,SU,6.99,SU,9,SU,,04/30/2023
PR0021555,001,00400,pH,6.97,C3,MAX,Concentration3,SU,6.97,SU,9,SU,,05/31/2023
PR0021555,001,00400,pH,6.69,C1,MIN,Concentration1,SU,6.69,SU,6,SU,,05/31/2023
PR0021555,001,00400,pH,6.65,C1,MIN,Concentration1,SU,6.65,SU,6,SU,,06/30/2023
PR0021555,001,00400,pH,7.08,C3,MAX,Concentration3,SU,7.08,SU,9,SU,,06/30/2023
PR0021555,001,00400,pH,7.07,C3,MAX,Concentration3,SU,7.07,SU,9,SU,,07/31/2023
PR0021555,001,00400,pH,6.77,C1,MIN,Concentration1,SU,6.77,SU,6,SU,,07/31/2023
PR0021555,001,00400,pH,6.8,C1,MIN,Concentration1,SU,6.8,SU,6,SU,,08/31/2023
PR0021555,001,00400,pH,7.13,C3,MAX,Concentration3,SU,7.13,SU,9,SU,,08/31/2023
PR0021555,001,00400,pH,7.05,C3,MAX,Concentration3,SU,7.05,SU,9,SU,,09/30/2023
PR0021555,001,00400,pH,6.61,C1,MIN,Concentration1,SU,6.61,SU,6,SU,,09/30/2023
PR0021555,001,00400,pH,6.51,C1,MIN,Concentration1,SU,6.51,SU,6,SU,,10/31/2023
PR0021555,001,00400,pH,7.04,C3,MAX,Concentration3,SU,7.04,SU,9,SU,,10/31/2023
PR0021555,001,00400,pH,7,C3,MAX,Concentration3,SU,7,SU,9,SU,,11/30/2023
PR0021555,001,00400,pH,6.56,C1,MIN,Concentration1,SU,6.56,SU,6,SU,,11/30/2023
PR0021555,001,00400,pH,6.8,C1,MIN,Concentration1,SU,6.8,SU,6,SU,,12/31/2023
PR0021555,001,00400,pH,7.13,C3,MAX,Concentration3,SU,7.13,SU,9,SU,,12/31/2023
PR0021555,001,00400,pH,7.07,C3,MAX,Concentration3,SU,7.07,SU,9,SU,,01/31/2024
PR0021555,001,00400,pH,6.73,C1,MIN,Concentration1,SU,6.73,SU,6,SU,,01/31/2024
PR0021555,001,00400,pH,6.88,C1,MIN,Concentration1,SU,6.88,SU,6,SU,,02/29/2024
PR0021555,001,00400,pH,7.24,C3,MAX,Concentration3,SU,7.24,SU,9,SU,,02/29/2024
PR0021555,001,00400,pH,7.18,C3,MAX,Concentration3,SU,7.18,SU,9,SU,,03/31/2024
PR0021555,001,00400,pH,6.77,C1,MIN,Concentration1,SU,6.77,SU,6,SU,,03/31/2024
PR0021555,001,00400,pH,7.06,C3,MAX,Concentration3,SU,7.06,SU,9,SU,,04/30/2024
PR0021555,001,00400,pH,6.57,C1,MIN,Concentration1,SU,6.57,SU,6,SU,,04/30/2024
PR0021555,001,00400,pH,7.21,C3,MAX,Concentration3,SU,7.21,SU,9,SU,,05/31/2024
PR0021555,001,00400,pH,6.7,C1,MIN,Concentration1,SU,6.7,SU,6,SU,,05/31/2024
PR0021555,001,00400,pH,6.76,C1,MIN,Concentration1,SU,6.76,SU,6,SU,,06/30/2024
PR0021555,001,00400,pH,7.08,C3,MAX,Concentration3,SU,7.08,SU,9,SU,,06/30/2024
PR0021555,001,00400,pH,6.62,C1,MIN,Concentration1,SU,6.62,SU,6,SU,,07/31/2024
PR0021555,001,00400,pH,7.06,C3,MAX,Concentration3,SU,7.06,SU,9,SU,,07/31/2024
PR0021555,001,00400,pH,6.65,C1,MIN,Concentration1,SU,6.65,SU,6,SU,,08/31/2024
PR0021555,001,00400,pH,7.08,C3,MAX,Concentration3,SU,7.08,SU,9,SU,,08/31/2024
PR0021555,001,00400,pH,7.22,C3,MAX,Concentration3,SU,7.22,SU,9,SU,,09/30/2024
PR0021555,001,00400,pH,6.71,C1,MIN,Concentration1,SU,6.71,SU,6,SU,,09/30/2024
PR0021555,001,00400,pH,6.83,C1,MIN,Concentration1,SU,6.83,SU,6,SU,,10/31/2024
PR0021555,001,00400,pH,7.19,C3,MAX,Concentration3,SU,7.19,SU,9,SU,,10/31/2024
PR0021555,001,00400,pH,7.08,C3,MAX,Concentration3,SU,7.08,SU,9,SU,,11/30/2024
PR0021555,001,00400,pH,6.72,C1,MIN,Concentration1,SU,6.72,SU,6,SU,,11/30/2024
PR0021555,001,00400,pH,6.79,C1,MIN,Concentration1,SU,6.79,SU,6,SU,,12/31/2024
PR0021555,001,00400,pH,7.04,C3,MAX,Concentration3,SU,7.04,SU,9,SU,,12/31/2024
PR0021555,001,00400,pH,7.1,C3,MAX,Concentration3,SU,7.1,SU,9,SU,,01/31/2025
PR0021555,001,00400,pH,6.69,C1,MIN,Concentration1,SU,6.69,SU,6,SU,,01/31/2025
PR0021555,001,00400,pH,6.76,C1,MIN,Concentration1,SU,6.76,SU,6,SU,,02/28/2025
PR0021555,001,00400,pH,7.13,C3,MAX,Concentration3,SU,7.13,SU,9,SU,,02/28/2025
PR0021555,001,00400,pH,7.21,C3,MAX,Concentration3,SU,7.21,SU,9,SU,,03/31/2025
PR0021555,001,00400,pH,6.92,C1,MIN,Concentration1,SU,6.92,SU,6,SU,,03/31/2025
PR0021555,001,00400,pH,6.78,C1,MIN,Concentration1,SU,6.78,SU,6,SU,,04/30/2025
PR0021555,001,00400,pH,7.14,C3,MAX,Concentration3,SU,7.14,SU,9,SU,,04/30/2025
PR0021555,001,00400,pH,7.21,C3,MAX,Concentration3,SU,7.21,SU,9,SU,,05/31/2025
PR0021555,001,00400,pH,6.72,C1,MIN,Concentration1,SU,6.72,SU,6,SU,,05/31/2025
PR0021555,001,00400,pH,6.86,C1,MIN,Concentration1,SU,6.86,SU,6,SU,,06/30/2025
PR0021555,001,00400,pH,7.14,C3,MAX,Concentration3,SU,7.14,SU,9,SU,,06/30/2025
PR0021555,001,00400,pH,7.1,C3,MAX,Concentration3,SU,7.1,SU,9,SU,,07/31/2025
PR0021555,001,00400,pH,6.81,C1,MIN,Concentration1,SU,6.81,SU,6,SU,,07/31/2025
PR0021555,001,00400,pH,6.82,C1,MIN,Concentration1,SU,6.82,SU,6,SU,,08/31/2025
PR0021555,001,00400,pH,7.06,C3,MAX,Concentration3,SU,7.06,SU,9,SU,,08/31/2025
PR0021555,001,00400,pH,7.27,C3,MAX,Concentration3,SU,7.27,SU,9,SU,,09/30/2025
PR0021555,001,00400,pH,6.8,C1,MIN,Concentration1,SU,6.8,SU,6,SU,,09/30/2025
PR0021555,001,00400,pH,6.91,C1,MIN,Concentration1,SU,6.91,SU,6,SU,,10/31/2025
PR0021555,001,00400,pH,7.17,C3,MAX,Concentration3,SU,7.17,SU,9,SU,,10/31/2025
PR0021555,001,00400,pH,7.11,C3,MAX,Concentration3,SU,7.11,SU,9,SU,,11/30/2025
PR0021555,001,00400,pH,6.77,C1,MIN,Concentration1,SU,6.77,SU,6,SU,,11/30/2025
PR0021555,001,00400,pH,6.83,C1,MIN,Concentration1,SU,6.83,SU,6,SU,,12/31/2025
PR0021555,001,00400,pH,7.16,C3,MAX,Concentration3,SU,7.16,SU,9,SU,,12/31/2025
PR0021555,001,00400,pH,7.14,C3,MAX,Concentration3,SU,7.14,SU,9,SU,,01/31/2026
PR0021555,001,00400,pH,6.69,C1,MIN,Concentration1,SU,6.69,SU,6,SU,,01/31/2026
PR0021555,001,00530,"Solids, total suspended",8358,Q1,AVG,Quantity1,kg/d,8358,kg/d,24460,kg/d,,01/31/2020
PR0021555,001,00530,"Solids, total suspended",11838,Q2,AVG,Quantity2,kg/d,11838,kg/d,40920,kg/d,,01/31/2020
PR0021555,001,00530,"Solids, total suspended",34,C2,AVG,Concentration2,mg/L,34,mg/L,68,mg/L,,01/31/2020
PR0021555,001,00530,"Solids, total suspended",44,C3,AVG,Concentration3,mg/L,44,mg/L,,mg/L,,01/31/2020
PR0021555,001,00530,"Solids, total suspended",46,C3,AVG,Concentration3,mg/L,46,mg/L,,mg/L,,02/29/2020
PR0021555,001,00530,"Solids, total suspended",42,C2,AVG,Concentration2,mg/L,42,mg/L,68,mg/L,,02/29/2020
PR0021555,001,00530,"Solids, total suspended",8851,Q1,AVG,Quantity1,kg/d,8851,kg/d,24460,kg/d,,02/29/2020
PR0021555,001,00530,"Solids, total suspended",11902,Q2,AVG,Quantity2,kg/d,11902,kg/d,40920,kg/d,,02/29/2020
PR0021555,001,00530,"Solids, total suspended",14565,Q2,AVG,Quantity2,kg/d,14565,kg/d,40920,kg/d,,03/31/2020
PR0021555,001,00530,"Solids, total suspended",7315,Q1,AVG,Quantity1,kg/d,7315,kg/d,24460,kg/d,,03/31/2020
PR0021555,001,00530,"Solids, total suspended",83,C3,AVG,Concentration3,mg/L,83,mg/L,,mg/L,,03/31/2020
PR0021555,001,00530,"Solids, total suspended",36,C2,AVG,Concentration2,mg/L,36,mg/L,68,mg/L,,03/31/2020
PR0021555,001,00530,"Solids, total suspended",64,C3,AVG,Concentration3,mg/L,64,mg/L,,mg/L,,04/30/2020
PR0021555,001,00530,"Solids, total suspended",55,C2,AVG,Concentration2,mg/L,55,mg/L,68,mg/L,,04/30/2020
PR0021555,001,00530,"Solids, total suspended",11432,Q1,AVG,Quantity1,kg/d,11432,kg/d,24460,kg/d,,04/30/2020
PR0021555,001,00530,"Solids, total suspended",14307,Q2,AVG,Quantity2,kg/d,14307,kg/d,40920,kg/d,,04/30/2020
PR0021555,001,00530,"Solids, total suspended",16485,Q2,AVG,Quantity2,kg/d,16485,kg/d,40920,kg/d,,05/31/2020
PR0021555,001,00530,"Solids, total suspended",10356,Q1,AVG,Quantity1,kg/d,10356,kg/d,24460,kg/d,,05/31/2020
PR0021555,001,00530,"Solids, total suspended",75,C3,AVG,Concentration3,mg/L,75,mg/L,,mg/L,,05/31/2020
PR0021555,001,00530,"Solids, total suspended",49,C2,AVG,Concentration2,mg/L,49,mg/L,68,mg/L,,05/31/2020
PR0021555,001,00530,"Solids, total suspended",39,C2,AVG,Concentration2,mg/L,39,mg/L,68,mg/L,,06/30/2020
PR0021555,001,00530,"Solids, total suspended",51,C3,AVG,Concentration3,mg/L,51,mg/L,,mg/L,,06/30/2020
PR0021555,001,00530,"Solids, total suspended",7587,Q1,AVG,Quantity1,kg/d,7587,kg/d,24460,kg/d,,06/30/2020
PR0021555,001,00530,"Solids, total suspended",10382,Q2,AVG,Quantity2,kg/d,10382,kg/d,40920,kg/d,,06/30/2020
PR0021555,001,00530,"Solids, total suspended",9308,Q1,AVG,Quantity1,kg/d,9308,kg/d,24460,kg/d,,07/31/2020
PR0021555,001,00530,"Solids, total suspended",17340,Q2,AVG,Quantity2,kg/d,17340,kg/d,40920,kg/d,,07/31/2020
PR0021555,001,00530,"Solids, total suspended",88,C3,AVG,Concentration3,mg/L,88,mg/L,,mg/L,,07/31/2020
PR0021555,001,00530,"Solids, total suspended",44,C2,AVG,Concentration2,mg/L,44,mg/L,68,mg/L,,07/31/2020
PR0021555,001,00530,"Solids, total suspended",60,C3,AVG,Concentration3,mg/L,60,mg/L,,mg/L,,08/31/2020
PR0021555,001,00530,"Solids, total suspended",46,C2,AVG,Concentration2,mg/L,46,mg/L,68,mg/L,,08/31/2020
PR0021555,001,00530,"Solids, total suspended",9933,Q1,AVG,Quantity1,kg/d,9933,kg/d,24460,kg/d,,08/31/2020
PR0021555,001,00530,"Solids, total suspended",14108,Q2,AVG,Quantity2,kg/d,14108,kg/d,40920,kg/d,,08/31/2020
PR0021555,001,00530,"Solids, total suspended",69,C3,AVG,Concentration3,mg/L,69,mg/L,,mg/L,,09/30/2020
PR0021555,001,00530,"Solids, total suspended",41,C2,AVG,Concentration2,mg/L,41,mg/L,68,mg/L,,09/30/2020
PR0021555,001,00530,"Solids, total suspended",9031,Q1,AVG,Quantity1,kg/d,9031,kg/d,24460,kg/d,,09/30/2020
PR0021555,001,00530,"Solids, total suspended",14715,Q2,AVG,Quantity2,kg/d,14715,kg/d,40920,kg/d,,09/30/2020
PR0021555,001,00530,"Solids, total suspended",34,C2,AVG,Concentration2,mg/L,34,mg/L,68,mg/L,,10/31/2020
PR0021555,001,00530,"Solids, total suspended",42,C3,AVG,Concentration3,mg/L,42,mg/L,,mg/L,,10/31/2020
PR0021555,001,00530,"Solids, total suspended",10614,Q2,AVG,Quantity2,kg/d,10614,kg/d,40920,kg/d,,10/31/2020
PR0021555,001,00530,"Solids, total suspended",7652,Q1,AVG,Quantity1,kg/d,7652,kg/d,24460,kg/d,,10/31/2020
PR0021555,001,00530,"Solids, total suspended",17772,Q2,AVG,Quantity2,kg/d,17772,kg/d,40920,kg/d,,11/30/2020
PR0021555,001,00530,"Solids, total suspended",12056,Q1,AVG,Quantity1,kg/d,12056,kg/d,24460,kg/d,,11/30/2020
PR0021555,001,00530,"Solids, total suspended",49,C2,AVG,Concentration2,mg/L,49,mg/L,68,mg/L,,11/30/2020
PR0021555,001,00530,"Solids, total suspended",72,C3,AVG,Concentration3,mg/L,72,mg/L,,mg/L,,11/30/2020
PR0021555,001,00530,"Solids, total suspended",58,C3,AVG,Concentration3,mg/L,58,mg/L,,mg/L,,12/31/2020
PR0021555,001,00530,"Solids, total suspended",42,C2,AVG,Concentration2,mg/L,42,mg/L,68,mg/L,,12/31/2020
PR0021555,001,00530,"Solids, total suspended",8879,Q1,AVG,Quantity1,kg/d,8879,kg/d,24460,kg/d,,12/31/2020
PR0021555,001,00530,"Solids, total suspended",13188,Q2,AVG,Quantity2,kg/d,13188,kg/d,40920,kg/d,,12/31/2020
PR0021555,001,00530,"Solids, total suspended",12231,Q2,AVG,Quantity2,kg/d,12231,kg/d,40920,kg/d,,01/31/2021
PR0021555,001,00530,"Solids, total suspended",9435,Q1,AVG,Quantity1,kg/d,9435,kg/d,24460,kg/d,,01/31/2021
PR0021555,001,00530,"Solids, total suspended",64,C3,AVG,Concentration3,mg/L,64,mg/L,,mg/L,,01/31/2021
PR0021555,001,00530,"Solids, total suspended",45,C2,AVG,Concentration2,mg/L,45,mg/L,68,mg/L,,01/31/2021
PR0021555,001,00530,"Solids, total suspended",48,C2,AVG,Concentration2,mg/L,48,mg/L,68,mg/L,,02/28/2021
PR0021555,001,00530,"Solids, total suspended",60,C3,AVG,Concentration3,mg/L,60,mg/L,,mg/L,,02/28/2021
PR0021555,001,00530,"Solids, total suspended",10279,Q1,AVG,Quantity1,kg/d,10279,kg/d,24460,kg/d,,02/28/2021
PR0021555,001,00530,"Solids, total suspended",12549,Q2,AVG,Quantity2,kg/d,12549,kg/d,40920,kg/d,,02/28/2021
PR0021555,001,00530,"Solids, total suspended",8697,Q2,AVG,Quantity2,kg/d,8697,kg/d,40920,kg/d,,03/31/2021
PR0021555,001,00530,"Solids, total suspended",7392,Q1,AVG,Quantity1,kg/d,7392,kg/d,24460,kg/d,,03/31/2021
PR0021555,001,00530,"Solids, total suspended",37,C2,AVG,Concentration2,mg/L,37,mg/L,68,mg/L,,03/31/2021
PR0021555,001,00530,"Solids, total suspended",40,C3,AVG,Concentration3,mg/L,40,mg/L,,mg/L,,03/31/2021
PR0021555,001,00530,"Solids, total suspended",45,C2,AVG,Concentration2,mg/L,45,mg/L,68,mg/L,,04/30/2021
PR0021555,001,00530,"Solids, total suspended",62,C3,AVG,Concentration3,mg/L,62,mg/L,,mg/L,,04/30/2021
PR0021555,001,00530,"Solids, total suspended",9172,Q1,AVG,Quantity1,kg/d,9172,kg/d,24460,kg/d,,04/30/2021
PR0021555,001,00530,"Solids, total suspended",13474,Q2,AVG,Quantity2,kg/d,13474,kg/d,40920,kg/d,,04/30/2021
PR0021555,001,00530,"Solids, total suspended",9070,Q2,AVG,Quantity2,kg/d,9070,kg/d,40920,kg/d,,05/31/2021
PR0021555,001,00530,"Solids, total suspended",7736,Q1,AVG,Quantity1,kg/d,7736,kg/d,24460,kg/d,,05/31/2021
PR0021555,001,00530,"Solids, total suspended",46,C3,AVG,Concentration3,mg/L,46,mg/L,,mg/L,,05/31/2021
PR0021555,001,00530,"Solids, total suspended",40,C2,AVG,Concentration2,mg/L,40,mg/L,68,mg/L,,05/31/2021
PR0021555,001,00530,"Solids, total suspended",35,C2,AVG,Concentration2,mg/L,35,mg/L,68,mg/L,,06/30/2021
PR0021555,001,00530,"Solids, total suspended",37,C3,AVG,Concentration3,mg/L,37,mg/L,,mg/L,,06/30/2021
PR0021555,001,00530,"Solids, total suspended",7907,Q1,AVG,Quantity1,kg/d,7907,kg/d,24460,kg/d,,06/30/2021
PR0021555,001,00530,"Solids, total suspended",8753,Q2,AVG,Quantity2,kg/d,8753,kg/d,40920,kg/d,,06/30/2021
PR0021555,001,00530,"Solids, total suspended",7315,Q2,AVG,Quantity2,kg/d,7315,kg/d,40920,kg/d,,07/31/2021
PR0021555,001,00530,"Solids, total suspended",6499,Q1,AVG,Quantity1,kg/d,6499,kg/d,24460,kg/d,,07/31/2021
PR0021555,001,00530,"Solids, total suspended",40,C3,AVG,Concentration3,mg/L,40,mg/L,,mg/L,,07/31/2021
PR0021555,001,00530,"Solids, total suspended",34,C2,AVG,Concentration2,mg/L,34,mg/L,68,mg/L,,07/31/2021
PR0021555,001,00530,"Solids, total suspended",38,C3,AVG,Concentration3,mg/L,38,mg/L,,mg/L,,08/31/2021
PR0021555,001,00530,"Solids, total suspended",32,C2,AVG,Concentration2,mg/L,32,mg/L,68,mg/L,,08/31/2021
PR0021555,001,00530,"Solids, total suspended",6283,Q1,AVG,Quantity1,kg/d,6283,kg/d,24460,kg/d,,08/31/2021
PR0021555,001,00530,"Solids, total suspended",7564,Q2,AVG,Quantity2,kg/d,7564,kg/d,40920,kg/d,,08/31/2021
PR0021555,001,00530,"Solids, total suspended",8544,Q2,AVG,Quantity2,kg/d,8544,kg/d,40920,kg/d,,09/30/2021
PR0021555,001,00530,"Solids, total suspended",6766,Q1,AVG,Quantity1,kg/d,6766,kg/d,24460,kg/d,,09/30/2021
PR0021555,001,00530,"Solids, total suspended",35,C2,AVG,Concentration2,mg/L,35,mg/L,68,mg/L,,09/30/2021
PR0021555,001,00530,"Solids, total suspended",48,C3,AVG,Concentration3,mg/L,48,mg/L,,mg/L,,09/30/2021
PR0021555,001,00530,"Solids, total suspended",40,C3,AVG,Concentration3,mg/L,40,mg/L,,mg/L,,10/31/2021
PR0021555,001,00530,"Solids, total suspended",30,C2,AVG,Concentration2,mg/L,30,mg/L,68,mg/L,,10/31/2021
PR0021555,001,00530,"Solids, total suspended",6424,Q1,AVG,Quantity1,kg/d,6424,kg/d,24460,kg/d,,10/31/2021
PR0021555,001,00530,"Solids, total suspended",7143,Q2,AVG,Quantity2,kg/d,7143,kg/d,40920,kg/d,,10/31/2021
PR0021555,001,00530,"Solids, total suspended",7672,Q2,AVG,Quantity2,kg/d,7672,kg/d,40920,kg/d,,11/30/2021
PR0021555,001,00530,"Solids, total suspended",6319,Q1,AVG,Quantity1,kg/d,6319,kg/d,24460,kg/d,,11/30/2021
PR0021555,001,00530,"Solids, total suspended",44,C3,AVG,Concentration3,mg/L,44,mg/L,,mg/L,,11/30/2021
PR0021555,001,00530,"Solids, total suspended",36,C2,AVG,Concentration2,mg/L,36,mg/L,68,mg/L,,11/30/2021
PR0021555,001,00530,"Solids, total suspended",35,C2,AVG,Concentration2,mg/L,35,mg/L,68,mg/L,,12/31/2021
PR0021555,001,00530,"Solids, total suspended",51,C3,AVG,Concentration3,mg/L,51,mg/L,,mg/L,,12/31/2021
PR0021555,001,00530,"Solids, total suspended",7419,Q1,AVG,Quantity1,kg/d,7419,kg/d,24460,kg/d,,12/31/2021
PR0021555,001,00530,"Solids, total suspended",10856,Q2,AVG,Quantity2,kg/d,10856,kg/d,40920,kg/d,,12/31/2021
PR0021555,001,00530,"Solids, total suspended",8378,Q2,AVG,Quantity2,kg/d,8378,kg/d,40920,kg/d,,01/31/2022
PR0021555,001,00530,"Solids, total suspended",6159,Q1,AVG,Quantity1,kg/d,6159,kg/d,24460,kg/d,,01/31/2022
PR0021555,001,00530,"Solids, total suspended",36,C2,AVG,Concentration2,mg/L,36,mg/L,68,mg/L,,01/31/2022
PR0021555,001,00530,"Solids, total suspended",46,C3,AVG,Concentration3,mg/L,46,mg/L,,mg/L,,01/31/2022
PR0021555,001,00530,"Solids, total suspended",6437,Q1,AVG,Quantity1,kg/d,6437,kg/d,24460,kg/d,,02/28/2022
PR0021555,001,00530,"Solids, total suspended",29,C2,AVG,Concentration2,mg/L,29,mg/L,68,mg/L,,02/28/2022
PR0021555,001,00530,"Solids, total suspended",38,C3,AVG,Concentration3,mg/L,38,mg/L,,mg/L,,02/28/2022
PR0021555,001,00530,"Solids, total suspended",9911,Q2,AVG,Quantity2,kg/d,9911,kg/d,40920,kg/d,,02/28/2022
PR0021555,001,00530,"Solids, total suspended",8647,Q2,AVG,Quantity2,kg/d,8647,kg/d,40920,kg/d,,03/31/2022
PR0021555,001,00530,"Solids, total suspended",42,C3,AVG,Concentration3,mg/L,42,mg/L,,mg/L,,03/31/2022
PR0021555,001,00530,"Solids, total suspended",35,C2,AVG,Concentration2,mg/L,35,mg/L,68,mg/L,,03/31/2022
PR0021555,001,00530,"Solids, total suspended",6600,Q1,AVG,Quantity1,kg/d,6600,kg/d,24460,kg/d,,03/31/2022
PR0021555,001,00530,"Solids, total suspended",39,C3,AVG,Concentration3,mg/L,39,mg/L,,mg/L,,04/30/2022
PR0021555,001,00530,"Solids, total suspended",5572,Q1,AVG,Quantity1,kg/d,5572,kg/d,24460,kg/d,,04/30/2022
PR0021555,001,00530,"Solids, total suspended",33,C2,AVG,Concentration2,mg/L,33,mg/L,68,mg/L,,04/30/2022
PR0021555,001,00530,"Solids, total suspended",6283,Q2,AVG,Quantity2,kg/d,6283,kg/d,40920,kg/d,,04/30/2022
PR0021555,001,00530,"Solids, total suspended",43,C3,AVG,Concentration3,mg/L,43,mg/L,,mg/L,,05/31/2022
PR0021555,001,00530,"Solids, total suspended",36,C2,AVG,Concentration2,mg/L,36,mg/L,68,mg/L,,05/31/2022
PR0021555,001,00530,"Solids, total suspended",6804,Q1,AVG,Quantity1,kg/d,6804,kg/d,24460,kg/d,,05/31/2022
PR0021555,001,00530,"Solids, total suspended",7538,Q2,AVG,Quantity2,kg/d,7538,kg/d,40920,kg/d,,05/31/2022
PR0021555,001,00530,"Solids, total suspended",6992,Q2,AVG,Quantity2,kg/d,6992,kg/d,40920,kg/d,,06/30/2022
PR0021555,001,00530,"Solids, total suspended",33,C2,AVG,Concentration2,mg/L,33,mg/L,68,mg/L,,06/30/2022
PR0021555,001,00530,"Solids, total suspended",5957,Q1,AVG,Quantity1,kg/d,5957,kg/d,24460,kg/d,,06/30/2022
PR0021555,001,00530,"Solids, total suspended",38,C3,AVG,Concentration3,mg/L,38,mg/L,,mg/L,,06/30/2022
PR0021555,001,00530,"Solids, total suspended",7793,Q2,AVG,Quantity2,kg/d,7793,kg/d,40920,kg/d,,07/31/2022
PR0021555,001,00530,"Solids, total suspended",31,C3,AVG,Concentration3,mg/L,31,mg/L,,mg/L,,07/31/2022
PR0021555,001,00530,"Solids, total suspended",29,C2,AVG,Concentration2,mg/L,29,mg/L,68,mg/L,,07/31/2022
PR0021555,001,00530,"Solids, total suspended",6267,Q1,AVG,Quantity1,kg/d,6267,kg/d,24460,kg/d,,07/31/2022
PR0021555,001,00530,"Solids, total suspended",32,C2,AVG,Concentration2,mg/L,32,mg/L,68,mg/L,,08/31/2022
PR0021555,001,00530,"Solids, total suspended",39,C3,AVG,Concentration3,mg/L,39,mg/L,,mg/L,,08/31/2022
PR0021555,001,00530,"Solids, total suspended",5971,Q1,AVG,Quantity1,kg/d,5971,kg/d,24460,kg/d,,08/31/2022
PR0021555,001,00530,"Solids, total suspended",7138,Q2,AVG,Quantity2,kg/d,7138,kg/d,40920,kg/d,,08/31/2022
PR0021555,001,00530,"Solids, total suspended",6408,Q2,AVG,Quantity2,kg/d,6408,kg/d,40920,kg/d,,09/30/2022
PR0021555,001,00530,"Solids, total suspended",23,C2,AVG,Concentration2,mg/L,23,mg/L,68,mg/L,,09/30/2022
PR0021555,001,00530,"Solids, total suspended",4949,Q1,AVG,Quantity1,kg/d,4949,kg/d,24460,kg/d,,09/30/2022
PR0021555,001,00530,"Solids, total suspended",29,C3,AVG,Concentration3,mg/L,29,mg/L,,mg/L,,09/30/2022
PR0021555,001,00530,"Solids, total suspended",6293,Q1,AVG,Quantity1,kg/d,6293,kg/d,24460,kg/d,,10/31/2022
PR0021555,001,00530,"Solids, total suspended",31,C3,AVG,Concentration3,mg/L,31,mg/L,,mg/L,,10/31/2022
PR0021555,001,00530,"Solids, total suspended",26,C2,AVG,Concentration2,mg/L,26,mg/L,68,mg/L,,10/31/2022
PR0021555,001,00530,"Solids, total suspended",8262,Q2,AVG,Quantity2,kg/d,8262,kg/d,40920,kg/d,,10/31/2022
PR0021555,001,00530,"Solids, total suspended",7032,Q2,AVG,Quantity2,kg/d,7032,kg/d,40920,kg/d,,11/30/2022
PR0021555,001,00530,"Solids, total suspended",5774,Q1,AVG,Quantity1,kg/d,5774,kg/d,24460,kg/d,,11/30/2022
PR0021555,001,00530,"Solids, total suspended",25,C2,AVG,Concentration2,mg/L,25,mg/L,68,mg/L,,11/30/2022
PR0021555,001,00530,"Solids, total suspended",30,C3,AVG,Concentration3,mg/L,30,mg/L,,mg/L,,11/30/2022
PR0021555,001,00530,"Solids, total suspended",29,C2,AVG,Concentration2,mg/L,29,mg/L,68,mg/L,,12/31/2022
PR0021555,001,00530,"Solids, total suspended",6033,Q1,AVG,Quantity1,kg/d,6033,kg/d,24460,kg/d,,12/31/2022
PR0021555,001,00530,"Solids, total suspended",33,C3,AVG,Concentration3,mg/L,33,mg/L,,mg/L,,12/31/2022
PR0021555,001,00530,"Solids, total suspended",7545,Q2,AVG,Quantity2,kg/d,7545,kg/d,40920,kg/d,,12/31/2022
PR0021555,001,00530,"Solids, total suspended",9228,Q2,AVG,Quantity2,kg/d,9228,kg/d,40920,kg/d,,01/31/2023
PR0021555,001,00530,"Solids, total suspended",32,C3,AVG,Concentration3,mg/L,32,mg/L,,mg/L,,01/31/2023
PR0021555,001,00530,"Solids, total suspended",28,C2,AVG,Concentration2,mg/L,28,mg/L,68,mg/L,,01/31/2023
PR0021555,001,00530,"Solids, total suspended",6758,Q1,AVG,Quantity1,kg/d,6758,kg/d,24460,kg/d,,01/31/2023
PR0021555,001,00530,"Solids, total suspended",34,C3,AVG,Concentration3,mg/L,34,mg/L,,mg/L,,02/28/2023
PR0021555,001,00530,"Solids, total suspended",5800,Q1,AVG,Quantity1,kg/d,5800,kg/d,24460,kg/d,,02/28/2023
PR0021555,001,00530,"Solids, total suspended",26,C2,AVG,Concentration2,mg/L,26,mg/L,68,mg/L,,02/28/2023
PR0021555,001,00530,"Solids, total suspended",7087,Q2,AVG,Quantity2,kg/d,7087,kg/d,40920,kg/d,,02/28/2023
PR0021555,001,00530,"Solids, total suspended",9500,Q2,AVG,Quantity2,kg/d,9500,kg/d,40920,kg/d,,03/31/2023
PR0021555,001,00530,"Solids, total suspended",7709,Q1,AVG,Quantity1,kg/d,7709,kg/d,24460,kg/d,,03/31/2023
PR0021555,001,00530,"Solids, total suspended",36,C2,AVG,Concentration2,mg/L,36,mg/L,68,mg/L,,03/31/2023
PR0021555,001,00530,"Solids, total suspended",47,C3,AVG,Concentration3,mg/L,47,mg/L,,mg/L,,03/31/2023
PR0021555,001,00530,"Solids, total suspended",7249,Q1,AVG,Quantity1,kg/d,7249,kg/d,24460,kg/d,,04/30/2023
PR0021555,001,00530,"Solids, total suspended",42,C3,AVG,Concentration3,mg/L,42,mg/L,,mg/L,,04/30/2023
PR0021555,001,00530,"Solids, total suspended",36,C2,AVG,Concentration2,mg/L,36,mg/L,68,mg/L,,04/30/2023
PR0021555,001,00530,"Solids, total suspended",9372,Q2,AVG,Quantity2,kg/d,9372,kg/d,40920,kg/d,,04/30/2023
PR0021555,001,00530,"Solids, total suspended",8963,Q2,AVG,Quantity2,kg/d,8963,kg/d,40920,kg/d,,05/31/2023
PR0021555,001,00530,"Solids, total suspended",49,C3,AVG,Concentration3,mg/L,49,mg/L,,mg/L,,05/31/2023
PR0021555,001,00530,"Solids, total suspended",41,C2,AVG,Concentration2,mg/L,41,mg/L,68,mg/L,,05/31/2023
PR0021555,001,00530,"Solids, total suspended",8053,Q1,AVG,Quantity1,kg/d,8053,kg/d,24460,kg/d,,05/31/2023
PR0021555,001,00530,"Solids, total suspended",8587,Q2,AVG,Quantity2,kg/d,8587,kg/d,40920,kg/d,,06/30/2023
PR0021555,001,00530,"Solids, total suspended",7328,Q1,AVG,Quantity1,kg/d,7328,kg/d,24460,kg/d,,06/30/2023
PR0021555,001,00530,"Solids, total suspended",39,C3,AVG,Concentration3,mg/L,39,mg/L,,mg/L,,06/30/2023
PR0021555,001,00530,"Solids, total suspended",35,C2,AVG,Concentration2,mg/L,35,mg/L,68,mg/L,,06/30/2023
PR0021555,001,00530,"Solids, total suspended",7694,Q2,AVG,Quantity2,kg/d,7694,kg/d,40920,kg/d,,07/31/2023
PR0021555,001,00530,"Solids, total suspended",6751,Q1,AVG,Quantity1,kg/d,6751,kg/d,24460,kg/d,,07/31/2023
PR0021555,001,00530,"Solids, total suspended",35,C3,AVG,Concentration3,mg/L,35,mg/L,,mg/L,,07/31/2023
PR0021555,001,00530,"Solids, total suspended",31,C2,AVG,Concentration2,mg/L,31,mg/L,68,mg/L,,07/31/2023
PR0021555,001,00530,"Solids, total suspended",6104,Q1,AVG,Quantity1,kg/d,6104,kg/d,24460,kg/d,,08/31/2023
PR0021555,001,00530,"Solids, total suspended",26,C2,AVG,Concentration2,mg/L,26,mg/L,68,mg/L,,08/31/2023
PR0021555,001,00530,"Solids, total suspended",30,C3,AVG,Concentration3,mg/L,30,mg/L,,mg/L,,08/31/2023
PR0021555,001,00530,"Solids, total suspended",7833,Q2,AVG,Quantity2,kg/d,7833,kg/d,40920,kg/d,,08/31/2023
PR0021555,001,00530,"Solids, total suspended",8208,Q2,AVG,Quantity2,kg/d,8208,kg/d,40920,kg/d,,09/30/2023
PR0021555,001,00530,"Solids, total suspended",32,C2,AVG,Concentration2,mg/L,32,mg/L,68,mg/L,,09/30/2023
PR0021555,001,00530,"Solids, total suspended",36,C3,AVG,Concentration3,mg/L,36,mg/L,,mg/L,,09/30/2023
PR0021555,001,00530,"Solids, total suspended",7092,Q1,AVG,Quantity1,kg/d,7092,kg/d,24460,kg/d,,09/30/2023
PR0021555,001,00530,"Solids, total suspended",28,C2,AVG,Concentration2,mg/L,28,mg/L,68,mg/L,,10/31/2023
PR0021555,001,00530,"Solids, total suspended",6085,Q1,AVG,Quantity1,kg/d,6085,kg/d,24460,kg/d,,10/31/2023
PR0021555,001,00530,"Solids, total suspended",32,C3,AVG,Concentration3,mg/L,32,mg/L,,mg/L,,10/31/2023
PR0021555,001,00530,"Solids, total suspended",6505,Q2,AVG,Quantity2,kg/d,6505,kg/d,40920,kg/d,,10/31/2023
PR0021555,001,00530,"Solids, total suspended",7863,Q2,AVG,Quantity2,kg/d,7863,kg/d,40920,kg/d,,11/30/2023
PR0021555,001,00530,"Solids, total suspended",30,C2,AVG,Concentration2,mg/L,30,mg/L,68,mg/L,,11/30/2023
PR0021555,001,00530,"Solids, total suspended",31,C3,AVG,Concentration3,mg/L,31,mg/L,,mg/L,,11/30/2023
PR0021555,001,00530,"Solids, total suspended",6988,Q1,AVG,Quantity1,kg/d,6988,kg/d,24460,kg/d,,11/30/2023
PR0021555,001,00530,"Solids, total suspended",28,C2,AVG,Concentration2,mg/L,28,mg/L,68,mg/L,,12/31/2023
PR0021555,001,00530,"Solids, total suspended",33,C3,AVG,Concentration3,mg/L,33,mg/L,,mg/L,,12/31/2023
PR0021555,001,00530,"Solids, total suspended",6067,Q1,AVG,Quantity1,kg/d,6067,kg/d,24460,kg/d,,12/31/2023
PR0021555,001,00530,"Solids, total suspended",6801,Q2,AVG,Quantity2,kg/d,6801,kg/d,40920,kg/d,,12/31/2023
PR0021555,001,00530,"Solids, total suspended",8262,Q2,AVG,Quantity2,kg/d,8262,kg/d,40920,kg/d,,01/31/2024
PR0021555,001,00530,"Solids, total suspended",29,C2,AVG,Concentration2,mg/L,29,mg/L,68,mg/L,,01/31/2024
PR0021555,001,00530,"Solids, total suspended",40,C3,AVG,Concentration3,mg/L,40,mg/L,,mg/L,,01/31/2024
PR0021555,001,00530,"Solids, total suspended",5625,Q1,AVG,Quantity1,kg/d,5625,kg/d,24460,kg/d,,01/31/2024
PR0021555,001,00530,"Solids, total suspended",5768,Q1,AVG,Quantity1,kg/d,5768,kg/d,24460,kg/d,,02/29/2024
PR0021555,001,00530,"Solids, total suspended",27,C2,AVG,Concentration2,mg/L,27,mg/L,68,mg/L,,02/29/2024
PR0021555,001,00530,"Solids, total suspended",30,C3,AVG,Concentration3,mg/L,30,mg/L,,mg/L,,02/29/2024
PR0021555,001,00530,"Solids, total suspended",7618,Q2,AVG,Quantity2,kg/d,7618,kg/d,40920,kg/d,,02/29/2024
PR0021555,001,00530,"Solids, total suspended",36,C3,AVG,Concentration3,mg/L,36,mg/L,,mg/L,,03/31/2024
PR0021555,001,00530,"Solids, total suspended",32,C2,AVG,Concentration2,mg/L,32,mg/L,68,mg/L,,03/31/2024
PR0021555,001,00530,"Solids, total suspended",6316,Q1,AVG,Quantity1,kg/d,6316,kg/d,24460,kg/d,,03/31/2024
PR0021555,001,00530,"Solids, total suspended",7971,Q2,AVG,Quantity2,kg/d,7971,kg/d,40920,kg/d,,03/31/2024
PR0021555,001,00530,"Solids, total suspended",71,C3,AVG,Concentration3,mg/L,71,mg/L,,mg/L,,04/30/2024
PR0021555,001,00530,"Solids, total suspended",10113,Q1,AVG,Quantity1,kg/d,10113,kg/d,24460,kg/d,,04/30/2024
PR0021555,001,00530,"Solids, total suspended",38,C2,AVG,Concentration2,mg/L,38,mg/L,68,mg/L,,04/30/2024
PR0021555,001,00530,"Solids, total suspended",22630,Q2,AVG,Quantity2,kg/d,22630,kg/d,40920,kg/d,,04/30/2024
PR0021555,001,00530,"Solids, total suspended",15302,Q2,AVG,Quantity2,kg/d,15302,kg/d,40920,kg/d,,05/31/2024
PR0021555,001,00530,"Solids, total suspended",9737,Q1,AVG,Quantity1,kg/d,9737,kg/d,24460,kg/d,,05/31/2024
PR0021555,001,00530,"Solids, total suspended",38,C2,AVG,Concentration2,mg/L,38,mg/L,68,mg/L,,05/31/2024
PR0021555,001,00530,"Solids, total suspended",50,C3,AVG,Concentration3,mg/L,50,mg/L,,mg/L,,05/31/2024
PR0021555,001,00530,"Solids, total suspended",28,C2,AVG,Concentration2,mg/L,28,mg/L,68,mg/L,,06/30/2024
PR0021555,001,00530,"Solids, total suspended",30,C3,AVG,Concentration3,mg/L,30,mg/L,,mg/L,,06/30/2024
PR0021555,001,00530,"Solids, total suspended",5644,Q1,AVG,Quantity1,kg/d,5644,kg/d,24460,kg/d,,06/30/2024
PR0021555,001,00530,"Solids, total suspended",6214,Q2,AVG,Quantity2,kg/d,6214,kg/d,40920,kg/d,,06/30/2024
PR0021555,001,00530,"Solids, total suspended",6688,Q2,AVG,Quantity2,kg/d,6688,kg/d,40920,kg/d,,07/31/2024
PR0021555,001,00530,"Solids, total suspended",34,C3,AVG,Concentration3,mg/L,34,mg/L,,mg/L,,07/31/2024
PR0021555,001,00530,"Solids, total suspended",5496,Q1,AVG,Quantity1,kg/d,5496,kg/d,24460,kg/d,,07/31/2024
PR0021555,001,00530,"Solids, total suspended",27,C2,AVG,Concentration2,mg/L,27,mg/L,68,mg/L,,07/31/2024
PR0021555,001,00530,"Solids, total suspended",46,C2,AVG,Concentration2,mg/L,46,mg/L,68,mg/L,,08/31/2024
PR0021555,001,00530,"Solids, total suspended",10514,Q1,AVG,Quantity1,kg/d,10514,kg/d,24460,kg/d,,08/31/2024
PR0021555,001,00530,"Solids, total suspended",56,C3,AVG,Concentration3,mg/L,56,mg/L,,mg/L,,08/31/2024
PR0021555,001,00530,"Solids, total suspended",12077,Q2,AVG,Quantity2,kg/d,12077,kg/d,40920,kg/d,,08/31/2024
PR0021555,001,00530,"Solids, total suspended",10676,Q2,AVG,Quantity2,kg/d,10676,kg/d,40920,kg/d,,09/30/2024
PR0021555,001,00530,"Solids, total suspended",38,C2,AVG,Concentration2,mg/L,38,mg/L,68,mg/L,,09/30/2024
PR0021555,001,00530,"Solids, total suspended",45,C3,AVG,Concentration3,mg/L,45,mg/L,,mg/L,,09/30/2024
PR0021555,001,00530,"Solids, total suspended",8808,Q1,AVG,Quantity1,kg/d,8808,kg/d,24460,kg/d,,09/30/2024
PR0021555,001,00530,"Solids, total suspended",32,C3,AVG,Concentration3,mg/L,32,mg/L,,mg/L,,10/31/2024
PR0021555,001,00530,"Solids, total suspended",30,C2,AVG,Concentration2,mg/L,30,mg/L,68,mg/L,,10/31/2024
PR0021555,001,00530,"Solids, total suspended",7062,Q1,AVG,Quantity1,kg/d,7062,kg/d,24460,kg/d,,10/31/2024
PR0021555,001,00530,"Solids, total suspended",8905,Q2,AVG,Quantity2,kg/d,8905,kg/d,40920,kg/d,,10/31/2024
PR0021555,001,00530,"Solids, total suspended",20,C2,AVG,Concentration2,mg/L,20,mg/L,68,mg/L,,11/30/2024
PR0021555,001,00530,"Solids, total suspended",5017,Q1,AVG,Quantity1,kg/d,5017,kg/d,24460,kg/d,,11/30/2024
PR0021555,001,00530,"Solids, total suspended",26,C3,AVG,Concentration3,mg/L,26,mg/L,,mg/L,,11/30/2024
PR0021555,001,00530,"Solids, total suspended",5905,Q2,AVG,Quantity2,kg/d,5905,kg/d,40920,kg/d,,11/30/2024
PR0021555,001,00530,"Solids, total suspended",35,C2,AVG,Concentration2,mg/L,35,mg/L,68,mg/L,,12/31/2024
PR0021555,001,00530,"Solids, total suspended",50,C3,AVG,Concentration3,mg/L,50,mg/L,,mg/L,,12/31/2024
PR0021555,001,00530,"Solids, total suspended",8136,Q1,AVG,Quantity1,kg/d,8136,kg/d,24460,kg/d,,12/31/2024
PR0021555,001,00530,"Solids, total suspended",12933,Q2,AVG,Quantity2,kg/d,12933,kg/d,40920,kg/d,,12/31/2024
PR0021555,001,00530,"Solids, total suspended",9241,Q2,AVG,Quantity2,kg/d,9241,kg/d,40920,kg/d,,01/31/2025
PR0021555,001,00530,"Solids, total suspended",38,C2,AVG,Concentration2,mg/L,38,mg/L,68,mg/L,,01/31/2025
PR0021555,001,00530,"Solids, total suspended",40,C3,AVG,Concentration3,mg/L,40,mg/L,,mg/L,,01/31/2025
PR0021555,001,00530,"Solids, total suspended",7901,Q1,AVG,Quantity1,kg/d,7901,kg/d,24460,kg/d,,01/31/2025
PR0021555,001,00530,"Solids, total suspended",8610,Q1,AVG,Quantity1,kg/d,8610,kg/d,24460,kg/d,,02/28/2025
PR0021555,001,00530,"Solids, total suspended",38,C2,AVG,Concentration2,mg/L,38,mg/L,68,mg/L,,02/28/2025
PR0021555,001,00530,"Solids, total suspended",40,C3,AVG,Concentration3,mg/L,40,mg/L,,mg/L,,02/28/2025
PR0021555,001,00530,"Solids, total suspended",10166,Q2,AVG,Quantity2,kg/d,10166,kg/d,40920,kg/d,,02/28/2025
PR0021555,001,00530,"Solids, total suspended",9791,Q2,AVG,Quantity2,kg/d,9791,kg/d,40920,kg/d,,03/31/2025
PR0021555,001,00530,"Solids, total suspended",44,C3,AVG,Concentration3,mg/L,44,mg/L,,mg/L,,03/31/2025
PR0021555,001,00530,"Solids, total suspended",39,C2,AVG,Concentration2,mg/L,39,mg/L,68,mg/L,,03/31/2025
PR0021555,001,00530,"Solids, total suspended",8206,Q1,AVG,Quantity1,kg/d,8206,kg/d,24460,kg/d,,03/31/2025
PR0021555,001,00530,"Solids, total suspended",45,C3,AVG,Concentration3,mg/L,45,mg/L,,mg/L,,04/30/2025
PR0021555,001,00530,"Solids, total suspended",8338,Q1,AVG,Quantity1,kg/d,8338,kg/d,24460,kg/d,,04/30/2025
PR0021555,001,00530,"Solids, total suspended",39,C2,AVG,Concentration2,mg/L,39,mg/L,68,mg/L,,04/30/2025
PR0021555,001,00530,"Solids, total suspended",9587,Q2,AVG,Quantity2,kg/d,9587,kg/d,40920,kg/d,,04/30/2025
PR0021555,001,00530,"Solids, total suspended",14991,Q2,AVG,Quantity2,kg/d,14991,kg/d,40920,kg/d,,05/31/2025
PR0021555,001,00530,"Solids, total suspended",10716,Q1,AVG,Quantity1,kg/d,10716,kg/d,24460,kg/d,,05/31/2025
PR0021555,001,00530,"Solids, total suspended",47,C2,AVG,Concentration2,mg/L,47,mg/L,68,mg/L,,05/31/2025
PR0021555,001,00530,"Solids, total suspended",73,C3,AVG,Concentration3,mg/L,73,mg/L,,mg/L,,05/31/2025
PR0021555,001,00530,"Solids, total suspended",15819,Q1,AVG,Quantity1,kg/d,15819,kg/d,24460,kg/d,,06/30/2025
PR0021555,001,00530,"Solids, total suspended",100,C3,AVG,Concentration3,mg/L,100,mg/L,,mg/L,,06/30/2025
PR0021555,001,00530,"Solids, total suspended",74,C2,AVG,Concentration2,mg/L,74,mg/L,68,mg/L,,06/30/2025
PR0021555,001,00530,"Solids, total suspended",24201,Q2,AVG,Quantity2,kg/d,24201,kg/d,40920,kg/d,,06/30/2025
PR0021555,001,00530,"Solids, total suspended",16441,Q2,AVG,Quantity2,kg/d,16441,kg/d,40920,kg/d,,07/31/2025
PR0021555,001,00530,"Solids, total suspended",13108,Q1,AVG,Quantity1,kg/d,13108,kg/d,24460,kg/d,,07/31/2025
PR0021555,001,00530,"Solids, total suspended",62,C2,AVG,Concentration2,mg/L,62,mg/L,68,mg/L,,07/31/2025
PR0021555,001,00530,"Solids, total suspended",89,C3,AVG,Concentration3,mg/L,89,mg/L,,mg/L,,07/31/2025
PR0021555,001,00530,"Solids, total suspended",44,C3,AVG,Concentration3,mg/L,44,mg/L,,mg/L,,08/31/2025
PR0021555,001,00530,"Solids, total suspended",8388,Q1,AVG,Quantity1,kg/d,8388,kg/d,24460,kg/d,,08/31/2025
PR0021555,001,00530,"Solids, total suspended",41,C2,AVG,Concentration2,mg/L,41,mg/L,68,mg/L,,08/31/2025
PR0021555,001,00530,"Solids, total suspended",9173,Q2,AVG,Quantity2,kg/d,9173,kg/d,40920,kg/d,,08/31/2025
PR0021555,001,00530,"Solids, total suspended",9934,Q2,AVG,Quantity2,kg/d,9934,kg/d,40920,kg/d,,09/30/2025
PR0021555,001,00530,"Solids, total suspended",40,C3,AVG,Concentration3,mg/L,40,mg/L,,mg/L,,09/30/2025
PR0021555,001,00530,"Solids, total suspended",8976,Q1,AVG,Quantity1,kg/d,8976,kg/d,24460,kg/d,,09/30/2025
PR0021555,001,00530,"Solids, total suspended",38,C2,AVG,Concentration2,mg/L,38,mg/L,68,mg/L,,09/30/2025
PR0021555,001,00530,"Solids, total suspended",8666,Q1,AVG,Quantity1,kg/d,8666,kg/d,24460,kg/d,,10/31/2025
PR0021555,001,00530,"Solids, total suspended",44,C3,AVG,Concentration3,mg/L,44,mg/L,,mg/L,,10/31/2025
PR0021555,001,00530,"Solids, total suspended",39,C2,AVG,Concentration2,mg/L,39,mg/L,68,mg/L,,10/31/2025
PR0021555,001,00530,"Solids, total suspended",10534,Q2,AVG,Quantity2,kg/d,10534,kg/d,40920,kg/d,,10/31/2025
PR0021555,001,00530,"Solids, total suspended",8910,Q2,AVG,Quantity2,kg/d,8910,kg/d,40920,kg/d,,11/30/2025
PR0021555,001,00530,"Solids, total suspended",38,C2,AVG,Concentration2,mg/L,38,mg/L,68,mg/L,,11/30/2025
PR0021555,001,00530,"Solids, total suspended",8569,Q1,AVG,Quantity1,kg/d,8569,kg/d,24460,kg/d,,11/30/2025
PR0021555,001,00530,"Solids, total suspended",43,C3,AVG,Concentration3,mg/L,43,mg/L,,mg/L,,11/30/2025
PR0021555,001,00530,"Solids, total suspended",49,C2,AVG,Concentration2,mg/L,49,mg/L,68,mg/L,,12/31/2025
PR0021555,001,00530,"Solids, total suspended",72,C3,AVG,Concentration3,mg/L,72,mg/L,,mg/L,,12/31/2025
PR0021555,001,00530,"Solids, total suspended",11802,Q1,AVG,Quantity1,kg/d,11802,kg/d,24460,kg/d,,12/31/2025
PR0021555,001,00530,"Solids, total suspended",19411,Q2,AVG,Quantity2,kg/d,19411,kg/d,40920,kg/d,,12/31/2025
PR0021555,001,00530,"Solids, total suspended",9840,Q2,AVG,Quantity2,kg/d,9840,kg/d,40920,kg/d,,01/31/2026
PR0021555,001,00530,"Solids, total suspended",38,C2,AVG,Concentration2,mg/L,38,mg/L,68,mg/L,,01/31/2026
PR0021555,001,00530,"Solids, total suspended",39,C3,AVG,Concentration3,mg/L,39,mg/L,,mg/L,,01/31/2026
PR0021555,001,00530,"Solids, total suspended",8696,Q1,AVG,Quantity1,kg/d,8696,kg/d,24460,kg/d,,01/31/2026
PR0021555,001,00545,"Solids, settleable",0.5,C3,MAX,Concentration3,mL/L,.0005,mg/L,,mL/L,,01/31/2020
PR0021555,001,00545,"Solids, settleable",1.8,C3,MAX,Concentration3,mL/L,.0018,mg/L,,mL/L,,02/29/2020
PR0021555,001,00545,"Solids, settleable",0.8,C3,MAX,Concentration3,mL/L,.0008,mg/L,,mL/L,,03/31/2020
PR0021555,001,00545,"Solids, settleable",0.8,C3,MAX,Concentration3,mL/L,.0008,mg/L,,mL/L,,04/30/2020
PR0021555,001,00545,"Solids, settleable",1.3,C3,MAX,Concentration3,mL/L,.0013,mg/L,,mL/L,,05/31/2020
PR0021555,001,00545,"Solids, settleable",0.5,C3,MAX,Concentration3,mL/L,.0005,mg/L,,mL/L,,06/30/2020
PR0021555,001,00545,"Solids, settleable",0.6,C3,MAX,Concentration3,mL/L,.0006,mg/L,,mL/L,,07/31/2020
PR0021555,001,00545,"Solids, settleable",0.3,C3,MAX,Concentration3,mL/L,.0003,mg/L,,mL/L,,08/31/2020
PR0021555,001,00545,"Solids, settleable",0.63,C3,MAX,Concentration3,mL/L,.00063,mg/L,,mL/L,,09/30/2020
PR0021555,001,00545,"Solids, settleable",0.6,C3,MAX,Concentration3,mL/L,.0006,mg/L,,mL/L,,10/31/2020
PR0021555,001,00545,"Solids, settleable",0.5,C3,MAX,Concentration3,mL/L,.0005,mg/L,,mL/L,,11/30/2020
PR0021555,001,00545,"Solids, settleable",0.4,C3,MAX,Concentration3,mL/L,.0004,mg/L,,mL/L,,12/31/2020
PR0021555,001,00545,"Solids, settleable",0.3,C3,MAX,Concentration3,mL/L,.0003,mg/L,,mL/L,,01/31/2021
PR0021555,001,00545,"Solids, settleable",0.75,C3,MAX,Concentration3,mL/L,.00075,mg/L,,mL/L,,02/28/2021
PR0021555,001,00545,"Solids, settleable",0.2,C3,MAX,Concentration3,mL/L,.0002,mg/L,,mL/L,,03/31/2021
PR0021555,001,00545,"Solids, settleable",0.25,C3,MAX,Concentration3,mL/L,.00025,mg/L,,mL/L,,04/30/2021
PR0021555,001,00545,"Solids, settleable",0.4,C3,MAX,Concentration3,mL/L,.0004,mg/L,,mL/L,,05/31/2021
PR0021555,001,00545,"Solids, settleable",0.28,C3,MAX,Concentration3,mL/L,.00028,mg/L,,mL/L,,06/30/2021
PR0021555,001,00545,"Solids, settleable",0.4,C3,MAX,Concentration3,mL/L,.0004,mg/L,,mL/L,,07/31/2021
PR0021555,001,00545,"Solids, settleable",16.1,C3,MAX,Concentration3,mL/L,.0161,mg/L,,mL/L,,08/31/2021
PR0021555,001,00545,"Solids, settleable",0.3,C3,MAX,Concentration3,mL/L,.0003,mg/L,,mL/L,,09/30/2021
PR0021555,001,00545,"Solids, settleable",0.3,C3,MAX,Concentration3,mL/L,.0003,mg/L,,mL/L,,10/31/2021
PR0021555,001,00545,"Solids, settleable",0.4,C3,MAX,Concentration3,mL/L,.0004,mg/L,,mL/L,,11/30/2021
PR0021555,001,00545,"Solids, settleable",0.3,C3,MAX,Concentration3,mL/L,.0003,mg/L,,mL/L,,12/31/2021
PR0021555,001,00545,"Solids, settleable",0.3,C3,MAX,Concentration3,mL/L,.0003,mg/L,,mL/L,,01/31/2022
PR0021555,001,00545,"Solids, settleable",0.35,C3,MAX,Concentration3,mL/L,.00035,mg/L,,mL/L,,02/28/2022
PR0021555,001,00545,"Solids, settleable",0.38,C3,MAX,Concentration3,mL/L,.00038,mg/L,,mL/L,,03/31/2022
PR0021555,001,00545,"Solids, settleable",0.38,C3,MAX,Concentration3,mL/L,.00038,mg/L,,mL/L,,04/30/2022
PR0021555,001,00545,"Solids, settleable",0.95,C3,MAX,Concentration3,mL/L,.00095,mg/L,,mL/L,,05/31/2022
PR0021555,001,00545,"Solids, settleable",0.7,C3,MAX,Concentration3,mL/L,.0007,mg/L,,mL/L,,06/30/2022
PR0021555,001,00545,"Solids, settleable",0.5,C3,MAX,Concentration3,mL/L,.0005,mg/L,,mL/L,,07/31/2022
PR0021555,001,00545,"Solids, settleable",0.3,C3,MAX,Concentration3,mL/L,.0003,mg/L,,mL/L,,08/31/2022
PR0021555,001,00545,"Solids, settleable",0.35,C3,MAX,Concentration3,mL/L,.00035,mg/L,,mL/L,,09/30/2022
PR0021555,001,00545,"Solids, settleable",1,C3,MAX,Concentration3,mL/L,.001,mg/L,,mL/L,,10/31/2022
PR0021555,001,00545,"Solids, settleable",0.35,C3,MAX,Concentration3,mL/L,.00035,mg/L,,mL/L,,11/30/2022
PR0021555,001,00545,"Solids, settleable",0.4,C3,MAX,Concentration3,mL/L,.0004,mg/L,,mL/L,,12/31/2022
PR0021555,001,00545,"Solids, settleable",0.5,C3,MAX,Concentration3,mL/L,.0005,mg/L,,mL/L,,01/31/2023
PR0021555,001,00545,"Solids, settleable",0.58,C3,MAX,Concentration3,mL/L,.00058,mg/L,,mL/L,,02/28/2023
PR0021555,001,00545,"Solids, settleable",0.58,C3,MAX,Concentration3,mL/L,.00058,mg/L,,mL/L,,03/31/2023
PR0021555,001,00545,"Solids, settleable",0.58,C3,MAX,Concentration3,mL/L,.00058,mg/L,,mL/L,,04/30/2023
PR0021555,001,00545,"Solids, settleable",0.6,C3,MAX,Concentration3,mL/L,.0006,mg/L,,mL/L,,05/31/2023
PR0021555,001,00545,"Solids, settleable",0.5,C3,MAX,Concentration3,mL/L,.0005,mg/L,,mL/L,,06/30/2023
PR0021555,001,00545,"Solids, settleable",1.71,C3,MAX,Concentration3,mL/L,.00171,mg/L,,mL/L,,07/31/2023
PR0021555,001,00545,"Solids, settleable",0.58,C3,MAX,Concentration3,mL/L,.00058,mg/L,,mL/L,,08/31/2023
PR0021555,001,00545,"Solids, settleable",0.95,C3,MAX,Concentration3,mL/L,.00095,mg/L,,mL/L,,09/30/2023
PR0021555,001,00545,"Solids, settleable",0.48,C3,MAX,Concentration3,mL/L,.00048,mg/L,,mL/L,,10/31/2023
PR0021555,001,00545,"Solids, settleable",0.5,C3,MAX,Concentration3,mL/L,.0005,mg/L,,mL/L,,11/30/2023
PR0021555,001,00545,"Solids, settleable",0.6,C3,MAX,Concentration3,mL/L,.0006,mg/L,,mL/L,,12/31/2023
PR0021555,001,00545,"Solids, settleable",0.4,C3,MAX,Concentration3,mL/L,.0004,mg/L,,mL/L,,01/31/2024
PR0021555,001,00545,"Solids, settleable",0.5,C3,MAX,Concentration3,mL/L,.0005,mg/L,,mL/L,,02/29/2024
PR0021555,001,00545,"Solids, settleable",0.4,C3,MAX,Concentration3,mL/L,.0004,mg/L,,mL/L,,03/31/2024
PR0021555,001,00545,"Solids, settleable",0.4,C3,MAX,Concentration3,mL/L,.0004,mg/L,,mL/L,,04/30/2024
PR0021555,001,00545,"Solids, settleable",0.5,C3,MAX,Concentration3,mL/L,.0005,mg/L,,mL/L,,05/31/2024
PR0021555,001,00545,"Solids, settleable",0.4,C3,MAX,Concentration3,mL/L,.0004,mg/L,,mL/L,,06/30/2024
PR0021555,001,00545,"Solids, settleable",0.4,C3,MAX,Concentration3,mL/L,.0004,mg/L,,mL/L,,07/31/2024
PR0021555,001,00545,"Solids, settleable",0.3,C3,MAX,Concentration3,mL/L,.0003,mg/L,,mL/L,,08/31/2024
PR0021555,001,00545,"Solids, settleable",0.4,C3,MAX,Concentration3,mL/L,.0004,mg/L,,mL/L,,09/30/2024
PR0021555,001,00545,"Solids, settleable",0.5,C3,MAX,Concentration3,mL/L,.0005,mg/L,,mL/L,,10/31/2024
PR0021555,001,00545,"Solids, settleable",0.7,C3,MAX,Concentration3,mL/L,.0007,mg/L,,mL/L,,11/30/2024
PR0021555,001,00545,"Solids, settleable",0.5,C3,MAX,Concentration3,mL/L,.0005,mg/L,,mL/L,,12/31/2024
PR0021555,001,00545,"Solids, settleable",1.3,C3,MAX,Concentration3,mL/L,.0013,mg/L,,mL/L,,01/31/2025
PR0021555,001,00545,"Solids, settleable",4,C3,MAX,Concentration3,mL/L,.004,mg/L,,mL/L,,02/28/2025
PR0021555,001,00545,"Solids, settleable",0.4,C3,MAX,Concentration3,mL/L,.0004,mg/L,,mL/L,,03/31/2025
PR0021555,001,00545,"Solids, settleable",0.5,C3,MAX,Concentration3,mL/L,.0005,mg/L,,mL/L,,04/30/2025
PR0021555,001,00545,"Solids, settleable",0.5,C3,MAX,Concentration3,mL/L,.0005,mg/L,,mL/L,,05/31/2025
PR0021555,001,00545,"Solids, settleable",0.4,C3,MAX,Concentration3,mL/L,.0004,mg/L,,mL/L,,06/30/2025
PR0021555,001,00545,"Solids, settleable",0.5,C3,MAX,Concentration3,mL/L,.0005,mg/L,,mL/L,,07/31/2025
PR0021555,001,00545,"Solids, settleable",0.4,C3,MAX,Concentration3,mL/L,.0004,mg/L,,mL/L,,08/31/2025
PR0021555,001,00545,"Solids, settleable",0.4,C3,MAX,Concentration3,mL/L,.0004,mg/L,,mL/L,,09/30/2025
PR0021555,001,00545,"Solids, settleable",0.4,C3,MAX,Concentration3,mL/L,.0004,mg/L,,mL/L,,10/31/2025
PR0021555,001,00545,"Solids, settleable",0.3,C3,MAX,Concentration3,mL/L,.0003,mg/L,,mL/L,,11/30/2025
PR0021555,001,00545,"Solids, settleable",11.6,C3,MAX,Concentration3,mL/L,.0116,mg/L,,mL/L,,12/31/2025
PR0021555,001,00545,"Solids, settleable",0.6,C3,MAX,Concentration3,mL/L,.0006,mg/L,,mL/L,,01/31/2026
PR0021555,001,00556,Oil & Grease,18.4,C3,MAX,Concentration3,mg/L,18.4,mg/L,,mg/L,,01/31/2020
PR0021555,001,00556,Oil & Grease,19.6,C3,MAX,Concentration3,mg/L,19.6,mg/L,,mg/L,,02/29/2020
PR0021555,001,00556,Oil & Grease,18.4,C3,MAX,Concentration3,mg/L,18.4,mg/L,,mg/L,,03/31/2020
PR0021555,001,00556,Oil & Grease,15.6,C3,MAX,Concentration3,mg/L,15.6,mg/L,,mg/L,,04/30/2020
PR0021555,001,00556,Oil & Grease,16,C3,MAX,Concentration3,mg/L,16,mg/L,,mg/L,,05/31/2020
PR0021555,001,00556,Oil & Grease,19.7,C3,MAX,Concentration3,mg/L,19.7,mg/L,,mg/L,,06/30/2020
PR0021555,001,00556,Oil & Grease,19.7,C3,MAX,Concentration3,mg/L,19.7,mg/L,,mg/L,,07/31/2020
PR0021555,001,00556,Oil & Grease,16.2,C3,MAX,Concentration3,mg/L,16.2,mg/L,,mg/L,,08/31/2020
PR0021555,001,00556,Oil & Grease,16.3,C3,MAX,Concentration3,mg/L,16.3,mg/L,,mg/L,,09/30/2020
PR0021555,001,00556,Oil & Grease,15.9,C3,MAX,Concentration3,mg/L,15.9,mg/L,,mg/L,,10/31/2020
PR0021555,001,00556,Oil & Grease,16.6,C3,MAX,Concentration3,mg/L,16.6,mg/L,,mg/L,,11/30/2020
PR0021555,001,00556,Oil & Grease,17.9,C3,MAX,Concentration3,mg/L,17.9,mg/L,,mg/L,,12/31/2020
PR0021555,001,00556,Oil & Grease,18.7,C3,MAX,Concentration3,mg/L,18.7,mg/L,,mg/L,,01/31/2021
PR0021555,001,00556,Oil & Grease,16.6,C3,MAX,Concentration3,mg/L,16.6,mg/L,,mg/L,,02/28/2021
PR0021555,001,00556,Oil & Grease,18.4,C3,MAX,Concentration3,mg/L,18.4,mg/L,,mg/L,,03/31/2021
PR0021555,001,00556,Oil & Grease,18.8,C3,MAX,Concentration3,mg/L,18.8,mg/L,,mg/L,,04/30/2021
PR0021555,001,00556,Oil & Grease,17.5,C3,MAX,Concentration3,mg/L,17.5,mg/L,,mg/L,,05/31/2021
PR0021555,001,00556,Oil & Grease,15.8,C3,MAX,Concentration3,mg/L,15.8,mg/L,,mg/L,,06/30/2021
PR0021555,001,00556,Oil & Grease,18.8,C3,MAX,Concentration3,mg/L,18.8,mg/L,,mg/L,,07/31/2021
PR0021555,001,00556,Oil & Grease,17.8,C3,MAX,Concentration3,mg/L,17.8,mg/L,,mg/L,,08/31/2021
PR0021555,001,00556,Oil & Grease,18.8,C3,MAX,Concentration3,mg/L,18.8,mg/L,,mg/L,,09/30/2021
PR0021555,001,00556,Oil & Grease,17.6,C3,MAX,Concentration3,mg/L,17.6,mg/L,,mg/L,,10/31/2021
PR0021555,001,00556,Oil & Grease,18.1,C3,MAX,Concentration3,mg/L,18.1,mg/L,,mg/L,,11/30/2021
PR0021555,001,00556,Oil & Grease,17.6,C3,MAX,Concentration3,mg/L,17.6,mg/L,,mg/L,,12/31/2021
PR0021555,001,00556,Oil & Grease,23.1,C3,MAX,Concentration3,mg/L,23.1,mg/L,,mg/L,,01/31/2022
PR0021555,001,00556,Oil & Grease,23.5,C3,MAX,Concentration3,mg/L,23.5,mg/L,,mg/L,,02/28/2022
PR0021555,001,00556,Oil & Grease,14.7,C3,MAX,Concentration3,mg/L,14.7,mg/L,,mg/L,,03/31/2022
PR0021555,001,00556,Oil & Grease,17.6,C3,MAX,Concentration3,mg/L,17.6,mg/L,,mg/L,,04/30/2022
PR0021555,001,00556,Oil & Grease,18.3,C3,MAX,Concentration3,mg/L,18.3,mg/L,,mg/L,,05/31/2022
PR0021555,001,00556,Oil & Grease,11.3,C3,MAX,Concentration3,mg/L,11.3,mg/L,,mg/L,,06/30/2022
PR0021555,001,00556,Oil & Grease,19.3,C3,MAX,Concentration3,mg/L,19.3,mg/L,,mg/L,,07/31/2022
PR0021555,001,00556,Oil & Grease,18.4,C3,MAX,Concentration3,mg/L,18.4,mg/L,,mg/L,,08/31/2022
PR0021555,001,00556,Oil & Grease,15.2,C3,MAX,Concentration3,mg/L,15.2,mg/L,,mg/L,,09/30/2022
PR0021555,001,00556,Oil & Grease,18.9,C3,MAX,Concentration3,mg/L,18.9,mg/L,,mg/L,,10/31/2022
PR0021555,001,00556,Oil & Grease,18.5,C3,MAX,Concentration3,mg/L,18.5,mg/L,,mg/L,,11/30/2022
PR0021555,001,00556,Oil & Grease,25.5,C3,MAX,Concentration3,mg/L,25.5,mg/L,,mg/L,,12/31/2022
PR0021555,001,00556,Oil & Grease,21.1,C3,MAX,Concentration3,mg/L,21.1,mg/L,,mg/L,,01/31/2023
PR0021555,001,00556,Oil & Grease,17,C3,MAX,Concentration3,mg/L,17,mg/L,,mg/L,,02/28/2023
PR0021555,001,00556,Oil & Grease,20.2,C3,MAX,Concentration3,mg/L,20.2,mg/L,,mg/L,,03/31/2023
PR0021555,001,00556,Oil & Grease,18.1,C3,MAX,Concentration3,mg/L,18.1,mg/L,,mg/L,,04/30/2023
PR0021555,001,00556,Oil & Grease,22.1,C3,MAX,Concentration3,mg/L,22.1,mg/L,,mg/L,,05/31/2023
PR0021555,001,00556,Oil & Grease,9.3,C3,MAX,Concentration3,mg/L,9.3,mg/L,,mg/L,,06/30/2023
PR0021555,001,00556,Oil & Grease,23.8,C3,MAX,Concentration3,mg/L,23.8,mg/L,,mg/L,,07/31/2023
PR0021555,001,00556,Oil & Grease,14.7,C3,MAX,Concentration3,mg/L,14.7,mg/L,,mg/L,,08/31/2023
PR0021555,001,00556,Oil & Grease,23,C3,MAX,Concentration3,mg/L,23,mg/L,,mg/L,,09/30/2023
PR0021555,001,00556,Oil & Grease,18.4,C3,MAX,Concentration3,mg/L,18.4,mg/L,,mg/L,,10/31/2023
PR0021555,001,00556,Oil & Grease,22.8,C3,MAX,Concentration3,mg/L,22.8,mg/L,,mg/L,,11/30/2023
PR0021555,001,00556,Oil & Grease,17.6,C3,MAX,Concentration3,mg/L,17.6,mg/L,,mg/L,,12/31/2023
PR0021555,001,00556,Oil & Grease,22.6,C3,MAX,Concentration3,mg/L,22.6,mg/L,,mg/L,,01/31/2024
PR0021555,001,00556,Oil & Grease,18.8,C3,MAX,Concentration3,mg/L,18.8,mg/L,,mg/L,,02/29/2024
PR0021555,001,00556,Oil & Grease,15.2,C3,MAX,Concentration3,mg/L,15.2,mg/L,,mg/L,,03/31/2024
PR0021555,001,00556,Oil & Grease,26.8,C3,MAX,Concentration3,mg/L,26.8,mg/L,,mg/L,,04/30/2024
PR0021555,001,00556,Oil & Grease,24.4,C3,MAX,Concentration3,mg/L,24.4,mg/L,,mg/L,,05/31/2024
PR0021555,001,00556,Oil & Grease,6.1,C3,MAX,Concentration3,mg/L,6.1,mg/L,,mg/L,,06/30/2024
PR0021555,001,00556,Oil & Grease,15.5,C3,MAX,Concentration3,mg/L,15.5,mg/L,,mg/L,,07/31/2024
PR0021555,001,00556,Oil & Grease,9.9,C3,MAX,Concentration3,mg/L,9.9,mg/L,,mg/L,,08/31/2024
PR0021555,001,00556,Oil & Grease,12.6,C3,MAX,Concentration3,mg/L,12.6,mg/L,,mg/L,,09/30/2024
PR0021555,001,00556,Oil & Grease,18.8,C3,MAX,Concentration3,mg/L,18.8,mg/L,,mg/L,,10/31/2024
PR0021555,001,00556,Oil & Grease,15.2,C3,MAX,Concentration3,mg/L,15.2,mg/L,,mg/L,,11/30/2024
PR0021555,001,00556,Oil & Grease,19.3,C3,MAX,Concentration3,mg/L,19.3,mg/L,,mg/L,,12/31/2024
PR0021555,001,00556,Oil & Grease,17.2,C3,MAX,Concentration3,mg/L,17.2,mg/L,,mg/L,,01/31/2025
PR0021555,001,00556,Oil & Grease,16.5,C3,MAX,Concentration3,mg/L,16.5,mg/L,,mg/L,,02/28/2025
PR0021555,001,00556,Oil & Grease,18.3,C3,MAX,Concentration3,mg/L,18.3,mg/L,,mg/L,,03/31/2025
PR0021555,001,00556,Oil & Grease,16.1,C3,MAX,Concentration3,mg/L,16.1,mg/L,,mg/L,,04/30/2025
PR0021555,001,00556,Oil & Grease,17.8,C3,MAX,Concentration3,mg/L,17.8,mg/L,,mg/L,,05/31/2025
PR0021555,001,00556,Oil & Grease,15.3,C3,MAX,Concentration3,mg/L,15.3,mg/L,,mg/L,,06/30/2025
PR0021555,001,00556,Oil & Grease,14.2,C3,MAX,Concentration3,mg/L,14.2,mg/L,,mg/L,,07/31/2025
PR0021555,001,00556,Oil & Grease,15.5,C3,MAX,Concentration3,mg/L,15.5,mg/L,,mg/L,,08/31/2025
PR0021555,001,00556,Oil & Grease,15.8,C3,MAX,Concentration3,mg/L,15.8,mg/L,,mg/L,,09/30/2025
PR0021555,001,00556,Oil & Grease,19.8,C3,MAX,Concentration3,mg/L,19.8,mg/L,,mg/L,,10/31/2025
PR0021555,001,00556,Oil & Grease,19.2,C3,MAX,Concentration3,mg/L,19.2,mg/L,,mg/L,,11/30/2025
PR0021555,001,00556,Oil & Grease,22.2,C3,MAX,Concentration3,mg/L,22.2,mg/L,,mg/L,,12/31/2025
PR0021555,001,00556,Oil & Grease,15.6,C3,MAX,Concentration3,mg/L,15.6,mg/L,,mg/L,,01/31/2026
PR0021555,001,00600,"Nitrogen, total [as N]",17,C3,MAX,Concentration3,mg/L,17,mg/L,32.092,mg/L,,01/31/2020
PR0021555,001,00600,"Nitrogen, total [as N]",23,C3,MAX,Concentration3,mg/L,23,mg/L,32.092,mg/L,,02/29/2020
PR0021555,001,00600,"Nitrogen, total [as N]",20,C3,MAX,Concentration3,mg/L,20,mg/L,32.092,mg/L,,03/31/2020
PR0021555,001,00600,"Nitrogen, total [as N]",12,C3,MAX,Concentration3,mg/L,12,mg/L,32.092,mg/L,,04/30/2020
PR0021555,001,00600,"Nitrogen, total [as N]",10,C3,MAX,Concentration3,mg/L,10,mg/L,32.092,mg/L,,05/31/2020
PR0021555,001,00600,"Nitrogen, total [as N]",16,C3,MAX,Concentration3,mg/L,16,mg/L,32.092,mg/L,,06/30/2020
PR0021555,001,00600,"Nitrogen, total [as N]",12,C3,MAX,Concentration3,mg/L,12,mg/L,32.092,mg/L,,07/31/2020
PR0021555,001,00600,"Nitrogen, total [as N]",18,C3,MAX,Concentration3,mg/L,18,mg/L,32.092,mg/L,,08/31/2020
PR0021555,001,00600,"Nitrogen, total [as N]",10,C3,MAX,Concentration3,mg/L,10,mg/L,32.092,mg/L,,09/30/2020
PR0021555,001,00600,"Nitrogen, total [as N]",17,C3,MAX,Concentration3,mg/L,17,mg/L,32.092,mg/L,,10/31/2020
PR0021555,001,00600,"Nitrogen, total [as N]",8,C3,MAX,Concentration3,mg/L,8,mg/L,32.092,mg/L,,11/30/2020
PR0021555,001,00600,"Nitrogen, total [as N]",21,C3,MAX,Concentration3,mg/L,21,mg/L,32.092,mg/L,,12/31/2020
PR0021555,001,00600,"Nitrogen, total [as N]",21,C3,MAX,Concentration3,mg/L,21,mg/L,32.092,mg/L,,01/31/2021
PR0021555,001,00600,"Nitrogen, total [as N]",19,C3,MAX,Concentration3,mg/L,19,mg/L,32.092,mg/L,,02/28/2021
PR0021555,001,00600,"Nitrogen, total [as N]",19,C3,MAX,Concentration3,mg/L,19,mg/L,32.092,mg/L,,03/31/2021
PR0021555,001,00600,"Nitrogen, total [as N]",13,C3,MAX,Concentration3,mg/L,13,mg/L,32.092,mg/L,,04/30/2021
PR0021555,001,00600,"Nitrogen, total [as N]",21,C3,MAX,Concentration3,mg/L,21,mg/L,32.092,mg/L,,05/31/2021
PR0021555,001,00600,"Nitrogen, total [as N]",20,C3,MAX,Concentration3,mg/L,20,mg/L,32.092,mg/L,,06/30/2021
PR0021555,001,00600,"Nitrogen, total [as N]",19,C3,MAX,Concentration3,mg/L,19,mg/L,32.092,mg/L,,07/31/2021
PR0021555,001,00600,"Nitrogen, total [as N]",18,C3,MAX,Concentration3,mg/L,18,mg/L,32.092,mg/L,,08/31/2021
PR0021555,001,00600,"Nitrogen, total [as N]",21,C3,MAX,Concentration3,mg/L,21,mg/L,32.092,mg/L,,09/30/2021
PR0021555,001,00600,"Nitrogen, total [as N]",18,C3,MAX,Concentration3,mg/L,18,mg/L,32.092,mg/L,,10/31/2021
PR0021555,001,00600,"Nitrogen, total [as N]",24960,C3,MAX,Concentration3,ug/L,24.96000119,mg/L,41193,ug/L,,11/30/2021
PR0021555,001,00600,"Nitrogen, total [as N]",20800,C3,MAX,Concentration3,ug/L,20.80000099,mg/L,41193,ug/L,,12/31/2021
PR0021555,001,00600,"Nitrogen, total [as N]",15000,C3,MAX,Concentration3,ug/L,15.00000071,mg/L,41193,ug/L,,01/31/2022
PR0021555,001,00600,"Nitrogen, total [as N]",17770,C3,MAX,Concentration3,ug/L,17.77000084,mg/L,41193,ug/L,,02/28/2022
PR0021555,001,00600,"Nitrogen, total [as N]",20600,C3,MAX,Concentration3,ug/L,20.60000098,mg/L,41193,ug/L,,03/31/2022
PR0021555,001,00600,"Nitrogen, total [as N]",18500,C3,MAX,Concentration3,ug/L,18.50000088,mg/L,41193,ug/L,,04/30/2022
PR0021555,001,00600,"Nitrogen, total [as N]",22140,C3,MAX,Concentration3,ug/L,22.14000105,mg/L,41193,ug/L,,05/31/2022
PR0021555,001,00600,"Nitrogen, total [as N]",21300,C3,MAX,Concentration3,ug/L,21.30000101,mg/L,41193,ug/L,,06/30/2022
PR0021555,001,00600,"Nitrogen, total [as N]",17650,C3,MAX,Concentration3,ug/L,17.65000084,mg/L,41193,ug/L,,07/31/2022
PR0021555,001,00600,"Nitrogen, total [as N]",15800,C3,MAX,Concentration3,ug/L,15.80000075,mg/L,41193,ug/L,,08/31/2022
PR0021555,001,00600,"Nitrogen, total [as N]",1080,C3,MAX,Concentration3,ug/L,1.08000005,mg/L,41193,ug/L,,09/30/2022
PR0021555,001,00600,"Nitrogen, total [as N]",21440,C3,MAX,Concentration3,ug/L,21.44000102,mg/L,41193,ug/L,,10/31/2022
PR0021555,001,00600,"Nitrogen, total [as N]",17350,C3,MAX,Concentration3,ug/L,17.35000082,mg/L,41193,ug/L,,11/30/2022
PR0021555,001,00600,"Nitrogen, total [as N]",24920,C3,MAX,Concentration3,ug/L,24.92000118,mg/L,41193,ug/L,,12/31/2022
PR0021555,001,00600,"Nitrogen, total [as N]",22878,C3,MAX,Concentration3,ug/L,22.87800109,mg/L,41193,ug/L,,01/31/2023
PR0021555,001,00600,"Nitrogen, total [as N]",21600,C3,MAX,Concentration3,ug/L,21.60000103,mg/L,41193,ug/L,,02/28/2023
PR0021555,001,00600,"Nitrogen, total [as N]",23130,C3,MAX,Concentration3,ug/L,23.1300011,mg/L,41193,ug/L,,03/31/2023
PR0021555,001,00600,"Nitrogen, total [as N]",38980,C3,MAX,Concentration3,ug/L,38.98000185,mg/L,41193,ug/L,,04/30/2023
PR0021555,001,00600,"Nitrogen, total [as N]",21830,C3,MAX,Concentration3,ug/L,21.83000104,mg/L,41193,ug/L,,05/31/2023
PR0021555,001,00600,"Nitrogen, total [as N]",24300,C3,MAX,Concentration3,ug/L,24.30000115,mg/L,41193,ug/L,,06/30/2023
PR0021555,001,00600,"Nitrogen, total [as N]",15100,C3,MAX,Concentration3,ug/L,15.10000072,mg/L,41193,ug/L,,07/31/2023
PR0021555,001,00600,"Nitrogen, total [as N]",30340,C3,MAX,Concentration3,ug/L,30.34000144,mg/L,41193,ug/L,,08/31/2023
PR0021555,001,00600,"Nitrogen, total [as N]",33840,C3,MAX,Concentration3,ug/L,33.84000161,mg/L,41193,ug/L,,09/30/2023
PR0021555,001,00600,"Nitrogen, total [as N]",24020,C3,MAX,Concentration3,ug/L,24.02000114,mg/L,41193,ug/L,,10/31/2023
PR0021555,001,00600,"Nitrogen, total [as N]",23440,C3,MAX,Concentration3,ug/L,23.44000111,mg/L,41193,ug/L,,11/30/2023
PR0021555,001,00600,"Nitrogen, total [as N]",30560,C3,MAX,Concentration3,ug/L,30.56000145,mg/L,41193,ug/L,,12/31/2023
PR0021555,001,00600,"Nitrogen, total [as N]",28960,C3,MAX,Concentration3,ug/L,28.96000138,mg/L,41193,ug/L,,01/31/2024
PR0021555,001,00600,"Nitrogen, total [as N]",27760,C3,MAX,Concentration3,ug/L,27.76000132,mg/L,41193,ug/L,,02/29/2024
PR0021555,001,00600,"Nitrogen, total [as N]",24000,C3,MAX,Concentration3,ug/L,24.00000114,mg/L,41193,ug/L,,03/31/2024
PR0021555,001,00600,"Nitrogen, total [as N]",27800,C3,MAX,Concentration3,ug/L,27.80000132,mg/L,41193,ug/L,,04/30/2024
PR0021555,001,00600,"Nitrogen, total [as N]",18300,C3,MAX,Concentration3,ug/L,18.30000087,mg/L,41193,ug/L,,05/31/2024
PR0021555,001,00600,"Nitrogen, total [as N]",23270,C3,MAX,Concentration3,ug/L,23.27000111,mg/L,41193,ug/L,,06/30/2024
PR0021555,001,00600,"Nitrogen, total [as N]",27790,C3,MAX,Concentration3,ug/L,27.79000132,mg/L,41193,ug/L,,07/31/2024
PR0021555,001,00600,"Nitrogen, total [as N]",12800,C3,MAX,Concentration3,ug/L,12.80000061,mg/L,41193,ug/L,,08/31/2024
PR0021555,001,00600,"Nitrogen, total [as N]",20800,C3,MAX,Concentration3,ug/L,20.80000099,mg/L,41193,ug/L,,09/30/2024
PR0021555,001,00600,"Nitrogen, total [as N]",24200,C3,MAX,Concentration3,ug/L,24.20000115,mg/L,41193,ug/L,,10/31/2024
PR0021555,001,00600,"Nitrogen, total [as N]",8440,C3,MAX,Concentration3,ug/L,8.4400004,mg/L,41193,ug/L,,11/30/2024
PR0021555,001,00600,"Nitrogen, total [as N]",23060,C3,MAX,Concentration3,ug/L,23.0600011,mg/L,41193,ug/L,,12/31/2024
PR0021555,001,00600,"Nitrogen, total [as N]",24400,C3,MAX,Concentration3,ug/L,24.40000116,mg/L,41193,ug/L,,01/31/2025
PR0021555,001,00600,"Nitrogen, total [as N]",24400,C3,MAX,Concentration3,ug/L,24.40000116,mg/L,41193,ug/L,,02/28/2025
PR0021555,001,00600,"Nitrogen, total [as N]",24800,C3,MAX,Concentration3,ug/L,24.80000118,mg/L,41193,ug/L,,03/31/2025
PR0021555,001,00600,"Nitrogen, total [as N]",23190,C3,MAX,Concentration3,ug/L,23.1900011,mg/L,41193,ug/L,,04/30/2025
PR0021555,001,00600,"Nitrogen, total [as N]",26600,C3,MAX,Concentration3,ug/L,26.60000126,mg/L,41193,ug/L,,05/31/2025
PR0021555,001,00600,"Nitrogen, total [as N]",22400,C3,MAX,Concentration3,ug/L,22.40000106,mg/L,41193,ug/L,,06/30/2025
PR0021555,001,00600,"Nitrogen, total [as N]",30140,C3,MAX,Concentration3,ug/L,30.14000143,mg/L,41193,ug/L,,07/31/2025
PR0021555,001,00600,"Nitrogen, total [as N]",27110,C3,MAX,Concentration3,ug/L,27.11000129,mg/L,41193,ug/L,,08/31/2025
PR0021555,001,00600,"Nitrogen, total [as N]",24960,C3,MAX,Concentration3,ug/L,24.96000119,mg/L,41193,ug/L,,09/30/2025
PR0021555,001,00600,"Nitrogen, total [as N]",19100,C3,MAX,Concentration3,ug/L,19.10000091,mg/L,41193,ug/L,,10/31/2025
PR0021555,001,00600,"Nitrogen, total [as N]",22500,C3,MAX,Concentration3,ug/L,22.50000107,mg/L,41193,ug/L,,11/30/2025
PR0021555,001,00600,"Nitrogen, total [as N]",24830,C3,MAX,Concentration3,ug/L,24.83000118,mg/L,41193,ug/L,,12/31/2025
PR0021555,001,00600,"Nitrogen, total [as N]",20200,C3,MAX,Concentration3,ug/L,20.20000096,mg/L,41193,ug/L,,01/31/2026
PR0021555,001,01027,"Cadmium, total [as Cd]",0.5,C3,MAX,Concentration3,ug/L,.0005,mg/L,,ug/L,,01/31/2020
PR0021555,001,01027,"Cadmium, total [as Cd]",0.5,C3,MAX,Concentration3,ug/L,.0005,mg/L,,ug/L,,02/29/2020
PR0021555,001,01027,"Cadmium, total [as Cd]",0.5,C3,MAX,Concentration3,ug/L,.0005,mg/L,,ug/L,,03/31/2020
PR0021555,001,01027,"Cadmium, total [as Cd]",0.5,C3,MAX,Concentration3,ug/L,.0005,mg/L,,ug/L,,04/30/2020
PR0021555,001,01027,"Cadmium, total [as Cd]",0.5,C3,MAX,Concentration3,ug/L,.0005,mg/L,,ug/L,,05/31/2020
PR0021555,001,01027,"Cadmium, total [as Cd]",0.5,C3,MAX,Concentration3,ug/L,.0005,mg/L,,ug/L,,06/30/2020
PR0021555,001,01027,"Cadmium, total [as Cd]",0.5,C3,MAX,Concentration3,ug/L,.0005,mg/L,,ug/L,,07/31/2020
PR0021555,001,01027,"Cadmium, total [as Cd]",0.5,C3,MAX,Concentration3,ug/L,.0005,mg/L,,ug/L,,08/31/2020
PR0021555,001,01027,"Cadmium, total [as Cd]",0.5,C3,MAX,Concentration3,ug/L,.0005,mg/L,,ug/L,,09/30/2020
PR0021555,001,01027,"Cadmium, total [as Cd]",0.5,C3,MAX,Concentration3,ug/L,.0005,mg/L,,ug/L,,10/31/2020
PR0021555,001,01027,"Cadmium, total [as Cd]",0.5,C3,MAX,Concentration3,ug/L,.0005,mg/L,,ug/L,,11/30/2020
PR0021555,001,01027,"Cadmium, total [as Cd]",0.5,C3,MAX,Concentration3,ug/L,.0005,mg/L,,ug/L,,12/31/2020
PR0021555,001,01027,"Cadmium, total [as Cd]",0.5,C3,MAX,Concentration3,ug/L,.0005,mg/L,,ug/L,,01/31/2021
PR0021555,001,01027,"Cadmium, total [as Cd]",0.5,C3,MAX,Concentration3,ug/L,.0005,mg/L,,ug/L,,02/28/2021
PR0021555,001,01027,"Cadmium, total [as Cd]",0.5,C3,MAX,Concentration3,ug/L,.0005,mg/L,,ug/L,,03/31/2021
PR0021555,001,01027,"Cadmium, total [as Cd]",0.5,C3,MAX,Concentration3,ug/L,.0005,mg/L,,ug/L,,04/30/2021
PR0021555,001,01027,"Cadmium, total [as Cd]",0.5,C3,MAX,Concentration3,ug/L,.0005,mg/L,,ug/L,,05/31/2021
PR0021555,001,01027,"Cadmium, total [as Cd]",0.5,C3,MAX,Concentration3,ug/L,.0005,mg/L,,ug/L,,06/30/2021
PR0021555,001,01027,"Cadmium, total [as Cd]",0.5,C3,MAX,Concentration3,ug/L,.0005,mg/L,,ug/L,,07/31/2021
PR0021555,001,01027,"Cadmium, total [as Cd]",0.8,C3,MAX,Concentration3,ug/L,.0008,mg/L,,ug/L,,08/31/2021
PR0021555,001,01027,"Cadmium, total [as Cd]",0.5,C3,MAX,Concentration3,ug/L,.0005,mg/L,,ug/L,,09/30/2021
PR0021555,001,01027,"Cadmium, total [as Cd]",0.5,C3,MAX,Concentration3,ug/L,.0005,mg/L,,ug/L,,10/31/2021
PR0021555,001,01027,"Cadmium, total [as Cd]",0.5,C3,MAX,Concentration3,ug/L,.0005,mg/L,,ug/L,,11/30/2021
PR0021555,001,01027,"Cadmium, total [as Cd]",0.5,C3,MAX,Concentration3,ug/L,.0005,mg/L,,ug/L,,12/31/2021
PR0021555,001,01027,"Cadmium, total [as Cd]",0.5,C3,MAX,Concentration3,ug/L,.0005,mg/L,,ug/L,,01/31/2022
PR0021555,001,01027,"Cadmium, total [as Cd]",0.5,C3,MAX,Concentration3,ug/L,.0005,mg/L,,ug/L,,02/28/2022
PR0021555,001,01027,"Cadmium, total [as Cd]",0.5,C3,MAX,Concentration3,ug/L,.0005,mg/L,,ug/L,,03/31/2022
PR0021555,001,01027,"Cadmium, total [as Cd]",0.5,C3,MAX,Concentration3,ug/L,.0005,mg/L,,ug/L,,04/30/2022
PR0021555,001,01027,"Cadmium, total [as Cd]",0.5,C3,MAX,Concentration3,ug/L,.0005,mg/L,,ug/L,,05/31/2022
PR0021555,001,01027,"Cadmium, total [as Cd]",0.5,C3,MAX,Concentration3,ug/L,.0005,mg/L,,ug/L,,06/30/2022
PR0021555,001,01027,"Cadmium, total [as Cd]",0.5,C3,MAX,Concentration3,ug/L,.0005,mg/L,,ug/L,,07/31/2022
PR0021555,001,01027,"Cadmium, total [as Cd]",0.5,C3,MAX,Concentration3,ug/L,.0005,mg/L,,ug/L,,08/31/2022
PR0021555,001,01027,"Cadmium, total [as Cd]",0.5,C3,MAX,Concentration3,ug/L,.0005,mg/L,,ug/L,,09/30/2022
PR0021555,001,01027,"Cadmium, total [as Cd]",0.5,C3,MAX,Concentration3,ug/L,.0005,mg/L,,ug/L,,10/31/2022
PR0021555,001,01027,"Cadmium, total [as Cd]",0.5,C3,MAX,Concentration3,ug/L,.0005,mg/L,,ug/L,,11/30/2022
PR0021555,001,01027,"Cadmium, total [as Cd]",0.5,C3,MAX,Concentration3,ug/L,.0005,mg/L,,ug/L,,12/31/2022
PR0021555,001,01027,"Cadmium, total [as Cd]",0.5,C3,MAX,Concentration3,ug/L,.0005,mg/L,,ug/L,,01/31/2023
PR0021555,001,01027,"Cadmium, total [as Cd]",0.5,C3,MAX,Concentration3,ug/L,.0005,mg/L,,ug/L,,02/28/2023
PR0021555,001,01027,"Cadmium, total [as Cd]",0.5,C3,MAX,Concentration3,ug/L,.0005,mg/L,,ug/L,,03/31/2023
PR0021555,001,01027,"Cadmium, total [as Cd]",0.5,C3,MAX,Concentration3,ug/L,.0005,mg/L,,ug/L,,04/30/2023
PR0021555,001,01027,"Cadmium, total [as Cd]",0.5,C3,MAX,Concentration3,ug/L,.0005,mg/L,,ug/L,,05/31/2023
PR0021555,001,01027,"Cadmium, total [as Cd]",0.5,C3,MAX,Concentration3,ug/L,.0005,mg/L,,ug/L,,06/30/2023
PR0021555,001,01027,"Cadmium, total [as Cd]",0.5,C3,MAX,Concentration3,ug/L,.0005,mg/L,,ug/L,,07/31/2023
PR0021555,001,01027,"Cadmium, total [as Cd]",0.5,C3,MAX,Concentration3,ug/L,.0005,mg/L,,ug/L,,08/31/2023
PR0021555,001,01027,"Cadmium, total [as Cd]",0.5,C3,MAX,Concentration3,ug/L,.0005,mg/L,,ug/L,,09/30/2023
PR0021555,001,01027,"Cadmium, total [as Cd]",0.5,C3,MAX,Concentration3,ug/L,.0005,mg/L,,ug/L,,10/31/2023
PR0021555,001,01027,"Cadmium, total [as Cd]",0.5,C3,MAX,Concentration3,ug/L,.0005,mg/L,,ug/L,,11/30/2023
PR0021555,001,01027,"Cadmium, total [as Cd]",0.5,C3,MAX,Concentration3,ug/L,.0005,mg/L,,ug/L,,12/31/2023
PR0021555,001,01027,"Cadmium, total [as Cd]",0.5,C3,MAX,Concentration3,ug/L,.0005,mg/L,,ug/L,,01/31/2024
PR0021555,001,01027,"Cadmium, total [as Cd]",0.5,C3,MAX,Concentration3,ug/L,.0005,mg/L,,ug/L,,02/29/2024
PR0021555,001,01027,"Cadmium, total [as Cd]",0.041,C3,MAX,Concentration3,ug/L,.000041,mg/L,,ug/L,,03/31/2024
PR0021555,001,01027,"Cadmium, total [as Cd]",0.03,C3,MAX,Concentration3,ug/L,.00003,mg/L,,ug/L,,04/30/2024
PR0021555,001,01027,"Cadmium, total [as Cd]",0.005,C3,MAX,Concentration3,ug/L,.000005,mg/L,,ug/L,,05/31/2024
PR0021555,001,01027,"Cadmium, total [as Cd]",0.005,C3,MAX,Concentration3,ug/L,.000005,mg/L,,ug/L,,06/30/2024
PR0021555,001,01027,"Cadmium, total [as Cd]",0.028,C3,MAX,Concentration3,ug/L,.000028,mg/L,,ug/L,,07/31/2024
PR0021555,001,01027,"Cadmium, total [as Cd]",0.005,C3,MAX,Concentration3,ug/L,.000005,mg/L,,ug/L,,08/31/2024
PR0021555,001,01027,"Cadmium, total [as Cd]",0.117,C3,MAX,Concentration3,ug/L,.000117,mg/L,,ug/L,,09/30/2024
PR0021555,001,01027,"Cadmium, total [as Cd]",0.005,C3,MAX,Concentration3,ug/L,.000005,mg/L,,ug/L,,10/31/2024
PR0021555,001,01027,"Cadmium, total [as Cd]",0.03,C3,MAX,Concentration3,ug/L,.00003,mg/L,,ug/L,,11/30/2024
PR0021555,001,01027,"Cadmium, total [as Cd]",0.047,C3,MAX,Concentration3,ug/L,.000047,mg/L,,ug/L,,12/31/2024
PR0021555,001,01027,"Cadmium, total [as Cd]",0.025,C3,MAX,Concentration3,ug/L,.000025,mg/L,,ug/L,,01/31/2025
PR0021555,001,01027,"Cadmium, total [as Cd]",0.026,C3,MAX,Concentration3,ug/L,.000026,mg/L,,ug/L,,02/28/2025
PR0021555,001,01027,"Cadmium, total [as Cd]",0.046,C3,MAX,Concentration3,ug/L,.000046,mg/L,,ug/L,,03/31/2025
PR0021555,001,01027,"Cadmium, total [as Cd]",0.035,C3,MAX,Concentration3,ug/L,.000035,mg/L,,ug/L,,04/30/2025
PR0021555,001,01027,"Cadmium, total [as Cd]",0.031,C3,MAX,Concentration3,ug/L,.000031,mg/L,,ug/L,,05/31/2025
PR0021555,001,01027,"Cadmium, total [as Cd]",0.05,C3,MAX,Concentration3,ug/L,.00005,mg/L,,ug/L,,06/30/2025
PR0021555,001,01027,"Cadmium, total [as Cd]",0.05,C3,MAX,Concentration3,ug/L,.00005,mg/L,,ug/L,,07/31/2025
PR0021555,001,01027,"Cadmium, total [as Cd]",0.05,C3,MAX,Concentration3,ug/L,.00005,mg/L,,ug/L,,08/31/2025
PR0021555,001,01027,"Cadmium, total [as Cd]",0.05,C3,MAX,Concentration3,ug/L,.00005,mg/L,,ug/L,,09/30/2025
PR0021555,001,01027,"Cadmium, total [as Cd]",0.05,C3,MAX,Concentration3,ug/L,.00005,mg/L,,ug/L,,10/31/2025
PR0021555,001,01027,"Cadmium, total [as Cd]",0.05,C3,MAX,Concentration3,ug/L,.00005,mg/L,,ug/L,,11/30/2025
PR0021555,001,01027,"Cadmium, total [as Cd]",0.05,C3,MAX,Concentration3,ug/L,.00005,mg/L,,ug/L,,12/31/2025
PR0021555,001,01027,"Cadmium, total [as Cd]",0.05,C3,MAX,Concentration3,ug/L,.00005,mg/L,,ug/L,,01/31/2026
PR0021555,001,01042,"Copper, total [as Cu]",25,C3,MAX,Concentration3,ug/L,.025,mg/L,207.7,ug/L,,01/31/2020
PR0021555,001,01042,"Copper, total [as Cu]",51,C3,MAX,Concentration3,ug/L,.051,mg/L,207.7,ug/L,,02/29/2020
PR0021555,001,01042,"Copper, total [as Cu]",20,C3,MAX,Concentration3,ug/L,.02,mg/L,207.7,ug/L,,03/31/2020
PR0021555,001,01042,"Copper, total [as Cu]",15,C3,MAX,Concentration3,ug/L,.015,mg/L,207.7,ug/L,,04/30/2020
PR0021555,001,01042,"Copper, total [as Cu]",21,C3,MAX,Concentration3,ug/L,.021,mg/L,207.7,ug/L,,05/31/2020
PR0021555,001,01042,"Copper, total [as Cu]",22,C3,MAX,Concentration3,ug/L,.022,mg/L,207.7,ug/L,,06/30/2020
PR0021555,001,01042,"Copper, total [as Cu]",22,C3,MAX,Concentration3,ug/L,.022,mg/L,207.7,ug/L,,07/31/2020
PR0021555,001,01042,"Copper, total [as Cu]",22,C3,MAX,Concentration3,ug/L,.022,mg/L,207.7,ug/L,,08/31/2020
PR0021555,001,01042,"Copper, total [as Cu]",39,C3,MAX,Concentration3,ug/L,.039,mg/L,207.7,ug/L,,09/30/2020
PR0021555,001,01042,"Copper, total [as Cu]",23,C3,MAX,Concentration3,ug/L,.023,mg/L,207.7,ug/L,,10/31/2020
PR0021555,001,01042,"Copper, total [as Cu]",20,C3,MAX,Concentration3,ug/L,.02,mg/L,207.7,ug/L,,11/30/2020
PR0021555,001,01042,"Copper, total [as Cu]",21,C3,MAX,Concentration3,ug/L,.021,mg/L,207.7,ug/L,,12/31/2020
PR0021555,001,01042,"Copper, total [as Cu]",28,C3,MAX,Concentration3,ug/L,.028,mg/L,207.7,ug/L,,01/31/2021
PR0021555,001,01042,"Copper, total [as Cu]",16,C3,MAX,Concentration3,ug/L,.016,mg/L,207.7,ug/L,,02/28/2021
PR0021555,001,01042,"Copper, total [as Cu]",26,C3,MAX,Concentration3,ug/L,.026,mg/L,207.7,ug/L,,03/31/2021
PR0021555,001,01042,"Copper, total [as Cu]",16,C3,MAX,Concentration3,ug/L,.016,mg/L,207.7,ug/L,,04/30/2021
PR0021555,001,01042,"Copper, total [as Cu]",19,C3,MAX,Concentration3,ug/L,.019,mg/L,207.7,ug/L,,05/31/2021
PR0021555,001,01042,"Copper, total [as Cu]",27,C3,MAX,Concentration3,ug/L,.027,mg/L,207.7,ug/L,,06/30/2021
PR0021555,001,01042,"Copper, total [as Cu]",19,C3,MAX,Concentration3,ug/L,.019,mg/L,207.7,ug/L,,07/31/2021
PR0021555,001,01042,"Copper, total [as Cu]",30,C3,MAX,Concentration3,ug/L,.03,mg/L,207.7,ug/L,,08/31/2021
PR0021555,001,01042,"Copper, total [as Cu]",37,C3,MAX,Concentration3,ug/L,.037,mg/L,207.7,ug/L,,09/30/2021
PR0021555,001,01042,"Copper, total [as Cu]",27,C3,MAX,Concentration3,ug/L,.027,mg/L,207.7,ug/L,,10/31/2021
PR0021555,001,01042,"Copper, total [as Cu]",23,C3,MAX,Concentration3,ug/L,.023,mg/L,60,ug/L,,11/30/2021
PR0021555,001,01042,"Copper, total [as Cu]",30,C3,MAX,Concentration3,ug/L,.03,mg/L,60,ug/L,,12/31/2021
PR0021555,001,01042,"Copper, total [as Cu]",12,C3,MAX,Concentration3,ug/L,.012,mg/L,60,ug/L,,01/31/2022
PR0021555,001,01042,"Copper, total [as Cu]",28,C3,MAX,Concentration3,ug/L,.028,mg/L,60,ug/L,,02/28/2022
PR0021555,001,01042,"Copper, total [as Cu]",23,C3,MAX,Concentration3,ug/L,.023,mg/L,60,ug/L,,03/31/2022
PR0021555,001,01042,"Copper, total [as Cu]",30,C3,MAX,Concentration3,ug/L,.03,mg/L,60,ug/L,,04/30/2022
PR0021555,001,01042,"Copper, total [as Cu]",26,C3,MAX,Concentration3,ug/L,.026,mg/L,60,ug/L,,05/31/2022
PR0021555,001,01042,"Copper, total [as Cu]",27,C3,MAX,Concentration3,ug/L,.027,mg/L,60,ug/L,,06/30/2022
PR0021555,001,01042,"Copper, total [as Cu]",33,C3,MAX,Concentration3,ug/L,.033,mg/L,60,ug/L,,07/31/2022
PR0021555,001,01042,"Copper, total [as Cu]",23,C3,MAX,Concentration3,ug/L,.023,mg/L,60,ug/L,,08/31/2022
PR0021555,001,01042,"Copper, total [as Cu]",30,C3,MAX,Concentration3,ug/L,.03,mg/L,60,ug/L,,09/30/2022
PR0021555,001,01042,"Copper, total [as Cu]",26,C3,MAX,Concentration3,ug/L,.026,mg/L,60,ug/L,,10/31/2022
PR0021555,001,01042,"Copper, total [as Cu]",21,C3,MAX,Concentration3,ug/L,.021,mg/L,60,ug/L,,11/30/2022
PR0021555,001,01042,"Copper, total [as Cu]",31,C3,MAX,Concentration3,ug/L,.031,mg/L,60,ug/L,,12/31/2022
PR0021555,001,01042,"Copper, total [as Cu]",22.1,C3,MAX,Concentration3,ug/L,.0221,mg/L,60,ug/L,,01/31/2023
PR0021555,001,01042,"Copper, total [as Cu]",26,C3,MAX,Concentration3,ug/L,.026,mg/L,60,ug/L,,02/28/2023
PR0021555,001,01042,"Copper, total [as Cu]",26,C3,MAX,Concentration3,ug/L,.026,mg/L,60,ug/L,,03/31/2023
PR0021555,001,01042,"Copper, total [as Cu]",35,C3,MAX,Concentration3,ug/L,.035,mg/L,60,ug/L,,04/30/2023
PR0021555,001,01042,"Copper, total [as Cu]",27,C3,MAX,Concentration3,ug/L,.027,mg/L,60,ug/L,,05/31/2023
PR0021555,001,01042,"Copper, total [as Cu]",34,C3,MAX,Concentration3,ug/L,.034,mg/L,60,ug/L,,06/30/2023
PR0021555,001,01042,"Copper, total [as Cu]",26,C3,MAX,Concentration3,ug/L,.026,mg/L,60,ug/L,,07/31/2023
PR0021555,001,01042,"Copper, total [as Cu]",31,C3,MAX,Concentration3,ug/L,.031,mg/L,60,ug/L,,08/31/2023
PR0021555,001,01042,"Copper, total [as Cu]",35,C3,MAX,Concentration3,ug/L,.035,mg/L,60,ug/L,,09/30/2023
PR0021555,001,01042,"Copper, total [as Cu]",31,C3,MAX,Concentration3,ug/L,.031,mg/L,60,ug/L,,10/31/2023
PR0021555,001,01042,"Copper, total [as Cu]",27,C3,MAX,Concentration3,ug/L,.027,mg/L,60,ug/L,,11/30/2023
PR0021555,001,01042,"Copper, total [as Cu]",28,C3,MAX,Concentration3,ug/L,.028,mg/L,60,ug/L,,12/31/2023
PR0021555,001,01042,"Copper, total [as Cu]",34,C3,MAX,Concentration3,ug/L,.034,mg/L,60,ug/L,,01/31/2024
PR0021555,001,01042,"Copper, total [as Cu]",29,C3,MAX,Concentration3,ug/L,.029,mg/L,60,ug/L,,02/29/2024
PR0021555,001,01042,"Copper, total [as Cu]",22.96,C3,MAX,Concentration3,ug/L,.02296,mg/L,60,ug/L,,03/31/2024
PR0021555,001,01042,"Copper, total [as Cu]",21.62,C3,MAX,Concentration3,ug/L,.02162,mg/L,60,ug/L,,04/30/2024
PR0021555,001,01042,"Copper, total [as Cu]",16.5,C3,MAX,Concentration3,ug/L,.0165,mg/L,60,ug/L,,05/31/2024
PR0021555,001,01042,"Copper, total [as Cu]",25.81,C3,MAX,Concentration3,ug/L,.02581,mg/L,60,ug/L,,06/30/2024
PR0021555,001,01042,"Copper, total [as Cu]",26.63,C3,MAX,Concentration3,ug/L,.02663,mg/L,60,ug/L,,07/31/2024
PR0021555,001,01042,"Copper, total [as Cu]",18.67,C3,MAX,Concentration3,ug/L,.01867,mg/L,60,ug/L,,08/31/2024
PR0021555,001,01042,"Copper, total [as Cu]",28.83,C3,MAX,Concentration3,ug/L,.02883,mg/L,60,ug/L,,09/30/2024
PR0021555,001,01042,"Copper, total [as Cu]",24.57,C3,MAX,Concentration3,ug/L,.02457,mg/L,60,ug/L,,10/31/2024
PR0021555,001,01042,"Copper, total [as Cu]",15.84,C3,MAX,Concentration3,ug/L,.01584,mg/L,60,ug/L,,11/30/2024
PR0021555,001,01042,"Copper, total [as Cu]",24.2,C3,MAX,Concentration3,ug/L,.0242,mg/L,60,ug/L,,12/31/2024
PR0021555,001,01042,"Copper, total [as Cu]",29,C3,MAX,Concentration3,ug/L,.029,mg/L,60,ug/L,,01/31/2025
PR0021555,001,01042,"Copper, total [as Cu]",20.06,C3,MAX,Concentration3,ug/L,.02006,mg/L,60,ug/L,,02/28/2025
PR0021555,001,01042,"Copper, total [as Cu]",24.2,C3,MAX,Concentration3,ug/L,.0242,mg/L,60,ug/L,,03/31/2025
PR0021555,001,01042,"Copper, total [as Cu]",23.02,C3,MAX,Concentration3,ug/L,.02302,mg/L,60,ug/L,,04/30/2025
PR0021555,001,01042,"Copper, total [as Cu]",25.25,C3,MAX,Concentration3,ug/L,.02525,mg/L,60,ug/L,,05/31/2025
PR0021555,001,01042,"Copper, total [as Cu]",24.65,C3,MAX,Concentration3,ug/L,.02465,mg/L,60,ug/L,,06/30/2025
PR0021555,001,01042,"Copper, total [as Cu]",24,C3,MAX,Concentration3,ug/L,.024,mg/L,60,ug/L,,07/31/2025
PR0021555,001,01042,"Copper, total [as Cu]",24.37,C3,MAX,Concentration3,ug/L,.02437,mg/L,60,ug/L,,08/31/2025
PR0021555,001,01042,"Copper, total [as Cu]",23.69,C3,MAX,Concentration3,ug/L,.02369,mg/L,60,ug/L,,09/30/2025
PR0021555,001,01042,"Copper, total [as Cu]",19.87,C3,MAX,Concentration3,ug/L,.01987,mg/L,60,ug/L,,10/31/2025
PR0021555,001,01042,"Copper, total [as Cu]",23.47,C3,MAX,Concentration3,ug/L,.02347,mg/L,60,ug/L,,11/30/2025
PR0021555,001,01042,"Copper, total [as Cu]",25.59,C3,MAX,Concentration3,ug/L,.02559,mg/L,60,ug/L,,12/31/2025
PR0021555,001,01042,"Copper, total [as Cu]",18.59,C3,MAX,Concentration3,ug/L,.01859,mg/L,60,ug/L,,01/31/2026
PR0021555,001,01051,"Lead, total [as Pb]",3,C3,MAX,Concentration3,ug/L,.003,mg/L,15.1,ug/L,,01/31/2020
PR0021555,001,01051,"Lead, total [as Pb]",3,C3,MAX,Concentration3,ug/L,.003,mg/L,15.1,ug/L,,02/29/2020
PR0021555,001,01051,"Lead, total [as Pb]",2.9,C3,MAX,Concentration3,ug/L,.0029,mg/L,15.1,ug/L,,03/31/2020
PR0021555,001,01051,"Lead, total [as Pb]",1.9,C3,MAX,Concentration3,ug/L,.0019,mg/L,15.1,ug/L,,04/30/2020
PR0021555,001,01051,"Lead, total [as Pb]",1.9,C3,MAX,Concentration3,ug/L,.0019,mg/L,15.1,ug/L,,05/31/2020
PR0021555,001,01051,"Lead, total [as Pb]",1.9,C3,MAX,Concentration3,ug/L,.0019,mg/L,15.1,ug/L,,06/30/2020
PR0021555,001,01051,"Lead, total [as Pb]",10,C3,MAX,Concentration3,ug/L,.01,mg/L,15.1,ug/L,,07/31/2020
PR0021555,001,01051,"Lead, total [as Pb]",10,C3,MAX,Concentration3,ug/L,.01,mg/L,15.1,ug/L,,08/31/2020
PR0021555,001,01051,"Lead, total [as Pb]",15,C3,MAX,Concentration3,ug/L,.015,mg/L,15.1,ug/L,,09/30/2020
PR0021555,001,01051,"Lead, total [as Pb]",15,C3,MAX,Concentration3,ug/L,.015,mg/L,15.1,ug/L,,10/31/2020
PR0021555,001,01051,"Lead, total [as Pb]",15,C3,MAX,Concentration3,ug/L,.015,mg/L,15.1,ug/L,,11/30/2020
PR0021555,001,01051,"Lead, total [as Pb]",15,C3,MAX,Concentration3,ug/L,.015,mg/L,15.1,ug/L,,12/31/2020
PR0021555,001,01051,"Lead, total [as Pb]",15,C3,MAX,Concentration3,ug/L,.015,mg/L,15.1,ug/L,,01/31/2021
PR0021555,001,01051,"Lead, total [as Pb]",15,C3,MAX,Concentration3,ug/L,.015,mg/L,15.1,ug/L,,02/28/2021
PR0021555,001,01051,"Lead, total [as Pb]",15,C3,MAX,Concentration3,ug/L,.015,mg/L,15.1,ug/L,,03/31/2021
PR0021555,001,01051,"Lead, total [as Pb]",15,C3,MAX,Concentration3,ug/L,.015,mg/L,15.1,ug/L,,04/30/2021
PR0021555,001,01051,"Lead, total [as Pb]",15,C3,MAX,Concentration3,ug/L,.015,mg/L,15.1,ug/L,,05/31/2021
PR0021555,001,01051,"Lead, total [as Pb]",15,C3,MAX,Concentration3,ug/L,.015,mg/L,15.1,ug/L,,06/30/2021
PR0021555,001,01051,"Lead, total [as Pb]",1.8,C3,MAX,Concentration3,ug/L,.0018,mg/L,15.1,ug/L,,07/31/2021
PR0021555,001,01051,"Lead, total [as Pb]",1.8,C3,MAX,Concentration3,ug/L,.0018,mg/L,15.1,ug/L,,08/31/2021
PR0021555,001,01051,"Lead, total [as Pb]",1.4,C3,MAX,Concentration3,ug/L,.0014,mg/L,15.1,ug/L,,09/30/2021
PR0021555,001,01051,"Lead, total [as Pb]",1.4,C3,MAX,Concentration3,ug/L,.0014,mg/L,15.1,ug/L,,10/31/2021
PR0021555,001,01051,"Lead, total [as Pb]",1.4,C3,MAX,Concentration3,ug/L,.0014,mg/L,,ug/L,,11/30/2021
PR0021555,001,01051,"Lead, total [as Pb]",2.96,C3,MAX,Concentration3,ug/L,.00296,mg/L,,ug/L,,12/31/2021
PR0021555,001,01051,"Lead, total [as Pb]",6.24,C3,MAX,Concentration3,ug/L,.00624,mg/L,,ug/L,,01/31/2022
PR0021555,001,01051,"Lead, total [as Pb]",1.4,C3,MAX,Concentration3,ug/L,.0014,mg/L,,ug/L,,02/28/2022
PR0021555,001,01051,"Lead, total [as Pb]",5.5,C3,MAX,Concentration3,ug/L,.0055,mg/L,,ug/L,,03/31/2022
PR0021555,001,01051,"Lead, total [as Pb]",1.42,C3,MAX,Concentration3,ug/L,.00142,mg/L,,ug/L,,04/30/2022
PR0021555,001,01051,"Lead, total [as Pb]",1.6,C3,MAX,Concentration3,ug/L,.0016,mg/L,,ug/L,,05/31/2022
PR0021555,001,01051,"Lead, total [as Pb]",1.4,C3,MAX,Concentration3,ug/L,.0014,mg/L,,ug/L,,06/30/2022
PR0021555,001,01051,"Lead, total [as Pb]",0.81,C3,MAX,Concentration3,ug/L,.00081,mg/L,,ug/L,,07/31/2022
PR0021555,001,01051,"Lead, total [as Pb]",0.81,C3,MAX,Concentration3,ug/L,.00081,mg/L,,ug/L,,08/31/2022
PR0021555,001,01051,"Lead, total [as Pb]",0.81,C3,MAX,Concentration3,ug/L,.00081,mg/L,,ug/L,,09/30/2022
PR0021555,001,01051,"Lead, total [as Pb]",15,C3,MAX,Concentration3,ug/L,.015,mg/L,,ug/L,,10/31/2022
PR0021555,001,01051,"Lead, total [as Pb]",15,C3,MAX,Concentration3,ug/L,.015,mg/L,,ug/L,,11/30/2022
PR0021555,001,01051,"Lead, total [as Pb]",15,C3,MAX,Concentration3,ug/L,.015,mg/L,,ug/L,,12/31/2022
PR0021555,001,01051,"Lead, total [as Pb]",15,C3,MAX,Concentration3,ug/L,.015,mg/L,,ug/L,,01/31/2023
PR0021555,001,01051,"Lead, total [as Pb]",15,C3,MAX,Concentration3,ug/L,.015,mg/L,,ug/L,,02/28/2023
PR0021555,001,01051,"Lead, total [as Pb]",15,C3,MAX,Concentration3,ug/L,.015,mg/L,,ug/L,,03/31/2023
PR0021555,001,01051,"Lead, total [as Pb]",15,C3,MAX,Concentration3,ug/L,.015,mg/L,,ug/L,,04/30/2023
PR0021555,001,01051,"Lead, total [as Pb]",15,C3,MAX,Concentration3,ug/L,.015,mg/L,,ug/L,,05/31/2023
PR0021555,001,01051,"Lead, total [as Pb]",15,C3,MAX,Concentration3,ug/L,.015,mg/L,,ug/L,,06/30/2023
PR0021555,001,01051,"Lead, total [as Pb]",15,C3,MAX,Concentration3,ug/L,.015,mg/L,,ug/L,,07/31/2023
PR0021555,001,01051,"Lead, total [as Pb]",15,C3,MAX,Concentration3,ug/L,.015,mg/L,,ug/L,,08/31/2023
PR0021555,001,01051,"Lead, total [as Pb]",15,C3,MAX,Concentration3,ug/L,.015,mg/L,,ug/L,,09/30/2023
PR0021555,001,01051,"Lead, total [as Pb]",15,C3,MAX,Concentration3,ug/L,.015,mg/L,,ug/L,,10/31/2023
PR0021555,001,01051,"Lead, total [as Pb]",15,C3,MAX,Concentration3,ug/L,.015,mg/L,,ug/L,,11/30/2023
PR0021555,001,01051,"Lead, total [as Pb]",15,C3,MAX,Concentration3,ug/L,.015,mg/L,,ug/L,,12/31/2023
PR0021555,001,01051,"Lead, total [as Pb]",15,C3,MAX,Concentration3,ug/L,.015,mg/L,,ug/L,,01/31/2024
PR0021555,001,01051,"Lead, total [as Pb]",15,C3,MAX,Concentration3,ug/L,.015,mg/L,,ug/L,,02/29/2024
PR0021555,001,01051,"Lead, total [as Pb]",0.69,C3,MAX,Concentration3,ug/L,.00069,mg/L,,ug/L,,03/31/2024
PR0021555,001,01051,"Lead, total [as Pb]",0.68,C3,MAX,Concentration3,ug/L,.00068,mg/L,,ug/L,,04/30/2024
PR0021555,001,01051,"Lead, total [as Pb]",0.68,C3,MAX,Concentration3,ug/L,.00068,mg/L,,ug/L,,05/31/2024
PR0021555,001,01051,"Lead, total [as Pb]",0.87,C3,MAX,Concentration3,ug/L,.00087,mg/L,,ug/L,,06/30/2024
PR0021555,001,01051,"Lead, total [as Pb]",0.71,C3,MAX,Concentration3,ug/L,.00071,mg/L,,ug/L,,07/31/2024
PR0021555,001,01051,"Lead, total [as Pb]",0.82,C3,MAX,Concentration3,ug/L,.00082,mg/L,,ug/L,,08/31/2024
PR0021555,001,01051,"Lead, total [as Pb]",5.24,C3,MAX,Concentration3,ug/L,.00524,mg/L,,ug/L,,09/30/2024
PR0021555,001,01051,"Lead, total [as Pb]",0.92,C3,MAX,Concentration3,ug/L,.00092,mg/L,,ug/L,,10/31/2024
PR0021555,001,01051,"Lead, total [as Pb]",1.17,C3,MAX,Concentration3,ug/L,.00117,mg/L,,ug/L,,11/30/2024
PR0021555,001,01051,"Lead, total [as Pb]",0.81,C3,MAX,Concentration3,ug/L,.00081,mg/L,,ug/L,,12/31/2024
PR0021555,001,01051,"Lead, total [as Pb]",0.86,C3,MAX,Concentration3,ug/L,.00086,mg/L,,ug/L,,01/31/2025
PR0021555,001,01051,"Lead, total [as Pb]",1.71,C3,MAX,Concentration3,ug/L,.00171,mg/L,,ug/L,,02/28/2025
PR0021555,001,01051,"Lead, total [as Pb]",0.81,C3,MAX,Concentration3,ug/L,.00081,mg/L,,ug/L,,03/31/2025
PR0021555,001,01051,"Lead, total [as Pb]",0.9,C3,MAX,Concentration3,ug/L,.0009,mg/L,,ug/L,,04/30/2025
PR0021555,001,01051,"Lead, total [as Pb]",0.9,C3,MAX,Concentration3,ug/L,.0009,mg/L,,ug/L,,05/31/2025
PR0021555,001,01051,"Lead, total [as Pb]",0.23,C3,MAX,Concentration3,ug/L,.00023,mg/L,,ug/L,,06/30/2025
PR0021555,001,01051,"Lead, total [as Pb]",0.02,C3,MAX,Concentration3,ug/L,.00002,mg/L,,ug/L,,07/31/2025
PR0021555,001,01051,"Lead, total [as Pb]",0.96,C3,MAX,Concentration3,ug/L,.00096,mg/L,,ug/L,,08/31/2025
PR0021555,001,01051,"Lead, total [as Pb]",0.72,C3,MAX,Concentration3,ug/L,.00072,mg/L,,ug/L,,09/30/2025
PR0021555,001,01051,"Lead, total [as Pb]",0.73,C3,MAX,Concentration3,ug/L,.00073,mg/L,,ug/L,,10/31/2025
PR0021555,001,01051,"Lead, total [as Pb]",0.8,C3,MAX,Concentration3,ug/L,.0008,mg/L,,ug/L,,11/30/2025
PR0021555,001,01051,"Lead, total [as Pb]",0.76,C3,MAX,Concentration3,ug/L,.00076,mg/L,,ug/L,,12/31/2025
PR0021555,001,01051,"Lead, total [as Pb]",0.66,C3,MAX,Concentration3,ug/L,.00066,mg/L,,ug/L,,01/31/2026
PR0021555,001,01059,"Thallium, total [as Tl]",2,C3,MAX,Concentration3,ug/L,.002,mg/L,4.3,ug/L,,01/31/2020
PR0021555,001,01059,"Thallium, total [as Tl]",2,C3,MAX,Concentration3,ug/L,.002,mg/L,4.3,ug/L,,02/29/2020
PR0021555,001,01059,"Thallium, total [as Tl]",2,C3,MAX,Concentration3,ug/L,.002,mg/L,4.3,ug/L,,03/31/2020
PR0021555,001,01059,"Thallium, total [as Tl]",2,C3,MAX,Concentration3,ug/L,.002,mg/L,4.3,ug/L,,04/30/2020
PR0021555,001,01059,"Thallium, total [as Tl]",2,C3,MAX,Concentration3,ug/L,.002,mg/L,4.3,ug/L,,05/31/2020
PR0021555,001,01059,"Thallium, total [as Tl]",2,C3,MAX,Concentration3,ug/L,.002,mg/L,4.3,ug/L,,06/30/2020
PR0021555,001,01059,"Thallium, total [as Tl]",0.5,C3,MAX,Concentration3,ug/L,.0005,mg/L,4.3,ug/L,,07/31/2020
PR0021555,001,01059,"Thallium, total [as Tl]",0.6,C3,MAX,Concentration3,ug/L,.0006,mg/L,4.3,ug/L,,08/31/2020
PR0021555,001,01059,"Thallium, total [as Tl]",0.6,C3,MAX,Concentration3,ug/L,.0006,mg/L,4.3,ug/L,,09/30/2020
PR0021555,001,01059,"Thallium, total [as Tl]",0.6,C3,MAX,Concentration3,ug/L,.0006,mg/L,4.3,ug/L,,10/31/2020
PR0021555,001,01059,"Thallium, total [as Tl]",0.6,C3,MAX,Concentration3,ug/L,.0006,mg/L,4.3,ug/L,,11/30/2020
PR0021555,001,01059,"Thallium, total [as Tl]",0.6,C3,MAX,Concentration3,ug/L,.0006,mg/L,4.3,ug/L,,12/31/2020
PR0021555,001,01059,"Thallium, total [as Tl]",0.6,C3,MAX,Concentration3,ug/L,.0006,mg/L,4.3,ug/L,,01/31/2021
PR0021555,001,01059,"Thallium, total [as Tl]",0.6,C3,MAX,Concentration3,ug/L,.0006,mg/L,4.3,ug/L,,02/28/2021
PR0021555,001,01059,"Thallium, total [as Tl]",0.6,C3,MAX,Concentration3,ug/L,.0006,mg/L,4.3,ug/L,,03/31/2021
PR0021555,001,01059,"Thallium, total [as Tl]",0.6,C3,MAX,Concentration3,ug/L,.0006,mg/L,4.3,ug/L,,04/30/2021
PR0021555,001,01059,"Thallium, total [as Tl]",0.6,C3,MAX,Concentration3,ug/L,.0006,mg/L,4.3,ug/L,,05/31/2021
PR0021555,001,01059,"Thallium, total [as Tl]",0.6,C3,MAX,Concentration3,ug/L,.0006,mg/L,4.3,ug/L,,06/30/2021
PR0021555,001,01059,"Thallium, total [as Tl]",2.5,C3,MAX,Concentration3,ug/L,.0025,mg/L,4.3,ug/L,,07/31/2021
PR0021555,001,01059,"Thallium, total [as Tl]",2.5,C3,MAX,Concentration3,ug/L,.0025,mg/L,4.3,ug/L,,08/31/2021
PR0021555,001,01059,"Thallium, total [as Tl]",2,C3,MAX,Concentration3,ug/L,.002,mg/L,4.3,ug/L,,09/30/2021
PR0021555,001,01059,"Thallium, total [as Tl]",2,C3,MAX,Concentration3,ug/L,.002,mg/L,4.3,ug/L,,10/31/2021
PR0021555,001,01059,"Thallium, total [as Tl]",NA,C3,MAX,Concentration3,,,mg/L,1.92,ug/L,B,11/30/2021
PR0021555,001,01059,"Thallium, total [as Tl]",NA,C3,MAX,Concentration3,,,mg/L,1.92,ug/L,B,12/31/2021
PR0021555,001,01059,"Thallium, total [as Tl]",NA,C3,MAX,Concentration3,,,mg/L,1.92,ug/L,B,01/31/2022
PR0021555,001,01059,"Thallium, total [as Tl]",NA,C3,MAX,Concentration3,,,mg/L,1.92,ug/L,B,02/28/2022
PR0021555,001,01059,"Thallium, total [as Tl]",NA,C3,MAX,Concentration3,,,mg/L,1.92,ug/L,B,03/31/2022
PR0021555,001,01059,"Thallium, total [as Tl]",NA,C3,MAX,Concentration3,,,mg/L,1.92,ug/L,B,04/30/2022
PR0021555,001,01059,"Thallium, total [as Tl]",NA,C3,MAX,Concentration3,,,mg/L,1.92,ug/L,B,05/31/2022
PR0021555,001,01059,"Thallium, total [as Tl]",NA,C3,MAX,Concentration3,,,mg/L,1.92,ug/L,B,06/30/2022
PR0021555,001,01059,"Thallium, total [as Tl]",1.7,C3,MAX,Concentration3,ug/L,.0017,mg/L,1.92,ug/L,,07/31/2022
PR0021555,001,01059,"Thallium, total [as Tl]",1.7,C3,MAX,Concentration3,ug/L,.0017,mg/L,1.92,ug/L,,08/31/2022
PR0021555,001,01059,"Thallium, total [as Tl]",1.7,C3,MAX,Concentration3,ug/L,.0017,mg/L,1.92,ug/L,,09/30/2022
PR0021555,001,01059,"Thallium, total [as Tl]",1.2,C3,MAX,Concentration3,ug/L,.0012,mg/L,1.92,ug/L,,10/31/2022
PR0021555,001,01059,"Thallium, total [as Tl]",1.3,C3,MAX,Concentration3,ug/L,.0013,mg/L,1.92,ug/L,,11/30/2022
PR0021555,001,01059,"Thallium, total [as Tl]",1.3,C3,MAX,Concentration3,ug/L,.0013,mg/L,1.92,ug/L,,12/31/2022
PR0021555,001,01059,"Thallium, total [as Tl]",1.3,C3,MAX,Concentration3,ug/L,.0013,mg/L,1.92,ug/L,,01/31/2023
PR0021555,001,01059,"Thallium, total [as Tl]",1.3,C3,MAX,Concentration3,ug/L,.0013,mg/L,1.92,ug/L,,02/28/2023
PR0021555,001,01059,"Thallium, total [as Tl]",1.7,C3,MAX,Concentration3,ug/L,.0017,mg/L,1.92,ug/L,,03/31/2023
PR0021555,001,01059,"Thallium, total [as Tl]",1.7,C3,MAX,Concentration3,ug/L,.0017,mg/L,1.92,ug/L,,04/30/2023
PR0021555,001,01059,"Thallium, total [as Tl]",1.6,C3,MAX,Concentration3,ug/L,.0016,mg/L,1.92,ug/L,,05/31/2023
PR0021555,001,01059,"Thallium, total [as Tl]",1.6,C3,MAX,Concentration3,ug/L,.0016,mg/L,1.92,ug/L,,06/30/2023
PR0021555,001,01059,"Thallium, total [as Tl]",1.6,C3,MAX,Concentration3,ug/L,.0016,mg/L,1.92,ug/L,,07/31/2023
PR0021555,001,01059,"Thallium, total [as Tl]",0.8,C3,MAX,Concentration3,ug/L,.0008,mg/L,1.92,ug/L,,08/31/2023
PR0021555,001,01059,"Thallium, total [as Tl]",1.7,C3,MAX,Concentration3,ug/L,.0017,mg/L,1.92,ug/L,,09/30/2023
PR0021555,001,01059,"Thallium, total [as Tl]",1.7,C3,MAX,Concentration3,ug/L,.0017,mg/L,1.92,ug/L,,10/31/2023
PR0021555,001,01059,"Thallium, total [as Tl]",1.4,C3,MAX,Concentration3,ug/L,.0014,mg/L,1.92,ug/L,,11/30/2023
PR0021555,001,01059,"Thallium, total [as Tl]",1.4,C3,MAX,Concentration3,ug/L,.0014,mg/L,1.92,ug/L,,12/31/2023
PR0021555,001,01059,"Thallium, total [as Tl]",1.4,C3,MAX,Concentration3,ug/L,.0014,mg/L,1.92,ug/L,,01/31/2024
PR0021555,001,01059,"Thallium, total [as Tl]",1.4,C3,MAX,Concentration3,ug/L,.0014,mg/L,1.92,ug/L,,02/29/2024
PR0021555,001,01059,"Thallium, total [as Tl]",1.4,C3,MAX,Concentration3,ug/L,.0014,mg/L,1.92,ug/L,,03/31/2024
PR0021555,001,01059,"Thallium, total [as Tl]",1.4,C3,MAX,Concentration3,ug/L,.0014,mg/L,1.92,ug/L,,04/30/2024
PR0021555,001,01059,"Thallium, total [as Tl]",1.4,C3,MAX,Concentration3,ug/L,.0014,mg/L,1.92,ug/L,,05/31/2024
PR0021555,001,01059,"Thallium, total [as Tl]",1.4,C3,MAX,Concentration3,ug/L,.0014,mg/L,1.92,ug/L,,06/30/2024
PR0021555,001,01059,"Thallium, total [as Tl]",1.4,C3,MAX,Concentration3,ug/L,.0014,mg/L,1.92,ug/L,,07/31/2024
PR0021555,001,01059,"Thallium, total [as Tl]",1.4,C3,MAX,Concentration3,ug/L,.0014,mg/L,1.92,ug/L,,08/31/2024
PR0021555,001,01059,"Thallium, total [as Tl]",1.4,C3,MAX,Concentration3,ug/L,.0014,mg/L,1.92,ug/L,,09/30/2024
PR0021555,001,01059,"Thallium, total [as Tl]",1.4,C3,MAX,Concentration3,ug/L,.0014,mg/L,1.92,ug/L,,10/31/2024
PR0021555,001,01059,"Thallium, total [as Tl]",1.4,C3,MAX,Concentration3,ug/L,.0014,mg/L,1.92,ug/L,,11/30/2024
PR0021555,001,01059,"Thallium, total [as Tl]",1.5,C3,MAX,Concentration3,ug/L,.0015,mg/L,1.92,ug/L,,12/31/2024
PR0021555,001,01059,"Thallium, total [as Tl]",1.4,C3,MAX,Concentration3,ug/L,.0014,mg/L,1.92,ug/L,,01/31/2025
PR0021555,001,01059,"Thallium, total [as Tl]",0.7,C3,MAX,Concentration3,ug/L,.0007,mg/L,1.92,ug/L,,02/28/2025
PR0021555,001,01059,"Thallium, total [as Tl]",1.4,C3,MAX,Concentration3,ug/L,.0014,mg/L,1.92,ug/L,,03/31/2025
PR0021555,001,01059,"Thallium, total [as Tl]",1.4,C3,MAX,Concentration3,ug/L,.0014,mg/L,1.92,ug/L,,04/30/2025
PR0021555,001,01059,"Thallium, total [as Tl]",0.005,C3,MAX,Concentration3,ug/L,.000005,mg/L,1.92,ug/L,,05/31/2025
PR0021555,001,01059,"Thallium, total [as Tl]",0.005,C3,MAX,Concentration3,ug/L,.000005,mg/L,1.92,ug/L,,06/30/2025
PR0021555,001,01059,"Thallium, total [as Tl]",0.005,C3,MAX,Concentration3,ug/L,.000005,mg/L,1.92,ug/L,,07/31/2025
PR0021555,001,01059,"Thallium, total [as Tl]",0.005,C3,MAX,Concentration3,ug/L,.000005,mg/L,1.92,ug/L,,08/31/2025
PR0021555,001,01059,"Thallium, total [as Tl]",0.005,C3,MAX,Concentration3,ug/L,.000005,mg/L,1.92,ug/L,,09/30/2025
PR0021555,001,01059,"Thallium, total [as Tl]",0.005,C3,MAX,Concentration3,ug/L,.000005,mg/L,1.92,ug/L,,10/31/2025
PR0021555,001,01059,"Thallium, total [as Tl]",0.005,C3,MAX,Concentration3,ug/L,.000005,mg/L,1.92,ug/L,,11/30/2025
PR0021555,001,01059,"Thallium, total [as Tl]",0.005,C3,MAX,Concentration3,ug/L,.000005,mg/L,1.92,ug/L,,12/31/2025
PR0021555,001,01059,"Thallium, total [as Tl]",0.005,C3,MAX,Concentration3,ug/L,.000005,mg/L,1.92,ug/L,,01/31/2026
PR0021555,001,01067,"Nickel, total [as Ni]",5,C3,MAX,Concentration3,ug/L,.005,mg/L,12.5,ug/L,,01/31/2020
PR0021555,001,01067,"Nickel, total [as Ni]",5,C3,MAX,Concentration3,ug/L,.005,mg/L,12.5,ug/L,,02/29/2020
PR0021555,001,01067,"Nickel, total [as Ni]",5,C3,MAX,Concentration3,ug/L,.005,mg/L,12.5,ug/L,,03/31/2020
PR0021555,001,01067,"Nickel, total [as Ni]",5,C3,MAX,Concentration3,ug/L,.005,mg/L,12.5,ug/L,,04/30/2020
PR0021555,001,01067,"Nickel, total [as Ni]",5,C3,MAX,Concentration3,ug/L,.005,mg/L,12.5,ug/L,,05/31/2020
PR0021555,001,01067,"Nickel, total [as Ni]",5,C3,MAX,Concentration3,ug/L,.005,mg/L,12.5,ug/L,,06/30/2020
PR0021555,001,01067,"Nickel, total [as Ni]",5,C3,MAX,Concentration3,ug/L,.005,mg/L,12.5,ug/L,,07/31/2020
PR0021555,001,01067,"Nickel, total [as Ni]",5,C3,MAX,Concentration3,ug/L,.005,mg/L,12.5,ug/L,,08/31/2020
PR0021555,001,01067,"Nickel, total [as Ni]",5,C3,MAX,Concentration3,ug/L,.005,mg/L,12.5,ug/L,,09/30/2020
PR0021555,001,01067,"Nickel, total [as Ni]",5,C3,MAX,Concentration3,ug/L,.005,mg/L,12.5,ug/L,,10/31/2020
PR0021555,001,01067,"Nickel, total [as Ni]",5,C3,MAX,Concentration3,ug/L,.005,mg/L,12.5,ug/L,,11/30/2020
PR0021555,001,01067,"Nickel, total [as Ni]",5,C3,MAX,Concentration3,ug/L,.005,mg/L,12.5,ug/L,,12/31/2020
PR0021555,001,01067,"Nickel, total [as Ni]",5,C3,MAX,Concentration3,ug/L,.005,mg/L,12.5,ug/L,,01/31/2021
PR0021555,001,01067,"Nickel, total [as Ni]",5,C3,MAX,Concentration3,ug/L,.005,mg/L,12.5,ug/L,,02/28/2021
PR0021555,001,01067,"Nickel, total [as Ni]",5,C3,MAX,Concentration3,ug/L,.005,mg/L,12.5,ug/L,,03/31/2021
PR0021555,001,01067,"Nickel, total [as Ni]",5,C3,MAX,Concentration3,ug/L,.005,mg/L,12.5,ug/L,,04/30/2021
PR0021555,001,01067,"Nickel, total [as Ni]",6,C3,MAX,Concentration3,ug/L,.006,mg/L,12.5,ug/L,,05/31/2021
PR0021555,001,01067,"Nickel, total [as Ni]",8,C3,MAX,Concentration3,ug/L,.008,mg/L,12.5,ug/L,,06/30/2021
PR0021555,001,01067,"Nickel, total [as Ni]",2.25,C3,MAX,Concentration3,ug/L,.00225,mg/L,12.5,ug/L,,07/31/2021
PR0021555,001,01067,"Nickel, total [as Ni]",2.5,C3,MAX,Concentration3,ug/L,.0025,mg/L,12.5,ug/L,,08/31/2021
PR0021555,001,01067,"Nickel, total [as Ni]",1.8,C3,MAX,Concentration3,ug/L,.0018,mg/L,12.5,ug/L,,09/30/2021
PR0021555,001,01067,"Nickel, total [as Ni]",5.6,C3,MAX,Concentration3,ug/L,.0056,mg/L,12.5,ug/L,,10/31/2021
PR0021555,001,01067,"Nickel, total [as Ni]",4.86,C3,MAX,Concentration3,ug/L,.00486,mg/L,,ug/L,,11/30/2021
PR0021555,001,01067,"Nickel, total [as Ni]",1.94,C3,MAX,Concentration3,ug/L,.00194,mg/L,,ug/L,,12/31/2021
PR0021555,001,01067,"Nickel, total [as Ni]",6.46,C3,MAX,Concentration3,ug/L,.00646,mg/L,,ug/L,,01/31/2022
PR0021555,001,01067,"Nickel, total [as Ni]",6.88,C3,MAX,Concentration3,ug/L,.00688,mg/L,,ug/L,,02/28/2022
PR0021555,001,01067,"Nickel, total [as Ni]",2.96,C3,MAX,Concentration3,ug/L,.00296,mg/L,,ug/L,,03/31/2022
PR0021555,001,01067,"Nickel, total [as Ni]",4.3,C3,MAX,Concentration3,ug/L,.0043,mg/L,,ug/L,,04/30/2022
PR0021555,001,01067,"Nickel, total [as Ni]",9.8,C3,MAX,Concentration3,ug/L,.0098,mg/L,,ug/L,,05/31/2022
PR0021555,001,01067,"Nickel, total [as Ni]",5.06,C3,MAX,Concentration3,ug/L,.00506,mg/L,,ug/L,,06/30/2022
PR0021555,001,01067,"Nickel, total [as Ni]",3.87,C3,MAX,Concentration3,ug/L,.00387,mg/L,,ug/L,,07/31/2022
PR0021555,001,01067,"Nickel, total [as Ni]",8.29,C3,MAX,Concentration3,ug/L,.00829,mg/L,,ug/L,,08/31/2022
PR0021555,001,01067,"Nickel, total [as Ni]",9.31,C3,MAX,Concentration3,ug/L,.00931,mg/L,,ug/L,,09/30/2022
PR0021555,001,01067,"Nickel, total [as Ni]",5,C3,MAX,Concentration3,ug/L,.005,mg/L,,ug/L,,10/31/2022
PR0021555,001,01067,"Nickel, total [as Ni]",5,C3,MAX,Concentration3,ug/L,.005,mg/L,,ug/L,,11/30/2022
PR0021555,001,01067,"Nickel, total [as Ni]",5,C3,MAX,Concentration3,ug/L,.005,mg/L,,ug/L,,12/31/2022
PR0021555,001,01067,"Nickel, total [as Ni]",5,C3,MAX,Concentration3,ug/L,.005,mg/L,,ug/L,,01/31/2023
PR0021555,001,01067,"Nickel, total [as Ni]",5,C3,MAX,Concentration3,ug/L,.005,mg/L,,ug/L,,02/28/2023
PR0021555,001,01067,"Nickel, total [as Ni]",5,C3,MAX,Concentration3,ug/L,.005,mg/L,,ug/L,,03/31/2023
PR0021555,001,01067,"Nickel, total [as Ni]",5,C3,MAX,Concentration3,ug/L,.005,mg/L,,ug/L,,04/30/2023
PR0021555,001,01067,"Nickel, total [as Ni]",5,C3,MAX,Concentration3,ug/L,.005,mg/L,,ug/L,,05/31/2023
PR0021555,001,01067,"Nickel, total [as Ni]",5,C3,MAX,Concentration3,ug/L,.005,mg/L,,ug/L,,06/30/2023
PR0021555,001,01067,"Nickel, total [as Ni]",5,C3,MAX,Concentration3,ug/L,.005,mg/L,,ug/L,,07/31/2023
PR0021555,001,01067,"Nickel, total [as Ni]",5,C3,MAX,Concentration3,ug/L,.005,mg/L,,ug/L,,08/31/2023
PR0021555,001,01067,"Nickel, total [as Ni]",13,C3,MAX,Concentration3,ug/L,.013,mg/L,,ug/L,,09/30/2023
PR0021555,001,01067,"Nickel, total [as Ni]",8,C3,MAX,Concentration3,ug/L,.008,mg/L,,ug/L,,10/31/2023
PR0021555,001,01067,"Nickel, total [as Ni]",10,C3,MAX,Concentration3,ug/L,.01,mg/L,,ug/L,,11/30/2023
PR0021555,001,01067,"Nickel, total [as Ni]",5,C3,MAX,Concentration3,ug/L,.005,mg/L,,ug/L,,12/31/2023
PR0021555,001,01067,"Nickel, total [as Ni]",5,C3,MAX,Concentration3,ug/L,.005,mg/L,,ug/L,,01/31/2024
PR0021555,001,01067,"Nickel, total [as Ni]",5,C3,MAX,Concentration3,ug/L,.005,mg/L,,ug/L,,02/29/2024
PR0021555,001,01067,"Nickel, total [as Ni]",2.24,C3,MAX,Concentration3,ug/L,.00224,mg/L,,ug/L,,03/31/2024
PR0021555,001,01067,"Nickel, total [as Ni]",2.24,C3,MAX,Concentration3,ug/L,.00224,mg/L,,ug/L,,04/30/2024
PR0021555,001,01067,"Nickel, total [as Ni]",1.86,C3,MAX,Concentration3,ug/L,.00186,mg/L,,ug/L,,05/31/2024
PR0021555,001,01067,"Nickel, total [as Ni]",2.58,C3,MAX,Concentration3,ug/L,.00258,mg/L,,ug/L,,06/30/2024
PR0021555,001,01067,"Nickel, total [as Ni]",2.3,C3,MAX,Concentration3,ug/L,.0023,mg/L,,ug/L,,07/31/2024
PR0021555,001,01067,"Nickel, total [as Ni]",2.5,C3,MAX,Concentration3,ug/L,.0025,mg/L,,ug/L,,08/31/2024
PR0021555,001,01067,"Nickel, total [as Ni]",3.75,C3,MAX,Concentration3,ug/L,.00375,mg/L,,ug/L,,09/30/2024
PR0021555,001,01067,"Nickel, total [as Ni]",2.51,C3,MAX,Concentration3,ug/L,.00251,mg/L,,ug/L,,10/31/2024
PR0021555,001,01067,"Nickel, total [as Ni]",3.44,C3,MAX,Concentration3,ug/L,.00344,mg/L,,ug/L,,11/30/2024
PR0021555,001,01067,"Nickel, total [as Ni]",1.83,C3,MAX,Concentration3,ug/L,.00183,mg/L,,ug/L,,12/31/2024
PR0021555,001,01067,"Nickel, total [as Ni]",7.39,C3,MAX,Concentration3,ug/L,.00739,mg/L,,ug/L,,01/31/2025
PR0021555,001,01067,"Nickel, total [as Ni]",2.52,C3,MAX,Concentration3,ug/L,.00252,mg/L,,ug/L,,02/28/2025
PR0021555,001,01067,"Nickel, total [as Ni]",2.61,C3,MAX,Concentration3,ug/L,.00261,mg/L,,ug/L,,03/31/2025
PR0021555,001,01067,"Nickel, total [as Ni]",2.49,C3,MAX,Concentration3,ug/L,.00249,mg/L,,ug/L,,04/30/2025
PR0021555,001,01067,"Nickel, total [as Ni]",2.62,C3,MAX,Concentration3,ug/L,.00262,mg/L,,ug/L,,05/31/2025
PR0021555,001,01067,"Nickel, total [as Ni]",2.21,C3,MAX,Concentration3,ug/L,.00221,mg/L,,ug/L,,06/30/2025
PR0021555,001,01067,"Nickel, total [as Ni]",5.3,C3,MAX,Concentration3,ug/L,.0053,mg/L,,ug/L,,07/31/2025
PR0021555,001,01067,"Nickel, total [as Ni]",7.4,C3,MAX,Concentration3,ug/L,.0074,mg/L,,ug/L,,08/31/2025
PR0021555,001,01067,"Nickel, total [as Ni]",5.6,C3,MAX,Concentration3,ug/L,.0056,mg/L,,ug/L,,09/30/2025
PR0021555,001,01067,"Nickel, total [as Ni]",55.2,C3,MAX,Concentration3,ug/L,.0552,mg/L,,ug/L,,10/31/2025
PR0021555,001,01067,"Nickel, total [as Ni]",8.5,C3,MAX,Concentration3,ug/L,.0085,mg/L,,ug/L,,11/30/2025
PR0021555,001,01067,"Nickel, total [as Ni]",5,C3,MAX,Concentration3,ug/L,.005,mg/L,,ug/L,,12/31/2025
PR0021555,001,01067,"Nickel, total [as Ni]",4.3,C3,MAX,Concentration3,ug/L,.0043,mg/L,,ug/L,,01/31/2026
PR0021555,001,01077,"Silver, total [as Ag]",2,C3,MAX,Concentration3,ug/L,.002,mg/L,3.3,ug/L,,01/31/2020
PR0021555,001,01077,"Silver, total [as Ag]",2,C3,MAX,Concentration3,ug/L,.002,mg/L,3.3,ug/L,,02/29/2020
PR0021555,001,01077,"Silver, total [as Ag]",0.7,C3,MAX,Concentration3,ug/L,.0007,mg/L,3.3,ug/L,,03/31/2020
PR0021555,001,01077,"Silver, total [as Ag]",0.05,C3,MAX,Concentration3,ug/L,.00005,mg/L,3.3,ug/L,,04/30/2020
PR0021555,001,01077,"Silver, total [as Ag]",3,C3,MAX,Concentration3,ug/L,.003,mg/L,3.3,ug/L,,05/31/2020
PR0021555,001,01077,"Silver, total [as Ag]",0.5,C3,MAX,Concentration3,ug/L,.0005,mg/L,3.3,ug/L,,06/30/2020
PR0021555,001,01077,"Silver, total [as Ag]",2,C3,MAX,Concentration3,ug/L,.002,mg/L,3.3,ug/L,,07/31/2020
PR0021555,001,01077,"Silver, total [as Ag]",2,C3,MAX,Concentration3,ug/L,.002,mg/L,3.3,ug/L,,08/31/2020
PR0021555,001,01077,"Silver, total [as Ag]",2,C3,MAX,Concentration3,ug/L,.002,mg/L,3.3,ug/L,,09/30/2020
PR0021555,001,01077,"Silver, total [as Ag]",2,C3,MAX,Concentration3,ug/L,.002,mg/L,3.3,ug/L,,10/31/2020
PR0021555,001,01077,"Silver, total [as Ag]",2,C3,MAX,Concentration3,ug/L,.002,mg/L,3.3,ug/L,,11/30/2020
PR0021555,001,01077,"Silver, total [as Ag]",2,C3,MAX,Concentration3,ug/L,.002,mg/L,3.3,ug/L,,12/31/2020
PR0021555,001,01077,"Silver, total [as Ag]",2,C3,MAX,Concentration3,ug/L,.002,mg/L,3.3,ug/L,,01/31/2021
PR0021555,001,01077,"Silver, total [as Ag]",2,C3,MAX,Concentration3,ug/L,.002,mg/L,3.3,ug/L,,02/28/2021
PR0021555,001,01077,"Silver, total [as Ag]",2,C3,MAX,Concentration3,ug/L,.002,mg/L,3.3,ug/L,,03/31/2021
PR0021555,001,01077,"Silver, total [as Ag]",2,C3,MAX,Concentration3,ug/L,.002,mg/L,3.3,ug/L,,04/30/2021
PR0021555,001,01077,"Silver, total [as Ag]",2,C3,MAX,Concentration3,ug/L,.002,mg/L,3.3,ug/L,,05/31/2021
PR0021555,001,01077,"Silver, total [as Ag]",2,C3,MAX,Concentration3,ug/L,.002,mg/L,3.3,ug/L,,06/30/2021
PR0021555,001,01077,"Silver, total [as Ag]",2,C3,MAX,Concentration3,ug/L,.002,mg/L,3.3,ug/L,,07/31/2021
PR0021555,001,01077,"Silver, total [as Ag]",2,C3,MAX,Concentration3,ug/L,.002,mg/L,3.3,ug/L,,08/31/2021
PR0021555,001,01077,"Silver, total [as Ag]",NA,C3,MAX,Concentration3,,,mg/L,3.3,ug/L,B,09/30/2021
PR0021555,001,01077,"Silver, total [as Ag]",NA,C3,MAX,Concentration3,,,mg/L,3.3,ug/L,B,10/31/2021
PR0021555,001,01077,"Silver, total [as Ag]",5,C3,MAX,Concentration3,ug/L,.005,mg/L,,ug/L,,11/30/2021
PR0021555,001,01077,"Silver, total [as Ag]",5,C3,MAX,Concentration3,ug/L,.005,mg/L,,ug/L,,12/31/2021
PR0021555,001,01077,"Silver, total [as Ag]",5,C3,MAX,Concentration3,ug/L,.005,mg/L,,ug/L,,01/31/2022
PR0021555,001,01077,"Silver, total [as Ag]",5,C3,MAX,Concentration3,ug/L,.005,mg/L,,ug/L,,02/28/2022
PR0021555,001,01077,"Silver, total [as Ag]",5,C3,MAX,Concentration3,ug/L,.005,mg/L,,ug/L,,03/31/2022
PR0021555,001,01077,"Silver, total [as Ag]",5,C3,MAX,Concentration3,ug/L,.005,mg/L,,ug/L,,04/30/2022
PR0021555,001,01077,"Silver, total [as Ag]",5,C3,MAX,Concentration3,ug/L,.005,mg/L,,ug/L,,05/31/2022
PR0021555,001,01077,"Silver, total [as Ag]",5,C3,MAX,Concentration3,ug/L,.005,mg/L,,ug/L,,06/30/2022
PR0021555,001,01077,"Silver, total [as Ag]",5,C3,MAX,Concentration3,ug/L,.005,mg/L,,ug/L,,07/31/2022
PR0021555,001,01077,"Silver, total [as Ag]",5,C3,MAX,Concentration3,ug/L,.005,mg/L,,ug/L,,08/31/2022
PR0021555,001,01077,"Silver, total [as Ag]",5,C3,MAX,Concentration3,ug/L,.005,mg/L,,ug/L,,09/30/2022
PR0021555,001,01077,"Silver, total [as Ag]",5,C3,MAX,Concentration3,ug/L,.005,mg/L,,ug/L,,10/31/2022
PR0021555,001,01077,"Silver, total [as Ag]",5,C3,MAX,Concentration3,ug/L,.005,mg/L,,ug/L,,11/30/2022
PR0021555,001,01077,"Silver, total [as Ag]",5,C3,MAX,Concentration3,ug/L,.005,mg/L,,ug/L,,12/31/2022
PR0021555,001,01077,"Silver, total [as Ag]",5,C3,MAX,Concentration3,ug/L,.005,mg/L,,ug/L,,01/31/2023
PR0021555,001,01077,"Silver, total [as Ag]",5,C3,MAX,Concentration3,ug/L,.005,mg/L,,ug/L,,02/28/2023
PR0021555,001,01077,"Silver, total [as Ag]",5,C3,MAX,Concentration3,ug/L,.005,mg/L,,ug/L,,03/31/2023
PR0021555,001,01077,"Silver, total [as Ag]",5,C3,MAX,Concentration3,ug/L,.005,mg/L,,ug/L,,04/30/2023
PR0021555,001,01077,"Silver, total [as Ag]",5,C3,MAX,Concentration3,ug/L,.005,mg/L,,ug/L,,05/31/2023
PR0021555,001,01077,"Silver, total [as Ag]",5,C3,MAX,Concentration3,ug/L,.005,mg/L,,ug/L,,06/30/2023
PR0021555,001,01077,"Silver, total [as Ag]",5,C3,MAX,Concentration3,ug/L,.005,mg/L,,ug/L,,07/31/2023
PR0021555,001,01077,"Silver, total [as Ag]",5,C3,MAX,Concentration3,ug/L,.005,mg/L,,ug/L,,08/31/2023
PR0021555,001,01077,"Silver, total [as Ag]",5,C3,MAX,Concentration3,ug/L,.005,mg/L,,ug/L,,09/30/2023
PR0021555,001,01077,"Silver, total [as Ag]",5,C3,MAX,Concentration3,ug/L,.005,mg/L,,ug/L,,10/31/2023
PR0021555,001,01077,"Silver, total [as Ag]",5,C3,MAX,Concentration3,ug/L,.005,mg/L,,ug/L,,11/30/2023
PR0021555,001,01077,"Silver, total [as Ag]",5,C3,MAX,Concentration3,ug/L,.005,mg/L,,ug/L,,12/31/2023
PR0021555,001,01077,"Silver, total [as Ag]",5,C3,MAX,Concentration3,ug/L,.005,mg/L,,ug/L,,01/31/2024
PR0021555,001,01077,"Silver, total [as Ag]",5,C3,MAX,Concentration3,ug/L,.005,mg/L,,ug/L,,02/29/2024
PR0021555,001,01077,"Silver, total [as Ag]",0.162,C3,MAX,Concentration3,ug/L,.000162,mg/L,,ug/L,,03/31/2024
PR0021555,001,01077,"Silver, total [as Ag]",0.08,C3,MAX,Concentration3,ug/L,.00008,mg/L,,ug/L,,04/30/2024
PR0021555,001,01077,"Silver, total [as Ag]",0.081,C3,MAX,Concentration3,ug/L,.000081,mg/L,,ug/L,,05/31/2024
PR0021555,001,01077,"Silver, total [as Ag]",0.11,C3,MAX,Concentration3,ug/L,.00011,mg/L,,ug/L,,06/30/2024
PR0021555,001,01077,"Silver, total [as Ag]",0.158,C3,MAX,Concentration3,ug/L,.000158,mg/L,,ug/L,,07/31/2024
PR0021555,001,01077,"Silver, total [as Ag]",0.032,C3,MAX,Concentration3,ug/L,.000032,mg/L,,ug/L,,08/31/2024
PR0021555,001,01077,"Silver, total [as Ag]",0.208,C3,MAX,Concentration3,ug/L,.000208,mg/L,,ug/L,,09/30/2024
PR0021555,001,01077,"Silver, total [as Ag]",0.107,C3,MAX,Concentration3,ug/L,.000107,mg/L,,ug/L,,10/31/2024
PR0021555,001,01077,"Silver, total [as Ag]",0.075,C3,MAX,Concentration3,ug/L,.000075,mg/L,,ug/L,,11/30/2024
PR0021555,001,01077,"Silver, total [as Ag]",0.305,C3,MAX,Concentration3,ug/L,.000305,mg/L,,ug/L,,12/31/2024
PR0021555,001,01077,"Silver, total [as Ag]",0.091,C3,MAX,Concentration3,ug/L,.000091,mg/L,,ug/L,,01/31/2025
PR0021555,001,01077,"Silver, total [as Ag]",0.058,C3,MAX,Concentration3,ug/L,.000058,mg/L,,ug/L,,02/28/2025
PR0021555,001,01077,"Silver, total [as Ag]",0.096,C3,MAX,Concentration3,ug/L,.000096,mg/L,,ug/L,,03/31/2025
PR0021555,001,01077,"Silver, total [as Ag]",0.07,C3,MAX,Concentration3,ug/L,.00007,mg/L,,ug/L,,04/30/2025
PR0021555,001,01077,"Silver, total [as Ag]",0.108,C3,MAX,Concentration3,ug/L,.000108,mg/L,,ug/L,,05/31/2025
PR0021555,001,01077,"Silver, total [as Ag]",0.064,C3,MAX,Concentration3,ug/L,.000064,mg/L,,ug/L,,06/30/2025
PR0021555,001,01077,"Silver, total [as Ag]",0.067,C3,MAX,Concentration3,ug/L,.000067,mg/L,,ug/L,,07/31/2025
PR0021555,001,01077,"Silver, total [as Ag]",0.125,C3,MAX,Concentration3,ug/L,.000125,mg/L,,ug/L,,08/31/2025
PR0021555,001,01077,"Silver, total [as Ag]",0.053,C3,MAX,Concentration3,ug/L,.000053,mg/L,,ug/L,,09/30/2025
PR0021555,001,01077,"Silver, total [as Ag]",0.045,C3,MAX,Concentration3,ug/L,.000045,mg/L,,ug/L,,10/31/2025
PR0021555,001,01077,"Silver, total [as Ag]",0.064,C3,MAX,Concentration3,ug/L,.000064,mg/L,,ug/L,,11/30/2025
PR0021555,001,01077,"Silver, total [as Ag]",0.082,C3,MAX,Concentration3,ug/L,.000082,mg/L,,ug/L,,12/31/2025
PR0021555,001,01077,"Silver, total [as Ag]",0.268,C3,MAX,Concentration3,ug/L,.000268,mg/L,,ug/L,,01/31/2026
PR0021555,001,01092,"Zinc, total [as Zn]",76,C3,MAX,Concentration3,ug/L,.076,mg/L,129.2,ug/L,,01/31/2020
PR0021555,001,01092,"Zinc, total [as Zn]",80,C3,MAX,Concentration3,ug/L,.08,mg/L,129.2,ug/L,,02/29/2020
PR0021555,001,01092,"Zinc, total [as Zn]",61,C3,MAX,Concentration3,ug/L,.061,mg/L,129.2,ug/L,,03/31/2020
PR0021555,001,01092,"Zinc, total [as Zn]",34,C3,MAX,Concentration3,ug/L,.034,mg/L,129.2,ug/L,,04/30/2020
PR0021555,001,01092,"Zinc, total [as Zn]",45,C3,MAX,Concentration3,ug/L,.045,mg/L,129.2,ug/L,,05/31/2020
PR0021555,001,01092,"Zinc, total [as Zn]",107,C3,MAX,Concentration3,ug/L,.10700001,mg/L,129.2,ug/L,,06/30/2020
PR0021555,001,01092,"Zinc, total [as Zn]",42,C3,MAX,Concentration3,ug/L,.042,mg/L,129.2,ug/L,,07/31/2020
PR0021555,001,01092,"Zinc, total [as Zn]",47,C3,MAX,Concentration3,ug/L,.047,mg/L,129.2,ug/L,,08/31/2020
PR0021555,001,01092,"Zinc, total [as Zn]",108,C3,MAX,Concentration3,ug/L,.10800001,mg/L,129.2,ug/L,,09/30/2020
PR0021555,001,01092,"Zinc, total [as Zn]",70,C3,MAX,Concentration3,ug/L,.07,mg/L,129.2,ug/L,,10/31/2020
PR0021555,001,01092,"Zinc, total [as Zn]",69,C3,MAX,Concentration3,ug/L,.069,mg/L,129.2,ug/L,,11/30/2020
PR0021555,001,01092,"Zinc, total [as Zn]",47,C3,MAX,Concentration3,ug/L,.047,mg/L,129.2,ug/L,,12/31/2020
PR0021555,001,01092,"Zinc, total [as Zn]",82,C3,MAX,Concentration3,ug/L,.082,mg/L,129.2,ug/L,,01/31/2021
PR0021555,001,01092,"Zinc, total [as Zn]",53,C3,MAX,Concentration3,ug/L,.053,mg/L,129.2,ug/L,,02/28/2021
PR0021555,001,01092,"Zinc, total [as Zn]",82,C3,MAX,Concentration3,ug/L,.082,mg/L,129.2,ug/L,,03/31/2021
PR0021555,001,01092,"Zinc, total [as Zn]",58,C3,MAX,Concentration3,ug/L,.058,mg/L,129.2,ug/L,,04/30/2021
PR0021555,001,01092,"Zinc, total [as Zn]",63,C3,MAX,Concentration3,ug/L,.063,mg/L,129.2,ug/L,,05/31/2021
PR0021555,001,01092,"Zinc, total [as Zn]",163,C3,MAX,Concentration3,ug/L,.16300001,mg/L,129.2,ug/L,,06/30/2021
PR0021555,001,01092,"Zinc, total [as Zn]",58,C3,MAX,Concentration3,ug/L,.058,mg/L,129.2,ug/L,,07/31/2021
PR0021555,001,01092,"Zinc, total [as Zn]",93,C3,MAX,Concentration3,ug/L,.093,mg/L,129.2,ug/L,,08/31/2021
PR0021555,001,01092,"Zinc, total [as Zn]",91,C3,MAX,Concentration3,ug/L,.091,mg/L,129.2,ug/L,,09/30/2021
PR0021555,001,01092,"Zinc, total [as Zn]",90,C3,MAX,Concentration3,ug/L,.09,mg/L,129.2,ug/L,,10/31/2021
PR0021555,001,01092,"Zinc, total [as Zn]",72,C3,MAX,Concentration3,ug/L,.072,mg/L,163.6,ug/L,,11/30/2021
PR0021555,001,01092,"Zinc, total [as Zn]",84,C3,MAX,Concentration3,ug/L,.084,mg/L,163.6,ug/L,,12/31/2021
PR0021555,001,01092,"Zinc, total [as Zn]",38,C3,MAX,Concentration3,ug/L,.038,mg/L,163.6,ug/L,,01/31/2022
PR0021555,001,01092,"Zinc, total [as Zn]",80,C3,MAX,Concentration3,ug/L,.08,mg/L,163.6,ug/L,,02/28/2022
PR0021555,001,01092,"Zinc, total [as Zn]",141,C3,MAX,Concentration3,ug/L,.14100001,mg/L,163.6,ug/L,,03/31/2022
PR0021555,001,01092,"Zinc, total [as Zn]",70,C3,MAX,Concentration3,ug/L,.07,mg/L,163.6,ug/L,,04/30/2022
PR0021555,001,01092,"Zinc, total [as Zn]",57,C3,MAX,Concentration3,ug/L,.057,mg/L,163.6,ug/L,,05/31/2022
PR0021555,001,01092,"Zinc, total [as Zn]",67,C3,MAX,Concentration3,ug/L,.067,mg/L,163.6,ug/L,,06/30/2022
PR0021555,001,01092,"Zinc, total [as Zn]",50,C3,MAX,Concentration3,ug/L,.05,mg/L,163.6,ug/L,,07/31/2022
PR0021555,001,01092,"Zinc, total [as Zn]",61,C3,MAX,Concentration3,ug/L,.061,mg/L,163.6,ug/L,,08/31/2022
PR0021555,001,01092,"Zinc, total [as Zn]",83,C3,MAX,Concentration3,ug/L,.083,mg/L,163.6,ug/L,,09/30/2022
PR0021555,001,01092,"Zinc, total [as Zn]",61,C3,MAX,Concentration3,ug/L,.061,mg/L,163.6,ug/L,,10/31/2022
PR0021555,001,01092,"Zinc, total [as Zn]",65,C3,MAX,Concentration3,ug/L,.065,mg/L,163.6,ug/L,,11/30/2022
PR0021555,001,01092,"Zinc, total [as Zn]",88,C3,MAX,Concentration3,ug/L,.088,mg/L,163.6,ug/L,,12/31/2022
PR0021555,001,01092,"Zinc, total [as Zn]",73,C3,MAX,Concentration3,ug/L,.073,mg/L,163.6,ug/L,,01/31/2023
PR0021555,001,01092,"Zinc, total [as Zn]",73,C3,MAX,Concentration3,ug/L,.073,mg/L,163.6,ug/L,,02/28/2023
PR0021555,001,01092,"Zinc, total [as Zn]",98,C3,MAX,Concentration3,ug/L,.098,mg/L,163.6,ug/L,,03/31/2023
PR0021555,001,01092,"Zinc, total [as Zn]",89,C3,MAX,Concentration3,ug/L,.089,mg/L,163.6,ug/L,,04/30/2023
PR0021555,001,01092,"Zinc, total [as Zn]",91,C3,MAX,Concentration3,ug/L,.091,mg/L,163.6,ug/L,,05/31/2023
PR0021555,001,01092,"Zinc, total [as Zn]",90,C3,MAX,Concentration3,ug/L,.09,mg/L,163.6,ug/L,,06/30/2023
PR0021555,001,01092,"Zinc, total [as Zn]",90,C3,MAX,Concentration3,ug/L,.09,mg/L,163.6,ug/L,,07/31/2023
PR0021555,001,01092,"Zinc, total [as Zn]",90,C3,MAX,Concentration3,ug/L,.09,mg/L,163.6,ug/L,,08/31/2023
PR0021555,001,01092,"Zinc, total [as Zn]",106,C3,MAX,Concentration3,ug/L,.10600001,mg/L,163.6,ug/L,,09/30/2023
PR0021555,001,01092,"Zinc, total [as Zn]",89,C3,MAX,Concentration3,ug/L,.089,mg/L,163.6,ug/L,,10/31/2023
PR0021555,001,01092,"Zinc, total [as Zn]",69,C3,MAX,Concentration3,ug/L,.069,mg/L,163.6,ug/L,,11/30/2023
PR0021555,001,01092,"Zinc, total [as Zn]",58,C3,MAX,Concentration3,ug/L,.058,mg/L,163.6,ug/L,,12/31/2023
PR0021555,001,01092,"Zinc, total [as Zn]",49,C3,MAX,Concentration3,ug/L,.049,mg/L,163.6,ug/L,,01/31/2024
PR0021555,001,01092,"Zinc, total [as Zn]",56,C3,MAX,Concentration3,ug/L,.056,mg/L,163.6,ug/L,,02/29/2024
PR0021555,001,01092,"Zinc, total [as Zn]",37.12,C3,MAX,Concentration3,ug/L,.03712,mg/L,163.6,ug/L,,03/31/2024
PR0021555,001,01092,"Zinc, total [as Zn]",35.96,C3,MAX,Concentration3,ug/L,.03596,mg/L,163.6,ug/L,,04/30/2024
PR0021555,001,01092,"Zinc, total [as Zn]",25.62,C3,MAX,Concentration3,ug/L,.02562,mg/L,163.6,ug/L,,05/31/2024
PR0021555,001,01092,"Zinc, total [as Zn]",39.76,C3,MAX,Concentration3,ug/L,.03976,mg/L,163.6,ug/L,,06/30/2024
PR0021555,001,01092,"Zinc, total [as Zn]",40.57,C3,MAX,Concentration3,ug/L,.04057,mg/L,163.6,ug/L,,07/31/2024
PR0021555,001,01092,"Zinc, total [as Zn]",30.22,C3,MAX,Concentration3,ug/L,.03022,mg/L,163.6,ug/L,,08/31/2024
PR0021555,001,01092,"Zinc, total [as Zn]",50.67,C3,MAX,Concentration3,ug/L,.05067,mg/L,163.6,ug/L,,09/30/2024
PR0021555,001,01092,"Zinc, total [as Zn]",45.8,C3,MAX,Concentration3,ug/L,.0458,mg/L,163.6,ug/L,,10/31/2024
PR0021555,001,01092,"Zinc, total [as Zn]",27.01,C3,MAX,Concentration3,ug/L,.02701,mg/L,163.6,ug/L,,11/30/2024
PR0021555,001,01092,"Zinc, total [as Zn]",38.81,C3,MAX,Concentration3,ug/L,.03881,mg/L,163.6,ug/L,,12/31/2024
PR0021555,001,01092,"Zinc, total [as Zn]",49.59,C3,MAX,Concentration3,ug/L,.04959,mg/L,163.6,ug/L,,01/31/2025
PR0021555,001,01092,"Zinc, total [as Zn]",36.07,C3,MAX,Concentration3,ug/L,.03607,mg/L,163.6,ug/L,,02/28/2025
PR0021555,001,01092,"Zinc, total [as Zn]",41.92,C3,MAX,Concentration3,ug/L,.04192,mg/L,163.6,ug/L,,03/31/2025
PR0021555,001,01092,"Zinc, total [as Zn]",39.5,C3,MAX,Concentration3,ug/L,.0395,mg/L,163.6,ug/L,,04/30/2025
PR0021555,001,01092,"Zinc, total [as Zn]",59,C3,MAX,Concentration3,ug/L,.059,mg/L,163.6,ug/L,,05/31/2025
PR0021555,001,01092,"Zinc, total [as Zn]",38.75,C3,MAX,Concentration3,ug/L,.03875,mg/L,163.6,ug/L,,06/30/2025
PR0021555,001,01092,"Zinc, total [as Zn]",50.3,C3,MAX,Concentration3,ug/L,.0503,mg/L,163.6,ug/L,,07/31/2025
PR0021555,001,01092,"Zinc, total [as Zn]",49.8,C3,MAX,Concentration3,ug/L,.0498,mg/L,163.6,ug/L,,08/31/2025
PR0021555,001,01092,"Zinc, total [as Zn]",53,C3,MAX,Concentration3,ug/L,.053,mg/L,163.6,ug/L,,09/30/2025
PR0021555,001,01092,"Zinc, total [as Zn]",55.2,C3,MAX,Concentration3,ug/L,.0552,mg/L,163.6,ug/L,,10/31/2025
PR0021555,001,01092,"Zinc, total [as Zn]",27.7,C3,MAX,Concentration3,ug/L,.0277,mg/L,163.6,ug/L,,11/30/2025
PR0021555,001,01092,"Zinc, total [as Zn]",46.8,C3,MAX,Concentration3,ug/L,.0468,mg/L,163.6,ug/L,,12/31/2025
PR0021555,001,01092,"Zinc, total [as Zn]",39.4,C3,MAX,Concentration3,ug/L,.0394,mg/L,163.6,ug/L,,01/31/2026
PR0021555,001,22414,Whole effluent toxicity,NA,C1,MIN,Concentration1,,,%,.8,%,9,01/31/2022
PR0021555,001,22414,Whole effluent toxicity,3.25,C1,MIN,Concentration1,%,3.25,%,.8,%,,04/30/2022
PR0021555,001,22414,Whole effluent toxicity,3.25,C1,MIN,Concentration1,%,3.25,%,.8,%,,07/31/2022
PR0021555,001,22414,Whole effluent toxicity,3.25,C1,MIN,Concentration1,%,3.25,%,.8,%,,10/31/2022
PR0021555,001,22414,Whole effluent toxicity,3.25,C1,MIN,Concentration1,%,3.25,%,.8,%,,01/31/2023
PR0021555,001,22414,Whole effluent toxicity,3.25,C1,MIN,Concentration1,%,3.25,%,.8,%,,04/30/2023
PR0021555,001,22414,Whole effluent toxicity,3.25,C1,MIN,Concentration1,%,3.25,%,.8,%,,07/31/2023
PR0021555,001,22414,Whole effluent toxicity,3.25,C1,MIN,Concentration1,%,3.25,%,.8,%,,10/31/2023
PR0021555,001,22414,Whole effluent toxicity,3.25,C1,MIN,Concentration1,%,3.25,%,.8,%,,01/31/2024
PR0021555,001,22414,Whole effluent toxicity,3.25,C1,MIN,Concentration1,%,3.25,%,.8,%,,04/30/2024
PR0021555,001,22414,Whole effluent toxicity,3.25,C1,MIN,Concentration1,%,3.25,%,.8,%,,07/31/2024
PR0021555,001,22414,Whole effluent toxicity,30.77,C1,MIN,Concentration1,%,30.77,%,.8,%,,10/31/2024
PR0021555,001,22414,Whole effluent toxicity,30.77,C1,MIN,Concentration1,%,30.77,%,.8,%,,01/31/2025
PR0021555,001,22414,Whole effluent toxicity,30.77,C1,MIN,Concentration1,%,30.77,%,.8,%,,04/30/2025
PR0021555,001,22414,Whole effluent toxicity,3.25,C1,MIN,Concentration1,%,3.25,%,.8,%,,07/31/2025
PR0021555,001,22414,Whole effluent toxicity,3.25,C1,MIN,Concentration1,%,3.25,%,.8,%,,10/31/2025
PR0021555,001,22414,Whole effluent toxicity,3.25,C1,MIN,Concentration1,%,3.25,%,.8,%,,01/31/2026
PR0021555,001,30500,"Coliform, fecal - % samples exceeding limit",0,C2,MAX,Concentration2,%,0,%,20,%,,01/31/2020
PR0021555,001,30500,"Coliform, fecal - % samples exceeding limit",0,C2,MAX,Concentration2,%,0,%,20,%,,02/29/2020
PR0021555,001,30500,"Coliform, fecal - % samples exceeding limit",0,C2,MAX,Concentration2,%,0,%,20,%,,03/31/2020
PR0021555,001,30500,"Coliform, fecal - % samples exceeding limit",0,C2,MAX,Concentration2,%,0,%,20,%,,04/30/2020
PR0021555,001,30500,"Coliform, fecal - % samples exceeding limit",0,C2,MAX,Concentration2,%,0,%,20,%,,05/31/2020
PR0021555,001,30500,"Coliform, fecal - % samples exceeding limit",0,C2,MAX,Concentration2,%,0,%,20,%,,06/30/2020
PR0021555,001,30500,"Coliform, fecal - % samples exceeding limit",0,C2,MAX,Concentration2,%,0,%,20,%,,07/31/2020
PR0021555,001,30500,"Coliform, fecal - % samples exceeding limit",0,C2,MAX,Concentration2,%,0,%,20,%,,08/31/2020
PR0021555,001,30500,"Coliform, fecal - % samples exceeding limit",0,C2,MAX,Concentration2,%,0,%,20,%,,09/30/2020
PR0021555,001,30500,"Coliform, fecal - % samples exceeding limit",0,C2,MAX,Concentration2,%,0,%,20,%,,10/31/2020
PR0021555,001,30500,"Coliform, fecal - % samples exceeding limit",0,C2,MAX,Concentration2,%,0,%,20,%,,11/30/2020
PR0021555,001,30500,"Coliform, fecal - % samples exceeding limit",0,C2,MAX,Concentration2,%,0,%,20,%,,12/31/2020
PR0021555,001,30500,"Coliform, fecal - % samples exceeding limit",0,C2,MAX,Concentration2,%,0,%,20,%,,01/31/2021
PR0021555,001,30500,"Coliform, fecal - % samples exceeding limit",0,C2,MAX,Concentration2,%,0,%,20,%,,02/28/2021
PR0021555,001,30500,"Coliform, fecal - % samples exceeding limit",0,C2,MAX,Concentration2,%,0,%,20,%,,03/31/2021
PR0021555,001,30500,"Coliform, fecal - % samples exceeding limit",0,C2,MAX,Concentration2,%,0,%,20,%,,04/30/2021
PR0021555,001,30500,"Coliform, fecal - % samples exceeding limit",0,C2,MAX,Concentration2,%,0,%,20,%,,05/31/2021
PR0021555,001,30500,"Coliform, fecal - % samples exceeding limit",0,C2,MAX,Concentration2,%,0,%,20,%,,06/30/2021
PR0021555,001,30500,"Coliform, fecal - % samples exceeding limit",0,C2,MAX,Concentration2,%,0,%,20,%,,07/31/2021
PR0021555,001,30500,"Coliform, fecal - % samples exceeding limit",0,C2,MAX,Concentration2,%,0,%,20,%,,08/31/2021
PR0021555,001,30500,"Coliform, fecal - % samples exceeding limit",0,C2,MAX,Concentration2,%,0,%,20,%,,09/30/2021
PR0021555,001,30500,"Coliform, fecal - % samples exceeding limit",0,C2,MAX,Concentration2,%,0,%,20,%,,10/31/2021
PR0021555,001,38260,Surfactants [MBAS],1910,C3,MAX,Concentration3,ug/L,1.91000009,mg/L,7020,ug/L,,01/31/2020
PR0021555,001,38260,Surfactants [MBAS],1800,C3,MAX,Concentration3,ug/L,1.80000009,mg/L,7020,ug/L,,02/29/2020
PR0021555,001,38260,Surfactants [MBAS],1870,C3,MAX,Concentration3,ug/L,1.87000009,mg/L,7020,ug/L,,03/31/2020
PR0021555,001,38260,Surfactants [MBAS],677,C3,MAX,Concentration3,ug/L,.67700003,mg/L,7020,ug/L,,04/30/2020
PR0021555,001,38260,Surfactants [MBAS],814,C3,MAX,Concentration3,ug/L,.81400004,mg/L,7020,ug/L,,05/31/2020
PR0021555,001,38260,Surfactants [MBAS],704,C3,MAX,Concentration3,ug/L,.70400003,mg/L,7020,ug/L,,06/30/2020
PR0021555,001,38260,Surfactants [MBAS],2190,C3,MAX,Concentration3,ug/L,2.1900001,mg/L,7020,ug/L,,07/31/2020
PR0021555,001,38260,Surfactants [MBAS],422,C3,MAX,Concentration3,ug/L,.42200002,mg/L,7020,ug/L,,08/31/2020
PR0021555,001,38260,Surfactants [MBAS],2300,C3,MAX,Concentration3,ug/L,2.30000011,mg/L,7020,ug/L,,09/30/2020
PR0021555,001,38260,Surfactants [MBAS],1870,C3,MAX,Concentration3,ug/L,1.87000009,mg/L,7020,ug/L,,10/31/2020
PR0021555,001,38260,Surfactants [MBAS],1040,C3,MAX,Concentration3,ug/L,1.04000005,mg/L,7020,ug/L,,11/30/2020
PR0021555,001,38260,Surfactants [MBAS],1650,C3,MAX,Concentration3,ug/L,1.65000008,mg/L,7020,ug/L,,12/31/2020
PR0021555,001,38260,Surfactants [MBAS],1400,C3,MAX,Concentration3,ug/L,1.40000007,mg/L,7020,ug/L,,01/31/2021
PR0021555,001,38260,Surfactants [MBAS],1670,C3,MAX,Concentration3,ug/L,1.67000008,mg/L,7020,ug/L,,02/28/2021
PR0021555,001,38260,Surfactants [MBAS],1050,C3,MAX,Concentration3,ug/L,1.05000005,mg/L,7020,ug/L,,03/31/2021
PR0021555,001,38260,Surfactants [MBAS],1670,C3,MAX,Concentration3,ug/L,1.67000008,mg/L,7020,ug/L,,04/30/2021
PR0021555,001,38260,Surfactants [MBAS],1290,C3,MAX,Concentration3,ug/L,1.29000006,mg/L,7020,ug/L,,05/31/2021
PR0021555,001,38260,Surfactants [MBAS],1950,C3,MAX,Concentration3,ug/L,1.95000009,mg/L,7020,ug/L,,06/30/2021
PR0021555,001,38260,Surfactants [MBAS],1870,C3,MAX,Concentration3,ug/L,1.87000009,mg/L,7020,ug/L,,07/31/2021
PR0021555,001,38260,Surfactants [MBAS],1230,C3,MAX,Concentration3,ug/L,1.23000006,mg/L,7020,ug/L,,08/31/2021
PR0021555,001,38260,Surfactants [MBAS],1140,C3,MAX,Concentration3,ug/L,1.14000005,mg/L,7020,ug/L,,09/30/2021
PR0021555,001,38260,Surfactants [MBAS],1120,C3,MAX,Concentration3,ug/L,1.12000005,mg/L,7020,ug/L,,10/31/2021
PR0021555,001,38260,Surfactants [MBAS],1340,C3,MAX,Concentration3,ug/L,1.34000006,mg/L,4634,ug/L,,11/30/2021
PR0021555,001,38260,Surfactants [MBAS],1320,C3,MAX,Concentration3,ug/L,1.32000006,mg/L,4634,ug/L,,12/31/2021
PR0021555,001,38260,Surfactants [MBAS],869,C3,MAX,Concentration3,ug/L,.86900004,mg/L,4634,ug/L,,01/31/2022
PR0021555,001,38260,Surfactants [MBAS],157,C3,MAX,Concentration3,ug/L,.15700001,mg/L,4634,ug/L,,02/28/2022
PR0021555,001,38260,Surfactants [MBAS],1210,C3,MAX,Concentration3,ug/L,1.21000006,mg/L,4634,ug/L,,03/31/2022
PR0021555,001,38260,Surfactants [MBAS],1120,C3,MAX,Concentration3,ug/L,1.12000005,mg/L,4634,ug/L,,04/30/2022
PR0021555,001,38260,Surfactants [MBAS],1640,C3,MAX,Concentration3,ug/L,1.64000008,mg/L,4634,ug/L,,05/31/2022
PR0021555,001,38260,Surfactants [MBAS],1730,C3,MAX,Concentration3,ug/L,1.73000008,mg/L,4634,ug/L,,06/30/2022
PR0021555,001,38260,Surfactants [MBAS],2880,C3,MAX,Concentration3,ug/L,2.88000014,mg/L,4634,ug/L,,07/31/2022
PR0021555,001,38260,Surfactants [MBAS],1570,C3,MAX,Concentration3,ug/L,1.57000007,mg/L,4634,ug/L,,08/31/2022
PR0021555,001,38260,Surfactants [MBAS],2380,C3,MAX,Concentration3,ug/L,2.38000011,mg/L,4634,ug/L,,09/30/2022
PR0021555,001,38260,Surfactants [MBAS],1730,C3,MAX,Concentration3,ug/L,1.73000008,mg/L,4634,ug/L,,10/31/2022
PR0021555,001,38260,Surfactants [MBAS],1430,C3,MAX,Concentration3,ug/L,1.43000007,mg/L,4634,ug/L,,11/30/2022
PR0021555,001,38260,Surfactants [MBAS],2830,C3,MAX,Concentration3,ug/L,2.83000013,mg/L,4634,ug/L,,12/31/2022
PR0021555,001,38260,Surfactants [MBAS],976,C3,MAX,Concentration3,ug/L,.97600005,mg/L,4634,ug/L,,01/31/2023
PR0021555,001,38260,Surfactants [MBAS],2720,C3,MAX,Concentration3,ug/L,2.72000013,mg/L,4634,ug/L,,02/28/2023
PR0021555,001,38260,Surfactants [MBAS],2120,C3,MAX,Concentration3,ug/L,2.1200001,mg/L,4634,ug/L,,03/31/2023
PR0021555,001,38260,Surfactants [MBAS],1600,C3,MAX,Concentration3,ug/L,1.60000008,mg/L,4634,ug/L,,04/30/2023
PR0021555,001,38260,Surfactants [MBAS],2000,C3,MAX,Concentration3,ug/L,2.00000009,mg/L,4634,ug/L,,05/31/2023
PR0021555,001,38260,Surfactants [MBAS],3080,C3,MAX,Concentration3,ug/L,3.08000015,mg/L,4634,ug/L,,06/30/2023
PR0021555,001,38260,Surfactants [MBAS],1820,C3,MAX,Concentration3,ug/L,1.82000009,mg/L,4634,ug/L,,07/31/2023
PR0021555,001,38260,Surfactants [MBAS],260,C3,MAX,Concentration3,ug/L,.26000001,mg/L,4634,ug/L,,08/31/2023
PR0021555,001,38260,Surfactants [MBAS],1070,C3,MAX,Concentration3,ug/L,1.07000005,mg/L,4634,ug/L,,09/30/2023
PR0021555,001,38260,Surfactants [MBAS],1390,C3,MAX,Concentration3,ug/L,1.39000007,mg/L,4634,ug/L,,10/31/2023
PR0021555,001,38260,Surfactants [MBAS],1710,C3,MAX,Concentration3,ug/L,1.71000008,mg/L,4634,ug/L,,11/30/2023
PR0021555,001,38260,Surfactants [MBAS],2740,C3,MAX,Concentration3,ug/L,2.74000013,mg/L,4634,ug/L,,12/31/2023
PR0021555,001,38260,Surfactants [MBAS],2640,C3,MAX,Concentration3,ug/L,2.64000013,mg/L,4634,ug/L,,01/31/2024
PR0021555,001,38260,Surfactants [MBAS],2110,C3,MAX,Concentration3,ug/L,2.1100001,mg/L,4634,ug/L,,02/29/2024
PR0021555,001,38260,Surfactants [MBAS],2170,C3,MAX,Concentration3,ug/L,2.1700001,mg/L,4634,ug/L,,03/31/2024
PR0021555,001,38260,Surfactants [MBAS],7620,C3,MAX,Concentration3,ug/L,7.62000036,mg/L,4634,ug/L,,04/30/2024
PR0021555,001,38260,Surfactants [MBAS],694,C3,MAX,Concentration3,ug/L,.69400003,mg/L,4634,ug/L,,05/31/2024
PR0021555,001,38260,Surfactants [MBAS],2930,C3,MAX,Concentration3,ug/L,2.93000014,mg/L,4634,ug/L,,06/30/2024
PR0021555,001,38260,Surfactants [MBAS],2160,C3,MAX,Concentration3,ug/L,2.1600001,mg/L,4634,ug/L,,07/31/2024
PR0021555,001,38260,Surfactants [MBAS],980,C3,MAX,Concentration3,ug/L,.98000005,mg/L,4634,ug/L,,08/31/2024
PR0021555,001,38260,Surfactants [MBAS],1770,C3,MAX,Concentration3,ug/L,1.77000008,mg/L,4634,ug/L,,09/30/2024
PR0021555,001,38260,Surfactants [MBAS],1720,C3,MAX,Concentration3,ug/L,1.72000008,mg/L,4634,ug/L,,10/31/2024
PR0021555,001,38260,Surfactants [MBAS],1940,C3,MAX,Concentration3,ug/L,1.94000009,mg/L,4634,ug/L,,11/30/2024
PR0021555,001,38260,Surfactants [MBAS],1370,C3,MAX,Concentration3,ug/L,1.37000007,mg/L,4634,ug/L,,12/31/2024
PR0021555,001,38260,Surfactants [MBAS],2710,C3,MAX,Concentration3,ug/L,2.71000013,mg/L,4634,ug/L,,01/31/2025
PR0021555,001,38260,Surfactants [MBAS],2200,C3,MAX,Concentration3,ug/L,2.2000001,mg/L,4634,ug/L,,02/28/2025
PR0021555,001,38260,Surfactants [MBAS],883,C3,MAX,Concentration3,ug/L,.88300004,mg/L,4634,ug/L,,03/31/2025
PR0021555,001,38260,Surfactants [MBAS],1540,C3,MAX,Concentration3,ug/L,1.54000007,mg/L,4634,ug/L,,04/30/2025
PR0021555,001,38260,Surfactants [MBAS],1520,C3,MAX,Concentration3,ug/L,1.52000007,mg/L,4634,ug/L,,05/31/2025
PR0021555,001,38260,Surfactants [MBAS],1580,C3,MAX,Concentration3,ug/L,1.58000008,mg/L,4634,ug/L,,06/30/2025
PR0021555,001,38260,Surfactants [MBAS],1670,C3,MAX,Concentration3,ug/L,1.67000008,mg/L,4634,ug/L,,07/31/2025
PR0021555,001,38260,Surfactants [MBAS],1430,C3,MAX,Concentration3,ug/L,1.43000007,mg/L,4634,ug/L,,08/31/2025
PR0021555,001,38260,Surfactants [MBAS],1350,C3,MAX,Concentration3,ug/L,1.35000006,mg/L,4634,ug/L,,09/30/2025
PR0021555,001,38260,Surfactants [MBAS],1640,C3,MAX,Concentration3,ug/L,1.64000008,mg/L,4634,ug/L,,10/31/2025
PR0021555,001,38260,Surfactants [MBAS],1500,C3,MAX,Concentration3,ug/L,1.50000007,mg/L,4634,ug/L,,11/30/2025
PR0021555,001,38260,Surfactants [MBAS],637,C3,MAX,Concentration3,ug/L,.63700003,mg/L,4634,ug/L,,12/31/2025
PR0021555,001,38260,Surfactants [MBAS],1420,C3,MAX,Concentration3,ug/L,1.42000007,mg/L,4634,ug/L,,01/31/2026
PR0021555,001,50050,"Flow, in conduit or thru treatment plant",64.6,Q1,AVG,Quantity1,MGD,64.6,MGD,,MGD,,01/31/2020
PR0021555,001,50050,"Flow, in conduit or thru treatment plant",82.3,Q2,MAX,Quantity2,MGD,82.3,MGD,,MGD,,01/31/2020
PR0021555,001,50050,"Flow, in conduit or thru treatment plant",83.4,Q2,MAX,Quantity2,MGD,83.4,MGD,,MGD,,02/29/2020
PR0021555,001,50050,"Flow, in conduit or thru treatment plant",56.9,Q1,AVG,Quantity1,MGD,56.9,MGD,,MGD,,02/29/2020
PR0021555,001,50050,"Flow, in conduit or thru treatment plant",56.1,Q1,AVG,Quantity1,MGD,56.1,MGD,,MGD,,03/31/2020
PR0021555,001,50050,"Flow, in conduit or thru treatment plant",76.8,Q2,MAX,Quantity2,MGD,76.8,MGD,,MGD,,03/31/2020
PR0021555,001,50050,"Flow, in conduit or thru treatment plant",75.2,Q2,MAX,Quantity2,MGD,75.2,MGD,,MGD,,04/30/2020
PR0021555,001,50050,"Flow, in conduit or thru treatment plant",56.1,Q1,AVG,Quantity1,MGD,56.1,MGD,,MGD,,04/30/2020
PR0021555,001,50050,"Flow, in conduit or thru treatment plant",52.2,Q1,AVG,Quantity1,MGD,52.2,MGD,,MGD,,05/31/2020
PR0021555,001,50050,"Flow, in conduit or thru treatment plant",65.2,Q2,MAX,Quantity2,MGD,65.2,MGD,,MGD,,05/31/2020
PR0021555,001,50050,"Flow, in conduit or thru treatment plant",59.15,Q2,MAX,Quantity2,MGD,59.15,MGD,,MGD,,06/30/2020
PR0021555,001,50050,"Flow, in conduit or thru treatment plant",51.56,Q1,AVG,Quantity1,MGD,51.56,MGD,,MGD,,06/30/2020
PR0021555,001,50050,"Flow, in conduit or thru treatment plant",53.42,Q1,AVG,Quantity1,MGD,53.42,MGD,,MGD,,07/31/2020
PR0021555,001,50050,"Flow, in conduit or thru treatment plant",88.11,Q2,MAX,Quantity2,MGD,88.11,MGD,,MGD,,07/31/2020
PR0021555,001,50050,"Flow, in conduit or thru treatment plant",60.32,Q1,AVG,Quantity1,MGD,60.32,MGD,,MGD,,08/31/2020
PR0021555,001,50050,"Flow, in conduit or thru treatment plant",90.79,Q2,MAX,Quantity2,MGD,90.79,MGD,,MGD,,08/31/2020
PR0021555,001,50050,"Flow, in conduit or thru treatment plant",58.32,Q1,AVG,Quantity1,MGD,58.32,MGD,,MGD,,09/30/2020
PR0021555,001,50050,"Flow, in conduit or thru treatment plant",87.88,Q2,MAX,Quantity2,MGD,87.88,MGD,,MGD,,09/30/2020
PR0021555,001,50050,"Flow, in conduit or thru treatment plant",56.83,Q1,AVG,Quantity1,MGD,56.83,MGD,,MGD,,10/31/2020
PR0021555,001,50050,"Flow, in conduit or thru treatment plant",70.99,Q2,MAX,Quantity2,MGD,70.99,MGD,,MGD,,10/31/2020
PR0021555,001,50050,"Flow, in conduit or thru treatment plant",61.21,Q1,AVG,Quantity1,MGD,61.21,MGD,,MGD,,11/30/2020
PR0021555,001,50050,"Flow, in conduit or thru treatment plant",79.48,Q2,MAX,Quantity2,MGD,79.48,MGD,,MGD,,11/30/2020
PR0021555,001,50050,"Flow, in conduit or thru treatment plant",69.8,Q2,MAX,Quantity2,MGD,69.8,MGD,,MGD,,12/31/2020
PR0021555,001,50050,"Flow, in conduit or thru treatment plant",57.2,Q1,AVG,Quantity1,MGD,57.2,MGD,,MGD,,12/31/2020
PR0021555,001,50050,"Flow, in conduit or thru treatment plant",54.6,Q1,AVG,Quantity1,MGD,54.6,MGD,,MGD,,01/31/2021
PR0021555,001,50050,"Flow, in conduit or thru treatment plant",72.1,Q2,MAX,Quantity2,MGD,72.1,MGD,,MGD,,01/31/2021
PR0021555,001,50050,"Flow, in conduit or thru treatment plant",69.35,Q2,MAX,Quantity2,MGD,69.35,MGD,,MGD,,02/28/2021
PR0021555,001,50050,"Flow, in conduit or thru treatment plant",55.7,Q1,AVG,Quantity1,MGD,55.7,MGD,,MGD,,02/28/2021
PR0021555,001,50050,"Flow, in conduit or thru treatment plant",53.2,Q1,AVG,Quantity1,MGD,53.2,MGD,,MGD,,03/31/2021
PR0021555,001,50050,"Flow, in conduit or thru treatment plant",57.3,Q2,MAX,Quantity2,MGD,57.3,MGD,,MGD,,03/31/2021
PR0021555,001,50050,"Flow, in conduit or thru treatment plant",66.51,Q2,MAX,Quantity2,MGD,66.51,MGD,,MGD,,04/30/2021
PR0021555,001,50050,"Flow, in conduit or thru treatment plant",53.34,Q1,AVG,Quantity1,MGD,53.34,MGD,,MGD,,04/30/2021
PR0021555,001,50050,"Flow, in conduit or thru treatment plant",52.6,Q1,AVG,Quantity1,MGD,52.6,MGD,,MGD,,05/31/2021
PR0021555,001,50050,"Flow, in conduit or thru treatment plant",69.7,Q2,MAX,Quantity2,MGD,69.7,MGD,,MGD,,05/31/2021
PR0021555,001,50050,"Flow, in conduit or thru treatment plant",83.25,Q2,MAX,Quantity2,MGD,83.25,MGD,,MGD,,06/30/2021
PR0021555,001,50050,"Flow, in conduit or thru treatment plant",59.27,Q1,AVG,Quantity1,MGD,59.27,MGD,,MGD,,06/30/2021
PR0021555,001,50050,"Flow, in conduit or thru treatment plant",50.9,Q1,AVG,Quantity1,MGD,50.9,MGD,,MGD,,07/31/2021
PR0021555,001,50050,"Flow, in conduit or thru treatment plant",66.9,Q2,MAX,Quantity2,MGD,66.9,MGD,,MGD,,07/31/2021
PR0021555,001,50050,"Flow, in conduit or thru treatment plant",73.8,Q2,MAX,Quantity2,MGD,73.8,MGD,,MGD,,08/31/2021
PR0021555,001,50050,"Flow, in conduit or thru treatment plant",50.2,Q1,AVG,Quantity1,MGD,50.2,MGD,,MGD,,08/31/2021
PR0021555,001,50050,"Flow, in conduit or thru treatment plant",50.7,Q1,AVG,Quantity1,MGD,50.7,MGD,,MGD,,09/30/2021
PR0021555,001,50050,"Flow, in conduit or thru treatment plant",73.6,Q2,MAX,Quantity2,MGD,73.6,MGD,,MGD,,09/30/2021
PR0021555,001,50050,"Flow, in conduit or thru treatment plant",79.82,Q2,MAX,Quantity2,MGD,79.82,MGD,,MGD,,10/31/2021
PR0021555,001,50050,"Flow, in conduit or thru treatment plant",55.77,Q1,AVG,Quantity1,MGD,55.77,MGD,,MGD,,10/31/2021
PR0021555,001,50050,"Flow, in conduit or thru treatment plant",47.43,Q1,AVG,Quantity1,MGD,47.43,MGD,,MGD,,11/30/2021
PR0021555,001,50050,"Flow, in conduit or thru treatment plant",51.9,C3,AVG,Concentration3,MGD,51.9,MGD,,MGD,,11/30/2021
PR0021555,001,50050,"Flow, in conduit or thru treatment plant",62.52,Q2,MAX,Quantity2,MGD,62.52,MGD,,MGD,,11/30/2021
PR0021555,001,50050,"Flow, in conduit or thru treatment plant",80.8,Q2,MAX,Quantity2,MGD,80.8,MGD,,MGD,,12/31/2021
PR0021555,001,50050,"Flow, in conduit or thru treatment plant",61.98,C3,AVG,Concentration3,MGD,61.98,MGD,,MGD,,12/31/2021
PR0021555,001,50050,"Flow, in conduit or thru treatment plant",55.2,Q1,AVG,Quantity1,MGD,55.2,MGD,,MGD,,12/31/2021
PR0021555,001,50050,"Flow, in conduit or thru treatment plant",42.6,Q1,AVG,Quantity1,MGD,42.6,MGD,,MGD,,01/31/2022
PR0021555,001,50050,"Flow, in conduit or thru treatment plant",46.47,C3,AVG,Concentration3,MGD,46.47,MGD,,MGD,,01/31/2022
PR0021555,001,50050,"Flow, in conduit or thru treatment plant",53.6,Q2,MAX,Quantity2,MGD,53.6,MGD,,MGD,,01/31/2022
PR0021555,001,50050,"Flow, in conduit or thru treatment plant",85.99,Q2,MAX,Quantity2,MGD,85.99,MGD,,MGD,,02/28/2022
PR0021555,001,50050,"Flow, in conduit or thru treatment plant",68.42,C3,AVG,Concentration3,MGD,68.42,MGD,,MGD,,02/28/2022
PR0021555,001,50050,"Flow, in conduit or thru treatment plant",58.32,Q1,AVG,Quantity1,MGD,58.32,MGD,,MGD,,02/28/2022
PR0021555,001,50050,"Flow, in conduit or thru treatment plant",50.38,Q1,AVG,Quantity1,MGD,50.38,MGD,,MGD,,03/31/2022
PR0021555,001,50050,"Flow, in conduit or thru treatment plant",55.56,C3,AVG,Concentration3,MGD,55.56,MGD,,MGD,,03/31/2022
PR0021555,001,50050,"Flow, in conduit or thru treatment plant",63.32,Q2,MAX,Quantity2,MGD,63.32,MGD,,MGD,,03/31/2022
PR0021555,001,50050,"Flow, in conduit or thru treatment plant",72.11,Q2,MAX,Quantity2,MGD,72.11,MGD,,MGD,,04/30/2022
PR0021555,001,50050,"Flow, in conduit or thru treatment plant",48.79,C3,AVG,Concentration3,MGD,48.79,MGD,,MGD,,04/30/2022
PR0021555,001,50050,"Flow, in conduit or thru treatment plant",47.09,Q1,AVG,Quantity1,MGD,47.09,MGD,,MGD,,04/30/2022
PR0021555,001,50050,"Flow, in conduit or thru treatment plant",49.07,Q1,AVG,Quantity1,MGD,49.07,MGD,,MGD,,05/31/2022
PR0021555,001,50050,"Flow, in conduit or thru treatment plant",54.15,C3,AVG,Concentration3,MGD,54.15,MGD,,MGD,,05/31/2022
PR0021555,001,50050,"Flow, in conduit or thru treatment plant",79.11,Q2,MAX,Quantity2,MGD,79.11,MGD,,MGD,,05/31/2022
PR0021555,001,50050,"Flow, in conduit or thru treatment plant",61.3,Q2,MAX,Quantity2,MGD,61.3,MGD,,MGD,,06/30/2022
PR0021555,001,50050,"Flow, in conduit or thru treatment plant",48.55,C3,AVG,Concentration3,MGD,48.55,MGD,,MGD,,06/30/2022
PR0021555,001,50050,"Flow, in conduit or thru treatment plant",45.6,Q1,AVG,Quantity1,MGD,45.6,MGD,,MGD,,06/30/2022
PR0021555,001,50050,"Flow, in conduit or thru treatment plant",55.21,Q1,AVG,Quantity1,MGD,55.21,MGD,,MGD,,07/31/2022
PR0021555,001,50050,"Flow, in conduit or thru treatment plant",60.79,C3,AVG,Concentration3,MGD,60.79,MGD,,MGD,,07/31/2022
PR0021555,001,50050,"Flow, in conduit or thru treatment plant",74.11,Q2,MAX,Quantity2,MGD,74.11,MGD,,MGD,,07/31/2022
PR0021555,001,50050,"Flow, in conduit or thru treatment plant",69.33,Q2,MAX,Quantity2,MGD,69.33,MGD,,MGD,,08/31/2022
PR0021555,001,50050,"Flow, in conduit or thru treatment plant",61.51,C3,AVG,Concentration3,MGD,61.51,MGD,,MGD,,08/31/2022
PR0021555,001,50050,"Flow, in conduit or thru treatment plant",74.75,Q1,AVG,Quantity1,MGD,74.75,MGD,,MGD,,08/31/2022
PR0021555,001,50050,"Flow, in conduit or thru treatment plant",63.21,Q1,AVG,Quantity1,MGD,63.21,MGD,,MGD,,09/30/2022
PR0021555,001,50050,"Flow, in conduit or thru treatment plant",60.52,C3,AVG,Concentration3,MGD,60.52,MGD,,MGD,,09/30/2022
PR0021555,001,50050,"Flow, in conduit or thru treatment plant",95.02,Q2,MAX,Quantity2,MGD,95.02,MGD,,MGD,,09/30/2022
PR0021555,001,50050,"Flow, in conduit or thru treatment plant",84.91,Q2,MAX,Quantity2,MGD,84.91,MGD,,MGD,,10/31/2022
PR0021555,001,50050,"Flow, in conduit or thru treatment plant",78.8,C3,AVG,Concentration3,MGD,78.8,MGD,,MGD,,10/31/2022
PR0021555,001,50050,"Flow, in conduit or thru treatment plant",59.38,Q1,AVG,Quantity1,MGD,59.38,MGD,,MGD,,10/31/2022
PR0021555,001,50050,"Flow, in conduit or thru treatment plant",74.15,Q1,AVG,Quantity1,MGD,74.15,MGD,,MGD,,11/30/2022
PR0021555,001,50050,"Flow, in conduit or thru treatment plant",59.14,C3,AVG,Concentration3,MGD,59.14,MGD,,MGD,,11/30/2022
PR0021555,001,50050,"Flow, in conduit or thru treatment plant",93.8,Q2,MAX,Quantity2,MGD,93.8,MGD,,MGD,,11/30/2022
PR0021555,001,50050,"Flow, in conduit or thru treatment plant",70.1,Q2,MAX,Quantity2,MGD,70.1,MGD,,MGD,,12/31/2022
PR0021555,001,50050,"Flow, in conduit or thru treatment plant",60,C3,AVG,Concentration3,MGD,60,MGD,,MGD,,12/31/2022
PR0021555,001,50050,"Flow, in conduit or thru treatment plant",54.5,Q1,AVG,Quantity1,MGD,54.5,MGD,,MGD,,12/31/2022
PR0021555,001,50050,"Flow, in conduit or thru treatment plant",63,Q1,AVG,Quantity1,MGD,63,MGD,,MGD,,01/31/2023
PR0021555,001,50050,"Flow, in conduit or thru treatment plant",68.59,C3,AVG,Concentration3,MGD,68.59,MGD,,MGD,,01/31/2023
PR0021555,001,50050,"Flow, in conduit or thru treatment plant",88.6,Q2,MAX,Quantity2,MGD,88.6,MGD,,MGD,,01/31/2023
PR0021555,001,50050,"Flow, in conduit or thru treatment plant",64.83,Q2,MAX,Quantity2,MGD,64.83,MGD,,MGD,,02/28/2023
PR0021555,001,50050,"Flow, in conduit or thru treatment plant",56.61,C3,AVG,Concentration3,MGD,56.61,MGD,,MGD,,02/28/2023
PR0021555,001,50050,"Flow, in conduit or thru treatment plant",57.02,Q1,AVG,Quantity1,MGD,57.02,MGD,,MGD,,02/28/2023
PR0021555,001,50050,"Flow, in conduit or thru treatment plant",53.79,Q1,AVG,Quantity1,MGD,53.79,MGD,,MGD,,03/31/2023
PR0021555,001,50050,"Flow, in conduit or thru treatment plant",55.9,C3,AVG,Concentration3,MGD,55.9,MGD,,MGD,,03/31/2023
PR0021555,001,50050,"Flow, in conduit or thru treatment plant",69.04,Q2,MAX,Quantity2,MGD,69.04,MGD,,MGD,,03/31/2023
PR0021555,001,50050,"Flow, in conduit or thru treatment plant",87.75,Q2,MAX,Quantity2,MGD,87.75,MGD,,MGD,,04/30/2023
PR0021555,001,50050,"Flow, in conduit or thru treatment plant",60.46,C3,AVG,Concentration3,MGD,60.46,MGD,,MGD,,04/30/2023
PR0021555,001,50050,"Flow, in conduit or thru treatment plant",55.03,Q1,AVG,Quantity1,MGD,55.03,MGD,,MGD,,04/30/2023
PR0021555,001,50050,"Flow, in conduit or thru treatment plant",54.43,Q1,AVG,Quantity1,MGD,54.43,MGD,,MGD,,05/31/2023
PR0021555,001,50050,"Flow, in conduit or thru treatment plant",61.33,C3,AVG,Concentration3,MGD,61.33,MGD,,MGD,,05/31/2023
PR0021555,001,50050,"Flow, in conduit or thru treatment plant",73.52,Q2,MAX,Quantity2,MGD,73.52,MGD,,MGD,,05/31/2023
PR0021555,001,50050,"Flow, in conduit or thru treatment plant",70.56,Q2,MAX,Quantity2,MGD,70.56,MGD,,MGD,,06/30/2023
PR0021555,001,50050,"Flow, in conduit or thru treatment plant",58.86,C3,AVG,Concentration3,MGD,58.86,MGD,,MGD,,06/30/2023
PR0021555,001,50050,"Flow, in conduit or thru treatment plant",53.83,Q1,AVG,Quantity1,MGD,53.83,MGD,,MGD,,06/30/2023
PR0021555,001,50050,"Flow, in conduit or thru treatment plant",56.44,Q1,AVG,Quantity1,MGD,56.44,MGD,,MGD,,07/31/2023
PR0021555,001,50050,"Flow, in conduit or thru treatment plant",62.35,C3,AVG,Concentration3,MGD,62.35,MGD,,MGD,,07/31/2023
PR0021555,001,50050,"Flow, in conduit or thru treatment plant",90.2,Q2,MAX,Quantity2,MGD,90.2,MGD,,MGD,,07/31/2023
PR0021555,001,50050,"Flow, in conduit or thru treatment plant",77.88,Q2,MAX,Quantity2,MGD,77.88,MGD,,MGD,,08/31/2023
PR0021555,001,50050,"Flow, in conduit or thru treatment plant",65.81,C3,AVG,Concentration3,MGD,65.81,MGD,,MGD,,08/31/2023
PR0021555,001,50050,"Flow, in conduit or thru treatment plant",61.31,Q1,AVG,Quantity1,MGD,61.31,MGD,,MGD,,08/31/2023
PR0021555,001,50050,"Flow, in conduit or thru treatment plant",58.17,Q1,AVG,Quantity1,MGD,58.17,MGD,,MGD,,09/30/2023
PR0021555,001,50050,"Flow, in conduit or thru treatment plant",62.13,C3,AVG,Concentration3,MGD,62.13,MGD,,MGD,,09/30/2023
PR0021555,001,50050,"Flow, in conduit or thru treatment plant",69.45,Q2,MAX,Quantity2,MGD,69.45,MGD,,MGD,,09/30/2023
PR0021555,001,50050,"Flow, in conduit or thru treatment plant",92.43,Q2,MAX,Quantity2,MGD,92.43,MGD,,MGD,,10/31/2023
PR0021555,001,50050,"Flow, in conduit or thru treatment plant",68.26,C3,AVG,Concentration3,MGD,68.26,MGD,,MGD,,10/31/2023
PR0021555,001,50050,"Flow, in conduit or thru treatment plant",59.91,Q1,AVG,Quantity1,MGD,59.91,MGD,,MGD,,10/31/2023
PR0021555,001,50050,"Flow, in conduit or thru treatment plant",59.63,Q1,AVG,Quantity1,MGD,59.63,MGD,,MGD,,11/30/2023
PR0021555,001,50050,"Flow, in conduit or thru treatment plant",70.21,C3,AVG,Concentration3,MGD,70.21,MGD,,MGD,,11/30/2023
PR0021555,001,50050,"Flow, in conduit or thru treatment plant",91.12,Q2,MAX,Quantity2,MGD,91.12,MGD,,MGD,,11/30/2023
PR0021555,001,50050,"Flow, in conduit or thru treatment plant",94.6,Q2,MAX,Quantity2,MGD,94.6,MGD,,MGD,,12/31/2023
PR0021555,001,50050,"Flow, in conduit or thru treatment plant",69.72,C3,AVG,Concentration3,MGD,69.72,MGD,,MGD,,12/31/2023
PR0021555,001,50050,"Flow, in conduit or thru treatment plant",61.5,Q1,AVG,Quantity1,MGD,61.5,MGD,,MGD,,12/31/2023
PR0021555,001,50050,"Flow, in conduit or thru treatment plant",52,Q1,AVG,Quantity1,MGD,52,MGD,,MGD,,01/31/2024
PR0021555,001,50050,"Flow, in conduit or thru treatment plant",60.49,C3,AVG,Concentration3,MGD,60.49,MGD,,MGD,,01/31/2024
PR0021555,001,50050,"Flow, in conduit or thru treatment plant",89.6,Q2,MAX,Quantity2,MGD,89.6,MGD,,MGD,,01/31/2024
PR0021555,001,50050,"Flow, in conduit or thru treatment plant",89.2,Q2,MAX,Quantity2,MGD,89.2,MGD,,MGD,,02/29/2024
PR0021555,001,50050,"Flow, in conduit or thru treatment plant",65.6,C3,AVG,Concentration3,MGD,65.6,MGD,,MGD,,02/29/2024
PR0021555,001,50050,"Flow, in conduit or thru treatment plant",54,Q1,AVG,Quantity1,MGD,54,MGD,,MGD,,02/29/2024
PR0021555,001,50050,"Flow, in conduit or thru treatment plant",51.7,Q1,AVG,Quantity1,MGD,51.7,MGD,,MGD,,03/31/2024
PR0021555,001,50050,"Flow, in conduit or thru treatment plant",63.34,C3,AVG,Concentration3,MGD,63.34,MGD,,MGD,,03/31/2024
PR0021555,001,50050,"Flow, in conduit or thru treatment plant",63.3,Q2,MAX,Quantity2,MGD,63.3,MGD,,MGD,,03/31/2024
PR0021555,001,50050,"Flow, in conduit or thru treatment plant",95.5,Q2,MAX,Quantity2,MGD,95.5,MGD,,MGD,,04/30/2024
PR0021555,001,50050,"Flow, in conduit or thru treatment plant",73.82,C3,AVG,Concentration3,MGD,73.82,MGD,,MGD,,04/30/2024
PR0021555,001,50050,"Flow, in conduit or thru treatment plant",64.3,Q1,AVG,Quantity1,MGD,64.3,MGD,,MGD,,04/30/2024
PR0021555,001,50050,"Flow, in conduit or thru treatment plant",66.3,Q1,AVG,Quantity1,MGD,66.3,MGD,,MGD,,05/31/2024
PR0021555,001,50050,"Flow, in conduit or thru treatment plant",77.55,C3,AVG,Concentration3,MGD,77.55,MGD,,MGD,,05/31/2024
PR0021555,001,50050,"Flow, in conduit or thru treatment plant",93,Q2,MAX,Quantity2,MGD,93,MGD,,MGD,,05/31/2024
PR0021555,001,50050,"Flow, in conduit or thru treatment plant",83.1,Q2,MAX,Quantity2,MGD,83.1,MGD,,MGD,,06/30/2024
PR0021555,001,50050,"Flow, in conduit or thru treatment plant",60.18,C3,AVG,Concentration3,MGD,60.18,MGD,,MGD,,06/30/2024
PR0021555,001,50050,"Flow, in conduit or thru treatment plant",55.5,Q1,AVG,Quantity1,MGD,55.5,MGD,,MGD,,06/30/2024
PR0021555,001,50050,"Flow, in conduit or thru treatment plant",54.6,Q1,AVG,Quantity1,MGD,54.6,MGD,,MGD,,07/31/2024
PR0021555,001,50050,"Flow, in conduit or thru treatment plant",71.92,C3,AVG,Concentration3,MGD,71.92,MGD,,MGD,,07/31/2024
PR0021555,001,50050,"Flow, in conduit or thru treatment plant",70.8,Q2,MAX,Quantity2,MGD,70.8,MGD,,MGD,,07/31/2024
PR0021555,001,50050,"Flow, in conduit or thru treatment plant",86.2,Q2,MAX,Quantity2,MGD,86.2,MGD,,MGD,,08/31/2024
PR0021555,001,50050,"Flow, in conduit or thru treatment plant",72.64,C3,AVG,Concentration3,MGD,72.64,MGD,,MGD,,08/31/2024
PR0021555,001,50050,"Flow, in conduit or thru treatment plant",61.77,Q1,AVG,Quantity1,MGD,61.77,MGD,,MGD,,08/31/2024
PR0021555,001,50050,"Flow, in conduit or thru treatment plant",61.5,Q1,AVG,Quantity1,MGD,61.5,MGD,,MGD,,09/30/2024
PR0021555,001,50050,"Flow, in conduit or thru treatment plant",65.12,C3,AVG,Concentration3,MGD,65.12,MGD,,MGD,,09/30/2024
PR0021555,001,50050,"Flow, in conduit or thru treatment plant",79.4,Q2,MAX,Quantity2,MGD,79.4,MGD,,MGD,,09/30/2024
PR0021555,001,50050,"Flow, in conduit or thru treatment plant",93.6,Q2,MAX,Quantity2,MGD,93.6,MGD,,MGD,,10/31/2024
PR0021555,001,50050,"Flow, in conduit or thru treatment plant",67.19,C3,AVG,Concentration3,MGD,67.19,MGD,,MGD,,10/31/2024
PR0021555,001,50050,"Flow, in conduit or thru treatment plant",60.7,Q1,AVG,Quantity1,MGD,60.7,MGD,,MGD,,10/31/2024
PR0021555,001,50050,"Flow, in conduit or thru treatment plant",68.4,Q1,AVG,Quantity1,MGD,68.4,MGD,,MGD,,11/30/2024
PR0021555,001,50050,"Flow, in conduit or thru treatment plant",83.7,C3,AVG,Concentration3,MGD,83.7,MGD,,MGD,,11/30/2024
PR0021555,001,50050,"Flow, in conduit or thru treatment plant",92.1,Q2,MAX,Quantity2,MGD,92.1,MGD,,MGD,,11/30/2024
PR0021555,001,50050,"Flow, in conduit or thru treatment plant",90.7,Q2,MAX,Quantity2,MGD,90.7,MGD,,MGD,,12/31/2024
PR0021555,001,50050,"Flow, in conduit or thru treatment plant",66.7,C3,AVG,Concentration3,MGD,66.7,MGD,,MGD,,12/31/2024
PR0021555,001,50050,"Flow, in conduit or thru treatment plant",60.6,Q1,AVG,Quantity1,MGD,60.6,MGD,,MGD,,12/31/2024
PR0021555,001,50050,"Flow, in conduit or thru treatment plant",57.4,Q1,AVG,Quantity1,MGD,57.4,MGD,,MGD,,01/31/2025
PR0021555,001,50050,"Flow, in conduit or thru treatment plant",63.78,C3,AVG,Concentration3,MGD,63.78,MGD,,MGD,,01/31/2025
PR0021555,001,50050,"Flow, in conduit or thru treatment plant",80.6,Q2,MAX,Quantity2,MGD,80.6,MGD,,MGD,,01/31/2025
PR0021555,001,50050,"Flow, in conduit or thru treatment plant",7.08,Q2,MAX,Quantity2,MGD,7.08,MGD,,MGD,,02/28/2025
PR0021555,001,50050,"Flow, in conduit or thru treatment plant",61.35,C3,AVG,Concentration3,MGD,61.35,MGD,,MGD,,02/28/2025
PR0021555,001,50050,"Flow, in conduit or thru treatment plant",58.8,Q1,AVG,Quantity1,MGD,58.8,MGD,,MGD,,02/28/2025
PR0021555,001,50050,"Flow, in conduit or thru treatment plant",56.2,Q1,AVG,Quantity1,MGD,56.2,MGD,,MGD,,03/31/2025
PR0021555,001,50050,"Flow, in conduit or thru treatment plant",59.15,C3,AVG,Concentration3,MGD,59.15,MGD,,MGD,,03/31/2025
PR0021555,001,50050,"Flow, in conduit or thru treatment plant",84.7,Q2,MAX,Quantity2,MGD,84.7,MGD,,MGD,,03/31/2025
PR0021555,001,50050,"Flow, in conduit or thru treatment plant",76.2,Q2,MAX,Quantity2,MGD,76.2,MGD,,MGD,,04/30/2025
PR0021555,001,50050,"Flow, in conduit or thru treatment plant",62.2,C3,AVG,Concentration3,MGD,62.2,MGD,,MGD,,04/30/2025
PR0021555,001,50050,"Flow, in conduit or thru treatment plant",57.4,Q1,AVG,Quantity1,MGD,57.4,MGD,,MGD,,04/30/2025
PR0021555,001,50050,"Flow, in conduit or thru treatment plant",61.6,Q1,AVG,Quantity1,MGD,61.6,MGD,,MGD,,05/31/2025
PR0021555,001,50050,"Flow, in conduit or thru treatment plant",71.76,C3,AVG,Concentration3,MGD,71.76,MGD,,MGD,,05/31/2025
PR0021555,001,50050,"Flow, in conduit or thru treatment plant",89.9,Q2,MAX,Quantity2,MGD,89.9,MGD,,MGD,,05/31/2025
PR0021555,001,50050,"Flow, in conduit or thru treatment plant",69,Q2,MAX,Quantity2,MGD,69,MGD,,MGD,,06/30/2025
PR0021555,001,50050,"Flow, in conduit or thru treatment plant",57.58,C3,AVG,Concentration3,MGD,57.58,MGD,,MGD,,06/30/2025
PR0021555,001,50050,"Flow, in conduit or thru treatment plant",54.4,Q1,AVG,Quantity1,MGD,54.4,MGD,,MGD,,06/30/2025
PR0021555,001,50050,"Flow, in conduit or thru treatment plant",55.4,Q1,AVG,Quantity1,MGD,55.4,MGD,,MGD,,07/31/2025
PR0021555,001,50050,"Flow, in conduit or thru treatment plant",58.92,C3,AVG,Concentration3,MGD,58.92,MGD,,MGD,,07/31/2025
PR0021555,001,50050,"Flow, in conduit or thru treatment plant",78.2,Q2,MAX,Quantity2,MGD,78.2,MGD,,MGD,,07/31/2025
PR0021555,001,50050,"Flow, in conduit or thru treatment plant",85.6,Q2,MAX,Quantity2,MGD,85.6,MGD,,MGD,,08/31/2025
PR0021555,001,50050,"Flow, in conduit or thru treatment plant",63.8,C3,AVG,Concentration3,MGD,63.8,MGD,,MGD,,08/31/2025
PR0021555,001,50050,"Flow, in conduit or thru treatment plant",58.4,Q1,AVG,Quantity1,MGD,58.4,MGD,,MGD,,08/31/2025
PR0021555,001,50050,"Flow, in conduit or thru treatment plant",63.9,Q1,AVG,Quantity1,MGD,63.9,MGD,,MGD,,09/30/2025
PR0021555,001,50050,"Flow, in conduit or thru treatment plant",66.28,C3,AVG,Concentration3,MGD,66.28,MGD,,MGD,,09/30/2025
PR0021555,001,50050,"Flow, in conduit or thru treatment plant",75,Q2,MAX,Quantity2,MGD,75,MGD,,MGD,,09/30/2025
PR0021555,001,50050,"Flow, in conduit or thru treatment plant",67.9,Q2,MAX,Quantity2,MGD,67.9,MGD,,MGD,,10/31/2025
PR0021555,001,50050,"Flow, in conduit or thru treatment plant",60.24,C3,AVG,Concentration3,MGD,60.24,MGD,,MGD,,10/31/2025
PR0021555,001,50050,"Flow, in conduit or thru treatment plant",57.9,Q1,AVG,Quantity1,MGD,57.9,MGD,,MGD,,10/31/2025
PR0021555,001,50050,"Flow, in conduit or thru treatment plant",59.7,Q1,AVG,Quantity1,MGD,59.7,MGD,,MGD,,11/30/2025
PR0021555,001,50050,"Flow, in conduit or thru treatment plant",67.5,C3,AVG,Concentration3,MGD,67.5,MGD,,MGD,,11/30/2025
PR0021555,001,50050,"Flow, in conduit or thru treatment plant",76.4,Q2,MAX,Quantity2,MGD,76.4,MGD,,MGD,,11/30/2025
PR0021555,001,50050,"Flow, in conduit or thru treatment plant",80.4,Q2,MAX,Quantity2,MGD,80.4,MGD,,MGD,,12/31/2025
PR0021555,001,50050,"Flow, in conduit or thru treatment plant",61.53,C3,AVG,Concentration3,MGD,61.53,MGD,,MGD,,12/31/2025
PR0021555,001,50050,"Flow, in conduit or thru treatment plant",60.8,Q1,AVG,Quantity1,MGD,60.8,MGD,,MGD,,12/31/2025
PR0021555,001,50050,"Flow, in conduit or thru treatment plant",59.5,Q1,AVG,Quantity1,MGD,59.5,MGD,,MGD,,01/31/2026
PR0021555,001,50050,"Flow, in conduit or thru treatment plant",64.33,C3,AVG,Concentration3,MGD,64.33,MGD,,MGD,,01/31/2026
PR0021555,001,50050,"Flow, in conduit or thru treatment plant",78.4,Q2,MAX,Quantity2,MGD,78.4,MGD,,MGD,,01/31/2026
PR0021555,001,50060,"Chlorine, total residual",0.27,C3,MAX,Concentration3,mg/L,.27,mg/L,.5,mg/L,,01/31/2020
PR0021555,001,50060,"Chlorine, total residual",0.33,C3,MAX,Concentration3,mg/L,.33,mg/L,.5,mg/L,,02/29/2020
PR0021555,001,50060,"Chlorine, total residual",0.29,C3,MAX,Concentration3,mg/L,.29,mg/L,.5,mg/L,,03/31/2020
PR0021555,001,50060,"Chlorine, total residual",0.43,C3,MAX,Concentration3,mg/L,.43,mg/L,.5,mg/L,,04/30/2020
PR0021555,001,50060,"Chlorine, total residual",0.13,C3,MAX,Concentration3,mg/L,.13,mg/L,.5,mg/L,,05/31/2020
PR0021555,001,50060,"Chlorine, total residual",0.13,C3,MAX,Concentration3,mg/L,.13,mg/L,.5,mg/L,,06/30/2020
PR0021555,001,50060,"Chlorine, total residual",0.31,C3,MAX,Concentration3,mg/L,.31,mg/L,.5,mg/L,,07/31/2020
PR0021555,001,50060,"Chlorine, total residual",0.36,C3,MAX,Concentration3,mg/L,.36,mg/L,.5,mg/L,,08/31/2020
PR0021555,001,50060,"Chlorine, total residual",0.33,C3,MAX,Concentration3,mg/L,.33,mg/L,.5,mg/L,,09/30/2020
PR0021555,001,50060,"Chlorine, total residual",0.42,C3,MAX,Concentration3,mg/L,.42,mg/L,.5,mg/L,,10/31/2020
PR0021555,001,50060,"Chlorine, total residual",0.35,C3,MAX,Concentration3,mg/L,.35,mg/L,.5,mg/L,,11/30/2020
PR0021555,001,50060,"Chlorine, total residual",0.38,C3,MAX,Concentration3,mg/L,.38,mg/L,.5,mg/L,,12/31/2020
PR0021555,001,50060,"Chlorine, total residual",0.35,C3,MAX,Concentration3,mg/L,.35,mg/L,.5,mg/L,,01/31/2021
PR0021555,001,50060,"Chlorine, total residual",0.35,C3,MAX,Concentration3,mg/L,.35,mg/L,.5,mg/L,,02/28/2021
PR0021555,001,50060,"Chlorine, total residual",0.24,C3,MAX,Concentration3,mg/L,.24,mg/L,.5,mg/L,,03/31/2021
PR0021555,001,50060,"Chlorine, total residual",0.18,C3,MAX,Concentration3,mg/L,.18,mg/L,.5,mg/L,,04/30/2021
PR0021555,001,50060,"Chlorine, total residual",0.29,C3,MAX,Concentration3,mg/L,.29,mg/L,.5,mg/L,,05/31/2021
PR0021555,001,50060,"Chlorine, total residual",0.35,C3,MAX,Concentration3,mg/L,.35,mg/L,.5,mg/L,,06/30/2021
PR0021555,001,50060,"Chlorine, total residual",0.28,C3,MAX,Concentration3,mg/L,.28,mg/L,.5,mg/L,,07/31/2021
PR0021555,001,50060,"Chlorine, total residual",0.27,C3,MAX,Concentration3,mg/L,.27,mg/L,.5,mg/L,,08/31/2021
PR0021555,001,50060,"Chlorine, total residual",0.27,C3,MAX,Concentration3,mg/L,.27,mg/L,.5,mg/L,,09/30/2021
PR0021555,001,50060,"Chlorine, total residual",0.31,C3,MAX,Concentration3,mg/L,.31,mg/L,.5,mg/L,,10/31/2021
PR0021555,001,50060,"Chlorine, total residual",180,C3,MAX,Concentration3,ug/L,.18000001,mg/L,500,ug/L,,11/30/2021
PR0021555,001,50060,"Chlorine, total residual",220,C3,MAX,Concentration3,ug/L,.22000001,mg/L,500,ug/L,,12/31/2021
PR0021555,001,50060,"Chlorine, total residual",210,C3,MAX,Concentration3,ug/L,.21000001,mg/L,500,ug/L,,01/31/2022
PR0021555,001,50060,"Chlorine, total residual",380,C3,MAX,Concentration3,ug/L,.38000002,mg/L,500,ug/L,,02/28/2022
PR0021555,001,50060,"Chlorine, total residual",210,C3,MAX,Concentration3,ug/L,.21000001,mg/L,500,ug/L,,03/31/2022
PR0021555,001,50060,"Chlorine, total residual",400,C3,MAX,Concentration3,ug/L,.40000002,mg/L,500,ug/L,,04/30/2022
PR0021555,001,50060,"Chlorine, total residual",140,C3,MAX,Concentration3,ug/L,.14000001,mg/L,500,ug/L,,05/31/2022
PR0021555,001,50060,"Chlorine, total residual",0.13,C3,MAX,Concentration3,ug/L,.00013,mg/L,500,ug/L,,06/30/2022
PR0021555,001,50060,"Chlorine, total residual",0.44,C3,MAX,Concentration3,ug/L,.00044,mg/L,500,ug/L,,07/31/2022
PR0021555,001,50060,"Chlorine, total residual",440,C3,MAX,Concentration3,ug/L,.44000002,mg/L,500,ug/L,,08/31/2022
PR0021555,001,50060,"Chlorine, total residual",440,C3,MAX,Concentration3,ug/L,.44000002,mg/L,500,ug/L,,09/30/2022
PR0021555,001,50060,"Chlorine, total residual",0.27,C3,MAX,Concentration3,ug/L,.00027,mg/L,500,ug/L,,10/31/2022
PR0021555,001,50060,"Chlorine, total residual",250,C3,MAX,Concentration3,ug/L,.25000001,mg/L,500,ug/L,,11/30/2022
PR0021555,001,50060,"Chlorine, total residual",150,C3,MAX,Concentration3,ug/L,.15000001,mg/L,500,ug/L,,12/31/2022
PR0021555,001,50060,"Chlorine, total residual",260,C3,MAX,Concentration3,ug/L,.26000001,mg/L,500,ug/L,,01/31/2023
PR0021555,001,50060,"Chlorine, total residual",180,C3,MAX,Concentration3,ug/L,.18000001,mg/L,500,ug/L,,02/28/2023
PR0021555,001,50060,"Chlorine, total residual",140,C3,MAX,Concentration3,ug/L,.14000001,mg/L,500,ug/L,,03/31/2023
PR0021555,001,50060,"Chlorine, total residual",200,C3,MAX,Concentration3,ug/L,.20000001,mg/L,500,ug/L,,04/30/2023
PR0021555,001,50060,"Chlorine, total residual",117,C3,MAX,Concentration3,ug/L,.11700001,mg/L,500,ug/L,,05/31/2023
PR0021555,001,50060,"Chlorine, total residual",113,C3,MAX,Concentration3,ug/L,.11300001,mg/L,500,ug/L,,06/30/2023
PR0021555,001,50060,"Chlorine, total residual",170,C3,MAX,Concentration3,ug/L,.17000001,mg/L,500,ug/L,,07/31/2023
PR0021555,001,50060,"Chlorine, total residual",120,C3,MAX,Concentration3,ug/L,.12000001,mg/L,500,ug/L,,08/31/2023
PR0021555,001,50060,"Chlorine, total residual",110,C3,MAX,Concentration3,ug/L,.11000001,mg/L,500,ug/L,,09/30/2023
PR0021555,001,50060,"Chlorine, total residual",260,C3,MAX,Concentration3,ug/L,.26000001,mg/L,500,ug/L,,10/31/2023
PR0021555,001,50060,"Chlorine, total residual",290,C3,MAX,Concentration3,ug/L,.29000001,mg/L,500,ug/L,,11/30/2023
PR0021555,001,50060,"Chlorine, total residual",290,C3,MAX,Concentration3,ug/L,.29000001,mg/L,500,ug/L,,12/31/2023
PR0021555,001,50060,"Chlorine, total residual",113,C3,MAX,Concentration3,ug/L,.11300001,mg/L,500,ug/L,,01/31/2024
PR0021555,001,50060,"Chlorine, total residual",117,C3,MAX,Concentration3,ug/L,.11700001,mg/L,500,ug/L,,02/29/2024
PR0021555,001,50060,"Chlorine, total residual",112,C3,MAX,Concentration3,ug/L,.11200001,mg/L,500,ug/L,,03/31/2024
PR0021555,001,50060,"Chlorine, total residual",150,C3,MAX,Concentration3,ug/L,.15000001,mg/L,500,ug/L,,04/30/2024
PR0021555,001,50060,"Chlorine, total residual",230,C3,MAX,Concentration3,ug/L,.23000001,mg/L,500,ug/L,,05/31/2024
PR0021555,001,50060,"Chlorine, total residual",120,C3,MAX,Concentration3,ug/L,.12000001,mg/L,500,ug/L,,06/30/2024
PR0021555,001,50060,"Chlorine, total residual",220,C3,MAX,Concentration3,ug/L,.22000001,mg/L,500,ug/L,,07/31/2024
PR0021555,001,50060,"Chlorine, total residual",270,C3,MAX,Concentration3,ug/L,.27000001,mg/L,500,ug/L,,08/31/2024
PR0021555,001,50060,"Chlorine, total residual",210,C3,MAX,Concentration3,ug/L,.21000001,mg/L,500,ug/L,,09/30/2024
PR0021555,001,50060,"Chlorine, total residual",137,C3,MAX,Concentration3,ug/L,.13700001,mg/L,500,ug/L,,10/31/2024
PR0021555,001,50060,"Chlorine, total residual",360,C3,MAX,Concentration3,ug/L,.36000002,mg/L,500,ug/L,,11/30/2024
PR0021555,001,50060,"Chlorine, total residual",119,C3,MAX,Concentration3,ug/L,.11900001,mg/L,500,ug/L,,12/31/2024
PR0021555,001,50060,"Chlorine, total residual",117,C3,MAX,Concentration3,ug/L,.11700001,mg/L,500,ug/L,,01/31/2025
PR0021555,001,50060,"Chlorine, total residual",80,C3,MAX,Concentration3,ug/L,.08,mg/L,500,ug/L,,02/28/2025
PR0021555,001,50060,"Chlorine, total residual",70,C3,MAX,Concentration3,ug/L,.07,mg/L,500,ug/L,,03/31/2025
PR0021555,001,50060,"Chlorine, total residual",110,C3,MAX,Concentration3,ug/L,.11000001,mg/L,500,ug/L,,04/30/2025
PR0021555,001,50060,"Chlorine, total residual",111,C3,MAX,Concentration3,ug/L,.11100001,mg/L,500,ug/L,,05/31/2025
PR0021555,001,50060,"Chlorine, total residual",50,C3,MAX,Concentration3,ug/L,.05,mg/L,500,ug/L,,06/30/2025
PR0021555,001,50060,"Chlorine, total residual",40,C3,MAX,Concentration3,ug/L,.04,mg/L,500,ug/L,,07/31/2025
PR0021555,001,50060,"Chlorine, total residual",113,C3,MAX,Concentration3,ug/L,.11300001,mg/L,500,ug/L,,08/31/2025
PR0021555,001,50060,"Chlorine, total residual",260,C3,MAX,Concentration3,ug/L,.26000001,mg/L,500,ug/L,,09/30/2025
PR0021555,001,50060,"Chlorine, total residual",140,C3,MAX,Concentration3,ug/L,.14000001,mg/L,500,ug/L,,10/31/2025
PR0021555,001,50060,"Chlorine, total residual",117,C3,MAX,Concentration3,ug/L,.11700001,mg/L,500,ug/L,,11/30/2025
PR0021555,001,50060,"Chlorine, total residual",225,C3,MAX,Concentration3,ug/L,.22500001,mg/L,500,ug/L,,12/31/2025
PR0021555,001,50060,"Chlorine, total residual",210,C3,MAX,Concentration3,ug/L,.21000001,mg/L,500,ug/L,,01/31/2026
PR0021555,001,51173,"Cyanide, free available",3.5,C3,MAX,Concentration3,ug/L,.0035,mg/L,32.2,ug/L,,01/31/2020
PR0021555,001,51173,"Cyanide, free available",0.5247,C3,MAX,Concentration3,ug/L,.0005247,mg/L,32.2,ug/L,,02/29/2020
PR0021555,001,51173,"Cyanide, free available",0.8743,C3,MAX,Concentration3,ug/L,.0008743,mg/L,32.2,ug/L,,03/31/2020
PR0021555,001,51173,"Cyanide, free available",0.6439,C3,MAX,Concentration3,ug/L,.0006439,mg/L,32.2,ug/L,,04/30/2020
PR0021555,001,51173,"Cyanide, free available",0.9532,C3,MAX,Concentration3,ug/L,.0009532,mg/L,32.2,ug/L,,05/31/2020
PR0021555,001,51173,"Cyanide, free available",1.08,C3,MAX,Concentration3,ug/L,.00108,mg/L,32.2,ug/L,,06/30/2020
PR0021555,001,51173,"Cyanide, free available",0.5145,C3,MAX,Concentration3,ug/L,.0005145,mg/L,32.2,ug/L,,07/31/2020
PR0021555,001,51173,"Cyanide, free available",0.622,C3,MAX,Concentration3,ug/L,.000622,mg/L,32.2,ug/L,,08/31/2020
PR0021555,001,51173,"Cyanide, free available",1.13,C3,MAX,Concentration3,ug/L,.00113,mg/L,32.2,ug/L,,09/30/2020
PR0021555,001,51173,"Cyanide, free available",0.5175,C3,MAX,Concentration3,ug/L,.0005175,mg/L,32.2,ug/L,,10/31/2020
PR0021555,001,51173,"Cyanide, free available",2.75,C3,MAX,Concentration3,ug/L,.00275,mg/L,32.2,ug/L,,11/30/2020
PR0021555,001,51173,"Cyanide, free available",1.35,C3,MAX,Concentration3,ug/L,.00135,mg/L,32.2,ug/L,,12/31/2020
PR0021555,001,51173,"Cyanide, free available",1.85,C3,MAX,Concentration3,ug/L,.00185,mg/L,32.2,ug/L,,01/31/2021
PR0021555,001,51173,"Cyanide, free available",0.5,C3,MAX,Concentration3,ug/L,.0005,mg/L,32.2,ug/L,,02/28/2021
PR0021555,001,51173,"Cyanide, free available",0.7297,C3,MAX,Concentration3,ug/L,.0007297,mg/L,32.2,ug/L,,03/31/2021
PR0021555,001,51173,"Cyanide, free available",1.62,C3,MAX,Concentration3,ug/L,.00162,mg/L,32.2,ug/L,,04/30/2021
PR0021555,001,51173,"Cyanide, free available",3.42,C3,MAX,Concentration3,ug/L,.00342,mg/L,32.2,ug/L,,05/31/2021
PR0021555,001,51173,"Cyanide, free available",2.07,C3,MAX,Concentration3,ug/L,.00207,mg/L,32.2,ug/L,,06/30/2021
PR0021555,001,51173,"Cyanide, free available",1.1,C3,MAX,Concentration3,ug/L,.0011,mg/L,32.2,ug/L,,07/31/2021
PR0021555,001,51173,"Cyanide, free available",1.6,C3,MAX,Concentration3,ug/L,.0016,mg/L,32.2,ug/L,,08/31/2021
PR0021555,001,51173,"Cyanide, free available",1.2,C3,MAX,Concentration3,ug/L,.0012,mg/L,32.2,ug/L,,09/30/2021
PR0021555,001,51173,"Cyanide, free available",1.4,C3,MAX,Concentration3,ug/L,.0014,mg/L,32.2,ug/L,,10/31/2021
PR0021555,001,51173,"Cyanide, free available",0.7,C3,MAX,Concentration3,ug/L,.0007,mg/L,29.3,ug/L,,11/30/2021
PR0021555,001,51173,"Cyanide, free available",2.1,C3,MAX,Concentration3,ug/L,.0021,mg/L,29.3,ug/L,,12/31/2021
PR0021555,001,51173,"Cyanide, free available",1,C3,MAX,Concentration3,ug/L,.001,mg/L,29.3,ug/L,,01/31/2022
PR0021555,001,51173,"Cyanide, free available",0.5,C3,MAX,Concentration3,ug/L,.0005,mg/L,29.3,ug/L,,02/28/2022
PR0021555,001,51173,"Cyanide, free available",2.7,C3,MAX,Concentration3,ug/L,.0027,mg/L,29.3,ug/L,,03/31/2022
PR0021555,001,51173,"Cyanide, free available",1.4,C3,MAX,Concentration3,ug/L,.0014,mg/L,29.3,ug/L,,04/30/2022
PR0021555,001,51173,"Cyanide, free available",1.1,C3,MAX,Concentration3,ug/L,.0011,mg/L,29.3,ug/L,,05/31/2022
PR0021555,001,51173,"Cyanide, free available",0.7,C3,MAX,Concentration3,ug/L,.0007,mg/L,29.3,ug/L,,06/30/2022
PR0021555,001,51173,"Cyanide, free available",3.2,C3,MAX,Concentration3,ug/L,.0032,mg/L,29.3,ug/L,,07/31/2022
PR0021555,001,51173,"Cyanide, free available",1.3,C3,MAX,Concentration3,ug/L,.0013,mg/L,29.3,ug/L,,08/31/2022
PR0021555,001,51173,"Cyanide, free available",1.6,C3,MAX,Concentration3,ug/L,.0016,mg/L,29.3,ug/L,,09/30/2022
PR0021555,001,51173,"Cyanide, free available",2.3,C3,MAX,Concentration3,ug/L,.0023,mg/L,29.3,ug/L,,10/31/2022
PR0021555,001,51173,"Cyanide, free available",0.5,C3,MAX,Concentration3,ug/L,.0005,mg/L,29.3,ug/L,,11/30/2022
PR0021555,001,51173,"Cyanide, free available",1.5,C3,MAX,Concentration3,ug/L,.0015,mg/L,29.3,ug/L,,12/31/2022
PR0021555,001,51173,"Cyanide, free available",1.2,C3,MAX,Concentration3,ug/L,.0012,mg/L,29.3,ug/L,,01/31/2023
PR0021555,001,51173,"Cyanide, free available",0.9,C3,MAX,Concentration3,ug/L,.0009,mg/L,29.3,ug/L,,02/28/2023
PR0021555,001,51173,"Cyanide, free available",0.5,C3,MAX,Concentration3,ug/L,.0005,mg/L,29.3,ug/L,,03/31/2023
PR0021555,001,51173,"Cyanide, free available",0.5,C3,MAX,Concentration3,ug/L,.0005,mg/L,29.3,ug/L,,04/30/2023
PR0021555,001,51173,"Cyanide, free available",0.5,C3,MAX,Concentration3,ug/L,.0005,mg/L,29.3,ug/L,,05/31/2023
PR0021555,001,51173,"Cyanide, free available",0.7,C3,MAX,Concentration3,ug/L,.0007,mg/L,29.3,ug/L,,06/30/2023
PR0021555,001,51173,"Cyanide, free available",1.1,C3,MAX,Concentration3,ug/L,.0011,mg/L,29.3,ug/L,,07/31/2023
PR0021555,001,51173,"Cyanide, free available",3.9,C3,MAX,Concentration3,ug/L,.0039,mg/L,29.3,ug/L,,08/31/2023
PR0021555,001,51173,"Cyanide, free available",0.8,C3,MAX,Concentration3,ug/L,.0008,mg/L,29.3,ug/L,,09/30/2023
PR0021555,001,51173,"Cyanide, free available",0.7,C3,MAX,Concentration3,ug/L,.0007,mg/L,29.3,ug/L,,10/31/2023
PR0021555,001,51173,"Cyanide, free available",0.8,C3,MAX,Concentration3,ug/L,.0008,mg/L,29.3,ug/L,,11/30/2023
PR0021555,001,51173,"Cyanide, free available",0.5,C3,MAX,Concentration3,ug/L,.0005,mg/L,29.3,ug/L,,12/31/2023
PR0021555,001,51173,"Cyanide, free available",0.5,C3,MAX,Concentration3,ug/L,.0005,mg/L,29.3,ug/L,,01/31/2024
PR0021555,001,51173,"Cyanide, free available",8,C3,MAX,Concentration3,ug/L,.008,mg/L,29.3,ug/L,,02/29/2024
PR0021555,001,51173,"Cyanide, free available",0.5,C3,MAX,Concentration3,ug/L,.0005,mg/L,29.3,ug/L,,03/31/2024
PR0021555,001,51173,"Cyanide, free available",0.5,C3,MAX,Concentration3,ug/L,.0005,mg/L,29.3,ug/L,,04/30/2024
PR0021555,001,51173,"Cyanide, free available",0.5,C3,MAX,Concentration3,ug/L,.0005,mg/L,29.3,ug/L,,05/31/2024
PR0021555,001,51173,"Cyanide, free available",0.5,C3,MAX,Concentration3,ug/L,.0005,mg/L,29.3,ug/L,,06/30/2024
PR0021555,001,51173,"Cyanide, free available",1,C3,MAX,Concentration3,ug/L,.001,mg/L,29.3,ug/L,,07/31/2024
PR0021555,001,51173,"Cyanide, free available",4.1,C3,MAX,Concentration3,ug/L,.0041,mg/L,29.3,ug/L,,08/31/2024
PR0021555,001,51173,"Cyanide, free available",0.5,C3,MAX,Concentration3,ug/L,.0005,mg/L,29.3,ug/L,,09/30/2024
PR0021555,001,51173,"Cyanide, free available",1.8,C3,MAX,Concentration3,ug/L,.0018,mg/L,29.3,ug/L,,10/31/2024
PR0021555,001,51173,"Cyanide, free available",1.1,C3,MAX,Concentration3,ug/L,.0011,mg/L,29.3,ug/L,,11/30/2024
PR0021555,001,51173,"Cyanide, free available",0.5,C3,MAX,Concentration3,ug/L,.0005,mg/L,29.3,ug/L,,12/31/2024
PR0021555,001,51173,"Cyanide, free available",0.9,C3,MAX,Concentration3,ug/L,.0009,mg/L,29.3,ug/L,,01/31/2025
PR0021555,001,51173,"Cyanide, free available",0.9,C3,MAX,Concentration3,ug/L,.0009,mg/L,29.3,ug/L,,02/28/2025
PR0021555,001,51173,"Cyanide, free available",0.5,C3,MAX,Concentration3,ug/L,.0005,mg/L,29.3,ug/L,,03/31/2025
PR0021555,001,51173,"Cyanide, free available",0.5,C3,MAX,Concentration3,ug/L,.0005,mg/L,29.3,ug/L,,04/30/2025
PR0021555,001,51173,"Cyanide, free available",0.5,C3,MAX,Concentration3,ug/L,.0005,mg/L,29.3,ug/L,,05/31/2025
PR0021555,001,51173,"Cyanide, free available",0.9,C3,MAX,Concentration3,ug/L,.0009,mg/L,29.3,ug/L,,06/30/2025
PR0021555,001,51173,"Cyanide, free available",3.4,C3,MAX,Concentration3,ug/L,.0034,mg/L,29.3,ug/L,,07/31/2025
PR0021555,001,51173,"Cyanide, free available",1.3,C3,MAX,Concentration3,ug/L,.0013,mg/L,29.3,ug/L,,08/31/2025
PR0021555,001,51173,"Cyanide, free available",2.7,C3,MAX,Concentration3,ug/L,.0027,mg/L,29.3,ug/L,,09/30/2025
PR0021555,001,51173,"Cyanide, free available",2.9,C3,MAX,Concentration3,ug/L,.0029,mg/L,29.3,ug/L,,10/31/2025
PR0021555,001,51173,"Cyanide, free available",0.8,C3,MAX,Concentration3,ug/L,.0008,mg/L,29.3,ug/L,,11/30/2025
PR0021555,001,51173,"Cyanide, free available",2.4,C3,MAX,Concentration3,ug/L,.0024,mg/L,29.3,ug/L,,12/31/2025
PR0021555,001,51173,"Cyanide, free available",1.7,C3,MAX,Concentration3,ug/L,.0017,mg/L,29.3,ug/L,,01/31/2026
PR0021555,001,51202,Sulfide-hydrogen sulfide [undissociated],5.2,C3,MAX,Concentration3,ug/L,.0052,mg/L,84,ug/L,,01/31/2020
PR0021555,001,51202,Sulfide-hydrogen sulfide [undissociated],30.6,C3,MAX,Concentration3,ug/L,.0306,mg/L,84,ug/L,,02/29/2020
PR0021555,001,51202,Sulfide-hydrogen sulfide [undissociated],8,C3,MAX,Concentration3,ug/L,.008,mg/L,84,ug/L,,03/31/2020
PR0021555,001,51202,Sulfide-hydrogen sulfide [undissociated],7.7,C3,MAX,Concentration3,ug/L,.0077,mg/L,84,ug/L,,04/30/2020
PR0021555,001,51202,Sulfide-hydrogen sulfide [undissociated],0.9,C3,MAX,Concentration3,ug/L,.0009,mg/L,84,ug/L,,05/31/2020
PR0021555,001,51202,Sulfide-hydrogen sulfide [undissociated],1,C3,MAX,Concentration3,ug/L,.001,mg/L,84,ug/L,,06/30/2020
PR0021555,001,51202,Sulfide-hydrogen sulfide [undissociated],4.7,C3,MAX,Concentration3,ug/L,.0047,mg/L,84,ug/L,,07/31/2020
PR0021555,001,51202,Sulfide-hydrogen sulfide [undissociated],9.6,C3,MAX,Concentration3,ug/L,.0096,mg/L,84,ug/L,,08/31/2020
PR0021555,001,51202,Sulfide-hydrogen sulfide [undissociated],6.2,C3,MAX,Concentration3,ug/L,.0062,mg/L,84,ug/L,,09/30/2020
PR0021555,001,51202,Sulfide-hydrogen sulfide [undissociated],20.6,C3,MAX,Concentration3,ug/L,.0206,mg/L,84,ug/L,,10/31/2020
PR0021555,001,51202,Sulfide-hydrogen sulfide [undissociated],0.1,C3,MAX,Concentration3,ug/L,.0001,mg/L,84,ug/L,,11/30/2020
PR0021555,001,51202,Sulfide-hydrogen sulfide [undissociated],11.1,C3,MAX,Concentration3,ug/L,.0111,mg/L,84,ug/L,,12/31/2020
PR0021555,001,51202,Sulfide-hydrogen sulfide [undissociated],9.9,C3,MAX,Concentration3,ug/L,.0099,mg/L,84,ug/L,,01/31/2021
PR0021555,001,51202,Sulfide-hydrogen sulfide [undissociated],17.2,C3,MAX,Concentration3,ug/L,.0172,mg/L,84,ug/L,,02/28/2021
PR0021555,001,51202,Sulfide-hydrogen sulfide [undissociated],0.1,C3,MAX,Concentration3,ug/L,.0001,mg/L,84,ug/L,,03/31/2021
PR0021555,001,51202,Sulfide-hydrogen sulfide [undissociated],0.1,C3,MAX,Concentration3,ug/L,.0001,mg/L,84,ug/L,,04/30/2021
PR0021555,001,51202,Sulfide-hydrogen sulfide [undissociated],19.9,C3,MAX,Concentration3,ug/L,.0199,mg/L,84,ug/L,,05/31/2021
PR0021555,001,51202,Sulfide-hydrogen sulfide [undissociated],32.9,C3,MAX,Concentration3,ug/L,.0329,mg/L,84,ug/L,,06/30/2021
PR0021555,001,51202,Sulfide-hydrogen sulfide [undissociated],0.1,C3,MAX,Concentration3,ug/L,.0001,mg/L,84,ug/L,,07/31/2021
PR0021555,001,51202,Sulfide-hydrogen sulfide [undissociated],42.2,C3,MAX,Concentration3,ug/L,.0422,mg/L,84,ug/L,,08/31/2021
PR0021555,001,51202,Sulfide-hydrogen sulfide [undissociated],195.5,C3,MAX,Concentration3,ug/L,.19550001,mg/L,84,ug/L,,09/30/2021
PR0021555,001,51202,Sulfide-hydrogen sulfide [undissociated],1.6,C3,MAX,Concentration3,ug/L,.0016,mg/L,84,ug/L,,10/31/2021
PR0021555,001,51202,Sulfide-hydrogen sulfide [undissociated],6.1,C3,MAX,Concentration3,ug/L,.0061,mg/L,221,ug/L,,11/30/2021
PR0021555,001,51202,Sulfide-hydrogen sulfide [undissociated],74.5,C3,MAX,Concentration3,ug/L,.0745,mg/L,221,ug/L,,12/31/2021
PR0021555,001,51202,Sulfide-hydrogen sulfide [undissociated],5.5,C3,MAX,Concentration3,ug/L,.0055,mg/L,221,ug/L,,01/31/2022
PR0021555,001,51202,Sulfide-hydrogen sulfide [undissociated],0.1,C3,MAX,Concentration3,ug/L,.0001,mg/L,221,ug/L,,02/28/2022
PR0021555,001,51202,Sulfide-hydrogen sulfide [undissociated],0.1,C3,MAX,Concentration3,ug/L,.0001,mg/L,221,ug/L,,03/31/2022
PR0021555,001,51202,Sulfide-hydrogen sulfide [undissociated],0.1,C3,MAX,Concentration3,ug/L,.0001,mg/L,221,ug/L,,04/30/2022
PR0021555,001,51202,Sulfide-hydrogen sulfide [undissociated],18.4,C3,MAX,Concentration3,ug/L,.0184,mg/L,221,ug/L,,05/31/2022
PR0021555,001,51202,Sulfide-hydrogen sulfide [undissociated],69.8,C3,MAX,Concentration3,ug/L,.0698,mg/L,221,ug/L,,06/30/2022
PR0021555,001,51202,Sulfide-hydrogen sulfide [undissociated],5.7,C3,MAX,Concentration3,ug/L,.0057,mg/L,221,ug/L,,07/31/2022
PR0021555,001,51202,Sulfide-hydrogen sulfide [undissociated],1.1,C3,MAX,Concentration3,ug/L,.0011,mg/L,221,ug/L,,08/31/2022
PR0021555,001,51202,Sulfide-hydrogen sulfide [undissociated],0.4,C3,MAX,Concentration3,ug/L,.0004,mg/L,221,ug/L,,09/30/2022
PR0021555,001,51202,Sulfide-hydrogen sulfide [undissociated],48.6,C3,MAX,Concentration3,ug/L,.0486,mg/L,221,ug/L,,10/31/2022
PR0021555,001,51202,Sulfide-hydrogen sulfide [undissociated],76,C3,MAX,Concentration3,ug/L,.076,mg/L,221,ug/L,,11/30/2022
PR0021555,001,51202,Sulfide-hydrogen sulfide [undissociated],63.9,C3,MAX,Concentration3,ug/L,.0639,mg/L,221,ug/L,,12/31/2022
PR0021555,001,51202,Sulfide-hydrogen sulfide [undissociated],12.2,C3,MAX,Concentration3,ug/L,.0122,mg/L,221,ug/L,,01/31/2023
PR0021555,001,51202,Sulfide-hydrogen sulfide [undissociated],0.1,C3,MAX,Concentration3,ug/L,.0001,mg/L,221,ug/L,,02/28/2023
PR0021555,001,51202,Sulfide-hydrogen sulfide [undissociated],121.6,C3,MAX,Concentration3,ug/L,.12160001,mg/L,221,ug/L,,03/31/2023
PR0021555,001,51202,Sulfide-hydrogen sulfide [undissociated],38.9,C3,MAX,Concentration3,ug/L,.0389,mg/L,221,ug/L,,04/30/2023
PR0021555,001,51202,Sulfide-hydrogen sulfide [undissociated],16.2,C3,MAX,Concentration3,ug/L,.0162,mg/L,221,ug/L,,05/31/2023
PR0021555,001,51202,Sulfide-hydrogen sulfide [undissociated],22.2,C3,MAX,Concentration3,ug/L,.0222,mg/L,221,ug/L,,06/30/2023
PR0021555,001,51202,Sulfide-hydrogen sulfide [undissociated],61.8,C3,MAX,Concentration3,ug/L,.0618,mg/L,221,ug/L,,07/31/2023
PR0021555,001,51202,Sulfide-hydrogen sulfide [undissociated],10.8,C3,MAX,Concentration3,ug/L,.0108,mg/L,221,ug/L,,08/31/2023
PR0021555,001,51202,Sulfide-hydrogen sulfide [undissociated],0.1,C3,MAX,Concentration3,ug/L,.0001,mg/L,221,ug/L,,09/30/2023
PR0021555,001,51202,Sulfide-hydrogen sulfide [undissociated],6.1,C3,MAX,Concentration3,ug/L,.0061,mg/L,221,ug/L,,10/31/2023
PR0021555,001,51202,Sulfide-hydrogen sulfide [undissociated],27.3,C3,MAX,Concentration3,ug/L,.0273,mg/L,221,ug/L,,11/30/2023
PR0021555,001,51202,Sulfide-hydrogen sulfide [undissociated],34.7,C3,MAX,Concentration3,ug/L,.0347,mg/L,221,ug/L,,12/31/2023
PR0021555,001,51202,Sulfide-hydrogen sulfide [undissociated],9.5,C3,MAX,Concentration3,ug/L,.0095,mg/L,221,ug/L,,01/31/2024
PR0021555,001,51202,Sulfide-hydrogen sulfide [undissociated],46.2,C3,MAX,Concentration3,ug/L,.0462,mg/L,221,ug/L,,02/29/2024
PR0021555,001,51202,Sulfide-hydrogen sulfide [undissociated],10.2,C3,MAX,Concentration3,ug/L,.0102,mg/L,221,ug/L,,03/31/2024
PR0021555,001,51202,Sulfide-hydrogen sulfide [undissociated],10.3,C3,MAX,Concentration3,ug/L,.0103,mg/L,221,ug/L,,04/30/2024
PR0021555,001,51202,Sulfide-hydrogen sulfide [undissociated],3,C3,MAX,Concentration3,ug/L,.003,mg/L,221,ug/L,,05/31/2024
PR0021555,001,51202,Sulfide-hydrogen sulfide [undissociated],35.1,C3,MAX,Concentration3,ug/L,.0351,mg/L,221,ug/L,,06/30/2024
PR0021555,001,51202,Sulfide-hydrogen sulfide [undissociated],32.6,C3,MAX,Concentration3,ug/L,.0326,mg/L,221,ug/L,,07/31/2024
PR0021555,001,51202,Sulfide-hydrogen sulfide [undissociated],0.1,C3,MAX,Concentration3,ug/L,.0001,mg/L,221,ug/L,,08/31/2024
PR0021555,001,51202,Sulfide-hydrogen sulfide [undissociated],14.2,C3,MAX,Concentration3,ug/L,.0142,mg/L,221,ug/L,,09/30/2024
PR0021555,001,51202,Sulfide-hydrogen sulfide [undissociated],1.3,C3,MAX,Concentration3,ug/L,.0013,mg/L,221,ug/L,,10/31/2024
PR0021555,001,51202,Sulfide-hydrogen sulfide [undissociated],0.1,C3,MAX,Concentration3,ug/L,.0001,mg/L,221,ug/L,,11/30/2024
PR0021555,001,51202,Sulfide-hydrogen sulfide [undissociated],0.1,C3,MAX,Concentration3,ug/L,.0001,mg/L,221,ug/L,,12/31/2024
PR0021555,001,51202,Sulfide-hydrogen sulfide [undissociated],27,C3,MAX,Concentration3,ug/L,.027,mg/L,221,ug/L,,01/31/2025
PR0021555,001,51202,Sulfide-hydrogen sulfide [undissociated],0.1,C3,MAX,Concentration3,ug/L,.0001,mg/L,221,ug/L,,02/28/2025
PR0021555,001,51202,Sulfide-hydrogen sulfide [undissociated],37.2,C3,MAX,Concentration3,ug/L,.0372,mg/L,221,ug/L,,03/31/2025
PR0021555,001,51202,Sulfide-hydrogen sulfide [undissociated],48.6,C3,MAX,Concentration3,ug/L,.0486,mg/L,221,ug/L,,04/30/2025
PR0021555,001,51202,Sulfide-hydrogen sulfide [undissociated],41,C3,MAX,Concentration3,ug/L,.041,mg/L,221,ug/L,,05/31/2025
PR0021555,001,51202,Sulfide-hydrogen sulfide [undissociated],26.3,C3,MAX,Concentration3,ug/L,.0263,mg/L,221,ug/L,,06/30/2025
PR0021555,001,51202,Sulfide-hydrogen sulfide [undissociated],14.1,C3,MAX,Concentration3,ug/L,.0141,mg/L,221,ug/L,,07/31/2025
PR0021555,001,51202,Sulfide-hydrogen sulfide [undissociated],3.1,C3,MAX,Concentration3,ug/L,.0031,mg/L,221,ug/L,,08/31/2025
PR0021555,001,51202,Sulfide-hydrogen sulfide [undissociated],7.8,C3,MAX,Concentration3,ug/L,.0078,mg/L,221,ug/L,,09/30/2025
PR0021555,001,51202,Sulfide-hydrogen sulfide [undissociated],4,C3,MAX,Concentration3,ug/L,.004,mg/L,221,ug/L,,10/31/2025
PR0021555,001,51202,Sulfide-hydrogen sulfide [undissociated],6,C3,MAX,Concentration3,ug/L,.006,mg/L,221,ug/L,,11/30/2025
PR0021555,001,51202,Sulfide-hydrogen sulfide [undissociated],55.4,C3,MAX,Concentration3,ug/L,.0554,mg/L,221,ug/L,,12/31/2025
PR0021555,001,51202,Sulfide-hydrogen sulfide [undissociated],16.3,C3,MAX,Concentration3,ug/L,.0163,mg/L,221,ug/L,,01/31/2026
PR0021555,001,51618,Enterococci - % of upper confidence limit,0,C2,AVG,Concentration2,%,0,%,75,%,,01/31/2020
PR0021555,001,51618,Enterococci - % of upper confidence limit,0,C2,AVG,Concentration2,%,0,%,75,%,,02/29/2020
PR0021555,001,51618,Enterococci - % of upper confidence limit,0,C2,AVG,Concentration2,%,0,%,75,%,,03/31/2020
PR0021555,001,51618,Enterococci - % of upper confidence limit,0,C2,AVG,Concentration2,%,0,%,75,%,,04/30/2020
PR0021555,001,51618,Enterococci - % of upper confidence limit,0,C2,AVG,Concentration2,%,0,%,75,%,,05/31/2020
PR0021555,001,51618,Enterococci - % of upper confidence limit,0,C2,AVG,Concentration2,%,0,%,75,%,,06/30/2020
PR0021555,001,51618,Enterococci - % of upper confidence limit,0,C2,AVG,Concentration2,%,0,%,75,%,,07/31/2020
PR0021555,001,51618,Enterococci - % of upper confidence limit,0,C2,AVG,Concentration2,%,0,%,75,%,,08/31/2020
PR0021555,001,51618,Enterococci - % of upper confidence limit,0,C2,AVG,Concentration2,%,0,%,75,%,,09/30/2020
PR0021555,001,51618,Enterococci - % of upper confidence limit,0,C2,AVG,Concentration2,%,0,%,75,%,,10/31/2020
PR0021555,001,51618,Enterococci - % of upper confidence limit,0,C2,AVG,Concentration2,%,0,%,75,%,,11/30/2020
PR0021555,001,51618,Enterococci - % of upper confidence limit,0,C2,AVG,Concentration2,%,0,%,75,%,,12/31/2020
PR0021555,001,51618,Enterococci - % of upper confidence limit,0,C2,AVG,Concentration2,%,0,%,75,%,,01/31/2021
PR0021555,001,51618,Enterococci - % of upper confidence limit,0,C2,AVG,Concentration2,%,0,%,75,%,,02/28/2021
PR0021555,001,51618,Enterococci - % of upper confidence limit,0,C2,AVG,Concentration2,%,0,%,75,%,,03/31/2021
PR0021555,001,51618,Enterococci - % of upper confidence limit,0,C2,AVG,Concentration2,%,0,%,75,%,,04/30/2021
PR0021555,001,51618,Enterococci - % of upper confidence limit,0,C2,AVG,Concentration2,%,0,%,75,%,,05/31/2021
PR0021555,001,51618,Enterococci - % of upper confidence limit,0,C2,AVG,Concentration2,%,0,%,75,%,,06/30/2021
PR0021555,001,51618,Enterococci - % of upper confidence limit,0,C2,AVG,Concentration2,%,0,%,75,%,,07/31/2021
PR0021555,001,51618,Enterococci - % of upper confidence limit,0,C2,AVG,Concentration2,%,0,%,75,%,,08/31/2021
PR0021555,001,51618,Enterococci - % of upper confidence limit,0,C2,AVG,Concentration2,%,0,%,75,%,,09/30/2021
PR0021555,001,51618,Enterococci - % of upper confidence limit,0,C2,AVG,Concentration2,%,0,%,75,%,,10/31/2021
PR0021555,001,51713,Whole Effluent Toxicity [WET] - Americamysis bahia (formerly Mysidopsis bahia),NA,C1,MIN,Concentration1,,,%,,%,E,11/30/2020
PR0021555,001,51713,Whole Effluent Toxicity [WET] - Americamysis bahia (formerly Mysidopsis bahia),7.64,C1,MIN,Concentration1,%,7.64,%,,%,,10/31/2022
PR0021555,001,51713,Whole Effluent Toxicity [WET] - Americamysis bahia (formerly Mysidopsis bahia),13.08,C1,MIN,Concentration1,%,13.08,%,,%,,10/31/2023
PR0021555,001,51713,Whole Effluent Toxicity [WET] - Americamysis bahia (formerly Mysidopsis bahia),7.65,C1,MIN,Concentration1,%,7.65,%,,%,,10/31/2024
PR0021555,001,51713,Whole Effluent Toxicity [WET] - Americamysis bahia (formerly Mysidopsis bahia),7.65,C1,MIN,Concentration1,%,7.65,%,,%,,10/31/2025
PR0021555,001,61211,Enterococci,4,C2,MAX,Concentration2,#/100mL,4,MPN/100mL,35,#/100mL,,01/31/2020
PR0021555,001,61211,Enterococci,1,C2,MAX,Concentration2,#/100mL,1,MPN/100mL,35,#/100mL,,02/29/2020
PR0021555,001,61211,Enterococci,5,C2,MAX,Concentration2,#/100mL,5,MPN/100mL,35,#/100mL,,03/31/2020
PR0021555,001,61211,Enterococci,3,C2,MAX,Concentration2,#/100mL,3,MPN/100mL,35,#/100mL,,04/30/2020
PR0021555,001,61211,Enterococci,1,C2,MAX,Concentration2,#/100mL,1,MPN/100mL,35,#/100mL,,05/31/2020
PR0021555,001,61211,Enterococci,2,C2,MAX,Concentration2,#/100mL,2,MPN/100mL,35,#/100mL,,06/30/2020
PR0021555,001,61211,Enterococci,13,C2,MAX,Concentration2,#/100mL,13,MPN/100mL,35,#/100mL,,07/31/2020
PR0021555,001,61211,Enterococci,1,C2,MAX,Concentration2,#/100mL,1,MPN/100mL,35,#/100mL,,08/31/2020
PR0021555,001,61211,Enterococci,2,C2,MAX,Concentration2,#/100mL,2,MPN/100mL,35,#/100mL,,09/30/2020
PR0021555,001,61211,Enterococci,1,C2,MAX,Concentration2,#/100mL,1,MPN/100mL,35,#/100mL,,10/31/2020
PR0021555,001,61211,Enterococci,2,C2,MAX,Concentration2,#/100mL,2,MPN/100mL,35,#/100mL,,11/30/2020
PR0021555,001,61211,Enterococci,1,C2,MAX,Concentration2,#/100mL,1,MPN/100mL,35,#/100mL,,12/31/2020
PR0021555,001,61211,Enterococci,1,C2,MAX,Concentration2,#/100mL,1,MPN/100mL,35,#/100mL,,01/31/2021
PR0021555,001,61211,Enterococci,3,C2,MAX,Concentration2,#/100mL,3,MPN/100mL,35,#/100mL,,02/28/2021
PR0021555,001,61211,Enterococci,4,C2,MAX,Concentration2,#/100mL,4,MPN/100mL,35,#/100mL,,03/31/2021
PR0021555,001,61211,Enterococci,1,C2,MAX,Concentration2,#/100mL,1,MPN/100mL,35,#/100mL,,04/30/2021
PR0021555,001,61211,Enterococci,1,C2,MAX,Concentration2,#/100mL,1,MPN/100mL,35,#/100mL,,05/31/2021
PR0021555,001,61211,Enterococci,2,C2,MAX,Concentration2,#/100mL,2,MPN/100mL,35,#/100mL,,06/30/2021
PR0021555,001,61211,Enterococci,1,C2,MAX,Concentration2,#/100mL,1,MPN/100mL,35,#/100mL,,07/31/2021
PR0021555,001,61211,Enterococci,7,C2,MAX,Concentration2,#/100mL,7,MPN/100mL,35,#/100mL,,08/31/2021
PR0021555,001,61211,Enterococci,4,C2,MAX,Concentration2,#/100mL,4,MPN/100mL,35,#/100mL,,09/30/2021
PR0021555,001,61211,Enterococci,1,C2,MAX,Concentration2,#/100mL,1,MPN/100mL,35,#/100mL,,10/31/2021
PR0021555,001,61211,Enterococci,1,C3,MAX,Concentration3,#/100mL,1,MPN/100mL,130,#/100mL,,11/30/2021
PR0021555,001,61211,Enterococci,1,C2,AVG,Concentration2,#/100mL,1,MPN/100mL,35,#/100mL,,11/30/2021
PR0021555,001,61211,Enterococci,1,C3,MAX,Concentration3,#/100mL,1,MPN/100mL,130,#/100mL,,12/31/2021
PR0021555,001,61211,Enterococci,1,C2,AVG,Concentration2,#/100mL,1,MPN/100mL,35,#/100mL,,12/31/2021
PR0021555,001,61211,Enterococci,1,C3,MAX,Concentration3,#/100mL,1,MPN/100mL,130,#/100mL,,01/31/2022
PR0021555,001,61211,Enterococci,1,C2,AVG,Concentration2,#/100mL,1,MPN/100mL,35,#/100mL,,01/31/2022
PR0021555,001,61211,Enterococci,1,C2,AVG,Concentration2,#/100mL,1,MPN/100mL,35,#/100mL,,02/28/2022
PR0021555,001,61211,Enterococci,1,C3,MAX,Concentration3,#/100mL,1,MPN/100mL,130,#/100mL,,02/28/2022
PR0021555,001,61211,Enterococci,1211,C3,MAX,Concentration3,#/100mL,1211,MPN/100mL,130,#/100mL,,03/31/2022
PR0021555,001,61211,Enterococci,4,C2,AVG,Concentration2,#/100mL,4,MPN/100mL,35,#/100mL,,03/31/2022
PR0021555,001,61211,Enterococci,4,C2,AVG,Concentration2,#/100mL,4,MPN/100mL,35,#/100mL,,04/30/2022
PR0021555,001,61211,Enterococci,1211,C3,MAX,Concentration3,#/100mL,1211,MPN/100mL,130,#/100mL,,04/30/2022
PR0021555,001,61211,Enterococci,4,C2,AVG,Concentration2,#/100mL,4,MPN/100mL,35,#/100mL,,05/31/2022
PR0021555,001,61211,Enterococci,1211,C3,MAX,Concentration3,#/100mL,1211,MPN/100mL,130,#/100mL,,05/31/2022
PR0021555,001,61211,Enterococci,1,C2,AVG,Concentration2,#/100mL,1,MPN/100mL,35,#/100mL,,06/30/2022
PR0021555,001,61211,Enterococci,1,C3,MAX,Concentration3,#/100mL,1,MPN/100mL,130,#/100mL,,06/30/2022
PR0021555,001,61211,Enterococci,1,C2,AVG,Concentration2,#/100mL,1,MPN/100mL,35,#/100mL,,07/31/2022
PR0021555,001,61211,Enterococci,2.1,C3,MAX,Concentration3,#/100mL,2.1,MPN/100mL,130,#/100mL,,07/31/2022
PR0021555,001,61211,Enterococci,1,C2,AVG,Concentration2,#/100mL,1,MPN/100mL,35,#/100mL,,08/31/2022
PR0021555,001,61211,Enterococci,3.1,C3,MAX,Concentration3,#/100mL,3.1,MPN/100mL,130,#/100mL,,08/31/2022
PR0021555,001,61211,Enterococci,6.55,C3,MAX,Concentration3,#/100mL,6.55,MPN/100mL,130,#/100mL,,09/30/2022
PR0021555,001,61211,Enterococci,2,C2,AVG,Concentration2,#/100mL,2,MPN/100mL,35,#/100mL,,09/30/2022
PR0021555,001,61211,Enterococci,3,C2,AVG,Concentration2,#/100mL,3,MPN/100mL,35,#/100mL,,10/31/2022
PR0021555,001,61211,Enterococci,10,C3,MAX,Concentration3,#/100mL,10,MPN/100mL,130,#/100mL,,10/31/2022
PR0021555,001,61211,Enterococci,10,C3,MAX,Concentration3,#/100mL,10,MPN/100mL,130,#/100mL,,11/30/2022
PR0021555,001,61211,Enterococci,3,C2,AVG,Concentration2,#/100mL,3,MPN/100mL,35,#/100mL,,11/30/2022
PR0021555,001,61211,Enterococci,2,C2,AVG,Concentration2,#/100mL,2,MPN/100mL,35,#/100mL,,12/31/2022
PR0021555,001,61211,Enterococci,7.6,C3,MAX,Concentration3,#/100mL,7.6,MPN/100mL,130,#/100mL,,12/31/2022
PR0021555,001,61211,Enterococci,3.1,C3,MAX,Concentration3,#/100mL,3.1,MPN/100mL,130,#/100mL,,01/31/2023
PR0021555,001,61211,Enterococci,1,C2,AVG,Concentration2,#/100mL,1,MPN/100mL,35,#/100mL,,01/31/2023
PR0021555,001,61211,Enterococci,1,C2,AVG,Concentration2,#/100mL,1,MPN/100mL,35,#/100mL,,02/28/2023
PR0021555,001,61211,Enterococci,1,C3,MAX,Concentration3,#/100mL,1,MPN/100mL,130,#/100mL,,02/28/2023
PR0021555,001,61211,Enterococci,1,C3,MAX,Concentration3,#/100mL,1,MPN/100mL,130,#/100mL,,03/31/2023
PR0021555,001,61211,Enterococci,1,C2,AVG,Concentration2,#/100mL,1,MPN/100mL,35,#/100mL,,03/31/2023
PR0021555,001,61211,Enterococci,1,C2,AVG,Concentration2,#/100mL,1,MPN/100mL,35,#/100mL,,04/30/2023
PR0021555,001,61211,Enterococci,1,C3,MAX,Concentration3,#/100mL,1,MPN/100mL,130,#/100mL,,04/30/2023
PR0021555,001,61211,Enterococci,1,C2,AVG,Concentration2,#/100mL,1,MPN/100mL,35,#/100mL,,05/31/2023
PR0021555,001,61211,Enterococci,2.55,C3,MAX,Concentration3,#/100mL,2.55,MPN/100mL,130,#/100mL,,05/31/2023
PR0021555,001,61211,Enterococci,1,C2,AVG,Concentration2,#/100mL,1,MPN/100mL,35,#/100mL,,06/30/2023
PR0021555,001,61211,Enterococci,2.55,C3,MAX,Concentration3,#/100mL,2.55,MPN/100mL,130,#/100mL,,06/30/2023
PR0021555,001,61211,Enterococci,2.6,C3,MAX,Concentration3,#/100mL,2.6,MPN/100mL,130,#/100mL,,07/31/2023
PR0021555,001,61211,Enterococci,1,C2,AVG,Concentration2,#/100mL,1,MPN/100mL,35,#/100mL,,07/31/2023
PR0021555,001,61211,Enterococci,1,C2,AVG,Concentration2,#/100mL,1,MPN/100mL,35,#/100mL,,08/31/2023
PR0021555,001,61211,Enterococci,1,C3,MAX,Concentration3,#/100mL,1,MPN/100mL,130,#/100mL,,08/31/2023
PR0021555,001,61211,Enterococci,1,C3,MAX,Concentration3,#/100mL,1,MPN/100mL,130,#/100mL,,09/30/2023
PR0021555,001,61211,Enterococci,1,C2,AVG,Concentration2,#/100mL,1,MPN/100mL,35,#/100mL,,09/30/2023
PR0021555,001,61211,Enterococci,1,C3,MAX,Concentration3,#/100mL,1,MPN/100mL,130,#/100mL,,10/31/2023
PR0021555,001,61211,Enterococci,1,C2,AVG,Concentration2,#/100mL,1,MPN/100mL,35,#/100mL,,10/31/2023
PR0021555,001,61211,Enterococci,1,C3,MAX,Concentration3,#/100mL,1,MPN/100mL,130,#/100mL,,11/30/2023
PR0021555,001,61211,Enterococci,1,C2,AVG,Concentration2,#/100mL,1,MPN/100mL,35,#/100mL,,11/30/2023
PR0021555,001,61211,Enterococci,1,C2,AVG,Concentration2,#/100mL,1,MPN/100mL,35,#/100mL,,12/31/2023
PR0021555,001,61211,Enterococci,1,C3,MAX,Concentration3,#/100mL,1,MPN/100mL,130,#/100mL,,12/31/2023
PR0021555,001,61211,Enterococci,1,C3,MAX,Concentration3,#/100mL,1,MPN/100mL,130,#/100mL,,01/31/2024
PR0021555,001,61211,Enterococci,1,C2,AVG,Concentration2,#/100mL,1,MPN/100mL,35,#/100mL,,01/31/2024
PR0021555,001,61211,Enterococci,1,C2,AVG,Concentration2,#/100mL,1,MPN/100mL,35,#/100mL,,02/29/2024
PR0021555,001,61211,Enterococci,1,C3,MAX,Concentration3,#/100mL,1,MPN/100mL,130,#/100mL,,02/29/2024
PR0021555,001,61211,Enterococci,1,C3,MAX,Concentration3,#/100mL,1,MPN/100mL,130,#/100mL,,03/31/2024
PR0021555,001,61211,Enterococci,1,C2,AVG,Concentration2,#/100mL,1,MPN/100mL,35,#/100mL,,03/31/2024
PR0021555,001,61211,Enterococci,1,C2,AVG,Concentration2,#/100mL,1,MPN/100mL,35,#/100mL,,04/30/2024
PR0021555,001,61211,Enterococci,1,C3,MAX,Concentration3,#/100mL,1,MPN/100mL,130,#/100mL,,04/30/2024
PR0021555,001,61211,Enterococci,1,C3,MAX,Concentration3,#/100mL,1,MPN/100mL,130,#/100mL,,05/31/2024
PR0021555,001,61211,Enterococci,1,C2,AVG,Concentration2,#/100mL,1,MPN/100mL,35,#/100mL,,05/31/2024
PR0021555,001,61211,Enterococci,1,C2,AVG,Concentration2,#/100mL,1,MPN/100mL,35,#/100mL,,06/30/2024
PR0021555,001,61211,Enterococci,1,C3,MAX,Concentration3,#/100mL,1,MPN/100mL,130,#/100mL,,06/30/2024
PR0021555,001,61211,Enterococci,1,C3,MAX,Concentration3,#/100mL,1,MPN/100mL,130,#/100mL,,07/31/2024
PR0021555,001,61211,Enterococci,1,C2,AVG,Concentration2,#/100mL,1,MPN/100mL,35,#/100mL,,07/31/2024
PR0021555,001,61211,Enterococci,1,C2,AVG,Concentration2,#/100mL,1,MPN/100mL,35,#/100mL,,08/31/2024
PR0021555,001,61211,Enterococci,5.2,C3,MAX,Concentration3,#/100mL,5.2,MPN/100mL,130,#/100mL,,08/31/2024
PR0021555,001,61211,Enterococci,5.2,C3,MAX,Concentration3,#/100mL,5.2,MPN/100mL,130,#/100mL,,09/30/2024
PR0021555,001,61211,Enterococci,1,C2,AVG,Concentration2,#/100mL,1,MPN/100mL,35,#/100mL,,09/30/2024
PR0021555,001,61211,Enterococci,1,C2,AVG,Concentration2,#/100mL,1,MPN/100mL,35,#/100mL,,10/31/2024
PR0021555,001,61211,Enterococci,5.2,C3,MAX,Concentration3,#/100mL,5.2,MPN/100mL,130,#/100mL,,10/31/2024
PR0021555,001,61211,Enterococci,1,C3,MAX,Concentration3,#/100mL,1,MPN/100mL,130,#/100mL,,11/30/2024
PR0021555,001,61211,Enterococci,1,C2,AVG,Concentration2,#/100mL,1,MPN/100mL,35,#/100mL,,11/30/2024
PR0021555,001,61211,Enterococci,2,C2,AVG,Concentration2,#/100mL,2,MPN/100mL,35,#/100mL,,12/31/2024
PR0021555,001,61211,Enterococci,12,C3,MAX,Concentration3,#/100mL,12,MPN/100mL,130,#/100mL,,12/31/2024
PR0021555,001,61211,Enterococci,12,C3,MAX,Concentration3,#/100mL,12,MPN/100mL,130,#/100mL,,01/31/2025
PR0021555,001,61211,Enterococci,2,C2,AVG,Concentration2,#/100mL,2,MPN/100mL,35,#/100mL,,01/31/2025
PR0021555,001,61211,Enterococci,2,C2,AVG,Concentration2,#/100mL,2,MPN/100mL,35,#/100mL,,02/28/2025
PR0021555,001,61211,Enterococci,12,C3,MAX,Concentration3,#/100mL,12,MPN/100mL,130,#/100mL,,02/28/2025
PR0021555,001,61211,Enterococci,1,C2,AVG,Concentration2,#/100mL,1,MPN/100mL,35,#/100mL,,03/31/2025
PR0021555,001,61211,Enterococci,1,C3,MAX,Concentration3,#/100mL,1,MPN/100mL,130,#/100mL,,03/31/2025
PR0021555,001,61211,Enterococci,1,C2,AVG,Concentration2,#/100mL,1,MPN/100mL,35,#/100mL,,04/30/2025
PR0021555,001,61211,Enterococci,1,C3,MAX,Concentration3,#/100mL,1,MPN/100mL,130,#/100mL,,04/30/2025
PR0021555,001,61211,Enterococci,1,C3,MAX,Concentration3,#/100mL,1,MPN/100mL,130,#/100mL,,05/31/2025
PR0021555,001,61211,Enterococci,1,C2,AVG,Concentration2,#/100mL,1,MPN/100mL,35,#/100mL,,05/31/2025
PR0021555,001,61211,Enterococci,1,C2,AVG,Concentration2,#/100mL,1,MPN/100mL,35,#/100mL,,06/30/2025
PR0021555,001,61211,Enterococci,1,C3,MAX,Concentration3,#/100mL,1,MPN/100mL,130,#/100mL,,06/30/2025
PR0021555,001,61211,Enterococci,2,C3,MAX,Concentration3,#/100mL,2,MPN/100mL,130,#/100mL,,07/31/2025
PR0021555,001,61211,Enterococci,1,C2,AVG,Concentration2,#/100mL,1,MPN/100mL,35,#/100mL,,07/31/2025
PR0021555,001,61211,Enterococci,2,C3,MAX,Concentration3,#/100mL,2,MPN/100mL,130,#/100mL,,08/31/2025
PR0021555,001,61211,Enterococci,1,C2,AVG,Concentration2,#/100mL,1,MPN/100mL,35,#/100mL,,08/31/2025
PR0021555,001,61211,Enterococci,2,C3,MAX,Concentration3,#/100mL,2,MPN/100mL,130,#/100mL,,09/30/2025
PR0021555,001,61211,Enterococci,1,C2,AVG,Concentration2,#/100mL,1,MPN/100mL,35,#/100mL,,09/30/2025
PR0021555,001,61211,Enterococci,1,C2,AVG,Concentration2,#/100mL,1,MPN/100mL,35,#/100mL,,10/31/2025
PR0021555,001,61211,Enterococci,1,C3,MAX,Concentration3,#/100mL,1,MPN/100mL,130,#/100mL,,10/31/2025
PR0021555,001,61211,Enterococci,1,C2,AVG,Concentration2,#/100mL,1,MPN/100mL,35,#/100mL,,11/30/2025
PR0021555,001,61211,Enterococci,1,C3,MAX,Concentration3,#/100mL,1,MPN/100mL,130,#/100mL,,11/30/2025
PR0021555,001,61211,Enterococci,2,C3,MAX,Concentration3,#/100mL,2,MPN/100mL,130,#/100mL,,12/31/2025
PR0021555,001,61211,Enterococci,1,C2,AVG,Concentration2,#/100mL,1,MPN/100mL,35,#/100mL,,12/31/2025
PR0021555,001,61211,Enterococci,1,C2,AVG,Concentration2,#/100mL,1,MPN/100mL,35,#/100mL,,01/31/2026
PR0021555,001,61211,Enterococci,2,C3,MAX,Concentration3,#/100mL,2,MPN/100mL,130,#/100mL,,01/31/2026
PR0021555,001,71900,"Mercury, total [as Hg]",0.0096,C3,MAX,Concentration3,ug/L,.0000096,mg/L,.29,ug/L,,01/31/2020
PR0021555,001,71900,"Mercury, total [as Hg]",0.0583,C3,MAX,Concentration3,ug/L,.0000583,mg/L,.29,ug/L,,02/29/2020
PR0021555,001,71900,"Mercury, total [as Hg]",0.0225,C3,MAX,Concentration3,ug/L,.0000225,mg/L,.29,ug/L,,03/31/2020
PR0021555,001,71900,"Mercury, total [as Hg]",0.002,C3,MAX,Concentration3,ug/L,.000002,mg/L,.29,ug/L,,04/30/2020
PR0021555,001,71900,"Mercury, total [as Hg]",0.0149,C3,MAX,Concentration3,ug/L,.0000149,mg/L,.29,ug/L,,05/31/2020
PR0021555,001,71900,"Mercury, total [as Hg]",0.0136,C3,MAX,Concentration3,ug/L,.0000136,mg/L,.29,ug/L,,06/30/2020
PR0021555,001,71900,"Mercury, total [as Hg]",0.021,C3,MAX,Concentration3,ug/L,.000021,mg/L,.29,ug/L,,07/31/2020
PR0021555,001,71900,"Mercury, total [as Hg]",0.0194,C3,MAX,Concentration3,ug/L,.0000194,mg/L,.29,ug/L,,08/31/2020
PR0021555,001,71900,"Mercury, total [as Hg]",0.002,C3,MAX,Concentration3,ug/L,.000002,mg/L,.29,ug/L,,09/30/2020
PR0021555,001,71900,"Mercury, total [as Hg]",0.0337,C3,MAX,Concentration3,ug/L,.0000337,mg/L,.29,ug/L,,10/31/2020
PR0021555,001,71900,"Mercury, total [as Hg]",0.0033,C3,MAX,Concentration3,ug/L,.0000033,mg/L,.29,ug/L,,11/30/2020
PR0021555,001,71900,"Mercury, total [as Hg]",0.0048,C3,MAX,Concentration3,ug/L,.0000048,mg/L,.29,ug/L,,12/31/2020
PR0021555,001,71900,"Mercury, total [as Hg]",0.0039,C3,MAX,Concentration3,ug/L,.0000039,mg/L,.29,ug/L,,01/31/2021
PR0021555,001,71900,"Mercury, total [as Hg]",0.0083,C3,MAX,Concentration3,ug/L,.0000083,mg/L,.29,ug/L,,02/28/2021
PR0021555,001,71900,"Mercury, total [as Hg]",0.0086,C3,MAX,Concentration3,ug/L,.0000086,mg/L,.29,ug/L,,03/31/2021
PR0021555,001,71900,"Mercury, total [as Hg]",0.0066,C3,MAX,Concentration3,ug/L,.0000066,mg/L,.29,ug/L,,04/30/2021
PR0021555,001,71900,"Mercury, total [as Hg]",0.0095,C3,MAX,Concentration3,ug/L,.0000095,mg/L,.29,ug/L,,05/31/2021
PR0021555,001,71900,"Mercury, total [as Hg]",0.002,C3,MAX,Concentration3,ug/L,.000002,mg/L,.29,ug/L,,06/30/2021
PR0021555,001,71900,"Mercury, total [as Hg]",0.0126,C3,MAX,Concentration3,ug/L,.0000126,mg/L,.29,ug/L,,07/31/2021
PR0021555,001,71900,"Mercury, total [as Hg]",0.036,C3,MAX,Concentration3,ug/L,.000036,mg/L,.29,ug/L,,08/31/2021
PR0021555,001,71900,"Mercury, total [as Hg]",0.0088,C3,MAX,Concentration3,ug/L,.0000088,mg/L,.29,ug/L,,09/30/2021
PR0021555,001,71900,"Mercury, total [as Hg]",0.0082,C3,MAX,Concentration3,ug/L,.0000082,mg/L,.29,ug/L,,10/31/2021
PR0021555,001,71900,"Mercury, total [as Hg]",0.002,C3,MAX,Concentration3,ug/L,.000002,mg/L,.117,ug/L,,11/30/2021
PR0021555,001,71900,"Mercury, total [as Hg]",0.002,C3,MAX,Concentration3,ug/L,.000002,mg/L,.117,ug/L,,12/31/2021
PR0021555,001,71900,"Mercury, total [as Hg]",0.002,C3,MAX,Concentration3,ug/L,.000002,mg/L,.117,ug/L,,01/31/2022
PR0021555,001,71900,"Mercury, total [as Hg]",0.002,C3,MAX,Concentration3,ug/L,.000002,mg/L,.117,ug/L,,02/28/2022
PR0021555,001,71900,"Mercury, total [as Hg]",0.0085,C3,MAX,Concentration3,ug/L,.0000085,mg/L,.117,ug/L,,03/31/2022
PR0021555,001,71900,"Mercury, total [as Hg]",0.0264,C3,MAX,Concentration3,ug/L,.0000264,mg/L,.117,ug/L,,04/30/2022
PR0021555,001,71900,"Mercury, total [as Hg]",0.0042,C3,MAX,Concentration3,ug/L,.0000042,mg/L,.117,ug/L,,05/31/2022
PR0021555,001,71900,"Mercury, total [as Hg]",0.009,C3,MAX,Concentration3,ug/L,.000009,mg/L,.117,ug/L,,06/30/2022
PR0021555,001,71900,"Mercury, total [as Hg]",0.0304,C3,MAX,Concentration3,ug/L,.0000304,mg/L,.117,ug/L,,07/31/2022
PR0021555,001,71900,"Mercury, total [as Hg]",0.0239,C3,MAX,Concentration3,ug/L,.0000239,mg/L,.117,ug/L,,08/31/2022
PR0021555,001,71900,"Mercury, total [as Hg]",0.0106,C3,MAX,Concentration3,ug/L,.0000106,mg/L,.117,ug/L,,09/30/2022
PR0021555,001,71900,"Mercury, total [as Hg]",0.0106,C3,MAX,Concentration3,ug/L,.0000106,mg/L,.117,ug/L,,10/31/2022
PR0021555,001,71900,"Mercury, total [as Hg]",0.0196,C3,MAX,Concentration3,ug/L,.0000196,mg/L,.117,ug/L,,11/30/2022
PR0021555,001,71900,"Mercury, total [as Hg]",0.014,C3,MAX,Concentration3,ug/L,.000014,mg/L,.117,ug/L,,12/31/2022
PR0021555,001,71900,"Mercury, total [as Hg]",0.0077,C3,MAX,Concentration3,ug/L,.0000077,mg/L,.117,ug/L,,01/31/2023
PR0021555,001,71900,"Mercury, total [as Hg]",0.0036,C3,MAX,Concentration3,ug/L,.0000036,mg/L,.117,ug/L,,02/28/2023
PR0021555,001,71900,"Mercury, total [as Hg]",0.0326,C3,MAX,Concentration3,ug/L,.0000326,mg/L,.117,ug/L,,03/31/2023
PR0021555,001,71900,"Mercury, total [as Hg]",0.0257,C3,MAX,Concentration3,ug/L,.0000257,mg/L,.117,ug/L,,04/30/2023
PR0021555,001,71900,"Mercury, total [as Hg]",0.0185,C3,MAX,Concentration3,ug/L,.0000185,mg/L,.117,ug/L,,05/31/2023
PR0021555,001,71900,"Mercury, total [as Hg]",0.0443,C3,MAX,Concentration3,ug/L,.0000443,mg/L,.117,ug/L,,06/30/2023
PR0021555,001,71900,"Mercury, total [as Hg]",0.0372,C3,MAX,Concentration3,ug/L,.0000372,mg/L,.117,ug/L,,07/31/2023
PR0021555,001,71900,"Mercury, total [as Hg]",0.0469,C3,MAX,Concentration3,ug/L,.0000469,mg/L,.117,ug/L,,08/31/2023
PR0021555,001,71900,"Mercury, total [as Hg]",0.0654,C3,MAX,Concentration3,ug/L,.0000654,mg/L,.117,ug/L,,09/30/2023
PR0021555,001,71900,"Mercury, total [as Hg]",0.0205,C3,MAX,Concentration3,ug/L,.0000205,mg/L,.117,ug/L,,10/31/2023
PR0021555,001,71900,"Mercury, total [as Hg]",0.0351,C3,MAX,Concentration3,ug/L,.0000351,mg/L,.117,ug/L,,11/30/2023
PR0021555,001,71900,"Mercury, total [as Hg]",0.012,C3,MAX,Concentration3,ug/L,.000012,mg/L,.117,ug/L,,12/31/2023
PR0021555,001,71900,"Mercury, total [as Hg]",0.0053,C3,MAX,Concentration3,ug/L,.0000053,mg/L,.117,ug/L,,01/31/2024
PR0021555,001,71900,"Mercury, total [as Hg]",0.0079,C3,MAX,Concentration3,ug/L,.0000079,mg/L,.117,ug/L,,02/29/2024
PR0021555,001,71900,"Mercury, total [as Hg]",0.0079,C3,MAX,Concentration3,ug/L,.0000079,mg/L,.117,ug/L,,03/31/2024
PR0021555,001,71900,"Mercury, total [as Hg]",0.0047,C3,MAX,Concentration3,ug/L,.0000047,mg/L,.117,ug/L,,04/30/2024
PR0021555,001,71900,"Mercury, total [as Hg]",0.0104,C3,MAX,Concentration3,ug/L,.0000104,mg/L,.117,ug/L,,05/31/2024
PR0021555,001,71900,"Mercury, total [as Hg]",0.0088,C3,MAX,Concentration3,ug/L,.0000088,mg/L,.117,ug/L,,06/30/2024
PR0021555,001,71900,"Mercury, total [as Hg]",0.0165,C3,MAX,Concentration3,ug/L,.0000165,mg/L,.117,ug/L,,07/31/2024
PR0021555,001,71900,"Mercury, total [as Hg]",0.0273,C3,MAX,Concentration3,ug/L,.0000273,mg/L,.117,ug/L,,08/31/2024
PR0021555,001,71900,"Mercury, total [as Hg]",0.0225,C3,MAX,Concentration3,ug/L,.0000225,mg/L,.117,ug/L,,09/30/2024
PR0021555,001,71900,"Mercury, total [as Hg]",0.0283,C3,MAX,Concentration3,ug/L,.0000283,mg/L,.117,ug/L,,10/31/2024
PR0021555,001,71900,"Mercury, total [as Hg]",0.014,C3,MAX,Concentration3,ug/L,.000014,mg/L,.117,ug/L,,11/30/2024
PR0021555,001,71900,"Mercury, total [as Hg]",0.0183,C3,MAX,Concentration3,ug/L,.0000183,mg/L,.117,ug/L,,12/31/2024
PR0021555,001,71900,"Mercury, total [as Hg]",0.0065,C3,MAX,Concentration3,ug/L,.0000065,mg/L,.117,ug/L,,01/31/2025
PR0021555,001,71900,"Mercury, total [as Hg]",0.0116,C3,MAX,Concentration3,ug/L,.0000116,mg/L,.117,ug/L,,02/28/2025
PR0021555,001,71900,"Mercury, total [as Hg]",0.0186,C3,MAX,Concentration3,ug/L,.0000186,mg/L,.117,ug/L,,03/31/2025
PR0021555,001,71900,"Mercury, total [as Hg]",0.0238,C3,MAX,Concentration3,ug/L,.0000238,mg/L,.117,ug/L,,04/30/2025
PR0021555,001,71900,"Mercury, total [as Hg]",0.0148,C3,MAX,Concentration3,ug/L,.0000148,mg/L,.117,ug/L,,05/31/2025
PR0021555,001,71900,"Mercury, total [as Hg]",0.0084,C3,MAX,Concentration3,ug/L,.0000084,mg/L,.117,ug/L,,06/30/2025
PR0021555,001,71900,"Mercury, total [as Hg]",0.0249,C3,MAX,Concentration3,ug/L,.0000249,mg/L,.117,ug/L,,07/31/2025
PR0021555,001,71900,"Mercury, total [as Hg]",0.0269,C3,MAX,Concentration3,ug/L,.0000269,mg/L,.117,ug/L,,08/31/2025
PR0021555,001,71900,"Mercury, total [as Hg]",0.0288,C3,MAX,Concentration3,ug/L,.0000288,mg/L,.117,ug/L,,09/30/2025
PR0021555,001,71900,"Mercury, total [as Hg]",0.01,C3,MAX,Concentration3,ug/L,.00001,mg/L,.117,ug/L,,10/31/2025
PR0021555,001,71900,"Mercury, total [as Hg]",0.024,C3,MAX,Concentration3,ug/L,.000024,mg/L,.117,ug/L,,11/30/2025
PR0021555,001,71900,"Mercury, total [as Hg]",0.0237,C3,MAX,Concentration3,ug/L,.0000237,mg/L,.117,ug/L,,12/31/2025
PR0021555,001,71900,"Mercury, total [as Hg]",0.0122,C3,MAX,Concentration3,ug/L,.0000122,mg/L,.117,ug/L,,01/31/2026
PR0021555,001,74055,"Coliform, fecal general",4,C2,AVG,Concentration2,#/100mL,4,MPN/100mL,200,#/100mL,,01/31/2020
PR0021555,001,74055,"Coliform, fecal general",5,C2,AVG,Concentration2,#/100mL,5,MPN/100mL,200,#/100mL,,02/29/2020
PR0021555,001,74055,"Coliform, fecal general",5,C2,AVG,Concentration2,#/100mL,5,MPN/100mL,200,#/100mL,,03/31/2020
PR0021555,001,74055,"Coliform, fecal general",5,C2,AVG,Concentration2,#/100mL,5,MPN/100mL,200,#/100mL,,04/30/2020
PR0021555,001,74055,"Coliform, fecal general",2,C2,AVG,Concentration2,#/100mL,2,MPN/100mL,200,#/100mL,,05/31/2020
PR0021555,001,74055,"Coliform, fecal general",19,C2,AVG,Concentration2,#/100mL,19,MPN/100mL,200,#/100mL,,06/30/2020
PR0021555,001,74055,"Coliform, fecal general",5,C2,AVG,Concentration2,#/100mL,5,MPN/100mL,200,#/100mL,,07/31/2020
PR0021555,001,74055,"Coliform, fecal general",4,C2,AVG,Concentration2,#/100mL,4,MPN/100mL,200,#/100mL,,08/31/2020
PR0021555,001,74055,"Coliform, fecal general",2,C2,AVG,Concentration2,#/100mL,2,MPN/100mL,200,#/100mL,,09/30/2020
PR0021555,001,74055,"Coliform, fecal general",2,C2,AVG,Concentration2,#/100mL,2,MPN/100mL,200,#/100mL,,10/31/2020
PR0021555,001,74055,"Coliform, fecal general",2,C2,AVG,Concentration2,#/100mL,2,MPN/100mL,200,#/100mL,,11/30/2020
PR0021555,001,74055,"Coliform, fecal general",3,C2,AVG,Concentration2,#/100mL,3,MPN/100mL,200,#/100mL,,12/31/2020
PR0021555,001,74055,"Coliform, fecal general",2,C2,AVG,Concentration2,#/100mL,2,MPN/100mL,200,#/100mL,,01/31/2021
PR0021555,001,74055,"Coliform, fecal general",2,C2,AVG,Concentration2,#/100mL,2,MPN/100mL,200,#/100mL,,02/28/2021
PR0021555,001,74055,"Coliform, fecal general",3,C2,AVG,Concentration2,#/100mL,3,MPN/100mL,200,#/100mL,,03/31/2021
PR0021555,001,74055,"Coliform, fecal general",6,C2,AVG,Concentration2,#/100mL,6,MPN/100mL,200,#/100mL,,04/30/2021
PR0021555,001,74055,"Coliform, fecal general",14,C2,AVG,Concentration2,#/100mL,14,MPN/100mL,200,#/100mL,,05/31/2021
PR0021555,001,74055,"Coliform, fecal general",4,C2,AVG,Concentration2,#/100mL,4,MPN/100mL,200,#/100mL,,06/30/2021
PR0021555,001,74055,"Coliform, fecal general",2,C2,AVG,Concentration2,#/100mL,2,MPN/100mL,200,#/100mL,,07/31/2021
PR0021555,001,74055,"Coliform, fecal general",2,C2,AVG,Concentration2,#/100mL,2,MPN/100mL,200,#/100mL,,08/31/2021
PR0021555,001,74055,"Coliform, fecal general",11,C2,AVG,Concentration2,#/100mL,11,MPN/100mL,200,#/100mL,,09/30/2021
PR0021555,001,74055,"Coliform, fecal general",4,C2,AVG,Concentration2,#/100mL,4,MPN/100mL,200,#/100mL,,10/31/2021
PR0021555,001,TCP3A,% Effect Static Chronic Arbacia punctulata,33.3,C1,MIN,Concentration1,%,33.3,%,,%,,02/29/2020
PR0021555,001,TCP3A,% Effect Static Chronic Arbacia punctulata,18.5,C1,MIN,Concentration1,%,18.5,%,,%,,05/31/2020
PR0021555,001,TCP3A,% Effect Static Chronic Arbacia punctulata,18.5,C1,MIN,Concentration1,%,18.5,%,,%,,08/31/2020
PR0021555,001,TCP3A,% Effect Static Chronic Arbacia punctulata,6.17,C1,MIN,Concentration1,%,6.17,%,,%,,11/30/2020
PR0021555,001,TCP3A,% Effect Static Chronic Arbacia punctulata,18.5,C1,MIN,Concentration1,%,18.5,%,,%,,02/28/2021
PR0021555,001,TCP3A,% Effect Static Chronic Arbacia punctulata,6.17,C1,MIN,Concentration1,%,6.17,%,,%,,05/31/2021
PR0021555,001,TCP3A,% Effect Static Chronic Arbacia punctulata,18.5,C1,MIN,Concentration1,%,18.5,%,,%,,08/31/2021
PR0021555,001,TCP3A,% Effect Static Chronic Arbacia punctulata,NA,C1,MIN,Concentration1,,,%,,%,9,01/31/2022
PR0021555,001,TCP3A,% Effect Static Chronic Arbacia punctulata,30.77,C1,MIN,Concentration1,%,30.77,%,,%,,04/30/2022
PR0021555,001,TCP3A,% Effect Static Chronic Arbacia punctulata,3.25,C1,MIN,Concentration1,%,3.25,%,,%,,07/31/2022
PR0021555,001,TCP3A,% Effect Static Chronic Arbacia punctulata,3.25,C1,MIN,Concentration1,%,3.25,%,,%,,10/31/2022
PR0021555,001,TCP3A,% Effect Static Chronic Arbacia punctulata,325,C1,MIN,Concentration1,%,325,%,,%,,01/31/2023
PR0021555,001,TCP3A,% Effect Static Chronic Arbacia punctulata,3.25,C1,MIN,Concentration1,%,3.25,%,,%,,04/30/2023
PR0021555,001,TCP3A,% Effect Static Chronic Arbacia punctulata,3.25,C1,MIN,Concentration1,%,3.25,%,,%,,07/31/2023
PR0021555,001,TCP3A,% Effect Static Chronic Arbacia punctulata,3.25,C1,MIN,Concentration1,%,3.25,%,,%,,10/31/2023
PR0021555,001,TCP3A,% Effect Static Chronic Arbacia punctulata,3.25,C1,MIN,Concentration1,%,3.25,%,,%,,01/31/2024
PR0021555,001,TCP3A,% Effect Static Chronic Arbacia punctulata,3.25,C1,MIN,Concentration1,%,3.25,%,,%,,04/30/2024
PR0021555,001,TCP3A,% Effect Static Chronic Arbacia punctulata,3.25,C1,MIN,Concentration1,%,3.25,%,,%,,07/31/2024
PR0021555,001,TCP3A,% Effect Static Chronic Arbacia punctulata,30.77,C1,MIN,Concentration1,%,30.77,%,,%,,10/31/2024
PR0021555,001,TCP3A,% Effect Static Chronic Arbacia punctulata,30.77,C1,MIN,Concentration1,%,30.77,%,,%,,01/31/2025
PR0021555,001,TCP3A,% Effect Static Chronic Arbacia punctulata,30.77,C1,MIN,Concentration1,%,30.77,%,,%,,04/30/2025
PR0021555,001,TCP3A,% Effect Static Chronic Arbacia punctulata,3.25,C1,MIN,Concentration1,%,3.25,%,,%,,07/31/2025
PR0021555,001,TCP3A,% Effect Static Chronic Arbacia punctulata,3.25,C1,MIN,Concentration1,%,3.25,%,,%,,10/31/2025
PR0021555,001,TCP3A,% Effect Static Chronic Arbacia punctulata,3.25,C1,MIN,Concentration1,%,3.25,%,,%,,01/31/2026
PR0021555,001,TDA6A,NOAEL Static 48Hr Acute Cyprinodon variegatus,NA,C1,MIN,Concentration1,,,%,,%,E,11/30/2020
PR0021555,001,TDA6A,NOAEL Static 48Hr Acute Cyprinodon variegatus,7.64,C1,MIN,Concentration1,%,7.64,%,,%,,10/31/2022
PR0021555,001,TDA6A,NOAEL Static 48Hr Acute Cyprinodon variegatus,13.08,C1,MIN,Concentration1,%,13.08,%,,%,,10/31/2023
PR0021555,001,TDA6A,NOAEL Static 48Hr Acute Cyprinodon variegatus,7.65,C1,MIN,Concentration1,%,7.65,%,,%,,10/31/2024
PR0021555,001,TDA6A,NOAEL Static 48Hr Acute Cyprinodon variegatus,7.65,C1,MIN,Concentration1,%,7.65,%,,%,,10/31/2025
PR0021555,001,TPP6A,NOEC Sub-Lethal Static Renewal 7 Day Chronic Cyprinodeon variegatus,NA,C1,MIN,Concentration1,,,%,,%,E,11/30/2020
PR0021555,001,TPP6A,NOEC Sub-Lethal Static Renewal 7 Day Chronic Cyprinodeon variegatus,NA,C1,MIN,Concentration1,,,%,,%,9,01/31/2022
PR0021555,001,TPP6A,NOEC Sub-Lethal Static Renewal 7 Day Chronic Cyprinodeon variegatus,30.77,C1,MIN,Concentration1,%,30.77,%,,%,,04/30/2022
PR0021555,001,TPP6A,NOEC Sub-Lethal Static Renewal 7 Day Chronic Cyprinodeon variegatus,3.25,C1,MIN,Concentration1,%,3.25,%,,%,,07/31/2022
PR0021555,001,TPP6A,NOEC Sub-Lethal Static Renewal 7 Day Chronic Cyprinodeon variegatus,3.25,C1,MIN,Concentration1,%,3.25,%,,%,,10/31/2022
PR0021555,001,TPP6A,NOEC Sub-Lethal Static Renewal 7 Day Chronic Cyprinodeon variegatus,3.25,C1,MIN,Concentration1,%,3.25,%,,%,,01/31/2023
PR0021555,001,TPP6A,NOEC Sub-Lethal Static Renewal 7 Day Chronic Cyprinodeon variegatus,3.25,C1,MIN,Concentration1,%,3.25,%,,%,,04/30/2023
PR0021555,001,TPP6A,NOEC Sub-Lethal Static Renewal 7 Day Chronic Cyprinodeon variegatus,3.25,C1,MIN,Concentration1,%,3.25,%,,%,,07/31/2023
PR0021555,001,TPP6A,NOEC Sub-Lethal Static Renewal 7 Day Chronic Cyprinodeon variegatus,3.25,C1,MIN,Concentration1,%,3.25,%,,%,,10/31/2023
PR0021555,001,TPP6A,NOEC Sub-Lethal Static Renewal 7 Day Chronic Cyprinodeon variegatus,3.25,C1,MIN,Concentration1,%,3.25,%,,%,,01/31/2024
PR0021555,001,TPP6A,NOEC Sub-Lethal Static Renewal 7 Day Chronic Cyprinodeon variegatus,3.25,C1,MIN,Concentration1,%,3.25,%,,%,,04/30/2024
PR0021555,001,TPP6A,NOEC Sub-Lethal Static Renewal 7 Day Chronic Cyprinodeon variegatus,3.25,C1,MIN,Concentration1,%,3.25,%,,%,,07/31/2024
PR0021555,001,TPP6A,NOEC Sub-Lethal Static Renewal 7 Day Chronic Cyprinodeon variegatus,30.77,C1,MIN,Concentration1,%,30.77,%,,%,,10/31/2024
PR0021555,001,TPP6A,NOEC Sub-Lethal Static Renewal 7 Day Chronic Cyprinodeon variegatus,30.77,C1,MIN,Concentration1,%,30.77,%,,%,,01/31/2025
PR0021555,001,TPP6A,NOEC Sub-Lethal Static Renewal 7 Day Chronic Cyprinodeon variegatus,30.77,C1,MIN,Concentration1,%,30.77,%,,%,,04/30/2025
PR0021555,001,TPP6A,NOEC Sub-Lethal Static Renewal 7 Day Chronic Cyprinodeon variegatus,3.25,C1,MIN,Concentration1,%,3.25,%,,%,,07/31/2025
PR0021555,001,TPP6A,NOEC Sub-Lethal Static Renewal 7 Day Chronic Cyprinodeon variegatus,3.25,C1,MIN,Concentration1,%,3.25,%,,%,,10/31/2025
PR0021555,001,TPP6A,NOEC Sub-Lethal Static Renewal 7 Day Chronic Cyprinodeon variegatus,3.25,C1,MIN,Concentration1,%,3.25,%,,%,,01/31/2026
PR0021555,001,TZP3E,% Growth Reduction Static Renewal 7 Day Chronic Americamysis bahia (formerly Mysidopsis bahia),NA,C1,MIN,Concentration1,,,%,,%,E,11/30/2020
PR0021555,001,TZP3E,% Growth Reduction Static Renewal 7 Day Chronic Americamysis bahia (formerly Mysidopsis bahia),NA,C1,MIN,Concentration1,,,%,,%,9,01/31/2022
PR0021555,001,TZP3E,% Growth Reduction Static Renewal 7 Day Chronic Americamysis bahia (formerly Mysidopsis bahia),30.77,C1,MIN,Concentration1,%,30.77,%,,%,,04/30/2022
PR0021555,001,TZP3E,% Growth Reduction Static Renewal 7 Day Chronic Americamysis bahia (formerly Mysidopsis bahia),3.25,C1,MIN,Concentration1,%,3.25,%,,%,,07/31/2022
PR0021555,001,TZP3E,% Growth Reduction Static Renewal 7 Day Chronic Americamysis bahia (formerly Mysidopsis bahia),1.63,C1,MIN,Concentration1,%,1.63,%,,%,,10/31/2022
PR0021555,001,TZP3E,% Growth Reduction Static Renewal 7 Day Chronic Americamysis bahia (formerly Mysidopsis bahia),3.25,C1,MIN,Concentration1,%,3.25,%,,%,,01/31/2023
PR0021555,001,TZP3E,% Growth Reduction Static Renewal 7 Day Chronic Americamysis bahia (formerly Mysidopsis bahia),3.25,C1,MIN,Concentration1,%,3.25,%,,%,,04/30/2023
PR0021555,001,TZP3E,% Growth Reduction Static Renewal 7 Day Chronic Americamysis bahia (formerly Mysidopsis bahia),3.25,C1,MIN,Concentration1,%,3.25,%,,%,,07/31/2023
PR0021555,001,TZP3E,% Growth Reduction Static Renewal 7 Day Chronic Americamysis bahia (formerly Mysidopsis bahia),3.25,C1,MIN,Concentration1,%,3.25,%,,%,,10/31/2023
PR0021555,001,TZP3E,% Growth Reduction Static Renewal 7 Day Chronic Americamysis bahia (formerly Mysidopsis bahia),3.25,C1,MIN,Concentration1,%,3.25,%,,%,,01/31/2024
PR0021555,001,TZP3E,% Growth Reduction Static Renewal 7 Day Chronic Americamysis bahia (formerly Mysidopsis bahia),3.25,C1,MIN,Concentration1,%,3.25,%,,%,,04/30/2024
PR0021555,001,TZP3E,% Growth Reduction Static Renewal 7 Day Chronic Americamysis bahia (formerly Mysidopsis bahia),3.25,C1,MIN,Concentration1,%,3.25,%,,%,,07/31/2024
PR0021555,001,TZP3E,% Growth Reduction Static Renewal 7 Day Chronic Americamysis bahia (formerly Mysidopsis bahia),30.77,C1,MIN,Concentration1,%,30.77,%,,%,,10/31/2024
PR0021555,001,TZP3E,% Growth Reduction Static Renewal 7 Day Chronic Americamysis bahia (formerly Mysidopsis bahia),30.77,C1,MIN,Concentration1,%,30.77,%,,%,,01/31/2025
PR0021555,001,TZP3E,% Growth Reduction Static Renewal 7 Day Chronic Americamysis bahia (formerly Mysidopsis bahia),30.77,C1,MIN,Concentration1,%,30.77,%,,%,,04/30/2025
PR0021555,001,TZP3E,% Growth Reduction Static Renewal 7 Day Chronic Americamysis bahia (formerly Mysidopsis bahia),3.25,C1,MIN,Concentration1,%,3.25,%,,%,,07/31/2025
PR0021555,001,TZP3E,% Growth Reduction Static Renewal 7 Day Chronic Americamysis bahia (formerly Mysidopsis bahia),3.25,C1,MIN,Concentration1,%,3.25,%,,%,,10/31/2025
PR0021555,001,TZP3E,% Growth Reduction Static Renewal 7 Day Chronic Americamysis bahia (formerly Mysidopsis bahia),3.25,C1,MIN,Concentration1,%,3.25,%,,%,,01/31/2026
