npdes_id,perm_feature_nmbr,parameter_code,parameter_desc,dmr_value_nmbr,value_type_code,statistical_base_type_code,value_type_desc,dmr_unit_desc,dmr_value_standard_units,standard_unit_desc,limit_value_nmbr,limit_unit_desc,nodi_code,monitoring_period_end_date
PR0021717,001,00010,"Temperature, water deg. centigrade",29.4,C3,MAX,Concentration3,deg C,29.4,deg C,32.2,deg C,,01/31/2020
PR0021717,001,00010,"Temperature, water deg. centigrade",29.1,C3,MAX,Concentration3,deg C,29.1,deg C,32.2,deg C,,02/29/2020
PR0021717,001,00010,"Temperature, water deg. centigrade",29.5,C3,MAX,Concentration3,deg C,29.5,deg C,32.2,deg C,,03/31/2020
PR0021717,001,00010,"Temperature, water deg. centigrade",31.3,C3,MAX,Concentration3,deg C,31.3,deg C,32.2,deg C,,04/30/2020
PR0021717,001,00010,"Temperature, water deg. centigrade",32.2,C3,MAX,Concentration3,deg C,32.2,deg C,32.2,deg C,,05/31/2020
PR0021717,001,00010,"Temperature, water deg. centigrade",32,C3,MAX,Concentration3,deg C,32,deg C,32.2,deg C,,06/30/2020
PR0021717,001,00010,"Temperature, water deg. centigrade",32.1,C3,MAX,Concentration3,deg C,32.1,deg C,32.2,deg C,,07/31/2020
PR0021717,001,00010,"Temperature, water deg. centigrade",32,C3,MAX,Concentration3,deg C,32,deg C,32.2,deg C,,08/31/2020
PR0021717,001,00010,"Temperature, water deg. centigrade",32,C3,MAX,Concentration3,deg C,32,deg C,32.2,deg C,,09/30/2020
PR0021717,001,00010,"Temperature, water deg. centigrade",31.7,C3,MAX,Concentration3,deg C,31.7,deg C,32.2,deg C,,10/31/2020
PR0021717,001,00010,"Temperature, water deg. centigrade",31.3,C3,MAX,Concentration3,deg C,31.3,deg C,32.2,deg C,,11/30/2020
PR0021717,001,00010,"Temperature, water deg. centigrade",31.7,C3,MAX,Concentration3,deg C,31.7,deg C,32.2,deg C,,12/31/2020
PR0021717,001,00010,"Temperature, water deg. centigrade",29.9,C3,MAX,Concentration3,deg C,29.9,deg C,32.2,deg C,,01/31/2021
PR0021717,001,00010,"Temperature, water deg. centigrade",29.8,C3,MAX,Concentration3,deg C,29.8,deg C,32.2,deg C,,02/28/2021
PR0021717,001,00010,"Temperature, water deg. centigrade",29.5,C3,MAX,Concentration3,deg C,29.5,deg C,32.2,deg C,,03/31/2021
PR0021717,001,00010,"Temperature, water deg. centigrade",28.9,C3,MAX,Concentration3,deg C,28.9,deg C,32.2,deg C,,04/30/2021
PR0021717,001,00010,"Temperature, water deg. centigrade",29.5,C3,MAX,Concentration3,deg C,29.5,deg C,32.2,deg C,,05/31/2021
PR0021717,001,00010,"Temperature, water deg. centigrade",30.8,C3,MAX,Concentration3,deg C,30.8,deg C,32.2,deg C,,06/30/2021
PR0021717,001,00010,"Temperature, water deg. centigrade",31.1,C3,MAX,Concentration3,deg C,31.1,deg C,32.2,deg C,,07/31/2021
PR0021717,001,00010,"Temperature, water deg. centigrade",32,C3,MAX,Concentration3,deg C,32,deg C,32.2,deg C,,08/31/2021
PR0021717,001,00010,"Temperature, water deg. centigrade",32,C3,MAX,Concentration3,deg C,32,deg C,32.2,deg C,,09/30/2021
PR0021717,001,00010,"Temperature, water deg. centigrade",31.2,C3,MAX,Concentration3,deg C,31.2,deg C,32.2,deg C,,10/31/2021
PR0021717,001,00010,"Temperature, water deg. centigrade",30,C3,MAX,Concentration3,deg C,30,deg C,32.2,deg C,,11/30/2021
PR0021717,001,00010,"Temperature, water deg. centigrade",30.1,C3,MAX,Concentration3,deg C,30.1,deg C,32.2,deg C,,12/31/2021
PR0021717,001,00010,"Temperature, water deg. centigrade",28.9,C3,MAX,Concentration3,deg C,28.9,deg C,32.2,deg C,,01/31/2022
PR0021717,001,00010,"Temperature, water deg. centigrade",29.8,C3,MAX,Concentration3,deg C,29.8,deg C,32.2,deg C,,02/28/2022
PR0021717,001,00010,"Temperature, water deg. centigrade",29,C3,MAX,Concentration3,deg C,29,deg C,32.2,deg C,,03/31/2022
PR0021717,001,00010,"Temperature, water deg. centigrade",29.2,C3,MAX,Concentration3,deg C,29.2,deg C,32.2,deg C,,04/30/2022
PR0021717,001,00010,"Temperature, water deg. centigrade",29.6,C3,MAX,Concentration3,deg C,29.6,deg C,32.2,deg C,,05/31/2022
PR0021717,001,00010,"Temperature, water deg. centigrade",31,C3,MAX,Concentration3,deg C,31,deg C,32.2,deg C,,06/30/2022
PR0021717,001,00010,"Temperature, water deg. centigrade",30.4,C3,MAX,Concentration3,deg C,30.4,deg C,32.2,deg C,,07/31/2022
PR0021717,001,00010,"Temperature, water deg. centigrade",30.2,C3,MAX,Concentration3,deg C,30.2,deg C,32.2,deg C,,08/31/2022
PR0021717,001,00010,"Temperature, water deg. centigrade",30.1,C3,MAX,Concentration3,deg C,30.1,deg C,32.2,deg C,,09/30/2022
PR0021717,001,00010,"Temperature, water deg. centigrade",29.5,C3,MAX,Concentration3,deg C,29.5,deg C,32.2,deg C,,10/31/2022
PR0021717,001,00010,"Temperature, water deg. centigrade",29.1,C3,MAX,Concentration3,deg C,29.1,deg C,32.2,deg C,,11/30/2022
PR0021717,001,00010,"Temperature, water deg. centigrade",29.2,C3,MAX,Concentration3,deg C,29.2,deg C,32.2,deg C,,12/31/2022
PR0021717,001,00010,"Temperature, water deg. centigrade",28.5,C3,MAX,Concentration3,deg C,28.5,deg C,32.2,deg C,,01/31/2023
PR0021717,001,00010,"Temperature, water deg. centigrade",28.3,C3,MAX,Concentration3,deg C,28.3,deg C,32.2,deg C,,02/28/2023
PR0021717,001,00010,"Temperature, water deg. centigrade",28.4,C3,MAX,Concentration3,deg C,28.4,deg C,32.2,deg C,,03/31/2023
PR0021717,001,00010,"Temperature, water deg. centigrade",28.6,C3,MAX,Concentration3,deg C,28.6,deg C,32.2,deg C,,04/30/2023
PR0021717,001,00010,"Temperature, water deg. centigrade",31.2,C3,MAX,Concentration3,deg C,31.2,deg C,32.2,deg C,,05/31/2023
PR0021717,001,00010,"Temperature, water deg. centigrade",31.2,C3,MAX,Concentration3,deg C,31.2,deg C,32.2,deg C,,06/30/2023
PR0021717,001,00010,"Temperature, water deg. centigrade",31.3,C3,MAX,Concentration3,deg C,31.3,deg C,32.2,deg C,,07/31/2023
PR0021717,001,00010,"Temperature, water deg. centigrade",32.1,C3,MAX,Concentration3,deg C,32.1,deg C,32.2,deg C,,08/31/2023
PR0021717,001,00010,"Temperature, water deg. centigrade",33,C3,MAX,Concentration3,deg C,33,deg C,32.2,deg C,,09/30/2023
PR0021717,001,00010,"Temperature, water deg. centigrade",32.2,C3,MAX,Concentration3,deg C,32.2,deg C,32.2,deg C,,10/31/2023
PR0021717,001,00010,"Temperature, water deg. centigrade",30.5,C3,MAX,Concentration3,deg C,30.5,deg C,32.2,deg C,,11/30/2023
PR0021717,001,00010,"Temperature, water deg. centigrade",29.8,C3,MAX,Concentration3,deg C,29.8,deg C,32.2,deg C,,12/31/2023
PR0021717,001,00010,"Temperature, water deg. centigrade",30.2,C3,MAX,Concentration3,deg C,30.2,deg C,32.2,deg C,,01/31/2024
PR0021717,001,00010,"Temperature, water deg. centigrade",29.1,C3,MAX,Concentration3,deg C,29.1,deg C,32.2,deg C,,02/29/2024
PR0021717,001,00010,"Temperature, water deg. centigrade",30.4,C3,MAX,Concentration3,deg C,30.4,deg C,32.2,deg C,,03/31/2024
PR0021717,001,00010,"Temperature, water deg. centigrade",30.1,C3,MAX,Concentration3,deg C,30.1,deg C,32.2,deg C,,04/30/2024
PR0021717,001,00010,"Temperature, water deg. centigrade",30.2,C3,MAX,Concentration3,deg C,30.2,deg C,32.2,deg C,,05/31/2024
PR0021717,001,00010,"Temperature, water deg. centigrade",30.5,C3,MAX,Concentration3,deg C,30.5,deg C,32.2,deg C,,06/30/2024
PR0021717,001,00010,"Temperature, water deg. centigrade",30.7,C3,MAX,Concentration3,deg C,30.7,deg C,32.2,deg C,,07/31/2024
PR0021717,001,00010,"Temperature, water deg. centigrade",30.7,C3,MAX,Concentration3,deg C,30.7,deg C,32.2,deg C,,08/31/2024
PR0021717,001,00010,"Temperature, water deg. centigrade",31.3,C3,MAX,Concentration3,deg C,31.3,deg C,32.2,deg C,,09/30/2024
PR0021717,001,00010,"Temperature, water deg. centigrade",31.2,C3,MAX,Concentration3,deg C,31.2,deg C,32.2,deg C,,10/31/2024
PR0021717,001,00010,"Temperature, water deg. centigrade",30.7,C3,MAX,Concentration3,deg C,30.7,deg C,32.2,deg C,,11/30/2024
PR0021717,001,00010,"Temperature, water deg. centigrade",30.2,C3,MAX,Concentration3,deg C,30.2,deg C,32.2,deg C,,12/31/2024
PR0021717,001,00010,"Temperature, water deg. centigrade",30.8,C3,MAX,Concentration3,deg C,30.8,deg C,32.2,deg C,,01/31/2025
PR0021717,001,00010,"Temperature, water deg. centigrade",30.6,C3,MAX,Concentration3,deg C,30.6,deg C,32.2,deg C,,02/28/2025
PR0021717,001,00010,"Temperature, water deg. centigrade",30.2,C3,MAX,Concentration3,deg C,30.2,deg C,32.2,deg C,,03/31/2025
PR0021717,001,00010,"Temperature, water deg. centigrade",30.1,C3,MAX,Concentration3,deg C,30.1,deg C,32.2,deg C,,04/30/2025
PR0021717,001,00010,"Temperature, water deg. centigrade",30.3,C3,MAX,Concentration3,deg C,30.3,deg C,32.2,deg C,,05/31/2025
PR0021717,001,00010,"Temperature, water deg. centigrade",30.3,C3,MAX,Concentration3,deg C,30.3,deg C,32.2,deg C,,06/30/2025
PR0021717,001,00010,"Temperature, water deg. centigrade",31.3,C3,MAX,Concentration3,deg C,31.3,deg C,32.2,deg C,,07/31/2025
PR0021717,001,00010,"Temperature, water deg. centigrade",31.1,C3,MAX,Concentration3,deg C,31.1,deg C,32.2,deg C,,08/31/2025
PR0021717,001,00010,"Temperature, water deg. centigrade",31.3,C3,MAX,Concentration3,deg C,31.3,deg C,32.2,deg C,,09/30/2025
PR0021717,001,00010,"Temperature, water deg. centigrade",31.5,C3,MAX,Concentration3,deg C,31.5,deg C,32.2,deg C,,10/31/2025
PR0021717,001,00010,"Temperature, water deg. centigrade",30.6,C3,MAX,Concentration3,deg C,30.6,deg C,32.2,deg C,,11/30/2025
PR0021717,001,00010,"Temperature, water deg. centigrade",30.1,C3,MAX,Concentration3,deg C,30.1,deg C,32.2,deg C,,12/31/2025
PR0021717,001,00010,"Temperature, water deg. centigrade",29.7,C3,MAX,Concentration3,deg C,29.7,deg C,32.2,deg C,,01/31/2026
PR0021717,001,00070,Turbidity,2,C3,MAX,Concentration3,NTU,2,NTU,50,NTU,,03/31/2020
PR0021717,001,00070,Turbidity,0.85,C3,MAX,Concentration3,NTU,.85,NTU,50,NTU,,06/30/2020
PR0021717,001,00070,Turbidity,2.3,C3,MAX,Concentration3,NTU,2.3,NTU,50,NTU,,09/30/2020
PR0021717,001,00070,Turbidity,12,C3,MAX,Concentration3,NTU,12,NTU,50,NTU,,12/31/2020
PR0021717,001,00070,Turbidity,3.2,C3,MAX,Concentration3,NTU,3.2,NTU,50,NTU,,03/31/2021
PR0021717,001,00070,Turbidity,1.2,C3,MAX,Concentration3,NTU,1.2,NTU,50,NTU,,06/30/2021
PR0021717,001,00070,Turbidity,2.4,C3,MAX,Concentration3,NTU,2.4,NTU,50,NTU,,09/30/2021
PR0021717,001,00070,Turbidity,18,C3,MAX,Concentration3,NTU,18,NTU,50,NTU,,12/31/2021
PR0021717,001,00070,Turbidity,2.3,C3,MAX,Concentration3,NTU,2.3,NTU,50,NTU,,03/31/2022
PR0021717,001,00070,Turbidity,24,C3,MAX,Concentration3,NTU,24,NTU,50,NTU,,06/30/2022
PR0021717,001,00070,Turbidity,1.6,C3,MAX,Concentration3,NTU,1.6,NTU,50,NTU,,09/30/2022
PR0021717,001,00070,Turbidity,1.6,C3,MAX,Concentration3,NTU,1.6,NTU,50,NTU,,12/31/2022
PR0021717,001,00070,Turbidity,3.6,C3,MAX,Concentration3,NTU,3.6,NTU,50,NTU,,03/31/2023
PR0021717,001,00070,Turbidity,2.1,C3,MAX,Concentration3,NTU,2.1,NTU,50,NTU,,06/30/2023
PR0021717,001,00070,Turbidity,3.3,C3,MAX,Concentration3,NTU,3.3,NTU,50,NTU,,09/30/2023
PR0021717,001,00070,Turbidity,1.4,C3,MAX,Concentration3,NTU,1.4,NTU,50,NTU,,12/31/2023
PR0021717,001,00070,Turbidity,9.3,C3,MAX,Concentration3,NTU,9.3,NTU,50,NTU,,03/31/2024
PR0021717,001,00070,Turbidity,4.8,C3,MAX,Concentration3,NTU,4.8,NTU,50,NTU,,06/30/2024
PR0021717,001,00070,Turbidity,6.9,C3,MAX,Concentration3,NTU,6.9,NTU,50,NTU,,09/30/2024
PR0021717,001,00070,Turbidity,6.1,C3,MAX,Concentration3,NTU,6.1,NTU,50,NTU,,12/31/2024
PR0021717,001,00070,Turbidity,11,C3,MAX,Concentration3,NTU,11,NTU,50,NTU,,03/31/2025
PR0021717,001,00070,Turbidity,13,C3,MAX,Concentration3,NTU,13,NTU,50,NTU,,06/30/2025
PR0021717,001,00070,Turbidity,1.9,C3,MAX,Concentration3,NTU,1.9,NTU,50,NTU,,09/30/2025
PR0021717,001,00070,Turbidity,1.3,C3,MAX,Concentration3,NTU,1.3,NTU,50,NTU,,12/31/2025
PR0021717,001,00080,Color [PT-CO units],15,C3,MAX,Concentration3,col unit (pc),15,col unit (pc),50,col unit (pc),,01/31/2020
PR0021717,001,00080,Color [PT-CO units],20,C3,MAX,Concentration3,col unit (pc),20,col unit (pc),50,col unit (pc),,02/29/2020
PR0021717,001,00080,Color [PT-CO units],5,C3,MAX,Concentration3,col unit (pc),5,col unit (pc),50,col unit (pc),,03/31/2020
PR0021717,001,00080,Color [PT-CO units],15,C3,MAX,Concentration3,col unit (pc),15,col unit (pc),50,col unit (pc),,04/30/2020
PR0021717,001,00080,Color [PT-CO units],15,C3,MAX,Concentration3,col unit (pc),15,col unit (pc),50,col unit (pc),,05/31/2020
PR0021717,001,00080,Color [PT-CO units],15,C3,MAX,Concentration3,col unit (pc),15,col unit (pc),50,col unit (pc),,06/30/2020
PR0021717,001,00080,Color [PT-CO units],15,C3,MAX,Concentration3,col unit (pc),15,col unit (pc),50,col unit (pc),,07/31/2020
PR0021717,001,00080,Color [PT-CO units],10,C3,MAX,Concentration3,col unit (pc),10,col unit (pc),50,col unit (pc),,08/31/2020
PR0021717,001,00080,Color [PT-CO units],15,C3,MAX,Concentration3,col unit (pc),15,col unit (pc),50,col unit (pc),,09/30/2020
PR0021717,001,00080,Color [PT-CO units],10,C3,MAX,Concentration3,col unit (pc),10,col unit (pc),50,col unit (pc),,10/31/2020
PR0021717,001,00080,Color [PT-CO units],15,C3,MAX,Concentration3,col unit (pc),15,col unit (pc),50,col unit (pc),,11/30/2020
PR0021717,001,00080,Color [PT-CO units],10,C3,MAX,Concentration3,col unit (pc),10,col unit (pc),50,col unit (pc),,12/31/2020
PR0021717,001,00080,Color [PT-CO units],10,C3,MAX,Concentration3,col unit (pc),10,col unit (pc),50,col unit (pc),,01/31/2021
PR0021717,001,00080,Color [PT-CO units],15,C3,MAX,Concentration3,col unit (pc),15,col unit (pc),50,col unit (pc),,02/28/2021
PR0021717,001,00080,Color [PT-CO units],15,C3,MAX,Concentration3,col unit (pc),15,col unit (pc),50,col unit (pc),,03/31/2021
PR0021717,001,00080,Color [PT-CO units],15,C3,MAX,Concentration3,col unit (pc),15,col unit (pc),50,col unit (pc),,04/30/2021
PR0021717,001,00080,Color [PT-CO units],15,C3,MAX,Concentration3,col unit (pc),15,col unit (pc),50,col unit (pc),,05/31/2021
PR0021717,001,00080,Color [PT-CO units],30,C3,MAX,Concentration3,col unit (pc),30,col unit (pc),50,col unit (pc),,06/30/2021
PR0021717,001,00080,Color [PT-CO units],15,C3,MAX,Concentration3,col unit (pc),15,col unit (pc),50,col unit (pc),,07/31/2021
PR0021717,001,00080,Color [PT-CO units],20,C3,MAX,Concentration3,col unit (pc),20,col unit (pc),50,col unit (pc),,08/31/2021
PR0021717,001,00080,Color [PT-CO units],30,C3,MAX,Concentration3,col unit (pc),30,col unit (pc),50,col unit (pc),,09/30/2021
PR0021717,001,00080,Color [PT-CO units],30,C3,MAX,Concentration3,col unit (pc),30,col unit (pc),50,col unit (pc),,10/31/2021
PR0021717,001,00080,Color [PT-CO units],20,C3,MAX,Concentration3,col unit (pc),20,col unit (pc),50,col unit (pc),,11/30/2021
PR0021717,001,00080,Color [PT-CO units],15,C3,MAX,Concentration3,col unit (pc),15,col unit (pc),50,col unit (pc),,12/31/2021
PR0021717,001,00080,Color [PT-CO units],15,C3,MAX,Concentration3,col unit (pc),15,col unit (pc),50,col unit (pc),,01/31/2022
PR0021717,001,00080,Color [PT-CO units],30,C3,MAX,Concentration3,col unit (pc),30,col unit (pc),50,col unit (pc),,02/28/2022
PR0021717,001,00080,Color [PT-CO units],50,C3,MAX,Concentration3,col unit (pc),50,col unit (pc),50,col unit (pc),,03/31/2022
PR0021717,001,00080,Color [PT-CO units],30,C3,MAX,Concentration3,col unit (pc),30,col unit (pc),50,col unit (pc),,04/30/2022
PR0021717,001,00080,Color [PT-CO units],10,C3,MAX,Concentration3,col unit (pc),10,col unit (pc),50,col unit (pc),,05/31/2022
PR0021717,001,00080,Color [PT-CO units],5,C3,MAX,Concentration3,col unit (pc),5,col unit (pc),50,col unit (pc),,06/30/2022
PR0021717,001,00080,Color [PT-CO units],10,C3,MAX,Concentration3,col unit (pc),10,col unit (pc),50,col unit (pc),,07/31/2022
PR0021717,001,00080,Color [PT-CO units],15,C3,MAX,Concentration3,col unit (pc),15,col unit (pc),50,col unit (pc),,08/31/2022
PR0021717,001,00080,Color [PT-CO units],30,C3,MAX,Concentration3,col unit (pc),30,col unit (pc),50,col unit (pc),,09/30/2022
PR0021717,001,00080,Color [PT-CO units],15,C3,MAX,Concentration3,col unit (pc),15,col unit (pc),50,col unit (pc),,10/31/2022
PR0021717,001,00080,Color [PT-CO units],20,C3,MAX,Concentration3,col unit (pc),20,col unit (pc),50,col unit (pc),,11/30/2022
PR0021717,001,00080,Color [PT-CO units],20,C3,MAX,Concentration3,col unit (pc),20,col unit (pc),50,col unit (pc),,12/31/2022
PR0021717,001,00080,Color [PT-CO units],10,C3,MAX,Concentration3,col unit (pc),10,col unit (pc),50,col unit (pc),,01/31/2023
PR0021717,001,00080,Color [PT-CO units],20,C3,MAX,Concentration3,col unit (pc),20,col unit (pc),50,col unit (pc),,02/28/2023
PR0021717,001,00080,Color [PT-CO units],30,C3,MAX,Concentration3,col unit (pc),30,col unit (pc),50,col unit (pc),,03/31/2023
PR0021717,001,00080,Color [PT-CO units],15,C3,MAX,Concentration3,col unit (pc),15,col unit (pc),50,col unit (pc),,04/30/2023
PR0021717,001,00080,Color [PT-CO units],15,C3,MAX,Concentration3,col unit (pc),15,col unit (pc),50,col unit (pc),,05/31/2023
PR0021717,001,00080,Color [PT-CO units],15,C3,MAX,Concentration3,col unit (pc),15,col unit (pc),50,col unit (pc),,06/30/2023
PR0021717,001,00080,Color [PT-CO units],10,C3,MAX,Concentration3,col unit (pc),10,col unit (pc),50,col unit (pc),,07/31/2023
PR0021717,001,00080,Color [PT-CO units],20,C3,MAX,Concentration3,col unit (pc),20,col unit (pc),50,col unit (pc),,08/31/2023
PR0021717,001,00080,Color [PT-CO units],10,C3,MAX,Concentration3,col unit (pc),10,col unit (pc),50,col unit (pc),,09/30/2023
PR0021717,001,00080,Color [PT-CO units],20,C3,MAX,Concentration3,col unit (pc),20,col unit (pc),50,col unit (pc),,10/31/2023
PR0021717,001,00080,Color [PT-CO units],5,C3,MAX,Concentration3,col unit (pc),5,col unit (pc),50,col unit (pc),,11/30/2023
PR0021717,001,00080,Color [PT-CO units],15,C3,MAX,Concentration3,col unit (pc),15,col unit (pc),50,col unit (pc),,12/31/2023
PR0021717,001,00080,Color [PT-CO units],20,C3,MAX,Concentration3,col unit (pc),20,col unit (pc),50,col unit (pc),,01/31/2024
PR0021717,001,00080,Color [PT-CO units],15,C3,MAX,Concentration3,col unit (pc),15,col unit (pc),50,col unit (pc),,02/29/2024
PR0021717,001,00080,Color [PT-CO units],5,C3,MAX,Concentration3,col unit (pc),5,col unit (pc),50,col unit (pc),,03/31/2024
PR0021717,001,00080,Color [PT-CO units],20,C3,MAX,Concentration3,col unit (pc),20,col unit (pc),50,col unit (pc),,04/30/2024
PR0021717,001,00080,Color [PT-CO units],10,C3,MAX,Concentration3,col unit (pc),10,col unit (pc),50,col unit (pc),,05/31/2024
PR0021717,001,00080,Color [PT-CO units],15,C3,MAX,Concentration3,col unit (pc),15,col unit (pc),50,col unit (pc),,06/30/2024
PR0021717,001,00080,Color [PT-CO units],10,C3,MAX,Concentration3,col unit (pc),10,col unit (pc),50,col unit (pc),,07/31/2024
PR0021717,001,00080,Color [PT-CO units],10,C3,MAX,Concentration3,col unit (pc),10,col unit (pc),50,col unit (pc),,08/31/2024
PR0021717,001,00080,Color [PT-CO units],15,C3,MAX,Concentration3,col unit (pc),15,col unit (pc),50,col unit (pc),,09/30/2024
PR0021717,001,00080,Color [PT-CO units],20,C3,MAX,Concentration3,col unit (pc),20,col unit (pc),50,col unit (pc),,10/31/2024
PR0021717,001,00080,Color [PT-CO units],15,C3,MAX,Concentration3,col unit (pc),15,col unit (pc),50,col unit (pc),,11/30/2024
PR0021717,001,00080,Color [PT-CO units],20,C3,MAX,Concentration3,col unit (pc),20,col unit (pc),50,col unit (pc),,12/31/2024
PR0021717,001,00080,Color [PT-CO units],30,C3,MAX,Concentration3,col unit (pc),30,col unit (pc),50,col unit (pc),,01/31/2025
PR0021717,001,00080,Color [PT-CO units],20,C3,MAX,Concentration3,col unit (pc),20,col unit (pc),50,col unit (pc),,02/28/2025
PR0021717,001,00080,Color [PT-CO units],10,C3,MAX,Concentration3,col unit (pc),10,col unit (pc),50,col unit (pc),,03/31/2025
PR0021717,001,00080,Color [PT-CO units],15,C3,MAX,Concentration3,col unit (pc),15,col unit (pc),50,col unit (pc),,04/30/2025
PR0021717,001,00080,Color [PT-CO units],15,C3,MAX,Concentration3,col unit (pc),15,col unit (pc),50,col unit (pc),,05/31/2025
PR0021717,001,00080,Color [PT-CO units],20,C3,MAX,Concentration3,col unit (pc),20,col unit (pc),50,col unit (pc),,06/30/2025
PR0021717,001,00080,Color [PT-CO units],20,C3,MAX,Concentration3,col unit (pc),20,col unit (pc),50,col unit (pc),,07/31/2025
PR0021717,001,00080,Color [PT-CO units],15,C3,MAX,Concentration3,col unit (pc),15,col unit (pc),50,col unit (pc),,08/31/2025
PR0021717,001,00080,Color [PT-CO units],10,C3,MAX,Concentration3,col unit (pc),10,col unit (pc),50,col unit (pc),,09/30/2025
PR0021717,001,00080,Color [PT-CO units],20,C3,MAX,Concentration3,col unit (pc),20,col unit (pc),50,col unit (pc),,10/31/2025
PR0021717,001,00080,Color [PT-CO units],20,C3,MAX,Concentration3,col unit (pc),20,col unit (pc),50,col unit (pc),,11/30/2025
PR0021717,001,00080,Color [PT-CO units],15,C3,MAX,Concentration3,col unit (pc),15,col unit (pc),50,col unit (pc),,12/31/2025
PR0021717,001,00080,Color [PT-CO units],15,C3,MAX,Concentration3,col unit (pc),15,col unit (pc),50,col unit (pc),,01/31/2026
PR0021717,001,00300,"Oxygen, dissolved [DO]",6.81,C1,MIN,Concentration1,mg/L,6.81,mg/L,5,mg/L,,01/31/2020
PR0021717,001,00300,"Oxygen, dissolved [DO]",6.77,C1,MIN,Concentration1,mg/L,6.77,mg/L,5,mg/L,,02/29/2020
PR0021717,001,00300,"Oxygen, dissolved [DO]",6.89,C1,MIN,Concentration1,mg/L,6.89,mg/L,5,mg/L,,03/31/2020
PR0021717,001,00300,"Oxygen, dissolved [DO]",6.18,C1,MIN,Concentration1,mg/L,6.18,mg/L,5,mg/L,,04/30/2020
PR0021717,001,00300,"Oxygen, dissolved [DO]",6.43,C1,MIN,Concentration1,mg/L,6.43,mg/L,5,mg/L,,05/31/2020
PR0021717,001,00300,"Oxygen, dissolved [DO]",6.3,C1,MIN,Concentration1,mg/L,6.3,mg/L,5,mg/L,,06/30/2020
PR0021717,001,00300,"Oxygen, dissolved [DO]",6.46,C1,MIN,Concentration1,mg/L,6.46,mg/L,5,mg/L,,07/31/2020
PR0021717,001,00300,"Oxygen, dissolved [DO]",3.9,C1,MIN,Concentration1,mg/L,3.9,mg/L,5,mg/L,,08/31/2020
PR0021717,001,00300,"Oxygen, dissolved [DO]",6.5,C1,MIN,Concentration1,mg/L,6.5,mg/L,5,mg/L,,09/30/2020
PR0021717,001,00300,"Oxygen, dissolved [DO]",6.65,C1,MIN,Concentration1,mg/L,6.65,mg/L,5,mg/L,,10/31/2020
PR0021717,001,00300,"Oxygen, dissolved [DO]",6.61,C1,MIN,Concentration1,mg/L,6.61,mg/L,5,mg/L,,11/30/2020
PR0021717,001,00300,"Oxygen, dissolved [DO]",6.7,C1,MIN,Concentration1,mg/L,6.7,mg/L,5,mg/L,,12/31/2020
PR0021717,001,00300,"Oxygen, dissolved [DO]",6.63,C1,MIN,Concentration1,mg/L,6.63,mg/L,5,mg/L,,01/31/2021
PR0021717,001,00300,"Oxygen, dissolved [DO]",6.475,C1,MIN,Concentration1,mg/L,6.475,mg/L,5,mg/L,,02/28/2021
PR0021717,001,00300,"Oxygen, dissolved [DO]",6.73,C1,MIN,Concentration1,mg/L,6.73,mg/L,5,mg/L,,03/31/2021
PR0021717,001,00300,"Oxygen, dissolved [DO]",6.73,C1,MIN,Concentration1,mg/L,6.73,mg/L,5,mg/L,,04/30/2021
PR0021717,001,00300,"Oxygen, dissolved [DO]",6.77,C1,MIN,Concentration1,mg/L,6.77,mg/L,5,mg/L,,05/31/2021
PR0021717,001,00300,"Oxygen, dissolved [DO]",6.51,C1,MIN,Concentration1,mg/L,6.51,mg/L,5,mg/L,,06/30/2021
PR0021717,001,00300,"Oxygen, dissolved [DO]",6.77,C1,MIN,Concentration1,mg/L,6.77,mg/L,5,mg/L,,07/31/2021
PR0021717,001,00300,"Oxygen, dissolved [DO]",6.4,C1,MIN,Concentration1,mg/L,6.4,mg/L,5,mg/L,,08/31/2021
PR0021717,001,00300,"Oxygen, dissolved [DO]",6.31,C1,MIN,Concentration1,mg/L,6.31,mg/L,5,mg/L,,09/30/2021
PR0021717,001,00300,"Oxygen, dissolved [DO]",6.8,C1,MIN,Concentration1,mg/L,6.8,mg/L,5,mg/L,,10/31/2021
PR0021717,001,00300,"Oxygen, dissolved [DO]",7.11,C1,MIN,Concentration1,mg/L,7.11,mg/L,5,mg/L,,11/30/2021
PR0021717,001,00300,"Oxygen, dissolved [DO]",6.7,C1,MIN,Concentration1,mg/L,6.7,mg/L,5,mg/L,,12/31/2021
PR0021717,001,00300,"Oxygen, dissolved [DO]",6.81,C1,MIN,Concentration1,mg/L,6.81,mg/L,5,mg/L,,01/31/2022
PR0021717,001,00300,"Oxygen, dissolved [DO]",6.4,C1,MIN,Concentration1,mg/L,6.4,mg/L,5,mg/L,,02/28/2022
PR0021717,001,00300,"Oxygen, dissolved [DO]",6.77,C1,MIN,Concentration1,mg/L,6.77,mg/L,5,mg/L,,03/31/2022
PR0021717,001,00300,"Oxygen, dissolved [DO]",6.95,C1,MIN,Concentration1,mg/L,6.95,mg/L,5,mg/L,,04/30/2022
PR0021717,001,00300,"Oxygen, dissolved [DO]",6.89,C1,MIN,Concentration1,mg/L,6.89,mg/L,5,mg/L,,05/31/2022
PR0021717,001,00300,"Oxygen, dissolved [DO]",6.99,C1,MIN,Concentration1,mg/L,6.99,mg/L,5,mg/L,,06/30/2022
PR0021717,001,00300,"Oxygen, dissolved [DO]",6.94,C1,MIN,Concentration1,mg/L,6.94,mg/L,5,mg/L,,07/31/2022
PR0021717,001,00300,"Oxygen, dissolved [DO]",7.18,C1,MIN,Concentration1,mg/L,7.18,mg/L,5,mg/L,,08/31/2022
PR0021717,001,00300,"Oxygen, dissolved [DO]",6.9,C1,MIN,Concentration1,mg/L,6.9,mg/L,5,mg/L,,09/30/2022
PR0021717,001,00300,"Oxygen, dissolved [DO]",6.89,C1,MIN,Concentration1,mg/L,6.89,mg/L,5,mg/L,,10/31/2022
PR0021717,001,00300,"Oxygen, dissolved [DO]",6.79,C1,MIN,Concentration1,mg/L,6.79,mg/L,5,mg/L,,11/30/2022
PR0021717,001,00300,"Oxygen, dissolved [DO]",6.85,C1,MIN,Concentration1,mg/L,6.85,mg/L,5,mg/L,,12/31/2022
PR0021717,001,00300,"Oxygen, dissolved [DO]",6.81,C1,MIN,Concentration1,mg/L,6.81,mg/L,5,mg/L,,01/31/2023
PR0021717,001,00300,"Oxygen, dissolved [DO]",6.95,C1,MIN,Concentration1,mg/L,6.95,mg/L,5,mg/L,,02/28/2023
PR0021717,001,00300,"Oxygen, dissolved [DO]",6.5,C1,MIN,Concentration1,mg/L,6.5,mg/L,5,mg/L,,03/31/2023
PR0021717,001,00300,"Oxygen, dissolved [DO]",6.8,C1,MIN,Concentration1,mg/L,6.8,mg/L,5,mg/L,,04/30/2023
PR0021717,001,00300,"Oxygen, dissolved [DO]",6.3,C1,MIN,Concentration1,mg/L,6.3,mg/L,5,mg/L,,05/31/2023
PR0021717,001,00300,"Oxygen, dissolved [DO]",6.6,C1,MIN,Concentration1,mg/L,6.6,mg/L,5,mg/L,,06/30/2023
PR0021717,001,00300,"Oxygen, dissolved [DO]",6.61,C1,MIN,Concentration1,mg/L,6.61,mg/L,5,mg/L,,07/31/2023
PR0021717,001,00300,"Oxygen, dissolved [DO]",6.6,C1,MIN,Concentration1,mg/L,6.6,mg/L,5,mg/L,,08/31/2023
PR0021717,001,00300,"Oxygen, dissolved [DO]",6.4,C1,MIN,Concentration1,mg/L,6.4,mg/L,5,mg/L,,09/30/2023
PR0021717,001,00300,"Oxygen, dissolved [DO]",6.3,C1,MIN,Concentration1,mg/L,6.3,mg/L,5,mg/L,,10/31/2023
PR0021717,001,00300,"Oxygen, dissolved [DO]",6.3,C1,MIN,Concentration1,mg/L,6.3,mg/L,5,mg/L,,11/30/2023
PR0021717,001,00300,"Oxygen, dissolved [DO]",5.2,C1,MIN,Concentration1,mg/L,5.2,mg/L,5,mg/L,,12/31/2023
PR0021717,001,00300,"Oxygen, dissolved [DO]",6.4,C1,MIN,Concentration1,mg/L,6.4,mg/L,5,mg/L,,01/31/2024
PR0021717,001,00300,"Oxygen, dissolved [DO]",6,C1,MIN,Concentration1,mg/L,6,mg/L,5,mg/L,,02/29/2024
PR0021717,001,00300,"Oxygen, dissolved [DO]",6,C1,MIN,Concentration1,mg/L,6,mg/L,5,mg/L,,03/31/2024
PR0021717,001,00300,"Oxygen, dissolved [DO]",6.3,C1,MIN,Concentration1,mg/L,6.3,mg/L,5,mg/L,,04/30/2024
PR0021717,001,00300,"Oxygen, dissolved [DO]",5.8,C1,MIN,Concentration1,mg/L,5.8,mg/L,5,mg/L,,05/31/2024
PR0021717,001,00300,"Oxygen, dissolved [DO]",6.1,C1,MIN,Concentration1,mg/L,6.1,mg/L,5,mg/L,,06/30/2024
PR0021717,001,00300,"Oxygen, dissolved [DO]",6,C1,MIN,Concentration1,mg/L,6,mg/L,5,mg/L,,07/31/2024
PR0021717,001,00300,"Oxygen, dissolved [DO]",6.3,C1,MIN,Concentration1,mg/L,6.3,mg/L,5,mg/L,,08/31/2024
PR0021717,001,00300,"Oxygen, dissolved [DO]",6.3,C1,MIN,Concentration1,mg/L,6.3,mg/L,5,mg/L,,09/30/2024
PR0021717,001,00300,"Oxygen, dissolved [DO]",6.1,C1,MIN,Concentration1,mg/L,6.1,mg/L,5,mg/L,,10/31/2024
PR0021717,001,00300,"Oxygen, dissolved [DO]",6.5,C1,MIN,Concentration1,mg/L,6.5,mg/L,5,mg/L,,11/30/2024
PR0021717,001,00300,"Oxygen, dissolved [DO]",6.4,C1,MIN,Concentration1,mg/L,6.4,mg/L,5,mg/L,,12/31/2024
PR0021717,001,00300,"Oxygen, dissolved [DO]",6.95,C1,MIN,Concentration1,mg/L,6.95,mg/L,5,mg/L,,01/31/2025
PR0021717,001,00300,"Oxygen, dissolved [DO]",7.77,C1,MIN,Concentration1,mg/L,7.77,mg/L,5,mg/L,,02/28/2025
PR0021717,001,00300,"Oxygen, dissolved [DO]",6.5,C1,MIN,Concentration1,mg/L,6.5,mg/L,5,mg/L,,03/31/2025
PR0021717,001,00300,"Oxygen, dissolved [DO]",7.01,C1,MIN,Concentration1,mg/L,7.01,mg/L,5,mg/L,,04/30/2025
PR0021717,001,00300,"Oxygen, dissolved [DO]",6.72,C1,MIN,Concentration1,mg/L,6.72,mg/L,5,mg/L,,05/31/2025
PR0021717,001,00300,"Oxygen, dissolved [DO]",6.8,C1,MIN,Concentration1,mg/L,6.8,mg/L,5,mg/L,,06/30/2025
PR0021717,001,00300,"Oxygen, dissolved [DO]",6.9,C1,MIN,Concentration1,mg/L,6.9,mg/L,5,mg/L,,07/31/2025
PR0021717,001,00300,"Oxygen, dissolved [DO]",6.8,C1,MIN,Concentration1,mg/L,6.8,mg/L,5,mg/L,,08/31/2025
PR0021717,001,00300,"Oxygen, dissolved [DO]",6.81,C1,MIN,Concentration1,mg/L,6.81,mg/L,5,mg/L,,09/30/2025
PR0021717,001,00300,"Oxygen, dissolved [DO]",7.33,C1,MIN,Concentration1,mg/L,7.33,mg/L,5,mg/L,,10/31/2025
PR0021717,001,00300,"Oxygen, dissolved [DO]",7.03,C1,MIN,Concentration1,mg/L,7.03,mg/L,5,mg/L,,11/30/2025
PR0021717,001,00300,"Oxygen, dissolved [DO]",7,C1,MIN,Concentration1,mg/L,7,mg/L,5,mg/L,,12/31/2025
PR0021717,001,00300,"Oxygen, dissolved [DO]",6.9,C1,MIN,Concentration1,mg/L,6.9,mg/L,5,mg/L,,01/31/2026
PR0021717,001,00310,"BOD, 5-day, 20 deg. C",4,C2,AVG,Concentration2,mg/L,4,mg/L,30,mg/L,,01/31/2020
PR0021717,001,00310,"BOD, 5-day, 20 deg. C",23,Q2,AVG,Quantity2,kg/d,23,kg/d,255,kg/d,,01/31/2020
PR0021717,001,00310,"BOD, 5-day, 20 deg. C",6,C3,AVG,Concentration3,mg/L,6,mg/L,45,mg/L,,01/31/2020
PR0021717,001,00310,"BOD, 5-day, 20 deg. C",10,Q1,AVG,Quantity1,kg/d,10,kg/d,170,kg/d,,01/31/2020
PR0021717,001,00310,"BOD, 5-day, 20 deg. C",5,Q1,AVG,Quantity1,kg/d,5,kg/d,170,kg/d,,02/29/2020
PR0021717,001,00310,"BOD, 5-day, 20 deg. C",8,Q2,AVG,Quantity2,kg/d,8,kg/d,255,kg/d,,02/29/2020
PR0021717,001,00310,"BOD, 5-day, 20 deg. C",3,C3,AVG,Concentration3,mg/L,3,mg/L,45,mg/L,,02/29/2020
PR0021717,001,00310,"BOD, 5-day, 20 deg. C",2,C2,AVG,Concentration2,mg/L,2,mg/L,30,mg/L,,02/29/2020
PR0021717,001,00310,"BOD, 5-day, 20 deg. C",4,C2,AVG,Concentration2,mg/L,4,mg/L,30,mg/L,,03/31/2020
PR0021717,001,00310,"BOD, 5-day, 20 deg. C",5,C3,AVG,Concentration3,mg/L,5,mg/L,45,mg/L,,03/31/2020
PR0021717,001,00310,"BOD, 5-day, 20 deg. C",12,Q2,AVG,Quantity2,kg/d,12,kg/d,255,kg/d,,03/31/2020
PR0021717,001,00310,"BOD, 5-day, 20 deg. C",9,Q1,AVG,Quantity1,kg/d,9,kg/d,170,kg/d,,03/31/2020
PR0021717,001,00310,"BOD, 5-day, 20 deg. C",7,Q1,AVG,Quantity1,kg/d,7,kg/d,170,kg/d,,04/30/2020
PR0021717,001,00310,"BOD, 5-day, 20 deg. C",12,Q2,AVG,Quantity2,kg/d,12,kg/d,255,kg/d,,04/30/2020
PR0021717,001,00310,"BOD, 5-day, 20 deg. C",5,C3,AVG,Concentration3,mg/L,5,mg/L,45,mg/L,,04/30/2020
PR0021717,001,00310,"BOD, 5-day, 20 deg. C",3,C2,AVG,Concentration2,mg/L,3,mg/L,30,mg/L,,04/30/2020
PR0021717,001,00310,"BOD, 5-day, 20 deg. C",10,C3,AVG,Concentration3,mg/L,10,mg/L,45,mg/L,,05/31/2020
PR0021717,001,00310,"BOD, 5-day, 20 deg. C",5,C2,AVG,Concentration2,mg/L,5,mg/L,30,mg/L,,05/31/2020
PR0021717,001,00310,"BOD, 5-day, 20 deg. C",19,Q2,AVG,Quantity2,kg/d,19,kg/d,255,kg/d,,05/31/2020
PR0021717,001,00310,"BOD, 5-day, 20 deg. C",11,Q1,AVG,Quantity1,kg/d,11,kg/d,170,kg/d,,05/31/2020
PR0021717,001,00310,"BOD, 5-day, 20 deg. C",9,Q1,AVG,Quantity1,kg/d,9,kg/d,170,kg/d,,06/30/2020
PR0021717,001,00310,"BOD, 5-day, 20 deg. C",21,Q2,AVG,Quantity2,kg/d,21,kg/d,255,kg/d,,06/30/2020
PR0021717,001,00310,"BOD, 5-day, 20 deg. C",11,C3,AVG,Concentration3,mg/L,11,mg/L,45,mg/L,,06/30/2020
PR0021717,001,00310,"BOD, 5-day, 20 deg. C",5,C2,AVG,Concentration2,mg/L,5,mg/L,30,mg/L,,06/30/2020
PR0021717,001,00310,"BOD, 5-day, 20 deg. C",5,C2,AVG,Concentration2,mg/L,5,mg/L,30,mg/L,,07/31/2020
PR0021717,001,00310,"BOD, 5-day, 20 deg. C",18,Q2,AVG,Quantity2,kg/d,18,kg/d,255,kg/d,,07/31/2020
PR0021717,001,00310,"BOD, 5-day, 20 deg. C",8,C3,AVG,Concentration3,mg/L,8,mg/L,45,mg/L,,07/31/2020
PR0021717,001,00310,"BOD, 5-day, 20 deg. C",13,Q1,AVG,Quantity1,kg/d,13,kg/d,170,kg/d,,07/31/2020
PR0021717,001,00310,"BOD, 5-day, 20 deg. C",11,Q1,AVG,Quantity1,kg/d,11,kg/d,170,kg/d,,08/31/2020
PR0021717,001,00310,"BOD, 5-day, 20 deg. C",7,C3,AVG,Concentration3,mg/L,7,mg/L,45,mg/L,,08/31/2020
PR0021717,001,00310,"BOD, 5-day, 20 deg. C",17,Q2,AVG,Quantity2,kg/d,17,kg/d,255,kg/d,,08/31/2020
PR0021717,001,00310,"BOD, 5-day, 20 deg. C",4,C2,AVG,Concentration2,mg/L,4,mg/L,30,mg/L,,08/31/2020
PR0021717,001,00310,"BOD, 5-day, 20 deg. C",3,C2,AVG,Concentration2,mg/L,3,mg/L,30,mg/L,,09/30/2020
PR0021717,001,00310,"BOD, 5-day, 20 deg. C",4,C3,AVG,Concentration3,mg/L,4,mg/L,45,mg/L,,09/30/2020
PR0021717,001,00310,"BOD, 5-day, 20 deg. C",11,Q2,AVG,Quantity2,kg/d,11,kg/d,255,kg/d,,09/30/2020
PR0021717,001,00310,"BOD, 5-day, 20 deg. C",9,Q1,AVG,Quantity1,kg/d,9,kg/d,170,kg/d,,09/30/2020
PR0021717,001,00310,"BOD, 5-day, 20 deg. C",14,Q1,AVG,Quantity1,kg/d,14,kg/d,170,kg/d,,10/31/2020
PR0021717,001,00310,"BOD, 5-day, 20 deg. C",7,C3,AVG,Concentration3,mg/L,7,mg/L,45,mg/L,,10/31/2020
PR0021717,001,00310,"BOD, 5-day, 20 deg. C",41,Q2,AVG,Quantity2,kg/d,41,kg/d,255,kg/d,,10/31/2020
PR0021717,001,00310,"BOD, 5-day, 20 deg. C",3,C2,AVG,Concentration2,mg/L,3,mg/L,30,mg/L,,10/31/2020
PR0021717,001,00310,"BOD, 5-day, 20 deg. C",5,C2,AVG,Concentration2,mg/L,5,mg/L,30,mg/L,,11/30/2020
PR0021717,001,00310,"BOD, 5-day, 20 deg. C",49,Q2,AVG,Quantity2,kg/d,49,kg/d,255,kg/d,,11/30/2020
PR0021717,001,00310,"BOD, 5-day, 20 deg. C",10,C3,AVG,Concentration3,mg/L,10,mg/L,45,mg/L,,11/30/2020
PR0021717,001,00310,"BOD, 5-day, 20 deg. C",27,Q1,AVG,Quantity1,kg/d,27,kg/d,170,kg/d,,11/30/2020
PR0021717,001,00310,"BOD, 5-day, 20 deg. C",8,Q1,AVG,Quantity1,kg/d,8,kg/d,170,kg/d,,12/31/2020
PR0021717,001,00310,"BOD, 5-day, 20 deg. C",6,C3,AVG,Concentration3,mg/L,6,mg/L,45,mg/L,,12/31/2020
PR0021717,001,00310,"BOD, 5-day, 20 deg. C",14,Q2,AVG,Quantity2,kg/d,14,kg/d,255,kg/d,,12/31/2020
PR0021717,001,00310,"BOD, 5-day, 20 deg. C",3,C2,AVG,Concentration2,mg/L,3,mg/L,30,mg/L,,12/31/2020
PR0021717,001,00310,"BOD, 5-day, 20 deg. C",9,C2,AVG,Concentration2,mg/L,9,mg/L,30,mg/L,,01/31/2021
PR0021717,001,00310,"BOD, 5-day, 20 deg. C",30,Q2,AVG,Quantity2,kg/d,30,kg/d,255,kg/d,,01/31/2021
PR0021717,001,00310,"BOD, 5-day, 20 deg. C",17,C3,AVG,Concentration3,mg/L,17,mg/L,45,mg/L,,01/31/2021
PR0021717,001,00310,"BOD, 5-day, 20 deg. C",18,Q1,AVG,Quantity1,kg/d,18,kg/d,170,kg/d,,01/31/2021
PR0021717,001,00310,"BOD, 5-day, 20 deg. C",8,Q1,AVG,Quantity1,kg/d,8,kg/d,170,kg/d,,02/28/2021
PR0021717,001,00310,"BOD, 5-day, 20 deg. C",5,C3,AVG,Concentration3,mg/L,5,mg/L,45,mg/L,,02/28/2021
PR0021717,001,00310,"BOD, 5-day, 20 deg. C",13,Q2,AVG,Quantity2,kg/d,13,kg/d,255,kg/d,,02/28/2021
PR0021717,001,00310,"BOD, 5-day, 20 deg. C",3,C2,AVG,Concentration2,mg/L,3,mg/L,30,mg/L,,02/28/2021
PR0021717,001,00310,"BOD, 5-day, 20 deg. C",4,C2,AVG,Concentration2,mg/L,4,mg/L,30,mg/L,,03/31/2021
PR0021717,001,00310,"BOD, 5-day, 20 deg. C",20,Q2,AVG,Quantity2,kg/d,20,kg/d,255,kg/d,,03/31/2021
PR0021717,001,00310,"BOD, 5-day, 20 deg. C",9,C3,AVG,Concentration3,mg/L,9,mg/L,45,mg/L,,03/31/2021
PR0021717,001,00310,"BOD, 5-day, 20 deg. C",8,Q1,AVG,Quantity1,kg/d,8,kg/d,170,kg/d,,03/31/2021
PR0021717,001,00310,"BOD, 5-day, 20 deg. C",5,Q1,AVG,Quantity1,kg/d,5,kg/d,170,kg/d,,04/30/2021
PR0021717,001,00310,"BOD, 5-day, 20 deg. C",6,Q2,AVG,Quantity2,kg/d,6,kg/d,255,kg/d,,04/30/2021
PR0021717,001,00310,"BOD, 5-day, 20 deg. C",3,C3,AVG,Concentration3,mg/L,3,mg/L,45,mg/L,,04/30/2021
PR0021717,001,00310,"BOD, 5-day, 20 deg. C",3,C2,AVG,Concentration2,mg/L,3,mg/L,30,mg/L,,04/30/2021
PR0021717,001,00310,"BOD, 5-day, 20 deg. C",2,C2,AVG,Concentration2,mg/L,2,mg/L,30,mg/L,,05/31/2021
PR0021717,001,00310,"BOD, 5-day, 20 deg. C",3,C3,AVG,Concentration3,mg/L,3,mg/L,45,mg/L,,05/31/2021
PR0021717,001,00310,"BOD, 5-day, 20 deg. C",6,Q2,AVG,Quantity2,kg/d,6,kg/d,255,kg/d,,05/31/2021
PR0021717,001,00310,"BOD, 5-day, 20 deg. C",5,Q1,AVG,Quantity1,kg/d,5,kg/d,170,kg/d,,05/31/2021
PR0021717,001,00310,"BOD, 5-day, 20 deg. C",11,Q1,AVG,Quantity1,kg/d,11,kg/d,170,kg/d,,06/30/2021
PR0021717,001,00310,"BOD, 5-day, 20 deg. C",19,Q2,AVG,Quantity2,kg/d,19,kg/d,255,kg/d,,06/30/2021
PR0021717,001,00310,"BOD, 5-day, 20 deg. C",10,C3,AVG,Concentration3,mg/L,10,mg/L,45,mg/L,,06/30/2021
PR0021717,001,00310,"BOD, 5-day, 20 deg. C",5,C2,AVG,Concentration2,mg/L,5,mg/L,30,mg/L,,06/30/2021
PR0021717,001,00310,"BOD, 5-day, 20 deg. C",4,C2,AVG,Concentration2,mg/L,4,mg/L,30,mg/L,,07/31/2021
PR0021717,001,00310,"BOD, 5-day, 20 deg. C",14,Q2,AVG,Quantity2,kg/d,14,kg/d,255,kg/d,,07/31/2021
PR0021717,001,00310,"BOD, 5-day, 20 deg. C",6,C3,AVG,Concentration3,mg/L,6,mg/L,45,mg/L,,07/31/2021
PR0021717,001,00310,"BOD, 5-day, 20 deg. C",8,Q1,AVG,Quantity1,kg/d,8,kg/d,170,kg/d,,07/31/2021
PR0021717,001,00310,"BOD, 5-day, 20 deg. C",8,Q1,AVG,Quantity1,kg/d,8,kg/d,170,kg/d,,08/31/2021
PR0021717,001,00310,"BOD, 5-day, 20 deg. C",13,Q2,AVG,Quantity2,kg/d,13,kg/d,255,kg/d,,08/31/2021
PR0021717,001,00310,"BOD, 5-day, 20 deg. C",5,C3,AVG,Concentration3,mg/L,5,mg/L,45,mg/L,,08/31/2021
PR0021717,001,00310,"BOD, 5-day, 20 deg. C",3,C2,AVG,Concentration2,mg/L,3,mg/L,30,mg/L,,08/31/2021
PR0021717,001,00310,"BOD, 5-day, 20 deg. C",3,C2,AVG,Concentration2,mg/L,3,mg/L,30,mg/L,,09/30/2021
PR0021717,001,00310,"BOD, 5-day, 20 deg. C",4,C3,AVG,Concentration3,mg/L,4,mg/L,45,mg/L,,09/30/2021
PR0021717,001,00310,"BOD, 5-day, 20 deg. C",10,Q2,AVG,Quantity2,kg/d,10,kg/d,255,kg/d,,09/30/2021
PR0021717,001,00310,"BOD, 5-day, 20 deg. C",6,Q1,AVG,Quantity1,kg/d,6,kg/d,170,kg/d,,09/30/2021
PR0021717,001,00310,"BOD, 5-day, 20 deg. C",24,Q1,AVG,Quantity1,kg/d,24,kg/d,170,kg/d,,10/31/2021
PR0021717,001,00310,"BOD, 5-day, 20 deg. C",12,C3,AVG,Concentration3,mg/L,12,mg/L,45,mg/L,,10/31/2021
PR0021717,001,00310,"BOD, 5-day, 20 deg. C",38,Q2,AVG,Quantity2,kg/d,38,kg/d,255,kg/d,,10/31/2021
PR0021717,001,00310,"BOD, 5-day, 20 deg. C",7,C2,AVG,Concentration2,mg/L,7,mg/L,30,mg/L,,10/31/2021
PR0021717,001,00310,"BOD, 5-day, 20 deg. C",4,C2,AVG,Concentration2,mg/L,4,mg/L,30,mg/L,,11/30/2021
PR0021717,001,00310,"BOD, 5-day, 20 deg. C",12,Q2,AVG,Quantity2,kg/d,12,kg/d,255,kg/d,,11/30/2021
PR0021717,001,00310,"BOD, 5-day, 20 deg. C",5,C3,AVG,Concentration3,mg/L,5,mg/L,45,mg/L,,11/30/2021
PR0021717,001,00310,"BOD, 5-day, 20 deg. C",10,Q1,AVG,Quantity1,kg/d,10,kg/d,170,kg/d,,11/30/2021
PR0021717,001,00310,"BOD, 5-day, 20 deg. C",11,Q1,AVG,Quantity1,kg/d,11,kg/d,170,kg/d,,12/31/2021
PR0021717,001,00310,"BOD, 5-day, 20 deg. C",17,Q2,AVG,Quantity2,kg/d,17,kg/d,255,kg/d,,12/31/2021
PR0021717,001,00310,"BOD, 5-day, 20 deg. C",6,C3,AVG,Concentration3,mg/L,6,mg/L,45,mg/L,,12/31/2021
PR0021717,001,00310,"BOD, 5-day, 20 deg. C",4,C2,AVG,Concentration2,mg/L,4,mg/L,30,mg/L,,12/31/2021
PR0021717,001,00310,"BOD, 5-day, 20 deg. C",4,C3,AVG,Concentration3,mg/L,4,mg/L,45,mg/L,,01/31/2022
PR0021717,001,00310,"BOD, 5-day, 20 deg. C",9,Q2,AVG,Quantity2,kg/d,9,kg/d,255,kg/d,,01/31/2022
PR0021717,001,00310,"BOD, 5-day, 20 deg. C",3,C2,AVG,Concentration2,mg/L,3,mg/L,30,mg/L,,01/31/2022
PR0021717,001,00310,"BOD, 5-day, 20 deg. C",6,Q1,AVG,Quantity1,kg/d,6,kg/d,170,kg/d,,01/31/2022
PR0021717,001,00310,"BOD, 5-day, 20 deg. C",14,Q1,AVG,Quantity1,kg/d,14,kg/d,170,kg/d,,02/28/2022
PR0021717,001,00310,"BOD, 5-day, 20 deg. C",14,C3,AVG,Concentration3,mg/L,14,mg/L,45,mg/L,,02/28/2022
PR0021717,001,00310,"BOD, 5-day, 20 deg. C",27,Q2,AVG,Quantity2,kg/d,27,kg/d,255,kg/d,,02/28/2022
PR0021717,001,00310,"BOD, 5-day, 20 deg. C",7,C2,AVG,Concentration2,mg/L,7,mg/L,30,mg/L,,02/28/2022
PR0021717,001,00310,"BOD, 5-day, 20 deg. C",6,C2,AVG,Concentration2,mg/L,6,mg/L,30,mg/L,,03/31/2022
PR0021717,001,00310,"BOD, 5-day, 20 deg. C",12,C3,AVG,Concentration3,mg/L,12,mg/L,45,mg/L,,03/31/2022
PR0021717,001,00310,"BOD, 5-day, 20 deg. C",23,Q2,AVG,Quantity2,kg/d,23,kg/d,255,kg/d,,03/31/2022
PR0021717,001,00310,"BOD, 5-day, 20 deg. C",13,Q1,AVG,Quantity1,kg/d,13,kg/d,170,kg/d,,03/31/2022
PR0021717,001,00310,"BOD, 5-day, 20 deg. C",21,Q1,AVG,Quantity1,kg/d,21,kg/d,170,kg/d,,04/30/2022
PR0021717,001,00310,"BOD, 5-day, 20 deg. C",36,Q2,AVG,Quantity2,kg/d,36,kg/d,255,kg/d,,04/30/2022
PR0021717,001,00310,"BOD, 5-day, 20 deg. C",16,C3,AVG,Concentration3,mg/L,16,mg/L,45,mg/L,,04/30/2022
PR0021717,001,00310,"BOD, 5-day, 20 deg. C",10,C2,AVG,Concentration2,mg/L,10,mg/L,30,mg/L,,04/30/2022
PR0021717,001,00310,"BOD, 5-day, 20 deg. C",4,C2,AVG,Concentration2,mg/L,4,mg/L,30,mg/L,,05/31/2022
PR0021717,001,00310,"BOD, 5-day, 20 deg. C",15,Q2,AVG,Quantity2,kg/d,15,kg/d,255,kg/d,,05/31/2022
PR0021717,001,00310,"BOD, 5-day, 20 deg. C",6,C3,AVG,Concentration3,mg/L,6,mg/L,45,mg/L,,05/31/2022
PR0021717,001,00310,"BOD, 5-day, 20 deg. C",9,Q1,AVG,Quantity1,kg/d,9,kg/d,170,kg/d,,05/31/2022
PR0021717,001,00310,"BOD, 5-day, 20 deg. C",5,Q1,AVG,Quantity1,kg/d,5,kg/d,170,kg/d,,06/30/2022
PR0021717,001,00310,"BOD, 5-day, 20 deg. C",7,Q2,AVG,Quantity2,kg/d,7,kg/d,255,kg/d,,06/30/2022
PR0021717,001,00310,"BOD, 5-day, 20 deg. C",4,C3,AVG,Concentration3,mg/L,4,mg/L,45,mg/L,,06/30/2022
PR0021717,001,00310,"BOD, 5-day, 20 deg. C",2,C2,AVG,Concentration2,mg/L,2,mg/L,30,mg/L,,06/30/2022
PR0021717,001,00310,"BOD, 5-day, 20 deg. C",2,C2,AVG,Concentration2,mg/L,2,mg/L,30,mg/L,,07/31/2022
PR0021717,001,00310,"BOD, 5-day, 20 deg. C",15,Q2,AVG,Quantity2,kg/d,15,kg/d,255,kg/d,,07/31/2022
PR0021717,001,00310,"BOD, 5-day, 20 deg. C",4,C3,AVG,Concentration3,mg/L,4,mg/L,45,mg/L,,07/31/2022
PR0021717,001,00310,"BOD, 5-day, 20 deg. C",8,Q1,AVG,Quantity1,kg/d,8,kg/d,170,kg/d,,07/31/2022
PR0021717,001,00310,"BOD, 5-day, 20 deg. C",19,Q1,AVG,Quantity1,kg/d,19,kg/d,170,kg/d,,08/31/2022
PR0021717,001,00310,"BOD, 5-day, 20 deg. C",10,C3,AVG,Concentration3,mg/L,10,mg/L,45,mg/L,,08/31/2022
PR0021717,001,00310,"BOD, 5-day, 20 deg. C",35,Q2,AVG,Quantity2,kg/d,35,kg/d,255,kg/d,,08/31/2022
PR0021717,001,00310,"BOD, 5-day, 20 deg. C",7,C2,AVG,Concentration2,mg/L,7,mg/L,30,mg/L,,08/31/2022
PR0021717,001,00310,"BOD, 5-day, 20 deg. C",12,C3,AVG,Concentration3,mg/L,12,mg/L,45,mg/L,,09/30/2022
PR0021717,001,00310,"BOD, 5-day, 20 deg. C",46,Q2,AVG,Quantity2,kg/d,46,kg/d,255,kg/d,,09/30/2022
PR0021717,001,00310,"BOD, 5-day, 20 deg. C",9,C2,AVG,Concentration2,mg/L,9,mg/L,30,mg/L,,09/30/2022
PR0021717,001,00310,"BOD, 5-day, 20 deg. C",38,Q1,AVG,Quantity1,kg/d,38,kg/d,170,kg/d,,09/30/2022
PR0021717,001,00310,"BOD, 5-day, 20 deg. C",10,Q1,AVG,Quantity1,kg/d,10,kg/d,170,kg/d,,10/31/2022
PR0021717,001,00310,"BOD, 5-day, 20 deg. C",12,Q2,AVG,Quantity2,kg/d,12,kg/d,255,kg/d,,10/31/2022
PR0021717,001,00310,"BOD, 5-day, 20 deg. C",4,C3,AVG,Concentration3,mg/L,4,mg/L,45,mg/L,,10/31/2022
PR0021717,001,00310,"BOD, 5-day, 20 deg. C",3,C2,AVG,Concentration2,mg/L,3,mg/L,30,mg/L,,10/31/2022
PR0021717,001,00310,"BOD, 5-day, 20 deg. C",6,C2,AVG,Concentration2,mg/L,6,mg/L,30,mg/L,,11/30/2022
PR0021717,001,00310,"BOD, 5-day, 20 deg. C",11,C3,AVG,Concentration3,mg/L,11,mg/L,45,mg/L,,11/30/2022
PR0021717,001,00310,"BOD, 5-day, 20 deg. C",47,Q2,AVG,Quantity2,kg/d,47,kg/d,255,kg/d,,11/30/2022
PR0021717,001,00310,"BOD, 5-day, 20 deg. C",25,Q1,AVG,Quantity1,kg/d,25,kg/d,170,kg/d,,11/30/2022
PR0021717,001,00310,"BOD, 5-day, 20 deg. C",30,Q1,AVG,Quantity1,kg/d,30,kg/d,170,kg/d,,12/31/2022
PR0021717,001,00310,"BOD, 5-day, 20 deg. C",18,C3,AVG,Concentration3,mg/L,18,mg/L,45,mg/L,,12/31/2022
PR0021717,001,00310,"BOD, 5-day, 20 deg. C",49,Q2,AVG,Quantity2,kg/d,49,kg/d,255,kg/d,,12/31/2022
PR0021717,001,00310,"BOD, 5-day, 20 deg. C",12,C2,AVG,Concentration2,mg/L,12,mg/L,30,mg/L,,12/31/2022
PR0021717,001,00310,"BOD, 5-day, 20 deg. C",5,C2,AVG,Concentration2,mg/L,5,mg/L,30,mg/L,,01/31/2023
PR0021717,001,00310,"BOD, 5-day, 20 deg. C",6,C3,AVG,Concentration3,mg/L,6,mg/L,45,mg/L,,01/31/2023
PR0021717,001,00310,"BOD, 5-day, 20 deg. C",13,Q2,AVG,Quantity2,kg/d,13,kg/d,255,kg/d,,01/31/2023
PR0021717,001,00310,"BOD, 5-day, 20 deg. C",11,Q1,AVG,Quantity1,kg/d,11,kg/d,170,kg/d,,01/31/2023
PR0021717,001,00310,"BOD, 5-day, 20 deg. C",14,Q1,AVG,Quantity1,kg/d,14,kg/d,170,kg/d,,02/28/2023
PR0021717,001,00310,"BOD, 5-day, 20 deg. C",8,C3,AVG,Concentration3,mg/L,8,mg/L,45,mg/L,,02/28/2023
PR0021717,001,00310,"BOD, 5-day, 20 deg. C",18,Q2,AVG,Quantity2,kg/d,18,kg/d,255,kg/d,,02/28/2023
PR0021717,001,00310,"BOD, 5-day, 20 deg. C",6,C2,AVG,Concentration2,mg/L,6,mg/L,30,mg/L,,02/28/2023
PR0021717,001,00310,"BOD, 5-day, 20 deg. C",13,C2,AVG,Concentration2,mg/L,13,mg/L,30,mg/L,,03/31/2023
PR0021717,001,00310,"BOD, 5-day, 20 deg. C",17,C3,AVG,Concentration3,mg/L,17,mg/L,45,mg/L,,03/31/2023
PR0021717,001,00310,"BOD, 5-day, 20 deg. C",33,Q2,AVG,Quantity2,kg/d,33,kg/d,255,kg/d,,03/31/2023
PR0021717,001,00310,"BOD, 5-day, 20 deg. C",25,Q1,AVG,Quantity1,kg/d,25,kg/d,170,kg/d,,03/31/2023
PR0021717,001,00310,"BOD, 5-day, 20 deg. C",23,Q1,AVG,Quantity1,kg/d,23,kg/d,170,kg/d,,04/30/2023
PR0021717,001,00310,"BOD, 5-day, 20 deg. C",26,C3,AVG,Concentration3,mg/L,26,mg/L,45,mg/L,,04/30/2023
PR0021717,001,00310,"BOD, 5-day, 20 deg. C",62,Q2,AVG,Quantity2,kg/d,62,kg/d,255,kg/d,,04/30/2023
PR0021717,001,00310,"BOD, 5-day, 20 deg. C",10,C2,AVG,Concentration2,mg/L,10,mg/L,30,mg/L,,04/30/2023
PR0021717,001,00310,"BOD, 5-day, 20 deg. C",6,C2,AVG,Concentration2,mg/L,6,mg/L,30,mg/L,,05/31/2023
PR0021717,001,00310,"BOD, 5-day, 20 deg. C",12,C3,AVG,Concentration3,mg/L,12,mg/L,45,mg/L,,05/31/2023
PR0021717,001,00310,"BOD, 5-day, 20 deg. C",23,Q2,AVG,Quantity2,kg/d,23,kg/d,255,kg/d,,05/31/2023
PR0021717,001,00310,"BOD, 5-day, 20 deg. C",16,Q1,AVG,Quantity1,kg/d,16,kg/d,170,kg/d,,05/31/2023
PR0021717,001,00310,"BOD, 5-day, 20 deg. C",10,Q1,AVG,Quantity1,kg/d,10,kg/d,170,kg/d,,06/30/2023
PR0021717,001,00310,"BOD, 5-day, 20 deg. C",27,Q2,AVG,Quantity2,kg/d,27,kg/d,255,kg/d,,06/30/2023
PR0021717,001,00310,"BOD, 5-day, 20 deg. C",10,C3,AVG,Concentration3,mg/L,10,mg/L,45,mg/L,,06/30/2023
PR0021717,001,00310,"BOD, 5-day, 20 deg. C",4,C2,AVG,Concentration2,mg/L,4,mg/L,30,mg/L,,06/30/2023
PR0021717,001,00310,"BOD, 5-day, 20 deg. C",3,C2,AVG,Concentration2,mg/L,3,mg/L,30,mg/L,,07/31/2023
PR0021717,001,00310,"BOD, 5-day, 20 deg. C",4,C3,AVG,Concentration3,mg/L,4,mg/L,45,mg/L,,07/31/2023
PR0021717,001,00310,"BOD, 5-day, 20 deg. C",8,Q2,AVG,Quantity2,kg/d,8,kg/d,255,kg/d,,07/31/2023
PR0021717,001,00310,"BOD, 5-day, 20 deg. C",5,Q1,AVG,Quantity1,kg/d,5,kg/d,170,kg/d,,07/31/2023
PR0021717,001,00310,"BOD, 5-day, 20 deg. C",24,Q1,AVG,Quantity1,kg/d,24,kg/d,170,kg/d,,08/31/2023
PR0021717,001,00310,"BOD, 5-day, 20 deg. C",75,Q2,AVG,Quantity2,kg/d,75,kg/d,255,kg/d,,08/31/2023
PR0021717,001,00310,"BOD, 5-day, 20 deg. C",38,C3,AVG,Concentration3,mg/L,38,mg/L,45,mg/L,,08/31/2023
PR0021717,001,00310,"BOD, 5-day, 20 deg. C",11,C2,AVG,Concentration2,mg/L,11,mg/L,30,mg/L,,08/31/2023
PR0021717,001,00310,"BOD, 5-day, 20 deg. C",3,C2,AVG,Concentration2,mg/L,3,mg/L,30,mg/L,,09/30/2023
PR0021717,001,00310,"BOD, 5-day, 20 deg. C",9,Q2,AVG,Quantity2,kg/d,9,kg/d,255,kg/d,,09/30/2023
PR0021717,001,00310,"BOD, 5-day, 20 deg. C",4,C3,AVG,Concentration3,mg/L,4,mg/L,45,mg/L,,09/30/2023
PR0021717,001,00310,"BOD, 5-day, 20 deg. C",7,Q1,AVG,Quantity1,kg/d,7,kg/d,170,kg/d,,09/30/2023
PR0021717,001,00310,"BOD, 5-day, 20 deg. C",10,Q1,AVG,Quantity1,kg/d,10,kg/d,170,kg/d,,10/31/2023
PR0021717,001,00310,"BOD, 5-day, 20 deg. C",7,C3,AVG,Concentration3,mg/L,7,mg/L,45,mg/L,,10/31/2023
PR0021717,001,00310,"BOD, 5-day, 20 deg. C",24,Q2,AVG,Quantity2,kg/d,24,kg/d,255,kg/d,,10/31/2023
PR0021717,001,00310,"BOD, 5-day, 20 deg. C",3,C2,AVG,Concentration2,mg/L,3,mg/L,30,mg/L,,10/31/2023
PR0021717,001,00310,"BOD, 5-day, 20 deg. C",5,C2,AVG,Concentration2,mg/L,5,mg/L,30,mg/L,,11/30/2023
PR0021717,001,00310,"BOD, 5-day, 20 deg. C",12,C3,AVG,Concentration3,mg/L,12,mg/L,45,mg/L,,11/30/2023
PR0021717,001,00310,"BOD, 5-day, 20 deg. C",36,Q2,AVG,Quantity2,kg/d,36,kg/d,255,kg/d,,11/30/2023
PR0021717,001,00310,"BOD, 5-day, 20 deg. C",17,Q1,AVG,Quantity1,kg/d,17,kg/d,170,kg/d,,11/30/2023
PR0021717,001,00310,"BOD, 5-day, 20 deg. C",12,Q1,AVG,Quantity1,kg/d,12,kg/d,170,kg/d,,12/31/2023
PR0021717,001,00310,"BOD, 5-day, 20 deg. C",15,Q2,AVG,Quantity2,kg/d,15,kg/d,255,kg/d,,12/31/2023
PR0021717,001,00310,"BOD, 5-day, 20 deg. C",5,C3,AVG,Concentration3,mg/L,5,mg/L,45,mg/L,,12/31/2023
PR0021717,001,00310,"BOD, 5-day, 20 deg. C",4,C2,AVG,Concentration2,mg/L,4,mg/L,30,mg/L,,12/31/2023
PR0021717,001,00310,"BOD, 5-day, 20 deg. C",8,C2,AVG,Concentration2,mg/L,8,mg/L,30,mg/L,,01/31/2024
PR0021717,001,00310,"BOD, 5-day, 20 deg. C",31,Q2,AVG,Quantity2,kg/d,31,kg/d,255,kg/d,,01/31/2024
PR0021717,001,00310,"BOD, 5-day, 20 deg. C",13,C3,AVG,Concentration3,mg/L,13,mg/L,45,mg/L,,01/31/2024
PR0021717,001,00310,"BOD, 5-day, 20 deg. C",19,Q1,AVG,Quantity1,kg/d,19,kg/d,170,kg/d,,01/31/2024
PR0021717,001,00310,"BOD, 5-day, 20 deg. C",16,Q1,AVG,Quantity1,kg/d,16,kg/d,170,kg/d,,02/29/2024
PR0021717,001,00310,"BOD, 5-day, 20 deg. C",23,Q2,AVG,Quantity2,kg/d,23,kg/d,255,kg/d,,02/29/2024
PR0021717,001,00310,"BOD, 5-day, 20 deg. C",12,C3,AVG,Concentration3,mg/L,12,mg/L,45,mg/L,,02/29/2024
PR0021717,001,00310,"BOD, 5-day, 20 deg. C",8,C2,AVG,Concentration2,mg/L,8,mg/L,30,mg/L,,02/29/2024
PR0021717,001,00310,"BOD, 5-day, 20 deg. C",8,C2,AVG,Concentration2,mg/L,8,mg/L,30,mg/L,,03/31/2024
PR0021717,001,00310,"BOD, 5-day, 20 deg. C",18,C3,AVG,Concentration3,mg/L,18,mg/L,45,mg/L,,03/31/2024
PR0021717,001,00310,"BOD, 5-day, 20 deg. C",35,Q2,AVG,Quantity2,kg/d,35,kg/d,255,kg/d,,03/31/2024
PR0021717,001,00310,"BOD, 5-day, 20 deg. C",17,Q1,AVG,Quantity1,kg/d,17,kg/d,170,kg/d,,03/31/2024
PR0021717,001,00310,"BOD, 5-day, 20 deg. C",187,Q1,AVG,Quantity1,kg/d,187,kg/d,170,kg/d,,04/30/2024
PR0021717,001,00310,"BOD, 5-day, 20 deg. C",850,Q2,AVG,Quantity2,kg/d,850,kg/d,255,kg/d,,04/30/2024
PR0021717,001,00310,"BOD, 5-day, 20 deg. C",162,C3,AVG,Concentration3,mg/L,162,mg/L,45,mg/L,,04/30/2024
PR0021717,001,00310,"BOD, 5-day, 20 deg. C",38,C2,AVG,Concentration2,mg/L,38,mg/L,30,mg/L,,04/30/2024
PR0021717,001,00310,"BOD, 5-day, 20 deg. C",38,Q2,AVG,Quantity2,kg/d,38,kg/d,255,kg/d,,05/31/2024
PR0021717,001,00310,"BOD, 5-day, 20 deg. C",14,C3,AVG,Concentration3,mg/L,14,mg/L,45,mg/L,,05/31/2024
PR0021717,001,00310,"BOD, 5-day, 20 deg. C",10,C2,AVG,Concentration2,mg/L,10,mg/L,30,mg/L,,05/31/2024
PR0021717,001,00310,"BOD, 5-day, 20 deg. C",29,Q1,AVG,Quantity1,kg/d,29,kg/d,170,kg/d,,05/31/2024
PR0021717,001,00310,"BOD, 5-day, 20 deg. C",20,Q1,AVG,Quantity1,kg/d,20,kg/d,170,kg/d,,06/30/2024
PR0021717,001,00310,"BOD, 5-day, 20 deg. C",7,C3,AVG,Concentration3,mg/L,7,mg/L,45,mg/L,,06/30/2024
PR0021717,001,00310,"BOD, 5-day, 20 deg. C",34,Q2,AVG,Quantity2,kg/d,34,kg/d,255,kg/d,,06/30/2024
PR0021717,001,00310,"BOD, 5-day, 20 deg. C",5,C2,AVG,Concentration2,mg/L,5,mg/L,30,mg/L,,06/30/2024
PR0021717,001,00310,"BOD, 5-day, 20 deg. C",5,C2,AVG,Concentration2,mg/L,5,mg/L,30,mg/L,,07/31/2024
PR0021717,001,00310,"BOD, 5-day, 20 deg. C",7,C3,AVG,Concentration3,mg/L,7,mg/L,45,mg/L,,07/31/2024
PR0021717,001,00310,"BOD, 5-day, 20 deg. C",19,Q2,AVG,Quantity2,kg/d,19,kg/d,255,kg/d,,07/31/2024
PR0021717,001,00310,"BOD, 5-day, 20 deg. C",14,Q1,AVG,Quantity1,kg/d,14,kg/d,170,kg/d,,07/31/2024
PR0021717,001,00310,"BOD, 5-day, 20 deg. C",16,Q1,AVG,Quantity1,kg/d,16,kg/d,170,kg/d,,08/31/2024
PR0021717,001,00310,"BOD, 5-day, 20 deg. C",26,Q2,AVG,Quantity2,kg/d,26,kg/d,255,kg/d,,08/31/2024
PR0021717,001,00310,"BOD, 5-day, 20 deg. C",14,C3,AVG,Concentration3,mg/L,14,mg/L,45,mg/L,,08/31/2024
PR0021717,001,00310,"BOD, 5-day, 20 deg. C",7,C2,AVG,Concentration2,mg/L,7,mg/L,30,mg/L,,08/31/2024
PR0021717,001,00310,"BOD, 5-day, 20 deg. C",4,C2,AVG,Concentration2,mg/L,4,mg/L,30,mg/L,,09/30/2024
PR0021717,001,00310,"BOD, 5-day, 20 deg. C",6,C3,AVG,Concentration3,mg/L,6,mg/L,45,mg/L,,09/30/2024
PR0021717,001,00310,"BOD, 5-day, 20 deg. C",23,Q2,AVG,Quantity2,kg/d,23,kg/d,255,kg/d,,09/30/2024
PR0021717,001,00310,"BOD, 5-day, 20 deg. C",16,Q1,AVG,Quantity1,kg/d,16,kg/d,170,kg/d,,09/30/2024
PR0021717,001,00310,"BOD, 5-day, 20 deg. C",14,Q1,AVG,Quantity1,kg/d,14,kg/d,170,kg/d,,10/31/2024
PR0021717,001,00310,"BOD, 5-day, 20 deg. C",9,C3,AVG,Concentration3,mg/L,9,mg/L,45,mg/L,,10/31/2024
PR0021717,001,00310,"BOD, 5-day, 20 deg. C",22,Q2,AVG,Quantity2,kg/d,22,kg/d,255,kg/d,,10/31/2024
PR0021717,001,00310,"BOD, 5-day, 20 deg. C",6,C2,AVG,Concentration2,mg/L,6,mg/L,30,mg/L,,10/31/2024
PR0021717,001,00310,"BOD, 5-day, 20 deg. C",8,C2,AVG,Concentration2,mg/L,8,mg/L,30,mg/L,,11/30/2024
PR0021717,001,00310,"BOD, 5-day, 20 deg. C",14,C3,AVG,Concentration3,mg/L,14,mg/L,45,mg/L,,11/30/2024
PR0021717,001,00310,"BOD, 5-day, 20 deg. C",65,Q2,AVG,Quantity2,kg/d,65,kg/d,255,kg/d,,11/30/2024
PR0021717,001,00310,"BOD, 5-day, 20 deg. C",49,Q1,AVG,Quantity1,kg/d,49,kg/d,170,kg/d,,11/30/2024
PR0021717,001,00310,"BOD, 5-day, 20 deg. C",24,Q1,AVG,Quantity1,kg/d,24,kg/d,170,kg/d,,12/31/2024
PR0021717,001,00310,"BOD, 5-day, 20 deg. C",42,Q2,AVG,Quantity2,kg/d,42,kg/d,255,kg/d,,12/31/2024
PR0021717,001,00310,"BOD, 5-day, 20 deg. C",12,C3,AVG,Concentration3,mg/L,12,mg/L,45,mg/L,,12/31/2024
PR0021717,001,00310,"BOD, 5-day, 20 deg. C",7,C2,AVG,Concentration2,mg/L,7,mg/L,30,mg/L,,12/31/2024
PR0021717,001,00310,"BOD, 5-day, 20 deg. C",12,C2,AVG,Concentration2,mg/L,12,mg/L,30,mg/L,,01/31/2025
PR0021717,001,00310,"BOD, 5-day, 20 deg. C",100,Q2,AVG,Quantity2,kg/d,100,kg/d,255,kg/d,,01/31/2025
PR0021717,001,00310,"BOD, 5-day, 20 deg. C",33,C3,AVG,Concentration3,mg/L,33,mg/L,45,mg/L,,01/31/2025
PR0021717,001,00310,"BOD, 5-day, 20 deg. C",34,Q1,AVG,Quantity1,kg/d,34,kg/d,170,kg/d,,01/31/2025
PR0021717,001,00310,"BOD, 5-day, 20 deg. C",12,Q1,AVG,Quantity1,kg/d,12,kg/d,170,kg/d,,02/28/2025
PR0021717,001,00310,"BOD, 5-day, 20 deg. C",21,Q2,AVG,Quantity2,kg/d,21,kg/d,255,kg/d,,02/28/2025
PR0021717,001,00310,"BOD, 5-day, 20 deg. C",7,C3,AVG,Concentration3,mg/L,7,mg/L,45,mg/L,,02/28/2025
PR0021717,001,00310,"BOD, 5-day, 20 deg. C",4,C2,AVG,Concentration2,mg/L,4,mg/L,30,mg/L,,02/28/2025
PR0021717,001,00310,"BOD, 5-day, 20 deg. C",6,C2,AVG,Concentration2,mg/L,6,mg/L,30,mg/L,,03/31/2025
PR0021717,001,00310,"BOD, 5-day, 20 deg. C",11,C3,AVG,Concentration3,mg/L,11,mg/L,45,mg/L,,03/31/2025
PR0021717,001,00310,"BOD, 5-day, 20 deg. C",23,Q2,AVG,Quantity2,kg/d,23,kg/d,255,kg/d,,03/31/2025
PR0021717,001,00310,"BOD, 5-day, 20 deg. C",17,Q1,AVG,Quantity1,kg/d,17,kg/d,170,kg/d,,03/31/2025
PR0021717,001,00310,"BOD, 5-day, 20 deg. C",27,Q1,AVG,Quantity1,kg/d,27,kg/d,170,kg/d,,04/30/2025
PR0021717,001,00310,"BOD, 5-day, 20 deg. C",53,Q2,AVG,Quantity2,kg/d,53,kg/d,255,kg/d,,04/30/2025
PR0021717,001,00310,"BOD, 5-day, 20 deg. C",10,C3,AVG,Concentration3,mg/L,10,mg/L,45,mg/L,,04/30/2025
PR0021717,001,00310,"BOD, 5-day, 20 deg. C",6,C2,AVG,Concentration2,mg/L,6,mg/L,30,mg/L,,04/30/2025
PR0021717,001,00310,"BOD, 5-day, 20 deg. C",3,C2,AVG,Concentration2,mg/L,3,mg/L,30,mg/L,,05/31/2025
PR0021717,001,00310,"BOD, 5-day, 20 deg. C",16,Q2,AVG,Quantity2,kg/d,16,kg/d,255,kg/d,,05/31/2025
PR0021717,001,00310,"BOD, 5-day, 20 deg. C",5,C3,AVG,Concentration3,mg/L,5,mg/L,45,mg/L,,05/31/2025
PR0021717,001,00310,"BOD, 5-day, 20 deg. C",13,Q1,AVG,Quantity1,kg/d,13,kg/d,170,kg/d,,05/31/2025
PR0021717,001,00310,"BOD, 5-day, 20 deg. C",59,Q1,AVG,Quantity1,kg/d,59,kg/d,170,kg/d,,06/30/2025
PR0021717,001,00310,"BOD, 5-day, 20 deg. C",33,C3,AVG,Concentration3,mg/L,33,mg/L,45,mg/L,,06/30/2025
PR0021717,001,00310,"BOD, 5-day, 20 deg. C",162,Q2,AVG,Quantity2,kg/d,162,kg/d,255,kg/d,,06/30/2025
PR0021717,001,00310,"BOD, 5-day, 20 deg. C",13,C2,AVG,Concentration2,mg/L,13,mg/L,30,mg/L,,06/30/2025
PR0021717,001,00310,"BOD, 5-day, 20 deg. C",3,C2,AVG,Concentration2,mg/L,3,mg/L,30,mg/L,,07/31/2025
PR0021717,001,00310,"BOD, 5-day, 20 deg. C",11,Q2,AVG,Quantity2,kg/d,11,kg/d,255,kg/d,,07/31/2025
PR0021717,001,00310,"BOD, 5-day, 20 deg. C",5,C3,AVG,Concentration3,mg/L,5,mg/L,45,mg/L,,07/31/2025
PR0021717,001,00310,"BOD, 5-day, 20 deg. C",7,Q1,AVG,Quantity1,kg/d,7,kg/d,170,kg/d,,07/31/2025
PR0021717,001,00310,"BOD, 5-day, 20 deg. C",49,Q1,AVG,Quantity1,kg/d,49,kg/d,170,kg/d,,08/31/2025
PR0021717,001,00310,"BOD, 5-day, 20 deg. C",128,Q2,AVG,Quantity2,kg/d,128,kg/d,255,kg/d,,08/31/2025
PR0021717,001,00310,"BOD, 5-day, 20 deg. C",25,C3,AVG,Concentration3,mg/L,25,mg/L,45,mg/L,,08/31/2025
PR0021717,001,00310,"BOD, 5-day, 20 deg. C",11,C2,AVG,Concentration2,mg/L,11,mg/L,30,mg/L,,08/31/2025
PR0021717,001,00310,"BOD, 5-day, 20 deg. C",15,C2,AVG,Concentration2,mg/L,15,mg/L,30,mg/L,,09/30/2025
PR0021717,001,00310,"BOD, 5-day, 20 deg. C",114,Q2,AVG,Quantity2,kg/d,114,kg/d,255,kg/d,,09/30/2025
PR0021717,001,00310,"BOD, 5-day, 20 deg. C",23,C3,AVG,Concentration3,mg/L,23,mg/L,45,mg/L,,09/30/2025
PR0021717,001,00310,"BOD, 5-day, 20 deg. C",55,Q1,AVG,Quantity1,kg/d,55,kg/d,170,kg/d,,09/30/2025
PR0021717,001,00310,"BOD, 5-day, 20 deg. C",12,Q1,AVG,Quantity1,kg/d,12,kg/d,170,kg/d,,10/31/2025
PR0021717,001,00310,"BOD, 5-day, 20 deg. C",18,Q2,AVG,Quantity2,kg/d,18,kg/d,255,kg/d,,10/31/2025
PR0021717,001,00310,"BOD, 5-day, 20 deg. C",8,C3,AVG,Concentration3,mg/L,8,mg/L,45,mg/L,,10/31/2025
PR0021717,001,00310,"BOD, 5-day, 20 deg. C",4,C2,AVG,Concentration2,mg/L,4,mg/L,30,mg/L,,10/31/2025
PR0021717,001,00310,"BOD, 5-day, 20 deg. C",16,C3,AVG,Concentration3,mg/L,16,mg/L,45,mg/L,,11/30/2025
PR0021717,001,00310,"BOD, 5-day, 20 deg. C",59,Q2,AVG,Quantity2,kg/d,59,kg/d,255,kg/d,,11/30/2025
PR0021717,001,00310,"BOD, 5-day, 20 deg. C",8,C2,AVG,Concentration2,mg/L,8,mg/L,30,mg/L,,11/30/2025
PR0021717,001,00310,"BOD, 5-day, 20 deg. C",33,Q1,AVG,Quantity1,kg/d,33,kg/d,170,kg/d,,11/30/2025
PR0021717,001,00310,"BOD, 5-day, 20 deg. C",32,Q1,AVG,Quantity1,kg/d,32,kg/d,170,kg/d,,12/31/2025
PR0021717,001,00310,"BOD, 5-day, 20 deg. C",29,C3,AVG,Concentration3,mg/L,29,mg/L,45,mg/L,,12/31/2025
PR0021717,001,00310,"BOD, 5-day, 20 deg. C",110,Q2,AVG,Quantity2,kg/d,110,kg/d,255,kg/d,,12/31/2025
PR0021717,001,00310,"BOD, 5-day, 20 deg. C",8,C2,AVG,Concentration2,mg/L,8,mg/L,30,mg/L,,12/31/2025
PR0021717,001,00310,"BOD, 5-day, 20 deg. C",15,C2,AVG,Concentration2,mg/L,15,mg/L,30,mg/L,,01/31/2026
PR0021717,001,00310,"BOD, 5-day, 20 deg. C",44,C3,AVG,Concentration3,mg/L,44,mg/L,45,mg/L,,01/31/2026
PR0021717,001,00310,"BOD, 5-day, 20 deg. C",134,Q2,AVG,Quantity2,kg/d,134,kg/d,255,kg/d,,01/31/2026
PR0021717,001,00310,"BOD, 5-day, 20 deg. C",45,Q1,AVG,Quantity1,kg/d,45,kg/d,170,kg/d,,01/31/2026
PR0021717,001,00400,pH,6.77,C1,MIN,Concentration1,SU,6.77,SU,6,SU,,01/31/2020
PR0021717,001,00400,pH,7.15,C3,MAX,Concentration3,SU,7.15,SU,9,SU,,01/31/2020
PR0021717,001,00400,pH,7.1,C3,MAX,Concentration3,SU,7.1,SU,9,SU,,02/29/2020
PR0021717,001,00400,pH,6.51,C1,MIN,Concentration1,SU,6.51,SU,6,SU,,02/29/2020
PR0021717,001,00400,pH,6.31,C1,MIN,Concentration1,SU,6.31,SU,6,SU,,03/31/2020
PR0021717,001,00400,pH,7.06,C3,MAX,Concentration3,SU,7.06,SU,9,SU,,03/31/2020
PR0021717,001,00400,pH,6.77,C3,MAX,Concentration3,SU,6.77,SU,9,SU,,04/30/2020
PR0021717,001,00400,pH,6.77,C1,MIN,Concentration1,SU,6.77,SU,6,SU,,04/30/2020
PR0021717,001,00400,pH,6.43,C1,MIN,Concentration1,SU,6.43,SU,6,SU,,05/31/2020
PR0021717,001,00400,pH,6.89,C3,MAX,Concentration3,SU,6.89,SU,9,SU,,05/31/2020
PR0021717,001,00400,pH,6.91,C3,MAX,Concentration3,SU,6.91,SU,9,SU,,06/30/2020
PR0021717,001,00400,pH,6.44,C1,MIN,Concentration1,SU,6.44,SU,6,SU,,06/30/2020
PR0021717,001,00400,pH,6.42,C1,MIN,Concentration1,SU,6.42,SU,6,SU,,07/31/2020
PR0021717,001,00400,pH,7.08,C3,MAX,Concentration3,SU,7.08,SU,9,SU,,07/31/2020
PR0021717,001,00400,pH,6.82,C3,MAX,Concentration3,SU,6.82,SU,9,SU,,08/31/2020
PR0021717,001,00400,pH,6.42,C1,MIN,Concentration1,SU,6.42,SU,6,SU,,08/31/2020
PR0021717,001,00400,pH,6.35,C1,MIN,Concentration1,SU,6.35,SU,6,SU,,09/30/2020
PR0021717,001,00400,pH,6.83,C3,MAX,Concentration3,SU,6.83,SU,9,SU,,09/30/2020
PR0021717,001,00400,pH,6.73,C3,MAX,Concentration3,SU,6.73,SU,9,SU,,10/31/2020
PR0021717,001,00400,pH,6.4,C1,MIN,Concentration1,SU,6.4,SU,6,SU,,10/31/2020
PR0021717,001,00400,pH,6.54,C1,MIN,Concentration1,SU,6.54,SU,6,SU,,11/30/2020
PR0021717,001,00400,pH,6.73,C3,MAX,Concentration3,SU,6.73,SU,9,SU,,11/30/2020
PR0021717,001,00400,pH,6.8,C3,MAX,Concentration3,SU,6.8,SU,9,SU,,12/31/2020
PR0021717,001,00400,pH,6.6,C1,MIN,Concentration1,SU,6.6,SU,6,SU,,12/31/2020
PR0021717,001,00400,pH,6.59,C1,MIN,Concentration1,SU,6.59,SU,6,SU,,01/31/2021
PR0021717,001,00400,pH,6.81,C3,MAX,Concentration3,SU,6.81,SU,9,SU,,01/31/2021
PR0021717,001,00400,pH,6.9,C3,MAX,Concentration3,SU,6.9,SU,9,SU,,02/28/2021
PR0021717,001,00400,pH,6.61,C1,MIN,Concentration1,SU,6.61,SU,6,SU,,02/28/2021
PR0021717,001,00400,pH,6.69,C1,MIN,Concentration1,SU,6.69,SU,6,SU,,03/31/2021
PR0021717,001,00400,pH,6.94,C3,MAX,Concentration3,SU,6.94,SU,9,SU,,03/31/2021
PR0021717,001,00400,pH,6.85,C3,MAX,Concentration3,SU,6.85,SU,9,SU,,04/30/2021
PR0021717,001,00400,pH,6.7,C1,MIN,Concentration1,SU,6.7,SU,6,SU,,04/30/2021
PR0021717,001,00400,pH,6.61,C1,MIN,Concentration1,SU,6.61,SU,6,SU,,05/31/2021
PR0021717,001,00400,pH,6.85,C3,MAX,Concentration3,SU,6.85,SU,9,SU,,05/31/2021
PR0021717,001,00400,pH,6.8,C3,MAX,Concentration3,SU,6.8,SU,9,SU,,06/30/2021
PR0021717,001,00400,pH,6.54,C1,MIN,Concentration1,SU,6.54,SU,6,SU,,06/30/2021
PR0021717,001,00400,pH,6.61,C1,MIN,Concentration1,SU,6.61,SU,6,SU,,07/31/2021
PR0021717,001,00400,pH,6.97,C3,MAX,Concentration3,SU,6.97,SU,9,SU,,07/31/2021
PR0021717,001,00400,pH,7.44,C3,MAX,Concentration3,SU,7.44,SU,9,SU,,08/31/2021
PR0021717,001,00400,pH,6.71,C1,MIN,Concentration1,SU,6.71,SU,6,SU,,08/31/2021
PR0021717,001,00400,pH,6.57,C1,MIN,Concentration1,SU,6.57,SU,6,SU,,09/30/2021
PR0021717,001,00400,pH,7.58,C3,MAX,Concentration3,SU,7.58,SU,9,SU,,09/30/2021
PR0021717,001,00400,pH,7.52,C3,MAX,Concentration3,SU,7.52,SU,9,SU,,10/31/2021
PR0021717,001,00400,pH,6.58,C1,MIN,Concentration1,SU,6.58,SU,6,SU,,10/31/2021
PR0021717,001,00400,pH,6.74,C1,MIN,Concentration1,SU,6.74,SU,6,SU,,11/30/2021
PR0021717,001,00400,pH,7.4,C3,MAX,Concentration3,SU,7.4,SU,9,SU,,11/30/2021
PR0021717,001,00400,pH,7.41,C3,MAX,Concentration3,SU,7.41,SU,9,SU,,12/31/2021
PR0021717,001,00400,pH,6.73,C1,MIN,Concentration1,SU,6.73,SU,6,SU,,12/31/2021
PR0021717,001,00400,pH,6.79,C1,MIN,Concentration1,SU,6.79,SU,6,SU,,01/31/2022
PR0021717,001,00400,pH,7.21,C3,MAX,Concentration3,SU,7.21,SU,9,SU,,01/31/2022
PR0021717,001,00400,pH,6.9,C3,MAX,Concentration3,SU,6.9,SU,9,SU,,02/28/2022
PR0021717,001,00400,pH,6.6,C1,MIN,Concentration1,SU,6.6,SU,6,SU,,02/28/2022
PR0021717,001,00400,pH,6.91,C1,MIN,Concentration1,SU,6.91,SU,6,SU,,03/31/2022
PR0021717,001,00400,pH,7.28,C3,MAX,Concentration3,SU,7.28,SU,9,SU,,03/31/2022
PR0021717,001,00400,pH,7.19,C3,MAX,Concentration3,SU,7.19,SU,9,SU,,04/30/2022
PR0021717,001,00400,pH,6.97,C1,MIN,Concentration1,SU,6.97,SU,6,SU,,04/30/2022
PR0021717,001,00400,pH,6.7,C1,MIN,Concentration1,SU,6.7,SU,6,SU,,05/31/2022
PR0021717,001,00400,pH,7.1,C3,MAX,Concentration3,SU,7.1,SU,9,SU,,05/31/2022
PR0021717,001,00400,pH,7.11,C3,MAX,Concentration3,SU,7.11,SU,9,SU,,06/30/2022
PR0021717,001,00400,pH,6.98,C1,MIN,Concentration1,SU,6.98,SU,6,SU,,06/30/2022
PR0021717,001,00400,pH,6.93,C1,MIN,Concentration1,SU,6.93,SU,6,SU,,07/31/2022
PR0021717,001,00400,pH,7.11,C3,MAX,Concentration3,SU,7.11,SU,9,SU,,07/31/2022
PR0021717,001,00400,pH,7.12,C3,MAX,Concentration3,SU,7.12,SU,9,SU,,08/31/2022
PR0021717,001,00400,pH,6.74,C1,MIN,Concentration1,SU,6.74,SU,6,SU,,08/31/2022
PR0021717,001,00400,pH,6.8,C1,MIN,Concentration1,SU,6.8,SU,6,SU,,09/30/2022
PR0021717,001,00400,pH,7.1,C3,MAX,Concentration3,SU,7.1,SU,9,SU,,09/30/2022
PR0021717,001,00400,pH,7.11,C3,MAX,Concentration3,SU,7.11,SU,9,SU,,10/31/2022
PR0021717,001,00400,pH,6.69,C1,MIN,Concentration1,SU,6.69,SU,6,SU,,10/31/2022
PR0021717,001,00400,pH,6.45,C1,MIN,Concentration1,SU,6.45,SU,6,SU,,11/30/2022
PR0021717,001,00400,pH,7.1,C3,MAX,Concentration3,SU,7.1,SU,9,SU,,11/30/2022
PR0021717,001,00400,pH,7.01,C3,MAX,Concentration3,SU,7.01,SU,9,SU,,12/31/2022
PR0021717,001,00400,pH,6.64,C1,MIN,Concentration1,SU,6.64,SU,6,SU,,12/31/2022
PR0021717,001,00400,pH,6.85,C1,MIN,Concentration1,SU,6.85,SU,6,SU,,01/31/2023
PR0021717,001,00400,pH,7.27,C3,MAX,Concentration3,SU,7.27,SU,9,SU,,01/31/2023
PR0021717,001,00400,pH,7.21,C3,MAX,Concentration3,SU,7.21,SU,9,SU,,02/28/2023
PR0021717,001,00400,pH,6.94,C1,MIN,Concentration1,SU,6.94,SU,6,SU,,02/28/2023
PR0021717,001,00400,pH,6.91,C1,MIN,Concentration1,SU,6.91,SU,6,SU,,03/31/2023
PR0021717,001,00400,pH,7.2,C3,MAX,Concentration3,SU,7.2,SU,9,SU,,03/31/2023
PR0021717,001,00400,pH,7.18,C3,MAX,Concentration3,SU,7.18,SU,9,SU,,04/30/2023
PR0021717,001,00400,pH,6.9,C1,MIN,Concentration1,SU,6.9,SU,6,SU,,04/30/2023
PR0021717,001,00400,pH,6.71,C1,MIN,Concentration1,SU,6.71,SU,6,SU,,05/31/2023
PR0021717,001,00400,pH,7.1,C3,MAX,Concentration3,SU,7.1,SU,9,SU,,05/31/2023
PR0021717,001,00400,pH,7.03,C3,MAX,Concentration3,SU,7.03,SU,9,SU,,06/30/2023
PR0021717,001,00400,pH,6.71,C1,MIN,Concentration1,SU,6.71,SU,6,SU,,06/30/2023
PR0021717,001,00400,pH,6.69,C1,MIN,Concentration1,SU,6.69,SU,6,SU,,07/31/2023
PR0021717,001,00400,pH,7.01,C3,MAX,Concentration3,SU,7.01,SU,9,SU,,07/31/2023
PR0021717,001,00400,pH,7.21,C3,MAX,Concentration3,SU,7.21,SU,9,SU,,08/31/2023
PR0021717,001,00400,pH,6.65,C1,MIN,Concentration1,SU,6.65,SU,6,SU,,08/31/2023
PR0021717,001,00400,pH,6.91,C1,MIN,Concentration1,SU,6.91,SU,6,SU,,09/30/2023
PR0021717,001,00400,pH,7.38,C3,MAX,Concentration3,SU,7.38,SU,9,SU,,09/30/2023
PR0021717,001,00400,pH,7.18,C3,MAX,Concentration3,SU,7.18,SU,9,SU,,10/31/2023
PR0021717,001,00400,pH,6.9,C1,MIN,Concentration1,SU,6.9,SU,6,SU,,10/31/2023
PR0021717,001,00400,pH,6.5,C1,MIN,Concentration1,SU,6.5,SU,6,SU,,11/30/2023
PR0021717,001,00400,pH,7.06,C3,MAX,Concentration3,SU,7.06,SU,9,SU,,11/30/2023
PR0021717,001,00400,pH,7.05,C3,MAX,Concentration3,SU,7.05,SU,9,SU,,12/31/2023
PR0021717,001,00400,pH,6.77,C1,MIN,Concentration1,SU,6.77,SU,6,SU,,12/31/2023
PR0021717,001,00400,pH,6.5,C1,MIN,Concentration1,SU,6.5,SU,6,SU,,01/31/2024
PR0021717,001,00400,pH,7,C3,MAX,Concentration3,SU,7,SU,9,SU,,01/31/2024
PR0021717,001,00400,pH,6.98,C3,MAX,Concentration3,SU,6.98,SU,9,SU,,02/29/2024
PR0021717,001,00400,pH,6.52,C1,MIN,Concentration1,SU,6.52,SU,6,SU,,02/29/2024
PR0021717,001,00400,pH,98,C1,MIN,Concentration1,SU,98,SU,6,SU,,03/31/2024
PR0021717,001,00400,pH,6,C3,MAX,Concentration3,SU,6,SU,9,SU,,03/31/2024
PR0021717,001,00400,pH,6.93,C3,MAX,Concentration3,SU,6.93,SU,9,SU,,04/30/2024
PR0021717,001,00400,pH,6.58,C1,MIN,Concentration1,SU,6.58,SU,6,SU,,04/30/2024
PR0021717,001,00400,pH,6.71,C1,MIN,Concentration1,SU,6.71,SU,6,SU,,05/31/2024
PR0021717,001,00400,pH,6.98,C3,MAX,Concentration3,SU,6.98,SU,9,SU,,05/31/2024
PR0021717,001,00400,pH,7,C3,MAX,Concentration3,SU,7,SU,9,SU,,06/30/2024
PR0021717,001,00400,pH,6.8,C1,MIN,Concentration1,SU,6.8,SU,6,SU,,06/30/2024
PR0021717,001,00400,pH,6.81,C1,MIN,Concentration1,SU,6.81,SU,6,SU,,07/31/2024
PR0021717,001,00400,pH,7,C3,MAX,Concentration3,SU,7,SU,9,SU,,07/31/2024
PR0021717,001,00400,pH,7.01,C3,MAX,Concentration3,SU,7.01,SU,9,SU,,08/31/2024
PR0021717,001,00400,pH,6.55,C1,MIN,Concentration1,SU,6.55,SU,6,SU,,08/31/2024
PR0021717,001,00400,pH,6.69,C1,MIN,Concentration1,SU,6.69,SU,6,SU,,09/30/2024
PR0021717,001,00400,pH,7.24,C3,MAX,Concentration3,SU,7.24,SU,9,SU,,09/30/2024
PR0021717,001,00400,pH,7.11,C3,MAX,Concentration3,SU,7.11,SU,9,SU,,10/31/2024
PR0021717,001,00400,pH,6.89,C1,MIN,Concentration1,SU,6.89,SU,6,SU,,10/31/2024
PR0021717,001,00400,pH,6.92,C1,MIN,Concentration1,SU,6.92,SU,6,SU,,11/30/2024
PR0021717,001,00400,pH,7.11,C3,MAX,Concentration3,SU,7.11,SU,9,SU,,11/30/2024
PR0021717,001,00400,pH,7.11,C3,MAX,Concentration3,SU,7.11,SU,9,SU,,12/31/2024
PR0021717,001,00400,pH,6.84,C1,MIN,Concentration1,SU,6.84,SU,6,SU,,12/31/2024
PR0021717,001,00400,pH,6.96,C1,MIN,Concentration1,SU,6.96,SU,6,SU,,01/31/2025
PR0021717,001,00400,pH,7.27,C3,MAX,Concentration3,SU,7.27,SU,9,SU,,01/31/2025
PR0021717,001,00400,pH,7.26,C3,MAX,Concentration3,SU,7.26,SU,9,SU,,02/28/2025
PR0021717,001,00400,pH,7.08,C1,MIN,Concentration1,SU,7.08,SU,6,SU,,02/28/2025
PR0021717,001,00400,pH,6.94,C1,MIN,Concentration1,SU,6.94,SU,6,SU,,03/31/2025
PR0021717,001,00400,pH,7.29,C3,MAX,Concentration3,SU,7.29,SU,9,SU,,03/31/2025
PR0021717,001,00400,pH,7.26,C3,MAX,Concentration3,SU,7.26,SU,9,SU,,04/30/2025
PR0021717,001,00400,pH,6.9,C1,MIN,Concentration1,SU,6.9,SU,6,SU,,04/30/2025
PR0021717,001,00400,pH,6.87,C1,MIN,Concentration1,SU,6.87,SU,6,SU,,05/31/2025
PR0021717,001,00400,pH,7.3,C3,MAX,Concentration3,SU,7.3,SU,9,SU,,05/31/2025
PR0021717,001,00400,pH,7.23,C3,MAX,Concentration3,SU,7.23,SU,9,SU,,06/30/2025
PR0021717,001,00400,pH,6.95,C1,MIN,Concentration1,SU,6.95,SU,6,SU,,06/30/2025
PR0021717,001,00400,pH,6.9,C1,MIN,Concentration1,SU,6.9,SU,6,SU,,07/31/2025
PR0021717,001,00400,pH,7.3,C3,MAX,Concentration3,SU,7.3,SU,9,SU,,07/31/2025
PR0021717,001,00400,pH,7.37,C3,MAX,Concentration3,SU,7.37,SU,9,SU,,08/31/2025
PR0021717,001,00400,pH,6.83,C1,MIN,Concentration1,SU,6.83,SU,6,SU,,08/31/2025
PR0021717,001,00400,pH,7.01,C1,MIN,Concentration1,SU,7.01,SU,6,SU,,09/30/2025
PR0021717,001,00400,pH,7.33,C3,MAX,Concentration3,SU,7.33,SU,9,SU,,09/30/2025
PR0021717,001,00400,pH,7.33,C3,MAX,Concentration3,SU,7.33,SU,9,SU,,10/31/2025
PR0021717,001,00400,pH,7.01,C1,MIN,Concentration1,SU,7.01,SU,6,SU,,10/31/2025
PR0021717,001,00400,pH,6.94,C1,MIN,Concentration1,SU,6.94,SU,6,SU,,11/30/2025
PR0021717,001,00400,pH,7.36,C3,MAX,Concentration3,SU,7.36,SU,9,SU,,11/30/2025
PR0021717,001,00400,pH,7.26,C3,MAX,Concentration3,SU,7.26,SU,9,SU,,12/31/2025
PR0021717,001,00400,pH,6.94,C1,MIN,Concentration1,SU,6.94,SU,6,SU,,12/31/2025
PR0021717,001,00400,pH,66.94,C1,MIN,Concentration1,SU,66.94,SU,6,SU,,01/31/2026
PR0021717,001,00400,pH,7.24,C3,MAX,Concentration3,SU,7.24,SU,9,SU,,01/31/2026
PR0021717,001,00530,"Solids, total suspended",12,C3,AVG,Concentration3,mg/L,12,mg/L,45,mg/L,,01/31/2020
PR0021717,001,00530,"Solids, total suspended",7,C2,AVG,Concentration2,mg/L,7,mg/L,30,mg/L,,01/31/2020
PR0021717,001,00530,"Solids, total suspended",45,Q2,AVG,Quantity2,kg/d,45,kg/d,255,kg/d,,01/31/2020
PR0021717,001,00530,"Solids, total suspended",19,Q1,AVG,Quantity1,kg/d,19,kg/d,170,kg/d,,01/31/2020
PR0021717,001,00530,"Solids, total suspended",7,Q1,AVG,Quantity1,kg/d,7,kg/d,170,kg/d,,02/29/2020
PR0021717,001,00530,"Solids, total suspended",3,C2,AVG,Concentration2,mg/L,3,mg/L,30,mg/L,,02/29/2020
PR0021717,001,00530,"Solids, total suspended",9,Q2,AVG,Quantity2,kg/d,9,kg/d,255,kg/d,,02/29/2020
PR0021717,001,00530,"Solids, total suspended",4,C3,AVG,Concentration3,mg/L,4,mg/L,45,mg/L,,02/29/2020
PR0021717,001,00530,"Solids, total suspended",10,C3,AVG,Concentration3,mg/L,10,mg/L,45,mg/L,,03/31/2020
PR0021717,001,00530,"Solids, total suspended",26,Q2,AVG,Quantity2,kg/d,26,kg/d,255,kg/d,,03/31/2020
PR0021717,001,00530,"Solids, total suspended",6,C2,AVG,Concentration2,mg/L,6,mg/L,30,mg/L,,03/31/2020
PR0021717,001,00530,"Solids, total suspended",16,Q1,AVG,Quantity1,kg/d,16,kg/d,170,kg/d,,03/31/2020
PR0021717,001,00530,"Solids, total suspended",8,Q1,AVG,Quantity1,kg/d,8,kg/d,170,kg/d,,04/30/2020
PR0021717,001,00530,"Solids, total suspended",4,C2,AVG,Concentration2,mg/L,4,mg/L,30,mg/L,,04/30/2020
PR0021717,001,00530,"Solids, total suspended",11,Q2,AVG,Quantity2,kg/d,11,kg/d,255,kg/d,,04/30/2020
PR0021717,001,00530,"Solids, total suspended",5,C3,AVG,Concentration3,mg/L,5,mg/L,45,mg/L,,04/30/2020
PR0021717,001,00530,"Solids, total suspended",9,C3,AVG,Concentration3,mg/L,9,mg/L,45,mg/L,,05/31/2020
PR0021717,001,00530,"Solids, total suspended",16,Q2,AVG,Quantity2,kg/d,16,kg/d,255,kg/d,,05/31/2020
PR0021717,001,00530,"Solids, total suspended",7,C2,AVG,Concentration2,mg/L,7,mg/L,30,mg/L,,05/31/2020
PR0021717,001,00530,"Solids, total suspended",15,Q1,AVG,Quantity1,kg/d,15,kg/d,170,kg/d,,05/31/2020
PR0021717,001,00530,"Solids, total suspended",11,C3,AVG,Concentration3,mg/L,11,mg/L,45,mg/L,,06/30/2020
PR0021717,001,00530,"Solids, total suspended",9,Q1,AVG,Quantity1,kg/d,9,kg/d,170,kg/d,,06/30/2020
PR0021717,001,00530,"Solids, total suspended",5,C2,AVG,Concentration2,mg/L,5,mg/L,30,mg/L,,06/30/2020
PR0021717,001,00530,"Solids, total suspended",21,Q2,AVG,Quantity2,kg/d,21,kg/d,255,kg/d,,06/30/2020
PR0021717,001,00530,"Solids, total suspended",16,Q2,AVG,Quantity2,kg/d,16,kg/d,255,kg/d,,07/31/2020
PR0021717,001,00530,"Solids, total suspended",6,C3,AVG,Concentration3,mg/L,6,mg/L,45,mg/L,,07/31/2020
PR0021717,001,00530,"Solids, total suspended",5,C2,AVG,Concentration2,mg/L,5,mg/L,30,mg/L,,07/31/2020
PR0021717,001,00530,"Solids, total suspended",11,Q1,AVG,Quantity1,kg/d,11,kg/d,170,kg/d,,07/31/2020
PR0021717,001,00530,"Solids, total suspended",9,Q1,AVG,Quantity1,kg/d,9,kg/d,170,kg/d,,08/31/2020
PR0021717,001,00530,"Solids, total suspended",15,Q2,AVG,Quantity2,kg/d,15,kg/d,255,kg/d,,08/31/2020
PR0021717,001,00530,"Solids, total suspended",4,C2,AVG,Concentration2,mg/L,4,mg/L,30,mg/L,,08/31/2020
PR0021717,001,00530,"Solids, total suspended",6,C3,AVG,Concentration3,mg/L,6,mg/L,45,mg/L,,08/31/2020
PR0021717,001,00530,"Solids, total suspended",4,C3,AVG,Concentration3,mg/L,4,mg/L,45,mg/L,,09/30/2020
PR0021717,001,00530,"Solids, total suspended",3,C2,AVG,Concentration2,mg/L,3,mg/L,30,mg/L,,09/30/2020
PR0021717,001,00530,"Solids, total suspended",11,Q2,AVG,Quantity2,kg/d,11,kg/d,255,kg/d,,09/30/2020
PR0021717,001,00530,"Solids, total suspended",9,Q1,AVG,Quantity1,kg/d,9,kg/d,170,kg/d,,09/30/2020
PR0021717,001,00530,"Solids, total suspended",25,Q1,AVG,Quantity1,kg/d,25,kg/d,170,kg/d,,10/31/2020
PR0021717,001,00530,"Solids, total suspended",5,C2,AVG,Concentration2,mg/L,5,mg/L,30,mg/L,,10/31/2020
PR0021717,001,00530,"Solids, total suspended",76,Q2,AVG,Quantity2,kg/d,76,kg/d,255,kg/d,,10/31/2020
PR0021717,001,00530,"Solids, total suspended",13,C3,AVG,Concentration3,mg/L,13,mg/L,45,mg/L,,10/31/2020
PR0021717,001,00530,"Solids, total suspended",64,C3,AVG,Concentration3,mg/L,64,mg/L,45,mg/L,,11/30/2020
PR0021717,001,00530,"Solids, total suspended",349,Q2,AVG,Quantity2,kg/d,349,kg/d,255,kg/d,,11/30/2020
PR0021717,001,00530,"Solids, total suspended",19,C2,AVG,Concentration2,mg/L,19,mg/L,30,mg/L,,11/30/2020
PR0021717,001,00530,"Solids, total suspended",99,Q1,AVG,Quantity1,kg/d,99,kg/d,170,kg/d,,11/30/2020
PR0021717,001,00530,"Solids, total suspended",7,Q1,AVG,Quantity1,kg/d,7,kg/d,170,kg/d,,12/31/2020
PR0021717,001,00530,"Solids, total suspended",3,C2,AVG,Concentration2,mg/L,3,mg/L,30,mg/L,,12/31/2020
PR0021717,001,00530,"Solids, total suspended",4,C3,AVG,Concentration3,mg/L,4,mg/L,45,mg/L,,12/31/2020
PR0021717,001,00530,"Solids, total suspended",9,Q2,AVG,Quantity2,kg/d,9,kg/d,255,kg/d,,12/31/2020
PR0021717,001,00530,"Solids, total suspended",15,C3,AVG,Concentration3,mg/L,15,mg/L,45,mg/L,,01/31/2021
PR0021717,001,00530,"Solids, total suspended",27,Q2,AVG,Quantity2,kg/d,27,kg/d,255,kg/d,,01/31/2021
PR0021717,001,00530,"Solids, total suspended",8,C2,AVG,Concentration2,mg/L,8,mg/L,30,mg/L,,01/31/2021
PR0021717,001,00530,"Solids, total suspended",15,Q1,AVG,Quantity1,kg/d,15,kg/d,170,kg/d,,01/31/2021
PR0021717,001,00530,"Solids, total suspended",17,Q1,AVG,Quantity1,kg/d,17,kg/d,170,kg/d,,02/28/2021
PR0021717,001,00530,"Solids, total suspended",40,Q2,AVG,Quantity2,kg/d,40,kg/d,255,kg/d,,02/28/2021
PR0021717,001,00530,"Solids, total suspended",7,C2,AVG,Concentration2,mg/L,7,mg/L,30,mg/L,,02/28/2021
PR0021717,001,00530,"Solids, total suspended",17,C3,AVG,Concentration3,mg/L,17,mg/L,45,mg/L,,02/28/2021
PR0021717,001,00530,"Solids, total suspended",15,Q1,AVG,Quantity1,kg/d,15,kg/d,170,kg/d,,03/31/2021
PR0021717,001,00530,"Solids, total suspended",13,C3,AVG,Concentration3,mg/L,13,mg/L,45,mg/L,,03/31/2021
PR0021717,001,00530,"Solids, total suspended",7,C2,AVG,Concentration2,mg/L,7,mg/L,30,mg/L,,03/31/2021
PR0021717,001,00530,"Solids, total suspended",28,Q2,AVG,Quantity2,kg/d,28,kg/d,255,kg/d,,03/31/2021
PR0021717,001,00530,"Solids, total suspended",8,Q1,AVG,Quantity1,kg/d,8,kg/d,170,kg/d,,04/30/2021
PR0021717,001,00530,"Solids, total suspended",4,C2,AVG,Concentration2,mg/L,4,mg/L,30,mg/L,,04/30/2021
PR0021717,001,00530,"Solids, total suspended",7,C3,AVG,Concentration3,mg/L,7,mg/L,45,mg/L,,04/30/2021
PR0021717,001,00530,"Solids, total suspended",11,Q2,AVG,Quantity2,kg/d,11,kg/d,255,kg/d,,04/30/2021
PR0021717,001,00530,"Solids, total suspended",12,Q2,AVG,Quantity2,kg/d,12,kg/d,255,kg/d,,05/31/2021
PR0021717,001,00530,"Solids, total suspended",9,Q1,AVG,Quantity1,kg/d,9,kg/d,170,kg/d,,05/31/2021
PR0021717,001,00530,"Solids, total suspended",6,C3,AVG,Concentration3,mg/L,6,mg/L,45,mg/L,,05/31/2021
PR0021717,001,00530,"Solids, total suspended",4,C2,AVG,Concentration2,mg/L,4,mg/L,30,mg/L,,05/31/2021
PR0021717,001,00530,"Solids, total suspended",9,Q1,AVG,Quantity1,kg/d,9,kg/d,170,kg/d,,06/30/2021
PR0021717,001,00530,"Solids, total suspended",14,Q2,AVG,Quantity2,kg/d,14,kg/d,255,kg/d,,06/30/2021
PR0021717,001,00530,"Solids, total suspended",4,C2,AVG,Concentration2,mg/L,4,mg/L,30,mg/L,,06/30/2021
PR0021717,001,00530,"Solids, total suspended",7,C3,AVG,Concentration3,mg/L,7,mg/L,45,mg/L,,06/30/2021
PR0021717,001,00530,"Solids, total suspended",12,Q1,AVG,Quantity1,kg/d,12,kg/d,170,kg/d,,07/31/2021
PR0021717,001,00530,"Solids, total suspended",30,Q2,AVG,Quantity2,kg/d,30,kg/d,255,kg/d,,07/31/2021
PR0021717,001,00530,"Solids, total suspended",13,C3,AVG,Concentration3,mg/L,13,mg/L,45,mg/L,,07/31/2021
PR0021717,001,00530,"Solids, total suspended",5,C2,AVG,Concentration2,mg/L,5,mg/L,30,mg/L,,07/31/2021
PR0021717,001,00530,"Solids, total suspended",8,Q1,AVG,Quantity1,kg/d,8,kg/d,170,kg/d,,08/31/2021
PR0021717,001,00530,"Solids, total suspended",14,Q2,AVG,Quantity2,kg/d,14,kg/d,255,kg/d,,08/31/2021
PR0021717,001,00530,"Solids, total suspended",3,C2,AVG,Concentration2,mg/L,3,mg/L,30,mg/L,,08/31/2021
PR0021717,001,00530,"Solids, total suspended",5,C3,AVG,Concentration3,mg/L,5,mg/L,45,mg/L,,08/31/2021
PR0021717,001,00530,"Solids, total suspended",19,Q2,AVG,Quantity2,kg/d,19,kg/d,255,kg/d,,09/30/2021
PR0021717,001,00530,"Solids, total suspended",10,C3,AVG,Concentration3,mg/L,10,mg/L,45,mg/L,,09/30/2021
PR0021717,001,00530,"Solids, total suspended",5,C2,AVG,Concentration2,mg/L,5,mg/L,30,mg/L,,09/30/2021
PR0021717,001,00530,"Solids, total suspended",10,Q1,AVG,Quantity1,kg/d,10,kg/d,170,kg/d,,09/30/2021
PR0021717,001,00530,"Solids, total suspended",63,C3,AVG,Concentration3,mg/L,63,mg/L,45,mg/L,,10/31/2021
PR0021717,001,00530,"Solids, total suspended",88,Q1,AVG,Quantity1,kg/d,88,kg/d,170,kg/d,,10/31/2021
PR0021717,001,00530,"Solids, total suspended",24,C2,AVG,Concentration2,mg/L,24,mg/L,30,mg/L,,10/31/2021
PR0021717,001,00530,"Solids, total suspended",271,Q2,AVG,Quantity2,kg/d,271,kg/d,255,kg/d,,10/31/2021
PR0021717,001,00530,"Solids, total suspended",11,C3,AVG,Concentration3,mg/L,11,mg/L,45,mg/L,,11/30/2021
PR0021717,001,00530,"Solids, total suspended",29,Q2,AVG,Quantity2,kg/d,29,kg/d,255,kg/d,,11/30/2021
PR0021717,001,00530,"Solids, total suspended",5,C2,AVG,Concentration2,mg/L,5,mg/L,30,mg/L,,11/30/2021
PR0021717,001,00530,"Solids, total suspended",14,Q1,AVG,Quantity1,kg/d,14,kg/d,170,kg/d,,11/30/2021
PR0021717,001,00530,"Solids, total suspended",35,Q1,AVG,Quantity1,kg/d,35,kg/d,170,kg/d,,12/31/2021
PR0021717,001,00530,"Solids, total suspended",94,Q2,AVG,Quantity2,kg/d,94,kg/d,255,kg/d,,12/31/2021
PR0021717,001,00530,"Solids, total suspended",13,C2,AVG,Concentration2,mg/L,13,mg/L,30,mg/L,,12/31/2021
PR0021717,001,00530,"Solids, total suspended",36,C3,AVG,Concentration3,mg/L,36,mg/L,45,mg/L,,12/31/2021
PR0021717,001,00530,"Solids, total suspended",9,C3,AVG,Concentration3,mg/L,9,mg/L,45,mg/L,,01/31/2022
PR0021717,001,00530,"Solids, total suspended",4,C2,AVG,Concentration2,mg/L,4,mg/L,30,mg/L,,01/31/2022
PR0021717,001,00530,"Solids, total suspended",19,Q2,AVG,Quantity2,kg/d,19,kg/d,255,kg/d,,01/31/2022
PR0021717,001,00530,"Solids, total suspended",9,Q1,AVG,Quantity1,kg/d,9,kg/d,170,kg/d,,01/31/2022
PR0021717,001,00530,"Solids, total suspended",4,C3,AVG,Concentration3,mg/L,4,mg/L,45,mg/L,,02/28/2022
PR0021717,001,00530,"Solids, total suspended",6,Q1,AVG,Quantity1,kg/d,6,kg/d,170,kg/d,,02/28/2022
PR0021717,001,00530,"Solids, total suspended",10,Q2,AVG,Quantity2,kg/d,10,kg/d,255,kg/d,,02/28/2022
PR0021717,001,00530,"Solids, total suspended",3,C2,AVG,Concentration2,mg/L,3,mg/L,30,mg/L,,02/28/2022
PR0021717,001,00530,"Solids, total suspended",11,Q2,AVG,Quantity2,kg/d,11,kg/d,255,kg/d,,03/31/2022
PR0021717,001,00530,"Solids, total suspended",3,C2,AVG,Concentration2,mg/L,3,mg/L,30,mg/L,,03/31/2022
PR0021717,001,00530,"Solids, total suspended",7,Q1,AVG,Quantity1,kg/d,7,kg/d,170,kg/d,,03/31/2022
PR0021717,001,00530,"Solids, total suspended",4,C3,AVG,Concentration3,mg/L,4,mg/L,45,mg/L,,03/31/2022
PR0021717,001,00530,"Solids, total suspended",23,C2,AVG,Concentration2,mg/L,23,mg/L,30,mg/L,,04/30/2022
PR0021717,001,00530,"Solids, total suspended",50,C3,AVG,Concentration3,mg/L,50,mg/L,45,mg/L,,04/30/2022
PR0021717,001,00530,"Solids, total suspended",50,Q1,AVG,Quantity1,kg/d,50,kg/d,170,kg/d,,04/30/2022
PR0021717,001,00530,"Solids, total suspended",115,Q2,AVG,Quantity2,kg/d,115,kg/d,255,kg/d,,04/30/2022
PR0021717,001,00530,"Solids, total suspended",8,C3,AVG,Concentration3,mg/L,8,mg/L,45,mg/L,,05/31/2022
PR0021717,001,00530,"Solids, total suspended",5,C2,AVG,Concentration2,mg/L,5,mg/L,30,mg/L,,05/31/2022
PR0021717,001,00530,"Solids, total suspended",16,Q2,AVG,Quantity2,kg/d,16,kg/d,255,kg/d,,05/31/2022
PR0021717,001,00530,"Solids, total suspended",10,Q1,AVG,Quantity1,kg/d,10,kg/d,170,kg/d,,05/31/2022
PR0021717,001,00530,"Solids, total suspended",7,C3,AVG,Concentration3,mg/L,7,mg/L,45,mg/L,,06/30/2022
PR0021717,001,00530,"Solids, total suspended",9,Q1,AVG,Quantity1,kg/d,9,kg/d,170,kg/d,,06/30/2022
PR0021717,001,00530,"Solids, total suspended",14,Q2,AVG,Quantity2,kg/d,14,kg/d,255,kg/d,,06/30/2022
PR0021717,001,00530,"Solids, total suspended",5,C2,AVG,Concentration2,mg/L,5,mg/L,30,mg/L,,06/30/2022
PR0021717,001,00530,"Solids, total suspended",5,C3,AVG,Concentration3,mg/L,5,mg/L,45,mg/L,,07/31/2022
PR0021717,001,00530,"Solids, total suspended",21,Q2,AVG,Quantity2,kg/d,21,kg/d,255,kg/d,,07/31/2022
PR0021717,001,00530,"Solids, total suspended",3,C2,AVG,Concentration2,mg/L,3,mg/L,30,mg/L,,07/31/2022
PR0021717,001,00530,"Solids, total suspended",11,Q1,AVG,Quantity1,kg/d,11,kg/d,170,kg/d,,07/31/2022
PR0021717,001,00530,"Solids, total suspended",47,Q1,AVG,Quantity1,kg/d,47,kg/d,170,kg/d,,08/31/2022
PR0021717,001,00530,"Solids, total suspended",187,Q2,AVG,Quantity2,kg/d,187,kg/d,255,kg/d,,08/31/2022
PR0021717,001,00530,"Solids, total suspended",13,C2,AVG,Concentration2,mg/L,13,mg/L,30,mg/L,,08/31/2022
PR0021717,001,00530,"Solids, total suspended",48,C3,AVG,Concentration3,mg/L,48,mg/L,45,mg/L,,08/31/2022
PR0021717,001,00530,"Solids, total suspended",21,C3,AVG,Concentration3,mg/L,21,mg/L,45,mg/L,,09/30/2022
PR0021717,001,00530,"Solids, total suspended",116,Q2,AVG,Quantity2,kg/d,116,kg/d,255,kg/d,,09/30/2022
PR0021717,001,00530,"Solids, total suspended",12,C2,AVG,Concentration2,mg/L,12,mg/L,30,mg/L,,09/30/2022
PR0021717,001,00530,"Solids, total suspended",55,Q1,AVG,Quantity1,kg/d,55,kg/d,170,kg/d,,09/30/2022
PR0021717,001,00530,"Solids, total suspended",12,Q1,AVG,Quantity1,kg/d,12,kg/d,170,kg/d,,10/31/2022
PR0021717,001,00530,"Solids, total suspended",22,Q2,AVG,Quantity2,kg/d,22,kg/d,255,kg/d,,10/31/2022
PR0021717,001,00530,"Solids, total suspended",3,C2,AVG,Concentration2,mg/L,3,mg/L,30,mg/L,,10/31/2022
PR0021717,001,00530,"Solids, total suspended",4,C3,AVG,Concentration3,mg/L,4,mg/L,45,mg/L,,10/31/2022
PR0021717,001,00530,"Solids, total suspended",70,Q2,AVG,Quantity2,kg/d,70,kg/d,255,kg/d,,11/30/2022
PR0021717,001,00530,"Solids, total suspended",6,C2,AVG,Concentration2,mg/L,6,mg/L,30,mg/L,,11/30/2022
PR0021717,001,00530,"Solids, total suspended",27,Q1,AVG,Quantity1,kg/d,27,kg/d,170,kg/d,,11/30/2022
PR0021717,001,00530,"Solids, total suspended",17,C3,AVG,Concentration3,mg/L,17,mg/L,45,mg/L,,11/30/2022
PR0021717,001,00530,"Solids, total suspended",19,Q1,AVG,Quantity1,kg/d,19,kg/d,170,kg/d,,12/31/2022
PR0021717,001,00530,"Solids, total suspended",7,C2,AVG,Concentration2,mg/L,7,mg/L,30,mg/L,,12/31/2022
PR0021717,001,00530,"Solids, total suspended",34,Q2,AVG,Quantity2,kg/d,34,kg/d,255,kg/d,,12/31/2022
PR0021717,001,00530,"Solids, total suspended",12,C3,AVG,Concentration3,mg/L,12,mg/L,45,mg/L,,12/31/2022
PR0021717,001,00530,"Solids, total suspended",19,Q2,AVG,Quantity2,kg/d,19,kg/d,255,kg/d,,01/31/2023
PR0021717,001,00530,"Solids, total suspended",8,C3,AVG,Concentration3,mg/L,8,mg/L,45,mg/L,,01/31/2023
PR0021717,001,00530,"Solids, total suspended",4,C2,AVG,Concentration2,mg/L,4,mg/L,30,mg/L,,01/31/2023
PR0021717,001,00530,"Solids, total suspended",10,Q1,AVG,Quantity1,kg/d,10,kg/d,170,kg/d,,01/31/2023
PR0021717,001,00530,"Solids, total suspended",18,Q1,AVG,Quantity1,kg/d,18,kg/d,170,kg/d,,02/28/2023
PR0021717,001,00530,"Solids, total suspended",8,C2,AVG,Concentration2,mg/L,8,mg/L,30,mg/L,,02/28/2023
PR0021717,001,00530,"Solids, total suspended",26,Q2,AVG,Quantity2,kg/d,26,kg/d,255,kg/d,,02/28/2023
PR0021717,001,00530,"Solids, total suspended",12,C3,AVG,Concentration3,mg/L,12,mg/L,45,mg/L,,02/28/2023
PR0021717,001,00530,"Solids, total suspended",23,Q1,AVG,Quantity1,kg/d,23,kg/d,170,kg/d,,03/31/2023
PR0021717,001,00530,"Solids, total suspended",31,Q2,AVG,Quantity2,kg/d,31,kg/d,255,kg/d,,03/31/2023
PR0021717,001,00530,"Solids, total suspended",16,C3,AVG,Concentration3,mg/L,16,mg/L,45,mg/L,,03/31/2023
PR0021717,001,00530,"Solids, total suspended",12,C2,AVG,Concentration2,mg/L,12,mg/L,30,mg/L,,03/31/2023
PR0021717,001,00530,"Solids, total suspended",16,Q1,AVG,Quantity1,kg/d,16,kg/d,170,kg/d,,04/30/2023
PR0021717,001,00530,"Solids, total suspended",22,Q2,AVG,Quantity2,kg/d,22,kg/d,255,kg/d,,04/30/2023
PR0021717,001,00530,"Solids, total suspended",8,C2,AVG,Concentration2,mg/L,8,mg/L,30,mg/L,,04/30/2023
PR0021717,001,00530,"Solids, total suspended",12,C3,AVG,Concentration3,mg/L,12,mg/L,45,mg/L,,04/30/2023
PR0021717,001,00530,"Solids, total suspended",13,C3,AVG,Concentration3,mg/L,13,mg/L,45,mg/L,,05/31/2023
PR0021717,001,00530,"Solids, total suspended",5,C2,AVG,Concentration2,mg/L,5,mg/L,30,mg/L,,05/31/2023
PR0021717,001,00530,"Solids, total suspended",74,Q2,AVG,Quantity2,kg/d,74,kg/d,255,kg/d,,05/31/2023
PR0021717,001,00530,"Solids, total suspended",20,Q1,AVG,Quantity1,kg/d,20,kg/d,170,kg/d,,05/31/2023
PR0021717,001,00530,"Solids, total suspended",15,Q1,AVG,Quantity1,kg/d,15,kg/d,170,kg/d,,06/30/2023
PR0021717,001,00530,"Solids, total suspended",32,Q2,AVG,Quantity2,kg/d,32,kg/d,255,kg/d,,06/30/2023
PR0021717,001,00530,"Solids, total suspended",6,C2,AVG,Concentration2,mg/L,6,mg/L,30,mg/L,,06/30/2023
PR0021717,001,00530,"Solids, total suspended",12,C3,AVG,Concentration3,mg/L,12,mg/L,45,mg/L,,06/30/2023
PR0021717,001,00530,"Solids, total suspended",3,C3,AVG,Concentration3,mg/L,3,mg/L,45,mg/L,,07/31/2023
PR0021717,001,00530,"Solids, total suspended",3,C2,AVG,Concentration2,mg/L,3,mg/L,30,mg/L,,07/31/2023
PR0021717,001,00530,"Solids, total suspended",5,Q2,AVG,Quantity2,kg/d,5,kg/d,255,kg/d,,07/31/2023
PR0021717,001,00530,"Solids, total suspended",5,Q1,AVG,Quantity1,kg/d,5,kg/d,170,kg/d,,07/31/2023
PR0021717,001,00530,"Solids, total suspended",4,C3,AVG,Concentration3,mg/L,4,mg/L,45,mg/L,,08/31/2023
PR0021717,001,00530,"Solids, total suspended",9,Q1,AVG,Quantity1,kg/d,9,kg/d,170,kg/d,,08/31/2023
PR0021717,001,00530,"Solids, total suspended",12,Q2,AVG,Quantity2,kg/d,12,kg/d,255,kg/d,,08/31/2023
PR0021717,001,00530,"Solids, total suspended",3,C2,AVG,Concentration2,mg/L,3,mg/L,30,mg/L,,08/31/2023
PR0021717,001,00530,"Solids, total suspended",3,C3,AVG,Concentration3,mg/L,3,mg/L,45,mg/L,,09/30/2023
PR0021717,001,00530,"Solids, total suspended",6,Q2,AVG,Quantity2,kg/d,6,kg/d,255,kg/d,,09/30/2023
PR0021717,001,00530,"Solids, total suspended",3,C2,AVG,Concentration2,mg/L,3,mg/L,30,mg/L,,09/30/2023
PR0021717,001,00530,"Solids, total suspended",6,Q1,AVG,Quantity1,kg/d,6,kg/d,170,kg/d,,09/30/2023
PR0021717,001,00530,"Solids, total suspended",4,C2,AVG,Concentration2,mg/L,4,mg/L,30,mg/L,,10/31/2023
PR0021717,001,00530,"Solids, total suspended",6,C3,AVG,Concentration3,mg/L,6,mg/L,45,mg/L,,10/31/2023
PR0021717,001,00530,"Solids, total suspended",15,Q1,AVG,Quantity1,kg/d,15,kg/d,170,kg/d,,10/31/2023
PR0021717,001,00530,"Solids, total suspended",36,Q2,AVG,Quantity2,kg/d,36,kg/d,255,kg/d,,10/31/2023
PR0021717,001,00530,"Solids, total suspended",25,Q2,AVG,Quantity2,kg/d,25,kg/d,255,kg/d,,11/30/2023
PR0021717,001,00530,"Solids, total suspended",5,C2,AVG,Concentration2,mg/L,5,mg/L,30,mg/L,,11/30/2023
PR0021717,001,00530,"Solids, total suspended",17,Q1,AVG,Quantity1,kg/d,17,kg/d,170,kg/d,,11/30/2023
PR0021717,001,00530,"Solids, total suspended",8,C3,AVG,Concentration3,mg/L,8,mg/L,45,mg/L,,11/30/2023
PR0021717,001,00530,"Solids, total suspended",40,Q1,AVG,Quantity1,kg/d,40,kg/d,170,kg/d,,12/31/2023
PR0021717,001,00530,"Solids, total suspended",92,Q2,AVG,Quantity2,kg/d,92,kg/d,255,kg/d,,12/31/2023
PR0021717,001,00530,"Solids, total suspended",12,C2,AVG,Concentration2,mg/L,12,mg/L,30,mg/L,,12/31/2023
PR0021717,001,00530,"Solids, total suspended",24,C3,AVG,Concentration3,mg/L,24,mg/L,45,mg/L,,12/31/2023
PR0021717,001,00530,"Solids, total suspended",15,C3,AVG,Concentration3,mg/L,15,mg/L,45,mg/L,,01/31/2024
PR0021717,001,00530,"Solids, total suspended",9,C2,AVG,Concentration2,mg/L,9,mg/L,30,mg/L,,01/31/2024
PR0021717,001,00530,"Solids, total suspended",36,Q2,AVG,Quantity2,kg/d,36,kg/d,255,kg/d,,01/31/2024
PR0021717,001,00530,"Solids, total suspended",19,Q1,AVG,Quantity1,kg/d,19,kg/d,170,kg/d,,01/31/2024
PR0021717,001,00530,"Solids, total suspended",161,Q1,AVG,Quantity1,kg/d,161,kg/d,170,kg/d,,02/29/2024
PR0021717,001,00530,"Solids, total suspended",70,C2,AVG,Concentration2,mg/L,70,mg/L,30,mg/L,,02/29/2024
PR0021717,001,00530,"Solids, total suspended",260,C3,AVG,Concentration3,mg/L,260,mg/L,45,mg/L,,02/29/2024
PR0021717,001,00530,"Solids, total suspended",602,Q2,AVG,Quantity2,kg/d,602,kg/d,255,kg/d,,02/29/2024
PR0021717,001,00530,"Solids, total suspended",37,Q2,AVG,Quantity2,kg/d,37,kg/d,255,kg/d,,03/31/2024
PR0021717,001,00530,"Solids, total suspended",18,Q1,AVG,Quantity1,kg/d,18,kg/d,170,kg/d,,03/31/2024
PR0021717,001,00530,"Solids, total suspended",16,C3,AVG,Concentration3,mg/L,16,mg/L,45,mg/L,,03/31/2024
PR0021717,001,00530,"Solids, total suspended",8,C2,AVG,Concentration2,mg/L,8,mg/L,30,mg/L,,03/31/2024
PR0021717,001,00530,"Solids, total suspended",40,Q1,AVG,Quantity1,kg/d,40,kg/d,170,kg/d,,04/30/2024
PR0021717,001,00530,"Solids, total suspended",121,Q2,AVG,Quantity2,kg/d,121,kg/d,255,kg/d,,04/30/2024
PR0021717,001,00530,"Solids, total suspended",10,C2,AVG,Concentration2,mg/L,10,mg/L,30,mg/L,,04/30/2024
PR0021717,001,00530,"Solids, total suspended",23,C3,AVG,Concentration3,mg/L,23,mg/L,45,mg/L,,04/30/2024
PR0021717,001,00530,"Solids, total suspended",27,C2,AVG,Concentration2,mg/L,27,mg/L,30,mg/L,,05/31/2024
PR0021717,001,00530,"Solids, total suspended",112,Q2,AVG,Quantity2,kg/d,112,kg/d,255,kg/d,,05/31/2024
PR0021717,001,00530,"Solids, total suspended",76,Q1,AVG,Quantity1,kg/d,76,kg/d,170,kg/d,,05/31/2024
PR0021717,001,00530,"Solids, total suspended",37,C3,AVG,Concentration3,mg/L,37,mg/L,45,mg/L,,05/31/2024
PR0021717,001,00530,"Solids, total suspended",56,Q1,AVG,Quantity1,kg/d,56,kg/d,170,kg/d,,06/30/2024
PR0021717,001,00530,"Solids, total suspended",163,Q2,AVG,Quantity2,kg/d,163,kg/d,255,kg/d,,06/30/2024
PR0021717,001,00530,"Solids, total suspended",12,C2,AVG,Concentration2,mg/L,12,mg/L,30,mg/L,,06/30/2024
PR0021717,001,00530,"Solids, total suspended",29,C3,AVG,Concentration3,mg/L,29,mg/L,45,mg/L,,06/30/2024
PR0021717,001,00530,"Solids, total suspended",14,C2,AVG,Concentration2,mg/L,14,mg/L,30,mg/L,,07/31/2024
PR0021717,001,00530,"Solids, total suspended",71,Q2,AVG,Quantity2,kg/d,71,kg/d,255,kg/d,,07/31/2024
PR0021717,001,00530,"Solids, total suspended",40,Q1,AVG,Quantity1,kg/d,40,kg/d,170,kg/d,,07/31/2024
PR0021717,001,00530,"Solids, total suspended",25,C3,AVG,Concentration3,mg/L,25,mg/L,45,mg/L,,07/31/2024
PR0021717,001,00530,"Solids, total suspended",19,Q1,AVG,Quantity1,kg/d,19,kg/d,170,kg/d,,08/31/2024
PR0021717,001,00530,"Solids, total suspended",7,C2,AVG,Concentration2,mg/L,7,mg/L,30,mg/L,,08/31/2024
PR0021717,001,00530,"Solids, total suspended",27,Q2,AVG,Quantity2,kg/d,27,kg/d,255,kg/d,,08/31/2024
PR0021717,001,00530,"Solids, total suspended",9,C3,AVG,Concentration3,mg/L,9,mg/L,45,mg/L,,08/31/2024
PR0021717,001,00530,"Solids, total suspended",7,C3,AVG,Concentration3,mg/L,7,mg/L,45,mg/L,,09/30/2024
PR0021717,001,00530,"Solids, total suspended",46,Q2,AVG,Quantity2,kg/d,46,kg/d,255,kg/d,,09/30/2024
PR0021717,001,00530,"Solids, total suspended",5,C2,AVG,Concentration2,mg/L,5,mg/L,30,mg/L,,09/30/2024
PR0021717,001,00530,"Solids, total suspended",20,Q1,AVG,Quantity1,kg/d,20,kg/d,170,kg/d,,09/30/2024
PR0021717,001,00530,"Solids, total suspended",11,Q1,AVG,Quantity1,kg/d,11,kg/d,170,kg/d,,10/31/2024
PR0021717,001,00530,"Solids, total suspended",20,Q2,AVG,Quantity2,kg/d,20,kg/d,255,kg/d,,10/31/2024
PR0021717,001,00530,"Solids, total suspended",5,C2,AVG,Concentration2,mg/L,5,mg/L,30,mg/L,,10/31/2024
PR0021717,001,00530,"Solids, total suspended",8,C3,AVG,Concentration3,mg/L,8,mg/L,45,mg/L,,10/31/2024
PR0021717,001,00530,"Solids, total suspended",31,C3,AVG,Concentration3,mg/L,31,mg/L,45,mg/L,,11/30/2024
PR0021717,001,00530,"Solids, total suspended",144,Q2,AVG,Quantity2,kg/d,144,kg/d,255,kg/d,,11/30/2024
PR0021717,001,00530,"Solids, total suspended",11,C2,AVG,Concentration2,mg/L,11,mg/L,30,mg/L,,11/30/2024
PR0021717,001,00530,"Solids, total suspended",63,Q1,AVG,Quantity1,kg/d,63,kg/d,170,kg/d,,11/30/2024
PR0021717,001,00530,"Solids, total suspended",25,C3,AVG,Concentration3,mg/L,25,mg/L,45,mg/L,,12/31/2024
PR0021717,001,00530,"Solids, total suspended",55,Q1,AVG,Quantity1,kg/d,55,kg/d,170,kg/d,,12/31/2024
PR0021717,001,00530,"Solids, total suspended",119,Q2,AVG,Quantity2,kg/d,119,kg/d,255,kg/d,,12/31/2024
PR0021717,001,00530,"Solids, total suspended",14,C2,AVG,Concentration2,mg/L,14,mg/L,30,mg/L,,12/31/2024
PR0021717,001,00530,"Solids, total suspended",9,C3,AVG,Concentration3,mg/L,9,mg/L,45,mg/L,,01/31/2025
PR0021717,001,00530,"Solids, total suspended",17,Q2,AVG,Quantity2,kg/d,17,kg/d,255,kg/d,,01/31/2025
PR0021717,001,00530,"Solids, total suspended",4,C2,AVG,Concentration2,mg/L,4,mg/L,30,mg/L,,01/31/2025
PR0021717,001,00530,"Solids, total suspended",10,Q1,AVG,Quantity1,kg/d,10,kg/d,170,kg/d,,01/31/2025
PR0021717,001,00530,"Solids, total suspended",11,Q1,AVG,Quantity1,kg/d,11,kg/d,170,kg/d,,02/28/2025
PR0021717,001,00530,"Solids, total suspended",16,Q2,AVG,Quantity2,kg/d,16,kg/d,255,kg/d,,02/28/2025
PR0021717,001,00530,"Solids, total suspended",4,C2,AVG,Concentration2,mg/L,4,mg/L,30,mg/L,,02/28/2025
PR0021717,001,00530,"Solids, total suspended",5,C3,AVG,Concentration3,mg/L,5,mg/L,45,mg/L,,02/28/2025
PR0021717,001,00530,"Solids, total suspended",14,C3,AVG,Concentration3,mg/L,14,mg/L,45,mg/L,,03/31/2025
PR0021717,001,00530,"Solids, total suspended",8,C2,AVG,Concentration2,mg/L,8,mg/L,30,mg/L,,03/31/2025
PR0021717,001,00530,"Solids, total suspended",42,Q2,AVG,Quantity2,kg/d,42,kg/d,255,kg/d,,03/31/2025
PR0021717,001,00530,"Solids, total suspended",23,Q1,AVG,Quantity1,kg/d,23,kg/d,170,kg/d,,03/31/2025
PR0021717,001,00530,"Solids, total suspended",27,Q1,AVG,Quantity1,kg/d,27,kg/d,170,kg/d,,04/30/2025
PR0021717,001,00530,"Solids, total suspended",58,Q2,AVG,Quantity2,kg/d,58,kg/d,255,kg/d,,04/30/2025
PR0021717,001,00530,"Solids, total suspended",6,C2,AVG,Concentration2,mg/L,6,mg/L,30,mg/L,,04/30/2025
PR0021717,001,00530,"Solids, total suspended",11,C3,AVG,Concentration3,mg/L,11,mg/L,45,mg/L,,04/30/2025
PR0021717,001,00530,"Solids, total suspended",2,C3,AVG,Concentration3,mg/L,2,mg/L,45,mg/L,,05/31/2025
PR0021717,001,00530,"Solids, total suspended",2,C2,AVG,Concentration2,mg/L,2,mg/L,30,mg/L,,05/31/2025
PR0021717,001,00530,"Solids, total suspended",15,Q2,AVG,Quantity2,kg/d,15,kg/d,255,kg/d,,05/31/2025
PR0021717,001,00530,"Solids, total suspended",11,Q1,AVG,Quantity1,kg/d,11,kg/d,170,kg/d,,05/31/2025
PR0021717,001,00530,"Solids, total suspended",156,Q1,AVG,Quantity1,kg/d,156,kg/d,170,kg/d,,06/30/2025
PR0021717,001,00530,"Solids, total suspended",452,Q2,AVG,Quantity2,kg/d,452,kg/d,255,kg/d,,06/30/2025
PR0021717,001,00530,"Solids, total suspended",32,C2,AVG,Concentration2,mg/L,32,mg/L,30,mg/L,,06/30/2025
PR0021717,001,00530,"Solids, total suspended",91,C3,AVG,Concentration3,mg/L,91,mg/L,45,mg/L,,06/30/2025
PR0021717,001,00530,"Solids, total suspended",10,C3,AVG,Concentration3,mg/L,10,mg/L,45,mg/L,,07/31/2025
PR0021717,001,00530,"Solids, total suspended",5,C2,AVG,Concentration2,mg/L,5,mg/L,30,mg/L,,07/31/2025
PR0021717,001,00530,"Solids, total suspended",23,Q2,AVG,Quantity2,kg/d,23,kg/d,255,kg/d,,07/31/2025
PR0021717,001,00530,"Solids, total suspended",12,Q1,AVG,Quantity1,kg/d,12,kg/d,170,kg/d,,07/31/2025
PR0021717,001,00530,"Solids, total suspended",66,Q1,AVG,Quantity1,kg/d,66,kg/d,170,kg/d,,08/31/2025
PR0021717,001,00530,"Solids, total suspended",14,C2,AVG,Concentration2,mg/L,14,mg/L,30,mg/L,,08/31/2025
PR0021717,001,00530,"Solids, total suspended",44,C3,AVG,Concentration3,mg/L,44,mg/L,45,mg/L,,08/31/2025
PR0021717,001,00530,"Solids, total suspended",227,Q2,AVG,Quantity2,kg/d,227,kg/d,255,kg/d,,08/31/2025
PR0021717,001,00530,"Solids, total suspended",18,Q2,AVG,Quantity2,kg/d,18,kg/d,255,kg/d,,09/30/2025
PR0021717,001,00530,"Solids, total suspended",14,Q1,AVG,Quantity1,kg/d,14,kg/d,170,kg/d,,09/30/2025
PR0021717,001,00530,"Solids, total suspended",6,C3,AVG,Concentration3,mg/L,6,mg/L,45,mg/L,,09/30/2025
PR0021717,001,00530,"Solids, total suspended",4,C2,AVG,Concentration2,mg/L,4,mg/L,30,mg/L,,09/30/2025
PR0021717,001,00530,"Solids, total suspended",9,Q1,AVG,Quantity1,kg/d,9,kg/d,170,kg/d,,10/31/2025
PR0021717,001,00530,"Solids, total suspended",10,Q2,AVG,Quantity2,kg/d,10,kg/d,255,kg/d,,10/31/2025
PR0021717,001,00530,"Solids, total suspended",3,C2,AVG,Concentration2,mg/L,3,mg/L,30,mg/L,,10/31/2025
PR0021717,001,00530,"Solids, total suspended",4,C3,AVG,Concentration3,mg/L,4,mg/L,45,mg/L,,10/31/2025
PR0021717,001,00530,"Solids, total suspended",29,Q2,AVG,Quantity2,kg/d,29,kg/d,255,kg/d,,11/30/2025
PR0021717,001,00530,"Solids, total suspended",6,C3,AVG,Concentration3,mg/L,6,mg/L,45,mg/L,,11/30/2025
PR0021717,001,00530,"Solids, total suspended",3,C2,AVG,Concentration2,mg/L,3,mg/L,30,mg/L,,11/30/2025
PR0021717,001,00530,"Solids, total suspended",15,Q1,AVG,Quantity1,kg/d,15,kg/d,170,kg/d,,11/30/2025
PR0021717,001,00530,"Solids, total suspended",14,C3,AVG,Concentration3,mg/L,14,mg/L,45,mg/L,,12/31/2025
PR0021717,001,00530,"Solids, total suspended",19,Q1,AVG,Quantity1,kg/d,19,kg/d,170,kg/d,,12/31/2025
PR0021717,001,00530,"Solids, total suspended",5,C2,AVG,Concentration2,mg/L,5,mg/L,30,mg/L,,12/31/2025
PR0021717,001,00530,"Solids, total suspended",53,Q2,AVG,Quantity2,kg/d,53,kg/d,255,kg/d,,12/31/2025
PR0021717,001,00530,"Solids, total suspended",12,C3,AVG,Concentration3,mg/L,12,mg/L,45,mg/L,,01/31/2026
PR0021717,001,00530,"Solids, total suspended",6,C2,AVG,Concentration2,mg/L,6,mg/L,30,mg/L,,01/31/2026
PR0021717,001,00530,"Solids, total suspended",37,Q2,AVG,Quantity2,kg/d,37,kg/d,255,kg/d,,01/31/2026
PR0021717,001,00530,"Solids, total suspended",17,Q1,AVG,Quantity1,kg/d,17,kg/d,170,kg/d,,01/31/2026
PR0021717,001,00545,"Solids, settleable",0,C3,MAX,Concentration3,mL/L,0,mg/L,,mL/L,,01/31/2020
PR0021717,001,00545,"Solids, settleable",0,C3,MAX,Concentration3,mL/L,0,mg/L,,mL/L,,02/29/2020
PR0021717,001,00545,"Solids, settleable",0,C3,MAX,Concentration3,mL/L,0,mg/L,,mL/L,,03/31/2020
PR0021717,001,00545,"Solids, settleable",0,C3,MAX,Concentration3,mL/L,0,mg/L,,mL/L,,04/30/2020
PR0021717,001,00545,"Solids, settleable",0,C3,MAX,Concentration3,mL/L,0,mg/L,,mL/L,,05/31/2020
PR0021717,001,00545,"Solids, settleable",0,C3,MAX,Concentration3,mL/L,0,mg/L,,mL/L,,06/30/2020
PR0021717,001,00545,"Solids, settleable",0.2,C3,MAX,Concentration3,mL/L,.0002,mg/L,,mL/L,,07/31/2020
PR0021717,001,00545,"Solids, settleable",0.5,C3,MAX,Concentration3,mL/L,.0005,mg/L,,mL/L,,08/31/2020
PR0021717,001,00545,"Solids, settleable",0,C3,MAX,Concentration3,mL/L,0,mg/L,,mL/L,,09/30/2020
PR0021717,001,00545,"Solids, settleable",0,C3,MAX,Concentration3,mL/L,0,mg/L,,mL/L,,10/31/2020
PR0021717,001,00545,"Solids, settleable",1.2,C3,MAX,Concentration3,mL/L,.0012,mg/L,,mL/L,,11/30/2020
PR0021717,001,00545,"Solids, settleable",0,C3,MAX,Concentration3,mL/L,0,mg/L,,mL/L,,12/31/2020
PR0021717,001,00545,"Solids, settleable",0,C3,MAX,Concentration3,mL/L,0,mg/L,,mL/L,,01/31/2021
PR0021717,001,00545,"Solids, settleable",0,C3,MAX,Concentration3,mL/L,0,mg/L,,mL/L,,02/28/2021
PR0021717,001,00545,"Solids, settleable",0,C3,MAX,Concentration3,mL/L,0,mg/L,,mL/L,,03/31/2021
PR0021717,001,00545,"Solids, settleable",0,C3,MAX,Concentration3,mL/L,0,mg/L,,mL/L,,04/30/2021
PR0021717,001,00545,"Solids, settleable",0,C3,MAX,Concentration3,mL/L,0,mg/L,,mL/L,,05/31/2021
PR0021717,001,00545,"Solids, settleable",0,C3,MAX,Concentration3,mL/L,0,mg/L,,mL/L,,06/30/2021
PR0021717,001,00545,"Solids, settleable",0,C3,MAX,Concentration3,mL/L,0,mg/L,,mL/L,,07/31/2021
PR0021717,001,00545,"Solids, settleable",0,C3,MAX,Concentration3,mL/L,0,mg/L,,mL/L,,08/31/2021
PR0021717,001,00545,"Solids, settleable",0,C3,MAX,Concentration3,mL/L,0,mg/L,,mL/L,,09/30/2021
PR0021717,001,00545,"Solids, settleable",0,C3,MAX,Concentration3,mL/L,0,mg/L,,mL/L,,10/31/2021
PR0021717,001,00545,"Solids, settleable",0,C3,MAX,Concentration3,mL/L,0,mg/L,,mL/L,,11/30/2021
PR0021717,001,00545,"Solids, settleable",0,C3,MAX,Concentration3,mL/L,0,mg/L,,mL/L,,12/31/2021
PR0021717,001,00545,"Solids, settleable",0,C3,MAX,Concentration3,mL/L,0,mg/L,,mL/L,,01/31/2022
PR0021717,001,00545,"Solids, settleable",0,C3,MAX,Concentration3,mL/L,0,mg/L,,mL/L,,02/28/2022
PR0021717,001,00545,"Solids, settleable",0,C3,MAX,Concentration3,mL/L,0,mg/L,,mL/L,,03/31/2022
PR0021717,001,00545,"Solids, settleable",0,C3,MAX,Concentration3,mL/L,0,mg/L,,mL/L,,04/30/2022
PR0021717,001,00545,"Solids, settleable",0,C3,MAX,Concentration3,mL/L,0,mg/L,,mL/L,,05/31/2022
PR0021717,001,00545,"Solids, settleable",0,C3,MAX,Concentration3,mL/L,0,mg/L,,mL/L,,06/30/2022
PR0021717,001,00545,"Solids, settleable",0,C3,MAX,Concentration3,mL/L,0,mg/L,,mL/L,,07/31/2022
PR0021717,001,00545,"Solids, settleable",0,C3,MAX,Concentration3,mL/L,0,mg/L,,mL/L,,08/31/2022
PR0021717,001,00545,"Solids, settleable",0.2,C3,MAX,Concentration3,mL/L,.0002,mg/L,,mL/L,,09/30/2022
PR0021717,001,00545,"Solids, settleable",0,C3,MAX,Concentration3,mL/L,0,mg/L,,mL/L,,10/31/2022
PR0021717,001,00545,"Solids, settleable",1.1,C3,MAX,Concentration3,mL/L,.0011,mg/L,,mL/L,,11/30/2022
PR0021717,001,00545,"Solids, settleable",1.1,C3,MAX,Concentration3,mL/L,.0011,mg/L,,mL/L,,12/31/2022
PR0021717,001,00545,"Solids, settleable",1.1,C3,MAX,Concentration3,mL/L,.0011,mg/L,,mL/L,,01/31/2023
PR0021717,001,00545,"Solids, settleable",0,C3,MAX,Concentration3,mL/L,0,mg/L,,mL/L,,02/28/2023
PR0021717,001,00545,"Solids, settleable",0,C3,MAX,Concentration3,mL/L,0,mg/L,,mL/L,,03/31/2023
PR0021717,001,00545,"Solids, settleable",0,C3,MAX,Concentration3,mL/L,0,mg/L,,mL/L,,04/30/2023
PR0021717,001,00545,"Solids, settleable",0.1,C3,MAX,Concentration3,mL/L,.0001,mg/L,,mL/L,,05/31/2023
PR0021717,001,00545,"Solids, settleable",0.1,C3,MAX,Concentration3,mL/L,.0001,mg/L,,mL/L,,06/30/2023
PR0021717,001,00545,"Solids, settleable",0,C3,MAX,Concentration3,mL/L,0,mg/L,,mL/L,,07/31/2023
PR0021717,001,00545,"Solids, settleable",0.1,C3,MAX,Concentration3,mL/L,.0001,mg/L,,mL/L,,08/31/2023
PR0021717,001,00545,"Solids, settleable",0,C3,MAX,Concentration3,mL/L,0,mg/L,,mL/L,,09/30/2023
PR0021717,001,00545,"Solids, settleable",0,C3,MAX,Concentration3,mL/L,0,mg/L,,mL/L,,10/31/2023
PR0021717,001,00545,"Solids, settleable",0,C3,MAX,Concentration3,mL/L,0,mg/L,,mL/L,,11/30/2023
PR0021717,001,00545,"Solids, settleable",0,C3,MAX,Concentration3,mL/L,0,mg/L,,mL/L,,12/31/2023
PR0021717,001,00545,"Solids, settleable",0,C3,MAX,Concentration3,mL/L,0,mg/L,,mL/L,,01/31/2024
PR0021717,001,00545,"Solids, settleable",0.1,C3,MAX,Concentration3,mL/L,.0001,mg/L,,mL/L,,02/29/2024
PR0021717,001,00545,"Solids, settleable",0,C3,MAX,Concentration3,mL/L,0,mg/L,,mL/L,,03/31/2024
PR0021717,001,00545,"Solids, settleable",0.2,C3,MAX,Concentration3,mL/L,.0002,mg/L,,mL/L,,04/30/2024
PR0021717,001,00545,"Solids, settleable",0.1,C3,MAX,Concentration3,mL/L,.0001,mg/L,,mL/L,,05/31/2024
PR0021717,001,00545,"Solids, settleable",0.3,C3,MAX,Concentration3,mL/L,.0003,mg/L,,mL/L,,06/30/2024
PR0021717,001,00545,"Solids, settleable",0.3,C3,MAX,Concentration3,mL/L,.0003,mg/L,,mL/L,,07/31/2024
PR0021717,001,00545,"Solids, settleable",2.5,C3,MAX,Concentration3,mL/L,.0025,mg/L,,mL/L,,08/31/2024
PR0021717,001,00545,"Solids, settleable",2.5,C3,MAX,Concentration3,mL/L,.0025,mg/L,,mL/L,,09/30/2024
PR0021717,001,00545,"Solids, settleable",2.5,C3,MAX,Concentration3,mL/L,.0025,mg/L,,mL/L,,10/31/2024
PR0021717,001,00545,"Solids, settleable",2.5,C3,MAX,Concentration3,mL/L,.0025,mg/L,,mL/L,,11/30/2024
PR0021717,001,00545,"Solids, settleable",0,C3,MAX,Concentration3,mL/L,0,mg/L,,mL/L,,12/31/2024
PR0021717,001,00545,"Solids, settleable",0,C3,MAX,Concentration3,mL/L,0,mg/L,,mL/L,,01/31/2025
PR0021717,001,00545,"Solids, settleable",0,C3,MAX,Concentration3,mL/L,0,mg/L,,mL/L,,02/28/2025
PR0021717,001,00545,"Solids, settleable",0,C3,MAX,Concentration3,mL/L,0,mg/L,,mL/L,,03/31/2025
PR0021717,001,00545,"Solids, settleable",0,C3,MAX,Concentration3,mL/L,0,mg/L,,mL/L,,04/30/2025
PR0021717,001,00545,"Solids, settleable",0,C3,MAX,Concentration3,mL/L,0,mg/L,,mL/L,,05/31/2025
PR0021717,001,00545,"Solids, settleable",16,C3,MAX,Concentration3,mL/L,.016,mg/L,,mL/L,,06/30/2025
PR0021717,001,00545,"Solids, settleable",0.1,C3,MAX,Concentration3,mL/L,.0001,mg/L,,mL/L,,07/31/2025
PR0021717,001,00545,"Solids, settleable",0.1,C3,MAX,Concentration3,mL/L,.0001,mg/L,,mL/L,,08/31/2025
PR0021717,001,00545,"Solids, settleable",0.1,C3,MAX,Concentration3,mL/L,.0001,mg/L,,mL/L,,09/30/2025
PR0021717,001,00545,"Solids, settleable",0.1,C3,MAX,Concentration3,mL/L,.0001,mg/L,,mL/L,,10/31/2025
PR0021717,001,00545,"Solids, settleable",0,C3,MAX,Concentration3,mL/L,0,mg/L,,mL/L,,11/30/2025
PR0021717,001,00545,"Solids, settleable",0,C3,MAX,Concentration3,mL/L,0,mg/L,,mL/L,,12/31/2025
PR0021717,001,00545,"Solids, settleable",0,C3,MAX,Concentration3,mL/L,0,mg/L,,mL/L,,01/31/2026
PR0021717,001,00556,Oil & Grease,1.6,C3,MAX,Concentration3,mg/L,1.6,mg/L,,mg/L,,01/31/2020
PR0021717,001,00556,Oil & Grease,1.7,C3,MAX,Concentration3,mg/L,1.7,mg/L,,mg/L,,02/29/2020
PR0021717,001,00556,Oil & Grease,1.5,C3,MAX,Concentration3,mg/L,1.5,mg/L,,mg/L,,03/31/2020
PR0021717,001,00556,Oil & Grease,2.9,C3,MAX,Concentration3,mg/L,2.9,mg/L,,mg/L,,04/30/2020
PR0021717,001,00556,Oil & Grease,2.1,C3,MAX,Concentration3,mg/L,2.1,mg/L,,mg/L,,05/31/2020
PR0021717,001,00556,Oil & Grease,1.6,C3,MAX,Concentration3,mg/L,1.6,mg/L,,mg/L,,06/30/2020
PR0021717,001,00556,Oil & Grease,1.5,C3,MAX,Concentration3,mg/L,1.5,mg/L,,mg/L,,07/31/2020
PR0021717,001,00556,Oil & Grease,2,C3,MAX,Concentration3,mg/L,2,mg/L,,mg/L,,08/31/2020
PR0021717,001,00556,Oil & Grease,2.4,C3,MAX,Concentration3,mg/L,2.4,mg/L,,mg/L,,09/30/2020
PR0021717,001,00556,Oil & Grease,1.9,C3,MAX,Concentration3,mg/L,1.9,mg/L,,mg/L,,10/31/2020
PR0021717,001,00556,Oil & Grease,2.3,C3,MAX,Concentration3,mg/L,2.3,mg/L,,mg/L,,11/30/2020
PR0021717,001,00556,Oil & Grease,2.6,C3,MAX,Concentration3,mg/L,2.6,mg/L,,mg/L,,12/31/2020
PR0021717,001,00556,Oil & Grease,3.1,C3,MAX,Concentration3,mg/L,3.1,mg/L,,mg/L,,01/31/2021
PR0021717,001,00556,Oil & Grease,2.9,C3,MAX,Concentration3,mg/L,2.9,mg/L,,mg/L,,02/28/2021
PR0021717,001,00556,Oil & Grease,1.7,C3,MAX,Concentration3,mg/L,1.7,mg/L,,mg/L,,03/31/2021
PR0021717,001,00556,Oil & Grease,1.8,C3,MAX,Concentration3,mg/L,1.8,mg/L,,mg/L,,04/30/2021
PR0021717,001,00556,Oil & Grease,1.9,C3,MAX,Concentration3,mg/L,1.9,mg/L,,mg/L,,05/31/2021
PR0021717,001,00556,Oil & Grease,1.7,C3,MAX,Concentration3,mg/L,1.7,mg/L,,mg/L,,06/30/2021
PR0021717,001,00556,Oil & Grease,1.6,C3,MAX,Concentration3,mg/L,1.6,mg/L,,mg/L,,07/31/2021
PR0021717,001,00556,Oil & Grease,2.3,C3,MAX,Concentration3,mg/L,2.3,mg/L,,mg/L,,08/31/2021
PR0021717,001,00556,Oil & Grease,1.5,C3,MAX,Concentration3,mg/L,1.5,mg/L,,mg/L,,09/30/2021
PR0021717,001,00556,Oil & Grease,1.8,C3,MAX,Concentration3,mg/L,1.8,mg/L,,mg/L,,10/31/2021
PR0021717,001,00556,Oil & Grease,1.4,C3,MAX,Concentration3,mg/L,1.4,mg/L,,mg/L,,11/30/2021
PR0021717,001,00556,Oil & Grease,2.2,C3,MAX,Concentration3,mg/L,2.2,mg/L,,mg/L,,12/31/2021
PR0021717,001,00556,Oil & Grease,3.3,C3,MAX,Concentration3,mg/L,3.3,mg/L,,mg/L,,01/31/2022
PR0021717,001,00556,Oil & Grease,1.4,C3,MAX,Concentration3,mg/L,1.4,mg/L,,mg/L,,02/28/2022
PR0021717,001,00556,Oil & Grease,2,C3,MAX,Concentration3,mg/L,2,mg/L,,mg/L,,03/31/2022
PR0021717,001,00556,Oil & Grease,1.5,C3,MAX,Concentration3,mg/L,1.5,mg/L,,mg/L,,04/30/2022
PR0021717,001,00556,Oil & Grease,2,C3,MAX,Concentration3,mg/L,2,mg/L,,mg/L,,05/31/2022
PR0021717,001,00556,Oil & Grease,2,C3,MAX,Concentration3,mg/L,2,mg/L,,mg/L,,06/30/2022
PR0021717,001,00556,Oil & Grease,5.2,C3,MAX,Concentration3,mg/L,5.2,mg/L,,mg/L,,07/31/2022
PR0021717,001,00556,Oil & Grease,1.9,C3,MAX,Concentration3,mg/L,1.9,mg/L,,mg/L,,08/31/2022
PR0021717,001,00556,Oil & Grease,1.4,C3,MAX,Concentration3,mg/L,1.4,mg/L,,mg/L,,09/30/2022
PR0021717,001,00556,Oil & Grease,2.2,C3,MAX,Concentration3,mg/L,2.2,mg/L,,mg/L,,10/31/2022
PR0021717,001,00556,Oil & Grease,1.6,C3,MAX,Concentration3,mg/L,1.6,mg/L,,mg/L,,11/30/2022
PR0021717,001,00556,Oil & Grease,2.2,C3,MAX,Concentration3,mg/L,2.2,mg/L,,mg/L,,12/31/2022
PR0021717,001,00556,Oil & Grease,1.8,C3,MAX,Concentration3,mg/L,1.8,mg/L,,mg/L,,01/31/2023
PR0021717,001,00556,Oil & Grease,1.9,C3,MAX,Concentration3,mg/L,1.9,mg/L,,mg/L,,02/28/2023
PR0021717,001,00556,Oil & Grease,1.4,C3,MAX,Concentration3,mg/L,1.4,mg/L,,mg/L,,03/31/2023
PR0021717,001,00556,Oil & Grease,1.6,C3,MAX,Concentration3,mg/L,1.6,mg/L,,mg/L,,04/30/2023
PR0021717,001,00556,Oil & Grease,3.6,C3,MAX,Concentration3,mg/L,3.6,mg/L,,mg/L,,05/31/2023
PR0021717,001,00556,Oil & Grease,1.9,C3,MAX,Concentration3,mg/L,1.9,mg/L,,mg/L,,06/30/2023
PR0021717,001,00556,Oil & Grease,2.5,C3,MAX,Concentration3,mg/L,2.5,mg/L,,mg/L,,07/31/2023
PR0021717,001,00556,Oil & Grease,1.7,C3,MAX,Concentration3,mg/L,1.7,mg/L,,mg/L,,08/31/2023
PR0021717,001,00556,Oil & Grease,1.8,C3,MAX,Concentration3,mg/L,1.8,mg/L,,mg/L,,09/30/2023
PR0021717,001,00556,Oil & Grease,4.5,C3,MAX,Concentration3,mg/L,4.5,mg/L,,mg/L,,10/31/2023
PR0021717,001,00556,Oil & Grease,1.6,C3,MAX,Concentration3,mg/L,1.6,mg/L,,mg/L,,11/30/2023
PR0021717,001,00556,Oil & Grease,1.8,C3,MAX,Concentration3,mg/L,1.8,mg/L,,mg/L,,12/31/2023
PR0021717,001,00556,Oil & Grease,1.4,C3,MAX,Concentration3,mg/L,1.4,mg/L,,mg/L,,01/31/2024
PR0021717,001,00556,Oil & Grease,1.4,C3,MAX,Concentration3,mg/L,1.4,mg/L,,mg/L,,02/29/2024
PR0021717,001,00556,Oil & Grease,2.9,C3,MAX,Concentration3,mg/L,2.9,mg/L,,mg/L,,03/31/2024
PR0021717,001,00556,Oil & Grease,1.4,C3,MAX,Concentration3,mg/L,1.4,mg/L,,mg/L,,04/30/2024
PR0021717,001,00556,Oil & Grease,2.6,C3,MAX,Concentration3,mg/L,2.6,mg/L,,mg/L,,05/31/2024
PR0021717,001,00556,Oil & Grease,1.7,C3,MAX,Concentration3,mg/L,1.7,mg/L,,mg/L,,06/30/2024
PR0021717,001,00556,Oil & Grease,3.1,C3,MAX,Concentration3,mg/L,3.1,mg/L,,mg/L,,07/31/2024
PR0021717,001,00556,Oil & Grease,2.1,C3,MAX,Concentration3,mg/L,2.1,mg/L,,mg/L,,08/31/2024
PR0021717,001,00556,Oil & Grease,1.5,C3,MAX,Concentration3,mg/L,1.5,mg/L,,mg/L,,09/30/2024
PR0021717,001,00556,Oil & Grease,3.4,C3,MAX,Concentration3,mg/L,3.4,mg/L,,mg/L,,10/31/2024
PR0021717,001,00556,Oil & Grease,4.6,C3,MAX,Concentration3,mg/L,4.6,mg/L,,mg/L,,11/30/2024
PR0021717,001,00556,Oil & Grease,3.6,C3,MAX,Concentration3,mg/L,3.6,mg/L,,mg/L,,12/31/2024
PR0021717,001,00556,Oil & Grease,2.4,C3,MAX,Concentration3,mg/L,2.4,mg/L,,mg/L,,01/31/2025
PR0021717,001,00556,Oil & Grease,3.4,C3,MAX,Concentration3,mg/L,3.4,mg/L,,mg/L,,02/28/2025
PR0021717,001,00556,Oil & Grease,3.1,C3,MAX,Concentration3,mg/L,3.1,mg/L,,mg/L,,03/31/2025
PR0021717,001,00556,Oil & Grease,2.3,C3,MAX,Concentration3,mg/L,2.3,mg/L,,mg/L,,04/30/2025
PR0021717,001,00556,Oil & Grease,2.3,C3,MAX,Concentration3,mg/L,2.3,mg/L,,mg/L,,05/31/2025
PR0021717,001,00556,Oil & Grease,4.2,C3,MAX,Concentration3,mg/L,4.2,mg/L,,mg/L,,06/30/2025
PR0021717,001,00556,Oil & Grease,1.4,C3,MAX,Concentration3,mg/L,1.4,mg/L,,mg/L,,07/31/2025
PR0021717,001,00556,Oil & Grease,2.1,C3,MAX,Concentration3,mg/L,2.1,mg/L,,mg/L,,08/31/2025
PR0021717,001,00556,Oil & Grease,2,C3,MAX,Concentration3,mg/L,2,mg/L,,mg/L,,09/30/2025
PR0021717,001,00556,Oil & Grease,12.6,C3,MAX,Concentration3,mg/L,12.6,mg/L,,mg/L,,10/31/2025
PR0021717,001,00556,Oil & Grease,3.2,C3,MAX,Concentration3,mg/L,3.2,mg/L,,mg/L,,11/30/2025
PR0021717,001,00556,Oil & Grease,1.5,C3,MAX,Concentration3,mg/L,1.5,mg/L,,mg/L,,12/31/2025
PR0021717,001,00556,Oil & Grease,1.8,C3,MAX,Concentration3,mg/L,1.8,mg/L,,mg/L,,01/31/2026
PR0021717,001,00600,"Nitrogen, total [as N]",13440,C3,MAX,Concentration3,ug/L,13.44000064,mg/L,,ug/L,,01/31/2020
PR0021717,001,00600,"Nitrogen, total [as N]",5530,C3,MAX,Concentration3,ug/L,5.53000026,mg/L,,ug/L,,02/29/2020
PR0021717,001,00600,"Nitrogen, total [as N]",7380,C3,MAX,Concentration3,ug/L,7.38000035,mg/L,,ug/L,,03/31/2020
PR0021717,001,00600,"Nitrogen, total [as N]",0,C3,MAX,Concentration3,ug/L,0,mg/L,,ug/L,,04/30/2020
PR0021717,001,00600,"Nitrogen, total [as N]",12500,C3,MAX,Concentration3,ug/L,12.50000059,mg/L,,ug/L,,05/31/2020
PR0021717,001,00600,"Nitrogen, total [as N]",4470,C3,MAX,Concentration3,ug/L,4.47000021,mg/L,,ug/L,,06/30/2020
PR0021717,001,00600,"Nitrogen, total [as N]",4620,C3,MAX,Concentration3,ug/L,4.62000022,mg/L,,ug/L,,07/31/2020
PR0021717,001,00600,"Nitrogen, total [as N]",10360,C3,MAX,Concentration3,ug/L,10.36000049,mg/L,,ug/L,,08/31/2020
PR0021717,001,00600,"Nitrogen, total [as N]",940,C3,MAX,Concentration3,ug/L,.94000004,mg/L,,ug/L,,09/30/2020
PR0021717,001,00600,"Nitrogen, total [as N]",650,C3,MAX,Concentration3,ug/L,.65000003,mg/L,,ug/L,,10/31/2020
PR0021717,001,00600,"Nitrogen, total [as N]",4950,C3,MAX,Concentration3,ug/L,4.95000024,mg/L,,ug/L,,11/30/2020
PR0021717,001,00600,"Nitrogen, total [as N]",1880,C3,MAX,Concentration3,ug/L,1.88000009,mg/L,,ug/L,,12/31/2020
PR0021717,001,00600,"Nitrogen, total [as N]",13990,C3,MAX,Concentration3,ug/L,13.99000066,mg/L,,ug/L,,01/31/2021
PR0021717,001,00600,"Nitrogen, total [as N]",1140,C3,MAX,Concentration3,ug/L,1.14000005,mg/L,,ug/L,,02/28/2021
PR0021717,001,00600,"Nitrogen, total [as N]",17020,C3,MAX,Concentration3,ug/L,17.02000081,mg/L,,ug/L,,03/31/2021
PR0021717,001,00600,"Nitrogen, total [as N]",3270,C3,MAX,Concentration3,ug/L,3.27000016,mg/L,,ug/L,,04/30/2021
PR0021717,001,00600,"Nitrogen, total [as N]",1470,C3,MAX,Concentration3,ug/L,1.47000007,mg/L,,ug/L,,05/31/2021
PR0021717,001,00600,"Nitrogen, total [as N]",7140,C3,MAX,Concentration3,ug/L,7.14000034,mg/L,,ug/L,,06/30/2021
PR0021717,001,00600,"Nitrogen, total [as N]",15130,C3,MAX,Concentration3,ug/L,15.13000072,mg/L,,ug/L,,07/31/2021
PR0021717,001,00600,"Nitrogen, total [as N]",5830,C3,MAX,Concentration3,ug/L,5.83000028,mg/L,,ug/L,,08/31/2021
PR0021717,001,00600,"Nitrogen, total [as N]",11390,C3,MAX,Concentration3,ug/L,11.39000054,mg/L,,ug/L,,09/30/2021
PR0021717,001,00600,"Nitrogen, total [as N]",12660,C3,MAX,Concentration3,ug/L,12.6600006,mg/L,,ug/L,,10/31/2021
PR0021717,001,00600,"Nitrogen, total [as N]",7360,C3,MAX,Concentration3,ug/L,7.36000035,mg/L,,ug/L,,11/30/2021
PR0021717,001,00600,"Nitrogen, total [as N]",0,C3,MAX,Concentration3,ug/L,0,mg/L,,ug/L,,12/31/2021
PR0021717,001,00600,"Nitrogen, total [as N]",3720,C3,MAX,Concentration3,ug/L,3.72000018,mg/L,,ug/L,,01/31/2022
PR0021717,001,00600,"Nitrogen, total [as N]",14480,C3,MAX,Concentration3,ug/L,14.48000069,mg/L,,ug/L,,02/28/2022
PR0021717,001,00600,"Nitrogen, total [as N]",11070,C3,MAX,Concentration3,ug/L,11.07000053,mg/L,,ug/L,,03/31/2022
PR0021717,001,00600,"Nitrogen, total [as N]",7530,C3,MAX,Concentration3,ug/L,7.53000036,mg/L,,ug/L,,04/30/2022
PR0021717,001,00600,"Nitrogen, total [as N]",14590,C3,MAX,Concentration3,ug/L,14.59000069,mg/L,,ug/L,,05/31/2022
PR0021717,001,00600,"Nitrogen, total [as N]",1160,C3,MAX,Concentration3,ug/L,1.16000006,mg/L,,ug/L,,06/30/2022
PR0021717,001,00600,"Nitrogen, total [as N]",9390,C3,MAX,Concentration3,ug/L,9.39000045,mg/L,,ug/L,,07/31/2022
PR0021717,001,00600,"Nitrogen, total [as N]",1060,C3,MAX,Concentration3,ug/L,1.06000005,mg/L,,ug/L,,08/31/2022
PR0021717,001,00600,"Nitrogen, total [as N]",2060,C3,MAX,Concentration3,ug/L,2.0600001,mg/L,,ug/L,,09/30/2022
PR0021717,001,00600,"Nitrogen, total [as N]",4570,C3,MAX,Concentration3,ug/L,4.57000022,mg/L,,ug/L,,10/31/2022
PR0021717,001,00600,"Nitrogen, total [as N]",2710,C3,MAX,Concentration3,ug/L,2.71000013,mg/L,,ug/L,,11/30/2022
PR0021717,001,00600,"Nitrogen, total [as N]",4450,C3,MAX,Concentration3,ug/L,4.45000021,mg/L,,ug/L,,12/31/2022
PR0021717,001,00600,"Nitrogen, total [as N]",13660,C3,MAX,Concentration3,ug/L,13.66000065,mg/L,,ug/L,,01/31/2023
PR0021717,001,00600,"Nitrogen, total [as N]",2370,C3,MAX,Concentration3,ug/L,2.37000011,mg/L,,ug/L,,02/28/2023
PR0021717,001,00600,"Nitrogen, total [as N]",4640,C3,MAX,Concentration3,ug/L,4.64000022,mg/L,,ug/L,,03/31/2023
PR0021717,001,00600,"Nitrogen, total [as N]",14920,C3,MAX,Concentration3,ug/L,14.92000071,mg/L,,ug/L,,04/30/2023
PR0021717,001,00600,"Nitrogen, total [as N]",2170,C3,MAX,Concentration3,ug/L,2.1700001,mg/L,,ug/L,,05/31/2023
PR0021717,001,00600,"Nitrogen, total [as N]",4480,C3,MAX,Concentration3,ug/L,4.48000021,mg/L,,ug/L,,06/30/2023
PR0021717,001,00600,"Nitrogen, total [as N]",6690,C3,MAX,Concentration3,ug/L,6.69000032,mg/L,,ug/L,,07/31/2023
PR0021717,001,00600,"Nitrogen, total [as N]",1920,C3,MAX,Concentration3,ug/L,1.92000009,mg/L,,ug/L,,08/31/2023
PR0021717,001,00600,"Nitrogen, total [as N]",1440,C3,MAX,Concentration3,ug/L,1.44000007,mg/L,,ug/L,,09/30/2023
PR0021717,001,00600,"Nitrogen, total [as N]",3810,C3,MAX,Concentration3,ug/L,3.81000018,mg/L,,ug/L,,10/31/2023
PR0021717,001,00600,"Nitrogen, total [as N]",3290,C3,MAX,Concentration3,ug/L,3.29000016,mg/L,,ug/L,,11/30/2023
PR0021717,001,00600,"Nitrogen, total [as N]",3860,C3,MAX,Concentration3,ug/L,3.86000018,mg/L,,ug/L,,12/31/2023
PR0021717,001,00600,"Nitrogen, total [as N]",3220,C3,MAX,Concentration3,ug/L,3.22000015,mg/L,,ug/L,,01/31/2024
PR0021717,001,00600,"Nitrogen, total [as N]",2220,C3,MAX,Concentration3,ug/L,2.22000011,mg/L,,ug/L,,02/29/2024
PR0021717,001,00600,"Nitrogen, total [as N]",11400,C3,MAX,Concentration3,ug/L,11.40000054,mg/L,,ug/L,,03/31/2024
PR0021717,001,00600,"Nitrogen, total [as N]",20100,C3,MAX,Concentration3,ug/L,20.10000095,mg/L,,ug/L,,04/30/2024
PR0021717,001,00600,"Nitrogen, total [as N]",10630,C3,MAX,Concentration3,ug/L,10.6300005,mg/L,,ug/L,,05/31/2024
PR0021717,001,00600,"Nitrogen, total [as N]",9090,C3,MAX,Concentration3,ug/L,9.09000043,mg/L,,ug/L,,06/30/2024
PR0021717,001,00600,"Nitrogen, total [as N]",8360,C3,MAX,Concentration3,ug/L,8.3600004,mg/L,,ug/L,,07/31/2024
PR0021717,001,00600,"Nitrogen, total [as N]",10010,C3,MAX,Concentration3,ug/L,10.01000048,mg/L,,ug/L,,08/31/2024
PR0021717,001,00600,"Nitrogen, total [as N]",5340,C3,MAX,Concentration3,ug/L,5.34000025,mg/L,,ug/L,,09/30/2024
PR0021717,001,00600,"Nitrogen, total [as N]",1120,C3,MAX,Concentration3,ug/L,1.12000005,mg/L,,ug/L,,10/31/2024
PR0021717,001,00600,"Nitrogen, total [as N]",8480,C3,MAX,Concentration3,ug/L,8.4800004,mg/L,,ug/L,,11/30/2024
PR0021717,001,00600,"Nitrogen, total [as N]",15010,C3,MAX,Concentration3,ug/L,15.01000071,mg/L,,ug/L,,12/31/2024
PR0021717,001,00600,"Nitrogen, total [as N]",4400,C3,MAX,Concentration3,ug/L,4.40000021,mg/L,,ug/L,,01/31/2025
PR0021717,001,00600,"Nitrogen, total [as N]",2950,C3,MAX,Concentration3,ug/L,2.95000014,mg/L,,ug/L,,02/28/2025
PR0021717,001,00600,"Nitrogen, total [as N]",1580,C3,MAX,Concentration3,ug/L,1.58000008,mg/L,,ug/L,,03/31/2025
PR0021717,001,00600,"Nitrogen, total [as N]",2470,C3,MAX,Concentration3,ug/L,2.47000012,mg/L,,ug/L,,04/30/2025
PR0021717,001,00600,"Nitrogen, total [as N]",267770,C3,MAX,Concentration3,ug/L,267.77001272,mg/L,,ug/L,,05/31/2025
PR0021717,001,00600,"Nitrogen, total [as N]",5490,C3,MAX,Concentration3,ug/L,5.49000026,mg/L,,ug/L,,06/30/2025
PR0021717,001,00600,"Nitrogen, total [as N]",2900,C3,MAX,Concentration3,ug/L,2.90000014,mg/L,,ug/L,,07/31/2025
PR0021717,001,00600,"Nitrogen, total [as N]",1760,C3,MAX,Concentration3,ug/L,1.76000008,mg/L,,ug/L,,08/31/2025
PR0021717,001,00600,"Nitrogen, total [as N]",1270,C3,MAX,Concentration3,ug/L,1.27000006,mg/L,,ug/L,,09/30/2025
PR0021717,001,00600,"Nitrogen, total [as N]",1580,C3,MAX,Concentration3,ug/L,1.58000008,mg/L,,ug/L,,10/31/2025
PR0021717,001,00600,"Nitrogen, total [as N]",6990,C3,MAX,Concentration3,ug/L,6.99000033,mg/L,,ug/L,,11/30/2025
PR0021717,001,00600,"Nitrogen, total [as N]",2540,C3,MAX,Concentration3,ug/L,2.54000012,mg/L,,ug/L,,12/31/2025
PR0021717,001,00600,"Nitrogen, total [as N]",3380,C3,MAX,Concentration3,ug/L,3.38000016,mg/L,,ug/L,,01/31/2026
PR0021717,001,00665,"Phosphorus, total [as P]",2360,C3,MAX,Concentration3,ug/L,2.36000011,mg/L,8700,ug/L,,01/31/2020
PR0021717,001,00665,"Phosphorus, total [as P]",2760,C3,MAX,Concentration3,ug/L,2.76000013,mg/L,8700,ug/L,,02/29/2020
PR0021717,001,00665,"Phosphorus, total [as P]",2600,C3,MAX,Concentration3,ug/L,2.60000012,mg/L,8700,ug/L,,03/31/2020
PR0021717,001,00665,"Phosphorus, total [as P]",390,C3,MAX,Concentration3,ug/L,.39000002,mg/L,8700,ug/L,,04/30/2020
PR0021717,001,00665,"Phosphorus, total [as P]",21270,C3,MAX,Concentration3,ug/L,21.27000101,mg/L,8700,ug/L,,05/31/2020
PR0021717,001,00665,"Phosphorus, total [as P]",3240,C3,MAX,Concentration3,ug/L,3.24000015,mg/L,8700,ug/L,,06/30/2020
PR0021717,001,00665,"Phosphorus, total [as P]",310,C3,MAX,Concentration3,ug/L,.31000001,mg/L,8700,ug/L,,07/31/2020
PR0021717,001,00665,"Phosphorus, total [as P]",3020,C3,MAX,Concentration3,ug/L,3.02000014,mg/L,8700,ug/L,,08/31/2020
PR0021717,001,00665,"Phosphorus, total [as P]",790,C3,MAX,Concentration3,ug/L,.79000004,mg/L,8700,ug/L,,09/30/2020
PR0021717,001,00665,"Phosphorus, total [as P]",340,C3,MAX,Concentration3,ug/L,.34000002,mg/L,8700,ug/L,,10/31/2020
PR0021717,001,00665,"Phosphorus, total [as P]",1290,C3,MAX,Concentration3,ug/L,1.29000006,mg/L,8700,ug/L,,11/30/2020
PR0021717,001,00665,"Phosphorus, total [as P]",2310,C3,MAX,Concentration3,ug/L,2.31000011,mg/L,8700,ug/L,,12/31/2020
PR0021717,001,00665,"Phosphorus, total [as P]",760,C3,MAX,Concentration3,ug/L,.76000004,mg/L,8700,ug/L,,01/31/2021
PR0021717,001,00665,"Phosphorus, total [as P]",2420,C3,MAX,Concentration3,ug/L,2.42000011,mg/L,8700,ug/L,,02/28/2021
PR0021717,001,00665,"Phosphorus, total [as P]",6210,C3,MAX,Concentration3,ug/L,6.21000029,mg/L,8700,ug/L,,03/31/2021
PR0021717,001,00665,"Phosphorus, total [as P]",2900,C3,MAX,Concentration3,ug/L,2.90000014,mg/L,8700,ug/L,,04/30/2021
PR0021717,001,00665,"Phosphorus, total [as P]",2070,C3,MAX,Concentration3,ug/L,2.0700001,mg/L,8700,ug/L,,05/31/2021
PR0021717,001,00665,"Phosphorus, total [as P]",3330,C3,MAX,Concentration3,ug/L,3.33000016,mg/L,8700,ug/L,,06/30/2021
PR0021717,001,00665,"Phosphorus, total [as P]",2990,C3,MAX,Concentration3,ug/L,2.99000014,mg/L,8700,ug/L,,07/31/2021
PR0021717,001,00665,"Phosphorus, total [as P]",2750,C3,MAX,Concentration3,ug/L,2.75000013,mg/L,8700,ug/L,,08/31/2021
PR0021717,001,00665,"Phosphorus, total [as P]",500,C3,MAX,Concentration3,ug/L,.50000002,mg/L,8700,ug/L,,09/30/2021
PR0021717,001,00665,"Phosphorus, total [as P]",2570,C3,MAX,Concentration3,ug/L,2.57000012,mg/L,8700,ug/L,,10/31/2021
PR0021717,001,00665,"Phosphorus, total [as P]",1680,C3,MAX,Concentration3,ug/L,1.68000008,mg/L,8700,ug/L,,11/30/2021
PR0021717,001,00665,"Phosphorus, total [as P]",580,C3,MAX,Concentration3,ug/L,.58000003,mg/L,8700,ug/L,,12/31/2021
PR0021717,001,00665,"Phosphorus, total [as P]",1620,C3,MAX,Concentration3,ug/L,1.62000008,mg/L,8700,ug/L,,01/31/2022
PR0021717,001,00665,"Phosphorus, total [as P]",2570,C3,MAX,Concentration3,ug/L,2.57000012,mg/L,8700,ug/L,,02/28/2022
PR0021717,001,00665,"Phosphorus, total [as P]",3160,C3,MAX,Concentration3,ug/L,3.16000015,mg/L,8700,ug/L,,03/31/2022
PR0021717,001,00665,"Phosphorus, total [as P]",2920,C3,MAX,Concentration3,ug/L,2.92000014,mg/L,8700,ug/L,,04/30/2022
PR0021717,001,00665,"Phosphorus, total [as P]",2440,C3,MAX,Concentration3,ug/L,2.44000012,mg/L,8700,ug/L,,05/31/2022
PR0021717,001,00665,"Phosphorus, total [as P]",2510,C3,MAX,Concentration3,ug/L,2.51000012,mg/L,8700,ug/L,,06/30/2022
PR0021717,001,00665,"Phosphorus, total [as P]",2490,C3,MAX,Concentration3,ug/L,2.49000012,mg/L,8700,ug/L,,07/31/2022
PR0021717,001,00665,"Phosphorus, total [as P]",340,C3,MAX,Concentration3,ug/L,.34000002,mg/L,8700,ug/L,,08/31/2022
PR0021717,001,00665,"Phosphorus, total [as P]",360,C3,MAX,Concentration3,ug/L,.36000002,mg/L,8700,ug/L,,09/30/2022
PR0021717,001,00665,"Phosphorus, total [as P]",850,C3,MAX,Concentration3,ug/L,.85000004,mg/L,8700,ug/L,,10/31/2022
PR0021717,001,00665,"Phosphorus, total [as P]",72,C3,MAX,Concentration3,ug/L,.072,mg/L,8700,ug/L,,11/30/2022
PR0021717,001,00665,"Phosphorus, total [as P]",870,C3,MAX,Concentration3,ug/L,.87000004,mg/L,8700,ug/L,,12/31/2022
PR0021717,001,00665,"Phosphorus, total [as P]",2500,C3,MAX,Concentration3,ug/L,2.50000012,mg/L,8700,ug/L,,01/31/2023
PR0021717,001,00665,"Phosphorus, total [as P]",970,C3,MAX,Concentration3,ug/L,.97000005,mg/L,8700,ug/L,,02/28/2023
PR0021717,001,00665,"Phosphorus, total [as P]",840,C3,MAX,Concentration3,ug/L,.84000004,mg/L,8700,ug/L,,03/31/2023
PR0021717,001,00665,"Phosphorus, total [as P]",72,C3,MAX,Concentration3,ug/L,.072,mg/L,8700,ug/L,,04/30/2023
PR0021717,001,00665,"Phosphorus, total [as P]",1150,C3,MAX,Concentration3,ug/L,1.15000005,mg/L,8700,ug/L,,05/31/2023
PR0021717,001,00665,"Phosphorus, total [as P]",170,C3,MAX,Concentration3,ug/L,.17000001,mg/L,8700,ug/L,,06/30/2023
PR0021717,001,00665,"Phosphorus, total [as P]",1330,C3,MAX,Concentration3,ug/L,1.33000006,mg/L,8700,ug/L,,07/31/2023
PR0021717,001,00665,"Phosphorus, total [as P]",340,C3,MAX,Concentration3,ug/L,.34000002,mg/L,8700,ug/L,,08/31/2023
PR0021717,001,00665,"Phosphorus, total [as P]",180,C3,MAX,Concentration3,ug/L,.18000001,mg/L,8700,ug/L,,09/30/2023
PR0021717,001,00665,"Phosphorus, total [as P]",280,C3,MAX,Concentration3,ug/L,.28000001,mg/L,8700,ug/L,,10/31/2023
PR0021717,001,00665,"Phosphorus, total [as P]",280,C3,MAX,Concentration3,ug/L,.28000001,mg/L,8700,ug/L,,11/30/2023
PR0021717,001,00665,"Phosphorus, total [as P]",330,C3,MAX,Concentration3,ug/L,.33000002,mg/L,8700,ug/L,,12/31/2023
PR0021717,001,00665,"Phosphorus, total [as P]",1980,C3,MAX,Concentration3,ug/L,1.98000009,mg/L,8700,ug/L,,01/31/2024
PR0021717,001,00665,"Phosphorus, total [as P]",1820,C3,MAX,Concentration3,ug/L,1.82000009,mg/L,8700,ug/L,,02/29/2024
PR0021717,001,00665,"Phosphorus, total [as P]",2350,C3,MAX,Concentration3,ug/L,2.35000011,mg/L,8700,ug/L,,03/31/2024
PR0021717,001,00665,"Phosphorus, total [as P]",2.65,C3,MAX,Concentration3,mg/L,2.65,mg/L,8700,ug/L,,04/30/2024
PR0021717,001,00665,"Phosphorus, total [as P]",0.9,C3,MAX,Concentration3,mg/L,.9,mg/L,8700,ug/L,,05/31/2024
PR0021717,001,00665,"Phosphorus, total [as P]",2.29,C3,MAX,Concentration3,mg/L,2.29,mg/L,8700,ug/L,,06/30/2024
PR0021717,001,00665,"Phosphorus, total [as P]",0.71,C3,MAX,Concentration3,mg/L,.71,mg/L,8700,ug/L,,07/31/2024
PR0021717,001,00665,"Phosphorus, total [as P]",5.31,C3,MAX,Concentration3,mg/L,5.31,mg/L,8700,ug/L,,08/31/2024
PR0021717,001,00665,"Phosphorus, total [as P]",0.9,C3,MAX,Concentration3,mg/L,.9,mg/L,8700,ug/L,,09/30/2024
PR0021717,001,00665,"Phosphorus, total [as P]",1.29,C3,MAX,Concentration3,mg/L,1.29,mg/L,8700,ug/L,,10/31/2024
PR0021717,001,00665,"Phosphorus, total [as P]",1.55,C3,MAX,Concentration3,mg/L,1.55,mg/L,8700,ug/L,,11/30/2024
PR0021717,001,00665,"Phosphorus, total [as P]",3.37,C3,MAX,Concentration3,mg/L,3.37,mg/L,8700,ug/L,,12/31/2024
PR0021717,001,00665,"Phosphorus, total [as P]",0.99,C3,MAX,Concentration3,mg/L,.99,mg/L,8700,ug/L,,01/31/2025
PR0021717,001,00665,"Phosphorus, total [as P]",0.87,C3,MAX,Concentration3,mg/L,.87,mg/L,8700,ug/L,,02/28/2025
PR0021717,001,00665,"Phosphorus, total [as P]",0.86,C3,MAX,Concentration3,mg/L,.86,mg/L,8700,ug/L,,03/31/2025
PR0021717,001,00665,"Phosphorus, total [as P]",1.23,C3,MAX,Concentration3,mg/L,1.23,mg/L,8700,ug/L,,04/30/2025
PR0021717,001,00665,"Phosphorus, total [as P]",0.95,C3,MAX,Concentration3,mg/L,.95,mg/L,8700,ug/L,,05/31/2025
PR0021717,001,00665,"Phosphorus, total [as P]",4730,C3,MAX,Concentration3,ug/L,4.73000022,mg/L,8700,ug/L,,06/30/2025
PR0021717,001,00665,"Phosphorus, total [as P]",1130,C3,MAX,Concentration3,ug/L,1.13000005,mg/L,8700,ug/L,,07/31/2025
PR0021717,001,00665,"Phosphorus, total [as P]",1840,C3,MAX,Concentration3,ug/L,1.84000009,mg/L,8700,ug/L,,08/31/2025
PR0021717,001,00665,"Phosphorus, total [as P]",260,C3,MAX,Concentration3,ug/L,.26000001,mg/L,8700,ug/L,,09/30/2025
PR0021717,001,00665,"Phosphorus, total [as P]",260,C3,MAX,Concentration3,ug/L,.26000001,mg/L,8700,ug/L,,10/31/2025
PR0021717,001,00665,"Phosphorus, total [as P]",4410,C3,MAX,Concentration3,ug/L,4.41000021,mg/L,8700,ug/L,,11/30/2025
PR0021717,001,00665,"Phosphorus, total [as P]",550,C3,MAX,Concentration3,ug/L,.55000003,mg/L,8700,ug/L,,12/31/2025
PR0021717,001,00665,"Phosphorus, total [as P]",1530,C3,MAX,Concentration3,ug/L,1.53000007,mg/L,8700,ug/L,,01/31/2026
PR0021717,001,00945,"Sulfate, total [as SO4]",16.1,C3,MAX,Concentration3,mg/L,16.1,mg/L,,mg/L,,12/31/2020
PR0021717,001,00945,"Sulfate, total [as SO4]",22.33,C3,MAX,Concentration3,mg/L,22.33,mg/L,,mg/L,,12/31/2021
PR0021717,001,00945,"Sulfate, total [as SO4]",19.47,C3,MAX,Concentration3,mg/L,19.47,mg/L,,mg/L,,12/31/2022
PR0021717,001,00945,"Sulfate, total [as SO4]",19.37,C3,MAX,Concentration3,mg/L,19.37,mg/L,,mg/L,,12/31/2023
PR0021717,001,00945,"Sulfate, total [as SO4]",18.91,C3,MAX,Concentration3,mg/L,18.91,mg/L,,mg/L,,12/31/2024
PR0021717,001,00945,"Sulfate, total [as SO4]",22.47,C3,MAX,Concentration3,mg/L,22.47,mg/L,,mg/L,,12/31/2025
PR0021717,001,01042,"Copper, total [as Cu]",12,C3,MAX,Concentration3,ug/L,.012,mg/L,91.81,ug/L,,01/31/2020
PR0021717,001,01042,"Copper, total [as Cu]",8,C3,MAX,Concentration3,ug/L,.008,mg/L,91.81,ug/L,,02/29/2020
PR0021717,001,01042,"Copper, total [as Cu]",13,C3,MAX,Concentration3,ug/L,.013,mg/L,91.81,ug/L,,03/31/2020
PR0021717,001,01042,"Copper, total [as Cu]",5,C3,MAX,Concentration3,ug/L,.005,mg/L,91.81,ug/L,,04/30/2020
PR0021717,001,01042,"Copper, total [as Cu]",7,C3,MAX,Concentration3,ug/L,.007,mg/L,91.81,ug/L,,05/31/2020
PR0021717,001,01042,"Copper, total [as Cu]",5,C3,MAX,Concentration3,ug/L,.005,mg/L,91.81,ug/L,,06/30/2020
PR0021717,001,01042,"Copper, total [as Cu]",11,C3,MAX,Concentration3,ug/L,.011,mg/L,91.81,ug/L,,07/31/2020
PR0021717,001,01042,"Copper, total [as Cu]",11,C3,MAX,Concentration3,ug/L,.011,mg/L,91.81,ug/L,,08/31/2020
PR0021717,001,01042,"Copper, total [as Cu]",6,C3,MAX,Concentration3,ug/L,.006,mg/L,91.81,ug/L,,09/30/2020
PR0021717,001,01042,"Copper, total [as Cu]",6,C3,MAX,Concentration3,ug/L,.006,mg/L,91.81,ug/L,,10/31/2020
PR0021717,001,01042,"Copper, total [as Cu]",9,C3,MAX,Concentration3,ug/L,.009,mg/L,91.81,ug/L,,11/30/2020
PR0021717,001,01042,"Copper, total [as Cu]",10,C3,MAX,Concentration3,ug/L,.01,mg/L,91.81,ug/L,,12/31/2020
PR0021717,001,01042,"Copper, total [as Cu]",6,C3,MAX,Concentration3,ug/L,.006,mg/L,91.81,ug/L,,01/31/2021
PR0021717,001,01042,"Copper, total [as Cu]",6,C3,MAX,Concentration3,ug/L,.006,mg/L,91.81,ug/L,,02/28/2021
PR0021717,001,01042,"Copper, total [as Cu]",11,C3,MAX,Concentration3,ug/L,.011,mg/L,91.81,ug/L,,03/31/2021
PR0021717,001,01042,"Copper, total [as Cu]",8,C3,MAX,Concentration3,ug/L,.008,mg/L,91.81,ug/L,,04/30/2021
PR0021717,001,01042,"Copper, total [as Cu]",6,C3,MAX,Concentration3,ug/L,.006,mg/L,91.81,ug/L,,05/31/2021
PR0021717,001,01042,"Copper, total [as Cu]",11,C3,MAX,Concentration3,ug/L,.011,mg/L,91.81,ug/L,,06/30/2021
PR0021717,001,01042,"Copper, total [as Cu]",9,C3,MAX,Concentration3,ug/L,.009,mg/L,91.81,ug/L,,07/31/2021
PR0021717,001,01042,"Copper, total [as Cu]",9,C3,MAX,Concentration3,ug/L,.009,mg/L,91.81,ug/L,,08/31/2021
PR0021717,001,01042,"Copper, total [as Cu]",27,C3,MAX,Concentration3,ug/L,.027,mg/L,91.81,ug/L,,09/30/2021
PR0021717,001,01042,"Copper, total [as Cu]",23,C3,MAX,Concentration3,ug/L,.023,mg/L,91.81,ug/L,,10/31/2021
PR0021717,001,01042,"Copper, total [as Cu]",9,C3,MAX,Concentration3,ug/L,.009,mg/L,91.81,ug/L,,11/30/2021
PR0021717,001,01042,"Copper, total [as Cu]",6,C3,MAX,Concentration3,ug/L,.006,mg/L,91.81,ug/L,,12/31/2021
PR0021717,001,01042,"Copper, total [as Cu]",15,C3,MAX,Concentration3,ug/L,.015,mg/L,91.81,ug/L,,01/31/2022
PR0021717,001,01042,"Copper, total [as Cu]",8,C3,MAX,Concentration3,ug/L,.008,mg/L,91.81,ug/L,,02/28/2022
PR0021717,001,01042,"Copper, total [as Cu]",12,C3,MAX,Concentration3,ug/L,.012,mg/L,91.81,ug/L,,03/31/2022
PR0021717,001,01042,"Copper, total [as Cu]",30,C3,MAX,Concentration3,ug/L,.03,mg/L,91.81,ug/L,,04/30/2022
PR0021717,001,01042,"Copper, total [as Cu]",29,C3,MAX,Concentration3,ug/L,.029,mg/L,91.81,ug/L,,05/31/2022
PR0021717,001,01042,"Copper, total [as Cu]",9,C3,MAX,Concentration3,ug/L,.009,mg/L,91.81,ug/L,,06/30/2022
PR0021717,001,01042,"Copper, total [as Cu]",8,C3,MAX,Concentration3,ug/L,.008,mg/L,91.81,ug/L,,07/31/2022
PR0021717,001,01042,"Copper, total [as Cu]",6,C3,MAX,Concentration3,ug/L,.006,mg/L,91.81,ug/L,,08/31/2022
PR0021717,001,01042,"Copper, total [as Cu]",10,C3,MAX,Concentration3,ug/L,.01,mg/L,91.81,ug/L,,09/30/2022
PR0021717,001,01042,"Copper, total [as Cu]",37,C3,MAX,Concentration3,ug/L,.037,mg/L,91.81,ug/L,,10/31/2022
PR0021717,001,01042,"Copper, total [as Cu]",6,C3,MAX,Concentration3,ug/L,.006,mg/L,91.81,ug/L,,11/30/2022
PR0021717,001,01042,"Copper, total [as Cu]",45.1,C3,MAX,Concentration3,ug/L,.0451,mg/L,91.81,ug/L,,12/31/2022
PR0021717,001,01042,"Copper, total [as Cu]",23,C3,MAX,Concentration3,ug/L,.023,mg/L,91.81,ug/L,,01/31/2023
PR0021717,001,01042,"Copper, total [as Cu]",6,C3,MAX,Concentration3,ug/L,.006,mg/L,91.81,ug/L,,02/28/2023
PR0021717,001,01042,"Copper, total [as Cu]",13,C3,MAX,Concentration3,ug/L,.013,mg/L,91.81,ug/L,,03/31/2023
PR0021717,001,01042,"Copper, total [as Cu]",10,C3,MAX,Concentration3,ug/L,.01,mg/L,91.81,ug/L,,04/30/2023
PR0021717,001,01042,"Copper, total [as Cu]",8,C3,MAX,Concentration3,ug/L,.008,mg/L,91.81,ug/L,,05/31/2023
PR0021717,001,01042,"Copper, total [as Cu]",7,C3,MAX,Concentration3,ug/L,.007,mg/L,91.81,ug/L,,06/30/2023
PR0021717,001,01042,"Copper, total [as Cu]",15,C3,MAX,Concentration3,ug/L,.015,mg/L,91.81,ug/L,,07/31/2023
PR0021717,001,01042,"Copper, total [as Cu]",6,C3,MAX,Concentration3,ug/L,.006,mg/L,91.81,ug/L,,08/31/2023
PR0021717,001,01042,"Copper, total [as Cu]",6,C3,MAX,Concentration3,ug/L,.006,mg/L,91.81,ug/L,,09/30/2023
PR0021717,001,01042,"Copper, total [as Cu]",13,C3,MAX,Concentration3,ug/L,.013,mg/L,91.81,ug/L,,10/31/2023
PR0021717,001,01042,"Copper, total [as Cu]",6,C3,MAX,Concentration3,ug/L,.006,mg/L,91.81,ug/L,,11/30/2023
PR0021717,001,01042,"Copper, total [as Cu]",19,C3,MAX,Concentration3,ug/L,.019,mg/L,91.81,ug/L,,12/31/2023
PR0021717,001,01042,"Copper, total [as Cu]",16,C3,MAX,Concentration3,ug/L,.016,mg/L,91.81,ug/L,,01/31/2024
PR0021717,001,01042,"Copper, total [as Cu]",10,C3,MAX,Concentration3,ug/L,.01,mg/L,91.81,ug/L,,02/29/2024
PR0021717,001,01042,"Copper, total [as Cu]",6.39,C3,MAX,Concentration3,ug/L,.00639,mg/L,91.81,ug/L,,03/31/2024
PR0021717,001,01042,"Copper, total [as Cu]",7.7,C3,MAX,Concentration3,ug/L,.0077,mg/L,91.81,ug/L,,04/30/2024
PR0021717,001,01042,"Copper, total [as Cu]",34.38,C3,MAX,Concentration3,ug/L,.03438,mg/L,91.81,ug/L,,05/31/2024
PR0021717,001,01042,"Copper, total [as Cu]",7.01,C3,MAX,Concentration3,ug/L,.00701,mg/L,91.81,ug/L,,06/30/2024
PR0021717,001,01042,"Copper, total [as Cu]",15.49,C3,MAX,Concentration3,ug/L,.01549,mg/L,91.81,ug/L,,07/31/2024
PR0021717,001,01042,"Copper, total [as Cu]",22.77,C3,MAX,Concentration3,ug/L,.02277,mg/L,91.81,ug/L,,08/31/2024
PR0021717,001,01042,"Copper, total [as Cu]",13.07,C3,MAX,Concentration3,ug/L,.01307,mg/L,91.81,ug/L,,09/30/2024
PR0021717,001,01042,"Copper, total [as Cu]",7.36,C3,MAX,Concentration3,ug/L,.00736,mg/L,91.81,ug/L,,10/31/2024
PR0021717,001,01042,"Copper, total [as Cu]",47.36,C3,MAX,Concentration3,ug/L,.04736,mg/L,91.81,ug/L,,11/30/2024
PR0021717,001,01042,"Copper, total [as Cu]",42.24,C3,MAX,Concentration3,ug/L,.04224,mg/L,91.81,ug/L,,12/31/2024
PR0021717,001,01042,"Copper, total [as Cu]",17.6,C3,MAX,Concentration3,ug/L,.0176,mg/L,91.81,ug/L,,01/31/2025
PR0021717,001,01042,"Copper, total [as Cu]",20.3,C3,MAX,Concentration3,ug/L,.0203,mg/L,91.81,ug/L,,02/28/2025
PR0021717,001,01042,"Copper, total [as Cu]",3.34,C3,MAX,Concentration3,ug/L,.00334,mg/L,91.81,ug/L,,03/31/2025
PR0021717,001,01042,"Copper, total [as Cu]",20.74,C3,MAX,Concentration3,ug/L,.02074,mg/L,91.81,ug/L,,04/30/2025
PR0021717,001,01042,"Copper, total [as Cu]",9.65,C3,MAX,Concentration3,ug/L,.00965,mg/L,91.81,ug/L,,05/31/2025
PR0021717,001,01042,"Copper, total [as Cu]",86.16,C3,MAX,Concentration3,ug/L,.08616,mg/L,91.81,ug/L,,06/30/2025
PR0021717,001,01042,"Copper, total [as Cu]",5.5,C3,MAX,Concentration3,ug/L,.0055,mg/L,91.81,ug/L,,07/31/2025
PR0021717,001,01042,"Copper, total [as Cu]",5.32,C3,MAX,Concentration3,ug/L,.00532,mg/L,91.81,ug/L,,08/31/2025
PR0021717,001,01042,"Copper, total [as Cu]",13.4,C3,MAX,Concentration3,ug/L,.0134,mg/L,91.81,ug/L,,09/30/2025
PR0021717,001,01042,"Copper, total [as Cu]",2.4,C3,MAX,Concentration3,ug/L,.0024,mg/L,91.81,ug/L,,10/31/2025
PR0021717,001,01042,"Copper, total [as Cu]",8.5,C3,MAX,Concentration3,ug/L,.0085,mg/L,91.81,ug/L,,11/30/2025
PR0021717,001,01042,"Copper, total [as Cu]",4.42,C3,MAX,Concentration3,ug/L,.00442,mg/L,91.81,ug/L,,12/31/2025
PR0021717,001,01042,"Copper, total [as Cu]",20.31,C3,MAX,Concentration3,ug/L,.02031,mg/L,91.81,ug/L,,01/31/2026
PR0021717,001,50050,"Flow, in conduit or thru treatment plant",0.795,C3,AVG,Concentration3,MGD,.795,MGD,,MGD,,01/31/2020
PR0021717,001,50050,"Flow, in conduit or thru treatment plant",0.702,Q1,AVG,Quantity1,MGD,.702,MGD,,MGD,,01/31/2020
PR0021717,001,50050,"Flow, in conduit or thru treatment plant",1.169,Q2,MAX,Quantity2,MGD,1.169,MGD,,MGD,,01/31/2020
PR0021717,001,50050,"Flow, in conduit or thru treatment plant",1.102,Q2,MAX,Quantity2,MGD,1.102,MGD,,MGD,,02/29/2020
PR0021717,001,50050,"Flow, in conduit or thru treatment plant",0.718,Q1,AVG,Quantity1,MGD,.718,MGD,,MGD,,02/29/2020
PR0021717,001,50050,"Flow, in conduit or thru treatment plant",0.742,C3,AVG,Concentration3,MGD,.742,MGD,,MGD,,02/29/2020
PR0021717,001,50050,"Flow, in conduit or thru treatment plant",0.784,C3,AVG,Concentration3,MGD,.784,MGD,,MGD,,03/31/2020
PR0021717,001,50050,"Flow, in conduit or thru treatment plant",0.669,Q1,AVG,Quantity1,MGD,.669,MGD,,MGD,,03/31/2020
PR0021717,001,50050,"Flow, in conduit or thru treatment plant",1.088,Q2,MAX,Quantity2,MGD,1.088,MGD,,MGD,,03/31/2020
PR0021717,001,50050,"Flow, in conduit or thru treatment plant",0.922,Q2,MAX,Quantity2,MGD,.922,MGD,,MGD,,04/30/2020
PR0021717,001,50050,"Flow, in conduit or thru treatment plant",0.579,Q1,AVG,Quantity1,MGD,.579,MGD,,MGD,,04/30/2020
PR0021717,001,50050,"Flow, in conduit or thru treatment plant",0.609,C3,AVG,Concentration3,MGD,.609,MGD,,MGD,,04/30/2020
PR0021717,001,50050,"Flow, in conduit or thru treatment plant",0.621,C3,AVG,Concentration3,MGD,.621,MGD,,MGD,,05/31/2020
PR0021717,001,50050,"Flow, in conduit or thru treatment plant",0.581,Q1,AVG,Quantity1,MGD,.581,MGD,,MGD,,05/31/2020
PR0021717,001,50050,"Flow, in conduit or thru treatment plant",0.91,Q2,MAX,Quantity2,MGD,.91,MGD,,MGD,,05/31/2020
PR0021717,001,50050,"Flow, in conduit or thru treatment plant",0.7,Q2,MAX,Quantity2,MGD,.7,MGD,,MGD,,06/30/2020
PR0021717,001,50050,"Flow, in conduit or thru treatment plant",0.545,Q1,AVG,Quantity1,MGD,.545,MGD,,MGD,,06/30/2020
PR0021717,001,50050,"Flow, in conduit or thru treatment plant",0.558,C3,AVG,Concentration3,MGD,.558,MGD,,MGD,,06/30/2020
PR0021717,001,50050,"Flow, in conduit or thru treatment plant",0.8535,C3,AVG,Concentration3,MGD,.8535,MGD,,MGD,,07/31/2020
PR0021717,001,50050,"Flow, in conduit or thru treatment plant",0.652,Q1,AVG,Quantity1,MGD,.652,MGD,,MGD,,07/31/2020
PR0021717,001,50050,"Flow, in conduit or thru treatment plant",1.444,Q2,MAX,Quantity2,MGD,1.444,MGD,,MGD,,07/31/2020
PR0021717,001,50050,"Flow, in conduit or thru treatment plant",1.209,Q2,MAX,Quantity2,MGD,1.209,MGD,,MGD,,08/31/2020
PR0021717,001,50050,"Flow, in conduit or thru treatment plant",0.711,Q1,AVG,Quantity1,MGD,.711,MGD,,MGD,,08/31/2020
PR0021717,001,50050,"Flow, in conduit or thru treatment plant",0.805,C3,AVG,Concentration3,MGD,.805,MGD,,MGD,,08/31/2020
PR0021717,001,50050,"Flow, in conduit or thru treatment plant",0.742,C3,AVG,Concentration3,MGD,.742,MGD,,MGD,,09/30/2020
PR0021717,001,50050,"Flow, in conduit or thru treatment plant",0.715,Q1,AVG,Quantity1,MGD,.715,MGD,,MGD,,09/30/2020
PR0021717,001,50050,"Flow, in conduit or thru treatment plant",1.026,Q2,MAX,Quantity2,MGD,1.026,MGD,,MGD,,09/30/2020
PR0021717,001,50050,"Flow, in conduit or thru treatment plant",1.543,Q2,MAX,Quantity2,MGD,1.543,MGD,,MGD,,10/31/2020
PR0021717,001,50050,"Flow, in conduit or thru treatment plant",0.887,Q1,AVG,Quantity1,MGD,.887,MGD,,MGD,,10/31/2020
PR0021717,001,50050,"Flow, in conduit or thru treatment plant",1.03,C3,AVG,Concentration3,MGD,1.03,MGD,,MGD,,10/31/2020
PR0021717,001,50050,"Flow, in conduit or thru treatment plant",1.73,C3,AVG,Concentration3,MGD,1.73,MGD,,MGD,,11/30/2020
PR0021717,001,50050,"Flow, in conduit or thru treatment plant",1.206,Q1,AVG,Quantity1,MGD,1.206,MGD,,MGD,,11/30/2020
PR0021717,001,50050,"Flow, in conduit or thru treatment plant",2.223,Q2,MAX,Quantity2,MGD,2.223,MGD,,MGD,,11/30/2020
PR0021717,001,50050,"Flow, in conduit or thru treatment plant",0.874,Q2,MAX,Quantity2,MGD,.874,MGD,,MGD,,12/31/2020
PR0021717,001,50050,"Flow, in conduit or thru treatment plant",0.613,Q1,AVG,Quantity1,MGD,.613,MGD,,MGD,,12/31/2020
PR0021717,001,50050,"Flow, in conduit or thru treatment plant",0.66,C3,AVG,Concentration3,MGD,.66,MGD,,MGD,,12/31/2020
PR0021717,001,50050,"Flow, in conduit or thru treatment plant",7.03,Q2,MAX,Quantity2,MGD,7.03,MGD,,MGD,,01/31/2021
PR0021717,001,50050,"Flow, in conduit or thru treatment plant",0.624,C3,AVG,Concentration3,MGD,.624,MGD,,MGD,,01/31/2021
PR0021717,001,50050,"Flow, in conduit or thru treatment plant",0.541,Q1,AVG,Quantity1,MGD,.541,MGD,,MGD,,01/31/2021
PR0021717,001,50050,"Flow, in conduit or thru treatment plant",0.691,Q2,MAX,Quantity2,MGD,.691,MGD,,MGD,,02/28/2021
PR0021717,001,50050,"Flow, in conduit or thru treatment plant",0.575,Q1,AVG,Quantity1,MGD,.575,MGD,,MGD,,02/28/2021
PR0021717,001,50050,"Flow, in conduit or thru treatment plant",0.605,C3,AVG,Concentration3,MGD,.605,MGD,,MGD,,02/28/2021
PR0021717,001,50050,"Flow, in conduit or thru treatment plant",0.589,C3,AVG,Concentration3,MGD,.589,MGD,,MGD,,03/31/2021
PR0021717,001,50050,"Flow, in conduit or thru treatment plant",0.554,Q1,AVG,Quantity1,MGD,.554,MGD,,MGD,,03/31/2021
PR0021717,001,50050,"Flow, in conduit or thru treatment plant",0.643,Q2,MAX,Quantity2,MGD,.643,MGD,,MGD,,03/31/2021
PR0021717,001,50050,"Flow, in conduit or thru treatment plant",0.75,Q2,MAX,Quantity2,MGD,.75,MGD,,MGD,,04/30/2021
PR0021717,001,50050,"Flow, in conduit or thru treatment plant",0.542,Q1,AVG,Quantity1,MGD,.542,MGD,,MGD,,04/30/2021
PR0021717,001,50050,"Flow, in conduit or thru treatment plant",0.658,C3,AVG,Concentration3,MGD,.658,MGD,,MGD,,04/30/2021
PR0021717,001,50050,"Flow, in conduit or thru treatment plant",0.602,C3,AVG,Concentration3,MGD,.602,MGD,,MGD,,05/31/2021
PR0021717,001,50050,"Flow, in conduit or thru treatment plant",0.561,Q1,AVG,Quantity1,MGD,.561,MGD,,MGD,,05/31/2021
PR0021717,001,50050,"Flow, in conduit or thru treatment plant",0.706,Q2,MAX,Quantity2,MGD,.706,MGD,,MGD,,05/31/2021
PR0021717,001,50050,"Flow, in conduit or thru treatment plant",0.847,Q2,MAX,Quantity2,MGD,.847,MGD,,MGD,,06/30/2021
PR0021717,001,50050,"Flow, in conduit or thru treatment plant",0.591,Q1,AVG,Quantity1,MGD,.591,MGD,,MGD,,06/30/2021
PR0021717,001,50050,"Flow, in conduit or thru treatment plant",0.615,C3,AVG,Concentration3,MGD,.615,MGD,,MGD,,06/30/2021
PR0021717,001,50050,"Flow, in conduit or thru treatment plant",0.745,C3,AVG,Concentration3,MGD,.745,MGD,,MGD,,07/31/2021
PR0021717,001,50050,"Flow, in conduit or thru treatment plant",0.603,Q1,AVG,Quantity1,MGD,.603,MGD,,MGD,,07/31/2021
PR0021717,001,50050,"Flow, in conduit or thru treatment plant",0.82,Q2,MAX,Quantity2,MGD,.82,MGD,,MGD,,07/31/2021
PR0021717,001,50050,"Flow, in conduit or thru treatment plant",1.222,Q2,MAX,Quantity2,MGD,1.222,MGD,,MGD,,08/31/2021
PR0021717,001,50050,"Flow, in conduit or thru treatment plant",0.653,Q1,AVG,Quantity1,MGD,.653,MGD,,MGD,,08/31/2021
PR0021717,001,50050,"Flow, in conduit or thru treatment plant",0.735,C3,AVG,Concentration3,MGD,.735,MGD,,MGD,,08/31/2021
PR0021717,001,50050,"Flow, in conduit or thru treatment plant",0.645,C3,AVG,Concentration3,MGD,.645,MGD,,MGD,,09/30/2021
PR0021717,001,50050,"Flow, in conduit or thru treatment plant",0.54,Q1,AVG,Quantity1,MGD,.54,MGD,,MGD,,09/30/2021
PR0021717,001,50050,"Flow, in conduit or thru treatment plant",1.134,Q2,MAX,Quantity2,MGD,1.134,MGD,,MGD,,09/30/2021
PR0021717,001,50050,"Flow, in conduit or thru treatment plant",1.136,Q2,MAX,Quantity2,MGD,1.136,MGD,,MGD,,10/31/2021
PR0021717,001,50050,"Flow, in conduit or thru treatment plant",0.676,Q1,AVG,Quantity1,MGD,.676,MGD,,MGD,,10/31/2021
PR0021717,001,50050,"Flow, in conduit or thru treatment plant",0.76,C3,AVG,Concentration3,MGD,.76,MGD,,MGD,,10/31/2021
PR0021717,001,50050,"Flow, in conduit or thru treatment plant",0.853,C3,AVG,Concentration3,MGD,.853,MGD,,MGD,,11/30/2021
PR0021717,001,50050,"Flow, in conduit or thru treatment plant",0.771,Q1,AVG,Quantity1,MGD,.771,MGD,,MGD,,11/30/2021
PR0021717,001,50050,"Flow, in conduit or thru treatment plant",1.529,Q2,MAX,Quantity2,MGD,1.529,MGD,,MGD,,11/30/2021
PR0021717,001,50050,"Flow, in conduit or thru treatment plant",0.974,Q2,MAX,Quantity2,MGD,.974,MGD,,MGD,,12/31/2021
PR0021717,001,50050,"Flow, in conduit or thru treatment plant",0.657,Q1,AVG,Quantity1,MGD,.657,MGD,,MGD,,12/31/2021
PR0021717,001,50050,"Flow, in conduit or thru treatment plant",0.759,C3,AVG,Concentration3,MGD,.759,MGD,,MGD,,12/31/2021
PR0021717,001,50050,"Flow, in conduit or thru treatment plant",0.677,C3,AVG,Concentration3,MGD,.677,MGD,,MGD,,01/31/2022
PR0021717,001,50050,"Flow, in conduit or thru treatment plant",0.606,Q1,AVG,Quantity1,MGD,.606,MGD,,MGD,,01/31/2022
PR0021717,001,50050,"Flow, in conduit or thru treatment plant",0.831,Q2,MAX,Quantity2,MGD,.831,MGD,,MGD,,01/31/2022
PR0021717,001,50050,"Flow, in conduit or thru treatment plant",0.691,Q2,MAX,Quantity2,MGD,.691,MGD,,MGD,,02/28/2022
PR0021717,001,50050,"Flow, in conduit or thru treatment plant",0.575,Q1,AVG,Quantity1,MGD,.575,MGD,,MGD,,02/28/2022
PR0021717,001,50050,"Flow, in conduit or thru treatment plant",0.615,C3,AVG,Concentration3,MGD,.615,MGD,,MGD,,02/28/2022
PR0021717,001,50050,"Flow, in conduit or thru treatment plant",0.641,C3,AVG,Concentration3,MGD,.641,MGD,,MGD,,03/31/2022
PR0021717,001,50050,"Flow, in conduit or thru treatment plant",0.574,Q1,AVG,Quantity1,MGD,.574,MGD,,MGD,,03/31/2022
PR0021717,001,50050,"Flow, in conduit or thru treatment plant",0.81,Q2,MAX,Quantity2,MGD,.81,MGD,,MGD,,03/31/2022
PR0021717,001,50050,"Flow, in conduit or thru treatment plant",0.638,Q2,MAX,Quantity2,MGD,.638,MGD,,MGD,,04/30/2022
PR0021717,001,50050,"Flow, in conduit or thru treatment plant",0.488,Q1,AVG,Quantity1,MGD,.488,MGD,,MGD,,04/30/2022
PR0021717,001,50050,"Flow, in conduit or thru treatment plant",0.523,C3,AVG,Concentration3,MGD,.523,MGD,,MGD,,04/30/2022
PR0021717,001,50050,"Flow, in conduit or thru treatment plant",0.61,C3,AVG,Concentration3,MGD,.61,MGD,,MGD,,05/31/2022
PR0021717,001,50050,"Flow, in conduit or thru treatment plant",0.528,Q1,AVG,Quantity1,MGD,.528,MGD,,MGD,,05/31/2022
PR0021717,001,50050,"Flow, in conduit or thru treatment plant",7.31,Q2,MAX,Quantity2,MGD,7.31,MGD,,MGD,,05/31/2022
PR0021717,001,50050,"Flow, in conduit or thru treatment plant",0.874,Q2,MAX,Quantity2,MGD,.874,MGD,,MGD,,06/30/2022
PR0021717,001,50050,"Flow, in conduit or thru treatment plant",0.569,Q1,AVG,Quantity1,MGD,.569,MGD,,MGD,,06/30/2022
PR0021717,001,50050,"Flow, in conduit or thru treatment plant",0.626,C3,AVG,Concentration3,MGD,.626,MGD,,MGD,,06/30/2022
PR0021717,001,50050,"Flow, in conduit or thru treatment plant",1.121,C3,AVG,Concentration3,MGD,1.121,MGD,,MGD,,07/31/2022
PR0021717,001,50050,"Flow, in conduit or thru treatment plant",0.808,Q1,AVG,Quantity1,MGD,.808,MGD,,MGD,,07/31/2022
PR0021717,001,50050,"Flow, in conduit or thru treatment plant",1.686,Q2,MAX,Quantity2,MGD,1.686,MGD,,MGD,,07/31/2022
PR0021717,001,50050,"Flow, in conduit or thru treatment plant",1.165,Q2,MAX,Quantity2,MGD,1.165,MGD,,MGD,,08/31/2022
PR0021717,001,50050,"Flow, in conduit or thru treatment plant",6.985,Q1,AVG,Quantity1,MGD,6.985,MGD,,MGD,,08/31/2022
PR0021717,001,50050,"Flow, in conduit or thru treatment plant",0.876,C3,AVG,Concentration3,MGD,.876,MGD,,MGD,,08/31/2022
PR0021717,001,50050,"Flow, in conduit or thru treatment plant",1.49,C3,AVG,Concentration3,MGD,1.49,MGD,,MGD,,09/30/2022
PR0021717,001,50050,"Flow, in conduit or thru treatment plant",1.447,Q1,AVG,Quantity1,MGD,1.447,MGD,,MGD,,09/30/2022
PR0021717,001,50050,"Flow, in conduit or thru treatment plant",2.07,Q2,MAX,Quantity2,MGD,2.07,MGD,,MGD,,09/30/2022
PR0021717,001,50050,"Flow, in conduit or thru treatment plant",2.253,Q2,MAX,Quantity2,MGD,2.253,MGD,,MGD,,10/31/2022
PR0021717,001,50050,"Flow, in conduit or thru treatment plant",1.133,Q1,AVG,Quantity1,MGD,1.133,MGD,,MGD,,10/31/2022
PR0021717,001,50050,"Flow, in conduit or thru treatment plant",1.74,C3,AVG,Concentration3,MGD,1.74,MGD,,MGD,,10/31/2022
PR0021717,001,50050,"Flow, in conduit or thru treatment plant",1.77,C3,AVG,Concentration3,MGD,1.77,MGD,,MGD,,11/30/2022
PR0021717,001,50050,"Flow, in conduit or thru treatment plant",1.405,Q1,AVG,Quantity1,MGD,1.405,MGD,,MGD,,11/30/2022
PR0021717,001,50050,"Flow, in conduit or thru treatment plant",2.487,Q2,MAX,Quantity2,MGD,2.487,MGD,,MGD,,11/30/2022
PR0021717,001,50050,"Flow, in conduit or thru treatment plant",0.988,Q2,MAX,Quantity2,MGD,.988,MGD,,MGD,,12/31/2022
PR0021717,001,50050,"Flow, in conduit or thru treatment plant",0.741,Q1,AVG,Quantity1,MGD,.741,MGD,,MGD,,12/31/2022
PR0021717,001,50050,"Flow, in conduit or thru treatment plant",0.855,C3,AVG,Concentration3,MGD,.855,MGD,,MGD,,12/31/2022
PR0021717,001,50050,"Flow, in conduit or thru treatment plant",0.885,C3,AVG,Concentration3,MGD,.885,MGD,,MGD,,01/31/2023
PR0021717,001,50050,"Flow, in conduit or thru treatment plant",0.681,Q1,AVG,Quantity1,MGD,.681,MGD,,MGD,,01/31/2023
PR0021717,001,50050,"Flow, in conduit or thru treatment plant",1.997,Q2,MAX,Quantity2,MGD,1.997,MGD,,MGD,,01/31/2023
PR0021717,001,50050,"Flow, in conduit or thru treatment plant",0.681,Q2,MAX,Quantity2,MGD,.681,MGD,,MGD,,02/28/2023
PR0021717,001,50050,"Flow, in conduit or thru treatment plant",0.553,Q1,AVG,Quantity1,MGD,.553,MGD,,MGD,,02/28/2023
PR0021717,001,50050,"Flow, in conduit or thru treatment plant",0.604,C3,AVG,Concentration3,MGD,.604,MGD,,MGD,,02/28/2023
PR0021717,001,50050,"Flow, in conduit or thru treatment plant",0.619,C3,AVG,Concentration3,MGD,.619,MGD,,MGD,,03/31/2023
PR0021717,001,50050,"Flow, in conduit or thru treatment plant",0.564,Q1,AVG,Quantity1,MGD,.564,MGD,,MGD,,03/31/2023
PR0021717,001,50050,"Flow, in conduit or thru treatment plant",0.845,Q2,MAX,Quantity2,MGD,.845,MGD,,MGD,,03/31/2023
PR0021717,001,50050,"Flow, in conduit or thru treatment plant",1.385,Q2,MAX,Quantity2,MGD,1.385,MGD,,MGD,,04/30/2023
PR0021717,001,50050,"Flow, in conduit or thru treatment plant",0.578,Q1,AVG,Quantity1,MGD,.578,MGD,,MGD,,04/30/2023
PR0021717,001,50050,"Flow, in conduit or thru treatment plant",0.654,C3,AVG,Concentration3,MGD,.654,MGD,,MGD,,04/30/2023
PR0021717,001,50050,"Flow, in conduit or thru treatment plant",1.1,C3,AVG,Concentration3,MGD,1.1,MGD,,MGD,,05/31/2023
PR0021717,001,50050,"Flow, in conduit or thru treatment plant",0.715,Q1,AVG,Quantity1,MGD,.715,MGD,,MGD,,05/31/2023
PR0021717,001,50050,"Flow, in conduit or thru treatment plant",1.499,Q2,MAX,Quantity2,MGD,1.499,MGD,,MGD,,05/31/2023
PR0021717,001,50050,"Flow, in conduit or thru treatment plant",1.304,Q2,MAX,Quantity2,MGD,1.304,MGD,,MGD,,06/30/2023
PR0021717,001,50050,"Flow, in conduit or thru treatment plant",0.673,Q1,AVG,Quantity1,MGD,.673,MGD,,MGD,,06/30/2023
PR0021717,001,50050,"Flow, in conduit or thru treatment plant",0.947,C3,AVG,Concentration3,MGD,.947,MGD,,MGD,,06/30/2023
PR0021717,001,50050,"Flow, in conduit or thru treatment plant",1.096,C3,AVG,Concentration3,MGD,1.096,MGD,,MGD,,07/31/2023
PR0021717,001,50050,"Flow, in conduit or thru treatment plant",0.622,Q1,AVG,Quantity1,MGD,.622,MGD,,MGD,,07/31/2023
PR0021717,001,50050,"Flow, in conduit or thru treatment plant",1.216,Q2,MAX,Quantity2,MGD,1.216,MGD,,MGD,,07/31/2023
PR0021717,001,50050,"Flow, in conduit or thru treatment plant",1.77,Q2,MAX,Quantity2,MGD,1.77,MGD,,MGD,,08/31/2023
PR0021717,001,50050,"Flow, in conduit or thru treatment plant",0.91,Q1,AVG,Quantity1,MGD,.91,MGD,,MGD,,08/31/2023
PR0021717,001,50050,"Flow, in conduit or thru treatment plant",1.2,C3,AVG,Concentration3,MGD,1.2,MGD,,MGD,,08/31/2023
PR0021717,001,50050,"Flow, in conduit or thru treatment plant",0.832,C3,AVG,Concentration3,MGD,.832,MGD,,MGD,,09/30/2023
PR0021717,001,50050,"Flow, in conduit or thru treatment plant",0.689,Q1,AVG,Quantity1,MGD,.689,MGD,,MGD,,09/30/2023
PR0021717,001,50050,"Flow, in conduit or thru treatment plant",1.246,Q2,MAX,Quantity2,MGD,1.246,MGD,,MGD,,09/30/2023
PR0021717,001,50050,"Flow, in conduit or thru treatment plant",0.87,Q1,AVG,Quantity1,MGD,.87,MGD,,MGD,,10/31/2023
PR0021717,001,50050,"Flow, in conduit or thru treatment plant",1.393,C3,AVG,Concentration3,MGD,1.393,MGD,,MGD,,10/31/2023
PR0021717,001,50050,"Flow, in conduit or thru treatment plant",1.489,Q2,MAX,Quantity2,MGD,1.489,MGD,,MGD,,10/31/2023
PR0021717,001,50050,"Flow, in conduit or thru treatment plant",1.12,C3,AVG,Concentration3,MGD,1.12,MGD,,MGD,,11/30/2023
PR0021717,001,50050,"Flow, in conduit or thru treatment plant",0.974,Q1,AVG,Quantity1,MGD,.974,MGD,,MGD,,11/30/2023
PR0021717,001,50050,"Flow, in conduit or thru treatment plant",1.822,Q2,MAX,Quantity2,MGD,1.822,MGD,,MGD,,11/30/2023
PR0021717,001,50050,"Flow, in conduit or thru treatment plant",1.058,Q2,MAX,Quantity2,MGD,1.058,MGD,,MGD,,12/31/2023
PR0021717,001,50050,"Flow, in conduit or thru treatment plant",0.765,Q1,AVG,Quantity1,MGD,.765,MGD,,MGD,,12/31/2023
PR0021717,001,50050,"Flow, in conduit or thru treatment plant",0.854,C3,AVG,Concentration3,MGD,.854,MGD,,MGD,,12/31/2023
PR0021717,001,50050,"Flow, in conduit or thru treatment plant",0.657,C3,AVG,Concentration3,MGD,.657,MGD,,MGD,,01/31/2024
PR0021717,001,50050,"Flow, in conduit or thru treatment plant",0.606,Q1,AVG,Quantity1,MGD,.606,MGD,,MGD,,01/31/2024
PR0021717,001,50050,"Flow, in conduit or thru treatment plant",0.847,Q2,MAX,Quantity2,MGD,.847,MGD,,MGD,,01/31/2024
PR0021717,001,50050,"Flow, in conduit or thru treatment plant",1.015,Q2,MAX,Quantity2,MGD,1.015,MGD,,MGD,,02/29/2024
PR0021717,001,50050,"Flow, in conduit or thru treatment plant",0.64,Q1,AVG,Quantity1,MGD,.64,MGD,,MGD,,02/29/2024
PR0021717,001,50050,"Flow, in conduit or thru treatment plant",0.716,C3,AVG,Concentration3,MGD,.716,MGD,,MGD,,02/29/2024
PR0021717,001,50050,"Flow, in conduit or thru treatment plant",0.607,C3,AVG,Concentration3,MGD,.607,MGD,,MGD,,03/31/2024
PR0021717,001,50050,"Flow, in conduit or thru treatment plant",0.572,Q1,AVG,Quantity1,MGD,.572,MGD,,MGD,,03/31/2024
PR0021717,001,50050,"Flow, in conduit or thru treatment plant",0.792,Q2,MAX,Quantity2,MGD,.792,MGD,,MGD,,03/31/2024
PR0021717,001,50050,"Flow, in conduit or thru treatment plant",1.634,Q2,MAX,Quantity2,MGD,1.634,MGD,,MGD,,04/30/2024
PR0021717,001,50050,"Flow, in conduit or thru treatment plant",0.771,Q1,AVG,Quantity1,MGD,.771,MGD,,MGD,,04/30/2024
PR0021717,001,50050,"Flow, in conduit or thru treatment plant",1.03,C3,AVG,Concentration3,MGD,1.03,MGD,,MGD,,04/30/2024
PR0021717,001,50050,"Flow, in conduit or thru treatment plant",1.17,C3,AVG,Concentration3,MGD,1.17,MGD,,MGD,,05/31/2024
PR0021717,001,50050,"Flow, in conduit or thru treatment plant",0.972,Q1,AVG,Quantity1,MGD,.972,MGD,,MGD,,05/31/2024
PR0021717,001,50050,"Flow, in conduit or thru treatment plant",1.655,Q2,MAX,Quantity2,MGD,1.655,MGD,,MGD,,05/31/2024
PR0021717,001,50050,"Flow, in conduit or thru treatment plant",1.808,Q2,MAX,Quantity2,MGD,1.808,MGD,,MGD,,06/30/2024
PR0021717,001,50050,"Flow, in conduit or thru treatment plant",1,Q1,AVG,Quantity1,MGD,1,MGD,,MGD,,06/30/2024
PR0021717,001,50050,"Flow, in conduit or thru treatment plant",1.39,C3,AVG,Concentration3,MGD,1.39,MGD,,MGD,,06/30/2024
PR0021717,001,50050,"Flow, in conduit or thru treatment plant",0.93,C3,AVG,Concentration3,MGD,.93,MGD,,MGD,,07/31/2024
PR0021717,001,50050,"Flow, in conduit or thru treatment plant",0.832,Q1,AVG,Quantity1,MGD,.832,MGD,,MGD,,07/31/2024
PR0021717,001,50050,"Flow, in conduit or thru treatment plant",1.565,Q2,MAX,Quantity2,MGD,1.565,MGD,,MGD,,07/31/2024
PR0021717,001,50050,"Flow, in conduit or thru treatment plant",1.654,Q2,MAX,Quantity2,MGD,1.654,MGD,,MGD,,08/31/2024
PR0021717,001,50050,"Flow, in conduit or thru treatment plant",0.844,Q1,AVG,Quantity1,MGD,.844,MGD,,MGD,,08/31/2024
PR0021717,001,50050,"Flow, in conduit or thru treatment plant",1.09,C3,AVG,Concentration3,MGD,1.09,MGD,,MGD,,08/31/2024
PR0021717,001,50050,"Flow, in conduit or thru treatment plant",1.44,C3,AVG,Concentration3,MGD,1.44,MGD,,MGD,,09/30/2024
PR0021717,001,50050,"Flow, in conduit or thru treatment plant",0.95,Q1,AVG,Quantity1,MGD,.95,MGD,,MGD,,09/30/2024
PR0021717,001,50050,"Flow, in conduit or thru treatment plant",2.081,Q2,MAX,Quantity2,MGD,2.081,MGD,,MGD,,09/30/2024
PR0021717,001,50050,"Flow, in conduit or thru treatment plant",0.996,Q2,MAX,Quantity2,MGD,.996,MGD,,MGD,,10/31/2024
PR0021717,001,50050,"Flow, in conduit or thru treatment plant",0.704,Q1,AVG,Quantity1,MGD,.704,MGD,,MGD,,10/31/2024
PR0021717,001,50050,"Flow, in conduit or thru treatment plant",0.815,C3,AVG,Concentration3,MGD,.815,MGD,,MGD,,10/31/2024
PR0021717,001,50050,"Flow, in conduit or thru treatment plant",2.12,C3,AVG,Concentration3,MGD,2.12,MGD,,MGD,,11/30/2024
PR0021717,001,50050,"Flow, in conduit or thru treatment plant",1.356,Q1,AVG,Quantity1,MGD,1.356,MGD,,MGD,,11/30/2024
PR0021717,001,50050,"Flow, in conduit or thru treatment plant",2.175,Q2,MAX,Quantity2,MGD,2.175,MGD,,MGD,,11/30/2024
PR0021717,001,50050,"Flow, in conduit or thru treatment plant",2.096,Q2,MAX,Quantity2,MGD,2.096,MGD,,MGD,,12/31/2024
PR0021717,001,50050,"Flow, in conduit or thru treatment plant",1.017,Q1,AVG,Quantity1,MGD,1.017,MGD,,MGD,,12/31/2024
PR0021717,001,50050,"Flow, in conduit or thru treatment plant",1.43,C3,AVG,Concentration3,MGD,1.43,MGD,,MGD,,12/31/2024
PR0021717,001,50050,"Flow, in conduit or thru treatment plant",1.251,Q2,MAX,Quantity2,MGD,1.251,MGD,,MGD,,01/31/2025
PR0021717,001,50050,"Flow, in conduit or thru treatment plant",0.825,C3,AVG,Concentration3,MGD,.825,MGD,,MGD,,01/31/2025
PR0021717,001,50050,"Flow, in conduit or thru treatment plant",0.785,Q1,AVG,Quantity1,MGD,.785,MGD,,MGD,,01/31/2025
PR0021717,001,50050,"Flow, in conduit or thru treatment plant",1.065,Q2,MAX,Quantity2,MGD,1.065,MGD,,MGD,,02/28/2025
PR0021717,001,50050,"Flow, in conduit or thru treatment plant",0.782,Q1,AVG,Quantity1,MGD,.782,MGD,,MGD,,02/28/2025
PR0021717,001,50050,"Flow, in conduit or thru treatment plant",0.834,C3,AVG,Concentration3,MGD,.834,MGD,,MGD,,02/28/2025
PR0021717,001,50050,"Flow, in conduit or thru treatment plant",0.899,C3,AVG,Concentration3,MGD,.899,MGD,,MGD,,03/31/2025
PR0021717,001,50050,"Flow, in conduit or thru treatment plant",0.841,Q1,AVG,Quantity1,MGD,.841,MGD,,MGD,,03/31/2025
PR0021717,001,50050,"Flow, in conduit or thru treatment plant",1.193,Q2,MAX,Quantity2,MGD,1.193,MGD,,MGD,,03/31/2025
PR0021717,001,50050,"Flow, in conduit or thru treatment plant",1.396,Q2,MAX,Quantity2,MGD,1.396,MGD,,MGD,,04/30/2025
PR0021717,001,50050,"Flow, in conduit or thru treatment plant",0.811,Q1,AVG,Quantity1,MGD,.811,MGD,,MGD,,04/30/2025
PR0021717,001,50050,"Flow, in conduit or thru treatment plant",1.171,C3,AVG,Concentration3,MGD,1.171,MGD,,MGD,,04/30/2025
PR0021717,001,50050,"Flow, in conduit or thru treatment plant",1.379,C3,AVG,Concentration3,MGD,1.379,MGD,,MGD,,05/31/2025
PR0021717,001,50050,"Flow, in conduit or thru treatment plant",1.107,Q1,AVG,Quantity1,MGD,1.107,MGD,,MGD,,05/31/2025
PR0021717,001,50050,"Flow, in conduit or thru treatment plant",1.927,Q2,MAX,Quantity2,MGD,1.927,MGD,,MGD,,05/31/2025
PR0021717,001,50050,"Flow, in conduit or thru treatment plant",0.782,Q1,AVG,Quantity1,MGD,.782,MGD,,MGD,,06/30/2025
PR0021717,001,50050,"Flow, in conduit or thru treatment plant",0.917,C3,AVG,Concentration3,MGD,.917,MGD,,MGD,,06/30/2025
PR0021717,001,50050,"Flow, in conduit or thru treatment plant",1.314,Q2,MAX,Quantity2,MGD,1.314,MGD,,MGD,,06/30/2025
PR0021717,001,50050,"Flow, in conduit or thru treatment plant",0.859,C3,AVG,Concentration3,MGD,.859,MGD,,MGD,,07/31/2025
PR0021717,001,50050,"Flow, in conduit or thru treatment plant",0.703,Q1,AVG,Quantity1,MGD,.703,MGD,,MGD,,07/31/2025
PR0021717,001,50050,"Flow, in conduit or thru treatment plant",0.985,Q2,MAX,Quantity2,MGD,.985,MGD,,MGD,,07/31/2025
PR0021717,001,50050,"Flow, in conduit or thru treatment plant",7.33,Q2,MAX,Quantity2,MGD,7.33,MGD,,MGD,,08/31/2025
PR0021717,001,50050,"Flow, in conduit or thru treatment plant",0.78,Q1,AVG,Quantity1,MGD,.78,MGD,,MGD,,08/31/2025
PR0021717,001,50050,"Flow, in conduit or thru treatment plant",0.92,C3,AVG,Concentration3,MGD,.92,MGD,,MGD,,08/31/2025
PR0021717,001,50050,"Flow, in conduit or thru treatment plant",1.23,C3,AVG,Concentration3,MGD,1.23,MGD,,MGD,,09/30/2025
PR0021717,001,50050,"Flow, in conduit or thru treatment plant",0.935,Q1,AVG,Quantity1,MGD,.935,MGD,,MGD,,09/30/2025
PR0021717,001,50050,"Flow, in conduit or thru treatment plant",1.417,Q2,MAX,Quantity2,MGD,1.417,MGD,,MGD,,09/30/2025
PR0021717,001,50050,"Flow, in conduit or thru treatment plant",0.798,Q1,AVG,Quantity1,MGD,.798,MGD,,MGD,,10/31/2025
PR0021717,001,50050,"Flow, in conduit or thru treatment plant",1,C3,AVG,Concentration3,MGD,1,MGD,,MGD,,10/31/2025
PR0021717,001,50050,"Flow, in conduit or thru treatment plant",1.381,Q2,MAX,Quantity2,MGD,1.381,MGD,,MGD,,10/31/2025
PR0021717,001,50050,"Flow, in conduit or thru treatment plant",1.296,C3,AVG,Concentration3,MGD,1.296,MGD,,MGD,,11/30/2025
PR0021717,001,50050,"Flow, in conduit or thru treatment plant",1.035,Q1,AVG,Quantity1,MGD,1.035,MGD,,MGD,,11/30/2025
PR0021717,001,50050,"Flow, in conduit or thru treatment plant",1.76,Q2,MAX,Quantity2,MGD,1.76,MGD,,MGD,,11/30/2025
PR0021717,001,50050,"Flow, in conduit or thru treatment plant",1.298,Q2,MAX,Quantity2,MGD,1.298,MGD,,MGD,,12/31/2025
PR0021717,001,50050,"Flow, in conduit or thru treatment plant",0.948,Q1,AVG,Quantity1,MGD,.948,MGD,,MGD,,12/31/2025
PR0021717,001,50050,"Flow, in conduit or thru treatment plant",1.167,C3,AVG,Concentration3,MGD,1.167,MGD,,MGD,,12/31/2025
PR0021717,001,50050,"Flow, in conduit or thru treatment plant",0.86,C3,AVG,Concentration3,MGD,.86,MGD,,MGD,,01/31/2026
PR0021717,001,50050,"Flow, in conduit or thru treatment plant",0.802,Q1,AVG,Quantity1,MGD,.802,MGD,,MGD,,01/31/2026
PR0021717,001,50050,"Flow, in conduit or thru treatment plant",1.006,Q2,MAX,Quantity2,MGD,1.006,MGD,,MGD,,01/31/2026
PR0021717,001,50060,"Chlorine, total residual",NA,C3,MAX,Concentration3,,,mg/L,11,ug/L,B,01/31/2020
PR0021717,001,50060,"Chlorine, total residual",NA,C3,MAX,Concentration3,,,mg/L,11,ug/L,B,02/29/2020
PR0021717,001,50060,"Chlorine, total residual",NA,C3,MAX,Concentration3,,,mg/L,11,ug/L,B,03/31/2020
PR0021717,001,50060,"Chlorine, total residual",NA,C3,MAX,Concentration3,,,mg/L,11,ug/L,B,04/30/2020
PR0021717,001,50060,"Chlorine, total residual",NA,C3,MAX,Concentration3,,,mg/L,11,ug/L,B,05/31/2020
PR0021717,001,50060,"Chlorine, total residual",NA,C3,MAX,Concentration3,,,mg/L,11,ug/L,B,06/30/2020
PR0021717,001,50060,"Chlorine, total residual",NA,C3,MAX,Concentration3,,,mg/L,11,ug/L,B,07/31/2020
PR0021717,001,50060,"Chlorine, total residual",NA,C3,MAX,Concentration3,,,mg/L,11,ug/L,B,08/31/2020
PR0021717,001,50060,"Chlorine, total residual",NA,C3,MAX,Concentration3,,,mg/L,11,ug/L,B,09/30/2020
PR0021717,001,50060,"Chlorine, total residual",NA,C3,MAX,Concentration3,,,mg/L,11,ug/L,B,10/31/2020
PR0021717,001,50060,"Chlorine, total residual",NA,C3,MAX,Concentration3,,,mg/L,11,ug/L,B,11/30/2020
PR0021717,001,50060,"Chlorine, total residual",NA,C3,MAX,Concentration3,,,mg/L,11,ug/L,B,12/31/2020
PR0021717,001,50060,"Chlorine, total residual",NA,C3,MAX,Concentration3,,,mg/L,11,ug/L,B,01/31/2021
PR0021717,001,50060,"Chlorine, total residual",NA,C3,MAX,Concentration3,,,mg/L,11,ug/L,B,02/28/2021
PR0021717,001,50060,"Chlorine, total residual",NA,C3,MAX,Concentration3,,,mg/L,11,ug/L,B,03/31/2021
PR0021717,001,50060,"Chlorine, total residual",NA,C3,MAX,Concentration3,,,mg/L,11,ug/L,B,04/30/2021
PR0021717,001,50060,"Chlorine, total residual",NA,C3,MAX,Concentration3,,,mg/L,11,ug/L,B,05/31/2021
PR0021717,001,50060,"Chlorine, total residual",NA,C3,MAX,Concentration3,,,mg/L,11,ug/L,B,06/30/2021
PR0021717,001,50060,"Chlorine, total residual",NA,C3,MAX,Concentration3,,,mg/L,11,ug/L,B,07/31/2021
PR0021717,001,50060,"Chlorine, total residual",NA,C3,MAX,Concentration3,,,mg/L,11,ug/L,B,08/31/2021
PR0021717,001,50060,"Chlorine, total residual",NA,C3,MAX,Concentration3,,,mg/L,11,ug/L,B,09/30/2021
PR0021717,001,50060,"Chlorine, total residual",NA,C3,MAX,Concentration3,,,mg/L,11,ug/L,B,10/31/2021
PR0021717,001,50060,"Chlorine, total residual",NA,C3,MAX,Concentration3,,,mg/L,11,ug/L,B,11/30/2021
PR0021717,001,50060,"Chlorine, total residual",NA,C3,MAX,Concentration3,,,mg/L,11,ug/L,B,12/31/2021
PR0021717,001,50060,"Chlorine, total residual",NA,C3,MAX,Concentration3,,,mg/L,11,ug/L,B,01/31/2022
PR0021717,001,50060,"Chlorine, total residual",NA,C3,MAX,Concentration3,,,mg/L,11,ug/L,B,02/28/2022
PR0021717,001,50060,"Chlorine, total residual",NA,C3,MAX,Concentration3,,,mg/L,11,ug/L,B,03/31/2022
PR0021717,001,50060,"Chlorine, total residual",NA,C3,MAX,Concentration3,,,mg/L,11,ug/L,B,04/30/2022
PR0021717,001,50060,"Chlorine, total residual",NA,C3,MAX,Concentration3,,,mg/L,11,ug/L,B,05/31/2022
PR0021717,001,50060,"Chlorine, total residual",NA,C3,MAX,Concentration3,,,mg/L,11,ug/L,B,06/30/2022
PR0021717,001,50060,"Chlorine, total residual",NA,C3,MAX,Concentration3,,,mg/L,11,ug/L,B,07/31/2022
PR0021717,001,50060,"Chlorine, total residual",NA,C3,MAX,Concentration3,,,mg/L,11,ug/L,B,08/31/2022
PR0021717,001,50060,"Chlorine, total residual",NA,C3,MAX,Concentration3,,,mg/L,11,ug/L,B,09/30/2022
PR0021717,001,50060,"Chlorine, total residual",NA,C3,MAX,Concentration3,,,mg/L,11,ug/L,B,10/31/2022
PR0021717,001,50060,"Chlorine, total residual",NA,C3,MAX,Concentration3,,,mg/L,11,ug/L,B,11/30/2022
PR0021717,001,50060,"Chlorine, total residual",NA,C3,MAX,Concentration3,,,mg/L,11,ug/L,B,12/31/2022
PR0021717,001,50060,"Chlorine, total residual",NA,C3,MAX,Concentration3,,,mg/L,11,ug/L,B,01/31/2023
PR0021717,001,50060,"Chlorine, total residual",NA,C3,MAX,Concentration3,,,mg/L,11,ug/L,B,02/28/2023
PR0021717,001,50060,"Chlorine, total residual",NA,C3,MAX,Concentration3,,,mg/L,11,ug/L,B,03/31/2023
PR0021717,001,50060,"Chlorine, total residual",NA,C3,MAX,Concentration3,,,mg/L,11,ug/L,B,04/30/2023
PR0021717,001,50060,"Chlorine, total residual",NA,C3,MAX,Concentration3,,,mg/L,11,ug/L,B,05/31/2023
PR0021717,001,50060,"Chlorine, total residual",NA,C3,MAX,Concentration3,,,mg/L,11,ug/L,B,06/30/2023
PR0021717,001,50060,"Chlorine, total residual",NA,C3,MAX,Concentration3,,,mg/L,11,ug/L,B,07/31/2023
PR0021717,001,50060,"Chlorine, total residual",NA,C3,MAX,Concentration3,,,mg/L,11,ug/L,B,08/31/2023
PR0021717,001,50060,"Chlorine, total residual",NA,C3,MAX,Concentration3,,,mg/L,11,ug/L,B,09/30/2023
PR0021717,001,50060,"Chlorine, total residual",NA,C3,MAX,Concentration3,,,mg/L,11,ug/L,B,10/31/2023
PR0021717,001,50060,"Chlorine, total residual",NA,C3,MAX,Concentration3,,,mg/L,11,ug/L,B,11/30/2023
PR0021717,001,50060,"Chlorine, total residual",NA,C3,MAX,Concentration3,,,mg/L,11,ug/L,B,12/31/2023
PR0021717,001,50060,"Chlorine, total residual",NA,C3,MAX,Concentration3,,,mg/L,11,ug/L,B,01/31/2024
PR0021717,001,50060,"Chlorine, total residual",NA,C3,MAX,Concentration3,,,mg/L,11,ug/L,B,02/29/2024
PR0021717,001,50060,"Chlorine, total residual",NA,C3,MAX,Concentration3,,,mg/L,11,ug/L,B,03/31/2024
PR0021717,001,50060,"Chlorine, total residual",NA,C3,MAX,Concentration3,,,mg/L,11,ug/L,B,04/30/2024
PR0021717,001,50060,"Chlorine, total residual",NA,C3,MAX,Concentration3,,,mg/L,11,ug/L,B,05/31/2024
PR0021717,001,50060,"Chlorine, total residual",NA,C3,MAX,Concentration3,,,mg/L,11,ug/L,B,06/30/2024
PR0021717,001,50060,"Chlorine, total residual",NA,C3,MAX,Concentration3,,,mg/L,11,ug/L,B,07/31/2024
PR0021717,001,50060,"Chlorine, total residual",NA,C3,MAX,Concentration3,,,mg/L,11,ug/L,B,08/31/2024
PR0021717,001,50060,"Chlorine, total residual",NA,C3,MAX,Concentration3,,,mg/L,11,ug/L,B,09/30/2024
PR0021717,001,50060,"Chlorine, total residual",NA,C3,MAX,Concentration3,,,mg/L,11,ug/L,B,10/31/2024
PR0021717,001,50060,"Chlorine, total residual",NA,C3,MAX,Concentration3,,,mg/L,11,ug/L,B,11/30/2024
PR0021717,001,50060,"Chlorine, total residual",NA,C3,MAX,Concentration3,,,mg/L,11,ug/L,B,12/31/2024
PR0021717,001,50060,"Chlorine, total residual",NA,C3,MAX,Concentration3,,,mg/L,11,ug/L,B,01/31/2025
PR0021717,001,50060,"Chlorine, total residual",NA,C3,MAX,Concentration3,,,mg/L,11,ug/L,B,02/28/2025
PR0021717,001,50060,"Chlorine, total residual",NA,C3,MAX,Concentration3,,,mg/L,11,ug/L,B,03/31/2025
PR0021717,001,50060,"Chlorine, total residual",NA,C3,MAX,Concentration3,,,mg/L,11,ug/L,B,04/30/2025
PR0021717,001,50060,"Chlorine, total residual",NA,C3,MAX,Concentration3,,,mg/L,11,ug/L,B,05/31/2025
PR0021717,001,50060,"Chlorine, total residual",NA,C3,MAX,Concentration3,,,mg/L,11,ug/L,B,06/30/2025
PR0021717,001,50060,"Chlorine, total residual",NA,C3,MAX,Concentration3,,,mg/L,11,ug/L,B,07/31/2025
PR0021717,001,50060,"Chlorine, total residual",NA,C3,MAX,Concentration3,,,mg/L,11,ug/L,B,08/31/2025
PR0021717,001,50060,"Chlorine, total residual",NA,C3,MAX,Concentration3,,,mg/L,11,ug/L,B,09/30/2025
PR0021717,001,50060,"Chlorine, total residual",NA,C3,MAX,Concentration3,,,mg/L,11,ug/L,B,10/31/2025
PR0021717,001,50060,"Chlorine, total residual",NA,C3,MAX,Concentration3,,,mg/L,11,ug/L,B,11/30/2025
PR0021717,001,50060,"Chlorine, total residual",NA,C3,MAX,Concentration3,,,mg/L,11,ug/L,B,12/31/2025
PR0021717,001,50060,"Chlorine, total residual",NA,C3,MAX,Concentration3,,,mg/L,11,ug/L,B,01/31/2026
PR0021717,001,51173,"Cyanide, free available",2.36,C3,MAX,Concentration3,ug/L,.00236,mg/L,,ug/L,,03/31/2020
PR0021717,001,51173,"Cyanide, free available",1.15,C3,MAX,Concentration3,ug/L,.00115,mg/L,,ug/L,,06/30/2020
PR0021717,001,51173,"Cyanide, free available",1.16,C3,MAX,Concentration3,ug/L,.00116,mg/L,,ug/L,,09/30/2020
PR0021717,001,51173,"Cyanide, free available",1.19,C3,MAX,Concentration3,ug/L,.00119,mg/L,,ug/L,,12/31/2020
PR0021717,001,51173,"Cyanide, free available",1.01,C3,MAX,Concentration3,ug/L,.00101,mg/L,,ug/L,,03/31/2021
PR0021717,001,51173,"Cyanide, free available",1.48,C3,MAX,Concentration3,ug/L,.00148,mg/L,,ug/L,,06/30/2021
PR0021717,001,51173,"Cyanide, free available",0.5,C3,MAX,Concentration3,ug/L,.0005,mg/L,,ug/L,,09/30/2021
PR0021717,001,51173,"Cyanide, free available",0.6,C3,MAX,Concentration3,ug/L,.0006,mg/L,,ug/L,,12/31/2021
PR0021717,001,51173,"Cyanide, free available",3.4,C3,MAX,Concentration3,ug/L,.0034,mg/L,,ug/L,,03/31/2022
PR0021717,001,51173,"Cyanide, free available",0.5,C3,MAX,Concentration3,ug/L,.0005,mg/L,,ug/L,,06/30/2022
PR0021717,001,51173,"Cyanide, free available",0.5,C3,MAX,Concentration3,ug/L,.0005,mg/L,,ug/L,,09/30/2022
PR0021717,001,51173,"Cyanide, free available",0.6,C3,MAX,Concentration3,ug/L,.0006,mg/L,,ug/L,,12/31/2022
PR0021717,001,51173,"Cyanide, free available",0.6,C3,MAX,Concentration3,ug/L,.0006,mg/L,,ug/L,,03/31/2023
PR0021717,001,51173,"Cyanide, free available",0.7,C3,MAX,Concentration3,ug/L,.0007,mg/L,,ug/L,,06/30/2023
PR0021717,001,51173,"Cyanide, free available",0.7,C3,MAX,Concentration3,ug/L,.0007,mg/L,,ug/L,,09/30/2023
PR0021717,001,51173,"Cyanide, free available",0.5,C3,MAX,Concentration3,ug/L,.0005,mg/L,,ug/L,,12/31/2023
PR0021717,001,51173,"Cyanide, free available",1.4,C3,MAX,Concentration3,ug/L,.0014,mg/L,,ug/L,,03/31/2024
PR0021717,001,51173,"Cyanide, free available",1.6,C3,MAX,Concentration3,ug/L,.0016,mg/L,,ug/L,,06/30/2024
PR0021717,001,51173,"Cyanide, free available",3.8,C3,MAX,Concentration3,ug/L,.0038,mg/L,,ug/L,,09/30/2024
PR0021717,001,51173,"Cyanide, free available",2.2,C3,MAX,Concentration3,ug/L,.0022,mg/L,,ug/L,,12/31/2024
PR0021717,001,51173,"Cyanide, free available",0.5,C3,MAX,Concentration3,ug/L,.0005,mg/L,,ug/L,,03/31/2025
PR0021717,001,51173,"Cyanide, free available",0.6,C3,MAX,Concentration3,ug/L,.0006,mg/L,,ug/L,,06/30/2025
PR0021717,001,51173,"Cyanide, free available",0.5,C3,MAX,Concentration3,ug/L,.0005,mg/L,,ug/L,,09/30/2025
PR0021717,001,51173,"Cyanide, free available",1,C3,MAX,Concentration3,ug/L,.001,mg/L,,ug/L,,12/31/2025
PR0021717,001,51202,Sulfide-hydrogen sulfide [undissociated],1e-4,C3,MAX,Concentration3,mg/L,.0001,mg/L,2,mg/L,,03/31/2020
PR0021717,001,51202,Sulfide-hydrogen sulfide [undissociated],1e-4,C3,MAX,Concentration3,mg/L,.0001,mg/L,2,mg/L,,06/30/2020
PR0021717,001,51202,Sulfide-hydrogen sulfide [undissociated],1e-4,C3,MAX,Concentration3,mg/L,.0001,mg/L,2,mg/L,,09/30/2020
PR0021717,001,51202,Sulfide-hydrogen sulfide [undissociated],0.0111,C3,MAX,Concentration3,mg/L,.0111,mg/L,2,mg/L,,12/31/2020
PR0021717,001,51202,Sulfide-hydrogen sulfide [undissociated],1e-4,C3,MAX,Concentration3,mg/L,.0001,mg/L,2,mg/L,,03/31/2021
PR0021717,001,51202,Sulfide-hydrogen sulfide [undissociated],1e-4,C3,MAX,Concentration3,mg/L,.0001,mg/L,2,mg/L,,06/30/2021
PR0021717,001,51202,Sulfide-hydrogen sulfide [undissociated],1e-4,C3,MAX,Concentration3,mg/L,.0001,mg/L,2,mg/L,,09/30/2021
PR0021717,001,51202,Sulfide-hydrogen sulfide [undissociated],1e-4,C3,MAX,Concentration3,mg/L,.0001,mg/L,2,mg/L,,12/31/2021
PR0021717,001,51202,Sulfide-hydrogen sulfide [undissociated],1e-4,C3,MAX,Concentration3,mg/L,.0001,mg/L,2,mg/L,,03/31/2022
PR0021717,001,51202,Sulfide-hydrogen sulfide [undissociated],1e-4,C3,MAX,Concentration3,mg/L,.0001,mg/L,2,mg/L,,06/30/2022
PR0021717,001,51202,Sulfide-hydrogen sulfide [undissociated],1e-4,C3,MAX,Concentration3,mg/L,.0001,mg/L,2,mg/L,,09/30/2022
PR0021717,001,51202,Sulfide-hydrogen sulfide [undissociated],1e-4,C3,MAX,Concentration3,mg/L,.0001,mg/L,2,mg/L,,12/31/2022
PR0021717,001,51202,Sulfide-hydrogen sulfide [undissociated],1e-4,C3,MAX,Concentration3,mg/L,.0001,mg/L,2,mg/L,,03/31/2023
PR0021717,001,51202,Sulfide-hydrogen sulfide [undissociated],0.0058,C3,MAX,Concentration3,mg/L,.0058,mg/L,2,mg/L,,06/30/2023
PR0021717,001,51202,Sulfide-hydrogen sulfide [undissociated],1e-4,C3,MAX,Concentration3,mg/L,.0001,mg/L,2,mg/L,,09/30/2023
PR0021717,001,51202,Sulfide-hydrogen sulfide [undissociated],0.0036,C3,MAX,Concentration3,mg/L,.0036,mg/L,2,mg/L,,12/31/2023
PR0021717,001,51202,Sulfide-hydrogen sulfide [undissociated],0.0063,C3,MAX,Concentration3,mg/L,.0063,mg/L,2,mg/L,,03/31/2024
PR0021717,001,51202,Sulfide-hydrogen sulfide [undissociated],1e-4,C3,MAX,Concentration3,mg/L,.0001,mg/L,2,mg/L,,06/30/2024
PR0021717,001,51202,Sulfide-hydrogen sulfide [undissociated],1e-4,C3,MAX,Concentration3,mg/L,.0001,mg/L,2,mg/L,,09/30/2024
PR0021717,001,51202,Sulfide-hydrogen sulfide [undissociated],0.0215,C3,MAX,Concentration3,mg/L,.0215,mg/L,2,mg/L,,12/31/2024
PR0021717,001,51202,Sulfide-hydrogen sulfide [undissociated],9e-4,C3,MAX,Concentration3,mg/L,.0009,mg/L,2,mg/L,,03/31/2025
PR0021717,001,51202,Sulfide-hydrogen sulfide [undissociated],9e-4,C3,MAX,Concentration3,mg/L,.0009,mg/L,2,mg/L,,06/30/2025
PR0021717,001,51202,Sulfide-hydrogen sulfide [undissociated],0.0015,C3,MAX,Concentration3,mg/L,.0015,mg/L,2,mg/L,,09/30/2025
PR0021717,001,51202,Sulfide-hydrogen sulfide [undissociated],0.0016,C3,MAX,Concentration3,mg/L,.0016,mg/L,2,mg/L,,12/31/2025
PR0021717,001,51714,Whole Effluent Toxicity [WET] - P. promelas,NA,C1,MIN,Concentration1,,,%,,%,,12/31/2020
PR0021717,001,51714,Whole Effluent Toxicity [WET] - P. promelas,100,C1,MIN,Concentration1,%,100,%,,%,,12/31/2021
PR0021717,001,51714,Whole Effluent Toxicity [WET] - P. promelas,100,C1,MIN,Concentration1,%,100,%,,%,,12/31/2022
PR0021717,001,51714,Whole Effluent Toxicity [WET] - P. promelas,100,C1,MIN,Concentration1,%,100,%,,%,,12/31/2023
PR0021717,001,51714,Whole Effluent Toxicity [WET] - P. promelas,100,C1,MIN,Concentration1,%,100,%,,%,,12/31/2024
PR0021717,001,51714,Whole Effluent Toxicity [WET] - P. promelas,100,C1,MIN,Concentration1,%,100,%,,%,,12/31/2025
PR0021717,001,51923,Whole Effluent Toxicity  [WET] - D. magna,NA,C1,MIN,Concentration1,,,%,,%,,12/31/2020
PR0021717,001,51923,Whole Effluent Toxicity  [WET] - D. magna,100,C1,MIN,Concentration1,%,100,%,,%,,12/31/2021
PR0021717,001,51923,Whole Effluent Toxicity  [WET] - D. magna,100,C1,MIN,Concentration1,%,100,%,,%,,12/31/2022
PR0021717,001,51923,Whole Effluent Toxicity  [WET] - D. magna,100,C1,MIN,Concentration1,%,100,%,,%,,12/31/2023
PR0021717,001,51923,Whole Effluent Toxicity  [WET] - D. magna,100,C1,MIN,Concentration1,%,100,%,,%,,12/31/2024
PR0021717,001,51923,Whole Effluent Toxicity  [WET] - D. magna,100,C1,MIN,Concentration1,%,100,%,,%,,12/31/2025
PR0021717,001,61211,Enterococci,66,C2,AVG,Concentration2,#/100mL,66,MPN/100mL,,#/100mL,,01/31/2020
PR0021717,001,61211,Enterococci,844,C3,MAX,Concentration3,#/100mL,844,MPN/100mL,,#/100mL,,01/31/2020
PR0021717,001,61211,Enterococci,318.4,C3,MAX,Concentration3,#/100mL,318.4,MPN/100mL,,#/100mL,,02/29/2020
PR0021717,001,61211,Enterococci,70,C2,AVG,Concentration2,#/100mL,70,MPN/100mL,,#/100mL,,02/29/2020
PR0021717,001,61211,Enterococci,29,C2,AVG,Concentration2,#/100mL,29,MPN/100mL,,#/100mL,,03/31/2020
PR0021717,001,61211,Enterococci,198.9,C3,MAX,Concentration3,#/100mL,198.9,MPN/100mL,,#/100mL,,03/31/2020
PR0021717,001,61211,Enterococci,198.9,C3,MAX,Concentration3,#/100mL,198.9,MPN/100mL,,#/100mL,,04/30/2020
PR0021717,001,61211,Enterococci,27,C2,AVG,Concentration2,#/100mL,27,MPN/100mL,,#/100mL,,04/30/2020
PR0021717,001,61211,Enterococci,15,C2,AVG,Concentration2,#/100mL,15,MPN/100mL,,#/100mL,,05/31/2020
PR0021717,001,61211,Enterococci,61,C3,MAX,Concentration3,#/100mL,61,MPN/100mL,,#/100mL,,05/31/2020
PR0021717,001,61211,Enterococci,61,C3,MAX,Concentration3,#/100mL,61,MPN/100mL,,#/100mL,,06/30/2020
PR0021717,001,61211,Enterococci,14,C2,AVG,Concentration2,#/100mL,14,MPN/100mL,,#/100mL,,06/30/2020
PR0021717,001,61211,Enterococci,10,C2,AVG,Concentration2,#/100mL,10,MPN/100mL,,#/100mL,,07/31/2020
PR0021717,001,61211,Enterococci,48.2,C3,MAX,Concentration3,#/100mL,48.2,MPN/100mL,,#/100mL,,07/31/2020
PR0021717,001,61211,Enterococci,1271,C3,MAX,Concentration3,#/100mL,1271,MPN/100mL,,#/100mL,,08/31/2020
PR0021717,001,61211,Enterococci,26,C2,AVG,Concentration2,#/100mL,26,MPN/100mL,,#/100mL,,08/31/2020
PR0021717,001,61211,Enterococci,83,C2,AVG,Concentration2,#/100mL,83,MPN/100mL,,#/100mL,,09/30/2020
PR0021717,001,61211,Enterococci,1860,C3,MAX,Concentration3,#/100mL,1860,MPN/100mL,,#/100mL,,09/30/2020
PR0021717,001,61211,Enterococci,2420,C3,MAX,Concentration3,#/100mL,2420,MPN/100mL,,#/100mL,,10/31/2020
PR0021717,001,61211,Enterococci,621,C2,AVG,Concentration2,#/100mL,621,MPN/100mL,,#/100mL,,10/31/2020
PR0021717,001,61211,Enterococci,922,C2,AVG,Concentration2,#/100mL,922,MPN/100mL,,#/100mL,,11/30/2020
PR0021717,001,61211,Enterococci,2420,C3,MAX,Concentration3,#/100mL,2420,MPN/100mL,,#/100mL,,11/30/2020
PR0021717,001,61211,Enterococci,2420,C3,MAX,Concentration3,#/100mL,2420,MPN/100mL,,#/100mL,,12/31/2020
PR0021717,001,61211,Enterococci,2026,C2,AVG,Concentration2,#/100mL,2026,MPN/100mL,,#/100mL,,12/31/2020
PR0021717,001,61211,Enterococci,2182,C2,AVG,Concentration2,#/100mL,2182,MPN/100mL,,#/100mL,,01/31/2021
PR0021717,001,61211,Enterococci,2420,C3,MAX,Concentration3,#/100mL,2420,MPN/100mL,,#/100mL,,01/31/2021
PR0021717,001,61211,Enterococci,2420,C3,MAX,Concentration3,#/100mL,2420,MPN/100mL,,#/100mL,,02/28/2021
PR0021717,001,61211,Enterococci,2082,C2,AVG,Concentration2,#/100mL,2082,MPN/100mL,,#/100mL,,02/28/2021
PR0021717,001,61211,Enterococci,2082,C2,AVG,Concentration2,#/100mL,2082,MPN/100mL,,#/100mL,,03/31/2021
PR0021717,001,61211,Enterococci,2420,C3,MAX,Concentration3,#/100mL,2420,MPN/100mL,,#/100mL,,03/31/2021
PR0021717,001,61211,Enterococci,2420,C3,MAX,Concentration3,#/100mL,2420,MPN/100mL,,#/100mL,,04/30/2021
PR0021717,001,61211,Enterococci,1720,C2,AVG,Concentration2,#/100mL,1720,MPN/100mL,,#/100mL,,04/30/2021
PR0021717,001,61211,Enterococci,1891,C2,AVG,Concentration2,#/100mL,1891,MPN/100mL,,#/100mL,,05/31/2021
PR0021717,001,61211,Enterococci,2420,C3,MAX,Concentration3,#/100mL,2420,MPN/100mL,,#/100mL,,05/31/2021
PR0021717,001,61211,Enterococci,2420,C3,MAX,Concentration3,#/100mL,2420,MPN/100mL,,#/100mL,,06/30/2021
PR0021717,001,61211,Enterococci,1891,C2,AVG,Concentration2,#/100mL,1891,MPN/100mL,,#/100mL,,06/30/2021
PR0021717,001,61211,Enterococci,1024,C2,AVG,Concentration2,#/100mL,1024,MPN/100mL,,#/100mL,,07/31/2021
PR0021717,001,61211,Enterococci,2420,C3,MAX,Concentration3,#/100mL,2420,MPN/100mL,,#/100mL,,07/31/2021
PR0021717,001,61211,Enterococci,2420,C3,MAX,Concentration3,#/100mL,2420,MPN/100mL,,#/100mL,,08/31/2021
PR0021717,001,61211,Enterococci,513,C2,AVG,Concentration2,#/100mL,513,MPN/100mL,,#/100mL,,08/31/2021
PR0021717,001,61211,Enterococci,215,C2,AVG,Concentration2,#/100mL,215,MPN/100mL,,#/100mL,,09/30/2021
PR0021717,001,61211,Enterococci,435.9,C3,MAX,Concentration3,#/100mL,435.9,MPN/100mL,,#/100mL,,09/30/2021
PR0021717,001,61211,Enterococci,1670,C3,MAX,Concentration3,#/100mL,1670,MPN/100mL,,#/100mL,,10/31/2021
PR0021717,001,61211,Enterococci,409,C2,AVG,Concentration2,#/100mL,409,MPN/100mL,,#/100mL,,10/31/2021
PR0021717,001,61211,Enterococci,688,C2,AVG,Concentration2,#/100mL,688,MPN/100mL,,#/100mL,,11/30/2021
PR0021717,001,61211,Enterococci,2076,C3,MAX,Concentration3,#/100mL,2076,MPN/100mL,,#/100mL,,11/30/2021
PR0021717,001,61211,Enterococci,2076,C3,MAX,Concentration3,#/100mL,2076,MPN/100mL,,#/100mL,,12/31/2021
PR0021717,001,61211,Enterococci,715,C2,AVG,Concentration2,#/100mL,715,MPN/100mL,,#/100mL,,12/31/2021
PR0021717,001,61211,Enterococci,747,C2,AVG,Concentration2,#/100mL,747,MPN/100mL,,#/100mL,,01/31/2022
PR0021717,001,61211,Enterococci,2077,C3,MAX,Concentration3,#/100mL,2077,MPN/100mL,,#/100mL,,01/31/2022
PR0021717,001,61211,Enterococci,2420,C3,MAX,Concentration3,#/100mL,2420,MPN/100mL,,#/100mL,,02/28/2022
PR0021717,001,61211,Enterococci,845,C2,AVG,Concentration2,#/100mL,845,MPN/100mL,,#/100mL,,02/28/2022
PR0021717,001,61211,Enterococci,1942,C2,AVG,Concentration2,#/100mL,1942,MPN/100mL,,#/100mL,,03/31/2022
PR0021717,001,61211,Enterococci,2420,C3,MAX,Concentration3,#/100mL,2420,MPN/100mL,,#/100mL,,03/31/2022
PR0021717,001,61211,Enterococci,2420,C3,MAX,Concentration3,#/100mL,2420,MPN/100mL,,#/100mL,,04/30/2022
PR0021717,001,61211,Enterococci,2182,C2,AVG,Concentration2,#/100mL,2182,MPN/100mL,,#/100mL,,04/30/2022
PR0021717,001,61211,Enterococci,2420,C2,AVG,Concentration2,#/100mL,2420,MPN/100mL,,#/100mL,,05/31/2022
PR0021717,001,61211,Enterococci,2420,C3,MAX,Concentration3,#/100mL,2420,MPN/100mL,,#/100mL,,05/31/2022
PR0021717,001,61211,Enterococci,2420,C3,MAX,Concentration3,#/100mL,2420,MPN/100mL,,#/100mL,,06/30/2022
PR0021717,001,61211,Enterococci,880,C2,AVG,Concentration2,#/100mL,880,MPN/100mL,,#/100mL,,06/30/2022
PR0021717,001,61211,Enterococci,406,C2,AVG,Concentration2,#/100mL,406,MPN/100mL,,#/100mL,,07/31/2022
PR0021717,001,61211,Enterococci,2420,C3,MAX,Concentration3,#/100mL,2420,MPN/100mL,,#/100mL,,07/31/2022
PR0021717,001,61211,Enterococci,369.4,C3,MAX,Concentration3,#/100mL,369.4,MPN/100mL,,#/100mL,,08/31/2022
PR0021717,001,61211,Enterococci,125,C2,AVG,Concentration2,#/100mL,125,MPN/100mL,,#/100mL,,08/31/2022
PR0021717,001,61211,Enterococci,325,C2,AVG,Concentration2,#/100mL,325,MPN/100mL,,#/100mL,,09/30/2022
PR0021717,001,61211,Enterococci,2077,C3,MAX,Concentration3,#/100mL,2077,MPN/100mL,,#/100mL,,09/30/2022
PR0021717,001,61211,Enterococci,2077,C3,MAX,Concentration3,#/100mL,2077,MPN/100mL,,#/100mL,,10/31/2022
PR0021717,001,61211,Enterococci,430,C2,AVG,Concentration2,#/100mL,430,MPN/100mL,,#/100mL,,10/31/2022
PR0021717,001,61211,Enterococci,705,C2,AVG,Concentration2,#/100mL,705,MPN/100mL,,#/100mL,,11/30/2022
PR0021717,001,61211,Enterococci,2077,C3,MAX,Concentration3,#/100mL,2077,MPN/100mL,,#/100mL,,11/30/2022
PR0021717,001,61211,Enterococci,1812,C3,MAX,Concentration3,#/100mL,1812,MPN/100mL,,#/100mL,,12/31/2022
PR0021717,001,61211,Enterococci,663,C2,AVG,Concentration2,#/100mL,663,MPN/100mL,,#/100mL,,12/31/2022
PR0021717,001,61211,Enterococci,1812,C3,MAX,Concentration3,#/100mL,1812,MPN/100mL,,#/100mL,,01/31/2023
PR0021717,001,61211,Enterococci,771,C2,AVG,Concentration2,#/100mL,771,MPN/100mL,,#/100mL,,01/31/2023
PR0021717,001,61211,Enterococci,2420,C3,MAX,Concentration3,#/100mL,2420,MPN/100mL,,#/100mL,,02/28/2023
PR0021717,001,61211,Enterococci,1530,C2,AVG,Concentration2,#/100mL,1530,MPN/100mL,,#/100mL,,02/28/2023
PR0021717,001,61211,Enterococci,1626,C2,AVG,Concentration2,#/100mL,1626,MPN/100mL,,#/100mL,,03/31/2023
PR0021717,001,61211,Enterococci,2420,C3,MAX,Concentration3,#/100mL,2420,MPN/100mL,,#/100mL,,03/31/2023
PR0021717,001,61211,Enterococci,2420,C3,MAX,Concentration3,#/100mL,2420,MPN/100mL,,#/100mL,,04/30/2023
PR0021717,001,61211,Enterococci,2289,C2,AVG,Concentration2,#/100mL,2289,MPN/100mL,,#/100mL,,04/30/2023
PR0021717,001,61211,Enterococci,1582,C2,AVG,Concentration2,#/100mL,1582,MPN/100mL,,#/100mL,,05/31/2023
PR0021717,001,61211,Enterococci,2420,C3,MAX,Concentration3,#/100mL,2420,MPN/100mL,,#/100mL,,05/31/2023
PR0021717,001,61211,Enterococci,2420,C3,MAX,Concentration3,#/100mL,2420,MPN/100mL,,#/100mL,,06/30/2023
PR0021717,001,61211,Enterococci,857,C2,AVG,Concentration2,#/100mL,857,MPN/100mL,,#/100mL,,06/30/2023
PR0021717,001,61211,Enterococci,402,C2,AVG,Concentration2,#/100mL,402,MPN/100mL,,#/100mL,,07/31/2023
PR0021717,001,61211,Enterococci,1643,C3,MAX,Concentration3,#/100mL,1643,MPN/100mL,,#/100mL,,07/31/2023
PR0021717,001,61211,Enterococci,2076,C3,MAX,Concentration3,#/100mL,2076,MPN/100mL,,#/100mL,,08/31/2023
PR0021717,001,61211,Enterococci,462,C2,AVG,Concentration2,#/100mL,462,MPN/100mL,,#/100mL,,08/31/2023
PR0021717,001,61211,Enterococci,902,C2,AVG,Concentration2,#/100mL,902,MPN/100mL,,#/100mL,,09/30/2023
PR0021717,001,61211,Enterococci,2420,C3,MAX,Concentration3,#/100mL,2420,MPN/100mL,,#/100mL,,09/30/2023
PR0021717,001,61211,Enterococci,2420,C3,MAX,Concentration3,#/100mL,2420,MPN/100mL,,#/100mL,,10/31/2023
PR0021717,001,61211,Enterococci,1925,C2,AVG,Concentration2,#/100mL,1925,MPN/100mL,,#/100mL,,10/31/2023
PR0021717,001,61211,Enterococci,2248,C2,AVG,Concentration2,#/100mL,2248,MPN/100mL,,#/100mL,,11/30/2023
PR0021717,001,61211,Enterococci,2420,C3,MAX,Concentration3,#/100mL,2420,MPN/100mL,,#/100mL,,11/30/2023
PR0021717,001,61211,Enterococci,2420,C3,MAX,Concentration3,#/100mL,2420,MPN/100mL,,#/100mL,,12/31/2023
PR0021717,001,61211,Enterococci,2248,C2,AVG,Concentration2,#/100mL,2248,MPN/100mL,,#/100mL,,12/31/2023
PR0021717,001,61211,Enterococci,1974,C2,AVG,Concentration2,#/100mL,1974,MPN/100mL,,#/100mL,,01/31/2024
PR0021717,001,61211,Enterococci,2420,C3,MAX,Concentration3,#/100mL,2420,MPN/100mL,,#/100mL,,01/31/2024
PR0021717,001,61211,Enterococci,2420,C3,MAX,Concentration3,#/100mL,2420,MPN/100mL,,#/100mL,,02/29/2024
PR0021717,001,61211,Enterococci,1944,C2,AVG,Concentration2,#/100mL,1944,MPN/100mL,,#/100mL,,02/29/2024
PR0021717,001,61211,Enterococci,1944,C2,AVG,Concentration2,#/100mL,1944,MPN/100mL,,#/100mL,,03/31/2024
PR0021717,001,61211,Enterococci,2420,C3,MAX,Concentration3,#/100mL,2420,MPN/100mL,,#/100mL,,03/31/2024
PR0021717,001,61211,Enterococci,2420,C3,MAX,Concentration3,#/100mL,2420,MPN/100mL,,#/100mL,,04/30/2024
PR0021717,001,61211,Enterococci,2055,C2,AVG,Concentration2,#/100mL,2055,MPN/100mL,,#/100mL,,04/30/2024
PR0021717,001,61211,Enterococci,1857,C2,AVG,Concentration2,#/100mL,1857,MPN/100mL,,#/100mL,,05/31/2024
PR0021717,001,61211,Enterococci,2420,C3,MAX,Concentration3,#/100mL,2420,MPN/100mL,,#/100mL,,05/31/2024
PR0021717,001,61211,Enterococci,2420,C3,MAX,Concentration3,#/100mL,2420,MPN/100mL,,#/100mL,,06/30/2024
PR0021717,001,61211,Enterococci,1857,C2,AVG,Concentration2,#/100mL,1857,MPN/100mL,,#/100mL,,06/30/2024
PR0021717,001,61211,Enterococci,2000,C2,AVG,Concentration2,#/100mL,2000,MPN/100mL,,#/100mL,,07/31/2024
PR0021717,001,61211,Enterococci,2420,C3,MAX,Concentration3,#/100mL,2420,MPN/100mL,,#/100mL,,07/31/2024
PR0021717,001,61211,Enterococci,2342,C2,AVG,Concentration2,#/100mL,2342,MPN/100mL,,#/100mL,,08/31/2024
PR0021717,001,61211,Enterococci,2420,C3,MAX,Concentration3,#/100mL,2420,MPN/100mL,,#/100mL,,08/31/2024
PR0021717,001,61211,Enterococci,2420,C3,MAX,Concentration3,#/100mL,2420,MPN/100mL,,#/100mL,,09/30/2024
PR0021717,001,61211,Enterococci,2342,C2,AVG,Concentration2,#/100mL,2342,MPN/100mL,,#/100mL,,09/30/2024
PR0021717,001,61211,Enterococci,2342,C2,AVG,Concentration2,#/100mL,2342,MPN/100mL,,#/100mL,,10/31/2024
PR0021717,001,61211,Enterococci,2420,C3,MAX,Concentration3,#/100mL,2420,MPN/100mL,,#/100mL,,10/31/2024
PR0021717,001,61211,Enterococci,2420,C2,AVG,Concentration2,#/100mL,2420,MPN/100mL,,#/100mL,,11/30/2024
PR0021717,001,61211,Enterococci,2420,C3,MAX,Concentration3,#/100mL,2420,MPN/100mL,,#/100mL,,11/30/2024
PR0021717,001,61211,Enterococci,2420,C3,MAX,Concentration3,#/100mL,2420,MPN/100mL,,#/100mL,,12/31/2024
PR0021717,001,61211,Enterococci,2420,C2,AVG,Concentration2,#/100mL,2420,MPN/100mL,,#/100mL,,12/31/2024
PR0021717,001,61211,Enterococci,2307,C2,AVG,Concentration2,#/100mL,2307,MPN/100mL,,#/100mL,,01/31/2025
PR0021717,001,61211,Enterococci,2420,C3,MAX,Concentration3,#/100mL,2420,MPN/100mL,,#/100mL,,01/31/2025
PR0021717,001,61211,Enterococci,2420,C3,MAX,Concentration3,#/100mL,2420,MPN/100mL,,#/100mL,,02/28/2025
PR0021717,001,61211,Enterococci,2243,C2,AVG,Concentration2,#/100mL,2243,MPN/100mL,,#/100mL,,02/28/2025
PR0021717,001,61211,Enterococci,2215,C2,AVG,Concentration2,#/100mL,2215,MPN/100mL,,#/100mL,,03/31/2025
PR0021717,001,61211,Enterococci,2420,C3,MAX,Concentration3,#/100mL,2420,MPN/100mL,,#/100mL,,03/31/2025
PR0021717,001,61211,Enterococci,2342,C2,AVG,Concentration2,#/100mL,2342,MPN/100mL,,#/100mL,,04/30/2025
PR0021717,001,61211,Enterococci,2420,C3,MAX,Concentration3,#/100mL,2420,MPN/100mL,,#/100mL,,04/30/2025
PR0021717,001,61211,Enterococci,2342,C2,AVG,Concentration2,#/100mL,2342,MPN/100mL,,#/100mL,,05/31/2025
PR0021717,001,61211,Enterococci,2420,C3,MAX,Concentration3,#/100mL,2420,MPN/100mL,,#/100mL,,05/31/2025
PR0021717,001,61211,Enterococci,2420,C3,MAX,Concentration3,#/100mL,2420,MPN/100mL,,#/100mL,,06/30/2025
PR0021717,001,61211,Enterococci,2342,C2,AVG,Concentration2,#/100mL,2342,MPN/100mL,,#/100mL,,06/30/2025
PR0021717,001,61211,Enterococci,2342,C2,AVG,Concentration2,#/100mL,2342,MPN/100mL,,#/100mL,,07/31/2025
PR0021717,001,61211,Enterococci,2420,C3,MAX,Concentration3,#/100mL,2420,MPN/100mL,,#/100mL,,07/31/2025
PR0021717,001,61211,Enterococci,2420,C3,MAX,Concentration3,#/100mL,2420,MPN/100mL,,#/100mL,,08/31/2025
PR0021717,001,61211,Enterococci,2420,C2,AVG,Concentration2,#/100mL,2420,MPN/100mL,,#/100mL,,08/31/2025
PR0021717,001,61211,Enterococci,2420,C2,AVG,Concentration2,#/100mL,2420,MPN/100mL,,#/100mL,,09/30/2025
PR0021717,001,61211,Enterococci,2420,C3,MAX,Concentration3,#/100mL,2420,MPN/100mL,,#/100mL,,09/30/2025
PR0021717,001,61211,Enterococci,2420,C3,MAX,Concentration3,#/100mL,2420,MPN/100mL,,#/100mL,,10/31/2025
PR0021717,001,61211,Enterococci,2342,C2,AVG,Concentration2,#/100mL,2342,MPN/100mL,,#/100mL,,10/31/2025
PR0021717,001,61211,Enterococci,2342,C2,AVG,Concentration2,#/100mL,2342,MPN/100mL,,#/100mL,,11/30/2025
PR0021717,001,61211,Enterococci,2420,C3,MAX,Concentration3,#/100mL,2420,MPN/100mL,,#/100mL,,11/30/2025
PR0021717,001,61211,Enterococci,2420,C3,MAX,Concentration3,#/100mL,2420,MPN/100mL,,#/100mL,,12/31/2025
PR0021717,001,61211,Enterococci,2059,C2,AVG,Concentration2,#/100mL,2059,MPN/100mL,,#/100mL,,12/31/2025
PR0021717,001,61211,Enterococci,2074,C2,AVG,Concentration2,#/100mL,2074,MPN/100mL,,#/100mL,,01/31/2026
PR0021717,001,61211,Enterococci,2420,C3,MAX,Concentration3,#/100mL,2420,MPN/100mL,,#/100mL,,01/31/2026
PR0021717,001,70295,"Solids, total dissolved",300,C3,MAX,Concentration3,mg/L,300,mg/L,,mg/L,,03/31/2020
PR0021717,001,70295,"Solids, total dissolved",310,C3,MAX,Concentration3,mg/L,310,mg/L,,mg/L,,06/30/2020
PR0021717,001,70295,"Solids, total dissolved",520,C3,MAX,Concentration3,mg/L,520,mg/L,,mg/L,,09/30/2020
PR0021717,001,70295,"Solids, total dissolved",230,C3,MAX,Concentration3,mg/L,230,mg/L,,mg/L,,12/31/2020
PR0021717,001,70295,"Solids, total dissolved",320,C3,MAX,Concentration3,mg/L,320,mg/L,,mg/L,,03/31/2021
PR0021717,001,70295,"Solids, total dissolved",340,C3,MAX,Concentration3,mg/L,340,mg/L,,mg/L,,06/30/2021
PR0021717,001,70295,"Solids, total dissolved",360,C3,MAX,Concentration3,mg/L,360,mg/L,,mg/L,,09/30/2021
PR0021717,001,70295,"Solids, total dissolved",320,C3,MAX,Concentration3,mg/L,320,mg/L,,mg/L,,12/31/2021
PR0021717,001,70295,"Solids, total dissolved",230,C3,MAX,Concentration3,mg/L,230,mg/L,,mg/L,,03/31/2022
PR0021717,001,70295,"Solids, total dissolved",290,C3,MAX,Concentration3,mg/L,290,mg/L,,mg/L,,06/30/2022
PR0021717,001,70295,"Solids, total dissolved",320,C3,MAX,Concentration3,mg/L,320,mg/L,,mg/L,,09/30/2022
PR0021717,001,70295,"Solids, total dissolved",190,C3,MAX,Concentration3,mg/L,190,mg/L,,mg/L,,12/31/2022
PR0021717,001,70295,"Solids, total dissolved",360,C3,MAX,Concentration3,mg/L,360,mg/L,,mg/L,,03/31/2023
PR0021717,001,70295,"Solids, total dissolved",350,C3,MAX,Concentration3,mg/L,350,mg/L,,mg/L,,06/30/2023
PR0021717,001,70295,"Solids, total dissolved",240,C3,MAX,Concentration3,mg/L,240,mg/L,,mg/L,,09/30/2023
PR0021717,001,70295,"Solids, total dissolved",260,C3,MAX,Concentration3,mg/L,260,mg/L,,mg/L,,12/31/2023
PR0021717,001,70295,"Solids, total dissolved",260,C3,MAX,Concentration3,mg/L,260,mg/L,,mg/L,,03/31/2024
PR0021717,001,70295,"Solids, total dissolved",280,C3,MAX,Concentration3,mg/L,280,mg/L,,mg/L,,06/30/2024
PR0021717,001,70295,"Solids, total dissolved",280,C3,MAX,Concentration3,mg/L,280,mg/L,,mg/L,,09/30/2024
PR0021717,001,70295,"Solids, total dissolved",290,C3,MAX,Concentration3,mg/L,290,mg/L,,mg/L,,12/31/2024
PR0021717,001,70295,"Solids, total dissolved",290,C3,MAX,Concentration3,mg/L,290,mg/L,,mg/L,,03/31/2025
PR0021717,001,70295,"Solids, total dissolved",300,C3,MAX,Concentration3,mg/L,300,mg/L,,mg/L,,06/30/2025
PR0021717,001,70295,"Solids, total dissolved",270,C3,MAX,Concentration3,mg/L,270,mg/L,,mg/L,,09/30/2025
PR0021717,001,70295,"Solids, total dissolved",270,C3,MAX,Concentration3,mg/L,270,mg/L,,mg/L,,12/31/2025
PR0021717,001,71900,"Mercury, total [as Hg]",0.0024,C3,MAX,Concentration3,ug/L,.0000024,mg/L,,ug/L,,03/31/2020
PR0021717,001,71900,"Mercury, total [as Hg]",0.0222,C3,MAX,Concentration3,ug/L,.0000222,mg/L,,ug/L,,06/30/2020
PR0021717,001,71900,"Mercury, total [as Hg]",0.0027,C3,MAX,Concentration3,ug/L,.0000027,mg/L,,ug/L,,09/30/2020
PR0021717,001,71900,"Mercury, total [as Hg]",0.002,C3,MAX,Concentration3,ug/L,.000002,mg/L,,ug/L,,12/31/2020
PR0021717,001,71900,"Mercury, total [as Hg]",0.004,C3,MAX,Concentration3,ug/L,.000004,mg/L,,ug/L,,03/31/2021
PR0021717,001,71900,"Mercury, total [as Hg]",0.0028,C3,MAX,Concentration3,ug/L,.0000028,mg/L,,ug/L,,06/30/2021
PR0021717,001,71900,"Mercury, total [as Hg]",0.002,C3,MAX,Concentration3,ug/L,.000002,mg/L,,ug/L,,09/30/2021
PR0021717,001,71900,"Mercury, total [as Hg]",0.0114,C3,MAX,Concentration3,ug/L,.0000114,mg/L,,ug/L,,12/31/2021
PR0021717,001,71900,"Mercury, total [as Hg]",0.002,C3,MAX,Concentration3,ug/L,.000002,mg/L,,ug/L,,03/31/2022
PR0021717,001,71900,"Mercury, total [as Hg]",0.0165,C3,MAX,Concentration3,ug/L,.0000165,mg/L,,ug/L,,06/30/2022
PR0021717,001,71900,"Mercury, total [as Hg]",0.0027,C3,MAX,Concentration3,ug/L,.0000027,mg/L,,ug/L,,09/30/2022
PR0021717,001,71900,"Mercury, total [as Hg]",0.002,C3,MAX,Concentration3,ug/L,.000002,mg/L,,ug/L,,12/31/2022
PR0021717,001,71900,"Mercury, total [as Hg]",0.0038,C3,MAX,Concentration3,ug/L,.0000038,mg/L,,ug/L,,03/31/2023
PR0021717,001,71900,"Mercury, total [as Hg]",0.003,C3,MAX,Concentration3,ug/L,.000003,mg/L,,ug/L,,06/30/2023
PR0021717,001,71900,"Mercury, total [as Hg]",0.0042,C3,MAX,Concentration3,ug/L,.0000042,mg/L,,ug/L,,09/30/2023
PR0021717,001,71900,"Mercury, total [as Hg]",0.002,C3,MAX,Concentration3,ug/L,.000002,mg/L,,ug/L,,12/31/2023
PR0021717,001,71900,"Mercury, total [as Hg]",0.0035,C3,MAX,Concentration3,ug/L,.0000035,mg/L,,ug/L,,03/31/2024
PR0021717,001,71900,"Mercury, total [as Hg]",0.002,C3,MAX,Concentration3,ug/L,.000002,mg/L,,ug/L,,06/30/2024
PR0021717,001,71900,"Mercury, total [as Hg]",0.0062,C3,MAX,Concentration3,ug/L,.0000062,mg/L,,ug/L,,09/30/2024
PR0021717,001,71900,"Mercury, total [as Hg]",0.0041,C3,MAX,Concentration3,ug/L,.0000041,mg/L,,ug/L,,12/31/2024
PR0021717,001,71900,"Mercury, total [as Hg]",0.0058,C3,MAX,Concentration3,ug/L,.0000058,mg/L,,ug/L,,03/31/2025
PR0021717,001,71900,"Mercury, total [as Hg]",0.002,C3,MAX,Concentration3,ug/L,.000002,mg/L,,ug/L,,06/30/2025
PR0021717,001,71900,"Mercury, total [as Hg]",0.0031,C3,MAX,Concentration3,ug/L,.0000031,mg/L,,ug/L,,09/30/2025
PR0021717,001,71900,"Mercury, total [as Hg]",0.002,C3,MAX,Concentration3,ug/L,.000002,mg/L,,ug/L,,12/31/2025
PR0021717,001,82230,Ammonia & ammonium- total,79,C3,MAX,Concentration3,ug/L,.079,mg/L,,ug/L,,01/31/2020
PR0021717,001,82230,Ammonia & ammonium- total,176,C3,MAX,Concentration3,ug/L,.17600001,mg/L,,ug/L,,02/29/2020
PR0021717,001,82230,Ammonia & ammonium- total,60,C3,MAX,Concentration3,ug/L,.06,mg/L,,ug/L,,03/31/2020
PR0021717,001,82230,Ammonia & ammonium- total,393,C3,MAX,Concentration3,ug/L,.39300002,mg/L,,ug/L,,04/30/2020
PR0021717,001,82230,Ammonia & ammonium- total,11500,C3,MAX,Concentration3,ug/L,11.50000055,mg/L,,ug/L,,05/31/2020
PR0021717,001,82230,Ammonia & ammonium- total,738,C3,MAX,Concentration3,ug/L,.73800004,mg/L,,ug/L,,06/30/2020
PR0021717,001,82230,Ammonia & ammonium- total,715,C3,MAX,Concentration3,ug/L,.71500003,mg/L,,ug/L,,07/31/2020
PR0021717,001,82230,Ammonia & ammonium- total,86,C3,MAX,Concentration3,ug/L,.086,mg/L,,ug/L,,08/31/2020
PR0021717,001,82230,Ammonia & ammonium- total,469,C3,MAX,Concentration3,ug/L,.46900002,mg/L,,ug/L,,09/30/2020
PR0021717,001,82230,Ammonia & ammonium- total,556,C3,MAX,Concentration3,ug/L,.55600003,mg/L,,ug/L,,10/31/2020
PR0021717,001,82230,Ammonia & ammonium- total,60,C3,MAX,Concentration3,ug/L,.06,mg/L,,ug/L,,11/30/2020
PR0021717,001,82230,Ammonia & ammonium- total,363,C3,MAX,Concentration3,ug/L,.36300002,mg/L,,ug/L,,12/31/2020
PR0021717,001,82230,Ammonia & ammonium- total,14100,C3,MAX,Concentration3,ug/L,14.10000067,mg/L,,ug/L,,01/31/2021
PR0021717,001,82230,Ammonia & ammonium- total,318,C3,MAX,Concentration3,ug/L,.31800002,mg/L,,ug/L,,02/28/2021
PR0021717,001,82230,Ammonia & ammonium- total,15600,C3,MAX,Concentration3,ug/L,15.60000074,mg/L,,ug/L,,03/31/2021
PR0021717,001,82230,Ammonia & ammonium- total,130,C3,MAX,Concentration3,ug/L,.13000001,mg/L,,ug/L,,04/30/2021
PR0021717,001,82230,Ammonia & ammonium- total,427,C3,MAX,Concentration3,ug/L,.42700002,mg/L,,ug/L,,05/31/2021
PR0021717,001,82230,Ammonia & ammonium- total,60,C3,MAX,Concentration3,ug/L,.06,mg/L,,ug/L,,06/30/2021
PR0021717,001,82230,Ammonia & ammonium- total,60,C3,MAX,Concentration3,ug/L,.06,mg/L,,ug/L,,07/31/2021
PR0021717,001,82230,Ammonia & ammonium- total,118,C3,MAX,Concentration3,ug/L,.11800001,mg/L,,ug/L,,08/31/2021
PR0021717,001,82230,Ammonia & ammonium- total,238,C3,MAX,Concentration3,ug/L,.23800001,mg/L,,ug/L,,09/30/2021
PR0021717,001,82230,Ammonia & ammonium- total,60,C3,MAX,Concentration3,ug/L,.06,mg/L,,ug/L,,10/31/2021
PR0021717,001,82230,Ammonia & ammonium- total,74,C3,MAX,Concentration3,ug/L,.074,mg/L,,ug/L,,11/30/2021
PR0021717,001,82230,Ammonia & ammonium- total,230,C3,MAX,Concentration3,ug/L,.23000001,mg/L,,ug/L,,12/31/2021
PR0021717,001,82230,Ammonia & ammonium- total,186,C3,MAX,Concentration3,ug/L,.18600001,mg/L,,ug/L,,01/31/2022
PR0021717,001,82230,Ammonia & ammonium- total,60,C3,MAX,Concentration3,ug/L,.06,mg/L,,ug/L,,02/28/2022
PR0021717,001,82230,Ammonia & ammonium- total,1074,C3,MAX,Concentration3,ug/L,1.07400005,mg/L,,ug/L,,03/31/2022
PR0021717,001,82230,Ammonia & ammonium- total,5300,C3,MAX,Concentration3,ug/L,5.30000025,mg/L,,ug/L,,04/30/2022
PR0021717,001,82230,Ammonia & ammonium- total,110,C3,MAX,Concentration3,ug/L,.11000001,mg/L,,ug/L,,05/31/2022
PR0021717,001,82230,Ammonia & ammonium- total,130,C3,MAX,Concentration3,ug/L,.13000001,mg/L,,ug/L,,06/30/2022
PR0021717,001,82230,Ammonia & ammonium- total,100,C3,MAX,Concentration3,ug/L,.1,mg/L,,ug/L,,07/31/2022
PR0021717,001,82230,Ammonia & ammonium- total,180,C3,MAX,Concentration3,ug/L,.18000001,mg/L,,ug/L,,08/31/2022
PR0021717,001,82230,Ammonia & ammonium- total,570,C3,MAX,Concentration3,ug/L,.57000003,mg/L,,ug/L,,09/30/2022
PR0021717,001,82230,Ammonia & ammonium- total,170,C3,MAX,Concentration3,ug/L,.17000001,mg/L,,ug/L,,10/31/2022
PR0021717,001,82230,Ammonia & ammonium- total,520,C3,MAX,Concentration3,ug/L,.52000002,mg/L,,ug/L,,11/30/2022
PR0021717,001,82230,Ammonia & ammonium- total,1110,C3,MAX,Concentration3,ug/L,1.11000005,mg/L,,ug/L,,12/31/2022
PR0021717,001,82230,Ammonia & ammonium- total,100,C3,MAX,Concentration3,ug/L,.1,mg/L,,ug/L,,01/31/2023
PR0021717,001,82230,Ammonia & ammonium- total,730,C3,MAX,Concentration3,ug/L,.73000003,mg/L,,ug/L,,02/28/2023
PR0021717,001,82230,Ammonia & ammonium- total,1560,C3,MAX,Concentration3,ug/L,1.56000007,mg/L,,ug/L,,03/31/2023
PR0021717,001,82230,Ammonia & ammonium- total,100,C3,MAX,Concentration3,ug/L,.1,mg/L,,ug/L,,04/30/2023
PR0021717,001,82230,Ammonia & ammonium- total,1100,C3,MAX,Concentration3,ug/L,1.10000005,mg/L,,ug/L,,05/31/2023
PR0021717,001,82230,Ammonia & ammonium- total,160,C3,MAX,Concentration3,ug/L,.16000001,mg/L,,ug/L,,06/30/2023
PR0021717,001,82230,Ammonia & ammonium- total,100,C3,MAX,Concentration3,ug/L,.1,mg/L,,ug/L,,07/31/2023
PR0021717,001,82230,Ammonia & ammonium- total,320,C3,MAX,Concentration3,ug/L,.32000002,mg/L,,ug/L,,08/31/2023
PR0021717,001,82230,Ammonia & ammonium- total,310,C3,MAX,Concentration3,ug/L,.31000001,mg/L,,ug/L,,09/30/2023
PR0021717,001,82230,Ammonia & ammonium- total,1850,C3,MAX,Concentration3,ug/L,1.85000009,mg/L,,ug/L,,10/31/2023
PR0021717,001,82230,Ammonia & ammonium- total,2480,C3,MAX,Concentration3,ug/L,2.48000012,mg/L,,ug/L,,11/30/2023
PR0021717,001,82230,Ammonia & ammonium- total,140,C3,MAX,Concentration3,ug/L,.14000001,mg/L,,ug/L,,12/31/2023
PR0021717,001,82230,Ammonia & ammonium- total,1200,C3,MAX,Concentration3,ug/L,1.20000006,mg/L,,ug/L,,01/31/2024
PR0021717,001,82230,Ammonia & ammonium- total,1840,C3,MAX,Concentration3,ug/L,1.84000009,mg/L,,ug/L,,02/29/2024
PR0021717,001,82230,Ammonia & ammonium- total,7240,C3,MAX,Concentration3,ug/L,7.24000034,mg/L,,ug/L,,03/31/2024
PR0021717,001,82230,Ammonia & ammonium- total,18900,C3,MAX,Concentration3,ug/L,18.9000009,mg/L,,ug/L,,04/30/2024
PR0021717,001,82230,Ammonia & ammonium- total,230,C3,MAX,Concentration3,ug/L,.23000001,mg/L,,ug/L,,05/31/2024
PR0021717,001,82230,Ammonia & ammonium- total,100,C3,MAX,Concentration3,ug/L,.1,mg/L,,ug/L,,06/30/2024
PR0021717,001,82230,Ammonia & ammonium- total,100,C3,MAX,Concentration3,ug/L,.1,mg/L,,ug/L,,07/31/2024
PR0021717,001,82230,Ammonia & ammonium- total,100,C3,MAX,Concentration3,ug/L,.1,mg/L,,ug/L,,08/31/2024
PR0021717,001,82230,Ammonia & ammonium- total,100,C3,MAX,Concentration3,ug/L,.1,mg/L,,ug/L,,09/30/2024
PR0021717,001,82230,Ammonia & ammonium- total,160,C3,MAX,Concentration3,ug/L,.16000001,mg/L,,ug/L,,10/31/2024
PR0021717,001,82230,Ammonia & ammonium- total,1250,C3,MAX,Concentration3,ug/L,1.25000006,mg/L,,ug/L,,11/30/2024
PR0021717,001,82230,Ammonia & ammonium- total,870,C3,MAX,Concentration3,ug/L,.87000004,mg/L,,ug/L,,12/31/2024
PR0021717,001,82230,Ammonia & ammonium- total,260,C3,MAX,Concentration3,ug/L,.26000001,mg/L,,ug/L,,01/31/2025
PR0021717,001,82230,Ammonia & ammonium- total,220,C3,MAX,Concentration3,ug/L,.22000001,mg/L,,ug/L,,02/28/2025
PR0021717,001,82230,Ammonia & ammonium- total,200,C3,MAX,Concentration3,ug/L,.20000001,mg/L,,ug/L,,03/31/2025
PR0021717,001,82230,Ammonia & ammonium- total,400,C3,MAX,Concentration3,ug/L,.40000002,mg/L,,ug/L,,04/30/2025
PR0021717,001,82230,Ammonia & ammonium- total,530,C3,MAX,Concentration3,ug/L,.53000003,mg/L,,ug/L,,05/31/2025
PR0021717,001,82230,Ammonia & ammonium- total,320,C3,MAX,Concentration3,ug/L,.32000002,mg/L,,ug/L,,06/30/2025
PR0021717,001,82230,Ammonia & ammonium- total,1700,C3,MAX,Concentration3,ug/L,1.70000008,mg/L,,ug/L,,07/31/2025
PR0021717,001,82230,Ammonia & ammonium- total,820,C3,MAX,Concentration3,ug/L,.82000004,mg/L,,ug/L,,08/31/2025
PR0021717,001,82230,Ammonia & ammonium- total,1590,C3,MAX,Concentration3,ug/L,1.59000008,mg/L,,ug/L,,09/30/2025
PR0021717,001,82230,Ammonia & ammonium- total,1200,C3,MAX,Concentration3,ug/L,1.20000006,mg/L,,ug/L,,10/31/2025
PR0021717,001,82230,Ammonia & ammonium- total,3240,C3,MAX,Concentration3,ug/L,3.24000015,mg/L,,ug/L,,11/30/2025
PR0021717,001,82230,Ammonia & ammonium- total,150,C3,MAX,Concentration3,ug/L,.15000001,mg/L,,ug/L,,12/31/2025
PR0021717,001,82230,Ammonia & ammonium- total,820,C3,MAX,Concentration3,ug/L,.82000004,mg/L,,ug/L,,01/31/2026
