npdes_id,perm_feature_nmbr,parameter_code,parameter_desc,dmr_value_nmbr,value_type_code,statistical_base_type_code,value_type_desc,dmr_unit_desc,dmr_value_standard_units,standard_unit_desc,limit_value_nmbr,limit_unit_desc,nodi_code,monitoring_period_end_date
PR0024112,001,00010,"Temperature, water deg. centigrade",23.1,C3,MAX,Concentration3,deg C,23.1,deg C,32.2,deg C,,01/31/2020
PR0024112,001,00010,"Temperature, water deg. centigrade",24.6,C3,MAX,Concentration3,deg C,24.6,deg C,32.2,deg C,,02/29/2020
PR0024112,001,00010,"Temperature, water deg. centigrade",24,C3,MAX,Concentration3,deg C,24,deg C,32.2,deg C,,03/31/2020
PR0024112,001,00010,"Temperature, water deg. centigrade",26.5,C3,MAX,Concentration3,deg C,26.5,deg C,32.2,deg C,,04/30/2020
PR0024112,001,00010,"Temperature, water deg. centigrade",27.1,C3,MAX,Concentration3,deg C,27.1,deg C,32.2,deg C,,05/31/2020
PR0024112,001,00010,"Temperature, water deg. centigrade",27.6,C3,MAX,Concentration3,deg C,27.6,deg C,32.2,deg C,,06/30/2020
PR0024112,001,00010,"Temperature, water deg. centigrade",28,C3,MAX,Concentration3,deg C,28,deg C,32.2,deg C,,07/31/2020
PR0024112,001,00010,"Temperature, water deg. centigrade",27.5,C3,MAX,Concentration3,deg C,27.5,deg C,32.2,deg C,,08/31/2020
PR0024112,001,00010,"Temperature, water deg. centigrade",27.5,C3,MAX,Concentration3,deg C,27.5,deg C,32.2,deg C,,09/30/2020
PR0024112,001,00010,"Temperature, water deg. centigrade",25.6,C3,MAX,Concentration3,deg C,25.6,deg C,32.2,deg C,,10/31/2020
PR0024112,001,00010,"Temperature, water deg. centigrade",24.8,C3,MAX,Concentration3,deg C,24.8,deg C,32.2,deg C,,11/30/2020
PR0024112,001,00010,"Temperature, water deg. centigrade",24,C3,MAX,Concentration3,deg C,24,deg C,32.2,deg C,,12/31/2020
PR0024112,001,00010,"Temperature, water deg. centigrade",24.4,C3,MAX,Concentration3,deg C,24.4,deg C,32.2,deg C,,01/31/2021
PR0024112,001,00010,"Temperature, water deg. centigrade",25.2,C3,MAX,Concentration3,deg C,25.2,deg C,32.2,deg C,,02/28/2021
PR0024112,001,00010,"Temperature, water deg. centigrade",26.5,C3,MAX,Concentration3,deg C,26.5,deg C,32.2,deg C,,03/31/2021
PR0024112,001,00010,"Temperature, water deg. centigrade",26.9,C3,MAX,Concentration3,deg C,26.9,deg C,32.2,deg C,,04/30/2021
PR0024112,001,00010,"Temperature, water deg. centigrade",27.9,C3,MAX,Concentration3,deg C,27.9,deg C,32.2,deg C,,05/31/2021
PR0024112,001,00010,"Temperature, water deg. centigrade",27.1,C3,MAX,Concentration3,deg C,27.1,deg C,32.2,deg C,,06/30/2021
PR0024112,001,00010,"Temperature, water deg. centigrade",26.8,C3,MAX,Concentration3,deg C,26.8,deg C,32.2,deg C,,07/31/2021
PR0024112,001,00010,"Temperature, water deg. centigrade",23.7,C3,MAX,Concentration3,deg C,23.7,deg C,32.2,deg C,,08/31/2021
PR0024112,001,00010,"Temperature, water deg. centigrade",27.7,C3,MAX,Concentration3,deg C,27.7,deg C,32.2,deg C,,09/30/2021
PR0024112,001,00010,"Temperature, water deg. centigrade",26,C3,MAX,Concentration3,deg C,26,deg C,32.2,deg C,,10/31/2021
PR0024112,001,00010,"Temperature, water deg. centigrade",26.6,C3,MAX,Concentration3,deg C,26.6,deg C,32.2,deg C,,11/30/2021
PR0024112,001,00010,"Temperature, water deg. centigrade",25.2,C3,MAX,Concentration3,deg C,25.2,deg C,32.2,deg C,,12/31/2021
PR0024112,001,00010,"Temperature, water deg. centigrade",23.4,C3,MAX,Concentration3,deg C,23.4,deg C,32.2,deg C,,01/31/2022
PR0024112,001,00010,"Temperature, water deg. centigrade",21.8,C3,MAX,Concentration3,deg C,21.8,deg C,32.2,deg C,,02/28/2022
PR0024112,001,00010,"Temperature, water deg. centigrade",27.7,C3,MAX,Concentration3,deg C,27.7,deg C,32.2,deg C,,03/31/2022
PR0024112,001,00010,"Temperature, water deg. centigrade",26.4,C3,MAX,Concentration3,deg C,26.4,deg C,32.2,deg C,,04/30/2022
PR0024112,001,00010,"Temperature, water deg. centigrade",27.4,C3,MAX,Concentration3,deg C,27.4,deg C,32.2,deg C,,05/31/2022
PR0024112,001,00010,"Temperature, water deg. centigrade",27.1,C3,MAX,Concentration3,deg C,27.1,deg C,32.2,deg C,,06/30/2022
PR0024112,001,00010,"Temperature, water deg. centigrade",27.8,C3,MAX,Concentration3,deg C,27.8,deg C,32.2,deg C,,07/31/2022
PR0024112,001,00010,"Temperature, water deg. centigrade",27.4,C3,MAX,Concentration3,deg C,27.4,deg C,32.2,deg C,,08/31/2022
PR0024112,001,00010,"Temperature, water deg. centigrade",26.4,C3,MAX,Concentration3,deg C,26.4,deg C,32.2,deg C,,09/30/2022
PR0024112,001,00010,"Temperature, water deg. centigrade",26.9,C3,MAX,Concentration3,deg C,26.9,deg C,32.2,deg C,,10/31/2022
PR0024112,001,00010,"Temperature, water deg. centigrade",26.6,C3,MAX,Concentration3,deg C,26.6,deg C,32.2,deg C,,11/30/2022
PR0024112,001,00010,"Temperature, water deg. centigrade",26.2,C3,MAX,Concentration3,deg C,26.2,deg C,32.2,deg C,,12/31/2022
PR0024112,001,00010,"Temperature, water deg. centigrade",24.7,C3,MAX,Concentration3,deg C,24.7,deg C,32.2,deg C,,01/31/2023
PR0024112,001,00010,"Temperature, water deg. centigrade",24.7,C3,MAX,Concentration3,deg C,24.7,deg C,32.2,deg C,,02/28/2023
PR0024112,001,00010,"Temperature, water deg. centigrade",25.9,C3,MAX,Concentration3,deg C,25.9,deg C,32.2,deg C,,03/31/2023
PR0024112,001,00010,"Temperature, water deg. centigrade",26.9,C3,MAX,Concentration3,deg C,26.9,deg C,32.2,deg C,,04/30/2023
PR0024112,001,00010,"Temperature, water deg. centigrade",26.9,C3,MAX,Concentration3,deg C,26.9,deg C,32.2,deg C,,05/31/2023
PR0024112,001,00010,"Temperature, water deg. centigrade",27.5,C3,MAX,Concentration3,deg C,27.5,deg C,32.2,deg C,,06/30/2023
PR0024112,001,00010,"Temperature, water deg. centigrade",27.5,C3,MAX,Concentration3,deg C,27.5,deg C,32.2,deg C,,07/31/2023
PR0024112,001,00010,"Temperature, water deg. centigrade",27.8,C3,MAX,Concentration3,deg C,27.8,deg C,32.2,deg C,,08/31/2023
PR0024112,001,00010,"Temperature, water deg. centigrade",30.6,C3,MAX,Concentration3,deg C,30.6,deg C,32.2,deg C,,09/30/2023
PR0024112,001,00010,"Temperature, water deg. centigrade",28.8,C3,MAX,Concentration3,deg C,28.8,deg C,32.2,deg C,,10/31/2023
PR0024112,001,00010,"Temperature, water deg. centigrade",26.7,C3,MAX,Concentration3,deg C,26.7,deg C,32.2,deg C,,11/30/2023
PR0024112,001,00010,"Temperature, water deg. centigrade",25.4,C3,MAX,Concentration3,deg C,25.4,deg C,32.2,deg C,,12/31/2023
PR0024112,001,00010,"Temperature, water deg. centigrade",25.2,C3,MAX,Concentration3,deg C,25.2,deg C,32.2,deg C,,01/31/2024
PR0024112,001,00010,"Temperature, water deg. centigrade",25,C3,MAX,Concentration3,deg C,25,deg C,32.2,deg C,,02/29/2024
PR0024112,001,00010,"Temperature, water deg. centigrade",29.7,C3,MAX,Concentration3,deg C,29.7,deg C,32.2,deg C,,03/31/2024
PR0024112,001,00010,"Temperature, water deg. centigrade",25.9,C3,MAX,Concentration3,deg C,25.9,deg C,32.2,deg C,,04/30/2024
PR0024112,001,00010,"Temperature, water deg. centigrade",26.8,C3,MAX,Concentration3,deg C,26.8,deg C,32.2,deg C,,05/31/2024
PR0024112,001,00010,"Temperature, water deg. centigrade",29.3,C3,MAX,Concentration3,deg C,29.3,deg C,32.2,deg C,,06/30/2024
PR0024112,001,00010,"Temperature, water deg. centigrade",29.9,C3,MAX,Concentration3,deg C,29.9,deg C,32.2,deg C,,07/31/2024
PR0024112,001,00010,"Temperature, water deg. centigrade",28.6,C3,MAX,Concentration3,deg C,28.6,deg C,32.2,deg C,,08/31/2024
PR0024112,001,00010,"Temperature, water deg. centigrade",27.7,C3,MAX,Concentration3,deg C,27.7,deg C,32.2,deg C,,09/30/2024
PR0024112,001,00010,"Temperature, water deg. centigrade",27.4,C3,MAX,Concentration3,deg C,27.4,deg C,32.2,deg C,,10/31/2024
PR0024112,001,00010,"Temperature, water deg. centigrade",26.3,C3,MAX,Concentration3,deg C,26.3,deg C,32.2,deg C,,11/30/2024
PR0024112,001,00010,"Temperature, water deg. centigrade",28,C3,MAX,Concentration3,deg C,28,deg C,32.2,deg C,,12/31/2024
PR0024112,001,00010,"Temperature, water deg. centigrade",23.7,C3,MAX,Concentration3,deg C,23.7,deg C,32.2,deg C,,01/31/2025
PR0024112,001,00010,"Temperature, water deg. centigrade",24,C3,MAX,Concentration3,deg C,24,deg C,32.2,deg C,,02/28/2025
PR0024112,001,00010,"Temperature, water deg. centigrade",25.7,C3,MAX,Concentration3,deg C,25.7,deg C,32.2,deg C,,03/31/2025
PR0024112,001,00010,"Temperature, water deg. centigrade",25.8,C3,MAX,Concentration3,deg C,25.8,deg C,32.2,deg C,,04/30/2025
PR0024112,001,00010,"Temperature, water deg. centigrade",25.5,C3,MAX,Concentration3,deg C,25.5,deg C,32.2,deg C,,05/31/2025
PR0024112,001,00010,"Temperature, water deg. centigrade",26.2,C3,MAX,Concentration3,deg C,26.2,deg C,32.2,deg C,,06/30/2025
PR0024112,001,00010,"Temperature, water deg. centigrade",26.6,C3,MAX,Concentration3,deg C,26.6,deg C,32.2,deg C,,07/31/2025
PR0024112,001,00010,"Temperature, water deg. centigrade",28.1,C3,MAX,Concentration3,deg C,28.1,deg C,32.2,deg C,,08/31/2025
PR0024112,001,00010,"Temperature, water deg. centigrade",25.9,C3,MAX,Concentration3,deg C,25.9,deg C,32.2,deg C,,09/30/2025
PR0024112,001,00010,"Temperature, water deg. centigrade",26.6,C3,MAX,Concentration3,deg C,26.6,deg C,30,deg C,,10/31/2025
PR0024112,001,00010,"Temperature, water deg. centigrade",25.3,C3,MAX,Concentration3,deg C,25.3,deg C,30,deg C,,11/30/2025
PR0024112,001,00010,"Temperature, water deg. centigrade",25.2,C3,MAX,Concentration3,deg C,25.2,deg C,30,deg C,,12/31/2025
PR0024112,001,00010,"Temperature, water deg. centigrade",26.5,C3,MAX,Concentration3,deg C,26.5,deg C,30,deg C,,01/31/2026
PR0024112,001,00070,Turbidity,1.4,C3,MAX,Concentration3,NTU,1.4,NTU,742,NTU,,01/31/2020
PR0024112,001,00070,Turbidity,5.3,C3,MAX,Concentration3,NTU,5.3,NTU,742,NTU,,04/30/2020
PR0024112,001,00070,Turbidity,220,C3,MAX,Concentration3,NTU,220,NTU,742,NTU,,07/31/2020
PR0024112,001,00070,Turbidity,45,C3,MAX,Concentration3,NTU,45,NTU,742,NTU,,10/31/2020
PR0024112,001,00070,Turbidity,32,C3,MAX,Concentration3,NTU,32,NTU,742,NTU,,01/31/2021
PR0024112,001,00070,Turbidity,0.5,C3,MAX,Concentration3,NTU,.5,NTU,742,NTU,,04/30/2021
PR0024112,001,00070,Turbidity,1.9,C3,MAX,Concentration3,NTU,1.9,NTU,742,NTU,,07/31/2021
PR0024112,001,00070,Turbidity,13,C3,MAX,Concentration3,NTU,13,NTU,742,NTU,,10/31/2021
PR0024112,001,00070,Turbidity,4.1,C3,MAX,Concentration3,NTU,4.1,NTU,742,NTU,,01/31/2022
PR0024112,001,00070,Turbidity,2.7,C3,MAX,Concentration3,NTU,2.7,NTU,742,NTU,,04/30/2022
PR0024112,001,00070,Turbidity,14,C3,MAX,Concentration3,NTU,14,NTU,742,NTU,,07/31/2022
PR0024112,001,00070,Turbidity,100,C3,MAX,Concentration3,NTU,100,NTU,742,NTU,,10/31/2022
PR0024112,001,00070,Turbidity,27,C3,MAX,Concentration3,NTU,27,NTU,742,NTU,,01/31/2023
PR0024112,001,00070,Turbidity,180,C3,MAX,Concentration3,NTU,180,NTU,742,NTU,,04/30/2023
PR0024112,001,00070,Turbidity,240,C3,MAX,Concentration3,NTU,240,NTU,742,NTU,,07/31/2023
PR0024112,001,00070,Turbidity,28,C3,MAX,Concentration3,NTU,28,NTU,742,NTU,,10/31/2023
PR0024112,001,00070,Turbidity,7.6,C3,MAX,Concentration3,NTU,7.6,NTU,742,NTU,,01/31/2024
PR0024112,001,00070,Turbidity,1400,C3,MAX,Concentration3,NTU,1400,NTU,742,NTU,,04/30/2024
PR0024112,001,00070,Turbidity,10,C3,MAX,Concentration3,NTU,10,NTU,742,NTU,,07/31/2024
PR0024112,001,00070,Turbidity,140,C3,MAX,Concentration3,NTU,140,NTU,742,NTU,,10/31/2024
PR0024112,001,00070,Turbidity,31,C3,MAX,Concentration3,NTU,31,NTU,742,NTU,,01/31/2025
PR0024112,001,00070,Turbidity,22,C3,MAX,Concentration3,NTU,22,NTU,742,NTU,,04/30/2025
PR0024112,001,00070,Turbidity,8.3,C3,MAX,Concentration3,NTU,8.3,NTU,742,NTU,,07/31/2025
PR0024112,001,00070,Turbidity,550,C3,MAX,Concentration3,NTU,550,NTU,742,NTU,,10/31/2025
PR0024112,001,00070,Turbidity,2.6,C3,MAX,Concentration3,NTU,2.6,NTU,742,NTU,,11/30/2025
PR0024112,001,00070,Turbidity,160,C3,MAX,Concentration3,NTU,160,NTU,742,NTU,,12/31/2025
PR0024112,001,00070,Turbidity,45,C3,MAX,Concentration3,NTU,45,NTU,742,NTU,,01/31/2026
PR0024112,001,00080,Color [PT-CO units],5,C3,MAX,Concentration3,col unit (pc),5,col unit (pc),15,col unit (pc),,01/31/2020
PR0024112,001,00080,Color [PT-CO units],5,C3,MAX,Concentration3,col unit (pc),5,col unit (pc),15,col unit (pc),,02/29/2020
PR0024112,001,00080,Color [PT-CO units],5,C3,MAX,Concentration3,col unit (pc),5,col unit (pc),15,col unit (pc),,03/31/2020
PR0024112,001,00080,Color [PT-CO units],5,C3,MAX,Concentration3,col unit (pc),5,col unit (pc),15,col unit (pc),,04/30/2020
PR0024112,001,00080,Color [PT-CO units],5,C3,MAX,Concentration3,col unit (pc),5,col unit (pc),15,col unit (pc),,05/31/2020
PR0024112,001,00080,Color [PT-CO units],5,C3,MAX,Concentration3,col unit (pc),5,col unit (pc),15,col unit (pc),,06/30/2020
PR0024112,001,00080,Color [PT-CO units],5,C3,MAX,Concentration3,col unit (pc),5,col unit (pc),15,col unit (pc),,07/31/2020
PR0024112,001,00080,Color [PT-CO units],5,C3,MAX,Concentration3,col unit (pc),5,col unit (pc),15,col unit (pc),,08/31/2020
PR0024112,001,00080,Color [PT-CO units],5,C3,MAX,Concentration3,col unit (pc),5,col unit (pc),15,col unit (pc),,09/30/2020
PR0024112,001,00080,Color [PT-CO units],5,C3,MAX,Concentration3,col unit (pc),5,col unit (pc),15,col unit (pc),,10/31/2020
PR0024112,001,00080,Color [PT-CO units],5,C3,MAX,Concentration3,col unit (pc),5,col unit (pc),15,col unit (pc),,11/30/2020
PR0024112,001,00080,Color [PT-CO units],5,C3,MAX,Concentration3,col unit (pc),5,col unit (pc),15,col unit (pc),,12/31/2020
PR0024112,001,00080,Color [PT-CO units],5,C3,MAX,Concentration3,col unit (pc),5,col unit (pc),15,col unit (pc),,01/31/2021
PR0024112,001,00080,Color [PT-CO units],5,C3,MAX,Concentration3,col unit (pc),5,col unit (pc),15,col unit (pc),,02/28/2021
PR0024112,001,00080,Color [PT-CO units],5,C3,MAX,Concentration3,col unit (pc),5,col unit (pc),15,col unit (pc),,03/31/2021
PR0024112,001,00080,Color [PT-CO units],10,C3,MAX,Concentration3,col unit (pc),10,col unit (pc),15,col unit (pc),,04/30/2021
PR0024112,001,00080,Color [PT-CO units],5,C3,MAX,Concentration3,col unit (pc),5,col unit (pc),15,col unit (pc),,05/31/2021
PR0024112,001,00080,Color [PT-CO units],10,C3,MAX,Concentration3,col unit (pc),10,col unit (pc),15,col unit (pc),,06/30/2021
PR0024112,001,00080,Color [PT-CO units],5,C3,MAX,Concentration3,col unit (pc),5,col unit (pc),15,col unit (pc),,07/31/2021
PR0024112,001,00080,Color [PT-CO units],5,C3,MAX,Concentration3,col unit (pc),5,col unit (pc),15,col unit (pc),,08/31/2021
PR0024112,001,00080,Color [PT-CO units],5,C3,MAX,Concentration3,col unit (pc),5,col unit (pc),15,col unit (pc),,09/30/2021
PR0024112,001,00080,Color [PT-CO units],5,C3,MAX,Concentration3,col unit (pc),5,col unit (pc),15,col unit (pc),,10/31/2021
PR0024112,001,00080,Color [PT-CO units],5,C3,MAX,Concentration3,col unit (pc),5,col unit (pc),15,col unit (pc),,11/30/2021
PR0024112,001,00080,Color [PT-CO units],5,C3,MAX,Concentration3,col unit (pc),5,col unit (pc),15,col unit (pc),,12/31/2021
PR0024112,001,00080,Color [PT-CO units],5,C3,MAX,Concentration3,col unit (pc),5,col unit (pc),15,col unit (pc),,01/31/2022
PR0024112,001,00080,Color [PT-CO units],5,C3,MAX,Concentration3,col unit (pc),5,col unit (pc),15,col unit (pc),,02/28/2022
PR0024112,001,00080,Color [PT-CO units],5,C3,MAX,Concentration3,col unit (pc),5,col unit (pc),15,col unit (pc),,03/31/2022
PR0024112,001,00080,Color [PT-CO units],5,C3,MAX,Concentration3,col unit (pc),5,col unit (pc),15,col unit (pc),,04/30/2022
PR0024112,001,00080,Color [PT-CO units],15,C3,MAX,Concentration3,col unit (pc),15,col unit (pc),15,col unit (pc),,05/31/2022
PR0024112,001,00080,Color [PT-CO units],5,C3,MAX,Concentration3,col unit (pc),5,col unit (pc),15,col unit (pc),,06/30/2022
PR0024112,001,00080,Color [PT-CO units],5,C3,MAX,Concentration3,col unit (pc),5,col unit (pc),15,col unit (pc),,07/31/2022
PR0024112,001,00080,Color [PT-CO units],15,C3,MAX,Concentration3,col unit (pc),15,col unit (pc),15,col unit (pc),,08/31/2022
PR0024112,001,00080,Color [PT-CO units],15,C3,MAX,Concentration3,col unit (pc),15,col unit (pc),15,col unit (pc),,09/30/2022
PR0024112,001,00080,Color [PT-CO units],5,C3,MAX,Concentration3,col unit (pc),5,col unit (pc),15,col unit (pc),,10/31/2022
PR0024112,001,00080,Color [PT-CO units],5,C3,MAX,Concentration3,col unit (pc),5,col unit (pc),15,col unit (pc),,11/30/2022
PR0024112,001,00080,Color [PT-CO units],5,C3,MAX,Concentration3,col unit (pc),5,col unit (pc),15,col unit (pc),,12/31/2022
PR0024112,001,00080,Color [PT-CO units],5,C3,MAX,Concentration3,col unit (pc),5,col unit (pc),15,col unit (pc),,01/31/2023
PR0024112,001,00080,Color [PT-CO units],5,C3,MAX,Concentration3,col unit (pc),5,col unit (pc),15,col unit (pc),,02/28/2023
PR0024112,001,00080,Color [PT-CO units],5,C3,MAX,Concentration3,col unit (pc),5,col unit (pc),15,col unit (pc),,03/31/2023
PR0024112,001,00080,Color [PT-CO units],10,C3,MAX,Concentration3,col unit (pc),10,col unit (pc),15,col unit (pc),,04/30/2023
PR0024112,001,00080,Color [PT-CO units],5,C3,MAX,Concentration3,col unit (pc),5,col unit (pc),15,col unit (pc),,05/31/2023
PR0024112,001,00080,Color [PT-CO units],5,C3,MAX,Concentration3,col unit (pc),5,col unit (pc),15,col unit (pc),,06/30/2023
PR0024112,001,00080,Color [PT-CO units],5,C3,MAX,Concentration3,col unit (pc),5,col unit (pc),15,col unit (pc),,07/31/2023
PR0024112,001,00080,Color [PT-CO units],5,C3,MAX,Concentration3,col unit (pc),5,col unit (pc),15,col unit (pc),,08/31/2023
PR0024112,001,00080,Color [PT-CO units],5,C3,MAX,Concentration3,col unit (pc),5,col unit (pc),15,col unit (pc),,09/30/2023
PR0024112,001,00080,Color [PT-CO units],5,C3,MAX,Concentration3,col unit (pc),5,col unit (pc),15,col unit (pc),,10/31/2023
PR0024112,001,00080,Color [PT-CO units],5,C3,MAX,Concentration3,col unit (pc),5,col unit (pc),15,col unit (pc),,11/30/2023
PR0024112,001,00080,Color [PT-CO units],5,C3,MAX,Concentration3,col unit (pc),5,col unit (pc),15,col unit (pc),,12/31/2023
PR0024112,001,00080,Color [PT-CO units],5,C3,MAX,Concentration3,col unit (pc),5,col unit (pc),15,col unit (pc),,01/31/2024
PR0024112,001,00080,Color [PT-CO units],15,C3,MAX,Concentration3,col unit (pc),15,col unit (pc),15,col unit (pc),,02/29/2024
PR0024112,001,00080,Color [PT-CO units],5,C3,MAX,Concentration3,col unit (pc),5,col unit (pc),15,col unit (pc),,03/31/2024
PR0024112,001,00080,Color [PT-CO units],10,C3,MAX,Concentration3,col unit (pc),10,col unit (pc),15,col unit (pc),,04/30/2024
PR0024112,001,00080,Color [PT-CO units],5,C3,MAX,Concentration3,col unit (pc),5,col unit (pc),15,col unit (pc),,05/31/2024
PR0024112,001,00080,Color [PT-CO units],5,C3,MAX,Concentration3,col unit (pc),5,col unit (pc),15,col unit (pc),,06/30/2024
PR0024112,001,00080,Color [PT-CO units],15,C3,MAX,Concentration3,col unit (pc),15,col unit (pc),15,col unit (pc),,07/31/2024
PR0024112,001,00080,Color [PT-CO units],10,C3,MAX,Concentration3,col unit (pc),10,col unit (pc),15,col unit (pc),,08/31/2024
PR0024112,001,00080,Color [PT-CO units],10,C3,MAX,Concentration3,col unit (pc),10,col unit (pc),15,col unit (pc),,09/30/2024
PR0024112,001,00080,Color [PT-CO units],5,C3,MAX,Concentration3,col unit (pc),5,col unit (pc),15,col unit (pc),,10/31/2024
PR0024112,001,00080,Color [PT-CO units],5,C3,MAX,Concentration3,col unit (pc),5,col unit (pc),15,col unit (pc),,11/30/2024
PR0024112,001,00080,Color [PT-CO units],5,C3,MAX,Concentration3,col unit (pc),5,col unit (pc),15,col unit (pc),,12/31/2024
PR0024112,001,00080,Color [PT-CO units],5,C3,MAX,Concentration3,col unit (pc),5,col unit (pc),15,col unit (pc),,01/31/2025
PR0024112,001,00080,Color [PT-CO units],5,C3,MAX,Concentration3,col unit (pc),5,col unit (pc),15,col unit (pc),,02/28/2025
PR0024112,001,00080,Color [PT-CO units],5,C3,MAX,Concentration3,col unit (pc),5,col unit (pc),15,col unit (pc),,03/31/2025
PR0024112,001,00080,Color [PT-CO units],5,C3,MAX,Concentration3,col unit (pc),5,col unit (pc),15,col unit (pc),,04/30/2025
PR0024112,001,00080,Color [PT-CO units],5,C3,MAX,Concentration3,col unit (pc),5,col unit (pc),15,col unit (pc),,05/31/2025
PR0024112,001,00080,Color [PT-CO units],5,C3,MAX,Concentration3,col unit (pc),5,col unit (pc),15,col unit (pc),,06/30/2025
PR0024112,001,00080,Color [PT-CO units],5,C3,MAX,Concentration3,col unit (pc),5,col unit (pc),15,col unit (pc),,07/31/2025
PR0024112,001,00080,Color [PT-CO units],5,C3,MAX,Concentration3,col unit (pc),5,col unit (pc),15,col unit (pc),,08/31/2025
PR0024112,001,00080,Color [PT-CO units],5,C3,MAX,Concentration3,col unit (pc),5,col unit (pc),15,col unit (pc),,09/30/2025
PR0024112,001,00080,Color [PT-CO units],5,C3,MAX,Concentration3,col unit (pc),5,col unit (pc),15,col unit (pc),,12/31/2025
PR0024112,001,00300,"Oxygen, dissolved [DO]",7,C1,MIN,Concentration1,mg/L,7,mg/L,5,mg/L,,01/31/2020
PR0024112,001,00300,"Oxygen, dissolved [DO]",5.2,C1,MIN,Concentration1,mg/L,5.2,mg/L,5,mg/L,,02/29/2020
PR0024112,001,00300,"Oxygen, dissolved [DO]",7.6,C1,MIN,Concentration1,mg/L,7.6,mg/L,5,mg/L,,03/31/2020
PR0024112,001,00300,"Oxygen, dissolved [DO]",5,C1,MIN,Concentration1,mg/L,5,mg/L,5,mg/L,,04/30/2020
PR0024112,001,00300,"Oxygen, dissolved [DO]",7.2,C1,MIN,Concentration1,mg/L,7.2,mg/L,5,mg/L,,05/31/2020
PR0024112,001,00300,"Oxygen, dissolved [DO]",5.6,C1,MIN,Concentration1,mg/L,5.6,mg/L,5,mg/L,,06/30/2020
PR0024112,001,00300,"Oxygen, dissolved [DO]",5.6,C1,MIN,Concentration1,mg/L,5.6,mg/L,5,mg/L,,07/31/2020
PR0024112,001,00300,"Oxygen, dissolved [DO]",6.2,C1,MIN,Concentration1,mg/L,6.2,mg/L,5,mg/L,,08/31/2020
PR0024112,001,00300,"Oxygen, dissolved [DO]",5,C1,MIN,Concentration1,mg/L,5,mg/L,5,mg/L,,09/30/2020
PR0024112,001,00300,"Oxygen, dissolved [DO]",5.9,C1,MIN,Concentration1,mg/L,5.9,mg/L,5,mg/L,,10/31/2020
PR0024112,001,00300,"Oxygen, dissolved [DO]",6.4,C1,MIN,Concentration1,mg/L,6.4,mg/L,5,mg/L,,11/30/2020
PR0024112,001,00300,"Oxygen, dissolved [DO]",6.9,C1,MIN,Concentration1,mg/L,6.9,mg/L,5,mg/L,,12/31/2020
PR0024112,001,00300,"Oxygen, dissolved [DO]",5.9,C1,MIN,Concentration1,mg/L,5.9,mg/L,5,mg/L,,01/31/2021
PR0024112,001,00300,"Oxygen, dissolved [DO]",5.1,C1,MIN,Concentration1,mg/L,5.1,mg/L,5,mg/L,,02/28/2021
PR0024112,001,00300,"Oxygen, dissolved [DO]",7,C1,MIN,Concentration1,mg/L,7,mg/L,5,mg/L,,03/31/2021
PR0024112,001,00300,"Oxygen, dissolved [DO]",7.5,C1,MIN,Concentration1,mg/L,7.5,mg/L,5,mg/L,,04/30/2021
PR0024112,001,00300,"Oxygen, dissolved [DO]",6.6,C1,MIN,Concentration1,mg/L,6.6,mg/L,5,mg/L,,05/31/2021
PR0024112,001,00300,"Oxygen, dissolved [DO]",6.5,C1,MIN,Concentration1,mg/L,6.5,mg/L,5,mg/L,,06/30/2021
PR0024112,001,00300,"Oxygen, dissolved [DO]",6.8,C1,MIN,Concentration1,mg/L,6.8,mg/L,5,mg/L,,07/31/2021
PR0024112,001,00300,"Oxygen, dissolved [DO]",6.8,C1,MIN,Concentration1,mg/L,6.8,mg/L,5,mg/L,,08/31/2021
PR0024112,001,00300,"Oxygen, dissolved [DO]",7,C1,MIN,Concentration1,mg/L,7,mg/L,5,mg/L,,09/30/2021
PR0024112,001,00300,"Oxygen, dissolved [DO]",5.9,C1,MIN,Concentration1,mg/L,5.9,mg/L,5,mg/L,,10/31/2021
PR0024112,001,00300,"Oxygen, dissolved [DO]",7.2,C1,MIN,Concentration1,mg/L,7.2,mg/L,5,mg/L,,11/30/2021
PR0024112,001,00300,"Oxygen, dissolved [DO]",7.6,C1,MIN,Concentration1,mg/L,7.6,mg/L,5,mg/L,,12/31/2021
PR0024112,001,00300,"Oxygen, dissolved [DO]",7.7,C1,MIN,Concentration1,mg/L,7.7,mg/L,5,mg/L,,01/31/2022
PR0024112,001,00300,"Oxygen, dissolved [DO]",7,C1,MIN,Concentration1,mg/L,7,mg/L,5,mg/L,,02/28/2022
PR0024112,001,00300,"Oxygen, dissolved [DO]",6.3,C1,MIN,Concentration1,mg/L,6.3,mg/L,5,mg/L,,03/31/2022
PR0024112,001,00300,"Oxygen, dissolved [DO]",7.9,C1,MIN,Concentration1,mg/L,7.9,mg/L,5,mg/L,,04/30/2022
PR0024112,001,00300,"Oxygen, dissolved [DO]",7.4,C1,MIN,Concentration1,mg/L,7.4,mg/L,5,mg/L,,05/31/2022
PR0024112,001,00300,"Oxygen, dissolved [DO]",7.1,C1,MIN,Concentration1,mg/L,7.1,mg/L,5,mg/L,,06/30/2022
PR0024112,001,00300,"Oxygen, dissolved [DO]",7.1,C1,MIN,Concentration1,mg/L,7.1,mg/L,5,mg/L,,07/31/2022
PR0024112,001,00300,"Oxygen, dissolved [DO]",7.4,C1,MIN,Concentration1,mg/L,7.4,mg/L,5,mg/L,,08/31/2022
PR0024112,001,00300,"Oxygen, dissolved [DO]",7.3,C1,MIN,Concentration1,mg/L,7.3,mg/L,5,mg/L,,09/30/2022
PR0024112,001,00300,"Oxygen, dissolved [DO]",7.4,C1,MIN,Concentration1,mg/L,7.4,mg/L,5,mg/L,,10/31/2022
PR0024112,001,00300,"Oxygen, dissolved [DO]",7.4,C1,MIN,Concentration1,mg/L,7.4,mg/L,5,mg/L,,11/30/2022
PR0024112,001,00300,"Oxygen, dissolved [DO]",7.7,C1,MIN,Concentration1,mg/L,7.7,mg/L,5,mg/L,,12/31/2022
PR0024112,001,00300,"Oxygen, dissolved [DO]",7.9,C1,MIN,Concentration1,mg/L,7.9,mg/L,5,mg/L,,01/31/2023
PR0024112,001,00300,"Oxygen, dissolved [DO]",7.7,C1,MIN,Concentration1,mg/L,7.7,mg/L,5,mg/L,,02/28/2023
PR0024112,001,00300,"Oxygen, dissolved [DO]",7.3,C1,MIN,Concentration1,mg/L,7.3,mg/L,5,mg/L,,03/31/2023
PR0024112,001,00300,"Oxygen, dissolved [DO]",7.3,C1,MIN,Concentration1,mg/L,7.3,mg/L,5,mg/L,,04/30/2023
PR0024112,001,00300,"Oxygen, dissolved [DO]",7.3,C1,MIN,Concentration1,mg/L,7.3,mg/L,5,mg/L,,05/31/2023
PR0024112,001,00300,"Oxygen, dissolved [DO]",5.1,C1,MIN,Concentration1,mg/L,5.1,mg/L,5,mg/L,,06/30/2023
PR0024112,001,00300,"Oxygen, dissolved [DO]",7,C1,MIN,Concentration1,mg/L,7,mg/L,5,mg/L,,07/31/2023
PR0024112,001,00300,"Oxygen, dissolved [DO]",6.8,C1,MIN,Concentration1,mg/L,6.8,mg/L,5,mg/L,,08/31/2023
PR0024112,001,00300,"Oxygen, dissolved [DO]",6.7,C1,MIN,Concentration1,mg/L,6.7,mg/L,5,mg/L,,09/30/2023
PR0024112,001,00300,"Oxygen, dissolved [DO]",7.2,C1,MIN,Concentration1,mg/L,7.2,mg/L,5,mg/L,,10/31/2023
PR0024112,001,00300,"Oxygen, dissolved [DO]",7.5,C1,MIN,Concentration1,mg/L,7.5,mg/L,5,mg/L,,11/30/2023
PR0024112,001,00300,"Oxygen, dissolved [DO]",7.2,C1,MIN,Concentration1,mg/L,7.2,mg/L,5,mg/L,,12/31/2023
PR0024112,001,00300,"Oxygen, dissolved [DO]",7.6,C1,MIN,Concentration1,mg/L,7.6,mg/L,5,mg/L,,01/31/2024
PR0024112,001,00300,"Oxygen, dissolved [DO]",7.9,C1,MIN,Concentration1,mg/L,7.9,mg/L,5,mg/L,,02/29/2024
PR0024112,001,00300,"Oxygen, dissolved [DO]",7.6,C1,MIN,Concentration1,mg/L,7.6,mg/L,5,mg/L,,03/31/2024
PR0024112,001,00300,"Oxygen, dissolved [DO]",6.73,C1,MIN,Concentration1,mg/L,6.73,mg/L,5,mg/L,,04/30/2024
PR0024112,001,00300,"Oxygen, dissolved [DO]",6.9,C1,MIN,Concentration1,mg/L,6.9,mg/L,5,mg/L,,05/31/2024
PR0024112,001,00300,"Oxygen, dissolved [DO]",7,C1,MIN,Concentration1,mg/L,7,mg/L,5,mg/L,,06/30/2024
PR0024112,001,00300,"Oxygen, dissolved [DO]",7.1,C1,MIN,Concentration1,mg/L,7.1,mg/L,5,mg/L,,07/31/2024
PR0024112,001,00300,"Oxygen, dissolved [DO]",7.4,C1,MIN,Concentration1,mg/L,7.4,mg/L,5,mg/L,,08/31/2024
PR0024112,001,00300,"Oxygen, dissolved [DO]",7.3,C1,MIN,Concentration1,mg/L,7.3,mg/L,5,mg/L,,09/30/2024
PR0024112,001,00300,"Oxygen, dissolved [DO]",7.1,C1,MIN,Concentration1,mg/L,7.1,mg/L,5,mg/L,,10/31/2024
PR0024112,001,00300,"Oxygen, dissolved [DO]",7.5,C1,MIN,Concentration1,mg/L,7.5,mg/L,5,mg/L,,11/30/2024
PR0024112,001,00300,"Oxygen, dissolved [DO]",7.1,C1,MIN,Concentration1,mg/L,7.1,mg/L,5,mg/L,,12/31/2024
PR0024112,001,00300,"Oxygen, dissolved [DO]",6.7,C1,MIN,Concentration1,mg/L,6.7,mg/L,5,mg/L,,01/31/2025
PR0024112,001,00300,"Oxygen, dissolved [DO]",7.8,C1,MIN,Concentration1,mg/L,7.8,mg/L,5,mg/L,,02/28/2025
PR0024112,001,00300,"Oxygen, dissolved [DO]",7.9,C1,MIN,Concentration1,mg/L,7.9,mg/L,5,mg/L,,03/31/2025
PR0024112,001,00300,"Oxygen, dissolved [DO]",7.6,C1,MIN,Concentration1,mg/L,7.6,mg/L,5,mg/L,,04/30/2025
PR0024112,001,00300,"Oxygen, dissolved [DO]",7.9,C1,MIN,Concentration1,mg/L,7.9,mg/L,5,mg/L,,05/31/2025
PR0024112,001,00300,"Oxygen, dissolved [DO]",7.5,C1,MIN,Concentration1,mg/L,7.5,mg/L,5,mg/L,,06/30/2025
PR0024112,001,00300,"Oxygen, dissolved [DO]",7.5,C1,MIN,Concentration1,mg/L,7.5,mg/L,5,mg/L,,07/31/2025
PR0024112,001,00300,"Oxygen, dissolved [DO]",7.4,C1,MIN,Concentration1,mg/L,7.4,mg/L,5,mg/L,,08/31/2025
PR0024112,001,00300,"Oxygen, dissolved [DO]",7.4,C1,MIN,Concentration1,mg/L,7.4,mg/L,5,mg/L,,09/30/2025
PR0024112,001,00300,"Oxygen, dissolved [DO]",7.3,C1,MIN,Concentration1,mg/L,7.3,mg/L,5,mg/L,,10/31/2025
PR0024112,001,00300,"Oxygen, dissolved [DO]",7.6,C1,MIN,Concentration1,mg/L,7.6,mg/L,5,mg/L,,11/30/2025
PR0024112,001,00300,"Oxygen, dissolved [DO]",7.8,C1,MIN,Concentration1,mg/L,7.8,mg/L,5,mg/L,,12/31/2025
PR0024112,001,00300,"Oxygen, dissolved [DO]",8.1,C1,MIN,Concentration1,mg/L,8.1,mg/L,5,mg/L,,01/31/2026
PR0024112,001,00310,"BOD, 5-day, 20 deg. C",NA,C3,MAX,Concentration3,,,mg/L,5,mg/L,H,01/31/2020
PR0024112,001,00310,"BOD, 5-day, 20 deg. C",1,C3,MAX,Concentration3,mg/L,1,mg/L,5,mg/L,,02/29/2020
PR0024112,001,00310,"BOD, 5-day, 20 deg. C",5,C3,MAX,Concentration3,mg/L,5,mg/L,5,mg/L,,03/31/2020
PR0024112,001,00310,"BOD, 5-day, 20 deg. C",2,C3,MAX,Concentration3,mg/L,2,mg/L,5,mg/L,,04/30/2020
PR0024112,001,00310,"BOD, 5-day, 20 deg. C",32,C3,MAX,Concentration3,mg/L,32,mg/L,5,mg/L,,05/31/2020
PR0024112,001,00310,"BOD, 5-day, 20 deg. C",11,C3,MAX,Concentration3,mg/L,11,mg/L,5,mg/L,,06/30/2020
PR0024112,001,00310,"BOD, 5-day, 20 deg. C",4,C3,MAX,Concentration3,mg/L,4,mg/L,5,mg/L,,07/31/2020
PR0024112,001,00310,"BOD, 5-day, 20 deg. C",5,C3,MAX,Concentration3,mg/L,5,mg/L,5,mg/L,,08/31/2020
PR0024112,001,00310,"BOD, 5-day, 20 deg. C",1,C3,MAX,Concentration3,mg/L,1,mg/L,5,mg/L,,09/30/2020
PR0024112,001,00310,"BOD, 5-day, 20 deg. C",8,C3,MAX,Concentration3,mg/L,8,mg/L,5,mg/L,,10/31/2020
PR0024112,001,00310,"BOD, 5-day, 20 deg. C",6,C3,MAX,Concentration3,mg/L,6,mg/L,5,mg/L,,11/30/2020
PR0024112,001,00310,"BOD, 5-day, 20 deg. C",15,C3,MAX,Concentration3,mg/L,15,mg/L,5,mg/L,,12/31/2020
PR0024112,001,00310,"BOD, 5-day, 20 deg. C",2,C3,MAX,Concentration3,mg/L,2,mg/L,5,mg/L,,01/31/2021
PR0024112,001,00310,"BOD, 5-day, 20 deg. C",2,C3,MAX,Concentration3,mg/L,2,mg/L,5,mg/L,,02/28/2021
PR0024112,001,00310,"BOD, 5-day, 20 deg. C",2,C3,MAX,Concentration3,mg/L,2,mg/L,5,mg/L,,03/31/2021
PR0024112,001,00310,"BOD, 5-day, 20 deg. C",2,C3,MAX,Concentration3,mg/L,2,mg/L,5,mg/L,,04/30/2021
PR0024112,001,00310,"BOD, 5-day, 20 deg. C",2,C3,MAX,Concentration3,mg/L,2,mg/L,5,mg/L,,05/31/2021
PR0024112,001,00310,"BOD, 5-day, 20 deg. C",2,C3,MAX,Concentration3,mg/L,2,mg/L,5,mg/L,,06/30/2021
PR0024112,001,00310,"BOD, 5-day, 20 deg. C",2,C3,MAX,Concentration3,mg/L,2,mg/L,5,mg/L,,07/31/2021
PR0024112,001,00310,"BOD, 5-day, 20 deg. C",2,C3,MAX,Concentration3,mg/L,2,mg/L,5,mg/L,,08/31/2021
PR0024112,001,00310,"BOD, 5-day, 20 deg. C",2,C3,MAX,Concentration3,mg/L,2,mg/L,5,mg/L,,09/30/2021
PR0024112,001,00310,"BOD, 5-day, 20 deg. C",2,C3,MAX,Concentration3,mg/L,2,mg/L,5,mg/L,,10/31/2021
PR0024112,001,00310,"BOD, 5-day, 20 deg. C",3.7,C3,MAX,Concentration3,mg/L,3.7,mg/L,5,mg/L,,11/30/2021
PR0024112,001,00310,"BOD, 5-day, 20 deg. C",5.8,C3,MAX,Concentration3,mg/L,5.8,mg/L,5,mg/L,,12/31/2021
PR0024112,001,00310,"BOD, 5-day, 20 deg. C",2,C3,MAX,Concentration3,mg/L,2,mg/L,5,mg/L,,01/31/2022
PR0024112,001,00310,"BOD, 5-day, 20 deg. C",2,C3,MAX,Concentration3,mg/L,2,mg/L,5,mg/L,,02/28/2022
PR0024112,001,00310,"BOD, 5-day, 20 deg. C",2,C3,MAX,Concentration3,mg/L,2,mg/L,5,mg/L,,03/31/2022
PR0024112,001,00310,"BOD, 5-day, 20 deg. C",2,C3,MAX,Concentration3,mg/L,2,mg/L,5,mg/L,,04/30/2022
PR0024112,001,00310,"BOD, 5-day, 20 deg. C",2,C3,MAX,Concentration3,mg/L,2,mg/L,5,mg/L,,05/31/2022
PR0024112,001,00310,"BOD, 5-day, 20 deg. C",7,C3,MAX,Concentration3,mg/L,7,mg/L,5,mg/L,,06/30/2022
PR0024112,001,00310,"BOD, 5-day, 20 deg. C",5,C3,MAX,Concentration3,mg/L,5,mg/L,5,mg/L,,07/31/2022
PR0024112,001,00310,"BOD, 5-day, 20 deg. C",2.8,C3,MAX,Concentration3,mg/L,2.8,mg/L,5,mg/L,,08/31/2022
PR0024112,001,00310,"BOD, 5-day, 20 deg. C",9.7,C3,MAX,Concentration3,mg/L,9.7,mg/L,5,mg/L,,09/30/2022
PR0024112,001,00310,"BOD, 5-day, 20 deg. C",2,C3,MAX,Concentration3,mg/L,2,mg/L,5,mg/L,,10/31/2022
PR0024112,001,00310,"BOD, 5-day, 20 deg. C",2,C3,MAX,Concentration3,mg/L,2,mg/L,5,mg/L,,11/30/2022
PR0024112,001,00310,"BOD, 5-day, 20 deg. C",4,C3,MAX,Concentration3,mg/L,4,mg/L,5,mg/L,,12/31/2022
PR0024112,001,00310,"BOD, 5-day, 20 deg. C",1,C3,MAX,Concentration3,mg/L,1,mg/L,5,mg/L,,01/31/2023
PR0024112,001,00310,"BOD, 5-day, 20 deg. C",2,C3,MAX,Concentration3,mg/L,2,mg/L,5,mg/L,,02/28/2023
PR0024112,001,00310,"BOD, 5-day, 20 deg. C",2,C3,MAX,Concentration3,mg/L,2,mg/L,5,mg/L,,03/31/2023
PR0024112,001,00310,"BOD, 5-day, 20 deg. C",5,C3,MAX,Concentration3,mg/L,5,mg/L,5,mg/L,,04/30/2023
PR0024112,001,00310,"BOD, 5-day, 20 deg. C",2,C3,MAX,Concentration3,mg/L,2,mg/L,5,mg/L,,05/31/2023
PR0024112,001,00310,"BOD, 5-day, 20 deg. C",3,C3,MAX,Concentration3,mg/L,3,mg/L,5,mg/L,,06/30/2023
PR0024112,001,00310,"BOD, 5-day, 20 deg. C",3,C3,MAX,Concentration3,mg/L,3,mg/L,5,mg/L,,07/31/2023
PR0024112,001,00310,"BOD, 5-day, 20 deg. C",2,C3,MAX,Concentration3,mg/L,2,mg/L,5,mg/L,,08/31/2023
PR0024112,001,00310,"BOD, 5-day, 20 deg. C",2,C3,MAX,Concentration3,mg/L,2,mg/L,5,mg/L,,09/30/2023
PR0024112,001,00310,"BOD, 5-day, 20 deg. C",33,C3,MAX,Concentration3,mg/L,33,mg/L,5,mg/L,,10/31/2023
PR0024112,001,00310,"BOD, 5-day, 20 deg. C",2,C3,MAX,Concentration3,mg/L,2,mg/L,5,mg/L,,11/30/2023
PR0024112,001,00310,"BOD, 5-day, 20 deg. C",2,C3,MAX,Concentration3,mg/L,2,mg/L,5,mg/L,,12/31/2023
PR0024112,001,00310,"BOD, 5-day, 20 deg. C",1,C3,MAX,Concentration3,mg/L,1,mg/L,5,mg/L,,01/31/2024
PR0024112,001,00310,"BOD, 5-day, 20 deg. C",6,C3,MAX,Concentration3,mg/L,6,mg/L,5,mg/L,,02/29/2024
PR0024112,001,00310,"BOD, 5-day, 20 deg. C",12,C3,MAX,Concentration3,mg/L,12,mg/L,5,mg/L,,03/31/2024
PR0024112,001,00310,"BOD, 5-day, 20 deg. C",3,C3,MAX,Concentration3,mg/L,3,mg/L,5,mg/L,,04/30/2024
PR0024112,001,00310,"BOD, 5-day, 20 deg. C",1,C3,MAX,Concentration3,mg/L,1,mg/L,5,mg/L,,05/31/2024
PR0024112,001,00310,"BOD, 5-day, 20 deg. C",2,C3,MAX,Concentration3,mg/L,2,mg/L,5,mg/L,,06/30/2024
PR0024112,001,00310,"BOD, 5-day, 20 deg. C",26,C3,MAX,Concentration3,mg/L,26,mg/L,5,mg/L,,07/31/2024
PR0024112,001,00310,"BOD, 5-day, 20 deg. C",125,C3,MAX,Concentration3,mg/L,125,mg/L,5,mg/L,,08/31/2024
PR0024112,001,00310,"BOD, 5-day, 20 deg. C",9,C3,MAX,Concentration3,mg/L,9,mg/L,5,mg/L,,09/30/2024
PR0024112,001,00310,"BOD, 5-day, 20 deg. C",41,C3,MAX,Concentration3,mg/L,41,mg/L,5,mg/L,,10/31/2024
PR0024112,001,00310,"BOD, 5-day, 20 deg. C",1,C3,MAX,Concentration3,mg/L,1,mg/L,5,mg/L,,11/30/2024
PR0024112,001,00310,"BOD, 5-day, 20 deg. C",227,C3,MAX,Concentration3,mg/L,227,mg/L,5,mg/L,,12/31/2024
PR0024112,001,00310,"BOD, 5-day, 20 deg. C",2,C3,MAX,Concentration3,mg/L,2,mg/L,5,mg/L,,01/31/2025
PR0024112,001,00310,"BOD, 5-day, 20 deg. C",13,C3,MAX,Concentration3,mg/L,13,mg/L,5,mg/L,,02/28/2025
PR0024112,001,00310,"BOD, 5-day, 20 deg. C",1,C3,MAX,Concentration3,mg/L,1,mg/L,5,mg/L,,03/31/2025
PR0024112,001,00310,"BOD, 5-day, 20 deg. C",1,C3,MAX,Concentration3,mg/L,1,mg/L,5,mg/L,,04/30/2025
PR0024112,001,00310,"BOD, 5-day, 20 deg. C",2,C3,MAX,Concentration3,mg/L,2,mg/L,5,mg/L,,05/31/2025
PR0024112,001,00310,"BOD, 5-day, 20 deg. C",2.96,C3,MAX,Concentration3,mg/L,2.96,mg/L,5,mg/L,,06/30/2025
PR0024112,001,00310,"BOD, 5-day, 20 deg. C",4.8,C3,MAX,Concentration3,mg/L,4.8,mg/L,5,mg/L,,07/31/2025
PR0024112,001,00310,"BOD, 5-day, 20 deg. C",2,C3,MAX,Concentration3,mg/L,2,mg/L,5,mg/L,,08/31/2025
PR0024112,001,00310,"BOD, 5-day, 20 deg. C",2,C3,MAX,Concentration3,mg/L,2,mg/L,5,mg/L,,09/30/2025
PR0024112,001,00310,"BOD, 5-day, 20 deg. C",12.6,C3,MAX,Concentration3,mg/L,12.6,mg/L,5,mg/L,,10/31/2025
PR0024112,001,00310,"BOD, 5-day, 20 deg. C",2,C3,MAX,Concentration3,mg/L,2,mg/L,5,mg/L,,11/30/2025
PR0024112,001,00310,"BOD, 5-day, 20 deg. C",2,C3,MAX,Concentration3,mg/L,2,mg/L,5,mg/L,,12/31/2025
PR0024112,001,00310,"BOD, 5-day, 20 deg. C",2,C3,MAX,Concentration3,mg/L,2,mg/L,5,mg/L,,01/31/2026
PR0024112,001,00400,pH,6.6,C1,MIN,Concentration1,SU,6.6,SU,6,SU,,01/31/2020
PR0024112,001,00400,pH,6.6,C3,MAX,Concentration3,SU,6.6,SU,9,SU,,01/31/2020
PR0024112,001,00400,pH,7.5,C3,MAX,Concentration3,SU,7.5,SU,9,SU,,02/29/2020
PR0024112,001,00400,pH,6.1,C1,MIN,Concentration1,SU,6.1,SU,6,SU,,02/29/2020
PR0024112,001,00400,pH,6.4,C1,MIN,Concentration1,SU,6.4,SU,6,SU,,03/31/2020
PR0024112,001,00400,pH,7.6,C3,MAX,Concentration3,SU,7.6,SU,9,SU,,03/31/2020
PR0024112,001,00400,pH,7.9,C3,MAX,Concentration3,SU,7.9,SU,9,SU,,04/30/2020
PR0024112,001,00400,pH,6,C1,MIN,Concentration1,SU,6,SU,6,SU,,04/30/2020
PR0024112,001,00400,pH,6.4,C1,MIN,Concentration1,SU,6.4,SU,6,SU,,05/31/2020
PR0024112,001,00400,pH,7.6,C3,MAX,Concentration3,SU,7.6,SU,9,SU,,05/31/2020
PR0024112,001,00400,pH,6,C1,MIN,Concentration1,SU,6,SU,6,SU,,06/30/2020
PR0024112,001,00400,pH,7.8,C3,MAX,Concentration3,SU,7.8,SU,9,SU,,06/30/2020
PR0024112,001,00400,pH,7.3,C3,MAX,Concentration3,SU,7.3,SU,9,SU,,07/31/2020
PR0024112,001,00400,pH,6.2,C1,MIN,Concentration1,SU,6.2,SU,6,SU,,07/31/2020
PR0024112,001,00400,pH,7.4,C3,MAX,Concentration3,SU,7.4,SU,9,SU,,08/31/2020
PR0024112,001,00400,pH,6.2,C1,MIN,Concentration1,SU,6.2,SU,6,SU,,08/31/2020
PR0024112,001,00400,pH,7.4,C3,MAX,Concentration3,SU,7.4,SU,9,SU,,09/30/2020
PR0024112,001,00400,pH,6.3,C1,MIN,Concentration1,SU,6.3,SU,6,SU,,09/30/2020
PR0024112,001,00400,pH,6.1,C1,MIN,Concentration1,SU,6.1,SU,6,SU,,10/31/2020
PR0024112,001,00400,pH,6.9,C3,MAX,Concentration3,SU,6.9,SU,9,SU,,10/31/2020
PR0024112,001,00400,pH,7.2,C3,MAX,Concentration3,SU,7.2,SU,9,SU,,11/30/2020
PR0024112,001,00400,pH,6.2,C1,MIN,Concentration1,SU,6.2,SU,6,SU,,11/30/2020
PR0024112,001,00400,pH,6.2,C1,MIN,Concentration1,SU,6.2,SU,6,SU,,12/31/2020
PR0024112,001,00400,pH,7.1,C3,MAX,Concentration3,SU,7.1,SU,9,SU,,12/31/2020
PR0024112,001,00400,pH,7.6,C3,MAX,Concentration3,SU,7.6,SU,9,SU,,01/31/2021
PR0024112,001,00400,pH,6.1,C1,MIN,Concentration1,SU,6.1,SU,6,SU,,01/31/2021
PR0024112,001,00400,pH,7.7,C3,MAX,Concentration3,SU,7.7,SU,9,SU,,02/28/2021
PR0024112,001,00400,pH,6.5,C1,MIN,Concentration1,SU,6.5,SU,6,SU,,02/28/2021
PR0024112,001,00400,pH,7.7,C3,MAX,Concentration3,SU,7.7,SU,9,SU,,03/31/2021
PR0024112,001,00400,pH,6.6,C1,MIN,Concentration1,SU,6.6,SU,6,SU,,03/31/2021
PR0024112,001,00400,pH,7.6,C3,MAX,Concentration3,SU,7.6,SU,9,SU,,04/30/2021
PR0024112,001,00400,pH,6.5,C1,MIN,Concentration1,SU,6.5,SU,6,SU,,04/30/2021
PR0024112,001,00400,pH,7.2,C3,MAX,Concentration3,SU,7.2,SU,9,SU,,05/31/2021
PR0024112,001,00400,pH,6.6,C1,MIN,Concentration1,SU,6.6,SU,6,SU,,05/31/2021
PR0024112,001,00400,pH,7.2,C3,MAX,Concentration3,SU,7.2,SU,9,SU,,06/30/2021
PR0024112,001,00400,pH,6.1,C1,MIN,Concentration1,SU,6.1,SU,6,SU,,06/30/2021
PR0024112,001,00400,pH,6.6,C1,MIN,Concentration1,SU,6.6,SU,6,SU,,07/31/2021
PR0024112,001,00400,pH,7.5,C3,MAX,Concentration3,SU,7.5,SU,9,SU,,07/31/2021
PR0024112,001,00400,pH,6.5,C1,MIN,Concentration1,SU,6.5,SU,6,SU,,08/31/2021
PR0024112,001,00400,pH,7.4,C3,MAX,Concentration3,SU,7.4,SU,9,SU,,08/31/2021
PR0024112,001,00400,pH,6.1,C1,MIN,Concentration1,SU,6.1,SU,6,SU,,09/30/2021
PR0024112,001,00400,pH,7.3,C3,MAX,Concentration3,SU,7.3,SU,9,SU,,09/30/2021
PR0024112,001,00400,pH,7,C3,MAX,Concentration3,SU,7,SU,9,SU,,10/31/2021
PR0024112,001,00400,pH,6.3,C1,MIN,Concentration1,SU,6.3,SU,6,SU,,10/31/2021
PR0024112,001,00400,pH,6.6,C1,MIN,Concentration1,SU,6.6,SU,6,SU,,11/30/2021
PR0024112,001,00400,pH,7.5,C3,MAX,Concentration3,SU,7.5,SU,9,SU,,11/30/2021
PR0024112,001,00400,pH,7.5,C3,MAX,Concentration3,SU,7.5,SU,9,SU,,12/31/2021
PR0024112,001,00400,pH,6.7,C1,MIN,Concentration1,SU,6.7,SU,6,SU,,12/31/2021
PR0024112,001,00400,pH,7.4,C1,MIN,Concentration1,SU,7.4,SU,6,SU,,01/31/2022
PR0024112,001,00400,pH,6.7,C3,MAX,Concentration3,SU,6.7,SU,9,SU,,01/31/2022
PR0024112,001,00400,pH,6.8,C1,MIN,Concentration1,SU,6.8,SU,6,SU,,02/28/2022
PR0024112,001,00400,pH,7.5,C3,MAX,Concentration3,SU,7.5,SU,9,SU,,02/28/2022
PR0024112,001,00400,pH,6.7,C1,MIN,Concentration1,SU,6.7,SU,6,SU,,03/31/2022
PR0024112,001,00400,pH,7.5,C3,MAX,Concentration3,SU,7.5,SU,9,SU,,03/31/2022
PR0024112,001,00400,pH,6.9,C1,MIN,Concentration1,SU,6.9,SU,6,SU,,04/30/2022
PR0024112,001,00400,pH,7.7,C3,MAX,Concentration3,SU,7.7,SU,9,SU,,04/30/2022
PR0024112,001,00400,pH,7.7,C3,MAX,Concentration3,SU,7.7,SU,9,SU,,05/31/2022
PR0024112,001,00400,pH,6.6,C1,MIN,Concentration1,SU,6.6,SU,6,SU,,05/31/2022
PR0024112,001,00400,pH,7.5,C3,MAX,Concentration3,SU,7.5,SU,9,SU,,06/30/2022
PR0024112,001,00400,pH,6.4,C1,MIN,Concentration1,SU,6.4,SU,6,SU,,06/30/2022
PR0024112,001,00400,pH,7.7,C3,MAX,Concentration3,SU,7.7,SU,9,SU,,07/31/2022
PR0024112,001,00400,pH,6.7,C1,MIN,Concentration1,SU,6.7,SU,6,SU,,07/31/2022
PR0024112,001,00400,pH,7.6,C3,MAX,Concentration3,SU,7.6,SU,9,SU,,08/31/2022
PR0024112,001,00400,pH,6.6,C1,MIN,Concentration1,SU,6.6,SU,6,SU,,08/31/2022
PR0024112,001,00400,pH,7.1,C1,MIN,Concentration1,SU,7.1,SU,6,SU,,09/30/2022
PR0024112,001,00400,pH,6.6,C3,MAX,Concentration3,SU,6.6,SU,9,SU,,09/30/2022
PR0024112,001,00400,pH,7.4,C3,MAX,Concentration3,SU,7.4,SU,9,SU,,10/31/2022
PR0024112,001,00400,pH,6.4,C1,MIN,Concentration1,SU,6.4,SU,6,SU,,10/31/2022
PR0024112,001,00400,pH,6.6,C1,MIN,Concentration1,SU,6.6,SU,6,SU,,11/30/2022
PR0024112,001,00400,pH,7.2,C3,MAX,Concentration3,SU,7.2,SU,9,SU,,11/30/2022
PR0024112,001,00400,pH,7.6,C3,MAX,Concentration3,SU,7.6,SU,9,SU,,12/31/2022
PR0024112,001,00400,pH,6.9,C1,MIN,Concentration1,SU,6.9,SU,6,SU,,12/31/2022
PR0024112,001,00400,pH,7.4,C3,MAX,Concentration3,SU,7.4,SU,9,SU,,01/31/2023
PR0024112,001,00400,pH,6.8,C1,MIN,Concentration1,SU,6.8,SU,6,SU,,01/31/2023
PR0024112,001,00400,pH,6.9,C1,MIN,Concentration1,SU,6.9,SU,6,SU,,02/28/2023
PR0024112,001,00400,pH,7.6,C3,MAX,Concentration3,SU,7.6,SU,9,SU,,02/28/2023
PR0024112,001,00400,pH,6.7,C1,MIN,Concentration1,SU,6.7,SU,6,SU,,03/31/2023
PR0024112,001,00400,pH,7.3,C3,MAX,Concentration3,SU,7.3,SU,9,SU,,03/31/2023
PR0024112,001,00400,pH,7.6,C3,MAX,Concentration3,SU,7.6,SU,9,SU,,04/30/2023
PR0024112,001,00400,pH,6.6,C1,MIN,Concentration1,SU,6.6,SU,6,SU,,04/30/2023
PR0024112,001,00400,pH,7.6,C3,MAX,Concentration3,SU,7.6,SU,9,SU,,05/31/2023
PR0024112,001,00400,pH,6.8,C1,MIN,Concentration1,SU,6.8,SU,6,SU,,05/31/2023
PR0024112,001,00400,pH,7.8,C3,MAX,Concentration3,SU,7.8,SU,9,SU,,06/30/2023
PR0024112,001,00400,pH,6.9,C1,MIN,Concentration1,SU,6.9,SU,6,SU,,06/30/2023
PR0024112,001,00400,pH,6.8,C1,MIN,Concentration1,SU,6.8,SU,6,SU,,07/31/2023
PR0024112,001,00400,pH,7.8,C3,MAX,Concentration3,SU,7.8,SU,9,SU,,07/31/2023
PR0024112,001,00400,pH,7.6,C3,MAX,Concentration3,SU,7.6,SU,9,SU,,08/31/2023
PR0024112,001,00400,pH,6.5,C1,MIN,Concentration1,SU,6.5,SU,6,SU,,08/31/2023
PR0024112,001,00400,pH,6.8,C1,MIN,Concentration1,SU,6.8,SU,6,SU,,09/30/2023
PR0024112,001,00400,pH,7.9,C3,MAX,Concentration3,SU,7.9,SU,9,SU,,09/30/2023
PR0024112,001,00400,pH,6.8,C3,MAX,Concentration3,SU,6.8,SU,9,SU,,10/31/2023
PR0024112,001,00400,pH,7.6,C1,MIN,Concentration1,SU,7.6,SU,6,SU,,10/31/2023
PR0024112,001,00400,pH,8.2,C3,MAX,Concentration3,SU,8.2,SU,9,SU,,11/30/2023
PR0024112,001,00400,pH,6.9,C1,MIN,Concentration1,SU,6.9,SU,6,SU,,11/30/2023
PR0024112,001,00400,pH,7.5,C3,MAX,Concentration3,SU,7.5,SU,9,SU,,12/31/2023
PR0024112,001,00400,pH,7,C1,MIN,Concentration1,SU,7,SU,6,SU,,12/31/2023
PR0024112,001,00400,pH,7.4,C3,MAX,Concentration3,SU,7.4,SU,9,SU,,01/31/2024
PR0024112,001,00400,pH,6.6,C1,MIN,Concentration1,SU,6.6,SU,6,SU,,01/31/2024
PR0024112,001,00400,pH,6.6,C1,MIN,Concentration1,SU,6.6,SU,6,SU,,02/29/2024
PR0024112,001,00400,pH,7.6,C3,MAX,Concentration3,SU,7.6,SU,9,SU,,02/29/2024
PR0024112,001,00400,pH,7.3,C3,MAX,Concentration3,SU,7.3,SU,9,SU,,03/31/2024
PR0024112,001,00400,pH,6.6,C1,MIN,Concentration1,SU,6.6,SU,6,SU,,03/31/2024
PR0024112,001,00400,pH,7.2,C3,MAX,Concentration3,SU,7.2,SU,9,SU,,04/30/2024
PR0024112,001,00400,pH,6.6,C1,MIN,Concentration1,SU,6.6,SU,6,SU,,04/30/2024
PR0024112,001,00400,pH,7.6,C3,MAX,Concentration3,SU,7.6,SU,9,SU,,05/31/2024
PR0024112,001,00400,pH,6.7,C1,MIN,Concentration1,SU,6.7,SU,6,SU,,05/31/2024
PR0024112,001,00400,pH,7.6,C3,MAX,Concentration3,SU,7.6,SU,9,SU,,06/30/2024
PR0024112,001,00400,pH,6.6,C1,MIN,Concentration1,SU,6.6,SU,6,SU,,06/30/2024
PR0024112,001,00400,pH,7.7,C3,MAX,Concentration3,SU,7.7,SU,9,SU,,07/31/2024
PR0024112,001,00400,pH,6.5,C1,MIN,Concentration1,SU,6.5,SU,6,SU,,07/31/2024
PR0024112,001,00400,pH,6.3,C1,MIN,Concentration1,SU,6.3,SU,6,SU,,08/31/2024
PR0024112,001,00400,pH,7.5,C3,MAX,Concentration3,SU,7.5,SU,9,SU,,08/31/2024
PR0024112,001,00400,pH,7.5,C3,MAX,Concentration3,SU,7.5,SU,9,SU,,09/30/2024
PR0024112,001,00400,pH,6.2,C1,MIN,Concentration1,SU,6.2,SU,6,SU,,09/30/2024
PR0024112,001,00400,pH,7.2,C3,MAX,Concentration3,SU,7.2,SU,9,SU,,10/31/2024
PR0024112,001,00400,pH,6.4,C1,MIN,Concentration1,SU,6.4,SU,6,SU,,10/31/2024
PR0024112,001,00400,pH,7.6,C3,MAX,Concentration3,SU,7.6,SU,9,SU,,11/30/2024
PR0024112,001,00400,pH,6.2,C1,MIN,Concentration1,SU,6.2,SU,6,SU,,11/30/2024
PR0024112,001,00400,pH,6.7,C1,MIN,Concentration1,SU,6.7,SU,6,SU,,12/31/2024
PR0024112,001,00400,pH,7.6,C3,MAX,Concentration3,SU,7.6,SU,9,SU,,12/31/2024
PR0024112,001,00400,pH,7.6,C3,MAX,Concentration3,SU,7.6,SU,9,SU,,01/31/2025
PR0024112,001,00400,pH,6.6,C1,MIN,Concentration1,SU,6.6,SU,6,SU,,01/31/2025
PR0024112,001,00400,pH,6.6,C1,MIN,Concentration1,SU,6.6,SU,6,SU,,02/28/2025
PR0024112,001,00400,pH,7.6,C3,MAX,Concentration3,SU,7.6,SU,9,SU,,02/28/2025
PR0024112,001,00400,pH,7.8,C3,MAX,Concentration3,SU,7.8,SU,9,SU,,03/31/2025
PR0024112,001,00400,pH,6.8,C1,MIN,Concentration1,SU,6.8,SU,6,SU,,03/31/2025
PR0024112,001,00400,pH,6.8,C1,MIN,Concentration1,SU,6.8,SU,6,SU,,04/30/2025
PR0024112,001,00400,pH,7.6,C3,MAX,Concentration3,SU,7.6,SU,9,SU,,04/30/2025
PR0024112,001,00400,pH,7.8,C3,MAX,Concentration3,SU,7.8,SU,9,SU,,05/31/2025
PR0024112,001,00400,pH,6.9,C1,MIN,Concentration1,SU,6.9,SU,6,SU,,05/31/2025
PR0024112,001,00400,pH,8.2,C3,MAX,Concentration3,SU,8.2,SU,9,SU,,06/30/2025
PR0024112,001,00400,pH,6.5,C1,MIN,Concentration1,SU,6.5,SU,6,SU,,06/30/2025
PR0024112,001,00400,pH,7.2,C3,MAX,Concentration3,SU,7.2,SU,9,SU,,07/31/2025
PR0024112,001,00400,pH,6.7,C1,MIN,Concentration1,SU,6.7,SU,6,SU,,07/31/2025
PR0024112,001,00400,pH,7.4,C3,MAX,Concentration3,SU,7.4,SU,9,SU,,08/31/2025
PR0024112,001,00400,pH,6.6,C1,MIN,Concentration1,SU,6.6,SU,6,SU,,08/31/2025
PR0024112,001,00400,pH,7.5,C3,MAX,Concentration3,SU,7.5,SU,9,SU,,09/30/2025
PR0024112,001,00400,pH,6.5,C1,MIN,Concentration1,SU,6.5,SU,6,SU,,09/30/2025
PR0024112,001,00400,pH,6.7,C1,MIN,Concentration1,SU,6.7,SU,6,SU,,10/31/2025
PR0024112,001,00400,pH,7.7,C3,MAX,Concentration3,SU,7.7,SU,9,SU,,10/31/2025
PR0024112,001,00400,pH,7.5,C3,MAX,Concentration3,SU,7.5,SU,9,SU,,11/30/2025
PR0024112,001,00400,pH,6.5,C1,MIN,Concentration1,SU,6.5,SU,6,SU,,11/30/2025
PR0024112,001,00400,pH,6.7,C1,MIN,Concentration1,SU,6.7,SU,6,SU,,12/31/2025
PR0024112,001,00400,pH,7.4,C3,MAX,Concentration3,SU,7.4,SU,9,SU,,12/31/2025
PR0024112,001,00400,pH,6.9,C1,MIN,Concentration1,SU,6.9,SU,6,SU,,01/31/2026
PR0024112,001,00400,pH,7.4,C3,MAX,Concentration3,SU,7.4,SU,9,SU,,01/31/2026
PR0024112,001,00545,"Solids, settleable",90,C3,MAX,Concentration3,mL/L,.09,mg/L,,mL/L,,01/31/2020
PR0024112,001,00545,"Solids, settleable",500,C3,MAX,Concentration3,mL/L,.50000002,mg/L,,mL/L,,02/29/2020
PR0024112,001,00545,"Solids, settleable",250,C3,MAX,Concentration3,mL/L,.25000001,mg/L,,mL/L,,03/31/2020
PR0024112,001,00545,"Solids, settleable",750,C3,MAX,Concentration3,mL/L,.75000004,mg/L,,mL/L,,04/30/2020
PR0024112,001,00545,"Solids, settleable",100,C3,MAX,Concentration3,mL/L,.1,mg/L,,mL/L,,05/31/2020
PR0024112,001,00545,"Solids, settleable",400,C3,MAX,Concentration3,mL/L,.40000002,mg/L,,mL/L,,06/30/2020
PR0024112,001,00545,"Solids, settleable",150,C3,MAX,Concentration3,mL/L,.15000001,mg/L,,mL/L,,07/31/2020
PR0024112,001,00545,"Solids, settleable",300,C3,MAX,Concentration3,mL/L,.30000001,mg/L,,mL/L,,08/31/2020
PR0024112,001,00545,"Solids, settleable",160,C3,MAX,Concentration3,mL/L,.16000001,mg/L,,mL/L,,09/30/2020
PR0024112,001,00545,"Solids, settleable",250,C3,MAX,Concentration3,mL/L,.25000001,mg/L,,mL/L,,10/31/2020
PR0024112,001,00545,"Solids, settleable",150,C3,MAX,Concentration3,mL/L,.15000001,mg/L,,mL/L,,11/30/2020
PR0024112,001,00545,"Solids, settleable",400,C3,MAX,Concentration3,mL/L,.40000002,mg/L,,mL/L,,12/31/2020
PR0024112,001,00545,"Solids, settleable",175,C3,MAX,Concentration3,mL/L,.17500001,mg/L,,mL/L,,01/31/2021
PR0024112,001,00545,"Solids, settleable",150,C3,MAX,Concentration3,mL/L,.15000001,mg/L,,mL/L,,02/28/2021
PR0024112,001,00545,"Solids, settleable",180,C3,MAX,Concentration3,mL/L,.18000001,mg/L,,mL/L,,03/31/2021
PR0024112,001,00545,"Solids, settleable",250,C3,MAX,Concentration3,mL/L,.25000001,mg/L,,mL/L,,04/30/2021
PR0024112,001,00545,"Solids, settleable",150,C3,MAX,Concentration3,mL/L,.15000001,mg/L,,mL/L,,05/31/2021
PR0024112,001,00545,"Solids, settleable",110,C3,MAX,Concentration3,mL/L,.11000001,mg/L,,mL/L,,06/30/2021
PR0024112,001,00545,"Solids, settleable",100,C3,MAX,Concentration3,mL/L,.1,mg/L,,mL/L,,07/31/2021
PR0024112,001,00545,"Solids, settleable",200,C3,MAX,Concentration3,mL/L,.20000001,mg/L,,mL/L,,08/31/2021
PR0024112,001,00545,"Solids, settleable",40,C3,MAX,Concentration3,mL/L,.04,mg/L,,mL/L,,09/30/2021
PR0024112,001,00545,"Solids, settleable",90,C3,MAX,Concentration3,mL/L,.09,mg/L,,mL/L,,10/31/2021
PR0024112,001,00545,"Solids, settleable",20,C3,MAX,Concentration3,mL/L,.02,mg/L,,mL/L,,11/30/2021
PR0024112,001,00545,"Solids, settleable",100,C3,MAX,Concentration3,mL/L,.1,mg/L,,mL/L,,12/31/2021
PR0024112,001,00545,"Solids, settleable",200,C3,MAX,Concentration3,mL/L,.20000001,mg/L,,mL/L,,01/31/2022
PR0024112,001,00545,"Solids, settleable",250,C3,MAX,Concentration3,mL/L,.25000001,mg/L,,mL/L,,02/28/2022
PR0024112,001,00545,"Solids, settleable",200,C3,MAX,Concentration3,mL/L,.20000001,mg/L,,mL/L,,03/31/2022
PR0024112,001,00545,"Solids, settleable",70,C3,MAX,Concentration3,mL/L,.07,mg/L,,mL/L,,04/30/2022
PR0024112,001,00545,"Solids, settleable",100,C3,MAX,Concentration3,mL/L,.1,mg/L,,mL/L,,05/31/2022
PR0024112,001,00545,"Solids, settleable",60,C3,MAX,Concentration3,mL/L,.06,mg/L,,mL/L,,06/30/2022
PR0024112,001,00545,"Solids, settleable",100,C3,MAX,Concentration3,mL/L,.1,mg/L,,mL/L,,07/31/2022
PR0024112,001,00545,"Solids, settleable",180,C3,MAX,Concentration3,mL/L,.18000001,mg/L,,mL/L,,08/31/2022
PR0024112,001,00545,"Solids, settleable",200,C3,MAX,Concentration3,mL/L,.20000001,mg/L,,mL/L,,09/30/2022
PR0024112,001,00545,"Solids, settleable",100,C3,MAX,Concentration3,mL/L,.1,mg/L,,mL/L,,10/31/2022
PR0024112,001,00545,"Solids, settleable",100,C3,MAX,Concentration3,mL/L,.1,mg/L,,mL/L,,11/30/2022
PR0024112,001,00545,"Solids, settleable",350,C3,MAX,Concentration3,mL/L,.35000002,mg/L,,mL/L,,12/31/2022
PR0024112,001,00545,"Solids, settleable",40,C3,MAX,Concentration3,mL/L,.04,mg/L,,mL/L,,01/31/2023
PR0024112,001,00545,"Solids, settleable",200,C3,MAX,Concentration3,mL/L,.20000001,mg/L,,mL/L,,02/28/2023
PR0024112,001,00545,"Solids, settleable",200,C3,MAX,Concentration3,mL/L,.20000001,mg/L,,mL/L,,03/31/2023
PR0024112,001,00545,"Solids, settleable",300,C3,MAX,Concentration3,mL/L,.30000001,mg/L,,mL/L,,04/30/2023
PR0024112,001,00545,"Solids, settleable",100,C3,MAX,Concentration3,mL/L,.1,mg/L,,mL/L,,05/31/2023
PR0024112,001,00545,"Solids, settleable",200,C3,MAX,Concentration3,mL/L,.20000001,mg/L,,mL/L,,06/30/2023
PR0024112,001,00545,"Solids, settleable",300,C3,MAX,Concentration3,mL/L,.30000001,mg/L,,mL/L,,07/31/2023
PR0024112,001,00545,"Solids, settleable",100,C3,MAX,Concentration3,mL/L,.1,mg/L,,mL/L,,08/31/2023
PR0024112,001,00545,"Solids, settleable",200,C3,MAX,Concentration3,mL/L,.20000001,mg/L,,mL/L,,09/30/2023
PR0024112,001,00545,"Solids, settleable",250,C3,MAX,Concentration3,mL/L,.25000001,mg/L,,mL/L,,10/31/2023
PR0024112,001,00545,"Solids, settleable",175,C3,MAX,Concentration3,mL/L,.17500001,mg/L,,mL/L,,11/30/2023
PR0024112,001,00545,"Solids, settleable",110,C3,MAX,Concentration3,mL/L,.11000001,mg/L,,mL/L,,12/31/2023
PR0024112,001,00545,"Solids, settleable",200,C3,MAX,Concentration3,mL/L,.20000001,mg/L,,mL/L,,01/31/2024
PR0024112,001,00545,"Solids, settleable",80,C3,MAX,Concentration3,mL/L,.08,mg/L,,mL/L,,02/29/2024
PR0024112,001,00545,"Solids, settleable",45,C3,MAX,Concentration3,mL/L,.045,mg/L,,mL/L,,03/31/2024
PR0024112,001,00545,"Solids, settleable",250,C3,MAX,Concentration3,mL/L,.25000001,mg/L,,mL/L,,04/30/2024
PR0024112,001,00545,"Solids, settleable",50,C3,MAX,Concentration3,mL/L,.05,mg/L,,mL/L,,05/31/2024
PR0024112,001,00545,"Solids, settleable",40,C3,MAX,Concentration3,mL/L,.04,mg/L,,mL/L,,06/30/2024
PR0024112,001,00545,"Solids, settleable",40,C3,MAX,Concentration3,mL/L,.04,mg/L,,mL/L,,07/31/2024
PR0024112,001,00545,"Solids, settleable",40,C3,MAX,Concentration3,mL/L,.04,mg/L,,mL/L,,08/31/2024
PR0024112,001,00545,"Solids, settleable",35,C3,MAX,Concentration3,mL/L,.035,mg/L,,mL/L,,09/30/2024
PR0024112,001,00545,"Solids, settleable",60,C3,MAX,Concentration3,mL/L,.06,mg/L,,mL/L,,10/31/2024
PR0024112,001,00545,"Solids, settleable",150,C3,MAX,Concentration3,mL/L,.15000001,mg/L,,mL/L,,11/30/2024
PR0024112,001,00545,"Solids, settleable",55,C3,MAX,Concentration3,mL/L,.055,mg/L,,mL/L,,12/31/2024
PR0024112,001,00545,"Solids, settleable",40,C3,MAX,Concentration3,mL/L,.04,mg/L,,mL/L,,01/31/2025
PR0024112,001,00545,"Solids, settleable",45,C3,MAX,Concentration3,mL/L,.045,mg/L,,mL/L,,02/28/2025
PR0024112,001,00545,"Solids, settleable",30,C3,MAX,Concentration3,mL/L,.03,mg/L,,mL/L,,03/31/2025
PR0024112,001,00545,"Solids, settleable",100,C3,MAX,Concentration3,mL/L,.1,mg/L,,mL/L,,04/30/2025
PR0024112,001,00545,"Solids, settleable",50,C3,MAX,Concentration3,mL/L,.05,mg/L,,mL/L,,05/31/2025
PR0024112,001,00545,"Solids, settleable",85,C3,MAX,Concentration3,mL/L,.085,mg/L,,mL/L,,06/30/2025
PR0024112,001,00545,"Solids, settleable",200,C3,MAX,Concentration3,mL/L,.20000001,mg/L,,mL/L,,07/31/2025
PR0024112,001,00545,"Solids, settleable",100,C3,MAX,Concentration3,mL/L,.1,mg/L,,mL/L,,08/31/2025
PR0024112,001,00545,"Solids, settleable",150,C3,MAX,Concentration3,mL/L,.15000001,mg/L,,mL/L,,09/30/2025
PR0024112,001,00545,"Solids, settleable",50,C3,MAX,Concentration3,mL/L,.05,mg/L,,mL/L,,10/31/2025
PR0024112,001,00545,"Solids, settleable",100,C3,MAX,Concentration3,mL/L,.1,mg/L,,mL/L,,11/30/2025
PR0024112,001,00545,"Solids, settleable",100,C3,MAX,Concentration3,mL/L,.1,mg/L,,mL/L,,12/31/2025
PR0024112,001,00545,"Solids, settleable",70,C3,MAX,Concentration3,mL/L,.07,mg/L,,mL/L,,01/31/2026
PR0024112,001,00600,"Nitrogen, total [as N]",10330,C3,MAX,Concentration3,ug/L,10.33000049,mg/L,,ug/L,,07/31/2020
PR0024112,001,00600,"Nitrogen, total [as N]",2580,C3,MAX,Concentration3,ug/L,2.58000012,mg/L,,ug/L,,07/31/2021
PR0024112,001,00600,"Nitrogen, total [as N]",2230,C3,MAX,Concentration3,ug/L,2.23000011,mg/L,,ug/L,,07/31/2022
PR0024112,001,00600,"Nitrogen, total [as N]",3620,C3,MAX,Concentration3,ug/L,3.62000017,mg/L,,ug/L,,07/31/2023
PR0024112,001,00600,"Nitrogen, total [as N]",2190,C3,MAX,Concentration3,ug/L,2.1900001,mg/L,,ug/L,,07/31/2024
PR0024112,001,00600,"Nitrogen, total [as N]",5240,C3,MAX,Concentration3,ug/L,5.24000025,mg/L,,ug/L,,07/31/2025
PR0024112,001,00600,"Nitrogen, total [as N]",8040,C3,MAX,Concentration3,ug/L,8.04000038,mg/L,1700,ug/L,,10/31/2025
PR0024112,001,00600,"Nitrogen, total [as N]",2710,C3,MAX,Concentration3,ug/L,2.71000013,mg/L,1700,ug/L,,11/30/2025
PR0024112,001,00600,"Nitrogen, total [as N]",3860,C3,MAX,Concentration3,ug/L,3.86000018,mg/L,1700,ug/L,,12/31/2025
PR0024112,001,00600,"Nitrogen, total [as N]",3560,C3,MAX,Concentration3,ug/L,3.56000017,mg/L,1700,ug/L,,01/31/2026
PR0024112,001,00665,"Phosphorus, total [as P]",2910,C3,MAX,Concentration3,ug/L,2.91000014,mg/L,,ug/L,,07/31/2020
PR0024112,001,00665,"Phosphorus, total [as P]",2690,C3,MAX,Concentration3,ug/L,2.69000013,mg/L,,ug/L,,07/31/2021
PR0024112,001,00665,"Phosphorus, total [as P]",150,C3,MAX,Concentration3,ug/L,.15000001,mg/L,,ug/L,,07/31/2022
PR0024112,001,00665,"Phosphorus, total [as P]",3440,C3,MAX,Concentration3,ug/L,3.44000016,mg/L,,ug/L,,07/31/2023
PR0024112,001,00665,"Phosphorus, total [as P]",370,C3,MAX,Concentration3,ug/L,.37000002,mg/L,,ug/L,,07/31/2024
PR0024112,001,00665,"Phosphorus, total [as P]",4220,C3,MAX,Concentration3,ug/L,4.2200002,mg/L,,ug/L,,07/31/2025
PR0024112,001,00665,"Phosphorus, total [as P]",16100,C3,MAX,Concentration3,ug/L,16.10000076,mg/L,160,ug/L,,10/31/2025
PR0024112,001,00665,"Phosphorus, total [as P]",142,C3,MAX,Concentration3,ug/L,.14200001,mg/L,160,ug/L,,11/30/2025
PR0024112,001,00665,"Phosphorus, total [as P]",2140,C3,MAX,Concentration3,ug/L,2.1400001,mg/L,160,ug/L,,12/31/2025
PR0024112,001,00665,"Phosphorus, total [as P]",1760,C3,MAX,Concentration3,ug/L,1.76000008,mg/L,160,ug/L,,01/31/2026
PR0024112,001,00945,"Sulfate, total [as SO4]",54.57,C3,MAX,Concentration3,mg/L,54.57,mg/L,,mg/L,,07/31/2020
PR0024112,001,00945,"Sulfate, total [as SO4]",52.1,C3,MAX,Concentration3,mg/L,52.1,mg/L,,mg/L,,07/31/2021
PR0024112,001,00945,"Sulfate, total [as SO4]",33.86,C3,MAX,Concentration3,mg/L,33.86,mg/L,,mg/L,,07/31/2022
PR0024112,001,00945,"Sulfate, total [as SO4]",41.05,C3,MAX,Concentration3,mg/L,41.05,mg/L,,mg/L,,07/31/2023
PR0024112,001,00945,"Sulfate, total [as SO4]",21.75,C3,MAX,Concentration3,mg/L,21.75,mg/L,,mg/L,,07/31/2024
PR0024112,001,00945,"Sulfate, total [as SO4]",19.82,C3,MAX,Concentration3,mg/L,19.82,mg/L,,mg/L,,07/31/2025
PR0024112,001,00945,"Sulfate, total [as SO4]",31.05,C3,MAX,Concentration3,mg/L,31.05,mg/L,250,mg/L,,12/31/2025
PR0024112,001,01027,"Cadmium, total [as Cd]",0.5,C3,MAX,Concentration3,ug/L,.0005,mg/L,1.7,ug/L,,01/31/2020
PR0024112,001,01027,"Cadmium, total [as Cd]",0.5,C3,MAX,Concentration3,ug/L,.0005,mg/L,1.7,ug/L,,04/30/2020
PR0024112,001,01027,"Cadmium, total [as Cd]",0.5,C3,MAX,Concentration3,ug/L,.0005,mg/L,1.7,ug/L,,07/31/2020
PR0024112,001,01027,"Cadmium, total [as Cd]",0.5,C3,MAX,Concentration3,ug/L,.0005,mg/L,1.7,ug/L,,10/31/2020
PR0024112,001,01027,"Cadmium, total [as Cd]",0.5,C3,MAX,Concentration3,ug/L,.0005,mg/L,1.7,ug/L,,01/31/2021
PR0024112,001,01027,"Cadmium, total [as Cd]",0.5,C3,MAX,Concentration3,ug/L,.0005,mg/L,1.7,ug/L,,04/30/2021
PR0024112,001,01027,"Cadmium, total [as Cd]",0.5,C3,MAX,Concentration3,ug/L,.0005,mg/L,1.7,ug/L,,07/31/2021
PR0024112,001,01027,"Cadmium, total [as Cd]",0.5,C3,MAX,Concentration3,ug/L,.0005,mg/L,1.7,ug/L,,10/31/2021
PR0024112,001,01027,"Cadmium, total [as Cd]",0.5,C3,MAX,Concentration3,ug/L,.0005,mg/L,1.7,ug/L,,01/31/2022
PR0024112,001,01027,"Cadmium, total [as Cd]",0.5,C3,MAX,Concentration3,ug/L,.0005,mg/L,1.7,ug/L,,04/30/2022
PR0024112,001,01027,"Cadmium, total [as Cd]",0.5,C3,MAX,Concentration3,ug/L,.0005,mg/L,1.7,ug/L,,07/31/2022
PR0024112,001,01027,"Cadmium, total [as Cd]",0.5,C3,MAX,Concentration3,ug/L,.0005,mg/L,1.7,ug/L,,10/31/2022
PR0024112,001,01027,"Cadmium, total [as Cd]",0.5,C3,MAX,Concentration3,ug/L,.0005,mg/L,1.7,ug/L,,01/31/2023
PR0024112,001,01027,"Cadmium, total [as Cd]",0.5,C3,MAX,Concentration3,ug/L,.0005,mg/L,1.7,ug/L,,04/30/2023
PR0024112,001,01027,"Cadmium, total [as Cd]",0.5,C3,MAX,Concentration3,ug/L,.0005,mg/L,1.7,ug/L,,07/31/2023
PR0024112,001,01027,"Cadmium, total [as Cd]",0.5,C3,MAX,Concentration3,ug/L,.0005,mg/L,1.7,ug/L,,10/31/2023
PR0024112,001,01027,"Cadmium, total [as Cd]",0.5,C3,MAX,Concentration3,ug/L,.0005,mg/L,1.7,ug/L,,01/31/2024
PR0024112,001,01027,"Cadmium, total [as Cd]",2.9,C3,MAX,Concentration3,ug/L,.0029,mg/L,1.7,ug/L,,04/30/2024
PR0024112,001,01027,"Cadmium, total [as Cd]",0.005,C3,MAX,Concentration3,ug/L,.000005,mg/L,1.7,ug/L,,07/31/2024
PR0024112,001,01027,"Cadmium, total [as Cd]",0.033,C3,MAX,Concentration3,ug/L,.000033,mg/L,1.7,ug/L,,10/31/2024
PR0024112,001,01027,"Cadmium, total [as Cd]",0.005,C3,MAX,Concentration3,ug/L,.000005,mg/L,1.7,ug/L,,01/31/2025
PR0024112,001,01027,"Cadmium, total [as Cd]",0.005,C3,MAX,Concentration3,ug/L,.000005,mg/L,1.7,ug/L,,04/30/2025
PR0024112,001,01027,"Cadmium, total [as Cd]",0.007,C3,MAX,Concentration3,ug/L,.000007,mg/L,1.7,ug/L,,07/31/2025
PR0024112,001,01042,"Copper, total [as Cu]",59,C3,MAX,Concentration3,ug/L,.059,mg/L,124,ug/L,,01/31/2020
PR0024112,001,01042,"Copper, total [as Cu]",5,C3,MAX,Concentration3,ug/L,.005,mg/L,124,ug/L,,02/29/2020
PR0024112,001,01042,"Copper, total [as Cu]",99,C3,MAX,Concentration3,ug/L,.099,mg/L,124,ug/L,,03/31/2020
PR0024112,001,01042,"Copper, total [as Cu]",9,C3,MAX,Concentration3,ug/L,.009,mg/L,124,ug/L,,04/30/2020
PR0024112,001,01042,"Copper, total [as Cu]",56,C3,MAX,Concentration3,ug/L,.056,mg/L,124,ug/L,,05/31/2020
PR0024112,001,01042,"Copper, total [as Cu]",31,C3,MAX,Concentration3,ug/L,.031,mg/L,124,ug/L,,06/30/2020
PR0024112,001,01042,"Copper, total [as Cu]",17,C3,MAX,Concentration3,ug/L,.017,mg/L,124,ug/L,,07/31/2020
PR0024112,001,01042,"Copper, total [as Cu]",16,C3,MAX,Concentration3,ug/L,.016,mg/L,124,ug/L,,08/31/2020
PR0024112,001,01042,"Copper, total [as Cu]",6,C3,MAX,Concentration3,ug/L,.006,mg/L,124,ug/L,,09/30/2020
PR0024112,001,01042,"Copper, total [as Cu]",42,C3,MAX,Concentration3,ug/L,.042,mg/L,124,ug/L,,10/31/2020
PR0024112,001,01042,"Copper, total [as Cu]",28,C3,MAX,Concentration3,ug/L,.028,mg/L,124,ug/L,,11/30/2020
PR0024112,001,01042,"Copper, total [as Cu]",95,C3,MAX,Concentration3,ug/L,.095,mg/L,124,ug/L,,12/31/2020
PR0024112,001,01042,"Copper, total [as Cu]",6,C3,MAX,Concentration3,ug/L,.006,mg/L,124,ug/L,,01/31/2021
PR0024112,001,01042,"Copper, total [as Cu]",6,C3,MAX,Concentration3,ug/L,.006,mg/L,124,ug/L,,02/28/2021
PR0024112,001,01042,"Copper, total [as Cu]",6,C3,MAX,Concentration3,ug/L,.006,mg/L,124,ug/L,,03/31/2021
PR0024112,001,01042,"Copper, total [as Cu]",6,C3,MAX,Concentration3,ug/L,.006,mg/L,124,ug/L,,04/30/2021
PR0024112,001,01042,"Copper, total [as Cu]",6,C3,MAX,Concentration3,ug/L,.006,mg/L,124,ug/L,,05/31/2021
PR0024112,001,01042,"Copper, total [as Cu]",6,C3,MAX,Concentration3,ug/L,.006,mg/L,124,ug/L,,06/30/2021
PR0024112,001,01042,"Copper, total [as Cu]",6,C3,MAX,Concentration3,ug/L,.006,mg/L,124,ug/L,,07/31/2021
PR0024112,001,01042,"Copper, total [as Cu]",6,C3,MAX,Concentration3,ug/L,.006,mg/L,124,ug/L,,08/31/2021
PR0024112,001,01042,"Copper, total [as Cu]",8,C3,MAX,Concentration3,ug/L,.008,mg/L,124,ug/L,,09/30/2021
PR0024112,001,01042,"Copper, total [as Cu]",14,C3,MAX,Concentration3,ug/L,.014,mg/L,124,ug/L,,10/31/2021
PR0024112,001,01042,"Copper, total [as Cu]",6,C3,MAX,Concentration3,ug/L,.006,mg/L,124,ug/L,,11/30/2021
PR0024112,001,01042,"Copper, total [as Cu]",48,C3,MAX,Concentration3,ug/L,.048,mg/L,124,ug/L,,12/31/2021
PR0024112,001,01042,"Copper, total [as Cu]",9,C3,MAX,Concentration3,ug/L,.009,mg/L,124,ug/L,,01/31/2022
PR0024112,001,01042,"Copper, total [as Cu]",6,C3,MAX,Concentration3,ug/L,.006,mg/L,124,ug/L,,02/28/2022
PR0024112,001,01042,"Copper, total [as Cu]",70,C3,MAX,Concentration3,ug/L,.07,mg/L,124,ug/L,,03/31/2022
PR0024112,001,01042,"Copper, total [as Cu]",15,C3,MAX,Concentration3,ug/L,.015,mg/L,124,ug/L,,04/30/2022
PR0024112,001,01042,"Copper, total [as Cu]",13,C3,MAX,Concentration3,ug/L,.013,mg/L,124,ug/L,,05/31/2022
PR0024112,001,01042,"Copper, total [as Cu]",14,C3,MAX,Concentration3,ug/L,.014,mg/L,124,ug/L,,06/30/2022
PR0024112,001,01042,"Copper, total [as Cu]",6,C3,MAX,Concentration3,ug/L,.006,mg/L,124,ug/L,,07/31/2022
PR0024112,001,01042,"Copper, total [as Cu]",39,C3,MAX,Concentration3,ug/L,.039,mg/L,124,ug/L,,08/31/2022
PR0024112,001,01042,"Copper, total [as Cu]",50,C3,MAX,Concentration3,ug/L,.05,mg/L,124,ug/L,,09/30/2022
PR0024112,001,01042,"Copper, total [as Cu]",17,C3,MAX,Concentration3,ug/L,.017,mg/L,124,ug/L,,10/31/2022
PR0024112,001,01042,"Copper, total [as Cu]",25,C3,MAX,Concentration3,ug/L,.025,mg/L,124,ug/L,,11/30/2022
PR0024112,001,01042,"Copper, total [as Cu]",29.4,C3,MAX,Concentration3,ug/L,.0294,mg/L,124,ug/L,,12/31/2022
PR0024112,001,01042,"Copper, total [as Cu]",12,C3,MAX,Concentration3,ug/L,.012,mg/L,124,ug/L,,01/31/2023
PR0024112,001,01042,"Copper, total [as Cu]",117,C3,MAX,Concentration3,ug/L,.11700001,mg/L,124,ug/L,,02/28/2023
PR0024112,001,01042,"Copper, total [as Cu]",105,C3,MAX,Concentration3,ug/L,.105,mg/L,124,ug/L,,03/31/2023
PR0024112,001,01042,"Copper, total [as Cu]",1200,C3,MAX,Concentration3,ug/L,1.20000006,mg/L,124,ug/L,,04/30/2023
PR0024112,001,01042,"Copper, total [as Cu]",171,C3,MAX,Concentration3,ug/L,.17100001,mg/L,124,ug/L,,05/31/2023
PR0024112,001,01042,"Copper, total [as Cu]",27,C3,MAX,Concentration3,ug/L,.027,mg/L,124,ug/L,,06/30/2023
PR0024112,001,01042,"Copper, total [as Cu]",52,C3,MAX,Concentration3,ug/L,.052,mg/L,124,ug/L,,07/31/2023
PR0024112,001,01042,"Copper, total [as Cu]",30,C3,MAX,Concentration3,ug/L,.03,mg/L,124,ug/L,,08/31/2023
PR0024112,001,01042,"Copper, total [as Cu]",21,C3,MAX,Concentration3,ug/L,.021,mg/L,124,ug/L,,09/30/2023
PR0024112,001,01042,"Copper, total [as Cu]",14,C3,MAX,Concentration3,ug/L,.014,mg/L,124,ug/L,,10/31/2023
PR0024112,001,01042,"Copper, total [as Cu]",6,C3,MAX,Concentration3,ug/L,.006,mg/L,124,ug/L,,11/30/2023
PR0024112,001,01042,"Copper, total [as Cu]",16,C3,MAX,Concentration3,ug/L,.016,mg/L,124,ug/L,,12/31/2023
PR0024112,001,01042,"Copper, total [as Cu]",22,C3,MAX,Concentration3,ug/L,.022,mg/L,124,ug/L,,01/31/2024
PR0024112,001,01042,"Copper, total [as Cu]",130,C3,MAX,Concentration3,ug/L,.13000001,mg/L,124,ug/L,,02/29/2024
PR0024112,001,01042,"Copper, total [as Cu]",72,C3,MAX,Concentration3,ug/L,.072,mg/L,124,ug/L,,03/31/2024
PR0024112,001,01042,"Copper, total [as Cu]",13.31,C3,MAX,Concentration3,ug/L,.01331,mg/L,124,ug/L,,04/30/2024
PR0024112,001,01042,"Copper, total [as Cu]",12.75,C3,MAX,Concentration3,ug/L,.01275,mg/L,124,ug/L,,05/31/2024
PR0024112,001,01042,"Copper, total [as Cu]",13.16,C3,MAX,Concentration3,ug/L,.01316,mg/L,124,ug/L,,06/30/2024
PR0024112,001,01042,"Copper, total [as Cu]",7.6,C3,MAX,Concentration3,ug/L,.0076,mg/L,124,ug/L,,07/31/2024
PR0024112,001,01042,"Copper, total [as Cu]",36.24,C3,MAX,Concentration3,ug/L,.03624,mg/L,124,ug/L,,08/31/2024
PR0024112,001,01042,"Copper, total [as Cu]",34.63,C3,MAX,Concentration3,ug/L,.03463,mg/L,124,ug/L,,09/30/2024
PR0024112,001,01042,"Copper, total [as Cu]",125.43,C3,MAX,Concentration3,ug/L,.12543001,mg/L,124,ug/L,,10/31/2024
PR0024112,001,01042,"Copper, total [as Cu]",8.97,C3,MAX,Concentration3,ug/L,.00897,mg/L,124,ug/L,,11/30/2024
PR0024112,001,01042,"Copper, total [as Cu]",11.78,C3,MAX,Concentration3,ug/L,.01178,mg/L,124,ug/L,,12/31/2024
PR0024112,001,01042,"Copper, total [as Cu]",15.08,C3,MAX,Concentration3,ug/L,.01508,mg/L,124,ug/L,,01/31/2025
PR0024112,001,01042,"Copper, total [as Cu]",7.52,C3,MAX,Concentration3,ug/L,.00752,mg/L,124,ug/L,,02/28/2025
PR0024112,001,01042,"Copper, total [as Cu]",8.29,C3,MAX,Concentration3,ug/L,.00829,mg/L,124,ug/L,,03/31/2025
PR0024112,001,01042,"Copper, total [as Cu]",31.47,C3,MAX,Concentration3,ug/L,.03147,mg/L,124,ug/L,,04/30/2025
PR0024112,001,01042,"Copper, total [as Cu]",8.66,C3,MAX,Concentration3,ug/L,.00866,mg/L,124,ug/L,,05/31/2025
PR0024112,001,01042,"Copper, total [as Cu]",1.66,C3,MAX,Concentration3,ug/L,.00166,mg/L,124,ug/L,,06/30/2025
PR0024112,001,01042,"Copper, total [as Cu]",13.83,C3,MAX,Concentration3,ug/L,.01383,mg/L,124,ug/L,,07/31/2025
PR0024112,001,01042,"Copper, total [as Cu]",9.53,C3,MAX,Concentration3,ug/L,.00953,mg/L,124,ug/L,,08/31/2025
PR0024112,001,01042,"Copper, total [as Cu]",7.55,C3,MAX,Concentration3,ug/L,.00755,mg/L,124,ug/L,,09/30/2025
PR0024112,001,01042,"Copper, total [as Cu]",70.61,C3,MAX,Concentration3,ug/L,.07061,mg/L,124,ug/L,,10/31/2025
PR0024112,001,01042,"Copper, total [as Cu]",1.96,C3,MAX,Concentration3,ug/L,.00196,mg/L,124,ug/L,,11/30/2025
PR0024112,001,01042,"Copper, total [as Cu]",25.72,C3,MAX,Concentration3,ug/L,.02572,mg/L,124,ug/L,,12/31/2025
PR0024112,001,01042,"Copper, total [as Cu]",15.67,C3,MAX,Concentration3,ug/L,.01567,mg/L,124,ug/L,,01/31/2026
PR0024112,001,01051,"Lead, total [as Pb]",3,C3,MAX,Concentration3,ug/L,.003,mg/L,,ug/L,,01/31/2020
PR0024112,001,01051,"Lead, total [as Pb]",NA,C3,MAX,Concentration3,,,mg/L,,ug/L,B,02/29/2020
PR0024112,001,01051,"Lead, total [as Pb]",1.9,C3,MAX,Concentration3,ug/L,.0019,mg/L,,ug/L,,03/31/2020
PR0024112,001,01051,"Lead, total [as Pb]",1.9,C3,MAX,Concentration3,ug/L,.0019,mg/L,,ug/L,,04/30/2020
PR0024112,001,01051,"Lead, total [as Pb]",1.9,C3,MAX,Concentration3,ug/L,.0019,mg/L,,ug/L,,05/31/2020
PR0024112,001,01051,"Lead, total [as Pb]",1.9,C3,MAX,Concentration3,ug/L,.0019,mg/L,,ug/L,,06/30/2020
PR0024112,001,01051,"Lead, total [as Pb]",NA,C3,MAX,Concentration3,,,mg/L,,ug/L,B,07/31/2020
PR0024112,001,01051,"Lead, total [as Pb]",NA,C3,MAX,Concentration3,,,mg/L,,ug/L,B,08/31/2020
PR0024112,001,01051,"Lead, total [as Pb]",NA,C3,MAX,Concentration3,,,mg/L,,ug/L,B,09/30/2020
PR0024112,001,01051,"Lead, total [as Pb]",NA,C3,MAX,Concentration3,,,mg/L,,ug/L,B,10/31/2020
PR0024112,001,01051,"Lead, total [as Pb]",NA,C3,MAX,Concentration3,,,mg/L,,ug/L,B,11/30/2020
PR0024112,001,01051,"Lead, total [as Pb]",5,C3,MAX,Concentration3,ug/L,.005,mg/L,,ug/L,,12/31/2020
PR0024112,001,01051,"Lead, total [as Pb]",NA,C3,MAX,Concentration3,,,mg/L,,ug/L,B,01/31/2021
PR0024112,001,01051,"Lead, total [as Pb]",NA,C3,MAX,Concentration3,,,mg/L,,ug/L,B,02/28/2021
PR0024112,001,01051,"Lead, total [as Pb]",NA,C3,MAX,Concentration3,,,mg/L,,ug/L,B,03/31/2021
PR0024112,001,01051,"Lead, total [as Pb]",NA,C3,MAX,Concentration3,,,mg/L,,ug/L,B,04/30/2021
PR0024112,001,01051,"Lead, total [as Pb]",NA,C3,MAX,Concentration3,,,mg/L,,ug/L,B,05/31/2021
PR0024112,001,01051,"Lead, total [as Pb]",NA,C3,MAX,Concentration3,,,mg/L,,ug/L,B,06/30/2021
PR0024112,001,01051,"Lead, total [as Pb]",1.8,C3,MAX,Concentration3,ug/L,.0018,mg/L,,ug/L,,07/31/2021
PR0024112,001,01051,"Lead, total [as Pb]",3.3,C3,MAX,Concentration3,ug/L,.0033,mg/L,,ug/L,,08/31/2021
PR0024112,001,01051,"Lead, total [as Pb]",1.4,C3,MAX,Concentration3,ug/L,.0014,mg/L,,ug/L,,09/30/2021
PR0024112,001,01051,"Lead, total [as Pb]",1.88,C3,MAX,Concentration3,ug/L,.00188,mg/L,,ug/L,,10/31/2021
PR0024112,001,01051,"Lead, total [as Pb]",1.4,C3,MAX,Concentration3,ug/L,.0014,mg/L,,ug/L,,11/30/2021
PR0024112,001,01051,"Lead, total [as Pb]",1.72,C3,MAX,Concentration3,ug/L,.00172,mg/L,,ug/L,,12/31/2021
PR0024112,001,01051,"Lead, total [as Pb]",16.3,C3,MAX,Concentration3,ug/L,.0163,mg/L,,ug/L,,01/31/2022
PR0024112,001,01051,"Lead, total [as Pb]",1.82,C3,MAX,Concentration3,ug/L,.00182,mg/L,,ug/L,,02/28/2022
PR0024112,001,01051,"Lead, total [as Pb]",58.8,C3,MAX,Concentration3,ug/L,.0588,mg/L,,ug/L,,03/31/2022
PR0024112,001,01051,"Lead, total [as Pb]",1.4,C3,MAX,Concentration3,ug/L,.0014,mg/L,,ug/L,,04/30/2022
PR0024112,001,01051,"Lead, total [as Pb]",1.4,C3,MAX,Concentration3,ug/L,.0014,mg/L,,ug/L,,05/31/2022
PR0024112,001,01051,"Lead, total [as Pb]",1.4,C3,MAX,Concentration3,ug/L,.0014,mg/L,,ug/L,,06/30/2022
PR0024112,001,01051,"Lead, total [as Pb]",1.6,C3,MAX,Concentration3,ug/L,.0016,mg/L,,ug/L,,07/31/2022
PR0024112,001,01051,"Lead, total [as Pb]",1.6,C3,MAX,Concentration3,ug/L,.0016,mg/L,,ug/L,,08/31/2022
PR0024112,001,01051,"Lead, total [as Pb]",1.6,C3,MAX,Concentration3,ug/L,.0016,mg/L,,ug/L,,09/30/2022
PR0024112,001,01051,"Lead, total [as Pb]",NA,C3,MAX,Concentration3,,,mg/L,,ug/L,B,10/31/2022
PR0024112,001,01051,"Lead, total [as Pb]",NA,C3,MAX,Concentration3,,,mg/L,,ug/L,B,11/30/2022
PR0024112,001,01051,"Lead, total [as Pb]",NA,C3,MAX,Concentration3,,,mg/L,,ug/L,B,12/31/2022
PR0024112,001,01051,"Lead, total [as Pb]",NA,C3,MAX,Concentration3,,,mg/L,,ug/L,B,01/31/2023
PR0024112,001,01051,"Lead, total [as Pb]",NA,C3,MAX,Concentration3,,,mg/L,,ug/L,B,02/28/2023
PR0024112,001,01051,"Lead, total [as Pb]",NA,C3,MAX,Concentration3,,,mg/L,,ug/L,B,03/31/2023
PR0024112,001,01051,"Lead, total [as Pb]",NA,C3,MAX,Concentration3,,,mg/L,,ug/L,B,04/30/2023
PR0024112,001,01051,"Lead, total [as Pb]",NA,C3,MAX,Concentration3,,,mg/L,,ug/L,B,05/31/2023
PR0024112,001,01051,"Lead, total [as Pb]",NA,C3,MAX,Concentration3,,,mg/L,,ug/L,B,06/30/2023
PR0024112,001,01051,"Lead, total [as Pb]",NA,C3,MAX,Concentration3,,,mg/L,,ug/L,B,07/31/2023
PR0024112,001,01051,"Lead, total [as Pb]",NA,C3,MAX,Concentration3,,,mg/L,,ug/L,B,08/31/2023
PR0024112,001,01051,"Lead, total [as Pb]",NA,C3,MAX,Concentration3,,,mg/L,,ug/L,B,09/30/2023
PR0024112,001,01051,"Lead, total [as Pb]",NA,C3,MAX,Concentration3,,,mg/L,,ug/L,B,10/31/2023
PR0024112,001,01051,"Lead, total [as Pb]",NA,C3,MAX,Concentration3,,,mg/L,,ug/L,B,11/30/2023
PR0024112,001,01051,"Lead, total [as Pb]",NA,C3,MAX,Concentration3,,,mg/L,,ug/L,B,12/31/2023
PR0024112,001,01051,"Lead, total [as Pb]",NA,C3,MAX,Concentration3,,,mg/L,,ug/L,B,01/31/2024
PR0024112,001,01051,"Lead, total [as Pb]",NA,C3,MAX,Concentration3,,,mg/L,,ug/L,B,02/29/2024
PR0024112,001,01051,"Lead, total [as Pb]",NA,C3,MAX,Concentration3,,,mg/L,,ug/L,B,03/31/2024
PR0024112,001,01051,"Lead, total [as Pb]",0.79,C3,MAX,Concentration3,ug/L,.00079,mg/L,,ug/L,,04/30/2024
PR0024112,001,01051,"Lead, total [as Pb]",0.5,C3,MAX,Concentration3,ug/L,.0005,mg/L,,ug/L,,05/31/2024
PR0024112,001,01051,"Lead, total [as Pb]",1.02,C3,MAX,Concentration3,ug/L,.00102,mg/L,,ug/L,,06/30/2024
PR0024112,001,01051,"Lead, total [as Pb]",0.72,C3,MAX,Concentration3,ug/L,.00072,mg/L,,ug/L,,07/31/2024
PR0024112,001,01051,"Lead, total [as Pb]",2.51,C3,MAX,Concentration3,ug/L,.00251,mg/L,,ug/L,,08/31/2024
PR0024112,001,01051,"Lead, total [as Pb]",9.72,C3,MAX,Concentration3,ug/L,.00972,mg/L,,ug/L,,09/30/2024
PR0024112,001,01051,"Lead, total [as Pb]",16.32,C3,MAX,Concentration3,ug/L,.01632,mg/L,,ug/L,,10/31/2024
PR0024112,001,01051,"Lead, total [as Pb]",0.43,C3,MAX,Concentration3,ug/L,.00043,mg/L,,ug/L,,11/30/2024
PR0024112,001,01051,"Lead, total [as Pb]",0.97,C3,MAX,Concentration3,ug/L,.00097,mg/L,,ug/L,,12/31/2024
PR0024112,001,01051,"Lead, total [as Pb]",1,C3,MAX,Concentration3,ug/L,.001,mg/L,,ug/L,,01/31/2025
PR0024112,001,01051,"Lead, total [as Pb]",0.43,C3,MAX,Concentration3,ug/L,.00043,mg/L,,ug/L,,02/28/2025
PR0024112,001,01051,"Lead, total [as Pb]",0.36,C3,MAX,Concentration3,ug/L,.00036,mg/L,,ug/L,,03/31/2025
PR0024112,001,01051,"Lead, total [as Pb]",2.48,C3,MAX,Concentration3,ug/L,.00248,mg/L,,ug/L,,04/30/2025
PR0024112,001,01051,"Lead, total [as Pb]",0.34,C3,MAX,Concentration3,ug/L,.00034,mg/L,,ug/L,,05/31/2025
PR0024112,001,01051,"Lead, total [as Pb]",0.02,C3,MAX,Concentration3,ug/L,.00002,mg/L,,ug/L,,06/30/2025
PR0024112,001,01051,"Lead, total [as Pb]",1.18,C3,MAX,Concentration3,ug/L,.00118,mg/L,,ug/L,,07/31/2025
PR0024112,001,01051,"Lead, total [as Pb]",0.51,C3,MAX,Concentration3,ug/L,.00051,mg/L,,ug/L,,08/31/2025
PR0024112,001,01051,"Lead, total [as Pb]",0.52,C3,MAX,Concentration3,ug/L,.00052,mg/L,,ug/L,,09/30/2025
PR0024112,001,01051,"Lead, total [as Pb]",8.18,C3,MAX,Concentration3,ug/L,.00818,mg/L,,ug/L,,10/31/2025
PR0024112,001,01051,"Lead, total [as Pb]",0.05,C3,MAX,Concentration3,ug/L,.00005,mg/L,,ug/L,,11/30/2025
PR0024112,001,01051,"Lead, total [as Pb]",1.39,C3,MAX,Concentration3,ug/L,.00139,mg/L,,ug/L,,12/31/2025
PR0024112,001,01051,"Lead, total [as Pb]",0.7,C3,MAX,Concentration3,ug/L,.0007,mg/L,,ug/L,,01/31/2026
PR0024112,001,50050,"Flow, in conduit or thru treatment plant",0.2,Q2,MAX,Quantity2,MGD,.2,MGD,,MGD,,01/31/2020
PR0024112,001,50050,"Flow, in conduit or thru treatment plant",0.303,Q2,MAX,Quantity2,MGD,.303,MGD,,MGD,,02/29/2020
PR0024112,001,50050,"Flow, in conduit or thru treatment plant",0.026,Q2,MAX,Quantity2,MGD,.026,MGD,,MGD,,03/31/2020
PR0024112,001,50050,"Flow, in conduit or thru treatment plant",0.212,Q2,MAX,Quantity2,MGD,.212,MGD,,MGD,,04/30/2020
PR0024112,001,50050,"Flow, in conduit or thru treatment plant",0.143,Q2,MAX,Quantity2,MGD,.143,MGD,,MGD,,05/31/2020
PR0024112,001,50050,"Flow, in conduit or thru treatment plant",0.252,Q2,MAX,Quantity2,MGD,.252,MGD,,MGD,,06/30/2020
PR0024112,001,50050,"Flow, in conduit or thru treatment plant",0.177,Q2,MAX,Quantity2,MGD,.177,MGD,,MGD,,07/31/2020
PR0024112,001,50050,"Flow, in conduit or thru treatment plant",0.231345,Q2,MAX,Quantity2,MGD,.231345,MGD,,MGD,,08/31/2020
PR0024112,001,50050,"Flow, in conduit or thru treatment plant",0.236,Q2,MAX,Quantity2,MGD,.236,MGD,,MGD,,09/30/2020
PR0024112,001,50050,"Flow, in conduit or thru treatment plant",0.153,Q2,MAX,Quantity2,MGD,.153,MGD,,MGD,,10/31/2020
PR0024112,001,50050,"Flow, in conduit or thru treatment plant",0.44,Q2,MAX,Quantity2,MGD,.44,MGD,,MGD,,11/30/2020
PR0024112,001,50050,"Flow, in conduit or thru treatment plant",0.166,Q2,MAX,Quantity2,MGD,.166,MGD,,MGD,,12/31/2020
PR0024112,001,50050,"Flow, in conduit or thru treatment plant",0.317357,Q2,MAX,Quantity2,MGD,.317357,MGD,,MGD,,01/31/2021
PR0024112,001,50050,"Flow, in conduit or thru treatment plant",0.226,Q2,MAX,Quantity2,MGD,.226,MGD,,MGD,,02/28/2021
PR0024112,001,50050,"Flow, in conduit or thru treatment plant",0.215,Q2,MAX,Quantity2,MGD,.215,MGD,,MGD,,03/31/2021
PR0024112,001,50050,"Flow, in conduit or thru treatment plant",0.091,Q2,MAX,Quantity2,MGD,.091,MGD,,MGD,,04/30/2021
PR0024112,001,50050,"Flow, in conduit or thru treatment plant",0.083777,Q2,MAX,Quantity2,MGD,.083777,MGD,,MGD,,05/31/2021
PR0024112,001,50050,"Flow, in conduit or thru treatment plant",0.166,Q2,MAX,Quantity2,MGD,.166,MGD,,MGD,,06/30/2021
PR0024112,001,50050,"Flow, in conduit or thru treatment plant",0.181,Q2,MAX,Quantity2,MGD,.181,MGD,,MGD,,07/31/2021
PR0024112,001,50050,"Flow, in conduit or thru treatment plant",0.301957,Q2,MAX,Quantity2,MGD,.301957,MGD,,MGD,,08/31/2021
PR0024112,001,50050,"Flow, in conduit or thru treatment plant",0.374,Q2,MAX,Quantity2,MGD,.374,MGD,,MGD,,09/30/2021
PR0024112,001,50050,"Flow, in conduit or thru treatment plant",0.264,Q2,MAX,Quantity2,MGD,.264,MGD,,MGD,,10/31/2021
PR0024112,001,50050,"Flow, in conduit or thru treatment plant",0.1,Q2,MAX,Quantity2,MGD,.1,MGD,,MGD,,11/30/2021
PR0024112,001,50050,"Flow, in conduit or thru treatment plant",0.131,Q2,MAX,Quantity2,MGD,.131,MGD,,MGD,,12/31/2021
PR0024112,001,50050,"Flow, in conduit or thru treatment plant",0.116383,Q2,MAX,Quantity2,MGD,.116383,MGD,,MGD,,01/31/2022
PR0024112,001,50050,"Flow, in conduit or thru treatment plant",0.138,Q2,MAX,Quantity2,MGD,.138,MGD,,MGD,,02/28/2022
PR0024112,001,50050,"Flow, in conduit or thru treatment plant",0.077,Q2,MAX,Quantity2,MGD,.077,MGD,,MGD,,03/31/2022
PR0024112,001,50050,"Flow, in conduit or thru treatment plant",0.272,Q2,MAX,Quantity2,MGD,.272,MGD,,MGD,,04/30/2022
PR0024112,001,50050,"Flow, in conduit or thru treatment plant",0.233,Q2,MAX,Quantity2,MGD,.233,MGD,,MGD,,05/31/2022
PR0024112,001,50050,"Flow, in conduit or thru treatment plant",0.203585,Q2,MAX,Quantity2,MGD,.203585,MGD,,MGD,,06/30/2022
PR0024112,001,50050,"Flow, in conduit or thru treatment plant",0.143,Q2,MAX,Quantity2,MGD,.143,MGD,,MGD,,07/31/2022
PR0024112,001,50050,"Flow, in conduit or thru treatment plant",0.158,Q2,MAX,Quantity2,MGD,.158,MGD,,MGD,,08/31/2022
PR0024112,001,50050,"Flow, in conduit or thru treatment plant",0.138573,Q2,MAX,Quantity2,MGD,.138573,MGD,,MGD,,09/30/2022
PR0024112,001,50050,"Flow, in conduit or thru treatment plant",0.15,Q2,MAX,Quantity2,MGD,.15,MGD,,MGD,,10/31/2022
PR0024112,001,50050,"Flow, in conduit or thru treatment plant",0.145,Q2,MAX,Quantity2,MGD,.145,MGD,,MGD,,11/30/2022
PR0024112,001,50050,"Flow, in conduit or thru treatment plant",0.193,Q2,MAX,Quantity2,MGD,.193,MGD,,MGD,,12/31/2022
PR0024112,001,50050,"Flow, in conduit or thru treatment plant",0.197269,Q2,MAX,Quantity2,MGD,.197269,MGD,,MGD,,01/31/2023
PR0024112,001,50050,"Flow, in conduit or thru treatment plant",0.187,Q2,MAX,Quantity2,MGD,.187,MGD,,MGD,,02/28/2023
PR0024112,001,50050,"Flow, in conduit or thru treatment plant",0.206,Q2,MAX,Quantity2,MGD,.206,MGD,,MGD,,03/31/2023
PR0024112,001,50050,"Flow, in conduit or thru treatment plant",0.162,Q2,MAX,Quantity2,MGD,.162,MGD,,MGD,,04/30/2023
PR0024112,001,50050,"Flow, in conduit or thru treatment plant",0.139045,Q2,MAX,Quantity2,MGD,.139045,MGD,,MGD,,05/31/2023
PR0024112,001,50050,"Flow, in conduit or thru treatment plant",0.238,Q2,MAX,Quantity2,MGD,.238,MGD,,MGD,,06/30/2023
PR0024112,001,50050,"Flow, in conduit or thru treatment plant",0.155,Q2,MAX,Quantity2,MGD,.155,MGD,,MGD,,07/31/2023
PR0024112,001,50050,"Flow, in conduit or thru treatment plant",0.231,Q2,MAX,Quantity2,MGD,.231,MGD,,MGD,,08/31/2023
PR0024112,001,50050,"Flow, in conduit or thru treatment plant",0.181863,Q2,MAX,Quantity2,MGD,.181863,MGD,,MGD,,09/30/2023
PR0024112,001,50050,"Flow, in conduit or thru treatment plant",0.185,Q2,MAX,Quantity2,MGD,.185,MGD,,MGD,,10/31/2023
PR0024112,001,50050,"Flow, in conduit or thru treatment plant",0.155,Q2,MAX,Quantity2,MGD,.155,MGD,,MGD,,11/30/2023
PR0024112,001,50050,"Flow, in conduit or thru treatment plant",0.255,Q2,MAX,Quantity2,MGD,.255,MGD,,MGD,,12/31/2023
PR0024112,001,50050,"Flow, in conduit or thru treatment plant",0.272148,Q2,MAX,Quantity2,MGD,.272148,MGD,,MGD,,01/31/2024
PR0024112,001,50050,"Flow, in conduit or thru treatment plant",0.246,Q2,MAX,Quantity2,MGD,.246,MGD,,MGD,,02/29/2024
PR0024112,001,50050,"Flow, in conduit or thru treatment plant",0.26,Q2,MAX,Quantity2,MGD,.26,MGD,,MGD,,03/31/2024
PR0024112,001,50050,"Flow, in conduit or thru treatment plant",0.23,Q2,MAX,Quantity2,MGD,.23,MGD,,MGD,,04/30/2024
PR0024112,001,50050,"Flow, in conduit or thru treatment plant",0.423852,Q2,MAX,Quantity2,MGD,.423852,MGD,,MGD,,05/31/2024
PR0024112,001,50050,"Flow, in conduit or thru treatment plant",0.255,Q2,MAX,Quantity2,MGD,.255,MGD,,MGD,,06/30/2024
PR0024112,001,50050,"Flow, in conduit or thru treatment plant",0.359,Q2,MAX,Quantity2,MGD,.359,MGD,,MGD,,07/31/2024
PR0024112,001,50050,"Flow, in conduit or thru treatment plant",0.186,Q2,MAX,Quantity2,MGD,.186,MGD,,MGD,,08/31/2024
PR0024112,001,50050,"Flow, in conduit or thru treatment plant",0.312554,Q2,MAX,Quantity2,MGD,.312554,MGD,,MGD,,09/30/2024
PR0024112,001,50050,"Flow, in conduit or thru treatment plant",0.227,Q2,MAX,Quantity2,MGD,.227,MGD,,MGD,,10/31/2024
PR0024112,001,50050,"Flow, in conduit or thru treatment plant",0.25,Q2,MAX,Quantity2,MGD,.25,MGD,,MGD,,11/30/2024
PR0024112,001,50050,"Flow, in conduit or thru treatment plant",0.167,Q2,MAX,Quantity2,MGD,.167,MGD,,MGD,,12/31/2024
PR0024112,001,50050,"Flow, in conduit or thru treatment plant",0.228298,Q2,MAX,Quantity2,MGD,.228298,MGD,,MGD,,01/31/2025
PR0024112,001,50050,"Flow, in conduit or thru treatment plant",0.175,Q2,MAX,Quantity2,MGD,.175,MGD,,MGD,,02/28/2025
PR0024112,001,50050,"Flow, in conduit or thru treatment plant",0.158,Q2,MAX,Quantity2,MGD,.158,MGD,,MGD,,03/31/2025
PR0024112,001,50050,"Flow, in conduit or thru treatment plant",0.229,Q2,MAX,Quantity2,MGD,.229,MGD,,MGD,,04/30/2025
PR0024112,001,50050,"Flow, in conduit or thru treatment plant",0.159607,Q2,MAX,Quantity2,MGD,.159607,MGD,,MGD,,05/31/2025
PR0024112,001,50050,"Flow, in conduit or thru treatment plant",0.161,Q2,MAX,Quantity2,MGD,.161,MGD,,MGD,,06/30/2025
PR0024112,001,50050,"Flow, in conduit or thru treatment plant",0.189,Q2,MAX,Quantity2,MGD,.189,MGD,,MGD,,07/31/2025
PR0024112,001,50050,"Flow, in conduit or thru treatment plant",0.232,Q2,MAX,Quantity2,MGD,.232,MGD,,MGD,,08/31/2025
PR0024112,001,50050,"Flow, in conduit or thru treatment plant",0.295335,Q2,MAX,Quantity2,MGD,.295335,MGD,,MGD,,09/30/2025
PR0024112,001,50050,"Flow, in conduit or thru treatment plant",0.281,Q2,MAX,Quantity2,MGD,.281,MGD,,MGD,,10/31/2025
PR0024112,001,50050,"Flow, in conduit or thru treatment plant",0.142,Q2,MAX,Quantity2,MGD,.142,MGD,,MGD,,11/30/2025
PR0024112,001,50050,"Flow, in conduit or thru treatment plant",0.467366,Q2,MAX,Quantity2,MGD,.467366,MGD,,MGD,,12/31/2025
PR0024112,001,50050,"Flow, in conduit or thru treatment plant",0.237,Q2,MAX,Quantity2,MGD,.237,MGD,,MGD,,01/31/2026
PR0024112,001,50060,"Chlorine, total residual",NA,C3,MAX,Concentration3,,,mg/L,11,ug/L,B,01/31/2020
PR0024112,001,50060,"Chlorine, total residual",NA,C3,MAX,Concentration3,,,mg/L,11,ug/L,B,02/29/2020
PR0024112,001,50060,"Chlorine, total residual",NA,C3,MAX,Concentration3,,,mg/L,11,ug/L,B,03/31/2020
PR0024112,001,50060,"Chlorine, total residual",NA,C3,MAX,Concentration3,,,mg/L,11,ug/L,B,04/30/2020
PR0024112,001,50060,"Chlorine, total residual",NA,C3,MAX,Concentration3,,,mg/L,11,ug/L,B,05/31/2020
PR0024112,001,50060,"Chlorine, total residual",NA,C3,MAX,Concentration3,,,mg/L,11,ug/L,B,06/30/2020
PR0024112,001,50060,"Chlorine, total residual",NA,C3,MAX,Concentration3,,,mg/L,11,ug/L,B,07/31/2020
PR0024112,001,50060,"Chlorine, total residual",20,C3,MAX,Concentration3,ug/L,.02,mg/L,11,ug/L,,08/31/2020
PR0024112,001,50060,"Chlorine, total residual",NA,C3,MAX,Concentration3,,,mg/L,11,ug/L,B,09/30/2020
PR0024112,001,50060,"Chlorine, total residual",NA,C3,MAX,Concentration3,,,mg/L,11,ug/L,B,10/31/2020
PR0024112,001,50060,"Chlorine, total residual",NA,C3,MAX,Concentration3,,,mg/L,11,ug/L,B,11/30/2020
PR0024112,001,50060,"Chlorine, total residual",NA,C3,MAX,Concentration3,,,mg/L,11,ug/L,B,12/31/2020
PR0024112,001,50060,"Chlorine, total residual",NA,C3,MAX,Concentration3,,,mg/L,11,ug/L,B,01/31/2021
PR0024112,001,50060,"Chlorine, total residual",NA,C3,MAX,Concentration3,,,mg/L,11,ug/L,B,02/28/2021
PR0024112,001,50060,"Chlorine, total residual",NA,C3,MAX,Concentration3,,,mg/L,11,ug/L,B,03/31/2021
PR0024112,001,50060,"Chlorine, total residual",NA,C3,MAX,Concentration3,,,mg/L,11,ug/L,B,04/30/2021
PR0024112,001,50060,"Chlorine, total residual",NA,C3,MAX,Concentration3,,,mg/L,11,ug/L,B,05/31/2021
PR0024112,001,50060,"Chlorine, total residual",NA,C3,MAX,Concentration3,,,mg/L,11,ug/L,B,06/30/2021
PR0024112,001,50060,"Chlorine, total residual",NA,C3,MAX,Concentration3,,,mg/L,11,ug/L,B,07/31/2021
PR0024112,001,50060,"Chlorine, total residual",NA,C3,MAX,Concentration3,,,mg/L,11,ug/L,B,08/31/2021
PR0024112,001,50060,"Chlorine, total residual",NA,C3,MAX,Concentration3,,,mg/L,11,ug/L,B,09/30/2021
PR0024112,001,50060,"Chlorine, total residual",NA,C3,MAX,Concentration3,,,mg/L,11,ug/L,B,10/31/2021
PR0024112,001,50060,"Chlorine, total residual",NA,C3,MAX,Concentration3,,,mg/L,11,ug/L,B,11/30/2021
PR0024112,001,50060,"Chlorine, total residual",NA,C3,MAX,Concentration3,,,mg/L,11,ug/L,B,12/31/2021
PR0024112,001,50060,"Chlorine, total residual",NA,C3,MAX,Concentration3,,,mg/L,11,ug/L,B,01/31/2022
PR0024112,001,50060,"Chlorine, total residual",NA,C3,MAX,Concentration3,,,mg/L,11,ug/L,B,02/28/2022
PR0024112,001,50060,"Chlorine, total residual",NA,C3,MAX,Concentration3,,,mg/L,11,ug/L,B,03/31/2022
PR0024112,001,50060,"Chlorine, total residual",NA,C3,MAX,Concentration3,,,mg/L,11,ug/L,B,04/30/2022
PR0024112,001,50060,"Chlorine, total residual",NA,C3,MAX,Concentration3,,,mg/L,11,ug/L,B,05/31/2022
PR0024112,001,50060,"Chlorine, total residual",NA,C3,MAX,Concentration3,,,mg/L,11,ug/L,B,06/30/2022
PR0024112,001,50060,"Chlorine, total residual",NA,C3,MAX,Concentration3,,,mg/L,11,ug/L,B,07/31/2022
PR0024112,001,50060,"Chlorine, total residual",NA,C3,MAX,Concentration3,,,mg/L,11,ug/L,B,08/31/2022
PR0024112,001,50060,"Chlorine, total residual",NA,C3,MAX,Concentration3,,,mg/L,11,ug/L,B,09/30/2022
PR0024112,001,50060,"Chlorine, total residual",NA,C3,MAX,Concentration3,,,mg/L,11,ug/L,B,10/31/2022
PR0024112,001,50060,"Chlorine, total residual",NA,C3,MAX,Concentration3,,,mg/L,11,ug/L,B,11/30/2022
PR0024112,001,50060,"Chlorine, total residual",NA,C3,MAX,Concentration3,,,mg/L,11,ug/L,B,12/31/2022
PR0024112,001,50060,"Chlorine, total residual",NA,C3,MAX,Concentration3,,,mg/L,11,ug/L,B,01/31/2023
PR0024112,001,50060,"Chlorine, total residual",NA,C3,MAX,Concentration3,,,mg/L,11,ug/L,B,02/28/2023
PR0024112,001,50060,"Chlorine, total residual",NA,C3,MAX,Concentration3,,,mg/L,11,ug/L,B,03/31/2023
PR0024112,001,50060,"Chlorine, total residual",NA,C3,MAX,Concentration3,,,mg/L,11,ug/L,B,04/30/2023
PR0024112,001,50060,"Chlorine, total residual",NA,C3,MAX,Concentration3,,,mg/L,11,ug/L,B,05/31/2023
PR0024112,001,50060,"Chlorine, total residual",NA,C3,MAX,Concentration3,,,mg/L,11,ug/L,B,06/30/2023
PR0024112,001,50060,"Chlorine, total residual",NA,C3,MAX,Concentration3,,,mg/L,11,ug/L,B,07/31/2023
PR0024112,001,50060,"Chlorine, total residual",NA,C3,MAX,Concentration3,,,mg/L,11,ug/L,B,08/31/2023
PR0024112,001,50060,"Chlorine, total residual",NA,C3,MAX,Concentration3,,,mg/L,11,ug/L,B,09/30/2023
PR0024112,001,50060,"Chlorine, total residual",NA,C3,MAX,Concentration3,,,mg/L,11,ug/L,B,10/31/2023
PR0024112,001,50060,"Chlorine, total residual",NA,C3,MAX,Concentration3,,,mg/L,11,ug/L,B,11/30/2023
PR0024112,001,50060,"Chlorine, total residual",NA,C3,MAX,Concentration3,,,mg/L,11,ug/L,B,12/31/2023
PR0024112,001,50060,"Chlorine, total residual",NA,C3,MAX,Concentration3,,,mg/L,11,ug/L,B,01/31/2024
PR0024112,001,50060,"Chlorine, total residual",NA,C3,MAX,Concentration3,,,mg/L,11,ug/L,B,02/29/2024
PR0024112,001,50060,"Chlorine, total residual",NA,C3,MAX,Concentration3,,,mg/L,11,ug/L,B,03/31/2024
PR0024112,001,50060,"Chlorine, total residual",NA,C3,MAX,Concentration3,,,mg/L,11,ug/L,B,04/30/2024
PR0024112,001,50060,"Chlorine, total residual",NA,C3,MAX,Concentration3,,,mg/L,11,ug/L,B,05/31/2024
PR0024112,001,50060,"Chlorine, total residual",NA,C3,MAX,Concentration3,,,mg/L,11,ug/L,B,06/30/2024
PR0024112,001,50060,"Chlorine, total residual",NA,C3,MAX,Concentration3,,,mg/L,11,ug/L,B,07/31/2024
PR0024112,001,50060,"Chlorine, total residual",NA,C3,MAX,Concentration3,,,mg/L,11,ug/L,B,08/31/2024
PR0024112,001,50060,"Chlorine, total residual",NA,C3,MAX,Concentration3,,,mg/L,11,ug/L,B,09/30/2024
PR0024112,001,50060,"Chlorine, total residual",NA,C3,MAX,Concentration3,,,mg/L,11,ug/L,B,10/31/2024
PR0024112,001,50060,"Chlorine, total residual",NA,C3,MAX,Concentration3,,,mg/L,11,ug/L,B,11/30/2024
PR0024112,001,50060,"Chlorine, total residual",NA,C3,MAX,Concentration3,,,mg/L,11,ug/L,B,12/31/2024
PR0024112,001,50060,"Chlorine, total residual",NA,C3,MAX,Concentration3,,,mg/L,11,ug/L,B,01/31/2025
PR0024112,001,50060,"Chlorine, total residual",NA,C3,MAX,Concentration3,,,mg/L,11,ug/L,B,02/28/2025
PR0024112,001,50060,"Chlorine, total residual",NA,C3,MAX,Concentration3,,,mg/L,11,ug/L,B,03/31/2025
PR0024112,001,50060,"Chlorine, total residual",NA,C3,MAX,Concentration3,,,mg/L,11,ug/L,B,04/30/2025
PR0024112,001,50060,"Chlorine, total residual",NA,C3,MAX,Concentration3,,,mg/L,11,ug/L,B,05/31/2025
PR0024112,001,50060,"Chlorine, total residual",NA,C3,MAX,Concentration3,,,mg/L,11,ug/L,B,06/30/2025
PR0024112,001,50060,"Chlorine, total residual",NA,C3,MAX,Concentration3,,,mg/L,11,ug/L,B,07/31/2025
PR0024112,001,50060,"Chlorine, total residual",NA,C3,MAX,Concentration3,,,mg/L,11,ug/L,B,08/31/2025
PR0024112,001,50060,"Chlorine, total residual",NA,C3,MAX,Concentration3,,,mg/L,11,ug/L,B,09/30/2025
PR0024112,001,50060,"Chlorine, total residual",NA,C3,MAX,Concentration3,,,mg/L,11,ug/L,B,10/31/2025
PR0024112,001,50060,"Chlorine, total residual",NA,C3,MAX,Concentration3,,,mg/L,11,ug/L,B,11/30/2025
PR0024112,001,50060,"Chlorine, total residual",NA,C3,MAX,Concentration3,,,mg/L,11,ug/L,B,12/31/2025
PR0024112,001,50060,"Chlorine, total residual",NA,C3,MAX,Concentration3,,,mg/L,11,ug/L,B,01/31/2026
PR0024112,001,51714,Whole Effluent Toxicity [WET] - P. promelas,100,C1,MIN,Concentration1,%,100,%,,%,,01/31/2020
PR0024112,001,51714,Whole Effluent Toxicity [WET] - P. promelas,100,C1,MIN,Concentration1,%,100,%,,%,,04/30/2020
PR0024112,001,51714,Whole Effluent Toxicity [WET] - P. promelas,100,C1,MIN,Concentration1,%,100,%,,%,,07/31/2020
PR0024112,001,51714,Whole Effluent Toxicity [WET] - P. promelas,100,C1,MIN,Concentration1,%,100,%,,%,,10/31/2020
PR0024112,001,51714,Whole Effluent Toxicity [WET] - P. promelas,100,C1,MIN,Concentration1,%,100,%,,%,,01/31/2021
PR0024112,001,51714,Whole Effluent Toxicity [WET] - P. promelas,100,C1,MIN,Concentration1,%,100,%,,%,,04/30/2021
PR0024112,001,51714,Whole Effluent Toxicity [WET] - P. promelas,100,C1,MIN,Concentration1,%,100,%,,%,,07/31/2021
PR0024112,001,51714,Whole Effluent Toxicity [WET] - P. promelas,100,C1,MIN,Concentration1,%,100,%,,%,,10/31/2021
PR0024112,001,51714,Whole Effluent Toxicity [WET] - P. promelas,100,C1,MIN,Concentration1,%,100,%,,%,,01/31/2022
PR0024112,001,51714,Whole Effluent Toxicity [WET] - P. promelas,100,C1,MIN,Concentration1,%,100,%,,%,,04/30/2022
PR0024112,001,51714,Whole Effluent Toxicity [WET] - P. promelas,100,C1,MIN,Concentration1,%,100,%,,%,,07/31/2022
PR0024112,001,51714,Whole Effluent Toxicity [WET] - P. promelas,100,C1,MIN,Concentration1,%,100,%,,%,,10/31/2022
PR0024112,001,51714,Whole Effluent Toxicity [WET] - P. promelas,100,C1,MIN,Concentration1,%,100,%,,%,,01/31/2023
PR0024112,001,51714,Whole Effluent Toxicity [WET] - P. promelas,100,C1,MIN,Concentration1,%,100,%,,%,,04/30/2023
PR0024112,001,51714,Whole Effluent Toxicity [WET] - P. promelas,100,C1,MIN,Concentration1,%,100,%,,%,,07/31/2023
PR0024112,001,51714,Whole Effluent Toxicity [WET] - P. promelas,NA,C1,MIN,Concentration1,,,%,,%,P,10/31/2023
PR0024112,001,51714,Whole Effluent Toxicity [WET] - P. promelas,100,C1,MIN,Concentration1,%,100,%,,%,,01/31/2024
PR0024112,001,51714,Whole Effluent Toxicity [WET] - P. promelas,100,C1,MIN,Concentration1,%,100,%,,%,,04/30/2024
PR0024112,001,51714,Whole Effluent Toxicity [WET] - P. promelas,100,C1,MIN,Concentration1,%,100,%,,%,,07/31/2024
PR0024112,001,51714,Whole Effluent Toxicity [WET] - P. promelas,100,C1,MIN,Concentration1,%,100,%,,%,,10/31/2024
PR0024112,001,51714,Whole Effluent Toxicity [WET] - P. promelas,100,C1,MIN,Concentration1,%,100,%,,%,,01/31/2025
PR0024112,001,51714,Whole Effluent Toxicity [WET] - P. promelas,NA,C1,MIN,Concentration1,,,%,,%,E,04/30/2025
PR0024112,001,51714,Whole Effluent Toxicity [WET] - P. promelas,100,C1,MIN,Concentration1,%,100,%,,%,,07/31/2025
PR0024112,001,51923,Whole Effluent Toxicity  [WET] - D. magna,100,C1,MIN,Concentration1,%,100,%,,%,,01/31/2020
PR0024112,001,51923,Whole Effluent Toxicity  [WET] - D. magna,100,C1,MIN,Concentration1,%,100,%,,%,,04/30/2020
PR0024112,001,51923,Whole Effluent Toxicity  [WET] - D. magna,100,C1,MIN,Concentration1,%,100,%,,%,,07/31/2020
PR0024112,001,51923,Whole Effluent Toxicity  [WET] - D. magna,100,C1,MIN,Concentration1,%,100,%,,%,,10/31/2020
PR0024112,001,51923,Whole Effluent Toxicity  [WET] - D. magna,100,C1,MIN,Concentration1,%,100,%,,%,,01/31/2021
PR0024112,001,51923,Whole Effluent Toxicity  [WET] - D. magna,100,C1,MIN,Concentration1,%,100,%,,%,,04/30/2021
PR0024112,001,51923,Whole Effluent Toxicity  [WET] - D. magna,100,C1,MIN,Concentration1,%,100,%,,%,,07/31/2021
PR0024112,001,51923,Whole Effluent Toxicity  [WET] - D. magna,100,C1,MIN,Concentration1,%,100,%,,%,,10/31/2021
PR0024112,001,51923,Whole Effluent Toxicity  [WET] - D. magna,100,C1,MIN,Concentration1,%,100,%,,%,,01/31/2022
PR0024112,001,51923,Whole Effluent Toxicity  [WET] - D. magna,100,C1,MIN,Concentration1,%,100,%,,%,,04/30/2022
PR0024112,001,51923,Whole Effluent Toxicity  [WET] - D. magna,100,C1,MIN,Concentration1,%,100,%,,%,,07/31/2022
PR0024112,001,51923,Whole Effluent Toxicity  [WET] - D. magna,100,C1,MIN,Concentration1,%,100,%,,%,,10/31/2022
PR0024112,001,51923,Whole Effluent Toxicity  [WET] - D. magna,100,C1,MIN,Concentration1,%,100,%,,%,,01/31/2023
PR0024112,001,51923,Whole Effluent Toxicity  [WET] - D. magna,100,C1,MIN,Concentration1,%,100,%,,%,,04/30/2023
PR0024112,001,51923,Whole Effluent Toxicity  [WET] - D. magna,100,C1,MIN,Concentration1,%,100,%,,%,,07/31/2023
PR0024112,001,51923,Whole Effluent Toxicity  [WET] - D. magna,NA,C1,MIN,Concentration1,,,%,,%,P,10/31/2023
PR0024112,001,51923,Whole Effluent Toxicity  [WET] - D. magna,100,C1,MIN,Concentration1,%,100,%,,%,,01/31/2024
PR0024112,001,51923,Whole Effluent Toxicity  [WET] - D. magna,100,C1,MIN,Concentration1,%,100,%,,%,,04/30/2024
PR0024112,001,51923,Whole Effluent Toxicity  [WET] - D. magna,100,C1,MIN,Concentration1,%,100,%,,%,,07/31/2024
PR0024112,001,51923,Whole Effluent Toxicity  [WET] - D. magna,NA,C1,MIN,Concentration1,,,%,,%,P,10/31/2024
PR0024112,001,51923,Whole Effluent Toxicity  [WET] - D. magna,100,C1,MIN,Concentration1,%,100,%,,%,,01/31/2025
PR0024112,001,51923,Whole Effluent Toxicity  [WET] - D. magna,NA,C1,MIN,Concentration1,,,%,,%,E,04/30/2025
PR0024112,001,51923,Whole Effluent Toxicity  [WET] - D. magna,100,C1,MIN,Concentration1,%,100,%,,%,,07/31/2025
PR0024112,001,70295,"Solids, total dissolved",200,C3,MAX,Concentration3,mg/L,200,mg/L,,mg/L,,10/31/2025
PR0024112,001,70295,"Solids, total dissolved",180,C3,MAX,Concentration3,mg/L,180,mg/L,,mg/L,,11/30/2025
PR0024112,001,70295,"Solids, total dissolved",160,C3,MAX,Concentration3,mg/L,160,mg/L,,mg/L,,12/31/2025
PR0024112,001,70295,"Solids, total dissolved",190,C3,MAX,Concentration3,mg/L,190,mg/L,,mg/L,,01/31/2026
PR0024112,001,82230,Ammonia & ammonium- total,279,C3,MAX,Concentration3,ug/L,.27900001,mg/L,,ug/L,,01/31/2020
PR0024112,001,82230,Ammonia & ammonium- total,158,C3,MAX,Concentration3,ug/L,.15800001,mg/L,,ug/L,,02/29/2020
PR0024112,001,82230,Ammonia & ammonium- total,142,C3,MAX,Concentration3,ug/L,.14200001,mg/L,,ug/L,,03/31/2020
PR0024112,001,82230,Ammonia & ammonium- total,60,C3,MAX,Concentration3,ug/L,.06,mg/L,,ug/L,,04/30/2020
PR0024112,001,82230,Ammonia & ammonium- total,72,C3,MAX,Concentration3,ug/L,.072,mg/L,,ug/L,,05/31/2020
PR0024112,001,82230,Ammonia & ammonium- total,111,C3,MAX,Concentration3,ug/L,.11100001,mg/L,,ug/L,,06/30/2020
PR0024112,001,82230,Ammonia & ammonium- total,60,C3,MAX,Concentration3,ug/L,.06,mg/L,,ug/L,,07/31/2020
PR0024112,001,82230,Ammonia & ammonium- total,60,C3,MAX,Concentration3,ug/L,.06,mg/L,,ug/L,,08/31/2020
PR0024112,001,82230,Ammonia & ammonium- total,60,C3,MAX,Concentration3,ug/L,.06,mg/L,,ug/L,,09/30/2020
PR0024112,001,82230,Ammonia & ammonium- total,209,C3,MAX,Concentration3,ug/L,.20900001,mg/L,,ug/L,,10/31/2020
PR0024112,001,82230,Ammonia & ammonium- total,60,C3,MAX,Concentration3,ug/L,.06,mg/L,,ug/L,,11/30/2020
PR0024112,001,82230,Ammonia & ammonium- total,297,C3,MAX,Concentration3,ug/L,.29700001,mg/L,,ug/L,,12/31/2020
PR0024112,001,82230,Ammonia & ammonium- total,100,C3,MAX,Concentration3,ug/L,.1,mg/L,,ug/L,,01/31/2021
PR0024112,001,82230,Ammonia & ammonium- total,60,C3,MAX,Concentration3,ug/L,.06,mg/L,,ug/L,,02/28/2021
PR0024112,001,82230,Ammonia & ammonium- total,60,C3,MAX,Concentration3,ug/L,.06,mg/L,,ug/L,,03/31/2021
PR0024112,001,82230,Ammonia & ammonium- total,60,C3,MAX,Concentration3,ug/L,.06,mg/L,,ug/L,,04/30/2021
PR0024112,001,82230,Ammonia & ammonium- total,60,C3,MAX,Concentration3,ug/L,.06,mg/L,,ug/L,,05/31/2021
PR0024112,001,82230,Ammonia & ammonium- total,60,C3,MAX,Concentration3,ug/L,.06,mg/L,,ug/L,,06/30/2021
PR0024112,001,82230,Ammonia & ammonium- total,60,C3,MAX,Concentration3,ug/L,.06,mg/L,,ug/L,,07/31/2021
PR0024112,001,82230,Ammonia & ammonium- total,60,C3,MAX,Concentration3,ug/L,.06,mg/L,,ug/L,,08/31/2021
PR0024112,001,82230,Ammonia & ammonium- total,60,C3,MAX,Concentration3,ug/L,.06,mg/L,,ug/L,,09/30/2021
PR0024112,001,82230,Ammonia & ammonium- total,68,C3,MAX,Concentration3,ug/L,.068,mg/L,,ug/L,,10/31/2021
PR0024112,001,82230,Ammonia & ammonium- total,60,C3,MAX,Concentration3,ug/L,.06,mg/L,,ug/L,,11/30/2021
PR0024112,001,82230,Ammonia & ammonium- total,105,C3,MAX,Concentration3,ug/L,.105,mg/L,,ug/L,,12/31/2021
PR0024112,001,82230,Ammonia & ammonium- total,60,C3,MAX,Concentration3,ug/L,.06,mg/L,,ug/L,,01/31/2022
PR0024112,001,82230,Ammonia & ammonium- total,60,C3,MAX,Concentration3,ug/L,.06,mg/L,,ug/L,,02/28/2022
PR0024112,001,82230,Ammonia & ammonium- total,60,C3,MAX,Concentration3,ug/L,.06,mg/L,,ug/L,,03/31/2022
PR0024112,001,82230,Ammonia & ammonium- total,100,C3,MAX,Concentration3,ug/L,.1,mg/L,,ug/L,,04/30/2022
PR0024112,001,82230,Ammonia & ammonium- total,100,C3,MAX,Concentration3,ug/L,.1,mg/L,,ug/L,,05/31/2022
PR0024112,001,82230,Ammonia & ammonium- total,100,C3,MAX,Concentration3,ug/L,.1,mg/L,,ug/L,,06/30/2022
PR0024112,001,82230,Ammonia & ammonium- total,100,C3,MAX,Concentration3,ug/L,.1,mg/L,,ug/L,,07/31/2022
PR0024112,001,82230,Ammonia & ammonium- total,100,C3,MAX,Concentration3,ug/L,.1,mg/L,,ug/L,,08/31/2022
PR0024112,001,82230,Ammonia & ammonium- total,100,C3,MAX,Concentration3,ug/L,.1,mg/L,,ug/L,,09/30/2022
PR0024112,001,82230,Ammonia & ammonium- total,100,C3,MAX,Concentration3,ug/L,.1,mg/L,,ug/L,,10/31/2022
PR0024112,001,82230,Ammonia & ammonium- total,100,C3,MAX,Concentration3,ug/L,.1,mg/L,,ug/L,,11/30/2022
PR0024112,001,82230,Ammonia & ammonium- total,100,C3,MAX,Concentration3,ug/L,.1,mg/L,,ug/L,,12/31/2022
PR0024112,001,82230,Ammonia & ammonium- total,100,C3,MAX,Concentration3,ug/L,.1,mg/L,,ug/L,,01/31/2023
PR0024112,001,82230,Ammonia & ammonium- total,100,C3,MAX,Concentration3,ug/L,.1,mg/L,,ug/L,,02/28/2023
PR0024112,001,82230,Ammonia & ammonium- total,100,C3,MAX,Concentration3,ug/L,.1,mg/L,,ug/L,,03/31/2023
PR0024112,001,82230,Ammonia & ammonium- total,100,C3,MAX,Concentration3,ug/L,.1,mg/L,,ug/L,,04/30/2023
PR0024112,001,82230,Ammonia & ammonium- total,100,C3,MAX,Concentration3,ug/L,.1,mg/L,,ug/L,,05/31/2023
PR0024112,001,82230,Ammonia & ammonium- total,100,C3,MAX,Concentration3,ug/L,.1,mg/L,,ug/L,,06/30/2023
PR0024112,001,82230,Ammonia & ammonium- total,100,C3,MAX,Concentration3,ug/L,.1,mg/L,,ug/L,,07/31/2023
PR0024112,001,82230,Ammonia & ammonium- total,100,C3,MAX,Concentration3,ug/L,.1,mg/L,,ug/L,,08/31/2023
PR0024112,001,82230,Ammonia & ammonium- total,100,C3,MAX,Concentration3,ug/L,.1,mg/L,,ug/L,,09/30/2023
PR0024112,001,82230,Ammonia & ammonium- total,100,C3,MAX,Concentration3,ug/L,.1,mg/L,,ug/L,,10/31/2023
PR0024112,001,82230,Ammonia & ammonium- total,100,C3,MAX,Concentration3,ug/L,.1,mg/L,,ug/L,,11/30/2023
PR0024112,001,82230,Ammonia & ammonium- total,100,C3,MAX,Concentration3,ug/L,.1,mg/L,,ug/L,,12/31/2023
PR0024112,001,82230,Ammonia & ammonium- total,100,C3,MAX,Concentration3,ug/L,.1,mg/L,,ug/L,,01/31/2024
PR0024112,001,82230,Ammonia & ammonium- total,100,C3,MAX,Concentration3,ug/L,.1,mg/L,,ug/L,,02/29/2024
PR0024112,001,82230,Ammonia & ammonium- total,100,C3,MAX,Concentration3,ug/L,.1,mg/L,,ug/L,,03/31/2024
PR0024112,001,82230,Ammonia & ammonium- total,100,C3,MAX,Concentration3,ug/L,.1,mg/L,,ug/L,,04/30/2024
PR0024112,001,82230,Ammonia & ammonium- total,100,C3,MAX,Concentration3,ug/L,.1,mg/L,,ug/L,,05/31/2024
PR0024112,001,82230,Ammonia & ammonium- total,100,C3,MAX,Concentration3,ug/L,.1,mg/L,,ug/L,,06/30/2024
PR0024112,001,82230,Ammonia & ammonium- total,110,C3,MAX,Concentration3,ug/L,.11000001,mg/L,,ug/L,,07/31/2024
PR0024112,001,82230,Ammonia & ammonium- total,100,C3,MAX,Concentration3,ug/L,.1,mg/L,,ug/L,,08/31/2024
PR0024112,001,82230,Ammonia & ammonium- total,100,C3,MAX,Concentration3,ug/L,.1,mg/L,,ug/L,,09/30/2024
PR0024112,001,82230,Ammonia & ammonium- total,100,C3,MAX,Concentration3,ug/L,.1,mg/L,,ug/L,,10/31/2024
PR0024112,001,82230,Ammonia & ammonium- total,100,C3,MAX,Concentration3,ug/L,.1,mg/L,,ug/L,,11/30/2024
PR0024112,001,82230,Ammonia & ammonium- total,100,C3,MAX,Concentration3,ug/L,.1,mg/L,,ug/L,,12/31/2024
PR0024112,001,82230,Ammonia & ammonium- total,57,C3,MAX,Concentration3,ug/L,.057,mg/L,,ug/L,,01/31/2025
PR0024112,001,82230,Ammonia & ammonium- total,310,C3,MAX,Concentration3,ug/L,.31000001,mg/L,,ug/L,,02/28/2025
PR0024112,001,82230,Ammonia & ammonium- total,120,C3,MAX,Concentration3,ug/L,.12000001,mg/L,,ug/L,,03/31/2025
PR0024112,001,82230,Ammonia & ammonium- total,60,C3,MAX,Concentration3,ug/L,.06,mg/L,,ug/L,,04/30/2025
PR0024112,001,82230,Ammonia & ammonium- total,57,C3,MAX,Concentration3,ug/L,.057,mg/L,,ug/L,,05/31/2025
PR0024112,001,82230,Ammonia & ammonium- total,60,C3,MAX,Concentration3,ug/L,.06,mg/L,,ug/L,,06/30/2025
PR0024112,001,82230,Ammonia & ammonium- total,57,C3,MAX,Concentration3,ug/L,.057,mg/L,,ug/L,,07/31/2025
PR0024112,001,82230,Ammonia & ammonium- total,57,C3,MAX,Concentration3,ug/L,.057,mg/L,,ug/L,,08/31/2025
PR0024112,001,82230,Ammonia & ammonium- total,70,C3,MAX,Concentration3,ug/L,.07,mg/L,,ug/L,,09/30/2025
PR0024112,001,82230,Ammonia & ammonium- total,0.057,C3,MAX,Concentration3,mg/L,.057,mg/L,.081,mg/L,,12/31/2025
