npdes_id,perm_feature_nmbr,parameter_code,parameter_desc,dmr_value_nmbr,value_type_code,statistical_base_type_code,value_type_desc,dmr_unit_desc,dmr_value_standard_units,standard_unit_desc,limit_value_nmbr,limit_unit_desc,nodi_code,monitoring_period_end_date
PR0020575,001,00010,"Temperature, water deg. centigrade",28.4,C3,MAX,Concentration3,deg C,28.4,deg C,32.2,deg C,,01/31/2020
PR0020575,001,00010,"Temperature, water deg. centigrade",28.2,C3,MAX,Concentration3,deg C,28.2,deg C,32.2,deg C,,02/29/2020
PR0020575,001,00010,"Temperature, water deg. centigrade",28.3,C3,MAX,Concentration3,deg C,28.3,deg C,32.2,deg C,,03/31/2020
PR0020575,001,00010,"Temperature, water deg. centigrade",30,C3,MAX,Concentration3,deg C,30,deg C,32.2,deg C,,04/30/2020
PR0020575,001,00010,"Temperature, water deg. centigrade",31.1,C3,MAX,Concentration3,deg C,31.1,deg C,32.2,deg C,,05/31/2020
PR0020575,001,00010,"Temperature, water deg. centigrade",31.2,C3,MAX,Concentration3,deg C,31.2,deg C,31.7,deg C,,06/30/2020
PR0020575,001,00010,"Temperature, water deg. centigrade",31.1,C3,MAX,Concentration3,deg C,31.1,deg C,31.7,deg C,,07/31/2020
PR0020575,001,00010,"Temperature, water deg. centigrade",30,C3,MAX,Concentration3,deg C,30,deg C,31.7,deg C,,08/31/2020
PR0020575,001,00010,"Temperature, water deg. centigrade",30,C3,MAX,Concentration3,deg C,30,deg C,31.7,deg C,,09/30/2020
PR0020575,001,00010,"Temperature, water deg. centigrade",29.9,C3,MAX,Concentration3,deg C,29.9,deg C,31.7,deg C,,10/31/2020
PR0020575,001,00010,"Temperature, water deg. centigrade",29,C3,MAX,Concentration3,deg C,29,deg C,31.7,deg C,,11/30/2020
PR0020575,001,00010,"Temperature, water deg. centigrade",28.4,C3,MAX,Concentration3,deg C,28.4,deg C,31.7,deg C,,12/31/2020
PR0020575,001,00010,"Temperature, water deg. centigrade",27.9,C3,MAX,Concentration3,deg C,27.9,deg C,31.7,deg C,,01/31/2021
PR0020575,001,00010,"Temperature, water deg. centigrade",28.3,C3,MAX,Concentration3,deg C,28.3,deg C,31.7,deg C,,02/28/2021
PR0020575,001,00010,"Temperature, water deg. centigrade",28.9,C3,MAX,Concentration3,deg C,28.9,deg C,31.7,deg C,,03/31/2021
PR0020575,001,00010,"Temperature, water deg. centigrade",29.5,C3,MAX,Concentration3,deg C,29.5,deg C,31.7,deg C,,04/30/2021
PR0020575,001,00010,"Temperature, water deg. centigrade",29.9,C3,MAX,Concentration3,deg C,29.9,deg C,31.7,deg C,,05/31/2021
PR0020575,001,00010,"Temperature, water deg. centigrade",30,C3,MAX,Concentration3,deg C,30,deg C,31.7,deg C,,06/30/2021
PR0020575,001,00010,"Temperature, water deg. centigrade",30.6,C3,MAX,Concentration3,deg C,30.6,deg C,31.7,deg C,,07/31/2021
PR0020575,001,00010,"Temperature, water deg. centigrade",30.8,C3,MAX,Concentration3,deg C,30.8,deg C,31.7,deg C,,08/31/2021
PR0020575,001,00010,"Temperature, water deg. centigrade",31.2,C3,MAX,Concentration3,deg C,31.2,deg C,31.7,deg C,,09/30/2021
PR0020575,001,00010,"Temperature, water deg. centigrade",31,C3,MAX,Concentration3,deg C,31,deg C,31.7,deg C,,10/31/2021
PR0020575,001,00010,"Temperature, water deg. centigrade",30.4,C3,MAX,Concentration3,deg C,30.4,deg C,31.7,deg C,,11/30/2021
PR0020575,001,00010,"Temperature, water deg. centigrade",28.8,C3,MAX,Concentration3,deg C,28.8,deg C,31.7,deg C,,12/31/2021
PR0020575,001,00010,"Temperature, water deg. centigrade",28.7,C3,MAX,Concentration3,deg C,28.7,deg C,31.7,deg C,,01/31/2022
PR0020575,001,00010,"Temperature, water deg. centigrade",28.3,C3,MAX,Concentration3,deg C,28.3,deg C,31.7,deg C,,02/28/2022
PR0020575,001,00010,"Temperature, water deg. centigrade",28.9,C3,MAX,Concentration3,deg C,28.9,deg C,31.7,deg C,,03/31/2022
PR0020575,001,00010,"Temperature, water deg. centigrade",29.3,C3,MAX,Concentration3,deg C,29.3,deg C,31.7,deg C,,04/30/2022
PR0020575,001,00010,"Temperature, water deg. centigrade",30,C3,MAX,Concentration3,deg C,30,deg C,31.7,deg C,,05/31/2022
PR0020575,001,00010,"Temperature, water deg. centigrade",30,C3,MAX,Concentration3,deg C,30,deg C,31.7,deg C,,06/30/2022
PR0020575,001,00010,"Temperature, water deg. centigrade",30,C3,MAX,Concentration3,deg C,30,deg C,31.7,deg C,,07/31/2022
PR0020575,001,00010,"Temperature, water deg. centigrade",30.1,C3,MAX,Concentration3,deg C,30.1,deg C,31.7,deg C,,08/31/2022
PR0020575,001,00010,"Temperature, water deg. centigrade",30,C3,MAX,Concentration3,deg C,30,deg C,31.7,deg C,,09/30/2022
PR0020575,001,00010,"Temperature, water deg. centigrade",30.1,C3,MAX,Concentration3,deg C,30.1,deg C,31.7,deg C,,10/31/2022
PR0020575,001,00010,"Temperature, water deg. centigrade",28.8,C3,MAX,Concentration3,deg C,28.8,deg C,31.7,deg C,,11/30/2022
PR0020575,001,00010,"Temperature, water deg. centigrade",27.8,C3,MAX,Concentration3,deg C,27.8,deg C,31.7,deg C,,12/31/2022
PR0020575,001,00010,"Temperature, water deg. centigrade",27.7,C3,MAX,Concentration3,deg C,27.7,deg C,31.7,deg C,,01/31/2023
PR0020575,001,00010,"Temperature, water deg. centigrade",27.2,C3,MAX,Concentration3,deg C,27.2,deg C,31.7,deg C,,02/28/2023
PR0020575,001,00010,"Temperature, water deg. centigrade",27.5,C3,MAX,Concentration3,deg C,27.5,deg C,31.7,deg C,,03/31/2023
PR0020575,001,00010,"Temperature, water deg. centigrade",28,C3,MAX,Concentration3,deg C,28,deg C,31.7,deg C,,04/30/2023
PR0020575,001,00010,"Temperature, water deg. centigrade",29.4,C3,MAX,Concentration3,deg C,29.4,deg C,31.7,deg C,,05/31/2023
PR0020575,001,00010,"Temperature, water deg. centigrade",29.9,C3,MAX,Concentration3,deg C,29.9,deg C,31.7,deg C,,06/30/2023
PR0020575,001,00010,"Temperature, water deg. centigrade",29.9,C3,MAX,Concentration3,deg C,29.9,deg C,31.7,deg C,,07/31/2023
PR0020575,001,00010,"Temperature, water deg. centigrade",30,C3,MAX,Concentration3,deg C,30,deg C,31.7,deg C,,08/31/2023
PR0020575,001,00010,"Temperature, water deg. centigrade",30.1,C3,MAX,Concentration3,deg C,30.1,deg C,31.7,deg C,,09/30/2023
PR0020575,001,00010,"Temperature, water deg. centigrade",30.3,C3,MAX,Concentration3,deg C,30.3,deg C,31.7,deg C,,10/31/2023
PR0020575,001,00010,"Temperature, water deg. centigrade",29.5,C3,MAX,Concentration3,deg C,29.5,deg C,31.7,deg C,,11/30/2023
PR0020575,001,00010,"Temperature, water deg. centigrade",28.5,C3,MAX,Concentration3,deg C,28.5,deg C,31.7,deg C,,12/31/2023
PR0020575,001,00010,"Temperature, water deg. centigrade",28.1,C3,MAX,Concentration3,deg C,28.1,deg C,31.7,deg C,,01/31/2024
PR0020575,001,00010,"Temperature, water deg. centigrade",27.7,C3,MAX,Concentration3,deg C,27.7,deg C,31.7,deg C,,02/29/2024
PR0020575,001,00010,"Temperature, water deg. centigrade",28.5,C3,MAX,Concentration3,deg C,28.5,deg C,31.7,deg C,,03/31/2024
PR0020575,001,00010,"Temperature, water deg. centigrade",29.3,C3,MAX,Concentration3,deg C,29.3,deg C,31.7,deg C,,04/30/2024
PR0020575,001,00010,"Temperature, water deg. centigrade",30,C3,MAX,Concentration3,deg C,30,deg C,31.7,deg C,,05/31/2024
PR0020575,001,00010,"Temperature, water deg. centigrade",30.1,C3,MAX,Concentration3,deg C,30.1,deg C,31.7,deg C,,06/30/2024
PR0020575,001,00010,"Temperature, water deg. centigrade",30.2,C3,MAX,Concentration3,deg C,30.2,deg C,31.7,deg C,,07/31/2024
PR0020575,001,00010,"Temperature, water deg. centigrade",30.2,C3,MAX,Concentration3,deg C,30.2,deg C,31.7,deg C,,08/31/2024
PR0020575,001,00010,"Temperature, water deg. centigrade",30.3,C3,MAX,Concentration3,deg C,30.3,deg C,31.7,deg C,,09/30/2024
PR0020575,001,00010,"Temperature, water deg. centigrade",30,C3,MAX,Concentration3,deg C,30,deg C,31.7,deg C,,10/31/2024
PR0020575,001,00010,"Temperature, water deg. centigrade",29.3,C3,MAX,Concentration3,deg C,29.3,deg C,31.7,deg C,,11/30/2024
PR0020575,001,00010,"Temperature, water deg. centigrade",29.2,C3,MAX,Concentration3,deg C,29.2,deg C,31.7,deg C,,12/31/2024
PR0020575,001,00010,"Temperature, water deg. centigrade",27.7,C3,MAX,Concentration3,deg C,27.7,deg C,31.7,deg C,,01/31/2025
PR0020575,001,00010,"Temperature, water deg. centigrade",27.7,C3,MAX,Concentration3,deg C,27.7,deg C,31.7,deg C,,02/28/2025
PR0020575,001,00010,"Temperature, water deg. centigrade",28.8,C3,MAX,Concentration3,deg C,28.8,deg C,31.7,deg C,,03/31/2025
PR0020575,001,00010,"Temperature, water deg. centigrade",29.4,C3,MAX,Concentration3,deg C,29.4,deg C,31.7,deg C,,04/30/2025
PR0020575,001,00010,"Temperature, water deg. centigrade",29.9,C3,MAX,Concentration3,deg C,29.9,deg C,31.7,deg C,,05/31/2025
PR0020575,001,00010,"Temperature, water deg. centigrade",30,C3,MAX,Concentration3,deg C,30,deg C,31.7,deg C,,06/30/2025
PR0020575,001,00010,"Temperature, water deg. centigrade",28.8,C3,MAX,Concentration3,deg C,28.8,deg C,31.7,deg C,,07/31/2025
PR0020575,001,00010,"Temperature, water deg. centigrade",30,C3,MAX,Concentration3,deg C,30,deg C,31.7,deg C,,08/31/2025
PR0020575,001,00010,"Temperature, water deg. centigrade",29.8,C3,MAX,Concentration3,deg C,29.8,deg C,31.7,deg C,,09/30/2025
PR0020575,001,00010,"Temperature, water deg. centigrade",29.9,C3,MAX,Concentration3,deg C,29.9,deg C,31.7,deg C,,10/31/2025
PR0020575,001,00010,"Temperature, water deg. centigrade",29,C3,MAX,Concentration3,deg C,29,deg C,31.7,deg C,,11/30/2025
PR0020575,001,00010,"Temperature, water deg. centigrade",28.4,C3,MAX,Concentration3,deg C,28.4,deg C,31.7,deg C,,12/31/2025
PR0020575,001,00010,"Temperature, water deg. centigrade",27.6,C3,MAX,Concentration3,deg C,27.6,deg C,31.7,deg C,,01/31/2026
PR0020575,001,00070,Turbidity,1.1,C3,MAX,Concentration3,NTU,1.1,NTU,50,NTU,,02/29/2020
PR0020575,001,00070,Turbidity,1.1,C3,MAX,Concentration3,NTU,1.1,NTU,50,NTU,,05/31/2020
PR0020575,001,00070,Turbidity,1.6,C3,MAX,Concentration3,NTU,1.6,NTU,50,NTU,,08/31/2020
PR0020575,001,00070,Turbidity,1.6,C3,MAX,Concentration3,NTU,1.6,NTU,50,NTU,,11/30/2020
PR0020575,001,00070,Turbidity,2.2,C3,MAX,Concentration3,NTU,2.2,NTU,50,NTU,,02/28/2021
PR0020575,001,00070,Turbidity,2.7,C3,MAX,Concentration3,NTU,2.7,NTU,50,NTU,,05/31/2021
PR0020575,001,00070,Turbidity,5.3,C3,MAX,Concentration3,NTU,5.3,NTU,50,NTU,,08/31/2021
PR0020575,001,00070,Turbidity,6.8,C3,MAX,Concentration3,NTU,6.8,NTU,50,NTU,,11/30/2021
PR0020575,001,00070,Turbidity,1.8,C3,MAX,Concentration3,NTU,1.8,NTU,50,NTU,,02/28/2022
PR0020575,001,00070,Turbidity,1.1,C3,MAX,Concentration3,NTU,1.1,NTU,50,NTU,,05/31/2022
PR0020575,001,00070,Turbidity,0.45,C3,MAX,Concentration3,NTU,.45,NTU,50,NTU,,08/31/2022
PR0020575,001,00070,Turbidity,15,C3,MAX,Concentration3,NTU,15,NTU,50,NTU,,11/30/2022
PR0020575,001,00070,Turbidity,1,C3,MAX,Concentration3,NTU,1,NTU,50,NTU,,02/28/2023
PR0020575,001,00070,Turbidity,2.8,C3,MAX,Concentration3,NTU,2.8,NTU,50,NTU,,05/31/2023
PR0020575,001,00070,Turbidity,4.5,C3,MAX,Concentration3,NTU,4.5,NTU,50,NTU,,08/31/2023
PR0020575,001,00070,Turbidity,3.6,C3,MAX,Concentration3,NTU,3.6,NTU,50,NTU,,11/30/2023
PR0020575,001,00070,Turbidity,4.5,C3,MAX,Concentration3,NTU,4.5,NTU,50,NTU,,02/29/2024
PR0020575,001,00070,Turbidity,2.8,C3,MAX,Concentration3,NTU,2.8,NTU,50,NTU,,05/31/2024
PR0020575,001,00070,Turbidity,1.6,C3,MAX,Concentration3,NTU,1.6,NTU,50,NTU,,08/31/2024
PR0020575,001,00070,Turbidity,6.6,C3,MAX,Concentration3,NTU,6.6,NTU,50,NTU,,11/30/2024
PR0020575,001,00070,Turbidity,3.5,C3,MAX,Concentration3,NTU,3.5,NTU,50,NTU,,02/28/2025
PR0020575,001,00070,Turbidity,12,C3,MAX,Concentration3,NTU,12,NTU,50,NTU,,05/31/2025
PR0020575,001,00070,Turbidity,3,C3,MAX,Concentration3,NTU,3,NTU,50,NTU,,08/31/2025
PR0020575,001,00070,Turbidity,3,C3,MAX,Concentration3,NTU,3,NTU,50,NTU,,11/30/2025
PR0020575,001,00070,Turbidity,8.5,C3,MAX,Concentration3,NTU,8.5,NTU,50,NTU,,02/28/2026
PR0020575,001,00080,Color [PT-CO units],15,C3,MAX,Concentration3,col unit (pc),15,col unit (pc),55,col unit (pc),,01/31/2020
PR0020575,001,00080,Color [PT-CO units],30,C3,MAX,Concentration3,col unit (pc),30,col unit (pc),55,col unit (pc),,02/29/2020
PR0020575,001,00080,Color [PT-CO units],20,C3,MAX,Concentration3,col unit (pc),20,col unit (pc),55,col unit (pc),,03/31/2020
PR0020575,001,00080,Color [PT-CO units],20,C3,MAX,Concentration3,col unit (pc),20,col unit (pc),55,col unit (pc),,04/30/2020
PR0020575,001,00080,Color [PT-CO units],30,C3,MAX,Concentration3,col unit (pc),30,col unit (pc),55,col unit (pc),,05/31/2020
PR0020575,001,00080,Color [PT-CO units],20,C3,MAX,Concentration3,col unit (pc),20,col unit (pc),50,col unit (pc),,06/30/2020
PR0020575,001,00080,Color [PT-CO units],5,C3,MAX,Concentration3,col unit (pc),5,col unit (pc),50,col unit (pc),,07/31/2020
PR0020575,001,00080,Color [PT-CO units],15,C3,MAX,Concentration3,col unit (pc),15,col unit (pc),50,col unit (pc),,08/31/2020
PR0020575,001,00080,Color [PT-CO units],20,C3,MAX,Concentration3,col unit (pc),20,col unit (pc),50,col unit (pc),,09/30/2020
PR0020575,001,00080,Color [PT-CO units],15,C3,MAX,Concentration3,col unit (pc),15,col unit (pc),50,col unit (pc),,10/31/2020
PR0020575,001,00080,Color [PT-CO units],20,C3,MAX,Concentration3,col unit (pc),20,col unit (pc),50,col unit (pc),,11/30/2020
PR0020575,001,00080,Color [PT-CO units],15,C3,MAX,Concentration3,col unit (pc),15,col unit (pc),50,col unit (pc),,12/31/2020
PR0020575,001,00080,Color [PT-CO units],20,C3,MAX,Concentration3,col unit (pc),20,col unit (pc),50,col unit (pc),,01/31/2021
PR0020575,001,00080,Color [PT-CO units],30,C3,MAX,Concentration3,col unit (pc),30,col unit (pc),50,col unit (pc),,02/28/2021
PR0020575,001,00080,Color [PT-CO units],10,C3,MAX,Concentration3,col unit (pc),10,col unit (pc),50,col unit (pc),,03/31/2021
PR0020575,001,00080,Color [PT-CO units],10,C3,MAX,Concentration3,col unit (pc),10,col unit (pc),50,col unit (pc),,04/30/2021
PR0020575,001,00080,Color [PT-CO units],40,C3,MAX,Concentration3,col unit (pc),40,col unit (pc),50,col unit (pc),,05/31/2021
PR0020575,001,00080,Color [PT-CO units],30,C3,MAX,Concentration3,col unit (pc),30,col unit (pc),50,col unit (pc),,06/30/2021
PR0020575,001,00080,Color [PT-CO units],15,C3,MAX,Concentration3,col unit (pc),15,col unit (pc),50,col unit (pc),,07/31/2021
PR0020575,001,00080,Color [PT-CO units],15,C3,MAX,Concentration3,col unit (pc),15,col unit (pc),50,col unit (pc),,08/31/2021
PR0020575,001,00080,Color [PT-CO units],40,C3,MAX,Concentration3,col unit (pc),40,col unit (pc),50,col unit (pc),,09/30/2021
PR0020575,001,00080,Color [PT-CO units],15,C3,MAX,Concentration3,col unit (pc),15,col unit (pc),50,col unit (pc),,10/31/2021
PR0020575,001,00080,Color [PT-CO units],20,C3,MAX,Concentration3,col unit (pc),20,col unit (pc),50,col unit (pc),,11/30/2021
PR0020575,001,00080,Color [PT-CO units],10,C3,MAX,Concentration3,col unit (pc),10,col unit (pc),50,col unit (pc),,12/31/2021
PR0020575,001,00080,Color [PT-CO units],15,C3,MAX,Concentration3,col unit (pc),15,col unit (pc),50,col unit (pc),,01/31/2022
PR0020575,001,00080,Color [PT-CO units],15,C3,MAX,Concentration3,col unit (pc),15,col unit (pc),50,col unit (pc),,02/28/2022
PR0020575,001,00080,Color [PT-CO units],15,C3,MAX,Concentration3,col unit (pc),15,col unit (pc),50,col unit (pc),,03/31/2022
PR0020575,001,00080,Color [PT-CO units],20,C3,MAX,Concentration3,col unit (pc),20,col unit (pc),50,col unit (pc),,04/30/2022
PR0020575,001,00080,Color [PT-CO units],10,C3,MAX,Concentration3,col unit (pc),10,col unit (pc),50,col unit (pc),,05/31/2022
PR0020575,001,00080,Color [PT-CO units],20,C3,MAX,Concentration3,col unit (pc),20,col unit (pc),50,col unit (pc),,06/30/2022
PR0020575,001,00080,Color [PT-CO units],15,C3,MAX,Concentration3,col unit (pc),15,col unit (pc),50,col unit (pc),,07/31/2022
PR0020575,001,00080,Color [PT-CO units],30,C3,MAX,Concentration3,col unit (pc),30,col unit (pc),50,col unit (pc),,08/31/2022
PR0020575,001,00080,Color [PT-CO units],20,C3,MAX,Concentration3,col unit (pc),20,col unit (pc),50,col unit (pc),,09/30/2022
PR0020575,001,00080,Color [PT-CO units],15,C3,MAX,Concentration3,col unit (pc),15,col unit (pc),50,col unit (pc),,10/31/2022
PR0020575,001,00080,Color [PT-CO units],15,C3,MAX,Concentration3,col unit (pc),15,col unit (pc),50,col unit (pc),,11/30/2022
PR0020575,001,00080,Color [PT-CO units],15,C3,MAX,Concentration3,col unit (pc),15,col unit (pc),50,col unit (pc),,12/31/2022
PR0020575,001,00080,Color [PT-CO units],30,C3,MAX,Concentration3,col unit (pc),30,col unit (pc),50,col unit (pc),,01/31/2023
PR0020575,001,00080,Color [PT-CO units],5,C3,MAX,Concentration3,col unit (pc),5,col unit (pc),50,col unit (pc),,02/28/2023
PR0020575,001,00080,Color [PT-CO units],20,C3,MAX,Concentration3,col unit (pc),20,col unit (pc),50,col unit (pc),,03/31/2023
PR0020575,001,00080,Color [PT-CO units],15,C3,MAX,Concentration3,col unit (pc),15,col unit (pc),50,col unit (pc),,04/30/2023
PR0020575,001,00080,Color [PT-CO units],10,C3,MAX,Concentration3,col unit (pc),10,col unit (pc),50,col unit (pc),,05/31/2023
PR0020575,001,00080,Color [PT-CO units],15,C3,MAX,Concentration3,col unit (pc),15,col unit (pc),50,col unit (pc),,06/30/2023
PR0020575,001,00080,Color [PT-CO units],10,C3,MAX,Concentration3,col unit (pc),10,col unit (pc),50,col unit (pc),,07/31/2023
PR0020575,001,00080,Color [PT-CO units],15,C3,MAX,Concentration3,col unit (pc),15,col unit (pc),50,col unit (pc),,08/31/2023
PR0020575,001,00080,Color [PT-CO units],20,C3,MAX,Concentration3,col unit (pc),20,col unit (pc),50,col unit (pc),,09/30/2023
PR0020575,001,00080,Color [PT-CO units],15,C3,MAX,Concentration3,col unit (pc),15,col unit (pc),50,col unit (pc),,10/31/2023
PR0020575,001,00080,Color [PT-CO units],10,C3,MAX,Concentration3,col unit (pc),10,col unit (pc),50,col unit (pc),,11/30/2023
PR0020575,001,00080,Color [PT-CO units],10,C3,MAX,Concentration3,col unit (pc),10,col unit (pc),50,col unit (pc),,12/31/2023
PR0020575,001,00080,Color [PT-CO units],15,C3,MAX,Concentration3,col unit (pc),15,col unit (pc),50,col unit (pc),,01/31/2024
PR0020575,001,00080,Color [PT-CO units],15,C3,MAX,Concentration3,col unit (pc),15,col unit (pc),50,col unit (pc),,02/29/2024
PR0020575,001,00080,Color [PT-CO units],15,C3,MAX,Concentration3,col unit (pc),15,col unit (pc),50,col unit (pc),,03/31/2024
PR0020575,001,00080,Color [PT-CO units],20,C3,MAX,Concentration3,col unit (pc),20,col unit (pc),50,col unit (pc),,04/30/2024
PR0020575,001,00080,Color [PT-CO units],15,C3,MAX,Concentration3,col unit (pc),15,col unit (pc),50,col unit (pc),,05/31/2024
PR0020575,001,00080,Color [PT-CO units],15,C3,MAX,Concentration3,col unit (pc),15,col unit (pc),50,col unit (pc),,06/30/2024
PR0020575,001,00080,Color [PT-CO units],15,C3,MAX,Concentration3,col unit (pc),15,col unit (pc),50,col unit (pc),,07/31/2024
PR0020575,001,00080,Color [PT-CO units],30,C3,MAX,Concentration3,col unit (pc),30,col unit (pc),50,col unit (pc),,08/31/2024
PR0020575,001,00080,Color [PT-CO units],15,C3,MAX,Concentration3,col unit (pc),15,col unit (pc),50,col unit (pc),,09/30/2024
PR0020575,001,00080,Color [PT-CO units],5,C3,MAX,Concentration3,col unit (pc),5,col unit (pc),50,col unit (pc),,10/31/2024
PR0020575,001,00080,Color [PT-CO units],10,C3,MAX,Concentration3,col unit (pc),10,col unit (pc),50,col unit (pc),,11/30/2024
PR0020575,001,00080,Color [PT-CO units],20,C3,MAX,Concentration3,col unit (pc),20,col unit (pc),50,col unit (pc),,12/31/2024
PR0020575,001,00080,Color [PT-CO units],15,C3,MAX,Concentration3,col unit (pc),15,col unit (pc),50,col unit (pc),,01/31/2025
PR0020575,001,00080,Color [PT-CO units],15,C3,MAX,Concentration3,col unit (pc),15,col unit (pc),50,col unit (pc),,02/28/2025
PR0020575,001,00080,Color [PT-CO units],15,C3,MAX,Concentration3,col unit (pc),15,col unit (pc),50,col unit (pc),,03/31/2025
PR0020575,001,00080,Color [PT-CO units],10,C3,MAX,Concentration3,col unit (pc),10,col unit (pc),50,col unit (pc),,04/30/2025
PR0020575,001,00080,Color [PT-CO units],30,C3,MAX,Concentration3,col unit (pc),30,col unit (pc),50,col unit (pc),,05/31/2025
PR0020575,001,00080,Color [PT-CO units],10,C3,MAX,Concentration3,col unit (pc),10,col unit (pc),50,col unit (pc),,06/30/2025
PR0020575,001,00080,Color [PT-CO units],20,C3,MAX,Concentration3,col unit (pc),20,col unit (pc),50,col unit (pc),,07/31/2025
PR0020575,001,00080,Color [PT-CO units],15,C3,MAX,Concentration3,col unit (pc),15,col unit (pc),50,col unit (pc),,08/31/2025
PR0020575,001,00080,Color [PT-CO units],15,C3,MAX,Concentration3,col unit (pc),15,col unit (pc),50,col unit (pc),,09/30/2025
PR0020575,001,00080,Color [PT-CO units],15,C3,MAX,Concentration3,col unit (pc),15,col unit (pc),50,col unit (pc),,10/31/2025
PR0020575,001,00080,Color [PT-CO units],20,C3,MAX,Concentration3,col unit (pc),20,col unit (pc),50,col unit (pc),,11/30/2025
PR0020575,001,00080,Color [PT-CO units],5,C3,MAX,Concentration3,col unit (pc),5,col unit (pc),50,col unit (pc),,12/31/2025
PR0020575,001,00080,Color [PT-CO units],30,C3,MAX,Concentration3,col unit (pc),30,col unit (pc),50,col unit (pc),,01/31/2026
PR0020575,001,00300,"Oxygen, dissolved [DO]",7.4,C1,MIN,Concentration1,mg/L,7.4,mg/L,5,mg/L,,01/31/2020
PR0020575,001,00300,"Oxygen, dissolved [DO]",7.7,C1,MIN,Concentration1,mg/L,7.7,mg/L,5,mg/L,,02/29/2020
PR0020575,001,00300,"Oxygen, dissolved [DO]",7.3,C1,MIN,Concentration1,mg/L,7.3,mg/L,5,mg/L,,03/31/2020
PR0020575,001,00300,"Oxygen, dissolved [DO]",7.44,C1,MIN,Concentration1,mg/L,7.44,mg/L,5,mg/L,,04/30/2020
PR0020575,001,00300,"Oxygen, dissolved [DO]",7.41,C1,MIN,Concentration1,mg/L,7.41,mg/L,5,mg/L,,05/31/2020
PR0020575,001,00300,"Oxygen, dissolved [DO]",7.4,C1,MIN,Concentration1,mg/L,7.4,mg/L,5,mg/L,,06/30/2020
PR0020575,001,00300,"Oxygen, dissolved [DO]",6.9,C1,MIN,Concentration1,mg/L,6.9,mg/L,5,mg/L,,07/31/2020
PR0020575,001,00300,"Oxygen, dissolved [DO]",6.4,C1,MIN,Concentration1,mg/L,6.4,mg/L,5,mg/L,,08/31/2020
PR0020575,001,00300,"Oxygen, dissolved [DO]",7.1,C1,MIN,Concentration1,mg/L,7.1,mg/L,5,mg/L,,09/30/2020
PR0020575,001,00300,"Oxygen, dissolved [DO]",7.3,C1,MIN,Concentration1,mg/L,7.3,mg/L,5,mg/L,,10/31/2020
PR0020575,001,00300,"Oxygen, dissolved [DO]",7.1,C1,MIN,Concentration1,mg/L,7.1,mg/L,5,mg/L,,11/30/2020
PR0020575,001,00300,"Oxygen, dissolved [DO]",7.3,C1,MIN,Concentration1,mg/L,7.3,mg/L,5,mg/L,,12/31/2020
PR0020575,001,00300,"Oxygen, dissolved [DO]",6.7,C1,MIN,Concentration1,mg/L,6.7,mg/L,5,mg/L,,01/31/2021
PR0020575,001,00300,"Oxygen, dissolved [DO]",6.8,C1,MIN,Concentration1,mg/L,6.8,mg/L,5,mg/L,,02/28/2021
PR0020575,001,00300,"Oxygen, dissolved [DO]",7.08,C1,MIN,Concentration1,mg/L,7.08,mg/L,5,mg/L,,03/31/2021
PR0020575,001,00300,"Oxygen, dissolved [DO]",7.1,C1,MIN,Concentration1,mg/L,7.1,mg/L,5,mg/L,,04/30/2021
PR0020575,001,00300,"Oxygen, dissolved [DO]",6.9,C1,MIN,Concentration1,mg/L,6.9,mg/L,5,mg/L,,05/31/2021
PR0020575,001,00300,"Oxygen, dissolved [DO]",6.9,C1,MIN,Concentration1,mg/L,6.9,mg/L,5,mg/L,,06/30/2021
PR0020575,001,00300,"Oxygen, dissolved [DO]",7.1,C1,MIN,Concentration1,mg/L,7.1,mg/L,5,mg/L,,07/31/2021
PR0020575,001,00300,"Oxygen, dissolved [DO]",6.8,C1,MIN,Concentration1,mg/L,6.8,mg/L,5,mg/L,,08/31/2021
PR0020575,001,00300,"Oxygen, dissolved [DO]",7.3,C1,MIN,Concentration1,mg/L,7.3,mg/L,5,mg/L,,09/30/2021
PR0020575,001,00300,"Oxygen, dissolved [DO]",7.2,C1,MIN,Concentration1,mg/L,7.2,mg/L,5,mg/L,,10/31/2021
PR0020575,001,00300,"Oxygen, dissolved [DO]",6.7,C1,MIN,Concentration1,mg/L,6.7,mg/L,5,mg/L,,11/30/2021
PR0020575,001,00300,"Oxygen, dissolved [DO]",7.9,C1,MIN,Concentration1,mg/L,7.9,mg/L,5,mg/L,,12/31/2021
PR0020575,001,00300,"Oxygen, dissolved [DO]",7.3,C1,MIN,Concentration1,mg/L,7.3,mg/L,5,mg/L,,01/31/2022
PR0020575,001,00300,"Oxygen, dissolved [DO]",6.1,C1,MIN,Concentration1,mg/L,6.1,mg/L,5,mg/L,,02/28/2022
PR0020575,001,00300,"Oxygen, dissolved [DO]",7,C1,MIN,Concentration1,mg/L,7,mg/L,5,mg/L,,03/31/2022
PR0020575,001,00300,"Oxygen, dissolved [DO]",3.9,C1,MIN,Concentration1,mg/L,3.9,mg/L,5,mg/L,,04/30/2022
PR0020575,001,00300,"Oxygen, dissolved [DO]",7,C1,MIN,Concentration1,mg/L,7,mg/L,5,mg/L,,05/31/2022
PR0020575,001,00300,"Oxygen, dissolved [DO]",7.1,C1,MIN,Concentration1,mg/L,7.1,mg/L,5,mg/L,,06/30/2022
PR0020575,001,00300,"Oxygen, dissolved [DO]",6.7,C1,MIN,Concentration1,mg/L,6.7,mg/L,5,mg/L,,07/31/2022
PR0020575,001,00300,"Oxygen, dissolved [DO]",6.8,C1,MIN,Concentration1,mg/L,6.8,mg/L,5,mg/L,,08/31/2022
PR0020575,001,00300,"Oxygen, dissolved [DO]",6.5,C1,MIN,Concentration1,mg/L,6.5,mg/L,5,mg/L,,09/30/2022
PR0020575,001,00300,"Oxygen, dissolved [DO]",6.4,C1,MIN,Concentration1,mg/L,6.4,mg/L,5,mg/L,,10/31/2022
PR0020575,001,00300,"Oxygen, dissolved [DO]",6.7,C1,MIN,Concentration1,mg/L,6.7,mg/L,5,mg/L,,11/30/2022
PR0020575,001,00300,"Oxygen, dissolved [DO]",7.4,C1,MIN,Concentration1,mg/L,7.4,mg/L,5,mg/L,,12/31/2022
PR0020575,001,00300,"Oxygen, dissolved [DO]",7.4,C1,MIN,Concentration1,mg/L,7.4,mg/L,5,mg/L,,01/31/2023
PR0020575,001,00300,"Oxygen, dissolved [DO]",6.9,C1,MIN,Concentration1,mg/L,6.9,mg/L,5,mg/L,,02/28/2023
PR0020575,001,00300,"Oxygen, dissolved [DO]",7.5,C1,MIN,Concentration1,mg/L,7.5,mg/L,5,mg/L,,03/31/2023
PR0020575,001,00300,"Oxygen, dissolved [DO]",7.2,C1,MIN,Concentration1,mg/L,7.2,mg/L,5,mg/L,,04/30/2023
PR0020575,001,00300,"Oxygen, dissolved [DO]",7.8,C1,MIN,Concentration1,mg/L,7.8,mg/L,5,mg/L,,05/31/2023
PR0020575,001,00300,"Oxygen, dissolved [DO]",7.2,C1,MIN,Concentration1,mg/L,7.2,mg/L,5,mg/L,,06/30/2023
PR0020575,001,00300,"Oxygen, dissolved [DO]",7.1,C1,MIN,Concentration1,mg/L,7.1,mg/L,5,mg/L,,07/31/2023
PR0020575,001,00300,"Oxygen, dissolved [DO]",6.8,C1,MIN,Concentration1,mg/L,6.8,mg/L,5,mg/L,,08/31/2023
PR0020575,001,00300,"Oxygen, dissolved [DO]",7,C1,MIN,Concentration1,mg/L,7,mg/L,5,mg/L,,09/30/2023
PR0020575,001,00300,"Oxygen, dissolved [DO]",7.1,C1,MIN,Concentration1,mg/L,7.1,mg/L,5,mg/L,,10/31/2023
PR0020575,001,00300,"Oxygen, dissolved [DO]",7.1,C1,MIN,Concentration1,mg/L,7.1,mg/L,5,mg/L,,11/30/2023
PR0020575,001,00300,"Oxygen, dissolved [DO]",7.3,C1,MIN,Concentration1,mg/L,7.3,mg/L,5,mg/L,,12/31/2023
PR0020575,001,00300,"Oxygen, dissolved [DO]",7.4,C1,MIN,Concentration1,mg/L,7.4,mg/L,5,mg/L,,01/31/2024
PR0020575,001,00300,"Oxygen, dissolved [DO]",7,C1,MIN,Concentration1,mg/L,7,mg/L,5,mg/L,,02/29/2024
PR0020575,001,00300,"Oxygen, dissolved [DO]",7.3,C1,MIN,Concentration1,mg/L,7.3,mg/L,5,mg/L,,03/31/2024
PR0020575,001,00300,"Oxygen, dissolved [DO]",6.9,C1,MIN,Concentration1,mg/L,6.9,mg/L,5,mg/L,,04/30/2024
PR0020575,001,00300,"Oxygen, dissolved [DO]",7.4,C1,MIN,Concentration1,mg/L,7.4,mg/L,5,mg/L,,05/31/2024
PR0020575,001,00300,"Oxygen, dissolved [DO]",7.4,C1,MIN,Concentration1,mg/L,7.4,mg/L,5,mg/L,,06/30/2024
PR0020575,001,00300,"Oxygen, dissolved [DO]",7,C1,MIN,Concentration1,mg/L,7,mg/L,5,mg/L,,07/31/2024
PR0020575,001,00300,"Oxygen, dissolved [DO]",7,C1,MIN,Concentration1,mg/L,7,mg/L,5,mg/L,,08/31/2024
PR0020575,001,00300,"Oxygen, dissolved [DO]",7.1,C1,MIN,Concentration1,mg/L,7.1,mg/L,5,mg/L,,09/30/2024
PR0020575,001,00300,"Oxygen, dissolved [DO]",6.7,C1,MIN,Concentration1,mg/L,6.7,mg/L,5,mg/L,,10/31/2024
PR0020575,001,00300,"Oxygen, dissolved [DO]",6.9,C1,MIN,Concentration1,mg/L,6.9,mg/L,5,mg/L,,11/30/2024
PR0020575,001,00300,"Oxygen, dissolved [DO]",6.3,C1,MIN,Concentration1,mg/L,6.3,mg/L,5,mg/L,,12/31/2024
PR0020575,001,00300,"Oxygen, dissolved [DO]",7.5,C1,MIN,Concentration1,mg/L,7.5,mg/L,5,mg/L,,01/31/2025
PR0020575,001,00300,"Oxygen, dissolved [DO]",7.5,C1,MIN,Concentration1,mg/L,7.5,mg/L,5,mg/L,,02/28/2025
PR0020575,001,00300,"Oxygen, dissolved [DO]",7.3,C1,MIN,Concentration1,mg/L,7.3,mg/L,5,mg/L,,03/31/2025
PR0020575,001,00300,"Oxygen, dissolved [DO]",7.1,C1,MIN,Concentration1,mg/L,7.1,mg/L,5,mg/L,,04/30/2025
PR0020575,001,00300,"Oxygen, dissolved [DO]",6.7,C1,MIN,Concentration1,mg/L,6.7,mg/L,5,mg/L,,05/31/2025
PR0020575,001,00300,"Oxygen, dissolved [DO]",7,C1,MIN,Concentration1,mg/L,7,mg/L,5,mg/L,,06/30/2025
PR0020575,001,00300,"Oxygen, dissolved [DO]",7,C1,MIN,Concentration1,mg/L,7,mg/L,5,mg/L,,07/31/2025
PR0020575,001,00300,"Oxygen, dissolved [DO]",7,C1,MIN,Concentration1,mg/L,7,mg/L,5,mg/L,,08/31/2025
PR0020575,001,00300,"Oxygen, dissolved [DO]",8,C1,MIN,Concentration1,mg/L,8,mg/L,5,mg/L,,09/30/2025
PR0020575,001,00300,"Oxygen, dissolved [DO]",7,C1,MIN,Concentration1,mg/L,7,mg/L,5,mg/L,,10/31/2025
PR0020575,001,00300,"Oxygen, dissolved [DO]",7,C1,MIN,Concentration1,mg/L,7,mg/L,5,mg/L,,11/30/2025
PR0020575,001,00300,"Oxygen, dissolved [DO]",6,C1,MIN,Concentration1,mg/L,6,mg/L,5,mg/L,,12/31/2025
PR0020575,001,00300,"Oxygen, dissolved [DO]",7,C1,MIN,Concentration1,mg/L,7,mg/L,5,mg/L,,01/31/2026
PR0020575,001,00310,"BOD, 5-day, 20 deg. C",5,Q2,AVG,Quantity2,kg/d,5,kg/d,204,kg/d,,01/31/2020
PR0020575,001,00310,"BOD, 5-day, 20 deg. C",4,Q1,AVG,Quantity1,kg/d,4,kg/d,109,kg/d,,01/31/2020
PR0020575,001,00310,"BOD, 5-day, 20 deg. C",1,C2,AVG,Concentration2,mg/L,1,mg/L,24.3,mg/L,,01/31/2020
PR0020575,001,00310,"BOD, 5-day, 20 deg. C",2,C3,AVG,Concentration3,mg/L,2,mg/L,45,mg/L,,01/31/2020
PR0020575,001,00310,"BOD, 5-day, 20 deg. C",4,Q1,AVG,Quantity1,kg/d,4,kg/d,109,kg/d,,02/29/2020
PR0020575,001,00310,"BOD, 5-day, 20 deg. C",2,C2,AVG,Concentration2,mg/L,2,mg/L,24.3,mg/L,,02/29/2020
PR0020575,001,00310,"BOD, 5-day, 20 deg. C",2,C3,AVG,Concentration3,mg/L,2,mg/L,45,mg/L,,02/29/2020
PR0020575,001,00310,"BOD, 5-day, 20 deg. C",5,Q2,AVG,Quantity2,kg/d,5,kg/d,204,kg/d,,02/29/2020
PR0020575,001,00310,"BOD, 5-day, 20 deg. C",2,C2,AVG,Concentration2,mg/L,2,mg/L,24.3,mg/L,,03/31/2020
PR0020575,001,00310,"BOD, 5-day, 20 deg. C",3,C3,AVG,Concentration3,mg/L,3,mg/L,45,mg/L,,03/31/2020
PR0020575,001,00310,"BOD, 5-day, 20 deg. C",6,Q1,AVG,Quantity1,kg/d,6,kg/d,109,kg/d,,03/31/2020
PR0020575,001,00310,"BOD, 5-day, 20 deg. C",7,Q2,AVG,Quantity2,kg/d,7,kg/d,204,kg/d,,03/31/2020
PR0020575,001,00310,"BOD, 5-day, 20 deg. C",10,Q2,AVG,Quantity2,kg/d,10,kg/d,204,kg/d,,04/30/2020
PR0020575,001,00310,"BOD, 5-day, 20 deg. C",4,C3,AVG,Concentration3,mg/L,4,mg/L,45,mg/L,,04/30/2020
PR0020575,001,00310,"BOD, 5-day, 20 deg. C",2,C2,AVG,Concentration2,mg/L,2,mg/L,24.3,mg/L,,04/30/2020
PR0020575,001,00310,"BOD, 5-day, 20 deg. C",5,Q1,AVG,Quantity1,kg/d,5,kg/d,109,kg/d,,04/30/2020
PR0020575,001,00310,"BOD, 5-day, 20 deg. C",5,C2,AVG,Concentration2,mg/L,5,mg/L,24.3,mg/L,,05/31/2020
PR0020575,001,00310,"BOD, 5-day, 20 deg. C",12,C3,AVG,Concentration3,mg/L,12,mg/L,45,mg/L,,05/31/2020
PR0020575,001,00310,"BOD, 5-day, 20 deg. C",10,Q1,AVG,Quantity1,kg/d,10,kg/d,109,kg/d,,05/31/2020
PR0020575,001,00310,"BOD, 5-day, 20 deg. C",25,Q2,AVG,Quantity2,kg/d,25,kg/d,204,kg/d,,05/31/2020
PR0020575,001,00310,"BOD, 5-day, 20 deg. C",3,C2,AVG,Concentration2,mg/L,3,mg/L,30,mg/L,,06/30/2020
PR0020575,001,00310,"BOD, 5-day, 20 deg. C",4,C3,AVG,Concentration3,mg/L,4,mg/L,45,mg/L,,06/30/2020
PR0020575,001,00310,"BOD, 5-day, 20 deg. C",7,Q1,AVG,Quantity1,kg/d,7,kg/d,136,kg/d,,06/30/2020
PR0020575,001,00310,"BOD, 5-day, 20 deg. C",11,Q2,AVG,Quantity2,kg/d,11,kg/d,204,kg/d,,06/30/2020
PR0020575,001,00310,"BOD, 5-day, 20 deg. C",13,Q1,AVG,Quantity1,kg/d,13,kg/d,136,kg/d,,07/31/2020
PR0020575,001,00310,"BOD, 5-day, 20 deg. C",32,Q2,AVG,Quantity2,kg/d,32,kg/d,204,kg/d,,07/31/2020
PR0020575,001,00310,"BOD, 5-day, 20 deg. C",4,C2,AVG,Concentration2,mg/L,4,mg/L,30,mg/L,,07/31/2020
PR0020575,001,00310,"BOD, 5-day, 20 deg. C",11,C3,AVG,Concentration3,mg/L,11,mg/L,45,mg/L,,07/31/2020
PR0020575,001,00310,"BOD, 5-day, 20 deg. C",4,C2,AVG,Concentration2,mg/L,4,mg/L,30,mg/L,,08/31/2020
PR0020575,001,00310,"BOD, 5-day, 20 deg. C",6,C3,AVG,Concentration3,mg/L,6,mg/L,45,mg/L,,08/31/2020
PR0020575,001,00310,"BOD, 5-day, 20 deg. C",12,Q1,AVG,Quantity1,kg/d,12,kg/d,136,kg/d,,08/31/2020
PR0020575,001,00310,"BOD, 5-day, 20 deg. C",17,Q2,AVG,Quantity2,kg/d,17,kg/d,204,kg/d,,08/31/2020
PR0020575,001,00310,"BOD, 5-day, 20 deg. C",42,C3,AVG,Concentration3,mg/L,42,mg/L,45,mg/L,,09/30/2020
PR0020575,001,00310,"BOD, 5-day, 20 deg. C",10,C2,AVG,Concentration2,mg/L,10,mg/L,30,mg/L,,09/30/2020
PR0020575,001,00310,"BOD, 5-day, 20 deg. C",116,Q2,AVG,Quantity2,kg/d,116,kg/d,204,kg/d,,09/30/2020
PR0020575,001,00310,"BOD, 5-day, 20 deg. C",28,Q1,AVG,Quantity1,kg/d,28,kg/d,136,kg/d,,09/30/2020
PR0020575,001,00310,"BOD, 5-day, 20 deg. C",12,Q1,AVG,Quantity1,kg/d,12,kg/d,136,kg/d,,10/31/2020
PR0020575,001,00310,"BOD, 5-day, 20 deg. C",7,C3,AVG,Concentration3,mg/L,7,mg/L,45,mg/L,,10/31/2020
PR0020575,001,00310,"BOD, 5-day, 20 deg. C",29,Q2,AVG,Quantity2,kg/d,29,kg/d,204,kg/d,,10/31/2020
PR0020575,001,00310,"BOD, 5-day, 20 deg. C",3,C2,AVG,Concentration2,mg/L,3,mg/L,30,mg/L,,10/31/2020
PR0020575,001,00310,"BOD, 5-day, 20 deg. C",13,Q2,AVG,Quantity2,kg/d,13,kg/d,204,kg/d,,11/30/2020
PR0020575,001,00310,"BOD, 5-day, 20 deg. C",3,C3,AVG,Concentration3,mg/L,3,mg/L,45,mg/L,,11/30/2020
PR0020575,001,00310,"BOD, 5-day, 20 deg. C",2,C2,AVG,Concentration2,mg/L,2,mg/L,30,mg/L,,11/30/2020
PR0020575,001,00310,"BOD, 5-day, 20 deg. C",9,Q1,AVG,Quantity1,kg/d,9,kg/d,136,kg/d,,11/30/2020
PR0020575,001,00310,"BOD, 5-day, 20 deg. C",8,Q1,AVG,Quantity1,kg/d,8,kg/d,136,kg/d,,12/31/2020
PR0020575,001,00310,"BOD, 5-day, 20 deg. C",15,Q2,AVG,Quantity2,kg/d,15,kg/d,204,kg/d,,12/31/2020
PR0020575,001,00310,"BOD, 5-day, 20 deg. C",7,C3,AVG,Concentration3,mg/L,7,mg/L,45,mg/L,,12/31/2020
PR0020575,001,00310,"BOD, 5-day, 20 deg. C",3,C2,AVG,Concentration2,mg/L,3,mg/L,30,mg/L,,12/31/2020
PR0020575,001,00310,"BOD, 5-day, 20 deg. C",6,Q1,AVG,Quantity1,kg/d,6,kg/d,136,kg/d,,01/31/2021
PR0020575,001,00310,"BOD, 5-day, 20 deg. C",3,C3,AVG,Concentration3,mg/L,3,mg/L,45,mg/L,,01/31/2021
PR0020575,001,00310,"BOD, 5-day, 20 deg. C",2,C2,AVG,Concentration2,mg/L,2,mg/L,30,mg/L,,01/31/2021
PR0020575,001,00310,"BOD, 5-day, 20 deg. C",8,Q2,AVG,Quantity2,kg/d,8,kg/d,204,kg/d,,01/31/2021
PR0020575,001,00310,"BOD, 5-day, 20 deg. C",13,Q1,AVG,Quantity1,kg/d,13,kg/d,136,kg/d,,02/28/2021
PR0020575,001,00310,"BOD, 5-day, 20 deg. C",34,Q2,AVG,Quantity2,kg/d,34,kg/d,204,kg/d,,02/28/2021
PR0020575,001,00310,"BOD, 5-day, 20 deg. C",6,C2,AVG,Concentration2,mg/L,6,mg/L,30,mg/L,,02/28/2021
PR0020575,001,00310,"BOD, 5-day, 20 deg. C",15,C3,AVG,Concentration3,mg/L,15,mg/L,45,mg/L,,02/28/2021
PR0020575,001,00310,"BOD, 5-day, 20 deg. C",8,C3,AVG,Concentration3,mg/L,8,mg/L,45,mg/L,,03/31/2021
PR0020575,001,00310,"BOD, 5-day, 20 deg. C",4,C2,AVG,Concentration2,mg/L,4,mg/L,30,mg/L,,03/31/2021
PR0020575,001,00310,"BOD, 5-day, 20 deg. C",11,Q1,AVG,Quantity1,kg/d,11,kg/d,136,kg/d,,03/31/2021
PR0020575,001,00310,"BOD, 5-day, 20 deg. C",23,Q2,AVG,Quantity2,kg/d,23,kg/d,204,kg/d,,03/31/2021
PR0020575,001,00310,"BOD, 5-day, 20 deg. C",4,C3,AVG,Concentration3,mg/L,4,mg/L,45,mg/L,,04/30/2021
PR0020575,001,00310,"BOD, 5-day, 20 deg. C",31,Q1,AVG,Quantity1,kg/d,31,kg/d,136,kg/d,,04/30/2021
PR0020575,001,00310,"BOD, 5-day, 20 deg. C",100,Q2,AVG,Quantity2,kg/d,100,kg/d,204,kg/d,,04/30/2021
PR0020575,001,00310,"BOD, 5-day, 20 deg. C",3,C2,AVG,Concentration2,mg/L,3,mg/L,30,mg/L,,04/30/2021
PR0020575,001,00310,"BOD, 5-day, 20 deg. C",11,Q1,AVG,Quantity1,kg/d,11,kg/d,136,kg/d,,05/31/2021
PR0020575,001,00310,"BOD, 5-day, 20 deg. C",6,C3,AVG,Concentration3,mg/L,6,mg/L,45,mg/L,,05/31/2021
PR0020575,001,00310,"BOD, 5-day, 20 deg. C",5,C2,AVG,Concentration2,mg/L,5,mg/L,30,mg/L,,05/31/2021
PR0020575,001,00310,"BOD, 5-day, 20 deg. C",16,Q2,AVG,Quantity2,kg/d,16,kg/d,204,kg/d,,05/31/2021
PR0020575,001,00310,"BOD, 5-day, 20 deg. C",18,C3,AVG,Concentration3,mg/L,18,mg/L,45,mg/L,,06/30/2021
PR0020575,001,00310,"BOD, 5-day, 20 deg. C",27,Q1,AVG,Quantity1,kg/d,27,kg/d,136,kg/d,,06/30/2021
PR0020575,001,00310,"BOD, 5-day, 20 deg. C",55,Q2,AVG,Quantity2,kg/d,55,kg/d,204,kg/d,,06/30/2021
PR0020575,001,00310,"BOD, 5-day, 20 deg. C",9,C2,AVG,Concentration2,mg/L,9,mg/L,30,mg/L,,06/30/2021
PR0020575,001,00310,"BOD, 5-day, 20 deg. C",14,C3,AVG,Concentration3,mg/L,14,mg/L,45,mg/L,,07/31/2021
PR0020575,001,00310,"BOD, 5-day, 20 deg. C",12,C2,AVG,Concentration2,mg/L,12,mg/L,30,mg/L,,07/31/2021
PR0020575,001,00310,"BOD, 5-day, 20 deg. C",36,Q1,AVG,Quantity1,kg/d,36,kg/d,136,kg/d,,07/31/2021
PR0020575,001,00310,"BOD, 5-day, 20 deg. C",43,Q2,AVG,Quantity2,kg/d,43,kg/d,204,kg/d,,07/31/2021
PR0020575,001,00310,"BOD, 5-day, 20 deg. C",33,Q2,AVG,Quantity2,kg/d,33,kg/d,204,kg/d,,08/31/2021
PR0020575,001,00310,"BOD, 5-day, 20 deg. C",23,Q1,AVG,Quantity1,kg/d,23,kg/d,136,kg/d,,08/31/2021
PR0020575,001,00310,"BOD, 5-day, 20 deg. C",14,C3,AVG,Concentration3,mg/L,14,mg/L,45,mg/L,,08/31/2021
PR0020575,001,00310,"BOD, 5-day, 20 deg. C",8,C2,AVG,Concentration2,mg/L,8,mg/L,30,mg/L,,08/31/2021
PR0020575,001,00310,"BOD, 5-day, 20 deg. C",8,C3,AVG,Concentration3,mg/L,8,mg/L,45,mg/L,,09/30/2021
PR0020575,001,00310,"BOD, 5-day, 20 deg. C",7,C2,AVG,Concentration2,mg/L,7,mg/L,30,mg/L,,09/30/2021
PR0020575,001,00310,"BOD, 5-day, 20 deg. C",19,Q1,AVG,Quantity1,kg/d,19,kg/d,136,kg/d,,09/30/2021
PR0020575,001,00310,"BOD, 5-day, 20 deg. C",26,Q2,AVG,Quantity2,kg/d,26,kg/d,204,kg/d,,09/30/2021
PR0020575,001,00310,"BOD, 5-day, 20 deg. C",3,C2,AVG,Concentration2,mg/L,3,mg/L,30,mg/L,,10/31/2021
PR0020575,001,00310,"BOD, 5-day, 20 deg. C",5,C3,AVG,Concentration3,mg/L,5,mg/L,45,mg/L,,10/31/2021
PR0020575,001,00310,"BOD, 5-day, 20 deg. C",19,Q2,AVG,Quantity2,kg/d,19,kg/d,204,kg/d,,10/31/2021
PR0020575,001,00310,"BOD, 5-day, 20 deg. C",10,Q1,AVG,Quantity1,kg/d,10,kg/d,136,kg/d,,10/31/2021
PR0020575,001,00310,"BOD, 5-day, 20 deg. C",3,C2,AVG,Concentration2,mg/L,3,mg/L,30,mg/L,,11/30/2021
PR0020575,001,00310,"BOD, 5-day, 20 deg. C",4,C3,AVG,Concentration3,mg/L,4,mg/L,45,mg/L,,11/30/2021
PR0020575,001,00310,"BOD, 5-day, 20 deg. C",12,Q2,AVG,Quantity2,kg/d,12,kg/d,204,kg/d,,11/30/2021
PR0020575,001,00310,"BOD, 5-day, 20 deg. C",9,Q1,AVG,Quantity1,kg/d,9,kg/d,136,kg/d,,11/30/2021
PR0020575,001,00310,"BOD, 5-day, 20 deg. C",38,Q2,AVG,Quantity2,kg/d,38,kg/d,204,kg/d,,12/31/2021
PR0020575,001,00310,"BOD, 5-day, 20 deg. C",19,Q1,AVG,Quantity1,kg/d,19,kg/d,136,kg/d,,12/31/2021
PR0020575,001,00310,"BOD, 5-day, 20 deg. C",5,C2,AVG,Concentration2,mg/L,5,mg/L,30,mg/L,,12/31/2021
PR0020575,001,00310,"BOD, 5-day, 20 deg. C",8,C3,AVG,Concentration3,mg/L,8,mg/L,45,mg/L,,12/31/2021
PR0020575,001,00310,"BOD, 5-day, 20 deg. C",6,C3,AVG,Concentration3,mg/L,6,mg/L,45,mg/L,,01/31/2022
PR0020575,001,00310,"BOD, 5-day, 20 deg. C",4,C2,AVG,Concentration2,mg/L,4,mg/L,30,mg/L,,01/31/2022
PR0020575,001,00310,"BOD, 5-day, 20 deg. C",10,Q1,AVG,Quantity1,kg/d,10,kg/d,136,kg/d,,01/31/2022
PR0020575,001,00310,"BOD, 5-day, 20 deg. C",16,Q2,AVG,Quantity2,kg/d,16,kg/d,204,kg/d,,01/31/2022
PR0020575,001,00310,"BOD, 5-day, 20 deg. C",20,Q2,AVG,Quantity2,kg/d,20,kg/d,204,kg/d,,02/28/2022
PR0020575,001,00310,"BOD, 5-day, 20 deg. C",9,Q1,AVG,Quantity1,kg/d,9,kg/d,136,kg/d,,02/28/2022
PR0020575,001,00310,"BOD, 5-day, 20 deg. C",4,C2,AVG,Concentration2,mg/L,4,mg/L,30,mg/L,,02/28/2022
PR0020575,001,00310,"BOD, 5-day, 20 deg. C",10,C3,AVG,Concentration3,mg/L,10,mg/L,45,mg/L,,02/28/2022
PR0020575,001,00310,"BOD, 5-day, 20 deg. C",5,C3,AVG,Concentration3,mg/L,5,mg/L,45,mg/L,,03/31/2022
PR0020575,001,00310,"BOD, 5-day, 20 deg. C",4,C2,AVG,Concentration2,mg/L,4,mg/L,30,mg/L,,03/31/2022
PR0020575,001,00310,"BOD, 5-day, 20 deg. C",12,Q1,AVG,Quantity1,kg/d,12,kg/d,136,kg/d,,03/31/2022
PR0020575,001,00310,"BOD, 5-day, 20 deg. C",15,Q2,AVG,Quantity2,kg/d,15,kg/d,204,kg/d,,03/31/2022
PR0020575,001,00310,"BOD, 5-day, 20 deg. C",33,Q2,AVG,Quantity2,kg/d,33,kg/d,204,kg/d,,04/30/2022
PR0020575,001,00310,"BOD, 5-day, 20 deg. C",13,Q1,AVG,Quantity1,kg/d,13,kg/d,136,kg/d,,04/30/2022
PR0020575,001,00310,"BOD, 5-day, 20 deg. C",10,C3,AVG,Concentration3,mg/L,10,mg/L,45,mg/L,,04/30/2022
PR0020575,001,00310,"BOD, 5-day, 20 deg. C",4,C2,AVG,Concentration2,mg/L,4,mg/L,30,mg/L,,04/30/2022
PR0020575,001,00310,"BOD, 5-day, 20 deg. C",10,Q1,AVG,Quantity1,kg/d,10,kg/d,136,kg/d,,05/31/2022
PR0020575,001,00310,"BOD, 5-day, 20 deg. C",4,C2,AVG,Concentration2,mg/L,4,mg/L,30,mg/L,,05/31/2022
PR0020575,001,00310,"BOD, 5-day, 20 deg. C",6,C3,AVG,Concentration3,mg/L,6,mg/L,45,mg/L,,05/31/2022
PR0020575,001,00310,"BOD, 5-day, 20 deg. C",15,Q2,AVG,Quantity2,kg/d,15,kg/d,204,kg/d,,05/31/2022
PR0020575,001,00310,"BOD, 5-day, 20 deg. C",17,Q1,AVG,Quantity1,kg/d,17,kg/d,136,kg/d,,06/30/2022
PR0020575,001,00310,"BOD, 5-day, 20 deg. C",43,Q2,AVG,Quantity2,kg/d,43,kg/d,204,kg/d,,06/30/2022
PR0020575,001,00310,"BOD, 5-day, 20 deg. C",15,C3,AVG,Concentration3,mg/L,15,mg/L,45,mg/L,,06/30/2022
PR0020575,001,00310,"BOD, 5-day, 20 deg. C",6,C2,AVG,Concentration2,mg/L,6,mg/L,30,mg/L,,06/30/2022
PR0020575,001,00310,"BOD, 5-day, 20 deg. C",26,C2,AVG,Concentration2,mg/L,26,mg/L,30,mg/L,,07/31/2022
PR0020575,001,00310,"BOD, 5-day, 20 deg. C",78,C3,AVG,Concentration3,mg/L,78,mg/L,45,mg/L,,07/31/2022
PR0020575,001,00310,"BOD, 5-day, 20 deg. C",67,Q1,AVG,Quantity1,kg/d,67,kg/d,136,kg/d,,07/31/2022
PR0020575,001,00310,"BOD, 5-day, 20 deg. C",204,Q2,AVG,Quantity2,kg/d,204,kg/d,204,kg/d,,07/31/2022
PR0020575,001,00310,"BOD, 5-day, 20 deg. C",20,C3,AVG,Concentration3,mg/L,20,mg/L,45,mg/L,,08/31/2022
PR0020575,001,00310,"BOD, 5-day, 20 deg. C",11,C2,AVG,Concentration2,mg/L,11,mg/L,30,mg/L,,08/31/2022
PR0020575,001,00310,"BOD, 5-day, 20 deg. C",57,Q2,AVG,Quantity2,kg/d,57,kg/d,204,kg/d,,08/31/2022
PR0020575,001,00310,"BOD, 5-day, 20 deg. C",34,Q1,AVG,Quantity1,kg/d,34,kg/d,136,kg/d,,08/31/2022
PR0020575,001,00310,"BOD, 5-day, 20 deg. C",6,C2,AVG,Concentration2,mg/L,6,mg/L,30,mg/L,,09/30/2022
PR0020575,001,00310,"BOD, 5-day, 20 deg. C",9,C3,AVG,Concentration3,mg/L,9,mg/L,45,mg/L,,09/30/2022
PR0020575,001,00310,"BOD, 5-day, 20 deg. C",18,Q1,AVG,Quantity1,kg/d,18,kg/d,136,kg/d,,09/30/2022
PR0020575,001,00310,"BOD, 5-day, 20 deg. C",27,Q2,AVG,Quantity2,kg/d,27,kg/d,204,kg/d,,09/30/2022
PR0020575,001,00310,"BOD, 5-day, 20 deg. C",223,Q2,AVG,Quantity2,kg/d,223,kg/d,204,kg/d,,10/31/2022
PR0020575,001,00310,"BOD, 5-day, 20 deg. C",82,Q1,AVG,Quantity1,kg/d,82,kg/d,136,kg/d,,10/31/2022
PR0020575,001,00310,"BOD, 5-day, 20 deg. C",16,C2,AVG,Concentration2,mg/L,16,mg/L,30,mg/L,,10/31/2022
PR0020575,001,00310,"BOD, 5-day, 20 deg. C",30,C3,AVG,Concentration3,mg/L,30,mg/L,45,mg/L,,10/31/2022
PR0020575,001,00310,"BOD, 5-day, 20 deg. C",11,Q1,AVG,Quantity1,kg/d,11,kg/d,136,kg/d,,11/30/2022
PR0020575,001,00310,"BOD, 5-day, 20 deg. C",17,Q2,AVG,Quantity2,kg/d,17,kg/d,204,kg/d,,11/30/2022
PR0020575,001,00310,"BOD, 5-day, 20 deg. C",2,C2,AVG,Concentration2,mg/L,2,mg/L,30,mg/L,,11/30/2022
PR0020575,001,00310,"BOD, 5-day, 20 deg. C",3,C3,AVG,Concentration3,mg/L,3,mg/L,45,mg/L,,11/30/2022
PR0020575,001,00310,"BOD, 5-day, 20 deg. C",14,Q2,AVG,Quantity2,kg/d,14,kg/d,204,kg/d,,12/31/2022
PR0020575,001,00310,"BOD, 5-day, 20 deg. C",9,Q1,AVG,Quantity1,kg/d,9,kg/d,136,kg/d,,12/31/2022
PR0020575,001,00310,"BOD, 5-day, 20 deg. C",5,C3,AVG,Concentration3,mg/L,5,mg/L,45,mg/L,,12/31/2022
PR0020575,001,00310,"BOD, 5-day, 20 deg. C",4,C2,AVG,Concentration2,mg/L,4,mg/L,30,mg/L,,12/31/2022
PR0020575,001,00310,"BOD, 5-day, 20 deg. C",22,Q1,AVG,Quantity1,kg/d,22,kg/d,136,kg/d,,01/31/2023
PR0020575,001,00310,"BOD, 5-day, 20 deg. C",10,C2,AVG,Concentration2,mg/L,10,mg/L,30,mg/L,,01/31/2023
PR0020575,001,00310,"BOD, 5-day, 20 deg. C",23,C3,AVG,Concentration3,mg/L,23,mg/L,45,mg/L,,01/31/2023
PR0020575,001,00310,"BOD, 5-day, 20 deg. C",46,Q2,AVG,Quantity2,kg/d,46,kg/d,204,kg/d,,01/31/2023
PR0020575,001,00310,"BOD, 5-day, 20 deg. C",5,Q1,AVG,Quantity1,kg/d,5,kg/d,136,kg/d,,02/28/2023
PR0020575,001,00310,"BOD, 5-day, 20 deg. C",8,Q2,AVG,Quantity2,kg/d,8,kg/d,204,kg/d,,02/28/2023
PR0020575,001,00310,"BOD, 5-day, 20 deg. C",3,C2,AVG,Concentration2,mg/L,3,mg/L,30,mg/L,,02/28/2023
PR0020575,001,00310,"BOD, 5-day, 20 deg. C",4,C3,AVG,Concentration3,mg/L,4,mg/L,45,mg/L,,02/28/2023
PR0020575,001,00310,"BOD, 5-day, 20 deg. C",24,C3,AVG,Concentration3,mg/L,24,mg/L,45,mg/L,,03/31/2023
PR0020575,001,00310,"BOD, 5-day, 20 deg. C",8,C2,AVG,Concentration2,mg/L,8,mg/L,30,mg/L,,03/31/2023
PR0020575,001,00310,"BOD, 5-day, 20 deg. C",13,Q1,AVG,Quantity1,kg/d,13,kg/d,136,kg/d,,03/31/2023
PR0020575,001,00310,"BOD, 5-day, 20 deg. C",41,Q2,AVG,Quantity2,kg/d,41,kg/d,204,kg/d,,03/31/2023
PR0020575,001,00310,"BOD, 5-day, 20 deg. C",11,Q2,AVG,Quantity2,kg/d,11,kg/d,204,kg/d,,04/30/2023
PR0020575,001,00310,"BOD, 5-day, 20 deg. C",8,Q1,AVG,Quantity1,kg/d,8,kg/d,136,kg/d,,04/30/2023
PR0020575,001,00310,"BOD, 5-day, 20 deg. C",7,C3,AVG,Concentration3,mg/L,7,mg/L,45,mg/L,,04/30/2023
PR0020575,001,00310,"BOD, 5-day, 20 deg. C",5,C2,AVG,Concentration2,mg/L,5,mg/L,30,mg/L,,04/30/2023
PR0020575,001,00310,"BOD, 5-day, 20 deg. C",17,C3,AVG,Concentration3,mg/L,17,mg/L,45,mg/L,,05/31/2023
PR0020575,001,00310,"BOD, 5-day, 20 deg. C",9,C2,AVG,Concentration2,mg/L,9,mg/L,30,mg/L,,05/31/2023
PR0020575,001,00310,"BOD, 5-day, 20 deg. C",17,Q1,AVG,Quantity1,kg/d,17,kg/d,136,kg/d,,05/31/2023
PR0020575,001,00310,"BOD, 5-day, 20 deg. C",32,Q2,AVG,Quantity2,kg/d,32,kg/d,204,kg/d,,05/31/2023
PR0020575,001,00310,"BOD, 5-day, 20 deg. C",18,Q2,AVG,Quantity2,kg/d,18,kg/d,204,kg/d,,06/30/2023
PR0020575,001,00310,"BOD, 5-day, 20 deg. C",9,Q1,AVG,Quantity1,kg/d,9,kg/d,136,kg/d,,06/30/2023
PR0020575,001,00310,"BOD, 5-day, 20 deg. C",9,C3,AVG,Concentration3,mg/L,9,mg/L,45,mg/L,,06/30/2023
PR0020575,001,00310,"BOD, 5-day, 20 deg. C",4,C2,AVG,Concentration2,mg/L,4,mg/L,30,mg/L,,06/30/2023
PR0020575,001,00310,"BOD, 5-day, 20 deg. C",41,Q2,AVG,Quantity2,kg/d,41,kg/d,204,kg/d,,07/31/2023
PR0020575,001,00310,"BOD, 5-day, 20 deg. C",15,Q1,AVG,Quantity1,kg/d,15,kg/d,136,kg/d,,07/31/2023
PR0020575,001,00310,"BOD, 5-day, 20 deg. C",6,C2,AVG,Concentration2,mg/L,6,mg/L,30,mg/L,,07/31/2023
PR0020575,001,00310,"BOD, 5-day, 20 deg. C",15,C3,AVG,Concentration3,mg/L,15,mg/L,45,mg/L,,07/31/2023
PR0020575,001,00310,"BOD, 5-day, 20 deg. C",21,C3,AVG,Concentration3,mg/L,21,mg/L,45,mg/L,,08/31/2023
PR0020575,001,00310,"BOD, 5-day, 20 deg. C",48,Q2,AVG,Quantity2,kg/d,48,kg/d,204,kg/d,,08/31/2023
PR0020575,001,00310,"BOD, 5-day, 20 deg. C",15,Q1,AVG,Quantity1,kg/d,15,kg/d,136,kg/d,,08/31/2023
PR0020575,001,00310,"BOD, 5-day, 20 deg. C",7,C2,AVG,Concentration2,mg/L,7,mg/L,30,mg/L,,08/31/2023
PR0020575,001,00310,"BOD, 5-day, 20 deg. C",7,C2,AVG,Concentration2,mg/L,7,mg/L,30,mg/L,,09/30/2023
PR0020575,001,00310,"BOD, 5-day, 20 deg. C",14,Q2,AVG,Quantity2,kg/d,14,kg/d,204,kg/d,,09/30/2023
PR0020575,001,00310,"BOD, 5-day, 20 deg. C",17,C3,AVG,Concentration3,mg/L,17,mg/L,45,mg/L,,09/30/2023
PR0020575,001,00310,"BOD, 5-day, 20 deg. C",7,Q1,AVG,Quantity1,kg/d,7,kg/d,136,kg/d,,09/30/2023
PR0020575,001,00310,"BOD, 5-day, 20 deg. C",6,C3,AVG,Concentration3,mg/L,6,mg/L,45,mg/L,,10/31/2023
PR0020575,001,00310,"BOD, 5-day, 20 deg. C",4,C2,AVG,Concentration2,mg/L,4,mg/L,30,mg/L,,10/31/2023
PR0020575,001,00310,"BOD, 5-day, 20 deg. C",19,Q2,AVG,Quantity2,kg/d,19,kg/d,204,kg/d,,10/31/2023
PR0020575,001,00310,"BOD, 5-day, 20 deg. C",12,Q1,AVG,Quantity1,kg/d,12,kg/d,136,kg/d,,10/31/2023
PR0020575,001,00310,"BOD, 5-day, 20 deg. C",71,Q2,AVG,Quantity2,kg/d,71,kg/d,204,kg/d,,11/30/2023
PR0020575,001,00310,"BOD, 5-day, 20 deg. C",18,Q1,AVG,Quantity1,kg/d,18,kg/d,136,kg/d,,11/30/2023
PR0020575,001,00310,"BOD, 5-day, 20 deg. C",10,C2,AVG,Concentration2,mg/L,10,mg/L,30,mg/L,,11/30/2023
PR0020575,001,00310,"BOD, 5-day, 20 deg. C",37,C3,AVG,Concentration3,mg/L,37,mg/L,45,mg/L,,11/30/2023
PR0020575,001,00310,"BOD, 5-day, 20 deg. C",8,Q1,AVG,Quantity1,kg/d,8,kg/d,136,kg/d,,12/31/2023
PR0020575,001,00310,"BOD, 5-day, 20 deg. C",8,C3,AVG,Concentration3,mg/L,8,mg/L,45,mg/L,,12/31/2023
PR0020575,001,00310,"BOD, 5-day, 20 deg. C",4,C2,AVG,Concentration2,mg/L,4,mg/L,30,mg/L,,12/31/2023
PR0020575,001,00310,"BOD, 5-day, 20 deg. C",18,Q2,AVG,Quantity2,kg/d,18,kg/d,204,kg/d,,12/31/2023
PR0020575,001,00310,"BOD, 5-day, 20 deg. C",3,C2,AVG,Concentration2,mg/L,3,mg/L,30,mg/L,,01/31/2024
PR0020575,001,00310,"BOD, 5-day, 20 deg. C",5,C3,AVG,Concentration3,mg/L,5,mg/L,45,mg/L,,01/31/2024
PR0020575,001,00310,"BOD, 5-day, 20 deg. C",5,Q1,AVG,Quantity1,kg/d,5,kg/d,136,kg/d,,01/31/2024
PR0020575,001,00310,"BOD, 5-day, 20 deg. C",10,Q2,AVG,Quantity2,kg/d,10,kg/d,204,kg/d,,01/31/2024
PR0020575,001,00310,"BOD, 5-day, 20 deg. C",25,Q2,AVG,Quantity2,kg/d,25,kg/d,204,kg/d,,02/29/2024
PR0020575,001,00310,"BOD, 5-day, 20 deg. C",14,Q1,AVG,Quantity1,kg/d,14,kg/d,136,kg/d,,02/29/2024
PR0020575,001,00310,"BOD, 5-day, 20 deg. C",15,C3,AVG,Concentration3,mg/L,15,mg/L,45,mg/L,,02/29/2024
PR0020575,001,00310,"BOD, 5-day, 20 deg. C",8,C2,AVG,Concentration2,mg/L,8,mg/L,30,mg/L,,02/29/2024
PR0020575,001,00310,"BOD, 5-day, 20 deg. C",9,Q1,AVG,Quantity1,kg/d,9,kg/d,136,kg/d,,03/31/2024
PR0020575,001,00310,"BOD, 5-day, 20 deg. C",18,Q2,AVG,Quantity2,kg/d,18,kg/d,204,kg/d,,03/31/2024
PR0020575,001,00310,"BOD, 5-day, 20 deg. C",6,C3,AVG,Concentration3,mg/L,6,mg/L,45,mg/L,,03/31/2024
PR0020575,001,00310,"BOD, 5-day, 20 deg. C",3,C2,AVG,Concentration2,mg/L,3,mg/L,30,mg/L,,03/31/2024
PR0020575,001,00310,"BOD, 5-day, 20 deg. C",4,C3,AVG,Concentration3,mg/L,4,mg/L,45,mg/L,,04/30/2024
PR0020575,001,00310,"BOD, 5-day, 20 deg. C",15,Q2,AVG,Quantity2,kg/d,15,kg/d,204,kg/d,,04/30/2024
PR0020575,001,00310,"BOD, 5-day, 20 deg. C",12,Q1,AVG,Quantity1,kg/d,12,kg/d,136,kg/d,,04/30/2024
PR0020575,001,00310,"BOD, 5-day, 20 deg. C",4,C2,AVG,Concentration2,mg/L,4,mg/L,30,mg/L,,04/30/2024
PR0020575,001,00310,"BOD, 5-day, 20 deg. C",16,Q1,AVG,Quantity1,kg/d,16,kg/d,136,kg/d,,05/31/2024
PR0020575,001,00310,"BOD, 5-day, 20 deg. C",11,C3,AVG,Concentration3,mg/L,11,mg/L,45,mg/L,,05/31/2024
PR0020575,001,00310,"BOD, 5-day, 20 deg. C",3,C2,AVG,Concentration2,mg/L,3,mg/L,30,mg/L,,05/31/2024
PR0020575,001,00310,"BOD, 5-day, 20 deg. C",63,Q2,AVG,Quantity2,kg/d,63,kg/d,204,kg/d,,05/31/2024
PR0020575,001,00310,"BOD, 5-day, 20 deg. C",6,Q2,AVG,Quantity2,kg/d,6,kg/d,204,kg/d,,06/30/2024
PR0020575,001,00310,"BOD, 5-day, 20 deg. C",5,Q1,AVG,Quantity1,kg/d,5,kg/d,136,kg/d,,06/30/2024
PR0020575,001,00310,"BOD, 5-day, 20 deg. C",2,C3,AVG,Concentration3,mg/L,2,mg/L,45,mg/L,,06/30/2024
PR0020575,001,00310,"BOD, 5-day, 20 deg. C",2,C2,AVG,Concentration2,mg/L,2,mg/L,30,mg/L,,06/30/2024
PR0020575,001,00310,"BOD, 5-day, 20 deg. C",6,Q1,AVG,Quantity1,kg/d,6,kg/d,136,kg/d,,07/31/2024
PR0020575,001,00310,"BOD, 5-day, 20 deg. C",14,Q2,AVG,Quantity2,kg/d,14,kg/d,204,kg/d,,07/31/2024
PR0020575,001,00310,"BOD, 5-day, 20 deg. C",4,C3,AVG,Concentration3,mg/L,4,mg/L,45,mg/L,,07/31/2024
PR0020575,001,00310,"BOD, 5-day, 20 deg. C",2,C2,AVG,Concentration2,mg/L,2,mg/L,30,mg/L,,07/31/2024
PR0020575,001,00310,"BOD, 5-day, 20 deg. C",42,Q1,AVG,Quantity1,kg/d,42,kg/d,136,kg/d,,08/31/2024
PR0020575,001,00310,"BOD, 5-day, 20 deg. C",57,Q2,AVG,Quantity2,kg/d,57,kg/d,204,kg/d,,08/31/2024
PR0020575,001,00310,"BOD, 5-day, 20 deg. C",21,C3,AVG,Concentration3,mg/L,21,mg/L,45,mg/L,,08/31/2024
PR0020575,001,00310,"BOD, 5-day, 20 deg. C",12,C2,AVG,Concentration2,mg/L,12,mg/L,30,mg/L,,08/31/2024
PR0020575,001,00310,"BOD, 5-day, 20 deg. C",19,Q1,AVG,Quantity1,kg/d,19,kg/d,136,kg/d,,09/30/2024
PR0020575,001,00310,"BOD, 5-day, 20 deg. C",5,C2,AVG,Concentration2,mg/L,5,mg/L,30,mg/L,,09/30/2024
PR0020575,001,00310,"BOD, 5-day, 20 deg. C",7,C3,AVG,Concentration3,mg/L,7,mg/L,45,mg/L,,09/30/2024
PR0020575,001,00310,"BOD, 5-day, 20 deg. C",27,Q2,AVG,Quantity2,kg/d,27,kg/d,204,kg/d,,09/30/2024
PR0020575,001,00310,"BOD, 5-day, 20 deg. C",6,C3,AVG,Concentration3,mg/L,6,mg/L,45,mg/L,,10/31/2024
PR0020575,001,00310,"BOD, 5-day, 20 deg. C",17,Q1,AVG,Quantity1,kg/d,17,kg/d,136,kg/d,,10/31/2024
PR0020575,001,00310,"BOD, 5-day, 20 deg. C",22,Q2,AVG,Quantity2,kg/d,22,kg/d,204,kg/d,,10/31/2024
PR0020575,001,00310,"BOD, 5-day, 20 deg. C",5,C2,AVG,Concentration2,mg/L,5,mg/L,30,mg/L,,10/31/2024
PR0020575,001,00310,"BOD, 5-day, 20 deg. C",3,C2,AVG,Concentration2,mg/L,3,mg/L,30,mg/L,,11/30/2024
PR0020575,001,00310,"BOD, 5-day, 20 deg. C",5,C3,AVG,Concentration3,mg/L,5,mg/L,45,mg/L,,11/30/2024
PR0020575,001,00310,"BOD, 5-day, 20 deg. C",12,Q1,AVG,Quantity1,kg/d,12,kg/d,136,kg/d,,11/30/2024
PR0020575,001,00310,"BOD, 5-day, 20 deg. C",26,Q2,AVG,Quantity2,kg/d,26,kg/d,204,kg/d,,11/30/2024
PR0020575,001,00310,"BOD, 5-day, 20 deg. C",45,Q2,AVG,Quantity2,kg/d,45,kg/d,204,kg/d,,12/31/2024
PR0020575,001,00310,"BOD, 5-day, 20 deg. C",22,Q1,AVG,Quantity1,kg/d,22,kg/d,136,kg/d,,12/31/2024
PR0020575,001,00310,"BOD, 5-day, 20 deg. C",10,C3,AVG,Concentration3,mg/L,10,mg/L,45,mg/L,,12/31/2024
PR0020575,001,00310,"BOD, 5-day, 20 deg. C",5,C2,AVG,Concentration2,mg/L,5,mg/L,30,mg/L,,12/31/2024
PR0020575,001,00310,"BOD, 5-day, 20 deg. C",15,C3,AVG,Concentration3,mg/L,15,mg/L,45,mg/L,,01/31/2025
PR0020575,001,00310,"BOD, 5-day, 20 deg. C",9,C2,AVG,Concentration2,mg/L,9,mg/L,30,mg/L,,01/31/2025
PR0020575,001,00310,"BOD, 5-day, 20 deg. C",59,Q2,AVG,Quantity2,kg/d,59,kg/d,204,kg/d,,01/31/2025
PR0020575,001,00310,"BOD, 5-day, 20 deg. C",36,Q1,AVG,Quantity1,kg/d,36,kg/d,136,kg/d,,01/31/2025
PR0020575,001,00310,"BOD, 5-day, 20 deg. C",16,Q1,AVG,Quantity1,kg/d,16,kg/d,136,kg/d,,02/28/2025
PR0020575,001,00310,"BOD, 5-day, 20 deg. C",5,C3,AVG,Concentration3,mg/L,5,mg/L,45,mg/L,,02/28/2025
PR0020575,001,00310,"BOD, 5-day, 20 deg. C",5,C2,AVG,Concentration2,mg/L,5,mg/L,30,mg/L,,02/28/2025
PR0020575,001,00310,"BOD, 5-day, 20 deg. C",19,Q2,AVG,Quantity2,kg/d,19,kg/d,204,kg/d,,02/28/2025
PR0020575,001,00310,"BOD, 5-day, 20 deg. C",32,Q1,AVG,Quantity1,kg/d,32,kg/d,136,kg/d,,03/31/2025
PR0020575,001,00310,"BOD, 5-day, 20 deg. C",45,Q2,AVG,Quantity2,kg/d,45,kg/d,204,kg/d,,03/31/2025
PR0020575,001,00310,"BOD, 5-day, 20 deg. C",14,C3,AVG,Concentration3,mg/L,14,mg/L,45,mg/L,,03/31/2025
PR0020575,001,00310,"BOD, 5-day, 20 deg. C",10,C2,AVG,Concentration2,mg/L,10,mg/L,30,mg/L,,03/31/2025
PR0020575,001,00310,"BOD, 5-day, 20 deg. C",10,C2,AVG,Concentration2,mg/L,10,mg/L,30,mg/L,,04/30/2025
PR0020575,001,00310,"BOD, 5-day, 20 deg. C",38,Q1,AVG,Quantity1,kg/d,38,kg/d,136,kg/d,,04/30/2025
PR0020575,001,00310,"BOD, 5-day, 20 deg. C",71,Q2,AVG,Quantity2,kg/d,71,kg/d,204,kg/d,,04/30/2025
PR0020575,001,00310,"BOD, 5-day, 20 deg. C",16,C3,AVG,Concentration3,mg/L,16,mg/L,45,mg/L,,04/30/2025
PR0020575,001,00310,"BOD, 5-day, 20 deg. C",6,C3,AVG,Concentration3,mg/L,6,mg/L,45,mg/L,,05/31/2025
PR0020575,001,00310,"BOD, 5-day, 20 deg. C",3,C2,AVG,Concentration2,mg/L,3,mg/L,30,mg/L,,05/31/2025
PR0020575,001,00310,"BOD, 5-day, 20 deg. C",11,Q1,AVG,Quantity1,kg/d,11,kg/d,136,kg/d,,05/31/2025
PR0020575,001,00310,"BOD, 5-day, 20 deg. C",17,Q2,AVG,Quantity2,kg/d,17,kg/d,204,kg/d,,05/31/2025
PR0020575,001,00310,"BOD, 5-day, 20 deg. C",31,Q2,AVG,Quantity2,kg/d,31,kg/d,204,kg/d,,06/30/2025
PR0020575,001,00310,"BOD, 5-day, 20 deg. C",20,Q1,AVG,Quantity1,kg/d,20,kg/d,136,kg/d,,06/30/2025
PR0020575,001,00310,"BOD, 5-day, 20 deg. C",8,C3,AVG,Concentration3,mg/L,8,mg/L,45,mg/L,,06/30/2025
PR0020575,001,00310,"BOD, 5-day, 20 deg. C",5,C2,AVG,Concentration2,mg/L,5,mg/L,30,mg/L,,06/30/2025
PR0020575,001,00310,"BOD, 5-day, 20 deg. C",24,Q1,AVG,Quantity1,kg/d,24,kg/d,136,kg/d,,07/31/2025
PR0020575,001,00310,"BOD, 5-day, 20 deg. C",7,C2,AVG,Concentration2,mg/L,7,mg/L,30,mg/L,,07/31/2025
PR0020575,001,00310,"BOD, 5-day, 20 deg. C",9,C3,AVG,Concentration3,mg/L,9,mg/L,45,mg/L,,07/31/2025
PR0020575,001,00310,"BOD, 5-day, 20 deg. C",32,Q2,AVG,Quantity2,kg/d,32,kg/d,204,kg/d,,07/31/2025
PR0020575,001,00310,"BOD, 5-day, 20 deg. C",8,Q1,AVG,Quantity1,kg/d,8,kg/d,136,kg/d,,08/31/2025
PR0020575,001,00310,"BOD, 5-day, 20 deg. C",10,Q2,AVG,Quantity2,kg/d,10,kg/d,204,kg/d,,08/31/2025
PR0020575,001,00310,"BOD, 5-day, 20 deg. C",3,C3,AVG,Concentration3,mg/L,3,mg/L,45,mg/L,,08/31/2025
PR0020575,001,00310,"BOD, 5-day, 20 deg. C",2,C2,AVG,Concentration2,mg/L,2,mg/L,30,mg/L,,08/31/2025
PR0020575,001,00310,"BOD, 5-day, 20 deg. C",37,C3,AVG,Concentration3,mg/L,37,mg/L,45,mg/L,,09/30/2025
PR0020575,001,00310,"BOD, 5-day, 20 deg. C",13,C2,AVG,Concentration2,mg/L,13,mg/L,30,mg/L,,09/30/2025
PR0020575,001,00310,"BOD, 5-day, 20 deg. C",45,Q1,AVG,Quantity1,kg/d,45,kg/d,136,kg/d,,09/30/2025
PR0020575,001,00310,"BOD, 5-day, 20 deg. C",122,Q2,AVG,Quantity2,kg/d,122,kg/d,204,kg/d,,09/30/2025
PR0020575,001,00310,"BOD, 5-day, 20 deg. C",13,Q1,AVG,Quantity1,kg/d,13,kg/d,136,kg/d,,10/31/2025
PR0020575,001,00310,"BOD, 5-day, 20 deg. C",24,Q2,AVG,Quantity2,kg/d,24,kg/d,204,kg/d,,10/31/2025
PR0020575,001,00310,"BOD, 5-day, 20 deg. C",5,C3,AVG,Concentration3,mg/L,5,mg/L,45,mg/L,,10/31/2025
PR0020575,001,00310,"BOD, 5-day, 20 deg. C",3,C2,AVG,Concentration2,mg/L,3,mg/L,30,mg/L,,10/31/2025
PR0020575,001,00310,"BOD, 5-day, 20 deg. C",35,C3,AVG,Concentration3,mg/L,35,mg/L,45,mg/L,,11/30/2025
PR0020575,001,00310,"BOD, 5-day, 20 deg. C",23,C2,AVG,Concentration2,mg/L,23,mg/L,30,mg/L,,11/30/2025
PR0020575,001,00310,"BOD, 5-day, 20 deg. C",93,Q1,AVG,Quantity1,kg/d,93,kg/d,136,kg/d,,11/30/2025
PR0020575,001,00310,"BOD, 5-day, 20 deg. C",150,Q2,AVG,Quantity2,kg/d,150,kg/d,204,kg/d,,11/30/2025
PR0020575,001,00310,"BOD, 5-day, 20 deg. C",130,Q2,AVG,Quantity2,kg/d,130,kg/d,204,kg/d,,12/31/2025
PR0020575,001,00310,"BOD, 5-day, 20 deg. C",40,Q1,AVG,Quantity1,kg/d,40,kg/d,136,kg/d,,12/31/2025
PR0020575,001,00310,"BOD, 5-day, 20 deg. C",11,C2,AVG,Concentration2,mg/L,11,mg/L,30,mg/L,,12/31/2025
PR0020575,001,00310,"BOD, 5-day, 20 deg. C",33,C3,AVG,Concentration3,mg/L,33,mg/L,45,mg/L,,12/31/2025
PR0020575,001,00310,"BOD, 5-day, 20 deg. C",13,C2,AVG,Concentration2,mg/L,13,mg/L,30,mg/L,,01/31/2026
PR0020575,001,00310,"BOD, 5-day, 20 deg. C",37,C3,AVG,Concentration3,mg/L,37,mg/L,45,mg/L,,01/31/2026
PR0020575,001,00310,"BOD, 5-day, 20 deg. C",113,Q2,AVG,Quantity2,kg/d,113,kg/d,204,kg/d,,01/31/2026
PR0020575,001,00310,"BOD, 5-day, 20 deg. C",41,Q1,AVG,Quantity1,kg/d,41,kg/d,136,kg/d,,01/31/2026
PR0020575,001,00400,pH,7.9,C3,MAX,Concentration3,SU,7.9,SU,9,SU,,01/31/2020
PR0020575,001,00400,pH,6.9,C1,MIN,Concentration1,SU,6.9,SU,6,SU,,01/31/2020
PR0020575,001,00400,pH,7.7,C1,MIN,Concentration1,SU,7.7,SU,6,SU,,02/29/2020
PR0020575,001,00400,pH,8.2,C3,MAX,Concentration3,SU,8.2,SU,9,SU,,02/29/2020
PR0020575,001,00400,pH,8,C3,MAX,Concentration3,SU,8,SU,9,SU,,03/31/2020
PR0020575,001,00400,pH,7.4,C1,MIN,Concentration1,SU,7.4,SU,6,SU,,03/31/2020
PR0020575,001,00400,pH,7.54,C1,MIN,Concentration1,SU,7.54,SU,6,SU,,04/30/2020
PR0020575,001,00400,pH,8.19,C3,MAX,Concentration3,SU,8.19,SU,9,SU,,04/30/2020
PR0020575,001,00400,pH,8.36,C3,MAX,Concentration3,SU,8.36,SU,9,SU,,05/31/2020
PR0020575,001,00400,pH,7.87,C1,MIN,Concentration1,SU,7.87,SU,6,SU,,05/31/2020
PR0020575,001,00400,pH,7.6,C1,MIN,Concentration1,SU,7.6,SU,6,SU,,06/30/2020
PR0020575,001,00400,pH,8.3,C3,MAX,Concentration3,SU,8.3,SU,9,SU,,06/30/2020
PR0020575,001,00400,pH,8.4,C3,MAX,Concentration3,SU,8.4,SU,9,SU,,07/31/2020
PR0020575,001,00400,pH,7.6,C1,MIN,Concentration1,SU,7.6,SU,6,SU,,07/31/2020
PR0020575,001,00400,pH,7.6,C1,MIN,Concentration1,SU,7.6,SU,6,SU,,08/31/2020
PR0020575,001,00400,pH,7.9,C3,MAX,Concentration3,SU,7.9,SU,9,SU,,08/31/2020
PR0020575,001,00400,pH,8.2,C3,MAX,Concentration3,SU,8.2,SU,9,SU,,09/30/2020
PR0020575,001,00400,pH,7.5,C1,MIN,Concentration1,SU,7.5,SU,6,SU,,09/30/2020
PR0020575,001,00400,pH,7.4,C1,MIN,Concentration1,SU,7.4,SU,6,SU,,10/31/2020
PR0020575,001,00400,pH,8.1,C3,MAX,Concentration3,SU,8.1,SU,9,SU,,10/31/2020
PR0020575,001,00400,pH,8.4,C3,MAX,Concentration3,SU,8.4,SU,9,SU,,11/30/2020
PR0020575,001,00400,pH,7.2,C1,MIN,Concentration1,SU,7.2,SU,6,SU,,11/30/2020
PR0020575,001,00400,pH,6.8,C1,MIN,Concentration1,SU,6.8,SU,6,SU,,12/31/2020
PR0020575,001,00400,pH,8.2,C3,MAX,Concentration3,SU,8.2,SU,9,SU,,12/31/2020
PR0020575,001,00400,pH,8,C3,MAX,Concentration3,SU,8,SU,9,SU,,01/31/2021
PR0020575,001,00400,pH,6.7,C1,MIN,Concentration1,SU,6.7,SU,6,SU,,01/31/2021
PR0020575,001,00400,pH,7.3,C1,MIN,Concentration1,SU,7.3,SU,6,SU,,02/28/2021
PR0020575,001,00400,pH,7.7,C3,MAX,Concentration3,SU,7.7,SU,9,SU,,02/28/2021
PR0020575,001,00400,pH,7.7,C3,MAX,Concentration3,SU,7.7,SU,9,SU,,03/31/2021
PR0020575,001,00400,pH,7,C1,MIN,Concentration1,SU,7,SU,6,SU,,03/31/2021
PR0020575,001,00400,pH,7.4,C1,MIN,Concentration1,SU,7.4,SU,6,SU,,04/30/2021
PR0020575,001,00400,pH,7.8,C3,MAX,Concentration3,SU,7.8,SU,9,SU,,04/30/2021
PR0020575,001,00400,pH,8.4,C3,MAX,Concentration3,SU,8.4,SU,9,SU,,05/31/2021
PR0020575,001,00400,pH,7.4,C1,MIN,Concentration1,SU,7.4,SU,6,SU,,05/31/2021
PR0020575,001,00400,pH,7.6,C1,MIN,Concentration1,SU,7.6,SU,6,SU,,06/30/2021
PR0020575,001,00400,pH,8.1,C3,MAX,Concentration3,SU,8.1,SU,9,SU,,06/30/2021
PR0020575,001,00400,pH,7.9,C3,MAX,Concentration3,SU,7.9,SU,9,SU,,07/31/2021
PR0020575,001,00400,pH,7.5,C1,MIN,Concentration1,SU,7.5,SU,6,SU,,07/31/2021
PR0020575,001,00400,pH,7.4,C1,MIN,Concentration1,SU,7.4,SU,6,SU,,08/31/2021
PR0020575,001,00400,pH,7.6,C3,MAX,Concentration3,SU,7.6,SU,9,SU,,08/31/2021
PR0020575,001,00400,pH,7.7,C3,MAX,Concentration3,SU,7.7,SU,9,SU,,09/30/2021
PR0020575,001,00400,pH,7,C1,MIN,Concentration1,SU,7,SU,6,SU,,09/30/2021
PR0020575,001,00400,pH,7.2,C1,MIN,Concentration1,SU,7.2,SU,6,SU,,10/31/2021
PR0020575,001,00400,pH,7.7,C3,MAX,Concentration3,SU,7.7,SU,9,SU,,10/31/2021
PR0020575,001,00400,pH,7.7,C3,MAX,Concentration3,SU,7.7,SU,9,SU,,11/30/2021
PR0020575,001,00400,pH,7.1,C1,MIN,Concentration1,SU,7.1,SU,6,SU,,11/30/2021
PR0020575,001,00400,pH,7.3,C1,MIN,Concentration1,SU,7.3,SU,6,SU,,12/31/2021
PR0020575,001,00400,pH,7.7,C3,MAX,Concentration3,SU,7.7,SU,9,SU,,12/31/2021
PR0020575,001,00400,pH,7.3,C1,MIN,Concentration1,SU,7.3,SU,6,SU,,01/31/2022
PR0020575,001,00400,pH,7.7,C3,MAX,Concentration3,SU,7.7,SU,9,SU,,01/31/2022
PR0020575,001,00400,pH,7.9,C3,MAX,Concentration3,SU,7.9,SU,9,SU,,02/28/2022
PR0020575,001,00400,pH,7.1,C1,MIN,Concentration1,SU,7.1,SU,6,SU,,02/28/2022
PR0020575,001,00400,pH,7.8,C3,MAX,Concentration3,SU,7.8,SU,9,SU,,03/31/2022
PR0020575,001,00400,pH,7.2,C1,MIN,Concentration1,SU,7.2,SU,6,SU,,03/31/2022
PR0020575,001,00400,pH,8,C3,MAX,Concentration3,SU,8,SU,9,SU,,04/30/2022
PR0020575,001,00400,pH,7.3,C1,MIN,Concentration1,SU,7.3,SU,6,SU,,04/30/2022
PR0020575,001,00400,pH,7.3,C1,MIN,Concentration1,SU,7.3,SU,6,SU,,05/31/2022
PR0020575,001,00400,pH,7.8,C3,MAX,Concentration3,SU,7.8,SU,9,SU,,05/31/2022
PR0020575,001,00400,pH,7.2,C1,MIN,Concentration1,SU,7.2,SU,6,SU,,06/30/2022
PR0020575,001,00400,pH,8,C3,MAX,Concentration3,SU,8,SU,9,SU,,06/30/2022
PR0020575,001,00400,pH,8.01,C3,MAX,Concentration3,SU,8.01,SU,9,SU,,07/31/2022
PR0020575,001,00400,pH,6.88,C1,MIN,Concentration1,SU,6.88,SU,6,SU,,07/31/2022
PR0020575,001,00400,pH,6.8,C1,MIN,Concentration1,SU,6.8,SU,6,SU,,08/31/2022
PR0020575,001,00400,pH,7.9,C3,MAX,Concentration3,SU,7.9,SU,9,SU,,08/31/2022
PR0020575,001,00400,pH,6.7,C1,MIN,Concentration1,SU,6.7,SU,6,SU,,09/30/2022
PR0020575,001,00400,pH,7.8,C3,MAX,Concentration3,SU,7.8,SU,9,SU,,09/30/2022
PR0020575,001,00400,pH,7.8,C3,MAX,Concentration3,SU,7.8,SU,9,SU,,10/31/2022
PR0020575,001,00400,pH,7,C1,MIN,Concentration1,SU,7,SU,6,SU,,10/31/2022
PR0020575,001,00400,pH,6.7,C1,MIN,Concentration1,SU,6.7,SU,6,SU,,11/30/2022
PR0020575,001,00400,pH,7.7,C3,MAX,Concentration3,SU,7.7,SU,9,SU,,11/30/2022
PR0020575,001,00400,pH,7.1,C1,MIN,Concentration1,SU,7.1,SU,6,SU,,12/31/2022
PR0020575,001,00400,pH,7.9,C3,MAX,Concentration3,SU,7.9,SU,9,SU,,12/31/2022
PR0020575,001,00400,pH,7.8,C3,MAX,Concentration3,SU,7.8,SU,9,SU,,01/31/2023
PR0020575,001,00400,pH,6.9,C1,MIN,Concentration1,SU,6.9,SU,6,SU,,01/31/2023
PR0020575,001,00400,pH,7.5,C1,MIN,Concentration1,SU,7.5,SU,6,SU,,02/28/2023
PR0020575,001,00400,pH,8,C3,MAX,Concentration3,SU,8,SU,9,SU,,02/28/2023
PR0020575,001,00400,pH,8,C3,MAX,Concentration3,SU,8,SU,9,SU,,03/31/2023
PR0020575,001,00400,pH,7.3,C1,MIN,Concentration1,SU,7.3,SU,6,SU,,03/31/2023
PR0020575,001,00400,pH,7.2,C1,MIN,Concentration1,SU,7.2,SU,6,SU,,04/30/2023
PR0020575,001,00400,pH,7.9,C3,MAX,Concentration3,SU,7.9,SU,9,SU,,04/30/2023
PR0020575,001,00400,pH,7.9,C3,MAX,Concentration3,SU,7.9,SU,9,SU,,05/31/2023
PR0020575,001,00400,pH,7.5,C1,MIN,Concentration1,SU,7.5,SU,6,SU,,05/31/2023
PR0020575,001,00400,pH,7.3,C1,MIN,Concentration1,SU,7.3,SU,6,SU,,06/30/2023
PR0020575,001,00400,pH,8.1,C3,MAX,Concentration3,SU,8.1,SU,9,SU,,06/30/2023
PR0020575,001,00400,pH,7.3,C1,MIN,Concentration1,SU,7.3,SU,6,SU,,07/31/2023
PR0020575,001,00400,pH,7.9,C3,MAX,Concentration3,SU,7.9,SU,9,SU,,07/31/2023
PR0020575,001,00400,pH,7.9,C3,MAX,Concentration3,SU,7.9,SU,9,SU,,08/31/2023
PR0020575,001,00400,pH,7.4,C1,MIN,Concentration1,SU,7.4,SU,6,SU,,08/31/2023
PR0020575,001,00400,pH,7.9,C3,MAX,Concentration3,SU,7.9,SU,9,SU,,09/30/2023
PR0020575,001,00400,pH,7.4,C1,MIN,Concentration1,SU,7.4,SU,6,SU,,09/30/2023
PR0020575,001,00400,pH,7.9,C3,MAX,Concentration3,SU,7.9,SU,9,SU,,10/31/2023
PR0020575,001,00400,pH,7.3,C1,MIN,Concentration1,SU,7.3,SU,6,SU,,10/31/2023
PR0020575,001,00400,pH,7.9,C3,MAX,Concentration3,SU,7.9,SU,9,SU,,11/30/2023
PR0020575,001,00400,pH,7.4,C1,MIN,Concentration1,SU,7.4,SU,6,SU,,11/30/2023
PR0020575,001,00400,pH,8,C3,MAX,Concentration3,SU,8,SU,9,SU,,12/31/2023
PR0020575,001,00400,pH,7.4,C1,MIN,Concentration1,SU,7.4,SU,6,SU,,12/31/2023
PR0020575,001,00400,pH,8,C3,MAX,Concentration3,SU,8,SU,9,SU,,01/31/2024
PR0020575,001,00400,pH,7.3,C1,MIN,Concentration1,SU,7.3,SU,6,SU,,01/31/2024
PR0020575,001,00400,pH,7.4,C1,MIN,Concentration1,SU,7.4,SU,6,SU,,02/29/2024
PR0020575,001,00400,pH,7.9,C3,MAX,Concentration3,SU,7.9,SU,9,SU,,02/29/2024
PR0020575,001,00400,pH,8,C3,MAX,Concentration3,SU,8,SU,9,SU,,03/31/2024
PR0020575,001,00400,pH,7.2,C1,MIN,Concentration1,SU,7.2,SU,6,SU,,03/31/2024
PR0020575,001,00400,pH,7.9,C3,MAX,Concentration3,SU,7.9,SU,9,SU,,04/30/2024
PR0020575,001,00400,pH,7.5,C1,MIN,Concentration1,SU,7.5,SU,6,SU,,04/30/2024
PR0020575,001,00400,pH,8.1,C3,MAX,Concentration3,SU,8.1,SU,9,SU,,05/31/2024
PR0020575,001,00400,pH,7.4,C1,MIN,Concentration1,SU,7.4,SU,6,SU,,05/31/2024
PR0020575,001,00400,pH,7.2,C1,MIN,Concentration1,SU,7.2,SU,6,SU,,06/30/2024
PR0020575,001,00400,pH,8.2,C3,MAX,Concentration3,SU,8.2,SU,9,SU,,06/30/2024
PR0020575,001,00400,pH,7.7,C1,MIN,Concentration1,SU,7.7,SU,6,SU,,07/31/2024
PR0020575,001,00400,pH,8.1,C3,MAX,Concentration3,SU,8.1,SU,9,SU,,07/31/2024
PR0020575,001,00400,pH,7.45,C1,MIN,Concentration1,SU,7.45,SU,6,SU,,08/31/2024
PR0020575,001,00400,pH,7.97,C3,MAX,Concentration3,SU,7.97,SU,9,SU,,08/31/2024
PR0020575,001,00400,pH,8,C3,MAX,Concentration3,SU,8,SU,9,SU,,09/30/2024
PR0020575,001,00400,pH,7.5,C1,MIN,Concentration1,SU,7.5,SU,6,SU,,09/30/2024
PR0020575,001,00400,pH,7.9,C3,MAX,Concentration3,SU,7.9,SU,9,SU,,10/31/2024
PR0020575,001,00400,pH,7.2,C1,MIN,Concentration1,SU,7.2,SU,6,SU,,10/31/2024
PR0020575,001,00400,pH,8.4,C3,MAX,Concentration3,SU,8.4,SU,9,SU,,11/30/2024
PR0020575,001,00400,pH,7.4,C1,MIN,Concentration1,SU,7.4,SU,6,SU,,11/30/2024
PR0020575,001,00400,pH,7.5,C1,MIN,Concentration1,SU,7.5,SU,6,SU,,12/31/2024
PR0020575,001,00400,pH,8.2,C3,MAX,Concentration3,SU,8.2,SU,9,SU,,12/31/2024
PR0020575,001,00400,pH,7.4,C1,MIN,Concentration1,SU,7.4,SU,6,SU,,01/31/2025
PR0020575,001,00400,pH,8,C3,MAX,Concentration3,SU,8,SU,9,SU,,01/31/2025
PR0020575,001,00400,pH,7.4,C1,MIN,Concentration1,SU,7.4,SU,6,SU,,02/28/2025
PR0020575,001,00400,pH,8.1,C3,MAX,Concentration3,SU,8.1,SU,9,SU,,02/28/2025
PR0020575,001,00400,pH,7.9,C3,MAX,Concentration3,SU,7.9,SU,9,SU,,03/31/2025
PR0020575,001,00400,pH,7.4,C1,MIN,Concentration1,SU,7.4,SU,6,SU,,03/31/2025
PR0020575,001,00400,pH,7.2,C1,MIN,Concentration1,SU,7.2,SU,6,SU,,04/30/2025
PR0020575,001,00400,pH,7.9,C3,MAX,Concentration3,SU,7.9,SU,9,SU,,04/30/2025
PR0020575,001,00400,pH,7.8,C3,MAX,Concentration3,SU,7.8,SU,9,SU,,05/31/2025
PR0020575,001,00400,pH,7.3,C1,MIN,Concentration1,SU,7.3,SU,6,SU,,05/31/2025
PR0020575,001,00400,pH,8,C3,MAX,Concentration3,SU,8,SU,9,SU,,06/30/2025
PR0020575,001,00400,pH,7,C1,MIN,Concentration1,SU,7,SU,6,SU,,06/30/2025
PR0020575,001,00400,pH,8,C3,MAX,Concentration3,SU,8,SU,9,SU,,07/31/2025
PR0020575,001,00400,pH,7,C1,MIN,Concentration1,SU,7,SU,6,SU,,07/31/2025
PR0020575,001,00400,pH,8,C3,MAX,Concentration3,SU,8,SU,9,SU,,08/31/2025
PR0020575,001,00400,pH,7,C1,MIN,Concentration1,SU,7,SU,6,SU,,08/31/2025
PR0020575,001,00400,pH,8,C3,MAX,Concentration3,SU,8,SU,9,SU,,09/30/2025
PR0020575,001,00400,pH,7,C1,MIN,Concentration1,SU,7,SU,6,SU,,09/30/2025
PR0020575,001,00400,pH,8,C3,MAX,Concentration3,SU,8,SU,9,SU,,10/31/2025
PR0020575,001,00400,pH,7,C1,MIN,Concentration1,SU,7,SU,6,SU,,10/31/2025
PR0020575,001,00400,pH,8,C3,MAX,Concentration3,SU,8,SU,9,SU,,11/30/2025
PR0020575,001,00400,pH,7,C1,MIN,Concentration1,SU,7,SU,6,SU,,11/30/2025
PR0020575,001,00400,pH,8,C3,MAX,Concentration3,SU,8,SU,9,SU,,12/31/2025
PR0020575,001,00400,pH,7,C1,MIN,Concentration1,SU,7,SU,6,SU,,12/31/2025
PR0020575,001,00400,pH,8,C3,MAX,Concentration3,SU,8,SU,9,SU,,01/31/2026
PR0020575,001,00400,pH,8,C1,MIN,Concentration1,SU,8,SU,6,SU,,01/31/2026
PR0020575,001,00530,"Solids, total suspended",29,Q1,AVG,Quantity1,kg/d,29,kg/d,136,kg/d,,01/31/2020
PR0020575,001,00530,"Solids, total suspended",10,C2,AVG,Concentration2,mg/L,10,mg/L,30,mg/L,,01/31/2020
PR0020575,001,00530,"Solids, total suspended",32,C3,AVG,Concentration3,mg/L,32,mg/L,45,mg/L,,01/31/2020
PR0020575,001,00530,"Solids, total suspended",85,Q2,AVG,Quantity2,kg/d,85,kg/d,204,kg/d,,01/31/2020
PR0020575,001,00530,"Solids, total suspended",3,C3,AVG,Concentration3,mg/L,3,mg/L,45,mg/L,,02/29/2020
PR0020575,001,00530,"Solids, total suspended",3,C2,AVG,Concentration2,mg/L,3,mg/L,30,mg/L,,02/29/2020
PR0020575,001,00530,"Solids, total suspended",7,Q1,AVG,Quantity1,kg/d,7,kg/d,136,kg/d,,02/29/2020
PR0020575,001,00530,"Solids, total suspended",10,Q2,AVG,Quantity2,kg/d,10,kg/d,204,kg/d,,02/29/2020
PR0020575,001,00530,"Solids, total suspended",42,Q2,AVG,Quantity2,kg/d,42,kg/d,204,kg/d,,03/31/2020
PR0020575,001,00530,"Solids, total suspended",14,C3,AVG,Concentration3,mg/L,14,mg/L,45,mg/L,,03/31/2020
PR0020575,001,00530,"Solids, total suspended",5,C2,AVG,Concentration2,mg/L,5,mg/L,30,mg/L,,03/31/2020
PR0020575,001,00530,"Solids, total suspended",16,Q1,AVG,Quantity1,kg/d,16,kg/d,136,kg/d,,03/31/2020
PR0020575,001,00530,"Solids, total suspended",6,Q1,AVG,Quantity1,kg/d,6,kg/d,136,kg/d,,04/30/2020
PR0020575,001,00530,"Solids, total suspended",3,C2,AVG,Concentration2,mg/L,3,mg/L,30,mg/L,,04/30/2020
PR0020575,001,00530,"Solids, total suspended",3,C3,AVG,Concentration3,mg/L,3,mg/L,45,mg/L,,04/30/2020
PR0020575,001,00530,"Solids, total suspended",7,Q2,AVG,Quantity2,kg/d,7,kg/d,204,kg/d,,04/30/2020
PR0020575,001,00530,"Solids, total suspended",6,Q2,AVG,Quantity2,kg/d,6,kg/d,204,kg/d,,05/31/2020
PR0020575,001,00530,"Solids, total suspended",2,C3,AVG,Concentration3,mg/L,2,mg/L,45,mg/L,,05/31/2020
PR0020575,001,00530,"Solids, total suspended",5,Q1,AVG,Quantity1,kg/d,5,kg/d,136,kg/d,,05/31/2020
PR0020575,001,00530,"Solids, total suspended",2,C2,AVG,Concentration2,mg/L,2,mg/L,30,mg/L,,05/31/2020
PR0020575,001,00530,"Solids, total suspended",6,Q1,AVG,Quantity1,kg/d,6,kg/d,136,kg/d,,06/30/2020
PR0020575,001,00530,"Solids, total suspended",7,Q2,AVG,Quantity2,kg/d,7,kg/d,204,kg/d,,06/30/2020
PR0020575,001,00530,"Solids, total suspended",2.5,C3,AVG,Concentration3,mg/L,2.5,mg/L,45,mg/L,,06/30/2020
PR0020575,001,00530,"Solids, total suspended",2.5,C2,AVG,Concentration2,mg/L,2.5,mg/L,30,mg/L,,06/30/2020
PR0020575,001,00530,"Solids, total suspended",16,Q2,AVG,Quantity2,kg/d,16,kg/d,204,kg/d,,07/31/2020
PR0020575,001,00530,"Solids, total suspended",11,Q1,AVG,Quantity1,kg/d,11,kg/d,136,kg/d,,07/31/2020
PR0020575,001,00530,"Solids, total suspended",4,C2,AVG,Concentration2,mg/L,4,mg/L,30,mg/L,,07/31/2020
PR0020575,001,00530,"Solids, total suspended",6,C3,AVG,Concentration3,mg/L,6,mg/L,45,mg/L,,07/31/2020
PR0020575,001,00530,"Solids, total suspended",8,C3,AVG,Concentration3,mg/L,8,mg/L,45,mg/L,,08/31/2020
PR0020575,001,00530,"Solids, total suspended",23,Q2,AVG,Quantity2,kg/d,23,kg/d,204,kg/d,,08/31/2020
PR0020575,001,00530,"Solids, total suspended",12,Q1,AVG,Quantity1,kg/d,12,kg/d,136,kg/d,,08/31/2020
PR0020575,001,00530,"Solids, total suspended",4,C2,AVG,Concentration2,mg/L,4,mg/L,30,mg/L,,08/31/2020
PR0020575,001,00530,"Solids, total suspended",8,Q1,AVG,Quantity1,kg/d,8,kg/d,136,kg/d,,09/30/2020
PR0020575,001,00530,"Solids, total suspended",3,C2,AVG,Concentration2,mg/L,3,mg/L,30,mg/L,,09/30/2020
PR0020575,001,00530,"Solids, total suspended",9,Q2,AVG,Quantity2,kg/d,9,kg/d,204,kg/d,,09/30/2020
PR0020575,001,00530,"Solids, total suspended",4,C3,AVG,Concentration3,mg/L,4,mg/L,45,mg/L,,09/30/2020
PR0020575,001,00530,"Solids, total suspended",14,Q2,AVG,Quantity2,kg/d,14,kg/d,204,kg/d,,10/31/2020
PR0020575,001,00530,"Solids, total suspended",11,Q1,AVG,Quantity1,kg/d,11,kg/d,136,kg/d,,10/31/2020
PR0020575,001,00530,"Solids, total suspended",3,C2,AVG,Concentration2,mg/L,3,mg/L,30,mg/L,,10/31/2020
PR0020575,001,00530,"Solids, total suspended",4,C3,AVG,Concentration3,mg/L,4,mg/L,45,mg/L,,10/31/2020
PR0020575,001,00530,"Solids, total suspended",15,Q1,AVG,Quantity1,kg/d,15,kg/d,136,kg/d,,11/30/2020
PR0020575,001,00530,"Solids, total suspended",4,C2,AVG,Concentration2,mg/L,4,mg/L,30,mg/L,,11/30/2020
PR0020575,001,00530,"Solids, total suspended",23,Q2,AVG,Quantity2,kg/d,23,kg/d,204,kg/d,,11/30/2020
PR0020575,001,00530,"Solids, total suspended",5,C3,AVG,Concentration3,mg/L,5,mg/L,45,mg/L,,11/30/2020
PR0020575,001,00530,"Solids, total suspended",9,C3,AVG,Concentration3,mg/L,9,mg/L,45,mg/L,,12/31/2020
PR0020575,001,00530,"Solids, total suspended",19,Q2,AVG,Quantity2,kg/d,19,kg/d,204,kg/d,,12/31/2020
PR0020575,001,00530,"Solids, total suspended",13,Q1,AVG,Quantity1,kg/d,13,kg/d,136,kg/d,,12/31/2020
PR0020575,001,00530,"Solids, total suspended",5,C2,AVG,Concentration2,mg/L,5,mg/L,30,mg/L,,12/31/2020
PR0020575,001,00530,"Solids, total suspended",11,Q1,AVG,Quantity1,kg/d,11,kg/d,136,kg/d,,01/31/2021
PR0020575,001,00530,"Solids, total suspended",4,C2,AVG,Concentration2,mg/L,4,mg/L,30,mg/L,,01/31/2021
PR0020575,001,00530,"Solids, total suspended",13,Q2,AVG,Quantity2,kg/d,13,kg/d,204,kg/d,,01/31/2021
PR0020575,001,00530,"Solids, total suspended",5,C3,AVG,Concentration3,mg/L,5,mg/L,45,mg/L,,01/31/2021
PR0020575,001,00530,"Solids, total suspended",8,C3,AVG,Concentration3,mg/L,8,mg/L,45,mg/L,,02/28/2021
PR0020575,001,00530,"Solids, total suspended",6,C2,AVG,Concentration2,mg/L,6,mg/L,30,mg/L,,02/28/2021
PR0020575,001,00530,"Solids, total suspended",13,Q1,AVG,Quantity1,kg/d,13,kg/d,136,kg/d,,02/28/2021
PR0020575,001,00530,"Solids, total suspended",19,Q2,AVG,Quantity2,kg/d,19,kg/d,204,kg/d,,02/28/2021
PR0020575,001,00530,"Solids, total suspended",12,C2,AVG,Concentration2,mg/L,12,mg/L,30,mg/L,,03/31/2021
PR0020575,001,00530,"Solids, total suspended",29,Q1,AVG,Quantity1,kg/d,29,kg/d,136,kg/d,,03/31/2021
PR0020575,001,00530,"Solids, total suspended",105,Q2,AVG,Quantity2,kg/d,105,kg/d,204,kg/d,,03/31/2021
PR0020575,001,00530,"Solids, total suspended",46,C3,AVG,Concentration3,mg/L,46,mg/L,45,mg/L,,03/31/2021
PR0020575,001,00530,"Solids, total suspended",10,C3,AVG,Concentration3,mg/L,10,mg/L,45,mg/L,,04/30/2021
PR0020575,001,00530,"Solids, total suspended",28,Q1,AVG,Quantity1,kg/d,28,kg/d,136,kg/d,,04/30/2021
PR0020575,001,00530,"Solids, total suspended",5,C2,AVG,Concentration2,mg/L,5,mg/L,30,mg/L,,04/30/2021
PR0020575,001,00530,"Solids, total suspended",76,Q2,AVG,Quantity2,kg/d,76,kg/d,204,kg/d,,04/30/2021
PR0020575,001,00530,"Solids, total suspended",8,Q1,AVG,Quantity1,kg/d,8,kg/d,136,kg/d,,05/31/2021
PR0020575,001,00530,"Solids, total suspended",4,C2,AVG,Concentration2,mg/L,4,mg/L,30,mg/L,,05/31/2021
PR0020575,001,00530,"Solids, total suspended",8,Q2,AVG,Quantity2,kg/d,8,kg/d,204,kg/d,,05/31/2021
PR0020575,001,00530,"Solids, total suspended",5,C3,AVG,Concentration3,mg/L,5,mg/L,45,mg/L,,05/31/2021
PR0020575,001,00530,"Solids, total suspended",8,C3,AVG,Concentration3,mg/L,8,mg/L,45,mg/L,,06/30/2021
PR0020575,001,00530,"Solids, total suspended",18,Q1,AVG,Quantity1,kg/d,18,kg/d,136,kg/d,,06/30/2021
PR0020575,001,00530,"Solids, total suspended",6,C2,AVG,Concentration2,mg/L,6,mg/L,30,mg/L,,06/30/2021
PR0020575,001,00530,"Solids, total suspended",25,Q2,AVG,Quantity2,kg/d,25,kg/d,204,kg/d,,06/30/2021
PR0020575,001,00530,"Solids, total suspended",51,Q2,AVG,Quantity2,kg/d,51,kg/d,204,kg/d,,07/31/2021
PR0020575,001,00530,"Solids, total suspended",16,C3,AVG,Concentration3,mg/L,16,mg/L,45,mg/L,,07/31/2021
PR0020575,001,00530,"Solids, total suspended",41,Q1,AVG,Quantity1,kg/d,41,kg/d,136,kg/d,,07/31/2021
PR0020575,001,00530,"Solids, total suspended",13,C2,AVG,Concentration2,mg/L,13,mg/L,30,mg/L,,07/31/2021
PR0020575,001,00530,"Solids, total suspended",23,C3,AVG,Concentration3,mg/L,23,mg/L,45,mg/L,,08/31/2021
PR0020575,001,00530,"Solids, total suspended",44,Q2,AVG,Quantity2,kg/d,44,kg/d,204,kg/d,,08/31/2021
PR0020575,001,00530,"Solids, total suspended",11,C2,AVG,Concentration2,mg/L,11,mg/L,30,mg/L,,08/31/2021
PR0020575,001,00530,"Solids, total suspended",28,Q1,AVG,Quantity1,kg/d,28,kg/d,136,kg/d,,08/31/2021
PR0020575,001,00530,"Solids, total suspended",20,Q2,AVG,Quantity2,kg/d,20,kg/d,204,kg/d,,09/30/2021
PR0020575,001,00530,"Solids, total suspended",13,Q1,AVG,Quantity1,kg/d,13,kg/d,136,kg/d,,09/30/2021
PR0020575,001,00530,"Solids, total suspended",5,C2,AVG,Concentration2,mg/L,5,mg/L,30,mg/L,,09/30/2021
PR0020575,001,00530,"Solids, total suspended",10,C3,AVG,Concentration3,mg/L,10,mg/L,45,mg/L,,09/30/2021
PR0020575,001,00530,"Solids, total suspended",13,Q1,AVG,Quantity1,kg/d,13,kg/d,136,kg/d,,10/31/2021
PR0020575,001,00530,"Solids, total suspended",22,Q2,AVG,Quantity2,kg/d,22,kg/d,204,kg/d,,10/31/2021
PR0020575,001,00530,"Solids, total suspended",6,C3,AVG,Concentration3,mg/L,6,mg/L,45,mg/L,,10/31/2021
PR0020575,001,00530,"Solids, total suspended",4,C2,AVG,Concentration2,mg/L,4,mg/L,30,mg/L,,10/31/2021
PR0020575,001,00530,"Solids, total suspended",10,Q1,AVG,Quantity1,kg/d,10,kg/d,136,kg/d,,11/30/2021
PR0020575,001,00530,"Solids, total suspended",3,C2,AVG,Concentration2,mg/L,3,mg/L,30,mg/L,,11/30/2021
PR0020575,001,00530,"Solids, total suspended",11,Q2,AVG,Quantity2,kg/d,11,kg/d,204,kg/d,,11/30/2021
PR0020575,001,00530,"Solids, total suspended",4,C3,AVG,Concentration3,mg/L,4,mg/L,45,mg/L,,11/30/2021
PR0020575,001,00530,"Solids, total suspended",4,C2,AVG,Concentration2,mg/L,4,mg/L,30,mg/L,,12/31/2021
PR0020575,001,00530,"Solids, total suspended",16,Q1,AVG,Quantity1,kg/d,16,kg/d,136,kg/d,,12/31/2021
PR0020575,001,00530,"Solids, total suspended",6,C3,AVG,Concentration3,mg/L,6,mg/L,45,mg/L,,12/31/2021
PR0020575,001,00530,"Solids, total suspended",28,Q2,AVG,Quantity2,kg/d,28,kg/d,204,kg/d,,12/31/2021
PR0020575,001,00530,"Solids, total suspended",17,Q2,AVG,Quantity2,kg/d,17,kg/d,204,kg/d,,01/31/2022
PR0020575,001,00530,"Solids, total suspended",4,C2,AVG,Concentration2,mg/L,4,mg/L,30,mg/L,,01/31/2022
PR0020575,001,00530,"Solids, total suspended",12,Q1,AVG,Quantity1,kg/d,12,kg/d,136,kg/d,,01/31/2022
PR0020575,001,00530,"Solids, total suspended",6,C3,AVG,Concentration3,mg/L,6,mg/L,45,mg/L,,01/31/2022
PR0020575,001,00530,"Solids, total suspended",3,C3,AVG,Concentration3,mg/L,3,mg/L,45,mg/L,,02/28/2022
PR0020575,001,00530,"Solids, total suspended",8,Q2,AVG,Quantity2,kg/d,8,kg/d,204,kg/d,,02/28/2022
PR0020575,001,00530,"Solids, total suspended",3,C2,AVG,Concentration2,mg/L,3,mg/L,30,mg/L,,02/28/2022
PR0020575,001,00530,"Solids, total suspended",6,Q1,AVG,Quantity1,kg/d,6,kg/d,136,kg/d,,02/28/2022
PR0020575,001,00530,"Solids, total suspended",13,Q1,AVG,Quantity1,kg/d,13,kg/d,136,kg/d,,03/31/2022
PR0020575,001,00530,"Solids, total suspended",7,C3,AVG,Concentration3,mg/L,7,mg/L,45,mg/L,,03/31/2022
PR0020575,001,00530,"Solids, total suspended",18,Q2,AVG,Quantity2,kg/d,18,kg/d,204,kg/d,,03/31/2022
PR0020575,001,00530,"Solids, total suspended",5,C2,AVG,Concentration2,mg/L,5,mg/L,30,mg/L,,03/31/2022
PR0020575,001,00530,"Solids, total suspended",15,C3,AVG,Concentration3,mg/L,15,mg/L,45,mg/L,,04/30/2022
PR0020575,001,00530,"Solids, total suspended",52,Q2,AVG,Quantity2,kg/d,52,kg/d,204,kg/d,,04/30/2022
PR0020575,001,00530,"Solids, total suspended",6,C2,AVG,Concentration2,mg/L,6,mg/L,30,mg/L,,04/30/2022
PR0020575,001,00530,"Solids, total suspended",18,Q1,AVG,Quantity1,kg/d,18,kg/d,136,kg/d,,04/30/2022
PR0020575,001,00530,"Solids, total suspended",9,Q2,AVG,Quantity2,kg/d,9,kg/d,204,kg/d,,05/31/2022
PR0020575,001,00530,"Solids, total suspended",8,Q1,AVG,Quantity1,kg/d,8,kg/d,136,kg/d,,05/31/2022
PR0020575,001,00530,"Solids, total suspended",3,C2,AVG,Concentration2,mg/L,3,mg/L,30,mg/L,,05/31/2022
PR0020575,001,00530,"Solids, total suspended",3,C3,AVG,Concentration3,mg/L,3,mg/L,45,mg/L,,05/31/2022
PR0020575,001,00530,"Solids, total suspended",8,Q1,AVG,Quantity1,kg/d,8,kg/d,136,kg/d,,06/30/2022
PR0020575,001,00530,"Solids, total suspended",3,C2,AVG,Concentration2,mg/L,3,mg/L,30,mg/L,,06/30/2022
PR0020575,001,00530,"Solids, total suspended",4,C3,AVG,Concentration3,mg/L,4,mg/L,45,mg/L,,06/30/2022
PR0020575,001,00530,"Solids, total suspended",11,Q2,AVG,Quantity2,kg/d,11,kg/d,204,kg/d,,06/30/2022
PR0020575,001,00530,"Solids, total suspended",7,Q1,AVG,Quantity1,kg/d,7,kg/d,136,kg/d,,07/31/2022
PR0020575,001,00530,"Solids, total suspended",3,C2,AVG,Concentration2,mg/L,3,mg/L,30,mg/L,,07/31/2022
PR0020575,001,00530,"Solids, total suspended",7,Q2,AVG,Quantity2,kg/d,7,kg/d,204,kg/d,,07/31/2022
PR0020575,001,00530,"Solids, total suspended",3,C3,AVG,Concentration3,mg/L,3,mg/L,45,mg/L,,07/31/2022
PR0020575,001,00530,"Solids, total suspended",12,Q1,AVG,Quantity1,kg/d,12,kg/d,136,kg/d,,08/31/2022
PR0020575,001,00530,"Solids, total suspended",4,C2,AVG,Concentration2,mg/L,4,mg/L,30,mg/L,,08/31/2022
PR0020575,001,00530,"Solids, total suspended",5,C3,AVG,Concentration3,mg/L,5,mg/L,45,mg/L,,08/31/2022
PR0020575,001,00530,"Solids, total suspended",16,Q2,AVG,Quantity2,kg/d,16,kg/d,204,kg/d,,08/31/2022
PR0020575,001,00530,"Solids, total suspended",43,Q2,AVG,Quantity2,kg/d,43,kg/d,204,kg/d,,09/30/2022
PR0020575,001,00530,"Solids, total suspended",14,C3,AVG,Concentration3,mg/L,14,mg/L,45,mg/L,,09/30/2022
PR0020575,001,00530,"Solids, total suspended",7,C2,AVG,Concentration2,mg/L,7,mg/L,30,mg/L,,09/30/2022
PR0020575,001,00530,"Solids, total suspended",22,Q1,AVG,Quantity1,kg/d,22,kg/d,136,kg/d,,09/30/2022
PR0020575,001,00530,"Solids, total suspended",27,C3,AVG,Concentration3,mg/L,27,mg/L,45,mg/L,,10/31/2022
PR0020575,001,00530,"Solids, total suspended",63,Q1,AVG,Quantity1,kg/d,63,kg/d,136,kg/d,,10/31/2022
PR0020575,001,00530,"Solids, total suspended",11,C2,AVG,Concentration2,mg/L,11,mg/L,30,mg/L,,10/31/2022
PR0020575,001,00530,"Solids, total suspended",200,Q2,AVG,Quantity2,kg/d,200,kg/d,204,kg/d,,10/31/2022
PR0020575,001,00530,"Solids, total suspended",5,C2,AVG,Concentration2,mg/L,5,mg/L,30,mg/L,,11/30/2022
PR0020575,001,00530,"Solids, total suspended",23,Q1,AVG,Quantity1,kg/d,23,kg/d,136,kg/d,,11/30/2022
PR0020575,001,00530,"Solids, total suspended",43,Q2,AVG,Quantity2,kg/d,43,kg/d,204,kg/d,,11/30/2022
PR0020575,001,00530,"Solids, total suspended",9,C3,AVG,Concentration3,mg/L,9,mg/L,45,mg/L,,11/30/2022
PR0020575,001,00530,"Solids, total suspended",3,C3,AVG,Concentration3,mg/L,3,mg/L,45,mg/L,,12/31/2022
PR0020575,001,00530,"Solids, total suspended",7,Q1,AVG,Quantity1,kg/d,7,kg/d,136,kg/d,,12/31/2022
PR0020575,001,00530,"Solids, total suspended",8,Q2,AVG,Quantity2,kg/d,8,kg/d,204,kg/d,,12/31/2022
PR0020575,001,00530,"Solids, total suspended",3,C2,AVG,Concentration2,mg/L,3,mg/L,30,mg/L,,12/31/2022
PR0020575,001,00530,"Solids, total suspended",28,Q2,AVG,Quantity2,kg/d,28,kg/d,204,kg/d,,01/31/2023
PR0020575,001,00530,"Solids, total suspended",13,Q1,AVG,Quantity1,kg/d,13,kg/d,136,kg/d,,01/31/2023
PR0020575,001,00530,"Solids, total suspended",14,C3,AVG,Concentration3,mg/L,14,mg/L,45,mg/L,,01/31/2023
PR0020575,001,00530,"Solids, total suspended",6,C2,AVG,Concentration2,mg/L,6,mg/L,30,mg/L,,01/31/2023
PR0020575,001,00530,"Solids, total suspended",5,C3,AVG,Concentration3,mg/L,5,mg/L,45,mg/L,,02/28/2023
PR0020575,001,00530,"Solids, total suspended",9,Q2,AVG,Quantity2,kg/d,9,kg/d,204,kg/d,,02/28/2023
PR0020575,001,00530,"Solids, total suspended",5,C2,AVG,Concentration2,mg/L,5,mg/L,30,mg/L,,02/28/2023
PR0020575,001,00530,"Solids, total suspended",8,Q1,AVG,Quantity1,kg/d,8,kg/d,136,kg/d,,02/28/2023
PR0020575,001,00530,"Solids, total suspended",8,Q1,AVG,Quantity1,kg/d,8,kg/d,136,kg/d,,03/31/2023
PR0020575,001,00530,"Solids, total suspended",11,Q2,AVG,Quantity2,kg/d,11,kg/d,204,kg/d,,03/31/2023
PR0020575,001,00530,"Solids, total suspended",5,C2,AVG,Concentration2,mg/L,5,mg/L,30,mg/L,,03/31/2023
PR0020575,001,00530,"Solids, total suspended",6,C3,AVG,Concentration3,mg/L,6,mg/L,45,mg/L,,03/31/2023
PR0020575,001,00530,"Solids, total suspended",8,Q1,AVG,Quantity1,kg/d,8,kg/d,136,kg/d,,04/30/2023
PR0020575,001,00530,"Solids, total suspended",4,C2,AVG,Concentration2,mg/L,4,mg/L,30,mg/L,,04/30/2023
PR0020575,001,00530,"Solids, total suspended",7,C3,AVG,Concentration3,mg/L,7,mg/L,45,mg/L,,04/30/2023
PR0020575,001,00530,"Solids, total suspended",11,Q2,AVG,Quantity2,kg/d,11,kg/d,204,kg/d,,04/30/2023
PR0020575,001,00530,"Solids, total suspended",6,Q1,AVG,Quantity1,kg/d,6,kg/d,136,kg/d,,05/31/2023
PR0020575,001,00530,"Solids, total suspended",4,C2,AVG,Concentration2,mg/L,4,mg/L,30,mg/L,,05/31/2023
PR0020575,001,00530,"Solids, total suspended",5,C3,AVG,Concentration3,mg/L,5,mg/L,45,mg/L,,05/31/2023
PR0020575,001,00530,"Solids, total suspended",8,Q2,AVG,Quantity2,kg/d,8,kg/d,204,kg/d,,05/31/2023
PR0020575,001,00530,"Solids, total suspended",23,Q2,AVG,Quantity2,kg/d,23,kg/d,204,kg/d,,06/30/2023
PR0020575,001,00530,"Solids, total suspended",14,Q1,AVG,Quantity1,kg/d,14,kg/d,136,kg/d,,06/30/2023
PR0020575,001,00530,"Solids, total suspended",7,C2,AVG,Concentration2,mg/L,7,mg/L,30,mg/L,,06/30/2023
PR0020575,001,00530,"Solids, total suspended",11,C3,AVG,Concentration3,mg/L,11,mg/L,45,mg/L,,06/30/2023
PR0020575,001,00530,"Solids, total suspended",9,C2,AVG,Concentration2,mg/L,9,mg/L,30,mg/L,,07/31/2023
PR0020575,001,00530,"Solids, total suspended",23,Q1,AVG,Quantity1,kg/d,23,kg/d,136,kg/d,,07/31/2023
PR0020575,001,00530,"Solids, total suspended",27,Q2,AVG,Quantity2,kg/d,27,kg/d,204,kg/d,,07/31/2023
PR0020575,001,00530,"Solids, total suspended",11,C3,AVG,Concentration3,mg/L,11,mg/L,45,mg/L,,07/31/2023
PR0020575,001,00530,"Solids, total suspended",10,C2,AVG,Concentration2,mg/L,10,mg/L,30,mg/L,,08/31/2023
PR0020575,001,00530,"Solids, total suspended",24,Q1,AVG,Quantity1,kg/d,24,kg/d,136,kg/d,,08/31/2023
PR0020575,001,00530,"Solids, total suspended",18,C3,AVG,Concentration3,mg/L,18,mg/L,45,mg/L,,08/31/2023
PR0020575,001,00530,"Solids, total suspended",43,Q2,AVG,Quantity2,kg/d,43,kg/d,204,kg/d,,08/31/2023
PR0020575,001,00530,"Solids, total suspended",11,C2,AVG,Concentration2,mg/L,11,mg/L,30,mg/L,,09/30/2023
PR0020575,001,00530,"Solids, total suspended",20,Q1,AVG,Quantity1,kg/d,20,kg/d,136,kg/d,,09/30/2023
PR0020575,001,00530,"Solids, total suspended",19,C3,AVG,Concentration3,mg/L,19,mg/L,45,mg/L,,09/30/2023
PR0020575,001,00530,"Solids, total suspended",43,Q2,AVG,Quantity2,kg/d,43,kg/d,204,kg/d,,09/30/2023
PR0020575,001,00530,"Solids, total suspended",6,C2,AVG,Concentration2,mg/L,6,mg/L,30,mg/L,,10/31/2023
PR0020575,001,00530,"Solids, total suspended",21,Q2,AVG,Quantity2,kg/d,21,kg/d,204,kg/d,,10/31/2023
PR0020575,001,00530,"Solids, total suspended",8,C3,AVG,Concentration3,mg/L,8,mg/L,45,mg/L,,10/31/2023
PR0020575,001,00530,"Solids, total suspended",14,Q1,AVG,Quantity1,kg/d,14,kg/d,136,kg/d,,10/31/2023
PR0020575,001,00530,"Solids, total suspended",8,C2,AVG,Concentration2,mg/L,8,mg/L,30,mg/L,,11/30/2023
PR0020575,001,00530,"Solids, total suspended",13,Q1,AVG,Quantity1,kg/d,13,kg/d,136,kg/d,,11/30/2023
PR0020575,001,00530,"Solids, total suspended",21,Q2,AVG,Quantity2,kg/d,21,kg/d,204,kg/d,,11/30/2023
PR0020575,001,00530,"Solids, total suspended",11,C3,AVG,Concentration3,mg/L,11,mg/L,45,mg/L,,11/30/2023
PR0020575,001,00530,"Solids, total suspended",20,Q1,AVG,Quantity1,kg/d,20,kg/d,136,kg/d,,12/31/2023
PR0020575,001,00530,"Solids, total suspended",14,C3,AVG,Concentration3,mg/L,14,mg/L,45,mg/L,,12/31/2023
PR0020575,001,00530,"Solids, total suspended",9,C2,AVG,Concentration2,mg/L,9,mg/L,30,mg/L,,12/31/2023
PR0020575,001,00530,"Solids, total suspended",28,Q2,AVG,Quantity2,kg/d,28,kg/d,204,kg/d,,12/31/2023
PR0020575,001,00530,"Solids, total suspended",30,Q2,AVG,Quantity2,kg/d,30,kg/d,204,kg/d,,01/31/2024
PR0020575,001,00530,"Solids, total suspended",20,Q1,AVG,Quantity1,kg/d,20,kg/d,136,kg/d,,01/31/2024
PR0020575,001,00530,"Solids, total suspended",10,C2,AVG,Concentration2,mg/L,10,mg/L,30,mg/L,,01/31/2024
PR0020575,001,00530,"Solids, total suspended",13,C3,AVG,Concentration3,mg/L,13,mg/L,45,mg/L,,01/31/2024
PR0020575,001,00530,"Solids, total suspended",13,C3,AVG,Concentration3,mg/L,13,mg/L,45,mg/L,,02/29/2024
PR0020575,001,00530,"Solids, total suspended",25,Q2,AVG,Quantity2,kg/d,25,kg/d,204,kg/d,,02/29/2024
PR0020575,001,00530,"Solids, total suspended",8,C2,AVG,Concentration2,mg/L,8,mg/L,30,mg/L,,02/29/2024
PR0020575,001,00530,"Solids, total suspended",16,Q1,AVG,Quantity1,kg/d,16,kg/d,136,kg/d,,02/29/2024
PR0020575,001,00530,"Solids, total suspended",9,Q2,AVG,Quantity2,kg/d,9,kg/d,204,kg/d,,03/31/2024
PR0020575,001,00530,"Solids, total suspended",8,Q1,AVG,Quantity1,kg/d,8,kg/d,136,kg/d,,03/31/2024
PR0020575,001,00530,"Solids, total suspended",2,C2,AVG,Concentration2,mg/L,2,mg/L,30,mg/L,,03/31/2024
PR0020575,001,00530,"Solids, total suspended",2,C3,AVG,Concentration3,mg/L,2,mg/L,45,mg/L,,03/31/2024
PR0020575,001,00530,"Solids, total suspended",15,Q1,AVG,Quantity1,kg/d,15,kg/d,136,kg/d,,04/30/2024
PR0020575,001,00530,"Solids, total suspended",4,C2,AVG,Concentration2,mg/L,4,mg/L,30,mg/L,,04/30/2024
PR0020575,001,00530,"Solids, total suspended",8,C3,AVG,Concentration3,mg/L,8,mg/L,45,mg/L,,04/30/2024
PR0020575,001,00530,"Solids, total suspended",30,Q2,AVG,Quantity2,kg/d,30,kg/d,204,kg/d,,04/30/2024
PR0020575,001,00530,"Solids, total suspended",11,Q1,AVG,Quantity1,kg/d,11,kg/d,136,kg/d,,05/31/2024
PR0020575,001,00530,"Solids, total suspended",3,C2,AVG,Concentration2,mg/L,3,mg/L,30,mg/L,,05/31/2024
PR0020575,001,00530,"Solids, total suspended",26,Q2,AVG,Quantity2,kg/d,26,kg/d,204,kg/d,,05/31/2024
PR0020575,001,00530,"Solids, total suspended",4,C3,AVG,Concentration3,mg/L,4,mg/L,45,mg/L,,05/31/2024
PR0020575,001,00530,"Solids, total suspended",2.5,C3,AVG,Concentration3,mg/L,2.5,mg/L,45,mg/L,,06/30/2024
PR0020575,001,00530,"Solids, total suspended",8,Q1,AVG,Quantity1,kg/d,8,kg/d,136,kg/d,,06/30/2024
PR0020575,001,00530,"Solids, total suspended",10,Q2,AVG,Quantity2,kg/d,10,kg/d,204,kg/d,,06/30/2024
PR0020575,001,00530,"Solids, total suspended",2.5,C2,AVG,Concentration2,mg/L,2.5,mg/L,30,mg/L,,06/30/2024
PR0020575,001,00530,"Solids, total suspended",8,Q1,AVG,Quantity1,kg/d,8,kg/d,136,kg/d,,07/31/2024
PR0020575,001,00530,"Solids, total suspended",3,C2,AVG,Concentration2,mg/L,3,mg/L,30,mg/L,,07/31/2024
PR0020575,001,00530,"Solids, total suspended",9,Q2,AVG,Quantity2,kg/d,9,kg/d,204,kg/d,,07/31/2024
PR0020575,001,00530,"Solids, total suspended",3,C3,AVG,Concentration3,mg/L,3,mg/L,45,mg/L,,07/31/2024
PR0020575,001,00530,"Solids, total suspended",23,C3,AVG,Concentration3,mg/L,23,mg/L,45,mg/L,,08/31/2024
PR0020575,001,00530,"Solids, total suspended",117,Q2,AVG,Quantity2,kg/d,117,kg/d,204,kg/d,,08/31/2024
PR0020575,001,00530,"Solids, total suspended",11,C2,AVG,Concentration2,mg/L,11,mg/L,30,mg/L,,08/31/2024
PR0020575,001,00530,"Solids, total suspended",43,Q1,AVG,Quantity1,kg/d,43,kg/d,136,kg/d,,08/31/2024
PR0020575,001,00530,"Solids, total suspended",6,C2,AVG,Concentration2,mg/L,6,mg/L,30,mg/L,,09/30/2024
PR0020575,001,00530,"Solids, total suspended",23,Q1,AVG,Quantity1,kg/d,23,kg/d,136,kg/d,,09/30/2024
PR0020575,001,00530,"Solids, total suspended",31,Q2,AVG,Quantity2,kg/d,31,kg/d,204,kg/d,,09/30/2024
PR0020575,001,00530,"Solids, total suspended",8,C3,AVG,Concentration3,mg/L,8,mg/L,45,mg/L,,09/30/2024
PR0020575,001,00530,"Solids, total suspended",20,Q1,AVG,Quantity1,kg/d,20,kg/d,136,kg/d,,10/31/2024
PR0020575,001,00530,"Solids, total suspended",5,C2,AVG,Concentration2,mg/L,5,mg/L,30,mg/L,,10/31/2024
PR0020575,001,00530,"Solids, total suspended",7,C3,AVG,Concentration3,mg/L,7,mg/L,45,mg/L,,10/31/2024
PR0020575,001,00530,"Solids, total suspended",31,Q2,AVG,Quantity2,kg/d,31,kg/d,204,kg/d,,10/31/2024
PR0020575,001,00530,"Solids, total suspended",16,Q1,AVG,Quantity1,kg/d,16,kg/d,136,kg/d,,11/30/2024
PR0020575,001,00530,"Solids, total suspended",4,C2,AVG,Concentration2,mg/L,4,mg/L,30,mg/L,,11/30/2024
PR0020575,001,00530,"Solids, total suspended",21,Q2,AVG,Quantity2,kg/d,21,kg/d,204,kg/d,,11/30/2024
PR0020575,001,00530,"Solids, total suspended",5,C3,AVG,Concentration3,mg/L,5,mg/L,45,mg/L,,11/30/2024
PR0020575,001,00530,"Solids, total suspended",16,C3,AVG,Concentration3,mg/L,16,mg/L,45,mg/L,,12/31/2024
PR0020575,001,00530,"Solids, total suspended",9,C2,AVG,Concentration2,mg/L,9,mg/L,30,mg/L,,12/31/2024
PR0020575,001,00530,"Solids, total suspended",72,Q2,AVG,Quantity2,kg/d,72,kg/d,204,kg/d,,12/31/2024
PR0020575,001,00530,"Solids, total suspended",40,Q1,AVG,Quantity1,kg/d,40,kg/d,136,kg/d,,12/31/2024
PR0020575,001,00530,"Solids, total suspended",27,Q1,AVG,Quantity1,kg/d,27,kg/d,136,kg/d,,01/31/2025
PR0020575,001,00530,"Solids, total suspended",7,C2,AVG,Concentration2,mg/L,7,mg/L,30,mg/L,,01/31/2025
PR0020575,001,00530,"Solids, total suspended",43,Q2,AVG,Quantity2,kg/d,43,kg/d,204,kg/d,,01/31/2025
PR0020575,001,00530,"Solids, total suspended",11,C3,AVG,Concentration3,mg/L,11,mg/L,45,mg/L,,01/31/2025
PR0020575,001,00530,"Solids, total suspended",32,Q1,AVG,Quantity1,kg/d,32,kg/d,136,kg/d,,02/28/2025
PR0020575,001,00530,"Solids, total suspended",60,Q2,AVG,Quantity2,kg/d,60,kg/d,204,kg/d,,02/28/2025
PR0020575,001,00530,"Solids, total suspended",16,C3,AVG,Concentration3,mg/L,16,mg/L,45,mg/L,,02/28/2025
PR0020575,001,00530,"Solids, total suspended",9,C2,AVG,Concentration2,mg/L,9,mg/L,30,mg/L,,02/28/2025
PR0020575,001,00530,"Solids, total suspended",31,Q1,AVG,Quantity1,kg/d,31,kg/d,136,kg/d,,03/31/2025
PR0020575,001,00530,"Solids, total suspended",9,C2,AVG,Concentration2,mg/L,9,mg/L,30,mg/L,,03/31/2025
PR0020575,001,00530,"Solids, total suspended",45,Q2,AVG,Quantity2,kg/d,45,kg/d,204,kg/d,,03/31/2025
PR0020575,001,00530,"Solids, total suspended",13,C3,AVG,Concentration3,mg/L,13,mg/L,45,mg/L,,03/31/2025
PR0020575,001,00530,"Solids, total suspended",10,C3,AVG,Concentration3,mg/L,10,mg/L,45,mg/L,,04/30/2025
PR0020575,001,00530,"Solids, total suspended",33,Q2,AVG,Quantity2,kg/d,33,kg/d,204,kg/d,,04/30/2025
PR0020575,001,00530,"Solids, total suspended",6,C2,AVG,Concentration2,mg/L,6,mg/L,30,mg/L,,04/30/2025
PR0020575,001,00530,"Solids, total suspended",24,Q1,AVG,Quantity1,kg/d,24,kg/d,136,kg/d,,04/30/2025
PR0020575,001,00530,"Solids, total suspended",21,Q2,AVG,Quantity2,kg/d,21,kg/d,204,kg/d,,05/31/2025
PR0020575,001,00530,"Solids, total suspended",5,C2,AVG,Concentration2,mg/L,5,mg/L,30,mg/L,,05/31/2025
PR0020575,001,00530,"Solids, total suspended",18,Q1,AVG,Quantity1,kg/d,18,kg/d,136,kg/d,,05/31/2025
PR0020575,001,00530,"Solids, total suspended",6,C3,AVG,Concentration3,mg/L,6,mg/L,45,mg/L,,05/31/2025
PR0020575,001,00530,"Solids, total suspended",7,C3,AVG,Concentration3,mg/L,7,mg/L,45,mg/L,,06/30/2025
PR0020575,001,00530,"Solids, total suspended",26,Q2,AVG,Quantity2,kg/d,26,kg/d,204,kg/d,,06/30/2025
PR0020575,001,00530,"Solids, total suspended",20,Q1,AVG,Quantity1,kg/d,20,kg/d,136,kg/d,,06/30/2025
PR0020575,001,00530,"Solids, total suspended",6,C2,AVG,Concentration2,mg/L,6,mg/L,30,mg/L,,06/30/2025
PR0020575,001,00530,"Solids, total suspended",10,C2,AVG,Concentration2,mg/L,10,mg/L,30,mg/L,,07/31/2025
PR0020575,001,00530,"Solids, total suspended",36,Q1,AVG,Quantity1,kg/d,36,kg/d,136,kg/d,,07/31/2025
PR0020575,001,00530,"Solids, total suspended",44,Q2,AVG,Quantity2,kg/d,44,kg/d,204,kg/d,,07/31/2025
PR0020575,001,00530,"Solids, total suspended",11,C3,AVG,Concentration3,mg/L,11,mg/L,45,mg/L,,07/31/2025
PR0020575,001,00530,"Solids, total suspended",6,C3,AVG,Concentration3,mg/L,6,mg/L,45,mg/L,,08/31/2025
PR0020575,001,00530,"Solids, total suspended",5,C2,AVG,Concentration2,mg/L,5,mg/L,30,mg/L,,08/31/2025
PR0020575,001,00530,"Solids, total suspended",21,Q1,AVG,Quantity1,kg/d,21,kg/d,136,kg/d,,08/31/2025
PR0020575,001,00530,"Solids, total suspended",27,Q2,AVG,Quantity2,kg/d,27,kg/d,204,kg/d,,08/31/2025
PR0020575,001,00530,"Solids, total suspended",4,C2,AVG,Concentration2,mg/L,4,mg/L,30,mg/L,,09/30/2025
PR0020575,001,00530,"Solids, total suspended",16,Q1,AVG,Quantity1,kg/d,16,kg/d,136,kg/d,,09/30/2025
PR0020575,001,00530,"Solids, total suspended",24,Q2,AVG,Quantity2,kg/d,24,kg/d,204,kg/d,,09/30/2025
PR0020575,001,00530,"Solids, total suspended",7,C3,AVG,Concentration3,mg/L,7,mg/L,45,mg/L,,09/30/2025
PR0020575,001,00530,"Solids, total suspended",8,C3,AVG,Concentration3,mg/L,8,mg/L,45,mg/L,,10/31/2025
PR0020575,001,00530,"Solids, total suspended",19,Q1,AVG,Quantity1,kg/d,19,kg/d,136,kg/d,,10/31/2025
PR0020575,001,00530,"Solids, total suspended",43,Q2,AVG,Quantity2,kg/d,43,kg/d,204,kg/d,,10/31/2025
PR0020575,001,00530,"Solids, total suspended",5,C2,AVG,Concentration2,mg/L,5,mg/L,30,mg/L,,10/31/2025
PR0020575,001,00530,"Solids, total suspended",8,C3,AVG,Concentration3,mg/L,8,mg/L,45,mg/L,,11/30/2025
PR0020575,001,00530,"Solids, total suspended",26,Q1,AVG,Quantity1,kg/d,26,kg/d,136,kg/d,,11/30/2025
PR0020575,001,00530,"Solids, total suspended",7,C2,AVG,Concentration2,mg/L,7,mg/L,30,mg/L,,11/30/2025
PR0020575,001,00530,"Solids, total suspended",30,Q2,AVG,Quantity2,kg/d,30,kg/d,204,kg/d,,11/30/2025
PR0020575,001,00530,"Solids, total suspended",13,C3,AVG,Concentration3,mg/L,13,mg/L,45,mg/L,,12/31/2025
PR0020575,001,00530,"Solids, total suspended",10,C2,AVG,Concentration2,mg/L,10,mg/L,30,mg/L,,12/31/2025
PR0020575,001,00530,"Solids, total suspended",41,Q2,AVG,Quantity2,kg/d,41,kg/d,204,kg/d,,12/31/2025
PR0020575,001,00530,"Solids, total suspended",30,Q1,AVG,Quantity1,kg/d,30,kg/d,136,kg/d,,12/31/2025
PR0020575,001,00530,"Solids, total suspended",51,Q1,AVG,Quantity1,kg/d,51,kg/d,136,kg/d,,01/31/2026
PR0020575,001,00530,"Solids, total suspended",14,C2,AVG,Concentration2,mg/L,14,mg/L,30,mg/L,,01/31/2026
PR0020575,001,00530,"Solids, total suspended",20,C3,AVG,Concentration3,mg/L,20,mg/L,45,mg/L,,01/31/2026
PR0020575,001,00530,"Solids, total suspended",61,Q2,AVG,Quantity2,kg/d,61,kg/d,204,kg/d,,01/31/2026
PR0020575,001,00545,"Solids, settleable",0,C3,MAX,Concentration3,mL/L,0,mg/L,,mL/L,,01/31/2020
PR0020575,001,00545,"Solids, settleable",0,C3,MAX,Concentration3,mL/L,0,mg/L,,mL/L,,02/29/2020
PR0020575,001,00545,"Solids, settleable",0,C3,MAX,Concentration3,mL/L,0,mg/L,,mL/L,,03/31/2020
PR0020575,001,00545,"Solids, settleable",0,C3,MAX,Concentration3,mL/L,0,mg/L,,mL/L,,04/30/2020
PR0020575,001,00545,"Solids, settleable",0,C3,MAX,Concentration3,mL/L,0,mg/L,,mL/L,,05/31/2020
PR0020575,001,00545,"Solids, settleable",0,C3,MAX,Concentration3,mL/L,0,mg/L,,mL/L,,06/30/2020
PR0020575,001,00545,"Solids, settleable",0,C3,MAX,Concentration3,mL/L,0,mg/L,,mL/L,,07/31/2020
PR0020575,001,00545,"Solids, settleable",0,C3,MAX,Concentration3,mL/L,0,mg/L,,mL/L,,08/31/2020
PR0020575,001,00545,"Solids, settleable",0,C3,MAX,Concentration3,mL/L,0,mg/L,,mL/L,,09/30/2020
PR0020575,001,00545,"Solids, settleable",0,C3,MAX,Concentration3,mL/L,0,mg/L,,mL/L,,10/31/2020
PR0020575,001,00545,"Solids, settleable",0,C3,MAX,Concentration3,mL/L,0,mg/L,,mL/L,,11/30/2020
PR0020575,001,00545,"Solids, settleable",0,C3,MAX,Concentration3,mL/L,0,mg/L,,mL/L,,12/31/2020
PR0020575,001,00545,"Solids, settleable",0,C3,MAX,Concentration3,mL/L,0,mg/L,,mL/L,,01/31/2021
PR0020575,001,00545,"Solids, settleable",0,C3,MAX,Concentration3,mL/L,0,mg/L,,mL/L,,02/28/2021
PR0020575,001,00545,"Solids, settleable",0,C3,MAX,Concentration3,mL/L,0,mg/L,,mL/L,,03/31/2021
PR0020575,001,00545,"Solids, settleable",0,C3,MAX,Concentration3,mL/L,0,mg/L,,mL/L,,04/30/2021
PR0020575,001,00545,"Solids, settleable",0,C3,MAX,Concentration3,mL/L,0,mg/L,,mL/L,,05/31/2021
PR0020575,001,00545,"Solids, settleable",0,C3,MAX,Concentration3,mL/L,0,mg/L,,mL/L,,06/30/2021
PR0020575,001,00545,"Solids, settleable",0,C3,MAX,Concentration3,mL/L,0,mg/L,,mL/L,,07/31/2021
PR0020575,001,00545,"Solids, settleable",0,C3,MAX,Concentration3,mL/L,0,mg/L,,mL/L,,08/31/2021
PR0020575,001,00545,"Solids, settleable",0,C3,MAX,Concentration3,mL/L,0,mg/L,,mL/L,,09/30/2021
PR0020575,001,00545,"Solids, settleable",0,C3,MAX,Concentration3,mL/L,0,mg/L,,mL/L,,10/31/2021
PR0020575,001,00545,"Solids, settleable",0,C3,MAX,Concentration3,mL/L,0,mg/L,,mL/L,,11/30/2021
PR0020575,001,00545,"Solids, settleable",0,C3,MAX,Concentration3,mL/L,0,mg/L,,mL/L,,12/31/2021
PR0020575,001,00545,"Solids, settleable",0,C3,MAX,Concentration3,mL/L,0,mg/L,,mL/L,,01/31/2022
PR0020575,001,00545,"Solids, settleable",0,C3,MAX,Concentration3,mL/L,0,mg/L,,mL/L,,02/28/2022
PR0020575,001,00545,"Solids, settleable",0,C3,MAX,Concentration3,mL/L,0,mg/L,,mL/L,,03/31/2022
PR0020575,001,00545,"Solids, settleable",0,C3,MAX,Concentration3,mL/L,0,mg/L,,mL/L,,04/30/2022
PR0020575,001,00545,"Solids, settleable",0,C3,MAX,Concentration3,mL/L,0,mg/L,,mL/L,,05/31/2022
PR0020575,001,00545,"Solids, settleable",0,C3,MAX,Concentration3,mL/L,0,mg/L,,mL/L,,06/30/2022
PR0020575,001,00545,"Solids, settleable",0,C3,MAX,Concentration3,mL/L,0,mg/L,,mL/L,,07/31/2022
PR0020575,001,00545,"Solids, settleable",0,C3,MAX,Concentration3,mL/L,0,mg/L,,mL/L,,08/31/2022
PR0020575,001,00545,"Solids, settleable",0,C3,MAX,Concentration3,mL/L,0,mg/L,,mL/L,,09/30/2022
PR0020575,001,00545,"Solids, settleable",0,C3,MAX,Concentration3,mL/L,0,mg/L,,mL/L,,10/31/2022
PR0020575,001,00545,"Solids, settleable",0,C3,MAX,Concentration3,mL/L,0,mg/L,,mL/L,,11/30/2022
PR0020575,001,00545,"Solids, settleable",0,C3,MAX,Concentration3,mL/L,0,mg/L,,mL/L,,12/31/2022
PR0020575,001,00545,"Solids, settleable",0,C3,MAX,Concentration3,mL/L,0,mg/L,,mL/L,,01/31/2023
PR0020575,001,00545,"Solids, settleable",0,C3,MAX,Concentration3,mL/L,0,mg/L,,mL/L,,02/28/2023
PR0020575,001,00545,"Solids, settleable",0,C3,MAX,Concentration3,mL/L,0,mg/L,,mL/L,,03/31/2023
PR0020575,001,00545,"Solids, settleable",0,C3,MAX,Concentration3,mL/L,0,mg/L,,mL/L,,04/30/2023
PR0020575,001,00545,"Solids, settleable",0,C3,MAX,Concentration3,mL/L,0,mg/L,,mL/L,,05/31/2023
PR0020575,001,00545,"Solids, settleable",0,C3,MAX,Concentration3,mL/L,0,mg/L,,mL/L,,06/30/2023
PR0020575,001,00545,"Solids, settleable",0,C3,MAX,Concentration3,mL/L,0,mg/L,,mL/L,,07/31/2023
PR0020575,001,00545,"Solids, settleable",0,C3,MAX,Concentration3,mL/L,0,mg/L,,mL/L,,08/31/2023
PR0020575,001,00545,"Solids, settleable",0,C3,MAX,Concentration3,mL/L,0,mg/L,,mL/L,,09/30/2023
PR0020575,001,00545,"Solids, settleable",0,C3,MAX,Concentration3,mL/L,0,mg/L,,mL/L,,10/31/2023
PR0020575,001,00545,"Solids, settleable",0,C3,MAX,Concentration3,mL/L,0,mg/L,,mL/L,,11/30/2023
PR0020575,001,00545,"Solids, settleable",0,C3,MAX,Concentration3,mL/L,0,mg/L,,mL/L,,12/31/2023
PR0020575,001,00545,"Solids, settleable",0,C3,MAX,Concentration3,mL/L,0,mg/L,,mL/L,,01/31/2024
PR0020575,001,00545,"Solids, settleable",0,C3,MAX,Concentration3,mL/L,0,mg/L,,mL/L,,02/29/2024
PR0020575,001,00545,"Solids, settleable",0,C3,MAX,Concentration3,mL/L,0,mg/L,,mL/L,,03/31/2024
PR0020575,001,00545,"Solids, settleable",0,C3,MAX,Concentration3,mL/L,0,mg/L,,mL/L,,04/30/2024
PR0020575,001,00545,"Solids, settleable",0,C3,MAX,Concentration3,mL/L,0,mg/L,,mL/L,,05/31/2024
PR0020575,001,00545,"Solids, settleable",0,C3,MAX,Concentration3,mL/L,0,mg/L,,mL/L,,06/30/2024
PR0020575,001,00545,"Solids, settleable",0,C3,MAX,Concentration3,mL/L,0,mg/L,,mL/L,,07/31/2024
PR0020575,001,00545,"Solids, settleable",0,C3,MAX,Concentration3,mL/L,0,mg/L,,mL/L,,08/31/2024
PR0020575,001,00545,"Solids, settleable",4,C3,MAX,Concentration3,mL/L,.004,mg/L,,mL/L,,09/30/2024
PR0020575,001,00545,"Solids, settleable",0,C3,MAX,Concentration3,mL/L,0,mg/L,,mL/L,,10/31/2024
PR0020575,001,00545,"Solids, settleable",0,C3,MAX,Concentration3,mL/L,0,mg/L,,mL/L,,11/30/2024
PR0020575,001,00545,"Solids, settleable",0,C3,MAX,Concentration3,mL/L,0,mg/L,,mL/L,,12/31/2024
PR0020575,001,00545,"Solids, settleable",0.01,C3,MAX,Concentration3,mL/L,.00001,mg/L,,mL/L,,01/31/2025
PR0020575,001,00545,"Solids, settleable",0,C3,MAX,Concentration3,mL/L,0,mg/L,,mL/L,,02/28/2025
PR0020575,001,00545,"Solids, settleable",0,C3,MAX,Concentration3,mL/L,0,mg/L,,mL/L,,03/31/2025
PR0020575,001,00545,"Solids, settleable",0,C3,MAX,Concentration3,mL/L,0,mg/L,,mL/L,,04/30/2025
PR0020575,001,00545,"Solids, settleable",0,C3,MAX,Concentration3,mL/L,0,mg/L,,mL/L,,05/31/2025
PR0020575,001,00545,"Solids, settleable",0,C3,MAX,Concentration3,mL/L,0,mg/L,,mL/L,,06/30/2025
PR0020575,001,00545,"Solids, settleable",0,C3,MAX,Concentration3,mL/L,0,mg/L,,mL/L,,07/31/2025
PR0020575,001,00545,"Solids, settleable",0,C3,MAX,Concentration3,mL/L,0,mg/L,,mL/L,,08/31/2025
PR0020575,001,00545,"Solids, settleable",0,C3,MAX,Concentration3,mL/L,0,mg/L,,mL/L,,09/30/2025
PR0020575,001,00545,"Solids, settleable",0,C3,MAX,Concentration3,mL/L,0,mg/L,,mL/L,,10/31/2025
PR0020575,001,00545,"Solids, settleable",0,C3,MAX,Concentration3,mL/L,0,mg/L,,mL/L,,11/30/2025
PR0020575,001,00545,"Solids, settleable",0,C3,MAX,Concentration3,mL/L,0,mg/L,,mL/L,,12/31/2025
PR0020575,001,00545,"Solids, settleable",0,C3,MAX,Concentration3,mL/L,0,mg/L,,mL/L,,01/31/2026
PR0020575,001,00556,Oil & Grease,1.9,C3,MAX,Concentration3,mg/L,1.9,mg/L,,mg/L,,01/31/2020
PR0020575,001,00556,Oil & Grease,1.9,C3,MAX,Concentration3,mg/L,1.9,mg/L,,mg/L,,02/29/2020
PR0020575,001,00556,Oil & Grease,2.4,C3,MAX,Concentration3,mg/L,2.4,mg/L,,mg/L,,03/31/2020
PR0020575,001,00556,Oil & Grease,1.7,C3,MAX,Concentration3,mg/L,1.7,mg/L,,mg/L,,04/30/2020
PR0020575,001,00556,Oil & Grease,2.8,C3,MAX,Concentration3,mg/L,2.8,mg/L,,mg/L,,05/31/2020
PR0020575,001,00556,Oil & Grease,1.8,C3,MAX,Concentration3,mg/L,1.8,mg/L,,mg/L,,06/30/2020
PR0020575,001,00556,Oil & Grease,1.6,C3,MAX,Concentration3,mg/L,1.6,mg/L,,mg/L,,07/31/2020
PR0020575,001,00556,Oil & Grease,2.3,C3,MAX,Concentration3,mg/L,2.3,mg/L,,mg/L,,08/31/2020
PR0020575,001,00556,Oil & Grease,1.9,C3,MAX,Concentration3,mg/L,1.9,mg/L,,mg/L,,09/30/2020
PR0020575,001,00556,Oil & Grease,2,C3,MAX,Concentration3,mg/L,2,mg/L,,mg/L,,10/31/2020
PR0020575,001,00556,Oil & Grease,1.5,C3,MAX,Concentration3,mg/L,1.5,mg/L,,mg/L,,11/30/2020
PR0020575,001,00556,Oil & Grease,1.9,C3,MAX,Concentration3,mg/L,1.9,mg/L,,mg/L,,12/31/2020
PR0020575,001,00556,Oil & Grease,2.4,C3,MAX,Concentration3,mg/L,2.4,mg/L,,mg/L,,01/31/2021
PR0020575,001,00556,Oil & Grease,2.2,C3,MAX,Concentration3,mg/L,2.2,mg/L,,mg/L,,02/28/2021
PR0020575,001,00556,Oil & Grease,2.1,C3,MAX,Concentration3,mg/L,2.1,mg/L,,mg/L,,03/31/2021
PR0020575,001,00556,Oil & Grease,2.3,C3,MAX,Concentration3,mg/L,2.3,mg/L,,mg/L,,04/30/2021
PR0020575,001,00556,Oil & Grease,1.6,C3,MAX,Concentration3,mg/L,1.6,mg/L,,mg/L,,05/31/2021
PR0020575,001,00556,Oil & Grease,1.6,C3,MAX,Concentration3,mg/L,1.6,mg/L,,mg/L,,06/30/2021
PR0020575,001,00556,Oil & Grease,1.6,C3,MAX,Concentration3,mg/L,1.6,mg/L,,mg/L,,07/31/2021
PR0020575,001,00556,Oil & Grease,1.4,C3,MAX,Concentration3,mg/L,1.4,mg/L,,mg/L,,08/31/2021
PR0020575,001,00556,Oil & Grease,1.4,C3,MAX,Concentration3,mg/L,1.4,mg/L,,mg/L,,09/30/2021
PR0020575,001,00556,Oil & Grease,1.7,C3,MAX,Concentration3,mg/L,1.7,mg/L,,mg/L,,10/31/2021
PR0020575,001,00556,Oil & Grease,2.2,C3,MAX,Concentration3,mg/L,2.2,mg/L,,mg/L,,11/30/2021
PR0020575,001,00556,Oil & Grease,1.9,C3,MAX,Concentration3,mg/L,1.9,mg/L,,mg/L,,12/31/2021
PR0020575,001,00556,Oil & Grease,1.4,C3,MAX,Concentration3,mg/L,1.4,mg/L,,mg/L,,01/31/2022
PR0020575,001,00556,Oil & Grease,1.5,C3,MAX,Concentration3,mg/L,1.5,mg/L,,mg/L,,02/28/2022
PR0020575,001,00556,Oil & Grease,2,C3,MAX,Concentration3,mg/L,2,mg/L,,mg/L,,03/31/2022
PR0020575,001,00556,Oil & Grease,1.4,C3,MAX,Concentration3,mg/L,1.4,mg/L,,mg/L,,04/30/2022
PR0020575,001,00556,Oil & Grease,1.5,C3,MAX,Concentration3,mg/L,1.5,mg/L,,mg/L,,05/31/2022
PR0020575,001,00556,Oil & Grease,2.7,C3,MAX,Concentration3,mg/L,2.7,mg/L,,mg/L,,06/30/2022
PR0020575,001,00556,Oil & Grease,1.7,C3,MAX,Concentration3,mg/L,1.7,mg/L,,mg/L,,07/31/2022
PR0020575,001,00556,Oil & Grease,2.2,C3,MAX,Concentration3,mg/L,2.2,mg/L,,mg/L,,08/31/2022
PR0020575,001,00556,Oil & Grease,2.4,C3,MAX,Concentration3,mg/L,2.4,mg/L,,mg/L,,09/30/2022
PR0020575,001,00556,Oil & Grease,2.2,C3,MAX,Concentration3,mg/L,2.2,mg/L,,mg/L,,10/31/2022
PR0020575,001,00556,Oil & Grease,1.7,C3,MAX,Concentration3,mg/L,1.7,mg/L,,mg/L,,11/30/2022
PR0020575,001,00556,Oil & Grease,2.2,C3,MAX,Concentration3,mg/L,2.2,mg/L,,mg/L,,12/31/2022
PR0020575,001,00556,Oil & Grease,1.8,C3,MAX,Concentration3,mg/L,1.8,mg/L,,mg/L,,01/31/2023
PR0020575,001,00556,Oil & Grease,1.5,C3,MAX,Concentration3,mg/L,1.5,mg/L,,mg/L,,02/28/2023
PR0020575,001,00556,Oil & Grease,1.9,C3,MAX,Concentration3,mg/L,1.9,mg/L,,mg/L,,03/31/2023
PR0020575,001,00556,Oil & Grease,1.7,C3,MAX,Concentration3,mg/L,1.7,mg/L,,mg/L,,04/30/2023
PR0020575,001,00556,Oil & Grease,1.4,C3,MAX,Concentration3,mg/L,1.4,mg/L,,mg/L,,05/31/2023
PR0020575,001,00556,Oil & Grease,2.1,C3,MAX,Concentration3,mg/L,2.1,mg/L,,mg/L,,06/30/2023
PR0020575,001,00556,Oil & Grease,1.4,C3,MAX,Concentration3,mg/L,1.4,mg/L,,mg/L,,07/31/2023
PR0020575,001,00556,Oil & Grease,1.5,C3,MAX,Concentration3,mg/L,1.5,mg/L,,mg/L,,08/31/2023
PR0020575,001,00556,Oil & Grease,1.9,C3,MAX,Concentration3,mg/L,1.9,mg/L,,mg/L,,09/30/2023
PR0020575,001,00556,Oil & Grease,2.1,C3,MAX,Concentration3,mg/L,2.1,mg/L,,mg/L,,10/31/2023
PR0020575,001,00556,Oil & Grease,1.4,C3,MAX,Concentration3,mg/L,1.4,mg/L,,mg/L,,11/30/2023
PR0020575,001,00556,Oil & Grease,2.8,C3,MAX,Concentration3,mg/L,2.8,mg/L,,mg/L,,12/31/2023
PR0020575,001,00556,Oil & Grease,1.6,C3,MAX,Concentration3,mg/L,1.6,mg/L,,mg/L,,01/31/2024
PR0020575,001,00556,Oil & Grease,1.4,C3,MAX,Concentration3,mg/L,1.4,mg/L,,mg/L,,02/29/2024
PR0020575,001,00556,Oil & Grease,1.9,C3,MAX,Concentration3,mg/L,1.9,mg/L,,mg/L,,03/31/2024
PR0020575,001,00556,Oil & Grease,1.4,C3,MAX,Concentration3,mg/L,1.4,mg/L,,mg/L,,04/30/2024
PR0020575,001,00556,Oil & Grease,1.6,C3,MAX,Concentration3,mg/L,1.6,mg/L,,mg/L,,05/31/2024
PR0020575,001,00556,Oil & Grease,1.4,C3,MAX,Concentration3,mg/L,1.4,mg/L,,mg/L,,06/30/2024
PR0020575,001,00556,Oil & Grease,2,C3,MAX,Concentration3,mg/L,2,mg/L,,mg/L,,07/31/2024
PR0020575,001,00556,Oil & Grease,1.4,C3,MAX,Concentration3,mg/L,1.4,mg/L,,mg/L,,08/31/2024
PR0020575,001,00556,Oil & Grease,1.4,C3,MAX,Concentration3,mg/L,1.4,mg/L,,mg/L,,09/30/2024
PR0020575,001,00556,Oil & Grease,1.9,C3,MAX,Concentration3,mg/L,1.9,mg/L,,mg/L,,10/31/2024
PR0020575,001,00556,Oil & Grease,1.4,C3,MAX,Concentration3,mg/L,1.4,mg/L,,mg/L,,11/30/2024
PR0020575,001,00556,Oil & Grease,1.4,C3,MAX,Concentration3,mg/L,1.4,mg/L,,mg/L,,12/31/2024
PR0020575,001,00556,Oil & Grease,1.6,C3,MAX,Concentration3,mg/L,1.6,mg/L,,mg/L,,01/31/2025
PR0020575,001,00556,Oil & Grease,1.6,C3,MAX,Concentration3,mg/L,1.6,mg/L,,mg/L,,02/28/2025
PR0020575,001,00556,Oil & Grease,4.4,C3,MAX,Concentration3,mg/L,4.4,mg/L,,mg/L,,03/31/2025
PR0020575,001,00556,Oil & Grease,1.5,C3,MAX,Concentration3,mg/L,1.5,mg/L,,mg/L,,04/30/2025
PR0020575,001,00556,Oil & Grease,1.6,C3,MAX,Concentration3,mg/L,1.6,mg/L,,mg/L,,05/31/2025
PR0020575,001,00556,Oil & Grease,1.5,C3,MAX,Concentration3,mg/L,1.5,mg/L,,mg/L,,06/30/2025
PR0020575,001,00556,Oil & Grease,2.4,C3,MAX,Concentration3,mg/L,2.4,mg/L,,mg/L,,07/31/2025
PR0020575,001,00556,Oil & Grease,2,C3,MAX,Concentration3,mg/L,2,mg/L,,mg/L,,08/31/2025
PR0020575,001,00556,Oil & Grease,29.1,C3,MAX,Concentration3,mg/L,29.1,mg/L,,mg/L,,09/30/2025
PR0020575,001,00556,Oil & Grease,1.4,C3,MAX,Concentration3,mg/L,1.4,mg/L,,mg/L,,10/31/2025
PR0020575,001,00556,Oil & Grease,2,C3,MAX,Concentration3,mg/L,2,mg/L,,mg/L,,11/30/2025
PR0020575,001,00556,Oil & Grease,1.6,C3,MAX,Concentration3,mg/L,1.6,mg/L,,mg/L,,12/31/2025
PR0020575,001,00556,Oil & Grease,1.5,C3,MAX,Concentration3,mg/L,1.5,mg/L,,mg/L,,01/31/2026
PR0020575,001,00600,"Nitrogen, total [as N]",1300,C3,MAX,Concentration3,ug/L,1.30000006,mg/L,,ug/L,,06/30/2020
PR0020575,001,00600,"Nitrogen, total [as N]",9350,C3,MAX,Concentration3,ug/L,9.35000044,mg/L,,ug/L,,07/31/2020
PR0020575,001,00600,"Nitrogen, total [as N]",780,C3,MAX,Concentration3,ug/L,.78000004,mg/L,,ug/L,,08/31/2020
PR0020575,001,00600,"Nitrogen, total [as N]",1390,C3,MAX,Concentration3,ug/L,1.39000007,mg/L,,ug/L,,09/30/2020
PR0020575,001,00600,"Nitrogen, total [as N]",360,C3,MAX,Concentration3,ug/L,.36000002,mg/L,,ug/L,,10/31/2020
PR0020575,001,00600,"Nitrogen, total [as N]",1150,C3,MAX,Concentration3,ug/L,1.15000005,mg/L,,ug/L,,11/30/2020
PR0020575,001,00600,"Nitrogen, total [as N]",810,C3,MAX,Concentration3,ug/L,.81000004,mg/L,,ug/L,,12/31/2020
PR0020575,001,00600,"Nitrogen, total [as N]",3400,C3,MAX,Concentration3,ug/L,3.40000016,mg/L,,ug/L,,01/31/2021
PR0020575,001,00600,"Nitrogen, total [as N]",4230,C3,MAX,Concentration3,ug/L,4.2300002,mg/L,,ug/L,,02/28/2021
PR0020575,001,00600,"Nitrogen, total [as N]",1330,C3,MAX,Concentration3,ug/L,1.33000006,mg/L,,ug/L,,03/31/2021
PR0020575,001,00600,"Nitrogen, total [as N]",6700,C3,MAX,Concentration3,ug/L,6.70000032,mg/L,,ug/L,,04/30/2021
PR0020575,001,00600,"Nitrogen, total [as N]",1150,C3,MAX,Concentration3,ug/L,1.15000005,mg/L,,ug/L,,05/31/2021
PR0020575,001,00600,"Nitrogen, total [as N]",20790,C3,MAX,Concentration3,ug/L,20.79000099,mg/L,,ug/L,,06/30/2021
PR0020575,001,00600,"Nitrogen, total [as N]",24000,C3,MAX,Concentration3,ug/L,24.00000114,mg/L,,ug/L,,07/31/2021
PR0020575,001,00600,"Nitrogen, total [as N]",4400,C3,MAX,Concentration3,ug/L,4.40000021,mg/L,,ug/L,,08/31/2021
PR0020575,001,00600,"Nitrogen, total [as N]",3130,C3,MAX,Concentration3,ug/L,3.13000015,mg/L,,ug/L,,09/30/2021
PR0020575,001,00600,"Nitrogen, total [as N]",2430,C3,MAX,Concentration3,ug/L,2.43000012,mg/L,,ug/L,,10/31/2021
PR0020575,001,00600,"Nitrogen, total [as N]",3260,C3,MAX,Concentration3,ug/L,3.26000015,mg/L,,ug/L,,11/30/2021
PR0020575,001,00600,"Nitrogen, total [as N]",1670,C3,MAX,Concentration3,ug/L,1.67000008,mg/L,,ug/L,,12/31/2021
PR0020575,001,00600,"Nitrogen, total [as N]",4200,C3,MAX,Concentration3,ug/L,4.2000002,mg/L,,ug/L,,01/31/2022
PR0020575,001,00600,"Nitrogen, total [as N]",2590,C3,MAX,Concentration3,ug/L,2.59000012,mg/L,,ug/L,,02/28/2022
PR0020575,001,00600,"Nitrogen, total [as N]",5110,C3,MAX,Concentration3,ug/L,5.11000024,mg/L,,ug/L,,03/31/2022
PR0020575,001,00600,"Nitrogen, total [as N]",3140,C3,MAX,Concentration3,ug/L,3.14000015,mg/L,,ug/L,,04/30/2022
PR0020575,001,00600,"Nitrogen, total [as N]",4370,C3,MAX,Concentration3,ug/L,4.37000021,mg/L,,ug/L,,05/31/2022
PR0020575,001,00600,"Nitrogen, total [as N]",6050,C3,MAX,Concentration3,ug/L,6.05000029,mg/L,,ug/L,,06/30/2022
PR0020575,001,00600,"Nitrogen, total [as N]",2420,C3,MAX,Concentration3,ug/L,2.42000011,mg/L,,ug/L,,07/31/2022
PR0020575,001,00600,"Nitrogen, total [as N]",5510,C3,MAX,Concentration3,ug/L,5.51000026,mg/L,,ug/L,,08/31/2022
PR0020575,001,00600,"Nitrogen, total [as N]",22510,C3,MAX,Concentration3,ug/L,22.51000107,mg/L,,ug/L,,09/30/2022
PR0020575,001,00600,"Nitrogen, total [as N]",3780,C3,MAX,Concentration3,ug/L,3.78000018,mg/L,,ug/L,,10/31/2022
PR0020575,001,00600,"Nitrogen, total [as N]",2030,C3,MAX,Concentration3,ug/L,2.0300001,mg/L,,ug/L,,11/30/2022
PR0020575,001,00600,"Nitrogen, total [as N]",3730,C3,MAX,Concentration3,ug/L,3.73000018,mg/L,,ug/L,,12/31/2022
PR0020575,001,00600,"Nitrogen, total [as N]",6910,C3,MAX,Concentration3,ug/L,6.91000033,mg/L,,ug/L,,01/31/2023
PR0020575,001,00600,"Nitrogen, total [as N]",11100,C3,MAX,Concentration3,ug/L,11.10000053,mg/L,,ug/L,,02/28/2023
PR0020575,001,00600,"Nitrogen, total [as N]",9660,C3,MAX,Concentration3,ug/L,9.66000046,mg/L,,ug/L,,03/31/2023
PR0020575,001,00600,"Nitrogen, total [as N]",7040,C3,MAX,Concentration3,ug/L,7.04000033,mg/L,,ug/L,,04/30/2023
PR0020575,001,00600,"Nitrogen, total [as N]",4640,C3,MAX,Concentration3,ug/L,4.64000022,mg/L,,ug/L,,05/31/2023
PR0020575,001,00600,"Nitrogen, total [as N]",9170,C3,MAX,Concentration3,ug/L,9.17000044,mg/L,,ug/L,,06/30/2023
PR0020575,001,00600,"Nitrogen, total [as N]",12070,C3,MAX,Concentration3,ug/L,12.07000057,mg/L,,ug/L,,07/31/2023
PR0020575,001,00600,"Nitrogen, total [as N]",4540,C3,MAX,Concentration3,ug/L,4.54000022,mg/L,,ug/L,,08/31/2023
PR0020575,001,00600,"Nitrogen, total [as N]",14730,C3,MAX,Concentration3,ug/L,14.7300007,mg/L,,ug/L,,09/30/2023
PR0020575,001,00600,"Nitrogen, total [as N]",3040,C3,MAX,Concentration3,ug/L,3.04000014,mg/L,,ug/L,,10/31/2023
PR0020575,001,00600,"Nitrogen, total [as N]",1940,C3,MAX,Concentration3,ug/L,1.94000009,mg/L,,ug/L,,11/30/2023
PR0020575,001,00600,"Nitrogen, total [as N]",4280,C3,MAX,Concentration3,ug/L,4.2800002,mg/L,,ug/L,,12/31/2023
PR0020575,001,00600,"Nitrogen, total [as N]",12290,C3,MAX,Concentration3,ug/L,12.29000058,mg/L,,ug/L,,01/31/2024
PR0020575,001,00600,"Nitrogen, total [as N]",4140,C3,MAX,Concentration3,ug/L,4.1400002,mg/L,,ug/L,,02/29/2024
PR0020575,001,00600,"Nitrogen, total [as N]",1910,C3,MAX,Concentration3,ug/L,1.91000009,mg/L,,ug/L,,03/31/2024
PR0020575,001,00600,"Nitrogen, total [as N]",15910,C3,MAX,Concentration3,ug/L,15.91000076,mg/L,,ug/L,,04/30/2024
PR0020575,001,00600,"Nitrogen, total [as N]",9240,C3,MAX,Concentration3,ug/L,9.24000044,mg/L,,ug/L,,05/31/2024
PR0020575,001,00600,"Nitrogen, total [as N]",3550,C3,MAX,Concentration3,ug/L,3.55000017,mg/L,,ug/L,,06/30/2024
PR0020575,001,00600,"Nitrogen, total [as N]",37960,C3,MAX,Concentration3,ug/L,37.9600018,mg/L,,ug/L,,07/31/2024
PR0020575,001,00600,"Nitrogen, total [as N]",26990,C3,MAX,Concentration3,ug/L,26.99000128,mg/L,,ug/L,,08/31/2024
PR0020575,001,00600,"Nitrogen, total [as N]",14800,C3,MAX,Concentration3,ug/L,14.8000007,mg/L,,ug/L,,09/30/2024
PR0020575,001,00600,"Nitrogen, total [as N]",1220,C3,MAX,Concentration3,ug/L,1.22000006,mg/L,,ug/L,,10/31/2024
PR0020575,001,00600,"Nitrogen, total [as N]",3080,C3,MAX,Concentration3,ug/L,3.08000015,mg/L,,ug/L,,11/30/2024
PR0020575,001,00600,"Nitrogen, total [as N]",13700,C3,MAX,Concentration3,ug/L,13.70000065,mg/L,,ug/L,,12/31/2024
PR0020575,001,00600,"Nitrogen, total [as N]",19540,C3,MAX,Concentration3,ug/L,19.54000093,mg/L,,ug/L,,01/31/2025
PR0020575,001,00600,"Nitrogen, total [as N]",8870,C3,MAX,Concentration3,ug/L,8.87000042,mg/L,,ug/L,,02/28/2025
PR0020575,001,00600,"Nitrogen, total [as N]",25040,C3,MAX,Concentration3,ug/L,25.04000119,mg/L,,ug/L,,03/31/2025
PR0020575,001,00600,"Nitrogen, total [as N]",6510,C3,MAX,Concentration3,ug/L,6.51000031,mg/L,,ug/L,,04/30/2025
PR0020575,001,00600,"Nitrogen, total [as N]",5150,C3,MAX,Concentration3,ug/L,5.15000024,mg/L,,ug/L,,05/31/2025
PR0020575,001,00600,"Nitrogen, total [as N]",5050,C3,MAX,Concentration3,ug/L,5.05000024,mg/L,,ug/L,,06/30/2025
PR0020575,001,00600,"Nitrogen, total [as N]",20340,C3,MAX,Concentration3,ug/L,20.34000097,mg/L,,ug/L,,07/31/2025
PR0020575,001,00600,"Nitrogen, total [as N]",25290,C3,MAX,Concentration3,ug/L,25.2900012,mg/L,,ug/L,,08/31/2025
PR0020575,001,00600,"Nitrogen, total [as N]",7670,C3,MAX,Concentration3,ug/L,7.67000036,mg/L,,ug/L,,09/30/2025
PR0020575,001,00600,"Nitrogen, total [as N]",1480,C3,MAX,Concentration3,ug/L,1.48000007,mg/L,,ug/L,,10/31/2025
PR0020575,001,00600,"Nitrogen, total [as N]",5140,C3,MAX,Concentration3,ug/L,5.14000024,mg/L,,ug/L,,11/30/2025
PR0020575,001,00600,"Nitrogen, total [as N]",17460,C3,MAX,Concentration3,ug/L,17.46000083,mg/L,,ug/L,,12/31/2025
PR0020575,001,00600,"Nitrogen, total [as N]",27880,C3,MAX,Concentration3,ug/L,27.88000132,mg/L,,ug/L,,01/31/2026
PR0020575,001,00630,Nitrite + Nitrate total [as N],1260,C3,MAX,Concentration3,ug/L,1.26000006,mg/L,10000,ug/L,,02/29/2020
PR0020575,001,00630,Nitrite + Nitrate total [as N],910,C3,MAX,Concentration3,ug/L,.91000004,mg/L,10000,ug/L,,05/31/2020
PR0020575,001,00665,"Phosphorus, total [as P]",2.69,C3,MAX,Concentration3,mg/L,2.69,mg/L,8.26,mg/L,,01/31/2020
PR0020575,001,00665,"Phosphorus, total [as P]",2.77,C3,MAX,Concentration3,mg/L,2.77,mg/L,8.26,mg/L,,02/29/2020
PR0020575,001,00665,"Phosphorus, total [as P]",1.13,C3,MAX,Concentration3,mg/L,1.13,mg/L,8.26,mg/L,,03/31/2020
PR0020575,001,00665,"Phosphorus, total [as P]",1.87,C3,MAX,Concentration3,mg/L,1.87,mg/L,8.26,mg/L,,04/30/2020
PR0020575,001,00665,"Phosphorus, total [as P]",2.76,C3,MAX,Concentration3,mg/L,2.76,mg/L,8.26,mg/L,,05/31/2020
PR0020575,001,00665,"Phosphorus, total [as P]",3100,C3,MAX,Concentration3,ug/L,3.10000015,mg/L,6817,ug/L,,06/30/2020
PR0020575,001,00665,"Phosphorus, total [as P]",2570,C3,MAX,Concentration3,ug/L,2.57000012,mg/L,6817,ug/L,,07/31/2020
PR0020575,001,00665,"Phosphorus, total [as P]",850,C3,MAX,Concentration3,ug/L,.85000004,mg/L,6817,ug/L,,08/31/2020
PR0020575,001,00665,"Phosphorus, total [as P]",2190,C3,MAX,Concentration3,ug/L,2.1900001,mg/L,6817,ug/L,,09/30/2020
PR0020575,001,00665,"Phosphorus, total [as P]",2010,C3,MAX,Concentration3,ug/L,2.0100001,mg/L,6817,ug/L,,10/31/2020
PR0020575,001,00665,"Phosphorus, total [as P]",3160,C3,MAX,Concentration3,ug/L,3.16000015,mg/L,6817,ug/L,,11/30/2020
PR0020575,001,00665,"Phosphorus, total [as P]",2340,C3,MAX,Concentration3,ug/L,2.34000011,mg/L,6817,ug/L,,12/31/2020
PR0020575,001,00665,"Phosphorus, total [as P]",2080,C3,MAX,Concentration3,ug/L,2.0800001,mg/L,6817,ug/L,,01/31/2021
PR0020575,001,00665,"Phosphorus, total [as P]",2840,C3,MAX,Concentration3,ug/L,2.84000013,mg/L,6817,ug/L,,02/28/2021
PR0020575,001,00665,"Phosphorus, total [as P]",2170,C3,MAX,Concentration3,ug/L,2.1700001,mg/L,6817,ug/L,,03/31/2021
PR0020575,001,00665,"Phosphorus, total [as P]",2800,C3,MAX,Concentration3,ug/L,2.80000013,mg/L,6817,ug/L,,04/30/2021
PR0020575,001,00665,"Phosphorus, total [as P]",2750,C3,MAX,Concentration3,ug/L,2.75000013,mg/L,6817,ug/L,,05/31/2021
PR0020575,001,00665,"Phosphorus, total [as P]",3250,C3,MAX,Concentration3,ug/L,3.25000015,mg/L,6817,ug/L,,06/30/2021
PR0020575,001,00665,"Phosphorus, total [as P]",2430,C3,MAX,Concentration3,ug/L,2.43000012,mg/L,6817,ug/L,,07/31/2021
PR0020575,001,00665,"Phosphorus, total [as P]",2370,C3,MAX,Concentration3,ug/L,2.37000011,mg/L,6817,ug/L,,08/31/2021
PR0020575,001,00665,"Phosphorus, total [as P]",3280,C3,MAX,Concentration3,ug/L,3.28000016,mg/L,6817,ug/L,,09/30/2021
PR0020575,001,00665,"Phosphorus, total [as P]",2400,C3,MAX,Concentration3,ug/L,2.40000011,mg/L,6817,ug/L,,10/31/2021
PR0020575,001,00665,"Phosphorus, total [as P]",2870,C3,MAX,Concentration3,ug/L,2.87000014,mg/L,6817,ug/L,,11/30/2021
PR0020575,001,00665,"Phosphorus, total [as P]",3030,C3,MAX,Concentration3,ug/L,3.03000014,mg/L,6817,ug/L,,12/31/2021
PR0020575,001,00665,"Phosphorus, total [as P]",2690,C3,MAX,Concentration3,ug/L,2.69000013,mg/L,6817,ug/L,,01/31/2022
PR0020575,001,00665,"Phosphorus, total [as P]",2690,C3,MAX,Concentration3,ug/L,2.69000013,mg/L,6817,ug/L,,02/28/2022
PR0020575,001,00665,"Phosphorus, total [as P]",2000,C3,MAX,Concentration3,ug/L,2.00000009,mg/L,6817,ug/L,,03/31/2022
PR0020575,001,00665,"Phosphorus, total [as P]",3400,C3,MAX,Concentration3,ug/L,3.40000016,mg/L,6817,ug/L,,04/30/2022
PR0020575,001,00665,"Phosphorus, total [as P]",3040,C3,MAX,Concentration3,ug/L,3.04000014,mg/L,6817,ug/L,,05/31/2022
PR0020575,001,00665,"Phosphorus, total [as P]",1280,C3,MAX,Concentration3,ug/L,1.28000006,mg/L,6817,ug/L,,06/30/2022
PR0020575,001,00665,"Phosphorus, total [as P]",2750,C3,MAX,Concentration3,ug/L,2.75000013,mg/L,6817,ug/L,,07/31/2022
PR0020575,001,00665,"Phosphorus, total [as P]",2880,C3,MAX,Concentration3,ug/L,2.88000014,mg/L,6817,ug/L,,08/31/2022
PR0020575,001,00665,"Phosphorus, total [as P]",1810,C3,MAX,Concentration3,ug/L,1.81000009,mg/L,6817,ug/L,,09/30/2022
PR0020575,001,00665,"Phosphorus, total [as P]",1880,C3,MAX,Concentration3,ug/L,1.88000009,mg/L,6817,ug/L,,10/31/2022
PR0020575,001,00665,"Phosphorus, total [as P]",1840,C3,MAX,Concentration3,ug/L,1.84000009,mg/L,6817,ug/L,,11/30/2022
PR0020575,001,00665,"Phosphorus, total [as P]",2360,C3,MAX,Concentration3,ug/L,2.36000011,mg/L,6817,ug/L,,12/31/2022
PR0020575,001,00665,"Phosphorus, total [as P]",1640,C3,MAX,Concentration3,ug/L,1.64000008,mg/L,6817,ug/L,,01/31/2023
PR0020575,001,00665,"Phosphorus, total [as P]",820,C3,MAX,Concentration3,ug/L,.82000004,mg/L,6817,ug/L,,02/28/2023
PR0020575,001,00665,"Phosphorus, total [as P]",1800,C3,MAX,Concentration3,ug/L,1.80000009,mg/L,6817,ug/L,,03/31/2023
PR0020575,001,00665,"Phosphorus, total [as P]",3060,C3,MAX,Concentration3,ug/L,3.06000015,mg/L,6817,ug/L,,04/30/2023
PR0020575,001,00665,"Phosphorus, total [as P]",3400,C3,MAX,Concentration3,ug/L,3.40000016,mg/L,6817,ug/L,,05/31/2023
PR0020575,001,00665,"Phosphorus, total [as P]",2230,C3,MAX,Concentration3,ug/L,2.23000011,mg/L,6817,ug/L,,06/30/2023
PR0020575,001,00665,"Phosphorus, total [as P]",2650,C3,MAX,Concentration3,ug/L,2.65000013,mg/L,6817,ug/L,,07/31/2023
PR0020575,001,00665,"Phosphorus, total [as P]",2590,C3,MAX,Concentration3,ug/L,2.59000012,mg/L,6817,ug/L,,08/31/2023
PR0020575,001,00665,"Phosphorus, total [as P]",2220,C3,MAX,Concentration3,ug/L,2.22000011,mg/L,6817,ug/L,,09/30/2023
PR0020575,001,00665,"Phosphorus, total [as P]",2880,C3,MAX,Concentration3,ug/L,2.88000014,mg/L,6817,ug/L,,10/31/2023
PR0020575,001,00665,"Phosphorus, total [as P]",2920,C3,MAX,Concentration3,ug/L,2.92000014,mg/L,6817,ug/L,,11/30/2023
PR0020575,001,00665,"Phosphorus, total [as P]",2120,C3,MAX,Concentration3,ug/L,2.1200001,mg/L,6817,ug/L,,12/31/2023
PR0020575,001,00665,"Phosphorus, total [as P]",1310,C3,MAX,Concentration3,ug/L,1.31000006,mg/L,6817,ug/L,,01/31/2024
PR0020575,001,00665,"Phosphorus, total [as P]",2320,C3,MAX,Concentration3,ug/L,2.32000011,mg/L,6817,ug/L,,02/29/2024
PR0020575,001,00665,"Phosphorus, total [as P]",2240,C3,MAX,Concentration3,ug/L,2.24000011,mg/L,6817,ug/L,,03/31/2024
PR0020575,001,00665,"Phosphorus, total [as P]",2430,C3,MAX,Concentration3,ug/L,2.43000012,mg/L,6817,ug/L,,04/30/2024
PR0020575,001,00665,"Phosphorus, total [as P]",3340,C3,MAX,Concentration3,ug/L,3.34000016,mg/L,6817,ug/L,,05/31/2024
PR0020575,001,00665,"Phosphorus, total [as P]",3320,C3,MAX,Concentration3,ug/L,3.32000016,mg/L,6817,ug/L,,06/30/2024
PR0020575,001,00665,"Phosphorus, total [as P]",3140,C3,MAX,Concentration3,ug/L,3.14000015,mg/L,6817,ug/L,,07/31/2024
PR0020575,001,00665,"Phosphorus, total [as P]",2690,C3,MAX,Concentration3,ug/L,2.69000013,mg/L,6817,ug/L,,08/31/2024
PR0020575,001,00665,"Phosphorus, total [as P]",1190,C3,MAX,Concentration3,ug/L,1.19000006,mg/L,6817,ug/L,,09/30/2024
PR0020575,001,00665,"Phosphorus, total [as P]",1520,C3,MAX,Concentration3,ug/L,1.52000007,mg/L,6817,ug/L,,10/31/2024
PR0020575,001,00665,"Phosphorus, total [as P]",3230,C3,MAX,Concentration3,ug/L,3.23000015,mg/L,6817,ug/L,,11/30/2024
PR0020575,001,00665,"Phosphorus, total [as P]",1750,C3,MAX,Concentration3,ug/L,1.75000008,mg/L,6817,ug/L,,12/31/2024
PR0020575,001,00665,"Phosphorus, total [as P]",2000,C3,MAX,Concentration3,ug/L,2.00000009,mg/L,6817,ug/L,,01/31/2025
PR0020575,001,00665,"Phosphorus, total [as P]",2760,C3,MAX,Concentration3,ug/L,2.76000013,mg/L,6817,ug/L,,02/28/2025
PR0020575,001,00665,"Phosphorus, total [as P]",4710,C3,MAX,Concentration3,ug/L,4.71000022,mg/L,6817,ug/L,,03/31/2025
PR0020575,001,00665,"Phosphorus, total [as P]",2260,C3,MAX,Concentration3,ug/L,2.26000011,mg/L,6817,ug/L,,04/30/2025
PR0020575,001,00665,"Phosphorus, total [as P]",880,C3,MAX,Concentration3,ug/L,.88000004,mg/L,6817,ug/L,,05/31/2025
PR0020575,001,00665,"Phosphorus, total [as P]",1440,C3,MAX,Concentration3,ug/L,1.44000007,mg/L,6817,ug/L,,06/30/2025
PR0020575,001,00665,"Phosphorus, total [as P]",2430,C3,MAX,Concentration3,ug/L,2.43000012,mg/L,6817,ug/L,,07/31/2025
PR0020575,001,00665,"Phosphorus, total [as P]",930,C3,MAX,Concentration3,ug/L,.93000004,mg/L,6817,ug/L,,08/31/2025
PR0020575,001,00665,"Phosphorus, total [as P]",1690,C3,MAX,Concentration3,ug/L,1.69000008,mg/L,6817,ug/L,,09/30/2025
PR0020575,001,00665,"Phosphorus, total [as P]",2780,C3,MAX,Concentration3,ug/L,2.78000013,mg/L,6817,ug/L,,10/31/2025
PR0020575,001,00665,"Phosphorus, total [as P]",240,C3,MAX,Concentration3,ug/L,.24000001,mg/L,6817,ug/L,,11/30/2025
PR0020575,001,00665,"Phosphorus, total [as P]",1370,C3,MAX,Concentration3,ug/L,1.37000007,mg/L,6817,ug/L,,12/31/2025
PR0020575,001,00665,"Phosphorus, total [as P]",2210,C3,MAX,Concentration3,ug/L,2.2100001,mg/L,6817,ug/L,,01/31/2026
PR0020575,001,00720,"Cyanide, total [as CN]",2,C3,MAX,Concentration3,ug/L,.002,mg/L,,ug/L,,08/31/2020
PR0020575,001,00720,"Cyanide, total [as CN]",3.4,C3,MAX,Concentration3,ug/L,.0034,mg/L,,ug/L,,11/30/2020
PR0020575,001,00720,"Cyanide, total [as CN]",2,C3,MAX,Concentration3,ug/L,.002,mg/L,,ug/L,,02/28/2021
PR0020575,001,00720,"Cyanide, total [as CN]",2.8,C3,MAX,Concentration3,ug/L,.0028,mg/L,,ug/L,,05/31/2021
PR0020575,001,00720,"Cyanide, total [as CN]",2,C3,MAX,Concentration3,ug/L,.002,mg/L,,ug/L,,08/31/2021
PR0020575,001,00720,"Cyanide, total [as CN]",2,C3,MAX,Concentration3,ug/L,.002,mg/L,,ug/L,,11/30/2021
PR0020575,001,00720,"Cyanide, total [as CN]",2,C3,MAX,Concentration3,ug/L,.002,mg/L,,ug/L,,02/28/2022
PR0020575,001,00720,"Cyanide, total [as CN]",2,C3,MAX,Concentration3,ug/L,.002,mg/L,,ug/L,,05/31/2022
PR0020575,001,00720,"Cyanide, total [as CN]",2,C3,MAX,Concentration3,ug/L,.002,mg/L,,ug/L,,08/31/2022
PR0020575,001,00720,"Cyanide, total [as CN]",2,C3,MAX,Concentration3,ug/L,.002,mg/L,,ug/L,,11/30/2022
PR0020575,001,00720,"Cyanide, total [as CN]",2,C3,MAX,Concentration3,ug/L,.002,mg/L,,ug/L,,02/28/2023
PR0020575,001,00720,"Cyanide, total [as CN]",2,C3,MAX,Concentration3,ug/L,.002,mg/L,,ug/L,,05/31/2023
PR0020575,001,00720,"Cyanide, total [as CN]",3.4,C3,MAX,Concentration3,ug/L,.0034,mg/L,,ug/L,,08/31/2023
PR0020575,001,00720,"Cyanide, total [as CN]",5.4,C3,MAX,Concentration3,ug/L,.0054,mg/L,,ug/L,,11/30/2023
PR0020575,001,00720,"Cyanide, total [as CN]",3.1,C3,MAX,Concentration3,ug/L,.0031,mg/L,,ug/L,,02/29/2024
PR0020575,001,00720,"Cyanide, total [as CN]",2,C3,MAX,Concentration3,ug/L,.002,mg/L,,ug/L,,05/31/2024
PR0020575,001,00720,"Cyanide, total [as CN]",2,C3,MAX,Concentration3,ug/L,.002,mg/L,,ug/L,,08/31/2024
PR0020575,001,00720,"Cyanide, total [as CN]",2,C3,MAX,Concentration3,ug/L,.002,mg/L,,ug/L,,11/30/2024
PR0020575,001,00720,"Cyanide, total [as CN]",2,C3,MAX,Concentration3,ug/L,.002,mg/L,,ug/L,,02/28/2025
PR0020575,001,00720,"Cyanide, total [as CN]",2,C3,MAX,Concentration3,ug/L,.002,mg/L,,ug/L,,05/31/2025
PR0020575,001,00720,"Cyanide, total [as CN]",2,C3,MAX,Concentration3,ug/L,.002,mg/L,,ug/L,,08/31/2025
PR0020575,001,00720,"Cyanide, total [as CN]",3.1,C3,MAX,Concentration3,ug/L,.0031,mg/L,,ug/L,,11/30/2025
PR0020575,001,00720,"Cyanide, total [as CN]",2,C3,MAX,Concentration3,ug/L,.002,mg/L,,ug/L,,02/28/2026
PR0020575,001,01002,"Arsenic, total [as As]",10,C3,MAX,Concentration3,ug/L,.01,mg/L,10,ug/L,,02/29/2020
PR0020575,001,01002,"Arsenic, total [as As]",10,C3,MAX,Concentration3,ug/L,.01,mg/L,10,ug/L,,05/31/2020
PR0020575,001,01002,"Arsenic, total [as As]",10,C3,MAX,Concentration3,ug/L,.01,mg/L,10,ug/L,,05/31/2021
PR0020575,001,01002,"Arsenic, total [as As]",10,C3,MAX,Concentration3,ug/L,.01,mg/L,10,ug/L,,05/31/2022
PR0020575,001,01002,"Arsenic, total [as As]",10,C3,MAX,Concentration3,ug/L,.01,mg/L,10,ug/L,,05/31/2023
PR0020575,001,01002,"Arsenic, total [as As]",10,C3,MAX,Concentration3,ug/L,.01,mg/L,10,ug/L,,05/31/2024
PR0020575,001,01002,"Arsenic, total [as As]",NA,C3,MAX,Concentration3,,,mg/L,10,ug/L,9,05/31/2025
PR0020575,001,01027,"Cadmium, total [as Cd]",0.5,C3,MAX,Concentration3,ug/L,.0005,mg/L,.69,ug/L,,02/29/2020
PR0020575,001,01027,"Cadmium, total [as Cd]",0.5,C3,MAX,Concentration3,ug/L,.0005,mg/L,.69,ug/L,,05/31/2020
PR0020575,001,01042,"Copper, total [as Cu]",5,C3,MAX,Concentration3,ug/L,.005,mg/L,27,ug/L,,02/29/2020
PR0020575,001,01042,"Copper, total [as Cu]",5,C3,MAX,Concentration3,ug/L,.005,mg/L,27,ug/L,,05/31/2020
PR0020575,001,01042,"Copper, total [as Cu]",5,C3,MAX,Concentration3,ug/L,.005,mg/L,9.3,ug/L,,06/30/2020
PR0020575,001,01042,"Copper, total [as Cu]",7,C3,MAX,Concentration3,ug/L,.007,mg/L,9.3,ug/L,,07/31/2020
PR0020575,001,01042,"Copper, total [as Cu]",5,C3,MAX,Concentration3,ug/L,.005,mg/L,9.3,ug/L,,08/31/2020
PR0020575,001,01042,"Copper, total [as Cu]",6,C3,MAX,Concentration3,ug/L,.006,mg/L,9.3,ug/L,,09/30/2020
PR0020575,001,01042,"Copper, total [as Cu]",7,C3,MAX,Concentration3,ug/L,.007,mg/L,9.3,ug/L,,10/31/2020
PR0020575,001,01042,"Copper, total [as Cu]",6,C3,MAX,Concentration3,ug/L,.006,mg/L,9.3,ug/L,,11/30/2020
PR0020575,001,01042,"Copper, total [as Cu]",6,C3,MAX,Concentration3,ug/L,.006,mg/L,9.3,ug/L,,12/31/2020
PR0020575,001,01042,"Copper, total [as Cu]",6,C3,MAX,Concentration3,ug/L,.006,mg/L,9.3,ug/L,,01/31/2021
PR0020575,001,01042,"Copper, total [as Cu]",6,C3,MAX,Concentration3,ug/L,.006,mg/L,9.3,ug/L,,02/28/2021
PR0020575,001,01042,"Copper, total [as Cu]",6,C3,MAX,Concentration3,ug/L,.006,mg/L,9.3,ug/L,,03/31/2021
PR0020575,001,01042,"Copper, total [as Cu]",6,C3,MAX,Concentration3,ug/L,.006,mg/L,9.3,ug/L,,04/30/2021
PR0020575,001,01042,"Copper, total [as Cu]",10,C3,MAX,Concentration3,ug/L,.01,mg/L,9.3,ug/L,,05/31/2021
PR0020575,001,01042,"Copper, total [as Cu]",6,C3,MAX,Concentration3,ug/L,.006,mg/L,9.3,ug/L,,06/30/2021
PR0020575,001,01042,"Copper, total [as Cu]",7,C3,MAX,Concentration3,ug/L,.007,mg/L,9.3,ug/L,,07/31/2021
PR0020575,001,01042,"Copper, total [as Cu]",10,C3,MAX,Concentration3,ug/L,.01,mg/L,9.3,ug/L,,08/31/2021
PR0020575,001,01042,"Copper, total [as Cu]",7,C3,MAX,Concentration3,ug/L,.007,mg/L,9.3,ug/L,,09/30/2021
PR0020575,001,01042,"Copper, total [as Cu]",6,C3,MAX,Concentration3,ug/L,.006,mg/L,9.3,ug/L,,10/31/2021
PR0020575,001,01042,"Copper, total [as Cu]",6,C3,MAX,Concentration3,ug/L,.006,mg/L,9.3,ug/L,,11/30/2021
PR0020575,001,01042,"Copper, total [as Cu]",6,C3,MAX,Concentration3,ug/L,.006,mg/L,9.3,ug/L,,12/31/2021
PR0020575,001,01042,"Copper, total [as Cu]",8,C3,MAX,Concentration3,ug/L,.008,mg/L,9.3,ug/L,,01/31/2022
PR0020575,001,01042,"Copper, total [as Cu]",6,C3,MAX,Concentration3,ug/L,.006,mg/L,9.3,ug/L,,02/28/2022
PR0020575,001,01042,"Copper, total [as Cu]",6,C3,MAX,Concentration3,ug/L,.006,mg/L,9.3,ug/L,,03/31/2022
PR0020575,001,01042,"Copper, total [as Cu]",6,C3,MAX,Concentration3,ug/L,.006,mg/L,9.3,ug/L,,04/30/2022
PR0020575,001,01042,"Copper, total [as Cu]",6,C3,MAX,Concentration3,ug/L,.006,mg/L,9.3,ug/L,,05/31/2022
PR0020575,001,01042,"Copper, total [as Cu]",6,C3,MAX,Concentration3,ug/L,.006,mg/L,9.3,ug/L,,06/30/2022
PR0020575,001,01042,"Copper, total [as Cu]",11,C3,MAX,Concentration3,ug/L,.011,mg/L,9.3,ug/L,,07/31/2022
PR0020575,001,01042,"Copper, total [as Cu]",6,C3,MAX,Concentration3,ug/L,.006,mg/L,9.3,ug/L,,08/31/2022
PR0020575,001,01042,"Copper, total [as Cu]",9,C3,MAX,Concentration3,ug/L,.009,mg/L,9.3,ug/L,,09/30/2022
PR0020575,001,01042,"Copper, total [as Cu]",6,C3,MAX,Concentration3,ug/L,.006,mg/L,9.3,ug/L,,10/31/2022
PR0020575,001,01042,"Copper, total [as Cu]",6,C3,MAX,Concentration3,ug/L,.006,mg/L,9.3,ug/L,,11/30/2022
PR0020575,001,01042,"Copper, total [as Cu]",6,C3,MAX,Concentration3,ug/L,.006,mg/L,9.3,ug/L,,12/31/2022
PR0020575,001,01042,"Copper, total [as Cu]",6,C3,MAX,Concentration3,ug/L,.006,mg/L,9.3,ug/L,,01/31/2023
PR0020575,001,01042,"Copper, total [as Cu]",6,C3,MAX,Concentration3,ug/L,.006,mg/L,9.3,ug/L,,02/28/2023
PR0020575,001,01042,"Copper, total [as Cu]",6,C3,MAX,Concentration3,ug/L,.006,mg/L,9.3,ug/L,,03/31/2023
PR0020575,001,01042,"Copper, total [as Cu]",6,C3,MAX,Concentration3,ug/L,.006,mg/L,9.3,ug/L,,04/30/2023
PR0020575,001,01042,"Copper, total [as Cu]",6,C3,MAX,Concentration3,ug/L,.006,mg/L,9.3,ug/L,,05/31/2023
PR0020575,001,01042,"Copper, total [as Cu]",11,C3,MAX,Concentration3,ug/L,.011,mg/L,9.3,ug/L,,06/30/2023
PR0020575,001,01042,"Copper, total [as Cu]",18,C3,MAX,Concentration3,ug/L,.018,mg/L,9.3,ug/L,,07/31/2023
PR0020575,001,01042,"Copper, total [as Cu]",6,C3,MAX,Concentration3,ug/L,.006,mg/L,9.3,ug/L,,08/31/2023
PR0020575,001,01042,"Copper, total [as Cu]",1.3,C3,MAX,Concentration3,ug/L,.0013,mg/L,9.3,ug/L,,09/30/2023
PR0020575,001,01042,"Copper, total [as Cu]",6,C3,MAX,Concentration3,ug/L,.006,mg/L,9.3,ug/L,,10/31/2023
PR0020575,001,01042,"Copper, total [as Cu]",7,C3,MAX,Concentration3,ug/L,.007,mg/L,9.3,ug/L,,11/30/2023
PR0020575,001,01042,"Copper, total [as Cu]",13,C3,MAX,Concentration3,ug/L,.013,mg/L,9.3,ug/L,,12/31/2023
PR0020575,001,01042,"Copper, total [as Cu]",9,C3,MAX,Concentration3,ug/L,.009,mg/L,9.3,ug/L,,01/31/2024
PR0020575,001,01042,"Copper, total [as Cu]",9,C3,MAX,Concentration3,ug/L,.009,mg/L,9.3,ug/L,,02/29/2024
PR0020575,001,01042,"Copper, total [as Cu]",6,C3,MAX,Concentration3,ug/L,.006,mg/L,9.3,ug/L,,03/31/2024
PR0020575,001,01042,"Copper, total [as Cu]",0.98,C3,MAX,Concentration3,ug/L,.00098,mg/L,9.3,ug/L,,04/30/2024
PR0020575,001,01042,"Copper, total [as Cu]",5.22,C3,MAX,Concentration3,ug/L,.00522,mg/L,9.3,ug/L,,05/31/2024
PR0020575,001,01042,"Copper, total [as Cu]",1.42,C3,MAX,Concentration3,ug/L,.00142,mg/L,9.3,ug/L,,06/30/2024
PR0020575,001,01042,"Copper, total [as Cu]",1.05,C3,MAX,Concentration3,ug/L,.00105,mg/L,9.3,ug/L,,07/31/2024
PR0020575,001,01042,"Copper, total [as Cu]",10.64,C3,MAX,Concentration3,ug/L,.01064,mg/L,9.3,ug/L,,08/31/2024
PR0020575,001,01042,"Copper, total [as Cu]",8.17,C3,MAX,Concentration3,ug/L,.00817,mg/L,9.3,ug/L,,09/30/2024
PR0020575,001,01042,"Copper, total [as Cu]",6.17,C3,MAX,Concentration3,ug/L,.00617,mg/L,9.3,ug/L,,10/31/2024
PR0020575,001,01042,"Copper, total [as Cu]",6.96,C3,MAX,Concentration3,ug/L,.00696,mg/L,9.3,ug/L,,11/30/2024
PR0020575,001,01042,"Copper, total [as Cu]",7.4,C3,MAX,Concentration3,ug/L,.0074,mg/L,9.3,ug/L,,12/31/2024
PR0020575,001,01042,"Copper, total [as Cu]",7.46,C3,MAX,Concentration3,ug/L,.00746,mg/L,9.3,ug/L,,01/31/2025
PR0020575,001,01042,"Copper, total [as Cu]",5.26,C3,MAX,Concentration3,ug/L,.00526,mg/L,9.3,ug/L,,02/28/2025
PR0020575,001,01042,"Copper, total [as Cu]",8.5,C3,MAX,Concentration3,ug/L,.0085,mg/L,9.3,ug/L,,03/31/2025
PR0020575,001,01042,"Copper, total [as Cu]",2.28,C3,MAX,Concentration3,ug/L,.00228,mg/L,9.3,ug/L,,04/30/2025
PR0020575,001,01042,"Copper, total [as Cu]",0.81,C3,MAX,Concentration3,ug/L,.00081,mg/L,9.3,ug/L,,05/31/2025
PR0020575,001,01042,"Copper, total [as Cu]",5.32,C3,MAX,Concentration3,ug/L,.00532,mg/L,9.3,ug/L,,06/30/2025
PR0020575,001,01042,"Copper, total [as Cu]",10.1,C3,MAX,Concentration3,ug/L,.0101,mg/L,9.3,ug/L,,07/31/2025
PR0020575,001,01042,"Copper, total [as Cu]",1.16,C3,MAX,Concentration3,ug/L,.00116,mg/L,9.3,ug/L,,08/31/2025
PR0020575,001,01042,"Copper, total [as Cu]",7.05,C3,MAX,Concentration3,ug/L,.00705,mg/L,9.3,ug/L,,09/30/2025
PR0020575,001,01042,"Copper, total [as Cu]",0.67,C3,MAX,Concentration3,ug/L,.00067,mg/L,9.3,ug/L,,10/31/2025
PR0020575,001,01042,"Copper, total [as Cu]",5.89,C3,MAX,Concentration3,ug/L,.00589,mg/L,9.3,ug/L,,11/30/2025
PR0020575,001,01042,"Copper, total [as Cu]",11.96,C3,MAX,Concentration3,ug/L,.01196,mg/L,9.3,ug/L,,12/31/2025
PR0020575,001,01042,"Copper, total [as Cu]",12.33,C3,MAX,Concentration3,ug/L,.01233,mg/L,9.3,ug/L,,01/31/2026
PR0020575,001,01147,"Selenium, total [as Se]",3,C3,MAX,Concentration3,ug/L,.003,mg/L,,ug/L,,01/31/2020
PR0020575,001,01147,"Selenium, total [as Se]",3,C3,MAX,Concentration3,ug/L,.003,mg/L,,ug/L,,02/29/2020
PR0020575,001,01147,"Selenium, total [as Se]",3,C3,MAX,Concentration3,ug/L,.003,mg/L,,ug/L,,03/31/2020
PR0020575,001,01147,"Selenium, total [as Se]",3,C3,MAX,Concentration3,ug/L,.003,mg/L,,ug/L,,04/30/2020
PR0020575,001,01147,"Selenium, total [as Se]",3,C3,MAX,Concentration3,ug/L,.003,mg/L,,ug/L,,05/31/2020
PR0020575,001,01147,"Selenium, total [as Se]",3,C3,MAX,Concentration3,ug/L,.003,mg/L,5,ug/L,,06/30/2020
PR0020575,001,01147,"Selenium, total [as Se]",2,C3,MAX,Concentration3,ug/L,.002,mg/L,5,ug/L,,07/31/2020
PR0020575,001,01147,"Selenium, total [as Se]",2,C3,MAX,Concentration3,ug/L,.002,mg/L,5,ug/L,,08/31/2020
PR0020575,001,01147,"Selenium, total [as Se]",2,C3,MAX,Concentration3,ug/L,.002,mg/L,5,ug/L,,09/30/2020
PR0020575,001,01147,"Selenium, total [as Se]",2,C3,MAX,Concentration3,ug/L,.002,mg/L,5,ug/L,,10/31/2020
PR0020575,001,01147,"Selenium, total [as Se]",2,C3,MAX,Concentration3,ug/L,.002,mg/L,5,ug/L,,11/30/2020
PR0020575,001,01147,"Selenium, total [as Se]",2,C3,MAX,Concentration3,ug/L,.002,mg/L,5,ug/L,,12/31/2020
PR0020575,001,01147,"Selenium, total [as Se]",2,C3,MAX,Concentration3,ug/L,.002,mg/L,5,ug/L,,01/31/2021
PR0020575,001,01147,"Selenium, total [as Se]",2,C3,MAX,Concentration3,ug/L,.002,mg/L,5,ug/L,,02/28/2021
PR0020575,001,01147,"Selenium, total [as Se]",NA,C3,MAX,Concentration3,,,mg/L,5,ug/L,B,03/31/2021
PR0020575,001,01147,"Selenium, total [as Se]",2,C3,MAX,Concentration3,ug/L,.002,mg/L,5,ug/L,,04/30/2021
PR0020575,001,01147,"Selenium, total [as Se]",3,C3,MAX,Concentration3,ug/L,.003,mg/L,5,ug/L,,05/31/2021
PR0020575,001,01147,"Selenium, total [as Se]",3,C3,MAX,Concentration3,ug/L,.003,mg/L,5,ug/L,,06/30/2021
PR0020575,001,01147,"Selenium, total [as Se]",3,C3,MAX,Concentration3,ug/L,.003,mg/L,5,ug/L,,07/31/2021
PR0020575,001,01147,"Selenium, total [as Se]",3,C3,MAX,Concentration3,ug/L,.003,mg/L,5,ug/L,,08/31/2021
PR0020575,001,01147,"Selenium, total [as Se]",2.4,C3,MAX,Concentration3,ug/L,.0024,mg/L,5,ug/L,,09/30/2021
PR0020575,001,01147,"Selenium, total [as Se]",2.9,C3,MAX,Concentration3,ug/L,.0029,mg/L,5,ug/L,,10/31/2021
PR0020575,001,01147,"Selenium, total [as Se]",2.4,C3,MAX,Concentration3,ug/L,.0024,mg/L,5,ug/L,,11/30/2021
PR0020575,001,01147,"Selenium, total [as Se]",2.4,C3,MAX,Concentration3,ug/L,.0024,mg/L,5,ug/L,,12/31/2021
PR0020575,001,01147,"Selenium, total [as Se]",2.4,C3,MAX,Concentration3,ug/L,.0024,mg/L,5,ug/L,,01/31/2022
PR0020575,001,01147,"Selenium, total [as Se]",2.4,C3,MAX,Concentration3,ug/L,.0024,mg/L,5,ug/L,,02/28/2022
PR0020575,001,01147,"Selenium, total [as Se]",2.4,C3,MAX,Concentration3,ug/L,.0024,mg/L,5,ug/L,,03/31/2022
PR0020575,001,01147,"Selenium, total [as Se]",2.4,C3,MAX,Concentration3,ug/L,.0024,mg/L,5,ug/L,,04/30/2022
PR0020575,001,01147,"Selenium, total [as Se]",2.4,C3,MAX,Concentration3,ug/L,.0024,mg/L,5,ug/L,,05/31/2022
PR0020575,001,01147,"Selenium, total [as Se]",2.4,C3,MAX,Concentration3,ug/L,.0024,mg/L,5,ug/L,,06/30/2022
PR0020575,001,01147,"Selenium, total [as Se]",2.8,C3,MAX,Concentration3,ug/L,.0028,mg/L,5,ug/L,,07/31/2022
PR0020575,001,01147,"Selenium, total [as Se]",2.94,C3,MAX,Concentration3,ug/L,.00294,mg/L,5,ug/L,,08/31/2022
PR0020575,001,01147,"Selenium, total [as Se]",2.8,C3,MAX,Concentration3,ug/L,.0028,mg/L,5,ug/L,,09/30/2022
PR0020575,001,01147,"Selenium, total [as Se]",2.8,C3,MAX,Concentration3,ug/L,.0028,mg/L,5,ug/L,,10/31/2022
PR0020575,001,01147,"Selenium, total [as Se]",2.4,C3,MAX,Concentration3,ug/L,.0024,mg/L,5,ug/L,,11/30/2022
PR0020575,001,01147,"Selenium, total [as Se]",4.2,C3,MAX,Concentration3,ug/L,.0042,mg/L,5,ug/L,,12/31/2022
PR0020575,001,01147,"Selenium, total [as Se]",4.2,C3,MAX,Concentration3,ug/L,.0042,mg/L,5,ug/L,,01/31/2023
PR0020575,001,01147,"Selenium, total [as Se]",4.91,C3,MAX,Concentration3,ug/L,.00491,mg/L,5,ug/L,,02/28/2023
PR0020575,001,01147,"Selenium, total [as Se]",0.157,C3,MAX,Concentration3,ug/L,.000157,mg/L,5,ug/L,,03/31/2023
PR0020575,001,01147,"Selenium, total [as Se]",1.18,C3,MAX,Concentration3,ug/L,.00118,mg/L,5,ug/L,,04/30/2023
PR0020575,001,01147,"Selenium, total [as Se]",2.2,C3,MAX,Concentration3,ug/L,.0022,mg/L,5,ug/L,,05/31/2023
PR0020575,001,01147,"Selenium, total [as Se]",2.2,C3,MAX,Concentration3,ug/L,.0022,mg/L,5,ug/L,,06/30/2023
PR0020575,001,01147,"Selenium, total [as Se]",2.2,C3,MAX,Concentration3,ug/L,.0022,mg/L,5,ug/L,,07/31/2023
PR0020575,001,01147,"Selenium, total [as Se]",2.4,C3,MAX,Concentration3,ug/L,.0024,mg/L,5,ug/L,,08/31/2023
PR0020575,001,01147,"Selenium, total [as Se]",4.7,C3,MAX,Concentration3,ug/L,.0047,mg/L,5,ug/L,,09/30/2023
PR0020575,001,01147,"Selenium, total [as Se]",3.5,C3,MAX,Concentration3,ug/L,.0035,mg/L,5,ug/L,,10/31/2023
PR0020575,001,01147,"Selenium, total [as Se]",4.1,C3,MAX,Concentration3,ug/L,.0041,mg/L,5,ug/L,,11/30/2023
PR0020575,001,01147,"Selenium, total [as Se]",4.1,C3,MAX,Concentration3,ug/L,.0041,mg/L,5,ug/L,,12/31/2023
PR0020575,001,01147,"Selenium, total [as Se]",10.5,C3,MAX,Concentration3,ug/L,.0105,mg/L,5,ug/L,,01/31/2024
PR0020575,001,01147,"Selenium, total [as Se]",4.1,C3,MAX,Concentration3,ug/L,.0041,mg/L,5,ug/L,,02/29/2024
PR0020575,001,01147,"Selenium, total [as Se]",4.1,C3,MAX,Concentration3,ug/L,.0041,mg/L,5,ug/L,,03/31/2024
PR0020575,001,01147,"Selenium, total [as Se]",4.1,C3,MAX,Concentration3,ug/L,.0041,mg/L,5,ug/L,,04/30/2024
PR0020575,001,01147,"Selenium, total [as Se]",4.1,C3,MAX,Concentration3,ug/L,.0041,mg/L,5,ug/L,,05/31/2024
PR0020575,001,01147,"Selenium, total [as Se]",4.7,C3,MAX,Concentration3,ug/L,.0047,mg/L,5,ug/L,,06/30/2024
PR0020575,001,01147,"Selenium, total [as Se]",4.1,C3,MAX,Concentration3,ug/L,.0041,mg/L,5,ug/L,,07/31/2024
PR0020575,001,01147,"Selenium, total [as Se]",4.1,C3,MAX,Concentration3,ug/L,.0041,mg/L,5,ug/L,,08/31/2024
PR0020575,001,01147,"Selenium, total [as Se]",4.7,C3,MAX,Concentration3,ug/L,.0047,mg/L,5,ug/L,,09/30/2024
PR0020575,001,01147,"Selenium, total [as Se]",4.1,C3,MAX,Concentration3,ug/L,.0041,mg/L,5,ug/L,,10/31/2024
PR0020575,001,01147,"Selenium, total [as Se]",4.1,C3,MAX,Concentration3,ug/L,.0041,mg/L,5,ug/L,,11/30/2024
PR0020575,001,01147,"Selenium, total [as Se]",4.1,C3,MAX,Concentration3,ug/L,.0041,mg/L,5,ug/L,,12/31/2024
PR0020575,001,01147,"Selenium, total [as Se]",4.1,C3,MAX,Concentration3,ug/L,.0041,mg/L,5,ug/L,,01/31/2025
PR0020575,001,01147,"Selenium, total [as Se]",4.1,C3,MAX,Concentration3,ug/L,.0041,mg/L,5,ug/L,,02/28/2025
PR0020575,001,01147,"Selenium, total [as Se]",4.1,C3,MAX,Concentration3,ug/L,.0041,mg/L,5,ug/L,,03/31/2025
PR0020575,001,01147,"Selenium, total [as Se]",4.1,C3,MAX,Concentration3,ug/L,.0041,mg/L,5,ug/L,,04/30/2025
PR0020575,001,01147,"Selenium, total [as Se]",4.1,C3,MAX,Concentration3,ug/L,.0041,mg/L,5,ug/L,,05/31/2025
PR0020575,001,01147,"Selenium, total [as Se]",1,C3,MAX,Concentration3,ug/L,.001,mg/L,5,ug/L,,06/30/2025
PR0020575,001,01147,"Selenium, total [as Se]",4.1,C3,MAX,Concentration3,ug/L,.0041,mg/L,5,ug/L,,07/31/2025
PR0020575,001,01147,"Selenium, total [as Se]",4.4,C3,MAX,Concentration3,ug/L,.0044,mg/L,5,ug/L,,08/31/2025
PR0020575,001,01147,"Selenium, total [as Se]",4.1,C3,MAX,Concentration3,ug/L,.0041,mg/L,5,ug/L,,09/30/2025
PR0020575,001,01147,"Selenium, total [as Se]",2.05,C3,MAX,Concentration3,ug/L,.00205,mg/L,5,ug/L,,10/31/2025
PR0020575,001,01147,"Selenium, total [as Se]",46.5,C3,MAX,Concentration3,ug/L,.0465,mg/L,5,ug/L,,11/30/2025
PR0020575,001,01147,"Selenium, total [as Se]",4.2,C3,MAX,Concentration3,ug/L,.0042,mg/L,5,ug/L,,12/31/2025
PR0020575,001,01147,"Selenium, total [as Se]",4.2,C3,MAX,Concentration3,ug/L,.0042,mg/L,5,ug/L,,01/31/2026
PR0020575,001,30500,"Coliform, fecal - % samples exceeding limit",0,C2,MAX,Concentration2,%,0,%,20,%,,01/31/2020
PR0020575,001,30500,"Coliform, fecal - % samples exceeding limit",0,C2,MAX,Concentration2,%,0,%,20,%,,02/29/2020
PR0020575,001,30500,"Coliform, fecal - % samples exceeding limit",20,C2,MAX,Concentration2,%,20,%,20,%,,03/31/2020
PR0020575,001,30500,"Coliform, fecal - % samples exceeding limit",0,C2,MAX,Concentration2,%,0,%,20,%,,04/30/2020
PR0020575,001,30500,"Coliform, fecal - % samples exceeding limit",0,C2,MAX,Concentration2,%,0,%,20,%,,05/31/2020
PR0020575,001,34726,"Nitrogen, ammonia, total [as NH3]",0.06,C3,MAX,Concentration3,mg/L,.06,mg/L,6,mg/L,,01/31/2020
PR0020575,001,34726,"Nitrogen, ammonia, total [as NH3]",0.06,C3,MAX,Concentration3,mg/L,.06,mg/L,6,mg/L,,02/29/2020
PR0020575,001,34726,"Nitrogen, ammonia, total [as NH3]",0.06,C3,MAX,Concentration3,mg/L,.06,mg/L,6,mg/L,,03/31/2020
PR0020575,001,34726,"Nitrogen, ammonia, total [as NH3]",0.221,C3,MAX,Concentration3,mg/L,.221,mg/L,6,mg/L,,04/30/2020
PR0020575,001,34726,"Nitrogen, ammonia, total [as NH3]",0.114,C3,MAX,Concentration3,mg/L,.114,mg/L,6,mg/L,,05/31/2020
PR0020575,001,38260,Surfactants [MBAS],71,C3,MAX,Concentration3,ug/L,.071,mg/L,100,ug/L,,02/29/2020
PR0020575,001,38260,Surfactants [MBAS],124,C3,MAX,Concentration3,ug/L,.12400001,mg/L,100,ug/L,,05/31/2020
PR0020575,001,38260,Surfactants [MBAS],25,C3,MAX,Concentration3,ug/L,.025,mg/L,100,ug/L,,06/30/2020
PR0020575,001,38260,Surfactants [MBAS],65,C3,MAX,Concentration3,ug/L,.065,mg/L,100,ug/L,,07/31/2020
PR0020575,001,38260,Surfactants [MBAS],40,C3,MAX,Concentration3,ug/L,.04,mg/L,100,ug/L,,08/31/2020
PR0020575,001,38260,Surfactants [MBAS],70,C3,MAX,Concentration3,ug/L,.07,mg/L,100,ug/L,,09/30/2020
PR0020575,001,38260,Surfactants [MBAS],31,C3,MAX,Concentration3,ug/L,.031,mg/L,100,ug/L,,10/31/2020
PR0020575,001,38260,Surfactants [MBAS],61,C3,MAX,Concentration3,ug/L,.061,mg/L,100,ug/L,,11/30/2020
PR0020575,001,38260,Surfactants [MBAS],38,C3,MAX,Concentration3,ug/L,.038,mg/L,100,ug/L,,12/31/2020
PR0020575,001,38260,Surfactants [MBAS],25,C3,MAX,Concentration3,ug/L,.025,mg/L,100,ug/L,,01/31/2021
PR0020575,001,38260,Surfactants [MBAS],61,C3,MAX,Concentration3,ug/L,.061,mg/L,100,ug/L,,02/28/2021
PR0020575,001,38260,Surfactants [MBAS],29,C3,MAX,Concentration3,ug/L,.029,mg/L,100,ug/L,,03/31/2021
PR0020575,001,38260,Surfactants [MBAS],37,C3,MAX,Concentration3,ug/L,.037,mg/L,100,ug/L,,04/30/2021
PR0020575,001,38260,Surfactants [MBAS],36,C3,MAX,Concentration3,ug/L,.036,mg/L,100,ug/L,,05/31/2021
PR0020575,001,38260,Surfactants [MBAS],119,C3,MAX,Concentration3,ug/L,.11900001,mg/L,100,ug/L,,06/30/2021
PR0020575,001,38260,Surfactants [MBAS],51,C3,MAX,Concentration3,ug/L,.051,mg/L,100,ug/L,,07/31/2021
PR0020575,001,38260,Surfactants [MBAS],145,C3,MAX,Concentration3,ug/L,.14500001,mg/L,100,ug/L,,08/31/2021
PR0020575,001,38260,Surfactants [MBAS],87,C3,MAX,Concentration3,ug/L,.087,mg/L,100,ug/L,,09/30/2021
PR0020575,001,38260,Surfactants [MBAS],43,C3,MAX,Concentration3,ug/L,.043,mg/L,100,ug/L,,10/31/2021
PR0020575,001,38260,Surfactants [MBAS],51,C3,MAX,Concentration3,ug/L,.051,mg/L,100,ug/L,,11/30/2021
PR0020575,001,38260,Surfactants [MBAS],62,C3,MAX,Concentration3,ug/L,.062,mg/L,100,ug/L,,12/31/2021
PR0020575,001,38260,Surfactants [MBAS],40,C3,MAX,Concentration3,ug/L,.04,mg/L,100,ug/L,,01/31/2022
PR0020575,001,38260,Surfactants [MBAS],32,C3,MAX,Concentration3,ug/L,.032,mg/L,100,ug/L,,02/28/2022
PR0020575,001,38260,Surfactants [MBAS],50,C3,MAX,Concentration3,ug/L,.05,mg/L,100,ug/L,,03/31/2022
PR0020575,001,38260,Surfactants [MBAS],170,C3,MAX,Concentration3,ug/L,.17000001,mg/L,100,ug/L,,04/30/2022
PR0020575,001,38260,Surfactants [MBAS],25,C3,MAX,Concentration3,ug/L,.025,mg/L,100,ug/L,,05/31/2022
PR0020575,001,38260,Surfactants [MBAS],25,C3,MAX,Concentration3,ug/L,.025,mg/L,100,ug/L,,06/30/2022
PR0020575,001,38260,Surfactants [MBAS],89,C3,MAX,Concentration3,ug/L,.089,mg/L,100,ug/L,,07/31/2022
PR0020575,001,38260,Surfactants [MBAS],25,C3,MAX,Concentration3,ug/L,.025,mg/L,100,ug/L,,08/31/2022
PR0020575,001,38260,Surfactants [MBAS],373,C3,MAX,Concentration3,ug/L,.37300002,mg/L,100,ug/L,,09/30/2022
PR0020575,001,38260,Surfactants [MBAS],25,C3,MAX,Concentration3,ug/L,.025,mg/L,100,ug/L,,10/31/2022
PR0020575,001,38260,Surfactants [MBAS],32,C3,MAX,Concentration3,ug/L,.032,mg/L,100,ug/L,,11/30/2022
PR0020575,001,38260,Surfactants [MBAS],54,C3,MAX,Concentration3,ug/L,.054,mg/L,100,ug/L,,12/31/2022
PR0020575,001,38260,Surfactants [MBAS],57,C3,MAX,Concentration3,ug/L,.057,mg/L,100,ug/L,,01/31/2023
PR0020575,001,38260,Surfactants [MBAS],25,C3,MAX,Concentration3,ug/L,.025,mg/L,100,ug/L,,02/28/2023
PR0020575,001,38260,Surfactants [MBAS],25,C3,MAX,Concentration3,ug/L,.025,mg/L,100,ug/L,,03/31/2023
PR0020575,001,38260,Surfactants [MBAS],25,C3,MAX,Concentration3,ug/L,.025,mg/L,100,ug/L,,04/30/2023
PR0020575,001,38260,Surfactants [MBAS],25,C3,MAX,Concentration3,ug/L,.025,mg/L,100,ug/L,,05/31/2023
PR0020575,001,38260,Surfactants [MBAS],25,C3,MAX,Concentration3,ug/L,.025,mg/L,100,ug/L,,06/30/2023
PR0020575,001,38260,Surfactants [MBAS],44,C3,MAX,Concentration3,ug/L,.044,mg/L,100,ug/L,,07/31/2023
PR0020575,001,38260,Surfactants [MBAS],25,C3,MAX,Concentration3,ug/L,.025,mg/L,100,ug/L,,08/31/2023
PR0020575,001,38260,Surfactants [MBAS],26,C3,MAX,Concentration3,ug/L,.026,mg/L,100,ug/L,,09/30/2023
PR0020575,001,38260,Surfactants [MBAS],185,C3,MAX,Concentration3,ug/L,.18500001,mg/L,100,ug/L,,10/31/2023
PR0020575,001,38260,Surfactants [MBAS],69,C3,MAX,Concentration3,ug/L,.069,mg/L,100,ug/L,,11/30/2023
PR0020575,001,38260,Surfactants [MBAS],50,C3,MAX,Concentration3,ug/L,.05,mg/L,100,ug/L,,12/31/2023
PR0020575,001,38260,Surfactants [MBAS],25,C3,MAX,Concentration3,ug/L,.025,mg/L,100,ug/L,,01/31/2024
PR0020575,001,38260,Surfactants [MBAS],25,C3,MAX,Concentration3,ug/L,.025,mg/L,100,ug/L,,02/29/2024
PR0020575,001,38260,Surfactants [MBAS],25,C3,MAX,Concentration3,ug/L,.025,mg/L,100,ug/L,,03/31/2024
PR0020575,001,38260,Surfactants [MBAS],28,C3,MAX,Concentration3,ug/L,.028,mg/L,100,ug/L,,04/30/2024
PR0020575,001,38260,Surfactants [MBAS],59,C3,MAX,Concentration3,ug/L,.059,mg/L,100,ug/L,,05/31/2024
PR0020575,001,38260,Surfactants [MBAS],25,C3,MAX,Concentration3,ug/L,.025,mg/L,100,ug/L,,06/30/2024
PR0020575,001,38260,Surfactants [MBAS],29,C3,MAX,Concentration3,ug/L,.029,mg/L,100,ug/L,,07/31/2024
PR0020575,001,38260,Surfactants [MBAS],198,C3,MAX,Concentration3,ug/L,.19800001,mg/L,100,ug/L,,08/31/2024
PR0020575,001,38260,Surfactants [MBAS],27,C3,MAX,Concentration3,ug/L,.027,mg/L,100,ug/L,,09/30/2024
PR0020575,001,38260,Surfactants [MBAS],34,C3,MAX,Concentration3,ug/L,.034,mg/L,100,ug/L,,10/31/2024
PR0020575,001,38260,Surfactants [MBAS],36,C3,MAX,Concentration3,ug/L,.036,mg/L,100,ug/L,,11/30/2024
PR0020575,001,38260,Surfactants [MBAS],31,C3,MAX,Concentration3,ug/L,.031,mg/L,100,ug/L,,12/31/2024
PR0020575,001,38260,Surfactants [MBAS],25,C3,MAX,Concentration3,ug/L,.025,mg/L,100,ug/L,,01/31/2025
PR0020575,001,38260,Surfactants [MBAS],40,C3,MAX,Concentration3,ug/L,.04,mg/L,100,ug/L,,02/28/2025
PR0020575,001,38260,Surfactants [MBAS],61,C3,MAX,Concentration3,ug/L,.061,mg/L,100,ug/L,,03/31/2025
PR0020575,001,38260,Surfactants [MBAS],25,C3,MAX,Concentration3,ug/L,.025,mg/L,100,ug/L,,04/30/2025
PR0020575,001,38260,Surfactants [MBAS],25,C3,MAX,Concentration3,ug/L,.025,mg/L,100,ug/L,,05/31/2025
PR0020575,001,38260,Surfactants [MBAS],39,C3,MAX,Concentration3,ug/L,.039,mg/L,100,ug/L,,06/30/2025
PR0020575,001,38260,Surfactants [MBAS],25,C3,MAX,Concentration3,ug/L,.025,mg/L,100,ug/L,,07/31/2025
PR0020575,001,38260,Surfactants [MBAS],30,C3,MAX,Concentration3,ug/L,.03,mg/L,100,ug/L,,08/31/2025
PR0020575,001,38260,Surfactants [MBAS],25,C3,MAX,Concentration3,ug/L,.025,mg/L,100,ug/L,,09/30/2025
PR0020575,001,38260,Surfactants [MBAS],37,C3,MAX,Concentration3,ug/L,.037,mg/L,100,ug/L,,10/31/2025
PR0020575,001,38260,Surfactants [MBAS],25,C3,MAX,Concentration3,ug/L,.025,mg/L,100,ug/L,,11/30/2025
PR0020575,001,38260,Surfactants [MBAS],25,C3,MAX,Concentration3,ug/L,.025,mg/L,100,ug/L,,12/31/2025
PR0020575,001,38260,Surfactants [MBAS],37,C3,MAX,Concentration3,ug/L,.037,mg/L,100,ug/L,,01/31/2026
PR0020575,001,50050,"Flow, in conduit or thru treatment plant",1.2,Q2,MAX,Quantity2,MGD,1.2,MGD,,MGD,,01/31/2020
PR0020575,001,50050,"Flow, in conduit or thru treatment plant",0.8,Q1,AVG,Quantity1,MGD,.8,MGD,,MGD,,01/31/2020
PR0020575,001,50050,"Flow, in conduit or thru treatment plant",0.9,Q2,MAX,Quantity2,MGD,.9,MGD,,MGD,,02/29/2020
PR0020575,001,50050,"Flow, in conduit or thru treatment plant",0.7,Q1,AVG,Quantity1,MGD,.7,MGD,,MGD,,02/29/2020
PR0020575,001,50050,"Flow, in conduit or thru treatment plant",1.31,Q2,MAX,Quantity2,MGD,1.31,MGD,,MGD,,03/31/2020
PR0020575,001,50050,"Flow, in conduit or thru treatment plant",0.77,Q1,AVG,Quantity1,MGD,.77,MGD,,MGD,,03/31/2020
PR0020575,001,50050,"Flow, in conduit or thru treatment plant",0.624,Q1,AVG,Quantity1,MGD,.624,MGD,,MGD,,04/30/2020
PR0020575,001,50050,"Flow, in conduit or thru treatment plant",0.788,Q2,MAX,Quantity2,MGD,.788,MGD,,MGD,,04/30/2020
PR0020575,001,50050,"Flow, in conduit or thru treatment plant",0.564,Q1,AVG,Quantity1,MGD,.564,MGD,,MGD,,05/31/2020
PR0020575,001,50050,"Flow, in conduit or thru treatment plant",0.685,Q2,MAX,Quantity2,MGD,.685,MGD,,MGD,,05/31/2020
PR0020575,001,50050,"Flow, in conduit or thru treatment plant",0.75,C3,AVG,Concentration3,MGD,.75,MGD,,MGD,,06/30/2020
PR0020575,001,50050,"Flow, in conduit or thru treatment plant",0.85,Q2,MAX,Quantity2,MGD,.85,MGD,,MGD,,06/30/2020
PR0020575,001,50050,"Flow, in conduit or thru treatment plant",0.63,Q1,AVG,Quantity1,MGD,.63,MGD,,MGD,,06/30/2020
PR0020575,001,50050,"Flow, in conduit or thru treatment plant",0.929,C3,AVG,Concentration3,MGD,.929,MGD,,MGD,,07/31/2020
PR0020575,001,50050,"Flow, in conduit or thru treatment plant",1.12,Q2,MAX,Quantity2,MGD,1.12,MGD,,MGD,,07/31/2020
PR0020575,001,50050,"Flow, in conduit or thru treatment plant",0.783,Q1,AVG,Quantity1,MGD,.783,MGD,,MGD,,07/31/2020
PR0020575,001,50050,"Flow, in conduit or thru treatment plant",0.92,C3,AVG,Concentration3,MGD,.92,MGD,,MGD,,08/31/2020
PR0020575,001,50050,"Flow, in conduit or thru treatment plant",0.8,Q1,AVG,Quantity1,MGD,.8,MGD,,MGD,,08/31/2020
PR0020575,001,50050,"Flow, in conduit or thru treatment plant",1.07,Q2,MAX,Quantity2,MGD,1.07,MGD,,MGD,,08/31/2020
PR0020575,001,50050,"Flow, in conduit or thru treatment plant",0.8,Q1,AVG,Quantity1,MGD,.8,MGD,,MGD,,09/30/2020
PR0020575,001,50050,"Flow, in conduit or thru treatment plant",1.3,Q2,MAX,Quantity2,MGD,1.3,MGD,,MGD,,09/30/2020
PR0020575,001,50050,"Flow, in conduit or thru treatment plant",0.83,C3,AVG,Concentration3,MGD,.83,MGD,,MGD,,09/30/2020
PR0020575,001,50050,"Flow, in conduit or thru treatment plant",0.95,C3,AVG,Concentration3,MGD,.95,MGD,,MGD,,10/31/2020
PR0020575,001,50050,"Flow, in conduit or thru treatment plant",1.2,Q2,MAX,Quantity2,MGD,1.2,MGD,,MGD,,10/31/2020
PR0020575,001,50050,"Flow, in conduit or thru treatment plant",0.9,Q1,AVG,Quantity1,MGD,.9,MGD,,MGD,,10/31/2020
PR0020575,001,50050,"Flow, in conduit or thru treatment plant",1.05,Q1,AVG,Quantity1,MGD,1.05,MGD,,MGD,,11/30/2020
PR0020575,001,50050,"Flow, in conduit or thru treatment plant",1.7,Q2,MAX,Quantity2,MGD,1.7,MGD,,MGD,,11/30/2020
PR0020575,001,50050,"Flow, in conduit or thru treatment plant",1.32,C3,AVG,Concentration3,MGD,1.32,MGD,,MGD,,11/30/2020
PR0020575,001,50050,"Flow, in conduit or thru treatment plant",0.81,Q1,AVG,Quantity1,MGD,.81,MGD,,MGD,,12/31/2020
PR0020575,001,50050,"Flow, in conduit or thru treatment plant",0.9,C3,AVG,Concentration3,MGD,.9,MGD,,MGD,,12/31/2020
PR0020575,001,50050,"Flow, in conduit or thru treatment plant",1.2,Q2,MAX,Quantity2,MGD,1.2,MGD,,MGD,,12/31/2020
PR0020575,001,50050,"Flow, in conduit or thru treatment plant",0.9,C3,AVG,Concentration3,MGD,.9,MGD,,MGD,,01/31/2021
PR0020575,001,50050,"Flow, in conduit or thru treatment plant",0.77,Q1,AVG,Quantity1,MGD,.77,MGD,,MGD,,01/31/2021
PR0020575,001,50050,"Flow, in conduit or thru treatment plant",0.93,Q2,MAX,Quantity2,MGD,.93,MGD,,MGD,,01/31/2021
PR0020575,001,50050,"Flow, in conduit or thru treatment plant",0.86,Q2,MAX,Quantity2,MGD,.86,MGD,,MGD,,02/28/2021
PR0020575,001,50050,"Flow, in conduit or thru treatment plant",0.69,Q1,AVG,Quantity1,MGD,.69,MGD,,MGD,,02/28/2021
PR0020575,001,50050,"Flow, in conduit or thru treatment plant",0.731,C3,AVG,Concentration3,MGD,.731,MGD,,MGD,,02/28/2021
PR0020575,001,50050,"Flow, in conduit or thru treatment plant",0.8,C3,AVG,Concentration3,MGD,.8,MGD,,MGD,,03/31/2021
PR0020575,001,50050,"Flow, in conduit or thru treatment plant",0.99,Q2,MAX,Quantity2,MGD,.99,MGD,,MGD,,03/31/2021
PR0020575,001,50050,"Flow, in conduit or thru treatment plant",0.7,Q1,AVG,Quantity1,MGD,.7,MGD,,MGD,,03/31/2021
PR0020575,001,50050,"Flow, in conduit or thru treatment plant",0.7,Q1,AVG,Quantity1,MGD,.7,MGD,,MGD,,04/30/2021
PR0020575,001,50050,"Flow, in conduit or thru treatment plant",1.1,Q2,MAX,Quantity2,MGD,1.1,MGD,,MGD,,04/30/2021
PR0020575,001,50050,"Flow, in conduit or thru treatment plant",0.8,C3,AVG,Concentration3,MGD,.8,MGD,,MGD,,04/30/2021
PR0020575,001,50050,"Flow, in conduit or thru treatment plant",0.7,Q1,AVG,Quantity1,MGD,.7,MGD,,MGD,,05/31/2021
PR0020575,001,50050,"Flow, in conduit or thru treatment plant",0.7,C3,AVG,Concentration3,MGD,.7,MGD,,MGD,,05/31/2021
PR0020575,001,50050,"Flow, in conduit or thru treatment plant",1.1,Q2,MAX,Quantity2,MGD,1.1,MGD,,MGD,,05/31/2021
PR0020575,001,50050,"Flow, in conduit or thru treatment plant",1.1,Q2,MAX,Quantity2,MGD,1.1,MGD,,MGD,,06/30/2021
PR0020575,001,50050,"Flow, in conduit or thru treatment plant",0.9,C3,AVG,Concentration3,MGD,.9,MGD,,MGD,,06/30/2021
PR0020575,001,50050,"Flow, in conduit or thru treatment plant",0.8,Q1,AVG,Quantity1,MGD,.8,MGD,,MGD,,06/30/2021
PR0020575,001,50050,"Flow, in conduit or thru treatment plant",1.1,Q2,MAX,Quantity2,MGD,1.1,MGD,,MGD,,07/31/2021
PR0020575,001,50050,"Flow, in conduit or thru treatment plant",0.9,C3,AVG,Concentration3,MGD,.9,MGD,,MGD,,07/31/2021
PR0020575,001,50050,"Flow, in conduit or thru treatment plant",0.8,Q1,AVG,Quantity1,MGD,.8,MGD,,MGD,,07/31/2021
PR0020575,001,50050,"Flow, in conduit or thru treatment plant",0.7,Q1,AVG,Quantity1,MGD,.7,MGD,,MGD,,08/31/2021
PR0020575,001,50050,"Flow, in conduit or thru treatment plant",1.2,Q2,MAX,Quantity2,MGD,1.2,MGD,,MGD,,08/31/2021
PR0020575,001,50050,"Flow, in conduit or thru treatment plant",0.8,C3,AVG,Concentration3,MGD,.8,MGD,,MGD,,08/31/2021
PR0020575,001,50050,"Flow, in conduit or thru treatment plant",2.79,C3,AVG,Concentration3,MGD,2.79,MGD,,MGD,,09/30/2021
PR0020575,001,50050,"Flow, in conduit or thru treatment plant",0.8,Q1,AVG,Quantity1,MGD,.8,MGD,,MGD,,09/30/2021
PR0020575,001,50050,"Flow, in conduit or thru treatment plant",1.4,Q2,MAX,Quantity2,MGD,1.4,MGD,,MGD,,09/30/2021
PR0020575,001,50050,"Flow, in conduit or thru treatment plant",0.87,Q1,AVG,Quantity1,MGD,.87,MGD,,MGD,,10/31/2021
PR0020575,001,50050,"Flow, in conduit or thru treatment plant",1.5,Q2,MAX,Quantity2,MGD,1.5,MGD,,MGD,,10/31/2021
PR0020575,001,50050,"Flow, in conduit or thru treatment plant",1.1,C3,AVG,Concentration3,MGD,1.1,MGD,,MGD,,10/31/2021
PR0020575,001,50050,"Flow, in conduit or thru treatment plant",1.3,Q2,MAX,Quantity2,MGD,1.3,MGD,,MGD,,11/30/2021
PR0020575,001,50050,"Flow, in conduit or thru treatment plant",1.03,C3,AVG,Concentration3,MGD,1.03,MGD,,MGD,,11/30/2021
PR0020575,001,50050,"Flow, in conduit or thru treatment plant",0.82,Q1,AVG,Quantity1,MGD,.82,MGD,,MGD,,11/30/2021
PR0020575,001,50050,"Flow, in conduit or thru treatment plant",1,C3,AVG,Concentration3,MGD,1,MGD,,MGD,,12/31/2021
PR0020575,001,50050,"Flow, in conduit or thru treatment plant",1.78,Q2,MAX,Quantity2,MGD,1.78,MGD,,MGD,,12/31/2021
PR0020575,001,50050,"Flow, in conduit or thru treatment plant",0.87,Q1,AVG,Quantity1,MGD,.87,MGD,,MGD,,12/31/2021
PR0020575,001,50050,"Flow, in conduit or thru treatment plant",0.92,Q2,MAX,Quantity2,MGD,.92,MGD,,MGD,,01/31/2022
PR0020575,001,50050,"Flow, in conduit or thru treatment plant",0.73,Q1,AVG,Quantity1,MGD,.73,MGD,,MGD,,01/31/2022
PR0020575,001,50050,"Flow, in conduit or thru treatment plant",0.88,C3,AVG,Concentration3,MGD,.88,MGD,,MGD,,01/31/2022
PR0020575,001,50050,"Flow, in conduit or thru treatment plant",0.89,Q1,AVG,Quantity1,MGD,.89,MGD,,MGD,,02/28/2022
PR0020575,001,50050,"Flow, in conduit or thru treatment plant",0.944,C3,AVG,Concentration3,MGD,.944,MGD,,MGD,,02/28/2022
PR0020575,001,50050,"Flow, in conduit or thru treatment plant",1.71,Q2,MAX,Quantity2,MGD,1.71,MGD,,MGD,,02/28/2022
PR0020575,001,50050,"Flow, in conduit or thru treatment plant",1.2,Q2,MAX,Quantity2,MGD,1.2,MGD,,MGD,,03/31/2022
PR0020575,001,50050,"Flow, in conduit or thru treatment plant",0.783,Q1,AVG,Quantity1,MGD,.783,MGD,,MGD,,03/31/2022
PR0020575,001,50050,"Flow, in conduit or thru treatment plant",0.98,C3,AVG,Concentration3,MGD,.98,MGD,,MGD,,03/31/2022
PR0020575,001,50050,"Flow, in conduit or thru treatment plant",0.84,C3,AVG,Concentration3,MGD,.84,MGD,,MGD,,04/30/2022
PR0020575,001,50050,"Flow, in conduit or thru treatment plant",1.12,Q2,MAX,Quantity2,MGD,1.12,MGD,,MGD,,04/30/2022
PR0020575,001,50050,"Flow, in conduit or thru treatment plant",0.76,Q1,AVG,Quantity1,MGD,.76,MGD,,MGD,,04/30/2022
PR0020575,001,50050,"Flow, in conduit or thru treatment plant",0.7,Q1,AVG,Quantity1,MGD,.7,MGD,,MGD,,05/31/2022
PR0020575,001,50050,"Flow, in conduit or thru treatment plant",0.87,Q2,MAX,Quantity2,MGD,.87,MGD,,MGD,,05/31/2022
PR0020575,001,50050,"Flow, in conduit or thru treatment plant",0.75,C3,AVG,Concentration3,MGD,.75,MGD,,MGD,,05/31/2022
PR0020575,001,50050,"Flow, in conduit or thru treatment plant",0.75,C3,AVG,Concentration3,MGD,.75,MGD,,MGD,,06/30/2022
PR0020575,001,50050,"Flow, in conduit or thru treatment plant",0.71,Q1,AVG,Quantity1,MGD,.71,MGD,,MGD,,06/30/2022
PR0020575,001,50050,"Flow, in conduit or thru treatment plant",1.02,Q2,MAX,Quantity2,MGD,1.02,MGD,,MGD,,06/30/2022
PR0020575,001,50050,"Flow, in conduit or thru treatment plant",0.718,Q1,AVG,Quantity1,MGD,.718,MGD,,MGD,,07/31/2022
PR0020575,001,50050,"Flow, in conduit or thru treatment plant",1.12,Q2,MAX,Quantity2,MGD,1.12,MGD,,MGD,,07/31/2022
PR0020575,001,50050,"Flow, in conduit or thru treatment plant",0.918,C3,AVG,Concentration3,MGD,.918,MGD,,MGD,,07/31/2022
PR0020575,001,50050,"Flow, in conduit or thru treatment plant",0.99,C3,AVG,Concentration3,MGD,.99,MGD,,MGD,,08/31/2022
PR0020575,001,50050,"Flow, in conduit or thru treatment plant",0.91,Q1,AVG,Quantity1,MGD,.91,MGD,,MGD,,08/31/2022
PR0020575,001,50050,"Flow, in conduit or thru treatment plant",1.14,Q2,MAX,Quantity2,MGD,1.14,MGD,,MGD,,08/31/2022
PR0020575,001,50050,"Flow, in conduit or thru treatment plant",3.1,Q2,MAX,Quantity2,MGD,3.1,MGD,,MGD,,09/30/2022
PR0020575,001,50050,"Flow, in conduit or thru treatment plant",0.99,Q1,AVG,Quantity1,MGD,.99,MGD,,MGD,,09/30/2022
PR0020575,001,50050,"Flow, in conduit or thru treatment plant",1.71,C3,AVG,Concentration3,MGD,1.71,MGD,,MGD,,09/30/2022
PR0020575,001,50050,"Flow, in conduit or thru treatment plant",1.04,Q1,AVG,Quantity1,MGD,1.04,MGD,,MGD,,10/31/2022
PR0020575,001,50050,"Flow, in conduit or thru treatment plant",1.47,C3,AVG,Concentration3,MGD,1.47,MGD,,MGD,,10/31/2022
PR0020575,001,50050,"Flow, in conduit or thru treatment plant",2.1,Q2,MAX,Quantity2,MGD,2.1,MGD,,MGD,,10/31/2022
PR0020575,001,50050,"Flow, in conduit or thru treatment plant",2.5,Q2,MAX,Quantity2,MGD,2.5,MGD,,MGD,,11/30/2022
PR0020575,001,50050,"Flow, in conduit or thru treatment plant",1.33,Q1,AVG,Quantity1,MGD,1.33,MGD,,MGD,,11/30/2022
PR0020575,001,50050,"Flow, in conduit or thru treatment plant",1.68,C3,AVG,Concentration3,MGD,1.68,MGD,,MGD,,11/30/2022
PR0020575,001,50050,"Flow, in conduit or thru treatment plant",0.763,C3,AVG,Concentration3,MGD,.763,MGD,,MGD,,12/31/2022
PR0020575,001,50050,"Flow, in conduit or thru treatment plant",0.62,Q1,AVG,Quantity1,MGD,.62,MGD,,MGD,,12/31/2022
PR0020575,001,50050,"Flow, in conduit or thru treatment plant",0.823,Q2,MAX,Quantity2,MGD,.823,MGD,,MGD,,12/31/2022
PR0020575,001,50050,"Flow, in conduit or thru treatment plant",0.56,Q1,AVG,Quantity1,MGD,.56,MGD,,MGD,,01/31/2023
PR0020575,001,50050,"Flow, in conduit or thru treatment plant",0.65,C3,AVG,Concentration3,MGD,.65,MGD,,MGD,,01/31/2023
PR0020575,001,50050,"Flow, in conduit or thru treatment plant",0.79,Q2,MAX,Quantity2,MGD,.79,MGD,,MGD,,01/31/2023
PR0020575,001,50050,"Flow, in conduit or thru treatment plant",0.513,Q1,AVG,Quantity1,MGD,.513,MGD,,MGD,,02/28/2023
PR0020575,001,50050,"Flow, in conduit or thru treatment plant",0.664,Q2,MAX,Quantity2,MGD,.664,MGD,,MGD,,02/28/2023
PR0020575,001,50050,"Flow, in conduit or thru treatment plant",0.563,C3,AVG,Concentration3,MGD,.563,MGD,,MGD,,02/28/2023
PR0020575,001,50050,"Flow, in conduit or thru treatment plant",0.459,Q1,AVG,Quantity1,MGD,.459,MGD,,MGD,,03/31/2023
PR0020575,001,50050,"Flow, in conduit or thru treatment plant",0.48,C3,AVG,Concentration3,MGD,.48,MGD,,MGD,,03/31/2023
PR0020575,001,50050,"Flow, in conduit or thru treatment plant",0.546,Q2,MAX,Quantity2,MGD,.546,MGD,,MGD,,03/31/2023
PR0020575,001,50050,"Flow, in conduit or thru treatment plant",0.635,C3,AVG,Concentration3,MGD,.635,MGD,,MGD,,04/30/2023
PR0020575,001,50050,"Flow, in conduit or thru treatment plant",0.824,Q2,MAX,Quantity2,MGD,.824,MGD,,MGD,,04/30/2023
PR0020575,001,50050,"Flow, in conduit or thru treatment plant",0.534,Q1,AVG,Quantity1,MGD,.534,MGD,,MGD,,04/30/2023
PR0020575,001,50050,"Flow, in conduit or thru treatment plant",1.12,Q2,MAX,Quantity2,MGD,1.12,MGD,,MGD,,05/31/2023
PR0020575,001,50050,"Flow, in conduit or thru treatment plant",0.544,C3,AVG,Concentration3,MGD,.544,MGD,,MGD,,05/31/2023
PR0020575,001,50050,"Flow, in conduit or thru treatment plant",0.548,Q1,AVG,Quantity1,MGD,.548,MGD,,MGD,,05/31/2023
PR0020575,001,50050,"Flow, in conduit or thru treatment plant",0.602,Q1,AVG,Quantity1,MGD,.602,MGD,,MGD,,06/30/2023
PR0020575,001,50050,"Flow, in conduit or thru treatment plant",0.701,C3,AVG,Concentration3,MGD,.701,MGD,,MGD,,06/30/2023
PR0020575,001,50050,"Flow, in conduit or thru treatment plant",0.85,Q2,MAX,Quantity2,MGD,.85,MGD,,MGD,,06/30/2023
PR0020575,001,50050,"Flow, in conduit or thru treatment plant",0.69,Q1,AVG,Quantity1,MGD,.69,MGD,,MGD,,07/31/2023
PR0020575,001,50050,"Flow, in conduit or thru treatment plant",0.785,C3,AVG,Concentration3,MGD,.785,MGD,,MGD,,07/31/2023
PR0020575,001,50050,"Flow, in conduit or thru treatment plant",1.08,Q2,MAX,Quantity2,MGD,1.08,MGD,,MGD,,07/31/2023
PR0020575,001,50050,"Flow, in conduit or thru treatment plant",1.02,Q2,MAX,Quantity2,MGD,1.02,MGD,,MGD,,08/31/2023
PR0020575,001,50050,"Flow, in conduit or thru treatment plant",0.678,Q1,AVG,Quantity1,MGD,.678,MGD,,MGD,,08/31/2023
PR0020575,001,50050,"Flow, in conduit or thru treatment plant",0.765,C3,AVG,Concentration3,MGD,.765,MGD,,MGD,,08/31/2023
PR0020575,001,50050,"Flow, in conduit or thru treatment plant",0.65,Q1,AVG,Quantity1,MGD,.65,MGD,,MGD,,09/30/2023
PR0020575,001,50050,"Flow, in conduit or thru treatment plant",0.996,Q2,MAX,Quantity2,MGD,.996,MGD,,MGD,,09/30/2023
PR0020575,001,50050,"Flow, in conduit or thru treatment plant",0.73,C3,AVG,Concentration3,MGD,.73,MGD,,MGD,,09/30/2023
PR0020575,001,50050,"Flow, in conduit or thru treatment plant",0.69,Q1,AVG,Quantity1,MGD,.69,MGD,,MGD,,10/31/2023
PR0020575,001,50050,"Flow, in conduit or thru treatment plant",1.27,Q2,MAX,Quantity2,MGD,1.27,MGD,,MGD,,10/31/2023
PR0020575,001,50050,"Flow, in conduit or thru treatment plant",0.79,C3,AVG,Concentration3,MGD,.79,MGD,,MGD,,10/31/2023
PR0020575,001,50050,"Flow, in conduit or thru treatment plant",1.06,Q2,MAX,Quantity2,MGD,1.06,MGD,,MGD,,11/30/2023
PR0020575,001,50050,"Flow, in conduit or thru treatment plant",0.614,Q1,AVG,Quantity1,MGD,.614,MGD,,MGD,,11/30/2023
PR0020575,001,50050,"Flow, in conduit or thru treatment plant",2.68,C3,AVG,Concentration3,MGD,2.68,MGD,,MGD,,11/30/2023
PR0020575,001,50050,"Flow, in conduit or thru treatment plant",0.558,Q1,AVG,Quantity1,MGD,.558,MGD,,MGD,,12/31/2023
PR0020575,001,50050,"Flow, in conduit or thru treatment plant",0.593,C3,AVG,Concentration3,MGD,.593,MGD,,MGD,,12/31/2023
PR0020575,001,50050,"Flow, in conduit or thru treatment plant",0.72,Q2,MAX,Quantity2,MGD,.72,MGD,,MGD,,12/31/2023
PR0020575,001,50050,"Flow, in conduit or thru treatment plant",0.613,Q2,MAX,Quantity2,MGD,.613,MGD,,MGD,,01/31/2024
PR0020575,001,50050,"Flow, in conduit or thru treatment plant",0.511,Q1,AVG,Quantity1,MGD,.511,MGD,,MGD,,01/31/2024
PR0020575,001,50050,"Flow, in conduit or thru treatment plant",0.604,C3,AVG,Concentration3,MGD,.604,MGD,,MGD,,01/31/2024
PR0020575,001,50050,"Flow, in conduit or thru treatment plant",0.883,C3,AVG,Concentration3,MGD,.883,MGD,,MGD,,02/29/2024
PR0020575,001,50050,"Flow, in conduit or thru treatment plant",0.617,Q1,AVG,Quantity1,MGD,.617,MGD,,MGD,,02/29/2024
PR0020575,001,50050,"Flow, in conduit or thru treatment plant",1.16,Q2,MAX,Quantity2,MGD,1.16,MGD,,MGD,,02/29/2024
PR0020575,001,50050,"Flow, in conduit or thru treatment plant",1.22,Q2,MAX,Quantity2,MGD,1.22,MGD,,MGD,,03/31/2024
PR0020575,001,50050,"Flow, in conduit or thru treatment plant",0.904,Q1,AVG,Quantity1,MGD,.904,MGD,,MGD,,03/31/2024
PR0020575,001,50050,"Flow, in conduit or thru treatment plant",1.22,C3,AVG,Concentration3,MGD,1.22,MGD,,MGD,,03/31/2024
PR0020575,001,50050,"Flow, in conduit or thru treatment plant",1.13,C3,AVG,Concentration3,MGD,1.13,MGD,,MGD,,04/30/2024
PR0020575,001,50050,"Flow, in conduit or thru treatment plant",0.9,Q1,AVG,Quantity1,MGD,.9,MGD,,MGD,,04/30/2024
PR0020575,001,50050,"Flow, in conduit or thru treatment plant",1.12,Q2,MAX,Quantity2,MGD,1.12,MGD,,MGD,,04/30/2024
PR0020575,001,50050,"Flow, in conduit or thru treatment plant",1.6,Q2,MAX,Quantity2,MGD,1.6,MGD,,MGD,,05/31/2024
PR0020575,001,50050,"Flow, in conduit or thru treatment plant",1.1,Q1,AVG,Quantity1,MGD,1.1,MGD,,MGD,,05/31/2024
PR0020575,001,50050,"Flow, in conduit or thru treatment plant",4.84,C3,AVG,Concentration3,MGD,4.84,MGD,,MGD,,05/31/2024
PR0020575,001,50050,"Flow, in conduit or thru treatment plant",0.94,Q1,AVG,Quantity1,MGD,.94,MGD,,MGD,,06/30/2024
PR0020575,001,50050,"Flow, in conduit or thru treatment plant",1.01,C3,AVG,Concentration3,MGD,1.01,MGD,,MGD,,06/30/2024
PR0020575,001,50050,"Flow, in conduit or thru treatment plant",1.2,Q2,MAX,Quantity2,MGD,1.2,MGD,,MGD,,06/30/2024
PR0020575,001,50050,"Flow, in conduit or thru treatment plant",1.5,Q2,MAX,Quantity2,MGD,1.5,MGD,,MGD,,07/31/2024
PR0020575,001,50050,"Flow, in conduit or thru treatment plant",0.89,Q1,AVG,Quantity1,MGD,.89,MGD,,MGD,,07/31/2024
PR0020575,001,50050,"Flow, in conduit or thru treatment plant",1.01,C3,AVG,Concentration3,MGD,1.01,MGD,,MGD,,07/31/2024
PR0020575,001,50050,"Flow, in conduit or thru treatment plant",1.05,Q1,AVG,Quantity1,MGD,1.05,MGD,,MGD,,08/31/2024
PR0020575,001,50050,"Flow, in conduit or thru treatment plant",1.17,C3,AVG,Concentration3,MGD,1.17,MGD,,MGD,,08/31/2024
PR0020575,001,50050,"Flow, in conduit or thru treatment plant",1.7,Q2,MAX,Quantity2,MGD,1.7,MGD,,MGD,,08/31/2024
PR0020575,001,50050,"Flow, in conduit or thru treatment plant",1.5,Q2,MAX,Quantity2,MGD,1.5,MGD,,MGD,,09/30/2024
PR0020575,001,50050,"Flow, in conduit or thru treatment plant",1.08,Q1,AVG,Quantity1,MGD,1.08,MGD,,MGD,,09/30/2024
PR0020575,001,50050,"Flow, in conduit or thru treatment plant",1.2,C3,AVG,Concentration3,MGD,1.2,MGD,,MGD,,09/30/2024
PR0020575,001,50050,"Flow, in conduit or thru treatment plant",1.35,C3,AVG,Concentration3,MGD,1.35,MGD,,MGD,,10/31/2024
PR0020575,001,50050,"Flow, in conduit or thru treatment plant",1.1,Q1,AVG,Quantity1,MGD,1.1,MGD,,MGD,,10/31/2024
PR0020575,001,50050,"Flow, in conduit or thru treatment plant",1.71,Q2,MAX,Quantity2,MGD,1.71,MGD,,MGD,,10/31/2024
PR0020575,001,50050,"Flow, in conduit or thru treatment plant",2.17,Q2,MAX,Quantity2,MGD,2.17,MGD,,MGD,,11/30/2024
PR0020575,001,50050,"Flow, in conduit or thru treatment plant",1.23,Q1,AVG,Quantity1,MGD,1.23,MGD,,MGD,,11/30/2024
PR0020575,001,50050,"Flow, in conduit or thru treatment plant",1.48,C3,AVG,Concentration3,MGD,1.48,MGD,,MGD,,11/30/2024
PR0020575,001,50050,"Flow, in conduit or thru treatment plant",1.07,Q1,AVG,Quantity1,MGD,1.07,MGD,,MGD,,12/31/2024
PR0020575,001,50050,"Flow, in conduit or thru treatment plant",1.17,C3,AVG,Concentration3,MGD,1.17,MGD,,MGD,,12/31/2024
PR0020575,001,50050,"Flow, in conduit or thru treatment plant",1.3,Q2,MAX,Quantity2,MGD,1.3,MGD,,MGD,,12/31/2024
PR0020575,001,50050,"Flow, in conduit or thru treatment plant",1.14,C3,AVG,Concentration3,MGD,1.14,MGD,,MGD,,01/31/2025
PR0020575,001,50050,"Flow, in conduit or thru treatment plant",1.28,Q2,MAX,Quantity2,MGD,1.28,MGD,,MGD,,01/31/2025
PR0020575,001,50050,"Flow, in conduit or thru treatment plant",0.98,Q1,AVG,Quantity1,MGD,.98,MGD,,MGD,,01/31/2025
PR0020575,001,50050,"Flow, in conduit or thru treatment plant",1.03,C3,AVG,Concentration3,MGD,1.03,MGD,,MGD,,02/28/2025
PR0020575,001,50050,"Flow, in conduit or thru treatment plant",0.976,Q1,AVG,Quantity1,MGD,.976,MGD,,MGD,,02/28/2025
PR0020575,001,50050,"Flow, in conduit or thru treatment plant",1.32,Q2,MAX,Quantity2,MGD,1.32,MGD,,MGD,,02/28/2025
PR0020575,001,50050,"Flow, in conduit or thru treatment plant",1.77,Q2,MAX,Quantity2,MGD,1.77,MGD,,MGD,,03/31/2025
PR0020575,001,50050,"Flow, in conduit or thru treatment plant",1.2,C3,AVG,Concentration3,MGD,1.2,MGD,,MGD,,03/31/2025
PR0020575,001,50050,"Flow, in conduit or thru treatment plant",1.02,Q1,AVG,Quantity1,MGD,1.02,MGD,,MGD,,03/31/2025
PR0020575,001,50050,"Flow, in conduit or thru treatment plant",1,Q1,AVG,Quantity1,MGD,1,MGD,,MGD,,04/30/2025
PR0020575,001,50050,"Flow, in conduit or thru treatment plant",1.23,C3,AVG,Concentration3,MGD,1.23,MGD,,MGD,,04/30/2025
PR0020575,001,50050,"Flow, in conduit or thru treatment plant",1.69,Q2,MAX,Quantity2,MGD,1.69,MGD,,MGD,,04/30/2025
PR0020575,001,50050,"Flow, in conduit or thru treatment plant",1.69,Q2,MAX,Quantity2,MGD,1.69,MGD,,MGD,,05/31/2025
PR0020575,001,50050,"Flow, in conduit or thru treatment plant",1.43,C3,AVG,Concentration3,MGD,1.43,MGD,,MGD,,05/31/2025
PR0020575,001,50050,"Flow, in conduit or thru treatment plant",1.1,Q1,AVG,Quantity1,MGD,1.1,MGD,,MGD,,05/31/2025
PR0020575,001,50050,"Flow, in conduit or thru treatment plant",1.009,C3,AVG,Concentration3,MGD,1.009,MGD,,MGD,,06/30/2025
PR0020575,001,50050,"Flow, in conduit or thru treatment plant",0.977,Q1,AVG,Quantity1,MGD,.977,MGD,,MGD,,06/30/2025
PR0020575,001,50050,"Flow, in conduit or thru treatment plant",1.164,Q2,MAX,Quantity2,MGD,1.164,MGD,,MGD,,06/30/2025
PR0020575,001,50050,"Flow, in conduit or thru treatment plant",1.5,Q2,MAX,Quantity2,MGD,1.5,MGD,,MGD,,07/31/2025
PR0020575,001,50050,"Flow, in conduit or thru treatment plant",1.1,C3,AVG,Concentration3,MGD,1.1,MGD,,MGD,,07/31/2025
PR0020575,001,50050,"Flow, in conduit or thru treatment plant",0.893,Q1,AVG,Quantity1,MGD,.893,MGD,,MGD,,07/31/2025
PR0020575,001,50050,"Flow, in conduit or thru treatment plant",1.194,C3,AVG,Concentration3,MGD,1.194,MGD,,MGD,,08/31/2025
PR0020575,001,50050,"Flow, in conduit or thru treatment plant",1.52,Q2,MAX,Quantity2,MGD,1.52,MGD,,MGD,,08/31/2025
PR0020575,001,50050,"Flow, in conduit or thru treatment plant",1.065,Q1,AVG,Quantity1,MGD,1.065,MGD,,MGD,,08/31/2025
PR0020575,001,50050,"Flow, in conduit or thru treatment plant",0.988,Q1,AVG,Quantity1,MGD,.988,MGD,,MGD,,09/30/2025
PR0020575,001,50050,"Flow, in conduit or thru treatment plant",1.7,Q2,MAX,Quantity2,MGD,1.7,MGD,,MGD,,09/30/2025
PR0020575,001,50050,"Flow, in conduit or thru treatment plant",1.232,C3,AVG,Concentration3,MGD,1.232,MGD,,MGD,,09/30/2025
PR0020575,001,50050,"Flow, in conduit or thru treatment plant",1.361,C3,AVG,Concentration3,MGD,1.361,MGD,,MGD,,10/31/2025
PR0020575,001,50050,"Flow, in conduit or thru treatment plant",1.948,Q2,MAX,Quantity2,MGD,1.948,MGD,,MGD,,10/31/2025
PR0020575,001,50050,"Flow, in conduit or thru treatment plant",1.071,Q1,AVG,Quantity1,MGD,1.071,MGD,,MGD,,10/31/2025
PR0020575,001,50050,"Flow, in conduit or thru treatment plant",8.93,Q2,MAX,Quantity2,MGD,8.93,MGD,,MGD,,11/30/2025
PR0020575,001,50050,"Flow, in conduit or thru treatment plant",1.307,Q1,AVG,Quantity1,MGD,1.307,MGD,,MGD,,11/30/2025
PR0020575,001,50050,"Flow, in conduit or thru treatment plant",2.096,C3,AVG,Concentration3,MGD,2.096,MGD,,MGD,,11/30/2025
PR0020575,001,50050,"Flow, in conduit or thru treatment plant",0.826,Q1,AVG,Quantity1,MGD,.826,MGD,,MGD,,12/31/2025
PR0020575,001,50050,"Flow, in conduit or thru treatment plant",0.891,C3,AVG,Concentration3,MGD,.891,MGD,,MGD,,12/31/2025
PR0020575,001,50050,"Flow, in conduit or thru treatment plant",1.066,Q2,MAX,Quantity2,MGD,1.066,MGD,,MGD,,12/31/2025
PR0020575,001,50050,"Flow, in conduit or thru treatment plant",1.265,Q2,MAX,Quantity2,MGD,1.265,MGD,,MGD,,01/31/2026
PR0020575,001,50050,"Flow, in conduit or thru treatment plant",0.925,Q1,AVG,Quantity1,MGD,.925,MGD,,MGD,,01/31/2026
PR0020575,001,50050,"Flow, in conduit or thru treatment plant",1.001,C3,AVG,Concentration3,MGD,1.001,MGD,,MGD,,01/31/2026
PR0020575,001,50060,"Chlorine, total residual",0.37,C3,MAX,Concentration3,mg/L,.37,mg/L,.5,mg/L,,01/31/2020
PR0020575,001,50060,"Chlorine, total residual",0.22,C3,MAX,Concentration3,mg/L,.22,mg/L,.5,mg/L,,02/29/2020
PR0020575,001,50060,"Chlorine, total residual",0.25,C3,MAX,Concentration3,mg/L,.25,mg/L,.5,mg/L,,03/31/2020
PR0020575,001,50060,"Chlorine, total residual",0.21,C3,MAX,Concentration3,mg/L,.21,mg/L,.5,mg/L,,04/30/2020
PR0020575,001,50060,"Chlorine, total residual",0.18,C3,MAX,Concentration3,mg/L,.18,mg/L,.5,mg/L,,05/31/2020
PR0020575,001,50060,"Chlorine, total residual",170,C3,MAX,Concentration3,ug/L,.17000001,mg/L,11,ug/L,,06/30/2020
PR0020575,001,50060,"Chlorine, total residual",310,C3,MAX,Concentration3,ug/L,.31000001,mg/L,11,ug/L,,07/31/2020
PR0020575,001,50060,"Chlorine, total residual",450,C3,MAX,Concentration3,ug/L,.45000002,mg/L,11,ug/L,,08/31/2020
PR0020575,001,50060,"Chlorine, total residual",120,C3,MAX,Concentration3,ug/L,.12000001,mg/L,11,ug/L,,09/30/2020
PR0020575,001,50060,"Chlorine, total residual",10,C3,MAX,Concentration3,ug/L,.01,mg/L,11,ug/L,,10/31/2020
PR0020575,001,50060,"Chlorine, total residual",10,C3,MAX,Concentration3,ug/L,.01,mg/L,11,ug/L,,11/30/2020
PR0020575,001,50060,"Chlorine, total residual",10,C3,MAX,Concentration3,ug/L,.01,mg/L,11,ug/L,,12/31/2020
PR0020575,001,50060,"Chlorine, total residual",10,C3,MAX,Concentration3,ug/L,.01,mg/L,11,ug/L,,01/31/2021
PR0020575,001,50060,"Chlorine, total residual",10,C3,MAX,Concentration3,ug/L,.01,mg/L,11,ug/L,,02/28/2021
PR0020575,001,50060,"Chlorine, total residual",10,C3,MAX,Concentration3,ug/L,.01,mg/L,11,ug/L,,03/31/2021
PR0020575,001,50060,"Chlorine, total residual",10,C3,MAX,Concentration3,ug/L,.01,mg/L,11,ug/L,,04/30/2021
PR0020575,001,50060,"Chlorine, total residual",10,C3,MAX,Concentration3,ug/L,.01,mg/L,11,ug/L,,05/31/2021
PR0020575,001,50060,"Chlorine, total residual",10,C3,MAX,Concentration3,ug/L,.01,mg/L,11,ug/L,,06/30/2021
PR0020575,001,50060,"Chlorine, total residual",10,C3,MAX,Concentration3,ug/L,.01,mg/L,11,ug/L,,07/31/2021
PR0020575,001,50060,"Chlorine, total residual",10,C3,MAX,Concentration3,ug/L,.01,mg/L,11,ug/L,,08/31/2021
PR0020575,001,50060,"Chlorine, total residual",10,C3,MAX,Concentration3,ug/L,.01,mg/L,11,ug/L,,09/30/2021
PR0020575,001,50060,"Chlorine, total residual",10,C3,MAX,Concentration3,ug/L,.01,mg/L,11,ug/L,,10/31/2021
PR0020575,001,50060,"Chlorine, total residual",0,C3,MAX,Concentration3,ug/L,0,mg/L,11,ug/L,,11/30/2021
PR0020575,001,50060,"Chlorine, total residual",0,C3,MAX,Concentration3,ug/L,0,mg/L,11,ug/L,,12/31/2021
PR0020575,001,50060,"Chlorine, total residual",0,C3,MAX,Concentration3,ug/L,0,mg/L,11,ug/L,,01/31/2022
PR0020575,001,50060,"Chlorine, total residual",0,C3,MAX,Concentration3,ug/L,0,mg/L,11,ug/L,,02/28/2022
PR0020575,001,50060,"Chlorine, total residual",0,C3,MAX,Concentration3,ug/L,0,mg/L,11,ug/L,,03/31/2022
PR0020575,001,50060,"Chlorine, total residual",0,C3,MAX,Concentration3,ug/L,0,mg/L,11,ug/L,,04/30/2022
PR0020575,001,50060,"Chlorine, total residual",0,C3,MAX,Concentration3,ug/L,0,mg/L,11,ug/L,,05/31/2022
PR0020575,001,50060,"Chlorine, total residual",0,C3,MAX,Concentration3,ug/L,0,mg/L,11,ug/L,,06/30/2022
PR0020575,001,50060,"Chlorine, total residual",0,C3,MAX,Concentration3,ug/L,0,mg/L,11,ug/L,,07/31/2022
PR0020575,001,50060,"Chlorine, total residual",0,C3,MAX,Concentration3,ug/L,0,mg/L,11,ug/L,,08/31/2022
PR0020575,001,50060,"Chlorine, total residual",10,C3,MAX,Concentration3,ug/L,.01,mg/L,11,ug/L,,09/30/2022
PR0020575,001,50060,"Chlorine, total residual",0,C3,MAX,Concentration3,ug/L,0,mg/L,11,ug/L,,10/31/2022
PR0020575,001,50060,"Chlorine, total residual",0,C3,MAX,Concentration3,ug/L,0,mg/L,11,ug/L,,11/30/2022
PR0020575,001,50060,"Chlorine, total residual",0,C3,MAX,Concentration3,ug/L,0,mg/L,11,ug/L,,12/31/2022
PR0020575,001,50060,"Chlorine, total residual",0,C3,MAX,Concentration3,ug/L,0,mg/L,11,ug/L,,01/31/2023
PR0020575,001,50060,"Chlorine, total residual",0,C3,MAX,Concentration3,ug/L,0,mg/L,11,ug/L,,02/28/2023
PR0020575,001,50060,"Chlorine, total residual",0,C3,MAX,Concentration3,ug/L,0,mg/L,11,ug/L,,03/31/2023
PR0020575,001,50060,"Chlorine, total residual",0,C3,MAX,Concentration3,ug/L,0,mg/L,11,ug/L,,04/30/2023
PR0020575,001,50060,"Chlorine, total residual",0,C3,MAX,Concentration3,ug/L,0,mg/L,11,ug/L,,05/31/2023
PR0020575,001,50060,"Chlorine, total residual",0,C3,MAX,Concentration3,ug/L,0,mg/L,11,ug/L,,06/30/2023
PR0020575,001,50060,"Chlorine, total residual",0,C3,MAX,Concentration3,ug/L,0,mg/L,11,ug/L,,07/31/2023
PR0020575,001,50060,"Chlorine, total residual",0,C3,MAX,Concentration3,ug/L,0,mg/L,11,ug/L,,08/31/2023
PR0020575,001,50060,"Chlorine, total residual",0,C3,MAX,Concentration3,ug/L,0,mg/L,11,ug/L,,09/30/2023
PR0020575,001,50060,"Chlorine, total residual",0,C3,MAX,Concentration3,ug/L,0,mg/L,11,ug/L,,10/31/2023
PR0020575,001,50060,"Chlorine, total residual",0,C3,MAX,Concentration3,ug/L,0,mg/L,11,ug/L,,11/30/2023
PR0020575,001,50060,"Chlorine, total residual",0,C3,MAX,Concentration3,ug/L,0,mg/L,11,ug/L,,12/31/2023
PR0020575,001,50060,"Chlorine, total residual",10,C3,MAX,Concentration3,ug/L,.01,mg/L,11,ug/L,,01/31/2024
PR0020575,001,50060,"Chlorine, total residual",0,C3,MAX,Concentration3,ug/L,0,mg/L,11,ug/L,,02/29/2024
PR0020575,001,50060,"Chlorine, total residual",0,C3,MAX,Concentration3,ug/L,0,mg/L,11,ug/L,,03/31/2024
PR0020575,001,50060,"Chlorine, total residual",0,C3,MAX,Concentration3,ug/L,0,mg/L,11,ug/L,,04/30/2024
PR0020575,001,50060,"Chlorine, total residual",0,C3,MAX,Concentration3,ug/L,0,mg/L,11,ug/L,,05/31/2024
PR0020575,001,50060,"Chlorine, total residual",0,C3,MAX,Concentration3,ug/L,0,mg/L,11,ug/L,,06/30/2024
PR0020575,001,50060,"Chlorine, total residual",0,C3,MAX,Concentration3,ug/L,0,mg/L,11,ug/L,,07/31/2024
PR0020575,001,50060,"Chlorine, total residual",0,C3,MAX,Concentration3,ug/L,0,mg/L,11,ug/L,,08/31/2024
PR0020575,001,50060,"Chlorine, total residual",0,C3,MAX,Concentration3,ug/L,0,mg/L,11,ug/L,,09/30/2024
PR0020575,001,50060,"Chlorine, total residual",0,C3,MAX,Concentration3,ug/L,0,mg/L,11,ug/L,,10/31/2024
PR0020575,001,50060,"Chlorine, total residual",0,C3,MAX,Concentration3,ug/L,0,mg/L,11,ug/L,,11/30/2024
PR0020575,001,50060,"Chlorine, total residual",0,C3,MAX,Concentration3,ug/L,0,mg/L,11,ug/L,,12/31/2024
PR0020575,001,50060,"Chlorine, total residual",0,C3,MAX,Concentration3,ug/L,0,mg/L,11,ug/L,,01/31/2025
PR0020575,001,50060,"Chlorine, total residual",0,C3,MAX,Concentration3,ug/L,0,mg/L,11,ug/L,,02/28/2025
PR0020575,001,50060,"Chlorine, total residual",10,C3,MAX,Concentration3,ug/L,.01,mg/L,11,ug/L,,03/31/2025
PR0020575,001,50060,"Chlorine, total residual",0,C3,MAX,Concentration3,ug/L,0,mg/L,11,ug/L,,04/30/2025
PR0020575,001,50060,"Chlorine, total residual",0,C3,MAX,Concentration3,ug/L,0,mg/L,11,ug/L,,05/31/2025
PR0020575,001,50060,"Chlorine, total residual",0,C3,MAX,Concentration3,ug/L,0,mg/L,11,ug/L,,06/30/2025
PR0020575,001,50060,"Chlorine, total residual",0,C3,MAX,Concentration3,ug/L,0,mg/L,11,ug/L,,07/31/2025
PR0020575,001,50060,"Chlorine, total residual",0,C3,MAX,Concentration3,ug/L,0,mg/L,11,ug/L,,08/31/2025
PR0020575,001,50060,"Chlorine, total residual",0,C3,MAX,Concentration3,ug/L,0,mg/L,11,ug/L,,09/30/2025
PR0020575,001,50060,"Chlorine, total residual",0,C3,MAX,Concentration3,ug/L,0,mg/L,11,ug/L,,10/31/2025
PR0020575,001,50060,"Chlorine, total residual",0,C3,MAX,Concentration3,ug/L,0,mg/L,11,ug/L,,11/30/2025
PR0020575,001,50060,"Chlorine, total residual",0,C3,MAX,Concentration3,ug/L,0,mg/L,11,ug/L,,12/31/2025
PR0020575,001,50060,"Chlorine, total residual",0,C3,MAX,Concentration3,ug/L,0,mg/L,11,ug/L,,01/31/2026
PR0020575,001,51173,"Cyanide, free available",0.5,C3,MAX,Concentration3,ug/L,.0005,mg/L,5.2,ug/L,,01/31/2020
PR0020575,001,51173,"Cyanide, free available",0.5,C3,MAX,Concentration3,ug/L,.0005,mg/L,5.2,ug/L,,02/29/2020
PR0020575,001,51173,"Cyanide, free available",1.39,C3,MAX,Concentration3,ug/L,.00139,mg/L,5.2,ug/L,,03/31/2020
PR0020575,001,51173,"Cyanide, free available",1.04,C3,MAX,Concentration3,ug/L,.00104,mg/L,5.2,ug/L,,04/30/2020
PR0020575,001,51173,"Cyanide, free available",1.01,C3,MAX,Concentration3,ug/L,.00101,mg/L,5.2,ug/L,,05/31/2020
PR0020575,001,51202,Sulfide-hydrogen sulfide [undissociated],0.1,C3,MAX,Concentration3,ug/L,.0001,mg/L,2,ug/L,,02/29/2020
PR0020575,001,51202,Sulfide-hydrogen sulfide [undissociated],0.1,C3,MAX,Concentration3,ug/L,.0001,mg/L,2,ug/L,,05/31/2020
PR0020575,001,51202,Sulfide-hydrogen sulfide [undissociated],0.1,C3,MAX,Concentration3,ug/L,.0001,mg/L,2,ug/L,,05/31/2021
PR0020575,001,51202,Sulfide-hydrogen sulfide [undissociated],0.1,C3,MAX,Concentration3,ug/L,.0001,mg/L,2,ug/L,,05/31/2022
PR0020575,001,51202,Sulfide-hydrogen sulfide [undissociated],0.2,C3,MAX,Concentration3,ug/L,.0002,mg/L,2,ug/L,,05/31/2023
PR0020575,001,51202,Sulfide-hydrogen sulfide [undissociated],0.7,C3,MAX,Concentration3,ug/L,.0007,mg/L,2,ug/L,,05/31/2024
PR0020575,001,51202,Sulfide-hydrogen sulfide [undissociated],2,C3,MAX,Concentration3,ug/L,.002,mg/L,2,ug/L,,05/31/2025
PR0020575,001,51714,Whole Effluent Toxicity [WET] - P. promelas,100,C1,MIN,Concentration1,%,100,%,,%,,11/30/2020
PR0020575,001,51714,Whole Effluent Toxicity [WET] - P. promelas,100,C1,MIN,Concentration1,%,100,%,,%,,05/31/2021
PR0020575,001,51714,Whole Effluent Toxicity [WET] - P. promelas,100,C1,MIN,Concentration1,%,100,%,,%,,05/31/2022
PR0020575,001,51714,Whole Effluent Toxicity [WET] - P. promelas,100,C1,MIN,Concentration1,%,100,%,,%,,05/31/2023
PR0020575,001,51714,Whole Effluent Toxicity [WET] - P. promelas,100,C1,MIN,Concentration1,%,100,%,,%,,05/31/2024
PR0020575,001,51714,Whole Effluent Toxicity [WET] - P. promelas,100,C1,MIN,Concentration1,%,100,%,,%,,05/31/2025
PR0020575,001,51923,Whole Effluent Toxicity  [WET] - D. magna,100,C1,MIN,Concentration1,%,100,%,,%,,11/30/2020
PR0020575,001,51923,Whole Effluent Toxicity  [WET] - D. magna,100,C1,MIN,Concentration1,%,100,%,,%,,05/31/2021
PR0020575,001,51923,Whole Effluent Toxicity  [WET] - D. magna,100,C1,MIN,Concentration1,%,100,%,,%,,05/31/2022
PR0020575,001,51923,Whole Effluent Toxicity  [WET] - D. magna,100,C1,MIN,Concentration1,%,100,%,,%,,05/31/2023
PR0020575,001,51923,Whole Effluent Toxicity  [WET] - D. magna,100,C1,MIN,Concentration1,%,100,%,,%,,05/31/2024
PR0020575,001,51923,Whole Effluent Toxicity  [WET] - D. magna,100,C1,MIN,Concentration1,%,100,%,,%,,05/31/2025
PR0020575,001,61211,Enterococci,7,C2,AVG,Concentration2,#/100mL,7,MPN/100mL,,#/100mL,,06/30/2020
PR0020575,001,61211,Enterococci,8.18,C3,MAX,Concentration3,#/100mL,8.18,MPN/100mL,,#/100mL,,06/30/2020
PR0020575,001,61211,Enterococci,279.5,C3,MAX,Concentration3,#/100mL,279.5,MPN/100mL,,#/100mL,,07/31/2020
PR0020575,001,61211,Enterococci,27,C2,AVG,Concentration2,#/100mL,27,MPN/100mL,,#/100mL,,07/31/2020
PR0020575,001,61211,Enterococci,27,C2,AVG,Concentration2,#/100mL,27,MPN/100mL,,#/100mL,,08/31/2020
PR0020575,001,61211,Enterococci,557.2,C3,MAX,Concentration3,#/100mL,557.2,MPN/100mL,,#/100mL,,08/31/2020
PR0020575,001,61211,Enterococci,568.8,C3,MAX,Concentration3,#/100mL,568.8,MPN/100mL,,#/100mL,,09/30/2020
PR0020575,001,61211,Enterococci,65,C2,AVG,Concentration2,#/100mL,65,MPN/100mL,,#/100mL,,09/30/2020
PR0020575,001,61211,Enterococci,65,C2,AVG,Concentration2,#/100mL,65,MPN/100mL,,#/100mL,,10/31/2020
PR0020575,001,61211,Enterococci,727,C3,MAX,Concentration3,#/100mL,727,MPN/100mL,,#/100mL,,10/31/2020
PR0020575,001,61211,Enterococci,1357,C3,MAX,Concentration3,#/100mL,1357,MPN/100mL,,#/100mL,,11/30/2020
PR0020575,001,61211,Enterococci,153,C2,AVG,Concentration2,#/100mL,153,MPN/100mL,,#/100mL,,11/30/2020
PR0020575,001,61211,Enterococci,88,C2,AVG,Concentration2,#/100mL,88,MPN/100mL,,#/100mL,,12/31/2020
PR0020575,001,61211,Enterococci,1357,C3,MAX,Concentration3,#/100mL,1357,MPN/100mL,,#/100mL,,12/31/2020
PR0020575,001,61211,Enterococci,1131,C3,MAX,Concentration3,#/100mL,1131,MPN/100mL,,#/100mL,,01/31/2021
PR0020575,001,61211,Enterococci,86,C2,AVG,Concentration2,#/100mL,86,MPN/100mL,,#/100mL,,01/31/2021
PR0020575,001,61211,Enterococci,49,C2,AVG,Concentration2,#/100mL,49,MPN/100mL,,#/100mL,,02/28/2021
PR0020575,001,61211,Enterococci,174.2,C3,MAX,Concentration3,#/100mL,174.2,MPN/100mL,,#/100mL,,02/28/2021
PR0020575,001,61211,Enterococci,217.6,C3,MAX,Concentration3,#/100mL,217.6,MPN/100mL,,#/100mL,,03/31/2021
PR0020575,001,61211,Enterococci,73,C2,AVG,Concentration2,#/100mL,73,MPN/100mL,,#/100mL,,03/31/2021
PR0020575,001,61211,Enterococci,57,C2,AVG,Concentration2,#/100mL,57,MPN/100mL,,#/100mL,,04/30/2021
PR0020575,001,61211,Enterococci,570.1,C3,MAX,Concentration3,#/100mL,570.1,MPN/100mL,,#/100mL,,04/30/2021
PR0020575,001,61211,Enterococci,570.1,C3,MAX,Concentration3,#/100mL,570.1,MPN/100mL,,#/100mL,,05/31/2021
PR0020575,001,61211,Enterococci,31,C2,AVG,Concentration2,#/100mL,31,MPN/100mL,,#/100mL,,05/31/2021
PR0020575,001,61211,Enterococci,61,C2,AVG,Concentration2,#/100mL,61,MPN/100mL,,#/100mL,,06/30/2021
PR0020575,001,61211,Enterococci,1700,C3,MAX,Concentration3,#/100mL,1700,MPN/100mL,,#/100mL,,06/30/2021
PR0020575,001,61211,Enterococci,1574,C3,MAX,Concentration3,#/100mL,1574,MPN/100mL,,#/100mL,,07/31/2021
PR0020575,001,61211,Enterococci,126,C2,AVG,Concentration2,#/100mL,126,MPN/100mL,,#/100mL,,07/31/2021
PR0020575,001,61211,Enterococci,335,C2,AVG,Concentration2,#/100mL,335,MPN/100mL,,#/100mL,,08/31/2021
PR0020575,001,61211,Enterococci,2420,C3,MAX,Concentration3,#/100mL,2420,MPN/100mL,,#/100mL,,08/31/2021
PR0020575,001,61211,Enterococci,1574,C3,MAX,Concentration3,#/100mL,1574,MPN/100mL,,#/100mL,,09/30/2021
PR0020575,001,61211,Enterococci,110,C2,AVG,Concentration2,#/100mL,110,MPN/100mL,,#/100mL,,09/30/2021
PR0020575,001,61211,Enterococci,45,C2,AVG,Concentration2,#/100mL,45,MPN/100mL,,#/100mL,,10/31/2021
PR0020575,001,61211,Enterococci,1286,C3,MAX,Concentration3,#/100mL,1286,MPN/100mL,,#/100mL,,10/31/2021
PR0020575,001,61211,Enterococci,532.7,C3,MAX,Concentration3,#/100mL,532.7,MPN/100mL,,#/100mL,,11/30/2021
PR0020575,001,61211,Enterococci,37,C2,AVG,Concentration2,#/100mL,37,MPN/100mL,,#/100mL,,11/30/2021
PR0020575,001,61211,Enterococci,77,C2,AVG,Concentration2,#/100mL,77,MPN/100mL,,#/100mL,,12/31/2021
PR0020575,001,61211,Enterococci,947.2,C3,MAX,Concentration3,#/100mL,947.2,MPN/100mL,,#/100mL,,12/31/2021
PR0020575,001,61211,Enterococci,1483,C3,MAX,Concentration3,#/100mL,1483,MPN/100mL,,#/100mL,,01/31/2022
PR0020575,001,61211,Enterococci,172,C2,AVG,Concentration2,#/100mL,172,MPN/100mL,,#/100mL,,01/31/2022
PR0020575,001,61211,Enterococci,125,C2,AVG,Concentration2,#/100mL,125,MPN/100mL,,#/100mL,,02/28/2022
PR0020575,001,61211,Enterococci,1483,C3,MAX,Concentration3,#/100mL,1483,MPN/100mL,,#/100mL,,02/28/2022
PR0020575,001,61211,Enterococci,1049,C3,MAX,Concentration3,#/100mL,1049,MPN/100mL,,#/100mL,,03/31/2022
PR0020575,001,61211,Enterococci,84,C2,AVG,Concentration2,#/100mL,84,MPN/100mL,,#/100mL,,03/31/2022
PR0020575,001,61211,Enterococci,60,C2,AVG,Concentration2,#/100mL,60,MPN/100mL,,#/100mL,,04/30/2022
PR0020575,001,61211,Enterococci,1266,C3,MAX,Concentration3,#/100mL,1266,MPN/100mL,,#/100mL,,04/30/2022
PR0020575,001,61211,Enterococci,2420,C3,MAX,Concentration3,#/100mL,2420,MPN/100mL,,#/100mL,,05/31/2022
PR0020575,001,61211,Enterococci,149,C2,AVG,Concentration2,#/100mL,149,MPN/100mL,,#/100mL,,05/31/2022
PR0020575,001,61211,Enterococci,133,C2,AVG,Concentration2,#/100mL,133,MPN/100mL,,#/100mL,,06/30/2022
PR0020575,001,61211,Enterococci,2420,C3,MAX,Concentration3,#/100mL,2420,MPN/100mL,,#/100mL,,06/30/2022
PR0020575,001,61211,Enterococci,1285,C3,MAX,Concentration3,#/100mL,1285,MPN/100mL,,#/100mL,,07/31/2022
PR0020575,001,61211,Enterococci,69,C2,AVG,Concentration2,#/100mL,69,MPN/100mL,,#/100mL,,07/31/2022
PR0020575,001,61211,Enterococci,39,C2,AVG,Concentration2,#/100mL,39,MPN/100mL,,#/100mL,,08/31/2022
PR0020575,001,61211,Enterococci,200.6,C3,MAX,Concentration3,#/100mL,200.6,MPN/100mL,,#/100mL,,08/31/2022
PR0020575,001,61211,Enterococci,320.5,C3,MAX,Concentration3,#/100mL,320.5,MPN/100mL,,#/100mL,,09/30/2022
PR0020575,001,61211,Enterococci,57,C2,AVG,Concentration2,#/100mL,57,MPN/100mL,,#/100mL,,09/30/2022
PR0020575,001,61211,Enterococci,88,C2,AVG,Concentration2,#/100mL,88,MPN/100mL,,#/100mL,,10/31/2022
PR0020575,001,61211,Enterococci,320.5,C3,MAX,Concentration3,#/100mL,320.5,MPN/100mL,,#/100mL,,10/31/2022
PR0020575,001,61211,Enterococci,1348,C3,MAX,Concentration3,#/100mL,1348,MPN/100mL,,#/100mL,,11/30/2022
PR0020575,001,61211,Enterococci,129,C2,AVG,Concentration2,#/100mL,129,MPN/100mL,,#/100mL,,11/30/2022
PR0020575,001,61211,Enterococci,66,C2,AVG,Concentration2,#/100mL,66,MPN/100mL,,#/100mL,,12/31/2022
PR0020575,001,61211,Enterococci,1247,C3,MAX,Concentration3,#/100mL,1247,MPN/100mL,,#/100mL,,12/31/2022
PR0020575,001,61211,Enterococci,2420,C3,MAX,Concentration3,#/100mL,2420,MPN/100mL,,#/100mL,,01/31/2023
PR0020575,001,61211,Enterococci,98,C2,AVG,Concentration2,#/100mL,98,MPN/100mL,,#/100mL,,01/31/2023
PR0020575,001,61211,Enterococci,36,C2,AVG,Concentration2,#/100mL,36,MPN/100mL,,#/100mL,,02/28/2023
PR0020575,001,61211,Enterococci,1222,C3,MAX,Concentration3,#/100mL,1222,MPN/100mL,,#/100mL,,02/28/2023
PR0020575,001,61211,Enterococci,1225,C3,MAX,Concentration3,#/100mL,1225,MPN/100mL,,#/100mL,,03/31/2023
PR0020575,001,61211,Enterococci,40,C2,AVG,Concentration2,#/100mL,40,MPN/100mL,,#/100mL,,03/31/2023
PR0020575,001,61211,Enterococci,22,C2,AVG,Concentration2,#/100mL,22,MPN/100mL,,#/100mL,,04/30/2023
PR0020575,001,61211,Enterococci,475.1,C3,MAX,Concentration3,#/100mL,475.1,MPN/100mL,,#/100mL,,04/30/2023
PR0020575,001,61211,Enterococci,521.6,C3,MAX,Concentration3,#/100mL,521.6,MPN/100mL,,#/100mL,,05/31/2023
PR0020575,001,61211,Enterococci,38,C2,AVG,Concentration2,#/100mL,38,MPN/100mL,,#/100mL,,05/31/2023
PR0020575,001,61211,Enterococci,186,C2,AVG,Concentration2,#/100mL,186,MPN/100mL,,#/100mL,,06/30/2023
PR0020575,001,61211,Enterococci,2420,C3,MAX,Concentration3,#/100mL,2420,MPN/100mL,,#/100mL,,06/30/2023
PR0020575,001,61211,Enterococci,2420,C3,MAX,Concentration3,#/100mL,2420,MPN/100mL,,#/100mL,,07/31/2023
PR0020575,001,61211,Enterococci,658,C2,AVG,Concentration2,#/100mL,658,MPN/100mL,,#/100mL,,07/31/2023
PR0020575,001,61211,Enterococci,2420,C3,MAX,Concentration3,#/100mL,2420,MPN/100mL,,#/100mL,,08/31/2023
PR0020575,001,61211,Enterococci,1626,C2,AVG,Concentration2,#/100mL,1626,MPN/100mL,,#/100mL,,08/31/2023
PR0020575,001,61211,Enterococci,1643,C3,MAX,Concentration3,#/100mL,1643,MPN/100mL,,#/100mL,,09/30/2023
PR0020575,001,61211,Enterococci,735,C2,AVG,Concentration2,#/100mL,735,MPN/100mL,,#/100mL,,09/30/2023
PR0020575,001,61211,Enterococci,226,C2,AVG,Concentration2,#/100mL,226,MPN/100mL,,#/100mL,,10/31/2023
PR0020575,001,61211,Enterococci,1337,C3,MAX,Concentration3,#/100mL,1337,MPN/100mL,,#/100mL,,10/31/2023
PR0020575,001,61211,Enterococci,576.5,C3,MAX,Concentration3,#/100mL,576.5,MPN/100mL,,#/100mL,,11/30/2023
PR0020575,001,61211,Enterococci,94,C2,AVG,Concentration2,#/100mL,94,MPN/100mL,,#/100mL,,11/30/2023
PR0020575,001,61211,Enterococci,49,C2,AVG,Concentration2,#/100mL,49,MPN/100mL,,#/100mL,,12/31/2023
PR0020575,001,61211,Enterococci,112.7,C3,MAX,Concentration3,#/100mL,112.7,MPN/100mL,,#/100mL,,12/31/2023
PR0020575,001,61211,Enterococci,376,C3,MAX,Concentration3,#/100mL,376,MPN/100mL,,#/100mL,,01/31/2024
PR0020575,001,61211,Enterococci,82,C2,AVG,Concentration2,#/100mL,82,MPN/100mL,,#/100mL,,01/31/2024
PR0020575,001,61211,Enterococci,52,C2,AVG,Concentration2,#/100mL,52,MPN/100mL,,#/100mL,,02/29/2024
PR0020575,001,61211,Enterococci,320.5,C3,MAX,Concentration3,#/100mL,320.5,MPN/100mL,,#/100mL,,02/29/2024
PR0020575,001,61211,Enterococci,327,C3,MAX,Concentration3,#/100mL,327,MPN/100mL,,#/100mL,,03/31/2024
PR0020575,001,61211,Enterococci,58,C2,AVG,Concentration2,#/100mL,58,MPN/100mL,,#/100mL,,03/31/2024
PR0020575,001,61211,Enterococci,56.5,C3,MAX,Concentration3,#/100mL,56.5,MPN/100mL,,#/100mL,,04/30/2024
PR0020575,001,61211,Enterococci,30,C2,AVG,Concentration2,#/100mL,30,MPN/100mL,,#/100mL,,04/30/2024
PR0020575,001,61211,Enterococci,36,C2,AVG,Concentration2,#/100mL,36,MPN/100mL,,#/100mL,,05/31/2024
PR0020575,001,61211,Enterococci,60.3,C3,MAX,Concentration3,#/100mL,60.3,MPN/100mL,,#/100mL,,05/31/2024
PR0020575,001,61211,Enterococci,16,C2,AVG,Concentration2,#/100mL,16,MPN/100mL,,#/100mL,,06/30/2024
PR0020575,001,61211,Enterococci,44,C3,MAX,Concentration3,#/100mL,44,MPN/100mL,,#/100mL,,06/30/2024
PR0020575,001,61211,Enterococci,13,C2,AVG,Concentration2,#/100mL,13,MPN/100mL,,#/100mL,,07/31/2024
PR0020575,001,61211,Enterococci,103.8,C3,MAX,Concentration3,#/100mL,103.8,MPN/100mL,,#/100mL,,07/31/2024
PR0020575,001,61211,Enterococci,748.6,C3,MAX,Concentration3,#/100mL,748.6,MPN/100mL,,#/100mL,,08/31/2024
PR0020575,001,61211,Enterococci,33,C2,AVG,Concentration2,#/100mL,33,MPN/100mL,,#/100mL,,08/31/2024
PR0020575,001,61211,Enterococci,1378,C3,MAX,Concentration3,#/100mL,1378,MPN/100mL,,#/100mL,,09/30/2024
PR0020575,001,61211,Enterococci,174,C2,AVG,Concentration2,#/100mL,174,MPN/100mL,,#/100mL,,09/30/2024
PR0020575,001,61211,Enterococci,149,C2,AVG,Concentration2,#/100mL,149,MPN/100mL,,#/100mL,,10/31/2024
PR0020575,001,61211,Enterococci,1378,C3,MAX,Concentration3,#/100mL,1378,MPN/100mL,,#/100mL,,10/31/2024
PR0020575,001,61211,Enterococci,1986,C3,MAX,Concentration3,#/100mL,1986,MPN/100mL,,#/100mL,,11/30/2024
PR0020575,001,61211,Enterococci,123,C2,AVG,Concentration2,#/100mL,123,MPN/100mL,,#/100mL,,11/30/2024
PR0020575,001,61211,Enterococci,1318,C3,MAX,Concentration3,#/100mL,1318,MPN/100mL,,#/100mL,,12/31/2024
PR0020575,001,61211,Enterococci,74,C2,AVG,Concentration2,#/100mL,74,MPN/100mL,,#/100mL,,12/31/2024
PR0020575,001,61211,Enterococci,1318,C3,MAX,Concentration3,#/100mL,1318,MPN/100mL,,#/100mL,,01/31/2025
PR0020575,001,61211,Enterococci,205,C2,AVG,Concentration2,#/100mL,205,MPN/100mL,,#/100mL,,01/31/2025
PR0020575,001,61211,Enterococci,157,C2,AVG,Concentration2,#/100mL,157,MPN/100mL,,#/100mL,,02/28/2025
PR0020575,001,61211,Enterococci,487.2,C3,MAX,Concentration3,#/100mL,487.2,MPN/100mL,,#/100mL,,02/28/2025
PR0020575,001,61211,Enterococci,421.4,C3,MAX,Concentration3,#/100mL,421.4,MPN/100mL,,#/100mL,,03/31/2025
PR0020575,001,61211,Enterococci,228,C2,AVG,Concentration2,#/100mL,228,MPN/100mL,,#/100mL,,03/31/2025
PR0020575,001,61211,Enterococci,154,C2,AVG,Concentration2,#/100mL,154,MPN/100mL,,#/100mL,,04/30/2025
PR0020575,001,61211,Enterococci,404.1,C3,MAX,Concentration3,#/100mL,404.1,MPN/100mL,,#/100mL,,04/30/2025
PR0020575,001,61211,Enterococci,303,C2,AVG,Concentration2,#/100mL,303,MPN/100mL,,#/100mL,,05/31/2025
PR0020575,001,61211,Enterococci,1516,C3,MAX,Concentration3,#/100mL,1516,MPN/100mL,,#/100mL,,05/31/2025
PR0020575,001,61211,Enterococci,427,C2,AVG,Concentration2,#/100mL,427,MPN/100mL,,#/100mL,,06/30/2025
PR0020575,001,61211,Enterococci,2203,C3,MAX,Concentration3,#/100mL,2203,MPN/100mL,,#/100mL,,06/30/2025
PR0020575,001,61211,Enterococci,2420,C3,MAX,Concentration3,#/100mL,2420,MPN/100mL,,#/100mL,,07/31/2025
PR0020575,001,61211,Enterococci,1148,C2,AVG,Concentration2,#/100mL,1148,MPN/100mL,,#/100mL,,07/31/2025
PR0020575,001,61211,Enterococci,967,C2,AVG,Concentration2,#/100mL,967,MPN/100mL,,#/100mL,,08/31/2025
PR0020575,001,61211,Enterococci,2420,C3,MAX,Concentration3,#/100mL,2420,MPN/100mL,,#/100mL,,08/31/2025
PR0020575,001,61211,Enterococci,2420,C3,MAX,Concentration3,#/100mL,2420,MPN/100mL,,#/100mL,,09/30/2025
PR0020575,001,61211,Enterococci,1151,C2,AVG,Concentration2,#/100mL,1151,MPN/100mL,,#/100mL,,09/30/2025
PR0020575,001,61211,Enterococci,2420,C3,MAX,Concentration3,#/100mL,2420,MPN/100mL,,#/100mL,,10/31/2025
PR0020575,001,61211,Enterococci,1437,C2,AVG,Concentration2,#/100mL,1437,MPN/100mL,,#/100mL,,10/31/2025
PR0020575,001,61211,Enterococci,2026,C2,AVG,Concentration2,#/100mL,2026,MPN/100mL,,#/100mL,,11/30/2025
PR0020575,001,61211,Enterococci,2420,C3,MAX,Concentration3,#/100mL,2420,MPN/100mL,,#/100mL,,11/30/2025
PR0020575,001,61211,Enterococci,2420,C3,MAX,Concentration3,#/100mL,2420,MPN/100mL,,#/100mL,,12/31/2025
PR0020575,001,61211,Enterococci,1308,C2,AVG,Concentration2,#/100mL,1308,MPN/100mL,,#/100mL,,12/31/2025
PR0020575,001,61211,Enterococci,2420,C3,MAX,Concentration3,#/100mL,2420,MPN/100mL,,#/100mL,,01/31/2026
PR0020575,001,61211,Enterococci,1408,C2,AVG,Concentration2,#/100mL,1408,MPN/100mL,,#/100mL,,01/31/2026
PR0020575,001,70295,"Solids, total dissolved",370,C3,MAX,Concentration3,mg/L,370,mg/L,,ug/L,,06/30/2020
PR0020575,001,70295,"Solids, total dissolved",510,C3,MAX,Concentration3,mg/L,510,mg/L,,ug/L,,07/31/2020
PR0020575,001,70295,"Solids, total dissolved",3800,C3,MAX,Concentration3,mg/L,3800,mg/L,,ug/L,,08/31/2020
PR0020575,001,70295,"Solids, total dissolved",850,C3,MAX,Concentration3,mg/L,850,mg/L,,ug/L,,09/30/2020
PR0020575,001,70295,"Solids, total dissolved",6200,C3,MAX,Concentration3,mg/L,6200,mg/L,,ug/L,,10/31/2020
PR0020575,001,70295,"Solids, total dissolved",3400,C3,MAX,Concentration3,mg/L,3400,mg/L,,ug/L,,11/30/2020
PR0020575,001,70295,"Solids, total dissolved",2200,C3,MAX,Concentration3,mg/L,2200,mg/L,,ug/L,,12/31/2020
PR0020575,001,70295,"Solids, total dissolved",3300,C3,MAX,Concentration3,mg/L,3300,mg/L,,ug/L,,01/31/2021
PR0020575,001,70295,"Solids, total dissolved",2700,C3,MAX,Concentration3,mg/L,2700,mg/L,,ug/L,,02/28/2021
PR0020575,001,70295,"Solids, total dissolved",2600,C3,MAX,Concentration3,mg/L,2600,mg/L,,ug/L,,03/31/2021
PR0020575,001,70295,"Solids, total dissolved",1800,C3,MAX,Concentration3,mg/L,1800,mg/L,,ug/L,,04/30/2021
PR0020575,001,70295,"Solids, total dissolved",2100,C3,MAX,Concentration3,mg/L,2100,mg/L,,ug/L,,05/31/2021
PR0020575,001,70295,"Solids, total dissolved",2000,C3,MAX,Concentration3,mg/L,2000,mg/L,,ug/L,,06/30/2021
PR0020575,001,70295,"Solids, total dissolved",5400,C3,MAX,Concentration3,mg/L,5400,mg/L,,ug/L,,07/31/2021
PR0020575,001,70295,"Solids, total dissolved",3700,C3,MAX,Concentration3,mg/L,3700,mg/L,,ug/L,,08/31/2021
PR0020575,001,70295,"Solids, total dissolved",2700,C3,MAX,Concentration3,mg/L,2700,mg/L,,ug/L,,09/30/2021
PR0020575,001,70295,"Solids, total dissolved",2900,C3,MAX,Concentration3,mg/L,2900,mg/L,,ug/L,,10/31/2021
PR0020575,001,70295,"Solids, total dissolved",3600,C3,MAX,Concentration3,mg/L,3600,mg/L,,ug/L,,11/30/2021
PR0020575,001,70295,"Solids, total dissolved",2900,C3,MAX,Concentration3,mg/L,2900,mg/L,,ug/L,,12/31/2021
PR0020575,001,70295,"Solids, total dissolved",3000,C3,MAX,Concentration3,mg/L,3000,mg/L,,ug/L,,01/31/2022
PR0020575,001,70295,"Solids, total dissolved",2200,C3,MAX,Concentration3,mg/L,2200,mg/L,,ug/L,,02/28/2022
PR0020575,001,70295,"Solids, total dissolved",2000,C3,MAX,Concentration3,mg/L,2000,mg/L,,ug/L,,03/31/2022
PR0020575,001,70295,"Solids, total dissolved",2300,C3,MAX,Concentration3,mg/L,2300,mg/L,,ug/L,,04/30/2022
PR0020575,001,70295,"Solids, total dissolved",1700,C3,MAX,Concentration3,mg/L,1700,mg/L,,ug/L,,05/31/2022
PR0020575,001,70295,"Solids, total dissolved",2600,C3,MAX,Concentration3,mg/L,2600,mg/L,,ug/L,,06/30/2022
PR0020575,001,70295,"Solids, total dissolved",2800,C3,MAX,Concentration3,mg/L,2800,mg/L,,ug/L,,07/31/2022
PR0020575,001,70295,"Solids, total dissolved",2800,C3,MAX,Concentration3,mg/L,2800,mg/L,,ug/L,,08/31/2022
PR0020575,001,70295,"Solids, total dissolved",3600,C3,MAX,Concentration3,mg/L,3600,mg/L,,ug/L,,09/30/2022
PR0020575,001,70295,"Solids, total dissolved",1800,C3,MAX,Concentration3,mg/L,1800,mg/L,,ug/L,,10/31/2022
PR0020575,001,70295,"Solids, total dissolved",2700,C3,MAX,Concentration3,mg/L,2700,mg/L,,ug/L,,11/30/2022
PR0020575,001,70295,"Solids, total dissolved",4800,C3,MAX,Concentration3,mg/L,4800,mg/L,,ug/L,,12/31/2022
PR0020575,001,70295,"Solids, total dissolved",2400,C3,MAX,Concentration3,mg/L,2400,mg/L,,ug/L,,01/31/2023
PR0020575,001,70295,"Solids, total dissolved",2100,C3,MAX,Concentration3,mg/L,2100,mg/L,,ug/L,,02/28/2023
PR0020575,001,70295,"Solids, total dissolved",2100,C3,MAX,Concentration3,mg/L,2100,mg/L,,ug/L,,03/31/2023
PR0020575,001,70295,"Solids, total dissolved",2000,C3,MAX,Concentration3,mg/L,2000,mg/L,,ug/L,,04/30/2023
PR0020575,001,70295,"Solids, total dissolved",2700,C3,MAX,Concentration3,mg/L,2700,mg/L,,ug/L,,05/31/2023
PR0020575,001,70295,"Solids, total dissolved",7200,C3,MAX,Concentration3,mg/L,7200,mg/L,,ug/L,,06/30/2023
PR0020575,001,70295,"Solids, total dissolved",5200,C3,MAX,Concentration3,mg/L,5200,mg/L,,ug/L,,07/31/2023
PR0020575,001,70295,"Solids, total dissolved",6700,C3,MAX,Concentration3,mg/L,6700,mg/L,,ug/L,,08/31/2023
PR0020575,001,70295,"Solids, total dissolved",5700,C3,MAX,Concentration3,mg/L,5700,mg/L,,ug/L,,09/30/2023
PR0020575,001,70295,"Solids, total dissolved",5100,C3,MAX,Concentration3,mg/L,5100,mg/L,,ug/L,,10/31/2023
PR0020575,001,70295,"Solids, total dissolved",4100,C3,MAX,Concentration3,mg/L,4100,mg/L,,ug/L,,11/30/2023
PR0020575,001,70295,"Solids, total dissolved",1600,C3,MAX,Concentration3,mg/L,1600,mg/L,,ug/L,,12/31/2023
PR0020575,001,70295,"Solids, total dissolved",1800,C3,MAX,Concentration3,mg/L,1800,mg/L,,ug/L,,01/31/2024
PR0020575,001,70295,"Solids, total dissolved",2600,C3,MAX,Concentration3,mg/L,2600,mg/L,,ug/L,,02/29/2024
PR0020575,001,70295,"Solids, total dissolved",1900,C3,MAX,Concentration3,mg/L,1900,mg/L,,ug/L,,03/31/2024
PR0020575,001,70295,"Solids, total dissolved",1400,C3,MAX,Concentration3,mg/L,1400,mg/L,,ug/L,,04/30/2024
PR0020575,001,70295,"Solids, total dissolved",2000000,C3,MAX,Concentration3,ug/L,2000.00009499,mg/L,,ug/L,,05/31/2024
PR0020575,001,70295,"Solids, total dissolved",2000000,C3,MAX,Concentration3,ug/L,2000.00009499,mg/L,,ug/L,,06/30/2024
PR0020575,001,70295,"Solids, total dissolved",1800000,C3,MAX,Concentration3,ug/L,1800.0000855,mg/L,,ug/L,,07/31/2024
PR0020575,001,70295,"Solids, total dissolved",1800000,C3,MAX,Concentration3,ug/L,1800.0000855,mg/L,,ug/L,,08/31/2024
PR0020575,001,70295,"Solids, total dissolved",1200000,C3,MAX,Concentration3,ug/L,1200.000057,mg/L,,ug/L,,09/30/2024
PR0020575,001,70295,"Solids, total dissolved",1500000,C3,MAX,Concentration3,ug/L,1500.00007125,mg/L,,ug/L,,10/31/2024
PR0020575,001,70295,"Solids, total dissolved",2700000,C3,MAX,Concentration3,ug/L,2700.00012824,mg/L,,ug/L,,11/30/2024
PR0020575,001,70295,"Solids, total dissolved",3000000,C3,MAX,Concentration3,ug/L,3000.00014249,mg/L,,ug/L,,12/31/2024
PR0020575,001,70295,"Solids, total dissolved",1300000,C3,MAX,Concentration3,ug/L,1300.00006175,mg/L,,ug/L,,01/31/2025
PR0020575,001,70295,"Solids, total dissolved",330000,C3,MAX,Concentration3,ug/L,330.00001567,mg/L,,ug/L,,02/28/2025
PR0020575,001,70295,"Solids, total dissolved",1600000,C3,MAX,Concentration3,ug/L,1600.000076,mg/L,,ug/L,,03/31/2025
PR0020575,001,70295,"Solids, total dissolved",2500000,C3,MAX,Concentration3,ug/L,2500.00011874,mg/L,,ug/L,,04/30/2025
PR0020575,001,70295,"Solids, total dissolved",2500000,C3,MAX,Concentration3,ug/L,2500.00011874,mg/L,,ug/L,,05/31/2025
PR0020575,001,70295,"Solids, total dissolved",3600000,C3,MAX,Concentration3,ug/L,3600.00017099,mg/L,,ug/L,,06/30/2025
PR0020575,001,70295,"Solids, total dissolved",2800000,C3,MAX,Concentration3,ug/L,2800.00013299,mg/L,,ug/L,,07/31/2025
PR0020575,001,70295,"Solids, total dissolved",3900000,C3,MAX,Concentration3,ug/L,3900.00018524,mg/L,,ug/L,,08/31/2025
PR0020575,001,70295,"Solids, total dissolved",2700000,C3,MAX,Concentration3,ug/L,2700.00012824,mg/L,,ug/L,,09/30/2025
PR0020575,001,70295,"Solids, total dissolved",3500000,C3,MAX,Concentration3,ug/L,3500.00016624,mg/L,,ug/L,,10/31/2025
PR0020575,001,70295,"Solids, total dissolved",2200000,C3,MAX,Concentration3,ug/L,2200.00010449,mg/L,,ug/L,,11/30/2025
PR0020575,001,70295,"Solids, total dissolved",3200000,C3,MAX,Concentration3,ug/L,3200.00015199,mg/L,,ug/L,,12/31/2025
PR0020575,001,70295,"Solids, total dissolved",2100000,C3,MAX,Concentration3,ug/L,2100.00009974,mg/L,,ug/L,,01/31/2026
PR0020575,001,74055,"Coliform, fecal general",3,C2,AVG,Concentration2,#/100mL,3,MPN/100mL,200,#/100mL,,01/31/2020
PR0020575,001,74055,"Coliform, fecal general",2,C2,AVG,Concentration2,#/100mL,2,MPN/100mL,200,#/100mL,,02/29/2020
PR0020575,001,74055,"Coliform, fecal general",158,C2,AVG,Concentration2,#/100mL,158,MPN/100mL,200,#/100mL,,03/31/2020
PR0020575,001,74055,"Coliform, fecal general",5,C2,AVG,Concentration2,#/100mL,5,MPN/100mL,200,#/100mL,,04/30/2020
PR0020575,001,74055,"Coliform, fecal general",26,C2,AVG,Concentration2,#/100mL,26,MPN/100mL,200,#/100mL,,05/31/2020
PR0020575,001,74056,"Coliform, total general",6,C2,AVG,Concentration2,#/100mL,6,MPN/100mL,10000,#/100mL,,02/29/2020
PR0020575,001,74056,"Coliform, total general",387,C2,AVG,Concentration2,#/100mL,387,MPN/100mL,10000,#/100mL,,05/31/2020
PR0020575,001,82230,Ammonia & ammonium- total,144,C3,MAX,Concentration3,ug/L,.14400001,mg/L,,ug/L,,06/30/2020
PR0020575,001,82230,Ammonia & ammonium- total,10200,C3,MAX,Concentration3,ug/L,10.20000048,mg/L,,ug/L,,07/31/2020
PR0020575,001,82230,Ammonia & ammonium- total,123,C3,MAX,Concentration3,ug/L,.12300001,mg/L,,ug/L,,08/31/2020
PR0020575,001,82230,Ammonia & ammonium- total,60,C3,MAX,Concentration3,ug/L,.06,mg/L,,ug/L,,09/30/2020
PR0020575,001,82230,Ammonia & ammonium- total,104,C3,MAX,Concentration3,ug/L,.104,mg/L,,ug/L,,10/31/2020
PR0020575,001,82230,Ammonia & ammonium- total,189,C3,MAX,Concentration3,ug/L,.18900001,mg/L,,ug/L,,11/30/2020
PR0020575,001,82230,Ammonia & ammonium- total,154,C3,MAX,Concentration3,ug/L,.15400001,mg/L,,ug/L,,12/31/2020
PR0020575,001,82230,Ammonia & ammonium- total,548,C3,MAX,Concentration3,ug/L,.54800003,mg/L,,ug/L,,01/31/2021
PR0020575,001,82230,Ammonia & ammonium- total,3684,C3,MAX,Concentration3,ug/L,3.68400017,mg/L,,ug/L,,02/28/2021
PR0020575,001,82230,Ammonia & ammonium- total,243,C3,MAX,Concentration3,ug/L,.24300001,mg/L,,ug/L,,03/31/2021
PR0020575,001,82230,Ammonia & ammonium- total,5800,C3,MAX,Concentration3,ug/L,5.80000028,mg/L,,ug/L,,04/30/2021
PR0020575,001,82230,Ammonia & ammonium- total,254,C3,MAX,Concentration3,ug/L,.25400001,mg/L,,ug/L,,05/31/2021
PR0020575,001,82230,Ammonia & ammonium- total,20800,C3,MAX,Concentration3,ug/L,20.80000099,mg/L,,ug/L,,06/30/2021
PR0020575,001,82230,Ammonia & ammonium- total,23100,C3,MAX,Concentration3,ug/L,23.1000011,mg/L,,ug/L,,07/31/2021
PR0020575,001,82230,Ammonia & ammonium- total,7400,C3,MAX,Concentration3,ug/L,7.40000035,mg/L,,ug/L,,08/31/2021
PR0020575,001,82230,Ammonia & ammonium- total,256,C3,MAX,Concentration3,ug/L,.25600001,mg/L,,ug/L,,09/30/2021
PR0020575,001,82230,Ammonia & ammonium- total,167,C3,MAX,Concentration3,ug/L,.16700001,mg/L,,ug/L,,10/31/2021
PR0020575,001,82230,Ammonia & ammonium- total,68,C3,MAX,Concentration3,ug/L,.068,mg/L,,ug/L,,11/30/2021
PR0020575,001,82230,Ammonia & ammonium- total,199,C3,MAX,Concentration3,ug/L,.19900001,mg/L,,ug/L,,12/31/2021
PR0020575,001,82230,Ammonia & ammonium- total,540,C3,MAX,Concentration3,ug/L,.54000003,mg/L,,ug/L,,01/31/2022
PR0020575,001,82230,Ammonia & ammonium- total,186,C3,MAX,Concentration3,ug/L,.18600001,mg/L,,ug/L,,02/28/2022
PR0020575,001,82230,Ammonia & ammonium- total,3087,C3,MAX,Concentration3,ug/L,3.08700015,mg/L,,ug/L,,03/31/2022
PR0020575,001,82230,Ammonia & ammonium- total,100,C3,MAX,Concentration3,ug/L,.1,mg/L,,ug/L,,04/30/2022
PR0020575,001,82230,Ammonia & ammonium- total,1890,C3,MAX,Concentration3,ug/L,1.89000009,mg/L,,ug/L,,05/31/2022
PR0020575,001,82230,Ammonia & ammonium- total,5850,C3,MAX,Concentration3,ug/L,5.85000028,mg/L,,ug/L,,06/30/2022
PR0020575,001,82230,Ammonia & ammonium- total,1360,C3,MAX,Concentration3,ug/L,1.36000006,mg/L,,ug/L,,07/31/2022
PR0020575,001,82230,Ammonia & ammonium- total,5920,C3,MAX,Concentration3,ug/L,5.92000028,mg/L,,ug/L,,08/31/2022
PR0020575,001,82230,Ammonia & ammonium- total,19600,C3,MAX,Concentration3,ug/L,19.60000093,mg/L,,ug/L,,09/30/2022
PR0020575,001,82230,Ammonia & ammonium- total,2310,C3,MAX,Concentration3,ug/L,2.31000011,mg/L,,ug/L,,10/31/2022
PR0020575,001,82230,Ammonia & ammonium- total,100,C3,MAX,Concentration3,ug/L,.1,mg/L,,ug/L,,11/30/2022
PR0020575,001,82230,Ammonia & ammonium- total,210,C3,MAX,Concentration3,ug/L,.21000001,mg/L,,ug/L,,12/31/2022
PR0020575,001,82230,Ammonia & ammonium- total,4960,C3,MAX,Concentration3,ug/L,4.96000024,mg/L,,ug/L,,01/31/2023
PR0020575,001,82230,Ammonia & ammonium- total,11500,C3,MAX,Concentration3,ug/L,11.50000055,mg/L,,ug/L,,02/28/2023
PR0020575,001,82230,Ammonia & ammonium- total,7730,C3,MAX,Concentration3,ug/L,7.73000037,mg/L,,ug/L,,03/31/2023
PR0020575,001,82230,Ammonia & ammonium- total,5740,C3,MAX,Concentration3,ug/L,5.74000027,mg/L,,ug/L,,04/30/2023
PR0020575,001,82230,Ammonia & ammonium- total,1100,C3,MAX,Concentration3,ug/L,1.10000005,mg/L,,ug/L,,05/31/2023
PR0020575,001,82230,Ammonia & ammonium- total,7980,C3,MAX,Concentration3,ug/L,7.98000038,mg/L,,ug/L,,06/30/2023
PR0020575,001,82230,Ammonia & ammonium- total,10700,C3,MAX,Concentration3,ug/L,10.70000051,mg/L,,ug/L,,07/31/2023
PR0020575,001,82230,Ammonia & ammonium- total,2120,C3,MAX,Concentration3,ug/L,2.1200001,mg/L,,ug/L,,08/31/2023
PR0020575,001,82230,Ammonia & ammonium- total,9960,C3,MAX,Concentration3,ug/L,9.96000047,mg/L,,ug/L,,09/30/2023
PR0020575,001,82230,Ammonia & ammonium- total,1020,C3,MAX,Concentration3,ug/L,1.02000005,mg/L,,ug/L,,10/31/2023
PR0020575,001,82230,Ammonia & ammonium- total,100,C3,MAX,Concentration3,ug/L,.1,mg/L,,ug/L,,11/30/2023
PR0020575,001,82230,Ammonia & ammonium- total,1780,C3,MAX,Concentration3,ug/L,1.78000008,mg/L,,ug/L,,12/31/2023
PR0020575,001,82230,Ammonia & ammonium- total,11200,C3,MAX,Concentration3,ug/L,11.20000053,mg/L,,ug/L,,01/31/2024
PR0020575,001,82230,Ammonia & ammonium- total,780,C3,MAX,Concentration3,ug/L,.78000004,mg/L,,ug/L,,02/29/2024
PR0020575,001,82230,Ammonia & ammonium- total,410,C3,MAX,Concentration3,ug/L,.41000002,mg/L,,ug/L,,03/31/2024
PR0020575,001,82230,Ammonia & ammonium- total,13400,C3,MAX,Concentration3,ug/L,13.40000064,mg/L,,ug/L,,04/30/2024
PR0020575,001,82230,Ammonia & ammonium- total,100,C3,MAX,Concentration3,ug/L,.1,mg/L,,ug/L,,05/31/2024
PR0020575,001,82230,Ammonia & ammonium- total,100,C3,MAX,Concentration3,ug/L,.1,mg/L,,ug/L,,06/30/2024
PR0020575,001,82230,Ammonia & ammonium- total,33300,C3,MAX,Concentration3,ug/L,33.30000158,mg/L,,ug/L,,07/31/2024
PR0020575,001,82230,Ammonia & ammonium- total,26400,C3,MAX,Concentration3,ug/L,26.40000125,mg/L,,ug/L,,08/31/2024
PR0020575,001,82230,Ammonia & ammonium- total,11800,C3,MAX,Concentration3,ug/L,11.80000056,mg/L,,ug/L,,09/30/2024
PR0020575,001,82230,Ammonia & ammonium- total,100,C3,MAX,Concentration3,ug/L,.1,mg/L,,ug/L,,10/31/2024
PR0020575,001,82230,Ammonia & ammonium- total,480,C3,MAX,Concentration3,ug/L,.48000002,mg/L,,ug/L,,11/30/2024
PR0020575,001,82230,Ammonia & ammonium- total,10000,C3,MAX,Concentration3,ug/L,10.00000047,mg/L,,ug/L,,12/31/2024
PR0020575,001,82230,Ammonia & ammonium- total,16540,C3,MAX,Concentration3,ug/L,16.54000079,mg/L,,ug/L,,01/31/2025
PR0020575,001,82230,Ammonia & ammonium- total,10860,C3,MAX,Concentration3,ug/L,10.86000052,mg/L,,ug/L,,02/28/2025
PR0020575,001,82230,Ammonia & ammonium- total,20740,C3,MAX,Concentration3,ug/L,20.74000099,mg/L,,ug/L,,03/31/2025
PR0020575,001,82230,Ammonia & ammonium- total,5760,C3,MAX,Concentration3,ug/L,5.76000027,mg/L,,ug/L,,04/30/2025
PR0020575,001,82230,Ammonia & ammonium- total,4390,C3,MAX,Concentration3,ug/L,4.39000021,mg/L,,ug/L,,05/31/2025
PR0020575,001,82230,Ammonia & ammonium- total,4170,C3,MAX,Concentration3,ug/L,4.1700002,mg/L,,ug/L,,06/30/2025
PR0020575,001,82230,Ammonia & ammonium- total,16110,C3,MAX,Concentration3,ug/L,16.11000077,mg/L,,ug/L,,07/31/2025
PR0020575,001,82230,Ammonia & ammonium- total,7320,C3,MAX,Concentration3,ug/L,7.32000035,mg/L,,ug/L,,08/31/2025
PR0020575,001,82230,Ammonia & ammonium- total,6280,C3,MAX,Concentration3,ug/L,6.2800003,mg/L,,ug/L,,09/30/2025
PR0020575,001,82230,Ammonia & ammonium- total,390,C3,MAX,Concentration3,ug/L,.39000002,mg/L,,ug/L,,10/31/2025
PR0020575,001,82230,Ammonia & ammonium- total,4150,C3,MAX,Concentration3,ug/L,4.1500002,mg/L,,ug/L,,11/30/2025
PR0020575,001,82230,Ammonia & ammonium- total,26360,C3,MAX,Concentration3,ug/L,26.36000125,mg/L,,ug/L,,12/31/2025
PR0020575,001,82230,Ammonia & ammonium- total,18450,C3,MAX,Concentration3,ug/L,18.45000088,mg/L,,ug/L,,01/31/2026
