npdes_id,perm_feature_nmbr,parameter_code,parameter_desc,dmr_value_nmbr,value_type_code,statistical_base_type_code,value_type_desc,dmr_unit_desc,dmr_value_standard_units,standard_unit_desc,limit_value_nmbr,limit_unit_desc,nodi_code,monitoring_period_end_date
PR0026042,001,00010,"Temperature, water deg. centigrade",26.7,C3,MAX,Concentration3,deg C,26.7,deg C,32.2,deg C,,01/31/2020
PR0026042,001,00010,"Temperature, water deg. centigrade",27.9,C3,MAX,Concentration3,deg C,27.9,deg C,32.2,deg C,,02/29/2020
PR0026042,001,00010,"Temperature, water deg. centigrade",27.8,C3,MAX,Concentration3,deg C,27.8,deg C,32.2,deg C,,03/31/2020
PR0026042,001,00010,"Temperature, water deg. centigrade",27.9,C3,MAX,Concentration3,deg C,27.9,deg C,32.2,deg C,,04/30/2020
PR0026042,001,00010,"Temperature, water deg. centigrade",29.4,C3,MAX,Concentration3,deg C,29.4,deg C,32.2,deg C,,05/31/2020
PR0026042,001,00010,"Temperature, water deg. centigrade",30.4,C3,MAX,Concentration3,deg C,30.4,deg C,32.2,deg C,,06/30/2020
PR0026042,001,00010,"Temperature, water deg. centigrade",30.8,C3,MAX,Concentration3,deg C,30.8,deg C,32.2,deg C,,07/31/2020
PR0026042,001,00010,"Temperature, water deg. centigrade",30.6,C3,MAX,Concentration3,deg C,30.6,deg C,32.2,deg C,,08/31/2020
PR0026042,001,00010,"Temperature, water deg. centigrade",30.1,C3,MAX,Concentration3,deg C,30.1,deg C,32.2,deg C,,09/30/2020
PR0026042,001,00010,"Temperature, water deg. centigrade",30,C3,MAX,Concentration3,deg C,30,deg C,32.2,deg C,,10/31/2020
PR0026042,001,00010,"Temperature, water deg. centigrade",28.9,C3,MAX,Concentration3,deg C,28.9,deg C,32.2,deg C,,11/30/2020
PR0026042,001,00010,"Temperature, water deg. centigrade",27.9,C3,MAX,Concentration3,deg C,27.9,deg C,32.2,deg C,,12/31/2020
PR0026042,001,00010,"Temperature, water deg. centigrade",29.3,C3,MAX,Concentration3,deg C,29.3,deg C,32.2,deg C,,01/31/2021
PR0026042,001,00010,"Temperature, water deg. centigrade",28.9,C3,MAX,Concentration3,deg C,28.9,deg C,32.2,deg C,,02/28/2021
PR0026042,001,00010,"Temperature, water deg. centigrade",28.6,C3,MAX,Concentration3,deg C,28.6,deg C,32.2,deg C,,03/31/2021
PR0026042,001,00010,"Temperature, water deg. centigrade",29.2,C3,MAX,Concentration3,deg C,29.2,deg C,32.2,deg C,,04/30/2021
PR0026042,001,00010,"Temperature, water deg. centigrade",29.3,C3,MAX,Concentration3,deg C,29.3,deg C,32.2,deg C,,05/31/2021
PR0026042,001,00010,"Temperature, water deg. centigrade",30.3,C3,MAX,Concentration3,deg C,30.3,deg C,32.2,deg C,,06/30/2021
PR0026042,001,00010,"Temperature, water deg. centigrade",30.6,C3,MAX,Concentration3,deg C,30.6,deg C,32.2,deg C,,07/31/2021
PR0026042,001,00010,"Temperature, water deg. centigrade",28.1,C3,MAX,Concentration3,deg C,28.1,deg C,32.2,deg C,,08/31/2021
PR0026042,001,00010,"Temperature, water deg. centigrade",29.5,C3,MAX,Concentration3,deg C,29.5,deg C,32.2,deg C,,09/30/2021
PR0026042,001,00010,"Temperature, water deg. centigrade",28.9,C3,MAX,Concentration3,deg C,28.9,deg C,32.2,deg C,,10/31/2021
PR0026042,001,00010,"Temperature, water deg. centigrade",28.3,C3,MAX,Concentration3,deg C,28.3,deg C,32.2,deg C,,11/30/2021
PR0026042,001,00010,"Temperature, water deg. centigrade",29.6,C3,MAX,Concentration3,deg C,29.6,deg C,32.2,deg C,,12/31/2021
PR0026042,001,00010,"Temperature, water deg. centigrade",30.3,C3,MAX,Concentration3,deg C,30.3,deg C,32.2,deg C,,01/31/2022
PR0026042,001,00010,"Temperature, water deg. centigrade",29.8,C3,MAX,Concentration3,deg C,29.8,deg C,32.2,deg C,,02/28/2022
PR0026042,001,00010,"Temperature, water deg. centigrade",28,C3,MAX,Concentration3,deg C,28,deg C,32.2,deg C,,03/31/2022
PR0026042,001,00010,"Temperature, water deg. centigrade",29.7,C3,MAX,Concentration3,deg C,29.7,deg C,32.2,deg C,,04/30/2022
PR0026042,001,00010,"Temperature, water deg. centigrade",29.3,C3,MAX,Concentration3,deg C,29.3,deg C,32.2,deg C,,05/31/2022
PR0026042,001,00010,"Temperature, water deg. centigrade",30.6,C3,MAX,Concentration3,deg C,30.6,deg C,32.2,deg C,,06/30/2022
PR0026042,001,00010,"Temperature, water deg. centigrade",30.7,C3,MAX,Concentration3,deg C,30.7,deg C,32.2,deg C,,07/31/2022
PR0026042,001,00010,"Temperature, water deg. centigrade",30.1,C3,MAX,Concentration3,deg C,30.1,deg C,32.2,deg C,,08/31/2022
PR0026042,001,00010,"Temperature, water deg. centigrade",30,C3,MAX,Concentration3,deg C,30,deg C,32.2,deg C,,09/30/2022
PR0026042,001,00010,"Temperature, water deg. centigrade",30.6,C3,MAX,Concentration3,deg C,30.6,deg C,32.2,deg C,,10/31/2022
PR0026042,001,00010,"Temperature, water deg. centigrade",29.9,C3,MAX,Concentration3,deg C,29.9,deg C,32.2,deg C,,11/30/2022
PR0026042,001,00010,"Temperature, water deg. centigrade",29.8,C3,MAX,Concentration3,deg C,29.8,deg C,32.2,deg C,,12/31/2022
PR0026042,001,00010,"Temperature, water deg. centigrade",30.1,C3,MAX,Concentration3,deg C,30.1,deg C,32.2,deg C,,01/31/2023
PR0026042,001,00010,"Temperature, water deg. centigrade",30.3,C3,MAX,Concentration3,deg C,30.3,deg C,32.2,deg C,,02/28/2023
PR0026042,001,00010,"Temperature, water deg. centigrade",29.8,C3,MAX,Concentration3,deg C,29.8,deg C,32.2,deg C,,03/31/2023
PR0026042,001,00010,"Temperature, water deg. centigrade",29.8,C3,MAX,Concentration3,deg C,29.8,deg C,32.2,deg C,,04/30/2023
PR0026042,001,00010,"Temperature, water deg. centigrade",29.9,C3,MAX,Concentration3,deg C,29.9,deg C,32.2,deg C,,05/31/2023
PR0026042,001,00010,"Temperature, water deg. centigrade",30.6,C3,MAX,Concentration3,deg C,30.6,deg C,32.2,deg C,,06/30/2023
PR0026042,001,00010,"Temperature, water deg. centigrade",29.6,C3,MAX,Concentration3,deg C,29.6,deg C,32.2,deg C,,07/31/2023
PR0026042,001,00010,"Temperature, water deg. centigrade",30.1,C3,MAX,Concentration3,deg C,30.1,deg C,32.2,deg C,,08/31/2023
PR0026042,001,00010,"Temperature, water deg. centigrade",30.8,C3,MAX,Concentration3,deg C,30.8,deg C,32.2,deg C,,09/30/2023
PR0026042,001,00010,"Temperature, water deg. centigrade",28.6,C3,MAX,Concentration3,deg C,28.6,deg C,32.2,deg C,,10/31/2023
PR0026042,001,00010,"Temperature, water deg. centigrade",30.1,C3,MAX,Concentration3,deg C,30.1,deg C,32.2,deg C,,11/30/2023
PR0026042,001,00010,"Temperature, water deg. centigrade",28.9,C3,MAX,Concentration3,deg C,28.9,deg C,32.2,deg C,,12/31/2023
PR0026042,001,00010,"Temperature, water deg. centigrade",29.3,C3,MAX,Concentration3,deg C,29.3,deg C,32.2,deg C,,01/31/2024
PR0026042,001,00010,"Temperature, water deg. centigrade",27.7,C3,MAX,Concentration3,deg C,27.7,deg C,32.2,deg C,,02/29/2024
PR0026042,001,00010,"Temperature, water deg. centigrade",27.1,C3,MAX,Concentration3,deg C,27.1,deg C,32.2,deg C,,03/31/2024
PR0026042,001,00010,"Temperature, water deg. centigrade",28.5,C3,MAX,Concentration3,deg C,28.5,deg C,32.2,deg C,,04/30/2024
PR0026042,001,00010,"Temperature, water deg. centigrade",28.2,C3,MAX,Concentration3,deg C,28.2,deg C,32.2,deg C,,05/31/2024
PR0026042,001,00010,"Temperature, water deg. centigrade",29.4,C3,MAX,Concentration3,deg C,29.4,deg C,32.2,deg C,,06/30/2024
PR0026042,001,00010,"Temperature, water deg. centigrade",30.6,C3,MAX,Concentration3,deg C,30.6,deg C,32.2,deg C,,07/31/2024
PR0026042,001,00010,"Temperature, water deg. centigrade",29.6,C3,MAX,Concentration3,deg C,29.6,deg C,32.2,deg C,,08/31/2024
PR0026042,001,00010,"Temperature, water deg. centigrade",28.7,C3,MAX,Concentration3,deg C,28.7,deg C,32.2,deg C,,09/30/2024
PR0026042,001,00010,"Temperature, water deg. centigrade",29.8,C3,MAX,Concentration3,deg C,29.8,deg C,32.2,deg C,,10/31/2024
PR0026042,001,00010,"Temperature, water deg. centigrade",27.7,C3,MAX,Concentration3,deg C,27.7,deg C,32.2,deg C,,11/30/2024
PR0026042,001,00010,"Temperature, water deg. centigrade",28.3,C3,MAX,Concentration3,deg C,28.3,deg C,32.2,deg C,,12/31/2024
PR0026042,001,00010,"Temperature, water deg. centigrade",28.1,C3,MAX,Concentration3,deg C,28.1,deg C,32.2,deg C,,01/31/2025
PR0026042,001,00010,"Temperature, water deg. centigrade",27.3,C3,MAX,Concentration3,deg C,27.3,deg C,32.2,deg C,,02/28/2025
PR0026042,001,00010,"Temperature, water deg. centigrade",28.7,C3,MAX,Concentration3,deg C,28.7,deg C,32.2,deg C,,03/31/2025
PR0026042,001,00010,"Temperature, water deg. centigrade",27.9,C3,MAX,Concentration3,deg C,27.9,deg C,32.2,deg C,,04/30/2025
PR0026042,001,00010,"Temperature, water deg. centigrade",29.8,C3,MAX,Concentration3,deg C,29.8,deg C,32.2,deg C,,05/31/2025
PR0026042,001,00010,"Temperature, water deg. centigrade",28.8,C3,MAX,Concentration3,deg C,28.8,deg C,32.2,deg C,,06/30/2025
PR0026042,001,00010,"Temperature, water deg. centigrade",28.9,C3,MAX,Concentration3,deg C,28.9,deg C,32.2,deg C,,07/31/2025
PR0026042,001,00010,"Temperature, water deg. centigrade",28.9,C3,MAX,Concentration3,deg C,28.9,deg C,32.2,deg C,,08/31/2025
PR0026042,001,00010,"Temperature, water deg. centigrade",29.4,C3,MAX,Concentration3,deg C,29.4,deg C,32.2,deg C,,09/30/2025
PR0026042,001,00010,"Temperature, water deg. centigrade",29,C3,MAX,Concentration3,deg C,29,deg C,32.2,deg C,,10/31/2025
PR0026042,001,00010,"Temperature, water deg. centigrade",28.8,C3,MAX,Concentration3,deg C,28.8,deg C,32.2,deg C,,11/30/2025
PR0026042,001,00010,"Temperature, water deg. centigrade",27.4,C3,MAX,Concentration3,deg C,27.4,deg C,32.2,deg C,,12/31/2025
PR0026042,001,00010,"Temperature, water deg. centigrade",27.6,C3,MAX,Concentration3,deg C,27.6,deg C,32.2,deg C,,01/31/2026
PR0026042,001,00070,Turbidity,7.29,C3,MAX,Concentration3,NTU,7.29,NTU,50,NTU,,01/31/2020
PR0026042,001,00070,Turbidity,NA,C3,MAX,Concentration3,,,NTU,50,NTU,9,02/29/2020
PR0026042,001,00070,Turbidity,NA,C3,MAX,Concentration3,,,NTU,50,NTU,9,03/31/2020
PR0026042,001,00070,Turbidity,8,C3,MAX,Concentration3,NTU,8,NTU,50,NTU,,04/30/2020
PR0026042,001,00070,Turbidity,NA,C3,MAX,Concentration3,,,NTU,50,NTU,9,05/31/2020
PR0026042,001,00070,Turbidity,NA,C3,MAX,Concentration3,,,NTU,50,NTU,9,06/30/2020
PR0026042,001,00070,Turbidity,3.13,C3,MAX,Concentration3,NTU,3.13,NTU,50,NTU,,07/31/2020
PR0026042,001,00070,Turbidity,NA,C3,MAX,Concentration3,,,NTU,50,NTU,9,08/31/2020
PR0026042,001,00070,Turbidity,NA,C3,MAX,Concentration3,,,NTU,50,NTU,9,09/30/2020
PR0026042,001,00070,Turbidity,6.54,C3,MAX,Concentration3,NTU,6.54,NTU,50,NTU,,10/31/2020
PR0026042,001,00070,Turbidity,NA,C3,MAX,Concentration3,,,NTU,50,NTU,9,11/30/2020
PR0026042,001,00070,Turbidity,NA,C3,MAX,Concentration3,,,NTU,50,NTU,9,12/31/2020
PR0026042,001,00070,Turbidity,10.4,C3,MAX,Concentration3,NTU,10.4,NTU,50,NTU,,01/31/2021
PR0026042,001,00070,Turbidity,NA,C3,MAX,Concentration3,,,NTU,50,NTU,9,02/28/2021
PR0026042,001,00070,Turbidity,NA,C3,MAX,Concentration3,,,NTU,50,NTU,9,03/31/2021
PR0026042,001,00070,Turbidity,8.53,C3,MAX,Concentration3,NTU,8.53,NTU,50,NTU,,04/30/2021
PR0026042,001,00070,Turbidity,NA,C3,MAX,Concentration3,,,NTU,50,NTU,9,05/31/2021
PR0026042,001,00070,Turbidity,NA,C3,MAX,Concentration3,,,NTU,50,NTU,9,06/30/2021
PR0026042,001,00070,Turbidity,4.46,C3,MAX,Concentration3,NTU,4.46,NTU,50,NTU,,07/31/2021
PR0026042,001,00070,Turbidity,NA,C3,MAX,Concentration3,,,NTU,50,NTU,9,08/31/2021
PR0026042,001,00070,Turbidity,NA,C3,MAX,Concentration3,,,NTU,50,NTU,9,09/30/2021
PR0026042,001,00070,Turbidity,5.34,C3,MAX,Concentration3,NTU,5.34,NTU,50,NTU,,10/31/2021
PR0026042,001,00070,Turbidity,NA,C3,MAX,Concentration3,,,NTU,50,NTU,9,11/30/2021
PR0026042,001,00070,Turbidity,NA,C3,MAX,Concentration3,,,NTU,50,NTU,9,12/31/2021
PR0026042,001,00070,Turbidity,5.1,C3,MAX,Concentration3,NTU,5.1,NTU,50,NTU,,01/31/2022
PR0026042,001,00070,Turbidity,NA,C3,MAX,Concentration3,,,NTU,50,NTU,9,02/28/2022
PR0026042,001,00070,Turbidity,NA,C3,MAX,Concentration3,,,NTU,50,NTU,9,03/31/2022
PR0026042,001,00070,Turbidity,14,C3,MAX,Concentration3,NTU,14,NTU,50,NTU,,04/30/2022
PR0026042,001,00070,Turbidity,NA,C3,MAX,Concentration3,,,NTU,50,NTU,9,05/31/2022
PR0026042,001,00070,Turbidity,NA,C3,MAX,Concentration3,,,NTU,50,NTU,9,06/30/2022
PR0026042,001,00070,Turbidity,6.6,C3,MAX,Concentration3,NTU,6.6,NTU,50,NTU,,07/31/2022
PR0026042,001,00070,Turbidity,NA,C3,MAX,Concentration3,,,NTU,50,NTU,9,08/31/2022
PR0026042,001,00070,Turbidity,NA,C3,MAX,Concentration3,,,NTU,50,NTU,9,09/30/2022
PR0026042,001,00070,Turbidity,2.1,C3,MAX,Concentration3,NTU,2.1,NTU,50,NTU,,10/31/2022
PR0026042,001,00070,Turbidity,NA,C3,MAX,Concentration3,,,NTU,50,NTU,9,11/30/2022
PR0026042,001,00070,Turbidity,NA,C3,MAX,Concentration3,,,NTU,50,NTU,9,12/31/2022
PR0026042,001,00070,Turbidity,4.3,C3,MAX,Concentration3,NTU,4.3,NTU,50,NTU,,01/31/2023
PR0026042,001,00070,Turbidity,NA,C3,MAX,Concentration3,,,NTU,50,NTU,9,02/28/2023
PR0026042,001,00070,Turbidity,NA,C3,MAX,Concentration3,,,NTU,50,NTU,9,03/31/2023
PR0026042,001,00070,Turbidity,3.5,C3,MAX,Concentration3,NTU,3.5,NTU,50,NTU,,04/30/2023
PR0026042,001,00070,Turbidity,NA,C3,MAX,Concentration3,,,NTU,50,NTU,9,05/31/2023
PR0026042,001,00070,Turbidity,NA,C3,MAX,Concentration3,,,NTU,50,NTU,9,06/30/2023
PR0026042,001,00070,Turbidity,3.9,C3,MAX,Concentration3,NTU,3.9,NTU,50,NTU,,07/31/2023
PR0026042,001,00070,Turbidity,NA,C3,MAX,Concentration3,,,NTU,50,NTU,9,08/31/2023
PR0026042,001,00070,Turbidity,NA,C3,MAX,Concentration3,,,NTU,50,NTU,9,09/30/2023
PR0026042,001,00070,Turbidity,3.6,C3,MAX,Concentration3,NTU,3.6,NTU,50,NTU,,10/31/2023
PR0026042,001,00070,Turbidity,NA,C3,MAX,Concentration3,,,NTU,50,NTU,9,11/30/2023
PR0026042,001,00070,Turbidity,NA,C3,MAX,Concentration3,,,NTU,50,NTU,9,12/31/2023
PR0026042,001,00070,Turbidity,8.8,C3,MAX,Concentration3,NTU,8.8,NTU,50,NTU,,01/31/2024
PR0026042,001,00070,Turbidity,NA,C3,MAX,Concentration3,,,NTU,50,NTU,9,02/29/2024
PR0026042,001,00070,Turbidity,NA,C3,MAX,Concentration3,,,NTU,50,NTU,9,03/31/2024
PR0026042,001,00070,Turbidity,1,C3,MAX,Concentration3,NTU,1,NTU,50,NTU,,04/30/2024
PR0026042,001,00070,Turbidity,NA,C3,MAX,Concentration3,,,NTU,50,NTU,9,05/31/2024
PR0026042,001,00070,Turbidity,NA,C3,MAX,Concentration3,,,NTU,50,NTU,9,06/30/2024
PR0026042,001,00070,Turbidity,2.3,C3,MAX,Concentration3,NTU,2.3,NTU,50,NTU,,07/31/2024
PR0026042,001,00070,Turbidity,NA,C3,MAX,Concentration3,,,NTU,50,NTU,9,08/31/2024
PR0026042,001,00070,Turbidity,NA,C3,MAX,Concentration3,,,NTU,50,NTU,9,09/30/2024
PR0026042,001,00070,Turbidity,3.7,C3,MAX,Concentration3,NTU,3.7,NTU,50,NTU,,10/31/2024
PR0026042,001,00070,Turbidity,NA,C3,MAX,Concentration3,,,NTU,50,NTU,9,11/30/2024
PR0026042,001,00070,Turbidity,NA,C3,MAX,Concentration3,,,NTU,50,NTU,9,12/31/2024
PR0026042,001,00070,Turbidity,7,C3,MAX,Concentration3,NTU,7,NTU,50,NTU,,01/31/2025
PR0026042,001,00070,Turbidity,NA,C3,MAX,Concentration3,,,NTU,50,NTU,9,02/28/2025
PR0026042,001,00070,Turbidity,NA,C3,MAX,Concentration3,,,NTU,50,NTU,9,03/31/2025
PR0026042,001,00070,Turbidity,4.6,C3,MAX,Concentration3,NTU,4.6,NTU,50,NTU,,04/30/2025
PR0026042,001,00070,Turbidity,NA,C3,MAX,Concentration3,,,NTU,50,NTU,9,05/31/2025
PR0026042,001,00070,Turbidity,NA,C3,MAX,Concentration3,,,NTU,50,NTU,9,06/30/2025
PR0026042,001,00070,Turbidity,5,C3,MAX,Concentration3,NTU,5,NTU,50,NTU,,07/31/2025
PR0026042,001,00070,Turbidity,NA,C3,MAX,Concentration3,,,NTU,50,NTU,9,08/31/2025
PR0026042,001,00070,Turbidity,NA,C3,MAX,Concentration3,,,NTU,50,NTU,9,09/30/2025
PR0026042,001,00070,Turbidity,7.5,C3,MAX,Concentration3,NTU,7.5,NTU,50,NTU,,10/31/2025
PR0026042,001,00070,Turbidity,NA,C3,MAX,Concentration3,,,NTU,50,NTU,9,11/30/2025
PR0026042,001,00070,Turbidity,NA,C3,MAX,Concentration3,,,NTU,50,NTU,9,12/31/2025
PR0026042,001,00070,Turbidity,6,C3,MAX,Concentration3,NTU,6,NTU,50,NTU,,01/31/2026
PR0026042,001,00080,Color [PT-CO units],15,C3,MAX,Concentration3,col unit (pc),15,col unit (pc),15,col unit (pc),,01/31/2020
PR0026042,001,00080,Color [PT-CO units],15,C3,MAX,Concentration3,col unit (pc),15,col unit (pc),15,col unit (pc),,02/29/2020
PR0026042,001,00080,Color [PT-CO units],15,C3,MAX,Concentration3,col unit (pc),15,col unit (pc),15,col unit (pc),,03/31/2020
PR0026042,001,00080,Color [PT-CO units],15,C3,MAX,Concentration3,col unit (pc),15,col unit (pc),15,col unit (pc),,04/30/2020
PR0026042,001,00080,Color [PT-CO units],10,C3,MAX,Concentration3,col unit (pc),10,col unit (pc),15,col unit (pc),,05/31/2020
PR0026042,001,00080,Color [PT-CO units],15,C3,MAX,Concentration3,col unit (pc),15,col unit (pc),15,col unit (pc),,06/30/2020
PR0026042,001,00080,Color [PT-CO units],15,C3,MAX,Concentration3,col unit (pc),15,col unit (pc),15,col unit (pc),,07/31/2020
PR0026042,001,00080,Color [PT-CO units],10,C3,MAX,Concentration3,col unit (pc),10,col unit (pc),15,col unit (pc),,08/31/2020
PR0026042,001,00080,Color [PT-CO units],15,C3,MAX,Concentration3,col unit (pc),15,col unit (pc),15,col unit (pc),,09/30/2020
PR0026042,001,00080,Color [PT-CO units],15,C3,MAX,Concentration3,col unit (pc),15,col unit (pc),15,col unit (pc),,10/31/2020
PR0026042,001,00080,Color [PT-CO units],15,C3,MAX,Concentration3,col unit (pc),15,col unit (pc),15,col unit (pc),,11/30/2020
PR0026042,001,00080,Color [PT-CO units],15,C3,MAX,Concentration3,col unit (pc),15,col unit (pc),15,col unit (pc),,12/31/2020
PR0026042,001,00080,Color [PT-CO units],15,C3,MAX,Concentration3,col unit (pc),15,col unit (pc),15,col unit (pc),,01/31/2021
PR0026042,001,00080,Color [PT-CO units],15,C3,MAX,Concentration3,col unit (pc),15,col unit (pc),15,col unit (pc),,02/28/2021
PR0026042,001,00080,Color [PT-CO units],5,C3,MAX,Concentration3,col unit (pc),5,col unit (pc),15,col unit (pc),,03/31/2021
PR0026042,001,00080,Color [PT-CO units],30,C3,MAX,Concentration3,col unit (pc),30,col unit (pc),15,col unit (pc),,04/30/2021
PR0026042,001,00080,Color [PT-CO units],15,C3,MAX,Concentration3,col unit (pc),15,col unit (pc),15,col unit (pc),,05/31/2021
PR0026042,001,00080,Color [PT-CO units],10,C3,MAX,Concentration3,col unit (pc),10,col unit (pc),15,col unit (pc),,06/30/2021
PR0026042,001,00080,Color [PT-CO units],15,C3,MAX,Concentration3,col unit (pc),15,col unit (pc),15,col unit (pc),,07/31/2021
PR0026042,001,00080,Color [PT-CO units],15,C3,MAX,Concentration3,col unit (pc),15,col unit (pc),15,col unit (pc),,08/31/2021
PR0026042,001,00080,Color [PT-CO units],15,C3,MAX,Concentration3,col unit (pc),15,col unit (pc),15,col unit (pc),,09/30/2021
PR0026042,001,00080,Color [PT-CO units],15,C3,MAX,Concentration3,col unit (pc),15,col unit (pc),15,col unit (pc),,10/31/2021
PR0026042,001,00080,Color [PT-CO units],15,C3,MAX,Concentration3,col unit (pc),15,col unit (pc),15,col unit (pc),,11/30/2021
PR0026042,001,00080,Color [PT-CO units],15,C3,MAX,Concentration3,col unit (pc),15,col unit (pc),15,col unit (pc),,12/31/2021
PR0026042,001,00080,Color [PT-CO units],10,C3,MAX,Concentration3,col unit (pc),10,col unit (pc),15,col unit (pc),,01/31/2022
PR0026042,001,00080,Color [PT-CO units],15,C3,MAX,Concentration3,col unit (pc),15,col unit (pc),15,col unit (pc),,02/28/2022
PR0026042,001,00080,Color [PT-CO units],10,C3,MAX,Concentration3,col unit (pc),10,col unit (pc),15,col unit (pc),,03/31/2022
PR0026042,001,00080,Color [PT-CO units],15,C3,MAX,Concentration3,col unit (pc),15,col unit (pc),15,col unit (pc),,04/30/2022
PR0026042,001,00080,Color [PT-CO units],10,C3,MAX,Concentration3,col unit (pc),10,col unit (pc),15,col unit (pc),,05/31/2022
PR0026042,001,00080,Color [PT-CO units],15,C3,MAX,Concentration3,col unit (pc),15,col unit (pc),15,col unit (pc),,06/30/2022
PR0026042,001,00080,Color [PT-CO units],10,C3,MAX,Concentration3,col unit (pc),10,col unit (pc),15,col unit (pc),,07/31/2022
PR0026042,001,00080,Color [PT-CO units],15,C3,MAX,Concentration3,col unit (pc),15,col unit (pc),15,col unit (pc),,08/31/2022
PR0026042,001,00080,Color [PT-CO units],10,C3,MAX,Concentration3,col unit (pc),10,col unit (pc),15,col unit (pc),,09/30/2022
PR0026042,001,00080,Color [PT-CO units],15,C3,MAX,Concentration3,col unit (pc),15,col unit (pc),15,col unit (pc),,10/31/2022
PR0026042,001,00080,Color [PT-CO units],15,C3,MAX,Concentration3,col unit (pc),15,col unit (pc),15,col unit (pc),,11/30/2022
PR0026042,001,00080,Color [PT-CO units],NA,C3,MAX,Concentration3,,,col unit (pc),15,col unit (pc),B,12/31/2022
PR0026042,001,00080,Color [PT-CO units],15,C3,MAX,Concentration3,col unit (pc),15,col unit (pc),15,col unit (pc),,01/31/2023
PR0026042,001,00080,Color [PT-CO units],10,C3,MAX,Concentration3,col unit (pc),10,col unit (pc),15,col unit (pc),,02/28/2023
PR0026042,001,00080,Color [PT-CO units],15,C3,MAX,Concentration3,col unit (pc),15,col unit (pc),15,col unit (pc),,03/31/2023
PR0026042,001,00080,Color [PT-CO units],10,C3,MAX,Concentration3,col unit (pc),10,col unit (pc),15,col unit (pc),,04/30/2023
PR0026042,001,00080,Color [PT-CO units],10,C3,MAX,Concentration3,col unit (pc),10,col unit (pc),15,col unit (pc),,05/31/2023
PR0026042,001,00080,Color [PT-CO units],10,C3,MAX,Concentration3,col unit (pc),10,col unit (pc),15,col unit (pc),,06/30/2023
PR0026042,001,00080,Color [PT-CO units],NA,C3,MAX,Concentration3,,,col unit (pc),15,col unit (pc),B,07/31/2023
PR0026042,001,00080,Color [PT-CO units],10,C3,MAX,Concentration3,col unit (pc),10,col unit (pc),15,col unit (pc),,08/31/2023
PR0026042,001,00080,Color [PT-CO units],NA,C3,MAX,Concentration3,,,col unit (pc),15,col unit (pc),B,09/30/2023
PR0026042,001,00080,Color [PT-CO units],5,C3,MAX,Concentration3,col unit (pc),5,col unit (pc),15,col unit (pc),,10/31/2023
PR0026042,001,00080,Color [PT-CO units],15,C3,MAX,Concentration3,col unit (pc),15,col unit (pc),15,col unit (pc),,11/30/2023
PR0026042,001,00080,Color [PT-CO units],20,C3,MAX,Concentration3,col unit (pc),20,col unit (pc),15,col unit (pc),,12/31/2023
PR0026042,001,00080,Color [PT-CO units],15,C3,MAX,Concentration3,col unit (pc),15,col unit (pc),15,col unit (pc),,01/31/2024
PR0026042,001,00080,Color [PT-CO units],15,C3,MAX,Concentration3,col unit (pc),15,col unit (pc),15,col unit (pc),,02/29/2024
PR0026042,001,00080,Color [PT-CO units],15,C3,MAX,Concentration3,col unit (pc),15,col unit (pc),15,col unit (pc),,03/31/2024
PR0026042,001,00080,Color [PT-CO units],10,C3,MAX,Concentration3,col unit (pc),10,col unit (pc),15,col unit (pc),,04/30/2024
PR0026042,001,00080,Color [PT-CO units],30,C3,MAX,Concentration3,col unit (pc),30,col unit (pc),15,col unit (pc),,05/31/2024
PR0026042,001,00080,Color [PT-CO units],NA,C3,MAX,Concentration3,,,col unit (pc),15,col unit (pc),B,06/30/2024
PR0026042,001,00080,Color [PT-CO units],10,C3,MAX,Concentration3,col unit (pc),10,col unit (pc),15,col unit (pc),,07/31/2024
PR0026042,001,00080,Color [PT-CO units],10,C3,MAX,Concentration3,col unit (pc),10,col unit (pc),15,col unit (pc),,08/31/2024
PR0026042,001,00080,Color [PT-CO units],10,C3,MAX,Concentration3,col unit (pc),10,col unit (pc),15,col unit (pc),,09/30/2024
PR0026042,001,00080,Color [PT-CO units],15,C3,MAX,Concentration3,col unit (pc),15,col unit (pc),15,col unit (pc),,10/31/2024
PR0026042,001,00080,Color [PT-CO units],10,C3,MAX,Concentration3,col unit (pc),10,col unit (pc),15,col unit (pc),,11/30/2024
PR0026042,001,00080,Color [PT-CO units],20,C3,MAX,Concentration3,col unit (pc),20,col unit (pc),15,col unit (pc),,12/31/2024
PR0026042,001,00080,Color [PT-CO units],10,C3,MAX,Concentration3,col unit (pc),10,col unit (pc),15,col unit (pc),,01/31/2025
PR0026042,001,00080,Color [PT-CO units],NA,C3,MAX,Concentration3,,,col unit (pc),15,col unit (pc),B,02/28/2025
PR0026042,001,00080,Color [PT-CO units],10,C3,MAX,Concentration3,col unit (pc),10,col unit (pc),15,col unit (pc),,03/31/2025
PR0026042,001,00080,Color [PT-CO units],15,C3,MAX,Concentration3,col unit (pc),15,col unit (pc),15,col unit (pc),,04/30/2025
PR0026042,001,00080,Color [PT-CO units],NA,C3,MAX,Concentration3,,,col unit (pc),15,col unit (pc),B,05/31/2025
PR0026042,001,00080,Color [PT-CO units],10,C3,MAX,Concentration3,col unit (pc),10,col unit (pc),15,col unit (pc),,06/30/2025
PR0026042,001,00080,Color [PT-CO units],5,C3,MAX,Concentration3,col unit (pc),5,col unit (pc),15,col unit (pc),,07/31/2025
PR0026042,001,00080,Color [PT-CO units],10,C3,MAX,Concentration3,col unit (pc),10,col unit (pc),15,col unit (pc),,08/31/2025
PR0026042,001,00080,Color [PT-CO units],15,C3,MAX,Concentration3,col unit (pc),15,col unit (pc),15,col unit (pc),,09/30/2025
PR0026042,001,00080,Color [PT-CO units],10,C3,MAX,Concentration3,col unit (pc),10,col unit (pc),15,col unit (pc),,10/31/2025
PR0026042,001,00080,Color [PT-CO units],5,C3,MAX,Concentration3,col unit (pc),5,col unit (pc),15,col unit (pc),,11/30/2025
PR0026042,001,00080,Color [PT-CO units],15,C3,MAX,Concentration3,col unit (pc),15,col unit (pc),15,col unit (pc),,12/31/2025
PR0026042,001,00080,Color [PT-CO units],20,C3,MAX,Concentration3,col unit (pc),20,col unit (pc),15,col unit (pc),,01/31/2026
PR0026042,001,00300,"Oxygen, dissolved [DO]",6.81,C1,MIN,Concentration1,mg/L,6.81,mg/L,5,mg/L,,01/31/2020
PR0026042,001,00300,"Oxygen, dissolved [DO]",7.51,C1,MIN,Concentration1,mg/L,7.51,mg/L,5,mg/L,,02/29/2020
PR0026042,001,00300,"Oxygen, dissolved [DO]",5.41,C1,MIN,Concentration1,mg/L,5.41,mg/L,5,mg/L,,03/31/2020
PR0026042,001,00300,"Oxygen, dissolved [DO]",5.41,C1,MIN,Concentration1,mg/L,5.41,mg/L,5,mg/L,,04/30/2020
PR0026042,001,00300,"Oxygen, dissolved [DO]",5.78,C1,MIN,Concentration1,mg/L,5.78,mg/L,5,mg/L,,05/31/2020
PR0026042,001,00300,"Oxygen, dissolved [DO]",5.25,C1,MIN,Concentration1,mg/L,5.25,mg/L,5,mg/L,,06/30/2020
PR0026042,001,00300,"Oxygen, dissolved [DO]",6.11,C1,MIN,Concentration1,mg/L,6.11,mg/L,5,mg/L,,07/31/2020
PR0026042,001,00300,"Oxygen, dissolved [DO]",5.9,C1,MIN,Concentration1,mg/L,5.9,mg/L,5,mg/L,,08/31/2020
PR0026042,001,00300,"Oxygen, dissolved [DO]",5.39,C1,MIN,Concentration1,mg/L,5.39,mg/L,5,mg/L,,09/30/2020
PR0026042,001,00300,"Oxygen, dissolved [DO]",6.2,C1,MIN,Concentration1,mg/L,6.2,mg/L,5,mg/L,,10/31/2020
PR0026042,001,00300,"Oxygen, dissolved [DO]",5.46,C1,MIN,Concentration1,mg/L,5.46,mg/L,5,mg/L,,11/30/2020
PR0026042,001,00300,"Oxygen, dissolved [DO]",5.61,C1,MIN,Concentration1,mg/L,5.61,mg/L,5,mg/L,,12/31/2020
PR0026042,001,00300,"Oxygen, dissolved [DO]",5.11,C1,MIN,Concentration1,mg/L,5.11,mg/L,5,mg/L,,01/31/2021
PR0026042,001,00300,"Oxygen, dissolved [DO]",5.37,C1,MIN,Concentration1,mg/L,5.37,mg/L,5,mg/L,,02/28/2021
PR0026042,001,00300,"Oxygen, dissolved [DO]",6.3,C1,MIN,Concentration1,mg/L,6.3,mg/L,5,mg/L,,03/31/2021
PR0026042,001,00300,"Oxygen, dissolved [DO]",5.9,C1,MIN,Concentration1,mg/L,5.9,mg/L,5,mg/L,,04/30/2021
PR0026042,001,00300,"Oxygen, dissolved [DO]",5.39,C1,MIN,Concentration1,mg/L,5.39,mg/L,5,mg/L,,05/31/2021
PR0026042,001,00300,"Oxygen, dissolved [DO]",5.24,C1,MIN,Concentration1,mg/L,5.24,mg/L,5,mg/L,,06/30/2021
PR0026042,001,00300,"Oxygen, dissolved [DO]",5.51,C1,MIN,Concentration1,mg/L,5.51,mg/L,5,mg/L,,07/31/2021
PR0026042,001,00300,"Oxygen, dissolved [DO]",5.86,C1,MIN,Concentration1,mg/L,5.86,mg/L,5,mg/L,,08/31/2021
PR0026042,001,00300,"Oxygen, dissolved [DO]",5.16,C1,MIN,Concentration1,mg/L,5.16,mg/L,5,mg/L,,09/30/2021
PR0026042,001,00300,"Oxygen, dissolved [DO]",5.37,C1,MIN,Concentration1,mg/L,5.37,mg/L,5,mg/L,,10/31/2021
PR0026042,001,00300,"Oxygen, dissolved [DO]",5.11,C1,MIN,Concentration1,mg/L,5.11,mg/L,5,mg/L,,11/30/2021
PR0026042,001,00300,"Oxygen, dissolved [DO]",5.31,C1,MIN,Concentration1,mg/L,5.31,mg/L,5,mg/L,,12/31/2021
PR0026042,001,00300,"Oxygen, dissolved [DO]",5.6,C1,MIN,Concentration1,mg/L,5.6,mg/L,5,mg/L,,01/31/2022
PR0026042,001,00300,"Oxygen, dissolved [DO]",5.41,C1,MIN,Concentration1,mg/L,5.41,mg/L,5,mg/L,,02/28/2022
PR0026042,001,00300,"Oxygen, dissolved [DO]",5.49,C1,MIN,Concentration1,mg/L,5.49,mg/L,5,mg/L,,03/31/2022
PR0026042,001,00300,"Oxygen, dissolved [DO]",5.82,C1,MIN,Concentration1,mg/L,5.82,mg/L,5,mg/L,,04/30/2022
PR0026042,001,00300,"Oxygen, dissolved [DO]",5.12,C1,MIN,Concentration1,mg/L,5.12,mg/L,5,mg/L,,05/31/2022
PR0026042,001,00300,"Oxygen, dissolved [DO]",5.29,C1,MIN,Concentration1,mg/L,5.29,mg/L,5,mg/L,,06/30/2022
PR0026042,001,00300,"Oxygen, dissolved [DO]",5.33,C1,MIN,Concentration1,mg/L,5.33,mg/L,5,mg/L,,07/31/2022
PR0026042,001,00300,"Oxygen, dissolved [DO]",5.41,C1,MIN,Concentration1,mg/L,5.41,mg/L,5,mg/L,,08/31/2022
PR0026042,001,00300,"Oxygen, dissolved [DO]",6.05,C1,MIN,Concentration1,mg/L,6.05,mg/L,5,mg/L,,09/30/2022
PR0026042,001,00300,"Oxygen, dissolved [DO]",5.37,C1,MIN,Concentration1,mg/L,5.37,mg/L,5,mg/L,,10/31/2022
PR0026042,001,00300,"Oxygen, dissolved [DO]",5.36,C1,MIN,Concentration1,mg/L,5.36,mg/L,5,mg/L,,11/30/2022
PR0026042,001,00300,"Oxygen, dissolved [DO]",5.33,C1,MIN,Concentration1,mg/L,5.33,mg/L,5,mg/L,,12/31/2022
PR0026042,001,00300,"Oxygen, dissolved [DO]",5.17,C1,MIN,Concentration1,mg/L,5.17,mg/L,5,mg/L,,01/31/2023
PR0026042,001,00300,"Oxygen, dissolved [DO]",5.27,C1,MIN,Concentration1,mg/L,5.27,mg/L,5,mg/L,,02/28/2023
PR0026042,001,00300,"Oxygen, dissolved [DO]",5.41,C1,MIN,Concentration1,mg/L,5.41,mg/L,5,mg/L,,03/31/2023
PR0026042,001,00300,"Oxygen, dissolved [DO]",5.62,C1,MIN,Concentration1,mg/L,5.62,mg/L,5,mg/L,,04/30/2023
PR0026042,001,00300,"Oxygen, dissolved [DO]",5.1,C1,MIN,Concentration1,mg/L,5.1,mg/L,5,mg/L,,05/31/2023
PR0026042,001,00300,"Oxygen, dissolved [DO]",5.13,C1,MIN,Concentration1,mg/L,5.13,mg/L,5,mg/L,,06/30/2023
PR0026042,001,00300,"Oxygen, dissolved [DO]",5.3,C1,MIN,Concentration1,mg/L,5.3,mg/L,5,mg/L,,07/31/2023
PR0026042,001,00300,"Oxygen, dissolved [DO]",5.32,C1,MIN,Concentration1,mg/L,5.32,mg/L,5,mg/L,,08/31/2023
PR0026042,001,00300,"Oxygen, dissolved [DO]",5.36,C1,MIN,Concentration1,mg/L,5.36,mg/L,5,mg/L,,09/30/2023
PR0026042,001,00300,"Oxygen, dissolved [DO]",5.22,C1,MIN,Concentration1,mg/L,5.22,mg/L,5,mg/L,,10/31/2023
PR0026042,001,00300,"Oxygen, dissolved [DO]",5.3,C1,MIN,Concentration1,mg/L,5.3,mg/L,5,mg/L,,11/30/2023
PR0026042,001,00300,"Oxygen, dissolved [DO]",5.41,C1,MIN,Concentration1,mg/L,5.41,mg/L,5,mg/L,,12/31/2023
PR0026042,001,00300,"Oxygen, dissolved [DO]",5.26,C1,MIN,Concentration1,mg/L,5.26,mg/L,5,mg/L,,01/31/2024
PR0026042,001,00300,"Oxygen, dissolved [DO]",5.25,C1,MIN,Concentration1,mg/L,5.25,mg/L,5,mg/L,,02/29/2024
PR0026042,001,00300,"Oxygen, dissolved [DO]",5.38,C1,MIN,Concentration1,mg/L,5.38,mg/L,5,mg/L,,03/31/2024
PR0026042,001,00300,"Oxygen, dissolved [DO]",5.08,C1,MIN,Concentration1,mg/L,5.08,mg/L,5,mg/L,,04/30/2024
PR0026042,001,00300,"Oxygen, dissolved [DO]",5.1,C1,MIN,Concentration1,mg/L,5.1,mg/L,5,mg/L,,05/31/2024
PR0026042,001,00300,"Oxygen, dissolved [DO]",5.02,C1,MIN,Concentration1,mg/L,5.02,mg/L,5,mg/L,,06/30/2024
PR0026042,001,00300,"Oxygen, dissolved [DO]",5.17,C1,MIN,Concentration1,mg/L,5.17,mg/L,5,mg/L,,07/31/2024
PR0026042,001,00300,"Oxygen, dissolved [DO]",5.16,C1,MIN,Concentration1,mg/L,5.16,mg/L,5,mg/L,,08/31/2024
PR0026042,001,00300,"Oxygen, dissolved [DO]",5.03,C1,MIN,Concentration1,mg/L,5.03,mg/L,5,mg/L,,09/30/2024
PR0026042,001,00300,"Oxygen, dissolved [DO]",5.13,C1,MIN,Concentration1,mg/L,5.13,mg/L,5,mg/L,,10/31/2024
PR0026042,001,00300,"Oxygen, dissolved [DO]",5.2,C1,MIN,Concentration1,mg/L,5.2,mg/L,5,mg/L,,11/30/2024
PR0026042,001,00300,"Oxygen, dissolved [DO]",5.17,C1,MIN,Concentration1,mg/L,5.17,mg/L,5,mg/L,,12/31/2024
PR0026042,001,00300,"Oxygen, dissolved [DO]",5.12,C1,MIN,Concentration1,mg/L,5.12,mg/L,5,mg/L,,01/31/2025
PR0026042,001,00300,"Oxygen, dissolved [DO]",5.19,C1,MIN,Concentration1,mg/L,5.19,mg/L,5,mg/L,,02/28/2025
PR0026042,001,00300,"Oxygen, dissolved [DO]",5.18,C1,MIN,Concentration1,mg/L,5.18,mg/L,5,mg/L,,03/31/2025
PR0026042,001,00300,"Oxygen, dissolved [DO]",5.1,C1,MIN,Concentration1,mg/L,5.1,mg/L,5,mg/L,,04/30/2025
PR0026042,001,00300,"Oxygen, dissolved [DO]",5.01,C1,MIN,Concentration1,mg/L,5.01,mg/L,5,mg/L,,05/31/2025
PR0026042,001,00300,"Oxygen, dissolved [DO]",5.14,C1,MIN,Concentration1,mg/L,5.14,mg/L,5,mg/L,,06/30/2025
PR0026042,001,00300,"Oxygen, dissolved [DO]",5.17,C1,MIN,Concentration1,mg/L,5.17,mg/L,5,mg/L,,07/31/2025
PR0026042,001,00300,"Oxygen, dissolved [DO]",5.23,C1,MIN,Concentration1,mg/L,5.23,mg/L,5,mg/L,,08/31/2025
PR0026042,001,00300,"Oxygen, dissolved [DO]",5.14,C1,MIN,Concentration1,mg/L,5.14,mg/L,5,mg/L,,09/30/2025
PR0026042,001,00300,"Oxygen, dissolved [DO]",5.19,C1,MIN,Concentration1,mg/L,5.19,mg/L,5,mg/L,,10/31/2025
PR0026042,001,00300,"Oxygen, dissolved [DO]",5.19,C1,MIN,Concentration1,mg/L,5.19,mg/L,5,mg/L,,11/30/2025
PR0026042,001,00300,"Oxygen, dissolved [DO]",5.1,C1,MIN,Concentration1,mg/L,5.1,mg/L,5,mg/L,,12/31/2025
PR0026042,001,00300,"Oxygen, dissolved [DO]",5.32,C1,MIN,Concentration1,mg/L,5.32,mg/L,5,mg/L,,01/31/2026
PR0026042,001,00310,"BOD, 5-day, 20 deg. C",14,C3,MAX,Concentration3,mg/L,14,mg/L,15,mg/L,,01/31/2020
PR0026042,001,00310,"BOD, 5-day, 20 deg. C",14,C2,AVG,Concentration2,mg/L,14,mg/L,30,mg/L,,01/31/2020
PR0026042,001,00310,"BOD, 5-day, 20 deg. C",9,C2,AVG,Concentration2,mg/L,9,mg/L,30,mg/L,,02/29/2020
PR0026042,001,00310,"BOD, 5-day, 20 deg. C",9,C3,MAX,Concentration3,mg/L,9,mg/L,15,mg/L,,02/29/2020
PR0026042,001,00310,"BOD, 5-day, 20 deg. C",6,C3,MAX,Concentration3,mg/L,6,mg/L,15,mg/L,,03/31/2020
PR0026042,001,00310,"BOD, 5-day, 20 deg. C",6,C2,AVG,Concentration2,mg/L,6,mg/L,30,mg/L,,03/31/2020
PR0026042,001,00310,"BOD, 5-day, 20 deg. C",7,C2,AVG,Concentration2,mg/L,7,mg/L,30,mg/L,,04/30/2020
PR0026042,001,00310,"BOD, 5-day, 20 deg. C",7,C3,MAX,Concentration3,mg/L,7,mg/L,15,mg/L,,04/30/2020
PR0026042,001,00310,"BOD, 5-day, 20 deg. C",12,C3,MAX,Concentration3,mg/L,12,mg/L,15,mg/L,,05/31/2020
PR0026042,001,00310,"BOD, 5-day, 20 deg. C",12,C2,AVG,Concentration2,mg/L,12,mg/L,30,mg/L,,05/31/2020
PR0026042,001,00310,"BOD, 5-day, 20 deg. C",1.6,C3,MAX,Concentration3,mg/L,1.6,mg/L,15,mg/L,,06/30/2020
PR0026042,001,00310,"BOD, 5-day, 20 deg. C",1.6,C2,AVG,Concentration2,mg/L,1.6,mg/L,30,mg/L,,06/30/2020
PR0026042,001,00310,"BOD, 5-day, 20 deg. C",14,C3,MAX,Concentration3,mg/L,14,mg/L,15,mg/L,,07/31/2020
PR0026042,001,00310,"BOD, 5-day, 20 deg. C",14,C2,AVG,Concentration2,mg/L,14,mg/L,30,mg/L,,07/31/2020
PR0026042,001,00310,"BOD, 5-day, 20 deg. C",8,C2,AVG,Concentration2,mg/L,8,mg/L,30,mg/L,,08/31/2020
PR0026042,001,00310,"BOD, 5-day, 20 deg. C",8,C3,MAX,Concentration3,mg/L,8,mg/L,15,mg/L,,08/31/2020
PR0026042,001,00310,"BOD, 5-day, 20 deg. C",13,C3,MAX,Concentration3,mg/L,13,mg/L,15,mg/L,,09/30/2020
PR0026042,001,00310,"BOD, 5-day, 20 deg. C",19,C2,AVG,Concentration2,mg/L,19,mg/L,30,mg/L,,09/30/2020
PR0026042,001,00310,"BOD, 5-day, 20 deg. C",3,C2,AVG,Concentration2,mg/L,3,mg/L,30,mg/L,,10/31/2020
PR0026042,001,00310,"BOD, 5-day, 20 deg. C",3,C3,MAX,Concentration3,mg/L,3,mg/L,15,mg/L,,10/31/2020
PR0026042,001,00310,"BOD, 5-day, 20 deg. C",7,C3,MAX,Concentration3,mg/L,7,mg/L,15,mg/L,,11/30/2020
PR0026042,001,00310,"BOD, 5-day, 20 deg. C",7,C2,AVG,Concentration2,mg/L,7,mg/L,30,mg/L,,11/30/2020
PR0026042,001,00310,"BOD, 5-day, 20 deg. C",7,C2,AVG,Concentration2,mg/L,7,mg/L,30,mg/L,,12/31/2020
PR0026042,001,00310,"BOD, 5-day, 20 deg. C",7,C3,MAX,Concentration3,mg/L,7,mg/L,15,mg/L,,12/31/2020
PR0026042,001,00310,"BOD, 5-day, 20 deg. C",17,C2,AVG,Concentration2,mg/L,17,mg/L,30,mg/L,,01/31/2021
PR0026042,001,00310,"BOD, 5-day, 20 deg. C",13,C3,MAX,Concentration3,mg/L,13,mg/L,15,mg/L,,01/31/2021
PR0026042,001,00310,"BOD, 5-day, 20 deg. C",8,C2,AVG,Concentration2,mg/L,8,mg/L,30,mg/L,,02/28/2021
PR0026042,001,00310,"BOD, 5-day, 20 deg. C",8,C3,MAX,Concentration3,mg/L,8,mg/L,15,mg/L,,02/28/2021
PR0026042,001,00310,"BOD, 5-day, 20 deg. C",11,C2,AVG,Concentration2,mg/L,11,mg/L,30,mg/L,,03/31/2021
PR0026042,001,00310,"BOD, 5-day, 20 deg. C",11,C3,MAX,Concentration3,mg/L,11,mg/L,15,mg/L,,03/31/2021
PR0026042,001,00310,"BOD, 5-day, 20 deg. C",12,C2,AVG,Concentration2,mg/L,12,mg/L,30,mg/L,,04/30/2021
PR0026042,001,00310,"BOD, 5-day, 20 deg. C",12,C3,MAX,Concentration3,mg/L,12,mg/L,15,mg/L,,04/30/2021
PR0026042,001,00310,"BOD, 5-day, 20 deg. C",4,C2,AVG,Concentration2,mg/L,4,mg/L,30,mg/L,,05/31/2021
PR0026042,001,00310,"BOD, 5-day, 20 deg. C",4,C3,MAX,Concentration3,mg/L,4,mg/L,15,mg/L,,05/31/2021
PR0026042,001,00310,"BOD, 5-day, 20 deg. C",12,C2,AVG,Concentration2,mg/L,12,mg/L,30,mg/L,,06/30/2021
PR0026042,001,00310,"BOD, 5-day, 20 deg. C",12,C3,MAX,Concentration3,mg/L,12,mg/L,15,mg/L,,06/30/2021
PR0026042,001,00310,"BOD, 5-day, 20 deg. C",7,C3,MAX,Concentration3,mg/L,7,mg/L,15,mg/L,,07/31/2021
PR0026042,001,00310,"BOD, 5-day, 20 deg. C",7,C2,AVG,Concentration2,mg/L,7,mg/L,30,mg/L,,07/31/2021
PR0026042,001,00310,"BOD, 5-day, 20 deg. C",9,C2,AVG,Concentration2,mg/L,9,mg/L,30,mg/L,,08/31/2021
PR0026042,001,00310,"BOD, 5-day, 20 deg. C",9,C3,MAX,Concentration3,mg/L,9,mg/L,15,mg/L,,08/31/2021
PR0026042,001,00310,"BOD, 5-day, 20 deg. C",4,C3,MAX,Concentration3,mg/L,4,mg/L,15,mg/L,,09/30/2021
PR0026042,001,00310,"BOD, 5-day, 20 deg. C",4,C2,AVG,Concentration2,mg/L,4,mg/L,30,mg/L,,09/30/2021
PR0026042,001,00310,"BOD, 5-day, 20 deg. C",NA,C3,MAX,Concentration3,,,mg/L,15,mg/L,B,10/31/2021
PR0026042,001,00310,"BOD, 5-day, 20 deg. C",NA,C2,AVG,Concentration2,,,mg/L,30,mg/L,B,10/31/2021
PR0026042,001,00310,"BOD, 5-day, 20 deg. C",8,C3,MAX,Concentration3,mg/L,8,mg/L,15,mg/L,,11/30/2021
PR0026042,001,00310,"BOD, 5-day, 20 deg. C",27,C2,AVG,Concentration2,mg/L,27,mg/L,30,mg/L,,11/30/2021
PR0026042,001,00310,"BOD, 5-day, 20 deg. C",12,C3,MAX,Concentration3,mg/L,12,mg/L,15,mg/L,,12/31/2021
PR0026042,001,00310,"BOD, 5-day, 20 deg. C",12,C2,AVG,Concentration2,mg/L,12,mg/L,30,mg/L,,12/31/2021
PR0026042,001,00310,"BOD, 5-day, 20 deg. C",8,C2,AVG,Concentration2,mg/L,8,mg/L,30,mg/L,,01/31/2022
PR0026042,001,00310,"BOD, 5-day, 20 deg. C",8,C3,MAX,Concentration3,mg/L,8,mg/L,15,mg/L,,01/31/2022
PR0026042,001,00310,"BOD, 5-day, 20 deg. C",6,C3,MAX,Concentration3,mg/L,6,mg/L,15,mg/L,,02/28/2022
PR0026042,001,00310,"BOD, 5-day, 20 deg. C",6,C2,AVG,Concentration2,mg/L,6,mg/L,30,mg/L,,02/28/2022
PR0026042,001,00310,"BOD, 5-day, 20 deg. C",4,C3,MAX,Concentration3,mg/L,4,mg/L,15,mg/L,,03/31/2022
PR0026042,001,00310,"BOD, 5-day, 20 deg. C",4,C2,AVG,Concentration2,mg/L,4,mg/L,30,mg/L,,03/31/2022
PR0026042,001,00310,"BOD, 5-day, 20 deg. C",2,C2,AVG,Concentration2,mg/L,2,mg/L,30,mg/L,,04/30/2022
PR0026042,001,00310,"BOD, 5-day, 20 deg. C",2,C3,MAX,Concentration3,mg/L,2,mg/L,15,mg/L,,04/30/2022
PR0026042,001,00310,"BOD, 5-day, 20 deg. C",7,C3,MAX,Concentration3,mg/L,7,mg/L,15,mg/L,,05/31/2022
PR0026042,001,00310,"BOD, 5-day, 20 deg. C",7,C2,AVG,Concentration2,mg/L,7,mg/L,30,mg/L,,05/31/2022
PR0026042,001,00310,"BOD, 5-day, 20 deg. C",6,C3,MAX,Concentration3,mg/L,6,mg/L,15,mg/L,,06/30/2022
PR0026042,001,00310,"BOD, 5-day, 20 deg. C",6,C2,AVG,Concentration2,mg/L,6,mg/L,30,mg/L,,06/30/2022
PR0026042,001,00310,"BOD, 5-day, 20 deg. C",4,C2,AVG,Concentration2,mg/L,4,mg/L,30,mg/L,,07/31/2022
PR0026042,001,00310,"BOD, 5-day, 20 deg. C",4,C3,MAX,Concentration3,mg/L,4,mg/L,15,mg/L,,07/31/2022
PR0026042,001,00310,"BOD, 5-day, 20 deg. C",15.3,C2,AVG,Concentration2,mg/L,15.3,mg/L,30,mg/L,,08/31/2022
PR0026042,001,00310,"BOD, 5-day, 20 deg. C",14.6,C3,MAX,Concentration3,mg/L,14.6,mg/L,15,mg/L,,08/31/2022
PR0026042,001,00310,"BOD, 5-day, 20 deg. C",10,C3,MAX,Concentration3,mg/L,10,mg/L,15,mg/L,,09/30/2022
PR0026042,001,00310,"BOD, 5-day, 20 deg. C",10,C2,AVG,Concentration2,mg/L,10,mg/L,30,mg/L,,09/30/2022
PR0026042,001,00310,"BOD, 5-day, 20 deg. C",4,C3,MAX,Concentration3,mg/L,4,mg/L,15,mg/L,,10/31/2022
PR0026042,001,00310,"BOD, 5-day, 20 deg. C",4,C2,AVG,Concentration2,mg/L,4,mg/L,30,mg/L,,10/31/2022
PR0026042,001,00310,"BOD, 5-day, 20 deg. C",26,C2,AVG,Concentration2,mg/L,26,mg/L,30,mg/L,,11/30/2022
PR0026042,001,00310,"BOD, 5-day, 20 deg. C",20,C3,MAX,Concentration3,mg/L,20,mg/L,15,mg/L,,11/30/2022
PR0026042,001,00310,"BOD, 5-day, 20 deg. C",2,C3,MAX,Concentration3,mg/L,2,mg/L,15,mg/L,,12/31/2022
PR0026042,001,00310,"BOD, 5-day, 20 deg. C",2,C2,AVG,Concentration2,mg/L,2,mg/L,30,mg/L,,12/31/2022
PR0026042,001,00310,"BOD, 5-day, 20 deg. C",7,C2,AVG,Concentration2,mg/L,7,mg/L,30,mg/L,,01/31/2023
PR0026042,001,00310,"BOD, 5-day, 20 deg. C",7,C3,MAX,Concentration3,mg/L,7,mg/L,15,mg/L,,01/31/2023
PR0026042,001,00310,"BOD, 5-day, 20 deg. C",7,C3,MAX,Concentration3,mg/L,7,mg/L,15,mg/L,,02/28/2023
PR0026042,001,00310,"BOD, 5-day, 20 deg. C",7,C2,AVG,Concentration2,mg/L,7,mg/L,30,mg/L,,02/28/2023
PR0026042,001,00310,"BOD, 5-day, 20 deg. C",14,C3,MAX,Concentration3,mg/L,14,mg/L,15,mg/L,,03/31/2023
PR0026042,001,00310,"BOD, 5-day, 20 deg. C",14,C2,AVG,Concentration2,mg/L,14,mg/L,30,mg/L,,03/31/2023
PR0026042,001,00310,"BOD, 5-day, 20 deg. C",8,C3,MAX,Concentration3,mg/L,8,mg/L,15,mg/L,,04/30/2023
PR0026042,001,00310,"BOD, 5-day, 20 deg. C",8,C2,AVG,Concentration2,mg/L,8,mg/L,30,mg/L,,04/30/2023
PR0026042,001,00310,"BOD, 5-day, 20 deg. C",3,C3,MAX,Concentration3,mg/L,3,mg/L,15,mg/L,,05/31/2023
PR0026042,001,00310,"BOD, 5-day, 20 deg. C",3,C2,AVG,Concentration2,mg/L,3,mg/L,30,mg/L,,05/31/2023
PR0026042,001,00310,"BOD, 5-day, 20 deg. C",8,C2,AVG,Concentration2,mg/L,8,mg/L,30,mg/L,,06/30/2023
PR0026042,001,00310,"BOD, 5-day, 20 deg. C",8,C3,MAX,Concentration3,mg/L,8,mg/L,15,mg/L,,06/30/2023
PR0026042,001,00310,"BOD, 5-day, 20 deg. C",NA,C2,AVG,Concentration2,,,mg/L,30,mg/L,B,07/31/2023
PR0026042,001,00310,"BOD, 5-day, 20 deg. C",NA,C3,MAX,Concentration3,,,mg/L,15,mg/L,B,07/31/2023
PR0026042,001,00310,"BOD, 5-day, 20 deg. C",8,C2,AVG,Concentration2,mg/L,8,mg/L,30,mg/L,,08/31/2023
PR0026042,001,00310,"BOD, 5-day, 20 deg. C",8,C3,MAX,Concentration3,mg/L,8,mg/L,15,mg/L,,08/31/2023
PR0026042,001,00310,"BOD, 5-day, 20 deg. C",NA,C2,AVG,Concentration2,,,mg/L,30,mg/L,B,09/30/2023
PR0026042,001,00310,"BOD, 5-day, 20 deg. C",NA,C3,MAX,Concentration3,,,mg/L,15,mg/L,B,09/30/2023
PR0026042,001,00310,"BOD, 5-day, 20 deg. C",11,C2,AVG,Concentration2,mg/L,11,mg/L,30,mg/L,,10/31/2023
PR0026042,001,00310,"BOD, 5-day, 20 deg. C",11,C3,MAX,Concentration3,mg/L,11,mg/L,15,mg/L,,10/31/2023
PR0026042,001,00310,"BOD, 5-day, 20 deg. C",12,C2,AVG,Concentration2,mg/L,12,mg/L,30,mg/L,,11/30/2023
PR0026042,001,00310,"BOD, 5-day, 20 deg. C",12,C3,MAX,Concentration3,mg/L,12,mg/L,15,mg/L,,11/30/2023
PR0026042,001,00310,"BOD, 5-day, 20 deg. C",6,C3,MAX,Concentration3,mg/L,6,mg/L,15,mg/L,,12/31/2023
PR0026042,001,00310,"BOD, 5-day, 20 deg. C",6,C2,AVG,Concentration2,mg/L,6,mg/L,30,mg/L,,12/31/2023
PR0026042,001,00310,"BOD, 5-day, 20 deg. C",11,C3,MAX,Concentration3,mg/L,11,mg/L,15,mg/L,,01/31/2024
PR0026042,001,00310,"BOD, 5-day, 20 deg. C",11,C2,AVG,Concentration2,mg/L,11,mg/L,30,mg/L,,01/31/2024
PR0026042,001,00310,"BOD, 5-day, 20 deg. C",26,C2,AVG,Concentration2,mg/L,26,mg/L,30,mg/L,,02/29/2024
PR0026042,001,00310,"BOD, 5-day, 20 deg. C",9,C3,MAX,Concentration3,mg/L,9,mg/L,15,mg/L,,02/29/2024
PR0026042,001,00310,"BOD, 5-day, 20 deg. C",4,C3,MAX,Concentration3,mg/L,4,mg/L,15,mg/L,,03/31/2024
PR0026042,001,00310,"BOD, 5-day, 20 deg. C",4,C2,AVG,Concentration2,mg/L,4,mg/L,30,mg/L,,03/31/2024
PR0026042,001,00310,"BOD, 5-day, 20 deg. C",3,C2,AVG,Concentration2,mg/L,3,mg/L,30,mg/L,,04/30/2024
PR0026042,001,00310,"BOD, 5-day, 20 deg. C",3,C3,MAX,Concentration3,mg/L,3,mg/L,15,mg/L,,04/30/2024
PR0026042,001,00310,"BOD, 5-day, 20 deg. C",6,C2,AVG,Concentration2,mg/L,6,mg/L,30,mg/L,,05/31/2024
PR0026042,001,00310,"BOD, 5-day, 20 deg. C",6,C3,MAX,Concentration3,mg/L,6,mg/L,15,mg/L,,05/31/2024
PR0026042,001,00310,"BOD, 5-day, 20 deg. C",5,C3,MAX,Concentration3,mg/L,5,mg/L,15,mg/L,,06/30/2024
PR0026042,001,00310,"BOD, 5-day, 20 deg. C",5,C2,AVG,Concentration2,mg/L,5,mg/L,30,mg/L,,06/30/2024
PR0026042,001,00310,"BOD, 5-day, 20 deg. C",0,C2,AVG,Concentration2,mg/L,0,mg/L,30,mg/L,,07/31/2024
PR0026042,001,00310,"BOD, 5-day, 20 deg. C",9,C3,MAX,Concentration3,mg/L,9,mg/L,15,mg/L,,07/31/2024
PR0026042,001,00310,"BOD, 5-day, 20 deg. C",18,C3,MAX,Concentration3,mg/L,18,mg/L,15,mg/L,,08/31/2024
PR0026042,001,00310,"BOD, 5-day, 20 deg. C",18,C2,AVG,Concentration2,mg/L,18,mg/L,30,mg/L,,08/31/2024
PR0026042,001,00310,"BOD, 5-day, 20 deg. C",8,C3,MAX,Concentration3,mg/L,8,mg/L,15,mg/L,,09/30/2024
PR0026042,001,00310,"BOD, 5-day, 20 deg. C",8,C2,AVG,Concentration2,mg/L,8,mg/L,30,mg/L,,09/30/2024
PR0026042,001,00310,"BOD, 5-day, 20 deg. C",13,C3,MAX,Concentration3,mg/L,13,mg/L,15,mg/L,,10/31/2024
PR0026042,001,00310,"BOD, 5-day, 20 deg. C",13,C2,AVG,Concentration2,mg/L,13,mg/L,30,mg/L,,10/31/2024
PR0026042,001,00310,"BOD, 5-day, 20 deg. C",14,C3,MAX,Concentration3,mg/L,14,mg/L,15,mg/L,,11/30/2024
PR0026042,001,00310,"BOD, 5-day, 20 deg. C",16,C2,AVG,Concentration2,mg/L,16,mg/L,30,mg/L,,11/30/2024
PR0026042,001,00310,"BOD, 5-day, 20 deg. C",15,C2,AVG,Concentration2,mg/L,15,mg/L,30,mg/L,,12/31/2024
PR0026042,001,00310,"BOD, 5-day, 20 deg. C",15,C3,MAX,Concentration3,mg/L,15,mg/L,15,mg/L,,12/31/2024
PR0026042,001,00310,"BOD, 5-day, 20 deg. C",8,C3,MAX,Concentration3,mg/L,8,mg/L,15,mg/L,,01/31/2025
PR0026042,001,00310,"BOD, 5-day, 20 deg. C",8,C2,AVG,Concentration2,mg/L,8,mg/L,30,mg/L,,01/31/2025
PR0026042,001,00310,"BOD, 5-day, 20 deg. C",13,C3,MAX,Concentration3,mg/L,13,mg/L,15,mg/L,,02/28/2025
PR0026042,001,00310,"BOD, 5-day, 20 deg. C",13,C2,AVG,Concentration2,mg/L,13,mg/L,30,mg/L,,02/28/2025
PR0026042,001,00310,"BOD, 5-day, 20 deg. C",2,C2,AVG,Concentration2,mg/L,2,mg/L,30,mg/L,,03/31/2025
PR0026042,001,00310,"BOD, 5-day, 20 deg. C",3,C3,MAX,Concentration3,mg/L,3,mg/L,15,mg/L,,03/31/2025
PR0026042,001,00310,"BOD, 5-day, 20 deg. C",13,C3,MAX,Concentration3,mg/L,13,mg/L,15,mg/L,,04/30/2025
PR0026042,001,00310,"BOD, 5-day, 20 deg. C",13,C2,AVG,Concentration2,mg/L,13,mg/L,30,mg/L,,04/30/2025
PR0026042,001,00310,"BOD, 5-day, 20 deg. C",15,C2,AVG,Concentration2,mg/L,15,mg/L,30,mg/L,,05/31/2025
PR0026042,001,00310,"BOD, 5-day, 20 deg. C",15,C3,MAX,Concentration3,mg/L,15,mg/L,15,mg/L,,05/31/2025
PR0026042,001,00310,"BOD, 5-day, 20 deg. C",15,C2,AVG,Concentration2,mg/L,15,mg/L,30,mg/L,,06/30/2025
PR0026042,001,00310,"BOD, 5-day, 20 deg. C",15,C3,MAX,Concentration3,mg/L,15,mg/L,15,mg/L,,06/30/2025
PR0026042,001,00310,"BOD, 5-day, 20 deg. C",3,C3,MAX,Concentration3,mg/L,3,mg/L,15,mg/L,,07/31/2025
PR0026042,001,00310,"BOD, 5-day, 20 deg. C",3,C2,AVG,Concentration2,mg/L,3,mg/L,30,mg/L,,07/31/2025
PR0026042,001,00310,"BOD, 5-day, 20 deg. C",10,C2,AVG,Concentration2,mg/L,10,mg/L,30,mg/L,,08/31/2025
PR0026042,001,00310,"BOD, 5-day, 20 deg. C",10,C3,MAX,Concentration3,mg/L,10,mg/L,15,mg/L,,08/31/2025
PR0026042,001,00310,"BOD, 5-day, 20 deg. C",14,C3,MAX,Concentration3,mg/L,14,mg/L,15,mg/L,,09/30/2025
PR0026042,001,00310,"BOD, 5-day, 20 deg. C",14,C2,AVG,Concentration2,mg/L,14,mg/L,30,mg/L,,09/30/2025
PR0026042,001,00310,"BOD, 5-day, 20 deg. C",18,C3,MAX,Concentration3,mg/L,18,mg/L,15,mg/L,,10/31/2025
PR0026042,001,00310,"BOD, 5-day, 20 deg. C",18,C2,AVG,Concentration2,mg/L,18,mg/L,30,mg/L,,10/31/2025
PR0026042,001,00310,"BOD, 5-day, 20 deg. C",9,C2,AVG,Concentration2,mg/L,9,mg/L,30,mg/L,,11/30/2025
PR0026042,001,00310,"BOD, 5-day, 20 deg. C",9,C3,MAX,Concentration3,mg/L,9,mg/L,15,mg/L,,11/30/2025
PR0026042,001,00310,"BOD, 5-day, 20 deg. C",4,C2,AVG,Concentration2,mg/L,4,mg/L,30,mg/L,,12/31/2025
PR0026042,001,00310,"BOD, 5-day, 20 deg. C",4,C3,MAX,Concentration3,mg/L,4,mg/L,15,mg/L,,12/31/2025
PR0026042,001,00310,"BOD, 5-day, 20 deg. C",14,C2,AVG,Concentration2,mg/L,14,mg/L,30,mg/L,,01/31/2026
PR0026042,001,00310,"BOD, 5-day, 20 deg. C",14,C3,MAX,Concentration3,mg/L,14,mg/L,15,mg/L,,01/31/2026
PR0026042,001,00400,pH,7.8,C3,MAX,Concentration3,SU,7.8,SU,9,SU,,01/31/2020
PR0026042,001,00400,pH,7.8,C1,MIN,Concentration1,SU,7.8,SU,6,SU,,01/31/2020
PR0026042,001,00400,pH,7.32,C1,MIN,Concentration1,SU,7.32,SU,6,SU,,02/29/2020
PR0026042,001,00400,pH,7.32,C3,MAX,Concentration3,SU,7.32,SU,9,SU,,02/29/2020
PR0026042,001,00400,pH,7.19,C3,MAX,Concentration3,SU,7.19,SU,9,SU,,03/31/2020
PR0026042,001,00400,pH,7.19,C1,MIN,Concentration1,SU,7.19,SU,6,SU,,03/31/2020
PR0026042,001,00400,pH,7.38,C1,MIN,Concentration1,SU,7.38,SU,6,SU,,04/30/2020
PR0026042,001,00400,pH,7.38,C3,MAX,Concentration3,SU,7.38,SU,9,SU,,04/30/2020
PR0026042,001,00400,pH,7.34,C1,MIN,Concentration1,SU,7.34,SU,6,SU,,05/31/2020
PR0026042,001,00400,pH,7.34,C3,MAX,Concentration3,SU,7.34,SU,9,SU,,05/31/2020
PR0026042,001,00400,pH,7.55,C3,MAX,Concentration3,SU,7.55,SU,9,SU,,06/30/2020
PR0026042,001,00400,pH,7.55,C1,MIN,Concentration1,SU,7.55,SU,6,SU,,06/30/2020
PR0026042,001,00400,pH,7.16,C3,MAX,Concentration3,SU,7.16,SU,9,SU,,07/31/2020
PR0026042,001,00400,pH,7.16,C1,MIN,Concentration1,SU,7.16,SU,6,SU,,07/31/2020
PR0026042,001,00400,pH,7.05,C3,MAX,Concentration3,SU,7.05,SU,9,SU,,08/31/2020
PR0026042,001,00400,pH,7.05,C1,MIN,Concentration1,SU,7.05,SU,6,SU,,08/31/2020
PR0026042,001,00400,pH,7.12,C3,MAX,Concentration3,SU,7.12,SU,9,SU,,09/30/2020
PR0026042,001,00400,pH,7.12,C1,MIN,Concentration1,SU,7.12,SU,6,SU,,09/30/2020
PR0026042,001,00400,pH,6.96,C3,MAX,Concentration3,SU,6.96,SU,9,SU,,10/31/2020
PR0026042,001,00400,pH,6.96,C1,MIN,Concentration1,SU,6.96,SU,6,SU,,10/31/2020
PR0026042,001,00400,pH,7.06,C1,MIN,Concentration1,SU,7.06,SU,6,SU,,11/30/2020
PR0026042,001,00400,pH,7.06,C3,MAX,Concentration3,SU,7.06,SU,9,SU,,11/30/2020
PR0026042,001,00400,pH,7.22,C1,MIN,Concentration1,SU,7.22,SU,6,SU,,12/31/2020
PR0026042,001,00400,pH,7.22,C3,MAX,Concentration3,SU,7.22,SU,9,SU,,12/31/2020
PR0026042,001,00400,pH,7.07,C3,MAX,Concentration3,SU,7.07,SU,9,SU,,01/31/2021
PR0026042,001,00400,pH,7.07,C1,MIN,Concentration1,SU,7.07,SU,6,SU,,01/31/2021
PR0026042,001,00400,pH,6.91,C3,MAX,Concentration3,SU,6.91,SU,9,SU,,02/28/2021
PR0026042,001,00400,pH,6.91,C1,MIN,Concentration1,SU,6.91,SU,6,SU,,02/28/2021
PR0026042,001,00400,pH,6.9,C1,MIN,Concentration1,SU,6.9,SU,6,SU,,03/31/2021
PR0026042,001,00400,pH,6.9,C3,MAX,Concentration3,SU,6.9,SU,9,SU,,03/31/2021
PR0026042,001,00400,pH,6.9,C3,MAX,Concentration3,SU,6.9,SU,9,SU,,04/30/2021
PR0026042,001,00400,pH,6.9,C1,MIN,Concentration1,SU,6.9,SU,6,SU,,04/30/2021
PR0026042,001,00400,pH,7.03,C3,MAX,Concentration3,SU,7.03,SU,9,SU,,05/31/2021
PR0026042,001,00400,pH,7.03,C1,MIN,Concentration1,SU,7.03,SU,6,SU,,05/31/2021
PR0026042,001,00400,pH,7.19,C3,MAX,Concentration3,SU,7.19,SU,9,SU,,06/30/2021
PR0026042,001,00400,pH,7.19,C1,MIN,Concentration1,SU,7.19,SU,6,SU,,06/30/2021
PR0026042,001,00400,pH,7.16,C1,MIN,Concentration1,SU,7.16,SU,6,SU,,07/31/2021
PR0026042,001,00400,pH,7.16,C3,MAX,Concentration3,SU,7.16,SU,9,SU,,07/31/2021
PR0026042,001,00400,pH,6.75,C3,MAX,Concentration3,SU,6.75,SU,9,SU,,08/31/2021
PR0026042,001,00400,pH,6.75,C1,MIN,Concentration1,SU,6.75,SU,6,SU,,08/31/2021
PR0026042,001,00400,pH,6.92,C1,MIN,Concentration1,SU,6.92,SU,6,SU,,09/30/2021
PR0026042,001,00400,pH,6.92,C3,MAX,Concentration3,SU,6.92,SU,9,SU,,09/30/2021
PR0026042,001,00400,pH,7.06,C1,MIN,Concentration1,SU,7.06,SU,6,SU,,10/31/2021
PR0026042,001,00400,pH,7.06,C3,MAX,Concentration3,SU,7.06,SU,9,SU,,10/31/2021
PR0026042,001,00400,pH,7.35,C1,MIN,Concentration1,SU,7.35,SU,6,SU,,11/30/2021
PR0026042,001,00400,pH,7.35,C3,MAX,Concentration3,SU,7.35,SU,9,SU,,11/30/2021
PR0026042,001,00400,pH,7.22,C1,MIN,Concentration1,SU,7.22,SU,6,SU,,12/31/2021
PR0026042,001,00400,pH,7.22,C3,MAX,Concentration3,SU,7.22,SU,9,SU,,12/31/2021
PR0026042,001,00400,pH,7.21,C1,MIN,Concentration1,SU,7.21,SU,6,SU,,01/31/2022
PR0026042,001,00400,pH,7.21,C3,MAX,Concentration3,SU,7.21,SU,9,SU,,01/31/2022
PR0026042,001,00400,pH,7.13,C1,MIN,Concentration1,SU,7.13,SU,6,SU,,02/28/2022
PR0026042,001,00400,pH,7.13,C3,MAX,Concentration3,SU,7.13,SU,9,SU,,02/28/2022
PR0026042,001,00400,pH,7.21,C1,MIN,Concentration1,SU,7.21,SU,6,SU,,03/31/2022
PR0026042,001,00400,pH,7.21,C3,MAX,Concentration3,SU,7.21,SU,9,SU,,03/31/2022
PR0026042,001,00400,pH,7.15,C3,MAX,Concentration3,SU,7.15,SU,9,SU,,04/30/2022
PR0026042,001,00400,pH,7.15,C1,MIN,Concentration1,SU,7.15,SU,6,SU,,04/30/2022
PR0026042,001,00400,pH,7.11,C1,MIN,Concentration1,SU,7.11,SU,6,SU,,05/31/2022
PR0026042,001,00400,pH,7.11,C3,MAX,Concentration3,SU,7.11,SU,9,SU,,05/31/2022
PR0026042,001,00400,pH,7.17,C3,MAX,Concentration3,SU,7.17,SU,9,SU,,06/30/2022
PR0026042,001,00400,pH,7.17,C1,MIN,Concentration1,SU,7.17,SU,6,SU,,06/30/2022
PR0026042,001,00400,pH,7.03,C1,MIN,Concentration1,SU,7.03,SU,6,SU,,07/31/2022
PR0026042,001,00400,pH,7.03,C3,MAX,Concentration3,SU,7.03,SU,9,SU,,07/31/2022
PR0026042,001,00400,pH,7.16,C3,MAX,Concentration3,SU,7.16,SU,9,SU,,08/31/2022
PR0026042,001,00400,pH,7.16,C1,MIN,Concentration1,SU,7.16,SU,6,SU,,08/31/2022
PR0026042,001,00400,pH,7.21,C3,MAX,Concentration3,SU,7.21,SU,9,SU,,09/30/2022
PR0026042,001,00400,pH,7.21,C1,MIN,Concentration1,SU,7.21,SU,6,SU,,09/30/2022
PR0026042,001,00400,pH,7.31,C3,MAX,Concentration3,SU,7.31,SU,9,SU,,10/31/2022
PR0026042,001,00400,pH,7.31,C1,MIN,Concentration1,SU,7.31,SU,6,SU,,10/31/2022
PR0026042,001,00400,pH,7.14,C1,MIN,Concentration1,SU,7.14,SU,6,SU,,11/30/2022
PR0026042,001,00400,pH,7.14,C3,MAX,Concentration3,SU,7.14,SU,9,SU,,11/30/2022
PR0026042,001,00400,pH,7.17,C1,MIN,Concentration1,SU,7.17,SU,6,SU,,12/31/2022
PR0026042,001,00400,pH,7.17,C3,MAX,Concentration3,SU,7.17,SU,9,SU,,12/31/2022
PR0026042,001,00400,pH,7.06,C1,MIN,Concentration1,SU,7.06,SU,6,SU,,01/31/2023
PR0026042,001,00400,pH,7.06,C3,MAX,Concentration3,SU,7.06,SU,9,SU,,01/31/2023
PR0026042,001,00400,pH,7.16,C3,MAX,Concentration3,SU,7.16,SU,9,SU,,02/28/2023
PR0026042,001,00400,pH,7.16,C1,MIN,Concentration1,SU,7.16,SU,6,SU,,02/28/2023
PR0026042,001,00400,pH,7.2,C3,MAX,Concentration3,SU,7.2,SU,9,SU,,03/31/2023
PR0026042,001,00400,pH,7.2,C1,MIN,Concentration1,SU,7.2,SU,6,SU,,03/31/2023
PR0026042,001,00400,pH,7.26,C1,MIN,Concentration1,SU,7.26,SU,6,SU,,04/30/2023
PR0026042,001,00400,pH,7.26,C3,MAX,Concentration3,SU,7.26,SU,9,SU,,04/30/2023
PR0026042,001,00400,pH,6.98,C3,MAX,Concentration3,SU,6.98,SU,9,SU,,05/31/2023
PR0026042,001,00400,pH,6.98,C1,MIN,Concentration1,SU,6.98,SU,6,SU,,05/31/2023
PR0026042,001,00400,pH,7.21,C1,MIN,Concentration1,SU,7.21,SU,6,SU,,06/30/2023
PR0026042,001,00400,pH,7.21,C3,MAX,Concentration3,SU,7.21,SU,9,SU,,06/30/2023
PR0026042,001,00400,pH,7.26,C1,MIN,Concentration1,SU,7.26,SU,6,SU,,07/31/2023
PR0026042,001,00400,pH,7.26,C3,MAX,Concentration3,SU,7.26,SU,9,SU,,07/31/2023
PR0026042,001,00400,pH,7.29,C1,MIN,Concentration1,SU,7.29,SU,6,SU,,08/31/2023
PR0026042,001,00400,pH,7.29,C3,MAX,Concentration3,SU,7.29,SU,9,SU,,08/31/2023
PR0026042,001,00400,pH,7.31,C1,MIN,Concentration1,SU,7.31,SU,6,SU,,09/30/2023
PR0026042,001,00400,pH,7.31,C3,MAX,Concentration3,SU,7.31,SU,9,SU,,09/30/2023
PR0026042,001,00400,pH,7.15,C3,MAX,Concentration3,SU,7.15,SU,9,SU,,10/31/2023
PR0026042,001,00400,pH,7.15,C1,MIN,Concentration1,SU,7.15,SU,6,SU,,10/31/2023
PR0026042,001,00400,pH,7.13,C1,MIN,Concentration1,SU,7.13,SU,6,SU,,11/30/2023
PR0026042,001,00400,pH,7.13,C3,MAX,Concentration3,SU,7.13,SU,9,SU,,11/30/2023
PR0026042,001,00400,pH,7.55,C1,MIN,Concentration1,SU,7.55,SU,6,SU,,12/31/2023
PR0026042,001,00400,pH,7.55,C3,MAX,Concentration3,SU,7.55,SU,9,SU,,12/31/2023
PR0026042,001,00400,pH,7.41,C3,MAX,Concentration3,SU,7.41,SU,9,SU,,01/31/2024
PR0026042,001,00400,pH,7.41,C1,MIN,Concentration1,SU,7.41,SU,6,SU,,01/31/2024
PR0026042,001,00400,pH,7.33,C3,MAX,Concentration3,SU,7.33,SU,9,SU,,02/29/2024
PR0026042,001,00400,pH,7.33,C1,MIN,Concentration1,SU,7.33,SU,6,SU,,02/29/2024
PR0026042,001,00400,pH,7.29,C3,MAX,Concentration3,SU,7.29,SU,9,SU,,03/31/2024
PR0026042,001,00400,pH,7.29,C1,MIN,Concentration1,SU,7.29,SU,6,SU,,03/31/2024
PR0026042,001,00400,pH,7.33,C1,MIN,Concentration1,SU,7.33,SU,6,SU,,04/30/2024
PR0026042,001,00400,pH,7.33,C3,MAX,Concentration3,SU,7.33,SU,9,SU,,04/30/2024
PR0026042,001,00400,pH,7.29,C1,MIN,Concentration1,SU,7.29,SU,6,SU,,05/31/2024
PR0026042,001,00400,pH,7.29,C3,MAX,Concentration3,SU,7.29,SU,9,SU,,05/31/2024
PR0026042,001,00400,pH,7.35,C1,MIN,Concentration1,SU,7.35,SU,6,SU,,06/30/2024
PR0026042,001,00400,pH,7.35,C3,MAX,Concentration3,SU,7.35,SU,9,SU,,06/30/2024
PR0026042,001,00400,pH,7.23,C3,MAX,Concentration3,SU,7.23,SU,9,SU,,07/31/2024
PR0026042,001,00400,pH,7.23,C1,MIN,Concentration1,SU,7.23,SU,6,SU,,07/31/2024
PR0026042,001,00400,pH,7.24,C3,MAX,Concentration3,SU,7.24,SU,9,SU,,08/31/2024
PR0026042,001,00400,pH,7.24,C1,MIN,Concentration1,SU,7.24,SU,6,SU,,08/31/2024
PR0026042,001,00400,pH,7.16,C3,MAX,Concentration3,SU,7.16,SU,9,SU,,09/30/2024
PR0026042,001,00400,pH,7.16,C1,MIN,Concentration1,SU,7.16,SU,6,SU,,09/30/2024
PR0026042,001,00400,pH,7.14,C1,MIN,Concentration1,SU,7.14,SU,6,SU,,10/31/2024
PR0026042,001,00400,pH,7.14,C3,MAX,Concentration3,SU,7.14,SU,9,SU,,10/31/2024
PR0026042,001,00400,pH,7.03,C3,MAX,Concentration3,SU,7.03,SU,9,SU,,11/30/2024
PR0026042,001,00400,pH,7.03,C1,MIN,Concentration1,SU,7.03,SU,6,SU,,11/30/2024
PR0026042,001,00400,pH,7.21,C3,MAX,Concentration3,SU,7.21,SU,9,SU,,12/31/2024
PR0026042,001,00400,pH,7.21,C1,MIN,Concentration1,SU,7.21,SU,6,SU,,12/31/2024
PR0026042,001,00400,pH,6.89,C1,MIN,Concentration1,SU,6.89,SU,6,SU,,01/31/2025
PR0026042,001,00400,pH,6.89,C3,MAX,Concentration3,SU,6.89,SU,9,SU,,01/31/2025
PR0026042,001,00400,pH,6.93,C1,MIN,Concentration1,SU,6.93,SU,6,SU,,02/28/2025
PR0026042,001,00400,pH,6.93,C3,MAX,Concentration3,SU,6.93,SU,9,SU,,02/28/2025
PR0026042,001,00400,pH,6.91,C3,MAX,Concentration3,SU,6.91,SU,9,SU,,03/31/2025
PR0026042,001,00400,pH,6.91,C1,MIN,Concentration1,SU,6.91,SU,6,SU,,03/31/2025
PR0026042,001,00400,pH,7.03,C3,MAX,Concentration3,SU,7.03,SU,9,SU,,04/30/2025
PR0026042,001,00400,pH,7.03,C1,MIN,Concentration1,SU,7.03,SU,6,SU,,04/30/2025
PR0026042,001,00400,pH,7.11,C3,MAX,Concentration3,SU,7.11,SU,9,SU,,05/31/2025
PR0026042,001,00400,pH,7.11,C1,MIN,Concentration1,SU,7.11,SU,6,SU,,05/31/2025
PR0026042,001,00400,pH,7.58,C3,MAX,Concentration3,SU,7.58,SU,9,SU,,06/30/2025
PR0026042,001,00400,pH,7.58,C1,MIN,Concentration1,SU,7.58,SU,6,SU,,06/30/2025
PR0026042,001,00400,pH,7.29,C3,MAX,Concentration3,SU,7.29,SU,9,SU,,07/31/2025
PR0026042,001,00400,pH,7.29,C1,MIN,Concentration1,SU,7.29,SU,6,SU,,07/31/2025
PR0026042,001,00400,pH,7.25,C3,MAX,Concentration3,SU,7.25,SU,9,SU,,08/31/2025
PR0026042,001,00400,pH,7.25,C1,MIN,Concentration1,SU,7.25,SU,6,SU,,08/31/2025
PR0026042,001,00400,pH,6.99,C1,MIN,Concentration1,SU,6.99,SU,6,SU,,09/30/2025
PR0026042,001,00400,pH,6.99,C3,MAX,Concentration3,SU,6.99,SU,9,SU,,09/30/2025
PR0026042,001,00400,pH,6.65,C3,MAX,Concentration3,SU,6.65,SU,9,SU,,10/31/2025
PR0026042,001,00400,pH,6.65,C1,MIN,Concentration1,SU,6.65,SU,6,SU,,10/31/2025
PR0026042,001,00400,pH,7.23,C1,MIN,Concentration1,SU,7.23,SU,6,SU,,11/30/2025
PR0026042,001,00400,pH,7.23,C3,MAX,Concentration3,SU,7.23,SU,9,SU,,11/30/2025
PR0026042,001,00400,pH,6.96,C1,MIN,Concentration1,SU,6.96,SU,6,SU,,12/31/2025
PR0026042,001,00400,pH,6.96,C3,MAX,Concentration3,SU,6.96,SU,9,SU,,12/31/2025
PR0026042,001,00400,pH,7,C3,MAX,Concentration3,SU,7,SU,9,SU,,01/31/2026
PR0026042,001,00400,pH,7,C1,MIN,Concentration1,SU,7,SU,6,SU,,01/31/2026
PR0026042,001,00530,"Solids, total suspended",12.1,C3,MAX,Concentration3,mg/L,12.1,mg/L,45,mg/L,,01/31/2020
PR0026042,001,00530,"Solids, total suspended",12.1,C2,AVG,Concentration2,mg/L,12.1,mg/L,30,mg/L,,01/31/2020
PR0026042,001,00530,"Solids, total suspended",NA,C3,MAX,Concentration3,,,mg/L,45,mg/L,B,02/29/2020
PR0026042,001,00530,"Solids, total suspended",NA,C2,AVG,Concentration2,,,mg/L,30,mg/L,B,02/29/2020
PR0026042,001,00530,"Solids, total suspended",NA,C3,MAX,Concentration3,,,mg/L,45,mg/L,B,03/31/2020
PR0026042,001,00530,"Solids, total suspended",NA,C2,AVG,Concentration2,,,mg/L,30,mg/L,B,03/31/2020
PR0026042,001,00530,"Solids, total suspended",6.3,C3,MAX,Concentration3,mg/L,6.3,mg/L,45,mg/L,,04/30/2020
PR0026042,001,00530,"Solids, total suspended",6.3,C2,AVG,Concentration2,mg/L,6.3,mg/L,30,mg/L,,04/30/2020
PR0026042,001,00530,"Solids, total suspended",15,C2,AVG,Concentration2,mg/L,15,mg/L,30,mg/L,,05/31/2020
PR0026042,001,00530,"Solids, total suspended",15,C3,MAX,Concentration3,mg/L,15,mg/L,45,mg/L,,05/31/2020
PR0026042,001,00530,"Solids, total suspended",8,C3,MAX,Concentration3,mg/L,8,mg/L,45,mg/L,,06/30/2020
PR0026042,001,00530,"Solids, total suspended",8,C2,AVG,Concentration2,mg/L,8,mg/L,30,mg/L,,06/30/2020
PR0026042,001,00530,"Solids, total suspended",7,C2,AVG,Concentration2,mg/L,7,mg/L,30,mg/L,,07/31/2020
PR0026042,001,00530,"Solids, total suspended",7,C3,MAX,Concentration3,mg/L,7,mg/L,45,mg/L,,07/31/2020
PR0026042,001,00530,"Solids, total suspended",7.5,C3,MAX,Concentration3,mg/L,7.5,mg/L,45,mg/L,,08/31/2020
PR0026042,001,00530,"Solids, total suspended",7.5,C2,AVG,Concentration2,mg/L,7.5,mg/L,30,mg/L,,08/31/2020
PR0026042,001,00530,"Solids, total suspended",13,C2,AVG,Concentration2,mg/L,13,mg/L,30,mg/L,,09/30/2020
PR0026042,001,00530,"Solids, total suspended",13,C3,MAX,Concentration3,mg/L,13,mg/L,45,mg/L,,09/30/2020
PR0026042,001,00530,"Solids, total suspended",8.7,C2,AVG,Concentration2,mg/L,8.7,mg/L,30,mg/L,,10/31/2020
PR0026042,001,00530,"Solids, total suspended",8.7,C3,MAX,Concentration3,mg/L,8.7,mg/L,45,mg/L,,10/31/2020
PR0026042,001,00530,"Solids, total suspended",13.7,C2,AVG,Concentration2,mg/L,13.7,mg/L,30,mg/L,,11/30/2020
PR0026042,001,00530,"Solids, total suspended",13.7,C3,MAX,Concentration3,mg/L,13.7,mg/L,45,mg/L,,11/30/2020
PR0026042,001,00530,"Solids, total suspended",8.3,C3,MAX,Concentration3,mg/L,8.3,mg/L,45,mg/L,,12/31/2020
PR0026042,001,00530,"Solids, total suspended",8.3,C2,AVG,Concentration2,mg/L,8.3,mg/L,30,mg/L,,12/31/2020
PR0026042,001,00530,"Solids, total suspended",26,C3,MAX,Concentration3,mg/L,26,mg/L,45,mg/L,,01/31/2021
PR0026042,001,00530,"Solids, total suspended",26,C2,AVG,Concentration2,mg/L,26,mg/L,30,mg/L,,01/31/2021
PR0026042,001,00530,"Solids, total suspended",NA,C3,MAX,Concentration3,,,mg/L,45,mg/L,B,02/28/2021
PR0026042,001,00530,"Solids, total suspended",NA,C2,AVG,Concentration2,,,mg/L,30,mg/L,B,02/28/2021
PR0026042,001,00530,"Solids, total suspended",NA,C3,MAX,Concentration3,,,mg/L,45,mg/L,B,03/31/2021
PR0026042,001,00530,"Solids, total suspended",NA,C2,AVG,Concentration2,,,mg/L,30,mg/L,B,03/31/2021
PR0026042,001,00530,"Solids, total suspended",7,C3,MAX,Concentration3,mg/L,7,mg/L,45,mg/L,,04/30/2021
PR0026042,001,00530,"Solids, total suspended",7,C2,AVG,Concentration2,mg/L,7,mg/L,30,mg/L,,04/30/2021
PR0026042,001,00530,"Solids, total suspended",5.7,C2,AVG,Concentration2,mg/L,5.7,mg/L,30,mg/L,,05/31/2021
PR0026042,001,00530,"Solids, total suspended",5.7,C3,MAX,Concentration3,mg/L,5.7,mg/L,45,mg/L,,05/31/2021
PR0026042,001,00530,"Solids, total suspended",NA,C2,AVG,Concentration2,,,mg/L,30,mg/L,B,06/30/2021
PR0026042,001,00530,"Solids, total suspended",NA,C3,MAX,Concentration3,,,mg/L,45,mg/L,B,06/30/2021
PR0026042,001,00530,"Solids, total suspended",9,C3,MAX,Concentration3,mg/L,9,mg/L,45,mg/L,,07/31/2021
PR0026042,001,00530,"Solids, total suspended",9,C2,AVG,Concentration2,mg/L,9,mg/L,30,mg/L,,07/31/2021
PR0026042,001,00530,"Solids, total suspended",NA,C2,AVG,Concentration2,,,mg/L,30,mg/L,B,08/31/2021
PR0026042,001,00530,"Solids, total suspended",NA,C3,MAX,Concentration3,,,mg/L,45,mg/L,B,08/31/2021
PR0026042,001,00530,"Solids, total suspended",NA,C3,MAX,Concentration3,,,mg/L,45,mg/L,B,09/30/2021
PR0026042,001,00530,"Solids, total suspended",NA,C2,AVG,Concentration2,,,mg/L,30,mg/L,B,09/30/2021
PR0026042,001,00530,"Solids, total suspended",11.3,C3,MAX,Concentration3,mg/L,11.3,mg/L,45,mg/L,,10/31/2021
PR0026042,001,00530,"Solids, total suspended",11.3,C2,AVG,Concentration2,mg/L,11.3,mg/L,30,mg/L,,10/31/2021
PR0026042,001,00530,"Solids, total suspended",6,C2,AVG,Concentration2,mg/L,6,mg/L,30,mg/L,,11/30/2021
PR0026042,001,00530,"Solids, total suspended",16.7,C3,MAX,Concentration3,mg/L,16.7,mg/L,45,mg/L,,11/30/2021
PR0026042,001,00530,"Solids, total suspended",36.3,C2,AVG,Concentration2,mg/L,36.3,mg/L,30,mg/L,,12/31/2021
PR0026042,001,00530,"Solids, total suspended",36.3,C3,MAX,Concentration3,mg/L,36.3,mg/L,45,mg/L,,12/31/2021
PR0026042,001,00530,"Solids, total suspended",9,C3,MAX,Concentration3,mg/L,9,mg/L,45,mg/L,,01/31/2022
PR0026042,001,00530,"Solids, total suspended",9,C2,AVG,Concentration2,mg/L,9,mg/L,30,mg/L,,01/31/2022
PR0026042,001,00530,"Solids, total suspended",5.3,C2,AVG,Concentration2,mg/L,5.3,mg/L,30,mg/L,,02/28/2022
PR0026042,001,00530,"Solids, total suspended",5.3,C3,MAX,Concentration3,mg/L,5.3,mg/L,45,mg/L,,02/28/2022
PR0026042,001,00530,"Solids, total suspended",19.7,C3,MAX,Concentration3,mg/L,19.7,mg/L,45,mg/L,,03/31/2022
PR0026042,001,00530,"Solids, total suspended",19.7,C2,AVG,Concentration2,mg/L,19.7,mg/L,30,mg/L,,03/31/2022
PR0026042,001,00530,"Solids, total suspended",24.3,C2,AVG,Concentration2,mg/L,24.3,mg/L,30,mg/L,,04/30/2022
PR0026042,001,00530,"Solids, total suspended",24.3,C3,MAX,Concentration3,mg/L,24.3,mg/L,45,mg/L,,04/30/2022
PR0026042,001,00530,"Solids, total suspended",7.4,C3,MAX,Concentration3,mg/L,7.4,mg/L,45,mg/L,,05/31/2022
PR0026042,001,00530,"Solids, total suspended",7.4,C2,AVG,Concentration2,mg/L,7.4,mg/L,30,mg/L,,05/31/2022
PR0026042,001,00530,"Solids, total suspended",8,C3,MAX,Concentration3,mg/L,8,mg/L,45,mg/L,,06/30/2022
PR0026042,001,00530,"Solids, total suspended",8,C2,AVG,Concentration2,mg/L,8,mg/L,30,mg/L,,06/30/2022
PR0026042,001,00530,"Solids, total suspended",6.7,C3,MAX,Concentration3,mg/L,6.7,mg/L,45,mg/L,,07/31/2022
PR0026042,001,00530,"Solids, total suspended",6.7,C2,AVG,Concentration2,mg/L,6.7,mg/L,30,mg/L,,07/31/2022
PR0026042,001,00530,"Solids, total suspended",5.85,C2,AVG,Concentration2,mg/L,5.85,mg/L,30,mg/L,,08/31/2022
PR0026042,001,00530,"Solids, total suspended",6.7,C3,MAX,Concentration3,mg/L,6.7,mg/L,45,mg/L,,08/31/2022
PR0026042,001,00530,"Solids, total suspended",8.7,C2,AVG,Concentration2,mg/L,8.7,mg/L,30,mg/L,,09/30/2022
PR0026042,001,00530,"Solids, total suspended",8.7,C3,MAX,Concentration3,mg/L,8.7,mg/L,45,mg/L,,09/30/2022
PR0026042,001,00530,"Solids, total suspended",5.7,C2,AVG,Concentration2,mg/L,5.7,mg/L,30,mg/L,,10/31/2022
PR0026042,001,00530,"Solids, total suspended",5.7,C3,MAX,Concentration3,mg/L,5.7,mg/L,45,mg/L,,10/31/2022
PR0026042,001,00530,"Solids, total suspended",7.7,C3,MAX,Concentration3,mg/L,7.7,mg/L,45,mg/L,,11/30/2022
PR0026042,001,00530,"Solids, total suspended",7.7,C2,AVG,Concentration2,mg/L,7.7,mg/L,30,mg/L,,11/30/2022
PR0026042,001,00530,"Solids, total suspended",NA,C3,MAX,Concentration3,,,mg/L,45,mg/L,B,12/31/2022
PR0026042,001,00530,"Solids, total suspended",NA,C2,AVG,Concentration2,,,mg/L,30,mg/L,B,12/31/2022
PR0026042,001,00530,"Solids, total suspended",8.3,C2,AVG,Concentration2,mg/L,8.3,mg/L,30,mg/L,,01/31/2023
PR0026042,001,00530,"Solids, total suspended",8.3,C3,MAX,Concentration3,mg/L,8.3,mg/L,45,mg/L,,01/31/2023
PR0026042,001,00530,"Solids, total suspended",10,C3,MAX,Concentration3,mg/L,10,mg/L,45,mg/L,,02/28/2023
PR0026042,001,00530,"Solids, total suspended",10,C2,AVG,Concentration2,mg/L,10,mg/L,30,mg/L,,02/28/2023
PR0026042,001,00530,"Solids, total suspended",5,C2,AVG,Concentration2,mg/L,5,mg/L,30,mg/L,,03/31/2023
PR0026042,001,00530,"Solids, total suspended",5,C3,MAX,Concentration3,mg/L,5,mg/L,45,mg/L,,03/31/2023
PR0026042,001,00530,"Solids, total suspended",5.3,C2,AVG,Concentration2,mg/L,5.3,mg/L,30,mg/L,,04/30/2023
PR0026042,001,00530,"Solids, total suspended",5.3,C3,MAX,Concentration3,mg/L,5.3,mg/L,45,mg/L,,04/30/2023
PR0026042,001,00530,"Solids, total suspended",NA,C3,MAX,Concentration3,,,mg/L,45,mg/L,B,05/31/2023
PR0026042,001,00530,"Solids, total suspended",NA,C2,AVG,Concentration2,,,mg/L,30,mg/L,B,05/31/2023
PR0026042,001,00530,"Solids, total suspended",NA,C2,AVG,Concentration2,,,mg/L,30,mg/L,B,06/30/2023
PR0026042,001,00530,"Solids, total suspended",NA,C3,MAX,Concentration3,,,mg/L,45,mg/L,B,06/30/2023
PR0026042,001,00530,"Solids, total suspended",NA,C2,AVG,Concentration2,,,mg/L,30,mg/L,B,07/31/2023
PR0026042,001,00530,"Solids, total suspended",NA,C3,MAX,Concentration3,,,mg/L,45,mg/L,B,07/31/2023
PR0026042,001,00530,"Solids, total suspended",6.3,C2,AVG,Concentration2,mg/L,6.3,mg/L,30,mg/L,,08/31/2023
PR0026042,001,00530,"Solids, total suspended",6.3,C3,MAX,Concentration3,mg/L,6.3,mg/L,45,mg/L,,08/31/2023
PR0026042,001,00530,"Solids, total suspended",30,C2,AVG,Concentration2,mg/L,30,mg/L,30,mg/L,,09/30/2023
PR0026042,001,00530,"Solids, total suspended",30,C3,MAX,Concentration3,mg/L,30,mg/L,45,mg/L,,09/30/2023
PR0026042,001,00530,"Solids, total suspended",15,C2,AVG,Concentration2,mg/L,15,mg/L,30,mg/L,,10/31/2023
PR0026042,001,00530,"Solids, total suspended",15,C3,MAX,Concentration3,mg/L,15,mg/L,45,mg/L,,10/31/2023
PR0026042,001,00530,"Solids, total suspended",7,C3,MAX,Concentration3,mg/L,7,mg/L,45,mg/L,,11/30/2023
PR0026042,001,00530,"Solids, total suspended",7,C2,AVG,Concentration2,mg/L,7,mg/L,30,mg/L,,11/30/2023
PR0026042,001,00530,"Solids, total suspended",17.5,C2,AVG,Concentration2,mg/L,17.5,mg/L,30,mg/L,,12/31/2023
PR0026042,001,00530,"Solids, total suspended",17.5,C3,MAX,Concentration3,mg/L,17.5,mg/L,45,mg/L,,12/31/2023
PR0026042,001,00530,"Solids, total suspended",10.3,C3,MAX,Concentration3,mg/L,10.3,mg/L,45,mg/L,,01/31/2024
PR0026042,001,00530,"Solids, total suspended",10.3,C2,AVG,Concentration2,mg/L,10.3,mg/L,30,mg/L,,01/31/2024
PR0026042,001,00530,"Solids, total suspended",7.3,C3,MAX,Concentration3,mg/L,7.3,mg/L,45,mg/L,,02/29/2024
PR0026042,001,00530,"Solids, total suspended",7.3,C2,AVG,Concentration2,mg/L,7.3,mg/L,30,mg/L,,02/29/2024
PR0026042,001,00530,"Solids, total suspended",15.1,C2,AVG,Concentration2,mg/L,15.1,mg/L,30,mg/L,,03/31/2024
PR0026042,001,00530,"Solids, total suspended",15.1,C3,MAX,Concentration3,mg/L,15.1,mg/L,45,mg/L,,03/31/2024
PR0026042,001,00530,"Solids, total suspended",17.7,C2,AVG,Concentration2,mg/L,17.7,mg/L,30,mg/L,,04/30/2024
PR0026042,001,00530,"Solids, total suspended",17.7,C3,MAX,Concentration3,mg/L,17.7,mg/L,45,mg/L,,04/30/2024
PR0026042,001,00530,"Solids, total suspended",5,C3,MAX,Concentration3,mg/L,5,mg/L,45,mg/L,,05/31/2024
PR0026042,001,00530,"Solids, total suspended",5,C2,AVG,Concentration2,mg/L,5,mg/L,30,mg/L,,05/31/2024
PR0026042,001,00530,"Solids, total suspended",35,C3,MAX,Concentration3,mg/L,35,mg/L,45,mg/L,,06/30/2024
PR0026042,001,00530,"Solids, total suspended",35,C2,AVG,Concentration2,mg/L,35,mg/L,30,mg/L,,06/30/2024
PR0026042,001,00530,"Solids, total suspended",NA,C2,AVG,Concentration2,,,mg/L,30,mg/L,B,07/31/2024
PR0026042,001,00530,"Solids, total suspended",NA,C3,MAX,Concentration3,,,mg/L,45,mg/L,B,07/31/2024
PR0026042,001,00530,"Solids, total suspended",9.7,C3,MAX,Concentration3,mg/L,9.7,mg/L,45,mg/L,,08/31/2024
PR0026042,001,00530,"Solids, total suspended",9.7,C2,AVG,Concentration2,mg/L,9.7,mg/L,30,mg/L,,08/31/2024
PR0026042,001,00530,"Solids, total suspended",13,C3,MAX,Concentration3,mg/L,13,mg/L,45,mg/L,,09/30/2024
PR0026042,001,00530,"Solids, total suspended",13,C2,AVG,Concentration2,mg/L,13,mg/L,30,mg/L,,09/30/2024
PR0026042,001,00530,"Solids, total suspended",6.7,C2,AVG,Concentration2,mg/L,6.7,mg/L,30,mg/L,,10/31/2024
PR0026042,001,00530,"Solids, total suspended",6.7,C3,MAX,Concentration3,mg/L,6.7,mg/L,45,mg/L,,10/31/2024
PR0026042,001,00530,"Solids, total suspended",19.3,C3,MAX,Concentration3,mg/L,19.3,mg/L,45,mg/L,,11/30/2024
PR0026042,001,00530,"Solids, total suspended",19.3,C2,AVG,Concentration2,mg/L,19.3,mg/L,30,mg/L,,11/30/2024
PR0026042,001,00530,"Solids, total suspended",24.1,C2,AVG,Concentration2,mg/L,24.1,mg/L,30,mg/L,,12/31/2024
PR0026042,001,00530,"Solids, total suspended",24.1,C3,MAX,Concentration3,mg/L,24.1,mg/L,45,mg/L,,12/31/2024
PR0026042,001,00530,"Solids, total suspended",22,C2,AVG,Concentration2,mg/L,22,mg/L,30,mg/L,,01/31/2025
PR0026042,001,00530,"Solids, total suspended",22,C3,MAX,Concentration3,mg/L,22,mg/L,45,mg/L,,01/31/2025
PR0026042,001,00530,"Solids, total suspended",14.3,C3,MAX,Concentration3,mg/L,14.3,mg/L,45,mg/L,,02/28/2025
PR0026042,001,00530,"Solids, total suspended",14.3,C2,AVG,Concentration2,mg/L,14.3,mg/L,30,mg/L,,02/28/2025
PR0026042,001,00530,"Solids, total suspended",10.3,C3,MAX,Concentration3,mg/L,10.3,mg/L,45,mg/L,,03/31/2025
PR0026042,001,00530,"Solids, total suspended",10.3,C2,AVG,Concentration2,mg/L,10.3,mg/L,30,mg/L,,03/31/2025
PR0026042,001,00530,"Solids, total suspended",5,C3,MAX,Concentration3,mg/L,5,mg/L,45,mg/L,,04/30/2025
PR0026042,001,00530,"Solids, total suspended",5,C2,AVG,Concentration2,mg/L,5,mg/L,30,mg/L,,04/30/2025
PR0026042,001,00530,"Solids, total suspended",29.6,C2,AVG,Concentration2,mg/L,29.6,mg/L,30,mg/L,,05/31/2025
PR0026042,001,00530,"Solids, total suspended",29.6,C3,MAX,Concentration3,mg/L,29.6,mg/L,45,mg/L,,05/31/2025
PR0026042,001,00530,"Solids, total suspended",14,C3,MAX,Concentration3,mg/L,14,mg/L,45,mg/L,,06/30/2025
PR0026042,001,00530,"Solids, total suspended",14,C2,AVG,Concentration2,mg/L,14,mg/L,30,mg/L,,06/30/2025
PR0026042,001,00530,"Solids, total suspended",NA,C2,AVG,Concentration2,,,mg/L,30,mg/L,B,07/31/2025
PR0026042,001,00530,"Solids, total suspended",NA,C3,MAX,Concentration3,,,mg/L,45,mg/L,B,07/31/2025
PR0026042,001,00530,"Solids, total suspended",NA,C2,AVG,Concentration2,,,mg/L,30,mg/L,B,08/31/2025
PR0026042,001,00530,"Solids, total suspended",NA,C3,MAX,Concentration3,,,mg/L,45,mg/L,B,08/31/2025
PR0026042,001,00530,"Solids, total suspended",6.3,C3,MAX,Concentration3,mg/L,6.3,mg/L,45,mg/L,,09/30/2025
PR0026042,001,00530,"Solids, total suspended",6.3,C2,AVG,Concentration2,mg/L,6.3,mg/L,30,mg/L,,09/30/2025
PR0026042,001,00530,"Solids, total suspended",9.3,C2,AVG,Concentration2,mg/L,9.3,mg/L,30,mg/L,,10/31/2025
PR0026042,001,00530,"Solids, total suspended",9.3,C3,MAX,Concentration3,mg/L,9.3,mg/L,45,mg/L,,10/31/2025
PR0026042,001,00530,"Solids, total suspended",NA,C2,AVG,Concentration2,,,mg/L,30,mg/L,B,11/30/2025
PR0026042,001,00530,"Solids, total suspended",NA,C3,MAX,Concentration3,,,mg/L,45,mg/L,B,11/30/2025
PR0026042,001,00530,"Solids, total suspended",NA,C3,MAX,Concentration3,,,mg/L,45,mg/L,B,12/31/2025
PR0026042,001,00530,"Solids, total suspended",NA,C2,AVG,Concentration2,,,mg/L,30,mg/L,B,12/31/2025
PR0026042,001,00530,"Solids, total suspended",11,C3,MAX,Concentration3,mg/L,11,mg/L,45,mg/L,,01/31/2026
PR0026042,001,00530,"Solids, total suspended",11,C2,AVG,Concentration2,mg/L,11,mg/L,30,mg/L,,01/31/2026
PR0026042,001,00545,"Solids, settleable",NA,C3,MAX,Concentration3,,,mg/L,,mL/L,B,01/31/2020
PR0026042,001,00545,"Solids, settleable",NA,C3,MAX,Concentration3,,,mg/L,,mL/L,B,02/29/2020
PR0026042,001,00545,"Solids, settleable",NA,C3,MAX,Concentration3,,,mg/L,,mL/L,B,03/31/2020
PR0026042,001,00545,"Solids, settleable",NA,C3,MAX,Concentration3,,,mg/L,,mL/L,B,04/30/2020
PR0026042,001,00545,"Solids, settleable",NA,C3,MAX,Concentration3,,,mg/L,,mL/L,2,05/31/2020
PR0026042,001,00545,"Solids, settleable",NA,C3,MAX,Concentration3,,,mg/L,,mL/L,B,06/30/2020
PR0026042,001,00545,"Solids, settleable",NA,C3,MAX,Concentration3,,,mg/L,,mL/L,B,07/31/2020
PR0026042,001,00545,"Solids, settleable",NA,C3,MAX,Concentration3,,,mg/L,,mL/L,B,08/31/2020
PR0026042,001,00545,"Solids, settleable",NA,C3,MAX,Concentration3,,,mg/L,,mL/L,B,09/30/2020
PR0026042,001,00545,"Solids, settleable",NA,C3,MAX,Concentration3,,,mg/L,,mL/L,B,10/31/2020
PR0026042,001,00545,"Solids, settleable",NA,C3,MAX,Concentration3,,,mg/L,,mL/L,B,11/30/2020
PR0026042,001,00545,"Solids, settleable",NA,C3,MAX,Concentration3,,,mg/L,,mL/L,B,12/31/2020
PR0026042,001,00545,"Solids, settleable",NA,C3,MAX,Concentration3,,,mg/L,,mL/L,B,01/31/2021
PR0026042,001,00545,"Solids, settleable",NA,C3,MAX,Concentration3,,,mg/L,,mL/L,B,02/28/2021
PR0026042,001,00545,"Solids, settleable",NA,C3,MAX,Concentration3,,,mg/L,,mL/L,B,03/31/2021
PR0026042,001,00545,"Solids, settleable",1000,C3,MAX,Concentration3,mL/L,1.00000005,mg/L,,mL/L,,04/30/2021
PR0026042,001,00545,"Solids, settleable",NA,C3,MAX,Concentration3,,,mg/L,,mL/L,B,05/31/2021
PR0026042,001,00545,"Solids, settleable",NA,C3,MAX,Concentration3,,,mg/L,,mL/L,B,06/30/2021
PR0026042,001,00545,"Solids, settleable",NA,C3,MAX,Concentration3,,,mg/L,,mL/L,B,07/31/2021
PR0026042,001,00545,"Solids, settleable",NA,C3,MAX,Concentration3,,,mg/L,,mL/L,B,08/31/2021
PR0026042,001,00545,"Solids, settleable",NA,C3,MAX,Concentration3,,,mg/L,,mL/L,B,09/30/2021
PR0026042,001,00545,"Solids, settleable",NA,C3,MAX,Concentration3,,,mg/L,,mL/L,B,10/31/2021
PR0026042,001,00545,"Solids, settleable",NA,C3,MAX,Concentration3,,,mg/L,,mL/L,B,11/30/2021
PR0026042,001,00545,"Solids, settleable",NA,C3,MAX,Concentration3,,,mg/L,,mL/L,B,12/31/2021
PR0026042,001,00545,"Solids, settleable",NA,C3,MAX,Concentration3,,,mg/L,,mL/L,B,01/31/2022
PR0026042,001,00545,"Solids, settleable",NA,C3,MAX,Concentration3,,,mg/L,,mL/L,B,02/28/2022
PR0026042,001,00545,"Solids, settleable",1,C3,MAX,Concentration3,mL/L,.001,mg/L,,mL/L,,03/31/2022
PR0026042,001,00545,"Solids, settleable",NA,C3,MAX,Concentration3,,,mg/L,,mL/L,B,04/30/2022
PR0026042,001,00545,"Solids, settleable",NA,C3,MAX,Concentration3,,,mg/L,,mL/L,B,05/31/2022
PR0026042,001,00545,"Solids, settleable",NA,C3,MAX,Concentration3,,,mg/L,,mL/L,B,06/30/2022
PR0026042,001,00545,"Solids, settleable",NA,C3,MAX,Concentration3,,,mg/L,,mL/L,B,07/31/2022
PR0026042,001,00545,"Solids, settleable",NA,C3,MAX,Concentration3,,,mg/L,,mL/L,B,08/31/2022
PR0026042,001,00545,"Solids, settleable",NA,C3,MAX,Concentration3,,,mg/L,,mL/L,B,09/30/2022
PR0026042,001,00545,"Solids, settleable",NA,C3,MAX,Concentration3,,,mg/L,,mL/L,B,10/31/2022
PR0026042,001,00545,"Solids, settleable",NA,C3,MAX,Concentration3,,,mg/L,,mL/L,B,11/30/2022
PR0026042,001,00545,"Solids, settleable",NA,C3,MAX,Concentration3,,,mg/L,,mL/L,B,12/31/2022
PR0026042,001,00545,"Solids, settleable",NA,C3,MAX,Concentration3,,,mg/L,,mL/L,B,01/31/2023
PR0026042,001,00545,"Solids, settleable",NA,C3,MAX,Concentration3,,,mg/L,,mL/L,B,02/28/2023
PR0026042,001,00545,"Solids, settleable",NA,C3,MAX,Concentration3,,,mg/L,,mL/L,B,03/31/2023
PR0026042,001,00545,"Solids, settleable",NA,C3,MAX,Concentration3,,,mg/L,,mL/L,B,04/30/2023
PR0026042,001,00545,"Solids, settleable",NA,C3,MAX,Concentration3,,,mg/L,,mL/L,B,05/31/2023
PR0026042,001,00545,"Solids, settleable",NA,C3,MAX,Concentration3,,,mg/L,,mL/L,B,06/30/2023
PR0026042,001,00545,"Solids, settleable",NA,C3,MAX,Concentration3,,,mg/L,,mL/L,B,07/31/2023
PR0026042,001,00545,"Solids, settleable",NA,C3,MAX,Concentration3,,,mg/L,,mL/L,B,08/31/2023
PR0026042,001,00545,"Solids, settleable",NA,C3,MAX,Concentration3,,,mg/L,,mL/L,B,09/30/2023
PR0026042,001,00545,"Solids, settleable",NA,C3,MAX,Concentration3,,,mg/L,,mL/L,B,10/31/2023
PR0026042,001,00545,"Solids, settleable",NA,C3,MAX,Concentration3,,,mg/L,,mL/L,B,11/30/2023
PR0026042,001,00545,"Solids, settleable",NA,C3,MAX,Concentration3,,,mg/L,,mL/L,B,12/31/2023
PR0026042,001,00545,"Solids, settleable",NA,C3,MAX,Concentration3,,,mg/L,,mL/L,B,01/31/2024
PR0026042,001,00545,"Solids, settleable",NA,C3,MAX,Concentration3,,,mg/L,,mL/L,B,02/29/2024
PR0026042,001,00545,"Solids, settleable",NA,C3,MAX,Concentration3,,,mg/L,,mL/L,B,03/31/2024
PR0026042,001,00545,"Solids, settleable",NA,C3,MAX,Concentration3,,,mg/L,,mL/L,B,04/30/2024
PR0026042,001,00545,"Solids, settleable",NA,C3,MAX,Concentration3,,,mg/L,,mL/L,B,05/31/2024
PR0026042,001,00545,"Solids, settleable",NA,C3,MAX,Concentration3,,,mg/L,,mL/L,B,06/30/2024
PR0026042,001,00545,"Solids, settleable",NA,C3,MAX,Concentration3,,,mg/L,,mL/L,B,07/31/2024
PR0026042,001,00545,"Solids, settleable",NA,C3,MAX,Concentration3,,,mg/L,,mL/L,B,08/31/2024
PR0026042,001,00545,"Solids, settleable",NA,C3,MAX,Concentration3,,,mg/L,,mL/L,B,09/30/2024
PR0026042,001,00545,"Solids, settleable",NA,C3,MAX,Concentration3,,,mg/L,,mL/L,B,10/31/2024
PR0026042,001,00545,"Solids, settleable",NA,C3,MAX,Concentration3,,,mg/L,,mL/L,B,11/30/2024
PR0026042,001,00545,"Solids, settleable",NA,C3,MAX,Concentration3,,,mg/L,,mL/L,B,12/31/2024
PR0026042,001,00545,"Solids, settleable",NA,C3,MAX,Concentration3,,,mg/L,,mL/L,B,01/31/2025
PR0026042,001,00545,"Solids, settleable",NA,C3,MAX,Concentration3,,,mg/L,,mL/L,B,02/28/2025
PR0026042,001,00545,"Solids, settleable",NA,C3,MAX,Concentration3,,,mg/L,,mL/L,B,03/31/2025
PR0026042,001,00545,"Solids, settleable",NA,C3,MAX,Concentration3,,,mg/L,,mL/L,B,04/30/2025
PR0026042,001,00545,"Solids, settleable",NA,C3,MAX,Concentration3,,,mg/L,,mL/L,B,05/31/2025
PR0026042,001,00545,"Solids, settleable",NA,C3,MAX,Concentration3,,,mg/L,,mL/L,B,06/30/2025
PR0026042,001,00545,"Solids, settleable",NA,C3,MAX,Concentration3,,,mg/L,,mL/L,B,07/31/2025
PR0026042,001,00545,"Solids, settleable",NA,C3,MAX,Concentration3,,,mg/L,,mL/L,B,08/31/2025
PR0026042,001,00545,"Solids, settleable",NA,C3,MAX,Concentration3,,,mg/L,,mL/L,B,09/30/2025
PR0026042,001,00545,"Solids, settleable",NA,C3,MAX,Concentration3,,,mg/L,,mL/L,B,10/31/2025
PR0026042,001,00545,"Solids, settleable",NA,C3,MAX,Concentration3,,,mg/L,,mL/L,B,11/30/2025
PR0026042,001,00545,"Solids, settleable",NA,C3,MAX,Concentration3,,,mg/L,,mL/L,B,12/31/2025
PR0026042,001,00545,"Solids, settleable",NA,C3,MAX,Concentration3,,,mg/L,,mL/L,B,01/31/2026
PR0026042,001,00556,Oil & Grease,1.9,C3,MAX,Concentration3,mg/L,1.9,mg/L,,mg/L,,01/31/2020
PR0026042,001,00556,Oil & Grease,2.1,C3,MAX,Concentration3,mg/L,2.1,mg/L,,mg/L,,02/29/2020
PR0026042,001,00556,Oil & Grease,1.2,C3,MAX,Concentration3,mg/L,1.2,mg/L,,mg/L,,03/31/2020
PR0026042,001,00556,Oil & Grease,2.45,C3,MAX,Concentration3,mg/L,2.45,mg/L,,mg/L,,04/30/2020
PR0026042,001,00556,Oil & Grease,2.05,C3,MAX,Concentration3,mg/L,2.05,mg/L,,mg/L,,05/31/2020
PR0026042,001,00556,Oil & Grease,1.85,C3,MAX,Concentration3,mg/L,1.85,mg/L,,mg/L,,06/30/2020
PR0026042,001,00556,Oil & Grease,1.75,C3,MAX,Concentration3,mg/L,1.75,mg/L,,mg/L,,07/31/2020
PR0026042,001,00556,Oil & Grease,0.9,C3,MAX,Concentration3,mg/L,.9,mg/L,,mg/L,,08/31/2020
PR0026042,001,00556,Oil & Grease,2.55,C3,MAX,Concentration3,mg/L,2.55,mg/L,,mg/L,,09/30/2020
PR0026042,001,00556,Oil & Grease,1.15,C3,MAX,Concentration3,mg/L,1.15,mg/L,,mg/L,,10/31/2020
PR0026042,001,00556,Oil & Grease,2.05,C3,MAX,Concentration3,mg/L,2.05,mg/L,,mg/L,,11/30/2020
PR0026042,001,00556,Oil & Grease,1.65,C3,MAX,Concentration3,mg/L,1.65,mg/L,,mg/L,,12/31/2020
PR0026042,001,00556,Oil & Grease,2,C3,MAX,Concentration3,mg/L,2,mg/L,,mg/L,,01/31/2021
PR0026042,001,00556,Oil & Grease,1.65,C3,MAX,Concentration3,mg/L,1.65,mg/L,,mg/L,,02/28/2021
PR0026042,001,00556,Oil & Grease,1.7,C3,MAX,Concentration3,mg/L,1.7,mg/L,,mg/L,,03/31/2021
PR0026042,001,00556,Oil & Grease,1.9,C3,MAX,Concentration3,mg/L,1.9,mg/L,,mg/L,,04/30/2021
PR0026042,001,00556,Oil & Grease,1.4,C3,MAX,Concentration3,mg/L,1.4,mg/L,,mg/L,,05/31/2021
PR0026042,001,00556,Oil & Grease,1.65,C3,MAX,Concentration3,mg/L,1.65,mg/L,,mg/L,,06/30/2021
PR0026042,001,00556,Oil & Grease,1.75,C3,MAX,Concentration3,mg/L,1.75,mg/L,,mg/L,,07/31/2021
PR0026042,001,00556,Oil & Grease,2.25,C3,MAX,Concentration3,mg/L,2.25,mg/L,,mg/L,,08/31/2021
PR0026042,001,00556,Oil & Grease,1.4,C3,MAX,Concentration3,mg/L,1.4,mg/L,,mg/L,,09/30/2021
PR0026042,001,00556,Oil & Grease,1.5,C3,MAX,Concentration3,mg/L,1.5,mg/L,,mg/L,,10/31/2021
PR0026042,001,00556,Oil & Grease,1.7,C3,MAX,Concentration3,mg/L,1.7,mg/L,,mg/L,,11/30/2021
PR0026042,001,00556,Oil & Grease,5.5,C3,MAX,Concentration3,mg/L,5.5,mg/L,,mg/L,,12/31/2021
PR0026042,001,00556,Oil & Grease,1.65,C3,MAX,Concentration3,mg/L,1.65,mg/L,,mg/L,,01/31/2022
PR0026042,001,00556,Oil & Grease,1.95,C3,MAX,Concentration3,mg/L,1.95,mg/L,,mg/L,,02/28/2022
PR0026042,001,00556,Oil & Grease,1.4,C3,MAX,Concentration3,mg/L,1.4,mg/L,,mg/L,,03/31/2022
PR0026042,001,00556,Oil & Grease,2.15,C3,MAX,Concentration3,mg/L,2.15,mg/L,,mg/L,,04/30/2022
PR0026042,001,00556,Oil & Grease,2.2,C3,MAX,Concentration3,mg/L,2.2,mg/L,,mg/L,,05/31/2022
PR0026042,001,00556,Oil & Grease,1.5,C3,MAX,Concentration3,mg/L,1.5,mg/L,,mg/L,,06/30/2022
PR0026042,001,00556,Oil & Grease,1.8,C3,MAX,Concentration3,mg/L,1.8,mg/L,,mg/L,,07/31/2022
PR0026042,001,00556,Oil & Grease,1.75,C3,MAX,Concentration3,mg/L,1.75,mg/L,,mg/L,,08/31/2022
PR0026042,001,00556,Oil & Grease,2.3,C3,MAX,Concentration3,mg/L,2.3,mg/L,,mg/L,,09/30/2022
PR0026042,001,00556,Oil & Grease,1.65,C3,MAX,Concentration3,mg/L,1.65,mg/L,,mg/L,,10/31/2022
PR0026042,001,00556,Oil & Grease,0.8,C3,MAX,Concentration3,mg/L,.8,mg/L,,mg/L,,11/30/2022
PR0026042,001,00556,Oil & Grease,5.95,C3,MAX,Concentration3,mg/L,5.95,mg/L,,mg/L,,12/31/2022
PR0026042,001,00556,Oil & Grease,0.7,C3,MAX,Concentration3,mg/L,.7,mg/L,,mg/L,,01/31/2023
PR0026042,001,00556,Oil & Grease,1.5,C3,MAX,Concentration3,mg/L,1.5,mg/L,,mg/L,,02/28/2023
PR0026042,001,00556,Oil & Grease,1.6,C3,MAX,Concentration3,mg/L,1.6,mg/L,,mg/L,,03/31/2023
PR0026042,001,00556,Oil & Grease,2.05,C3,MAX,Concentration3,mg/L,2.05,mg/L,,mg/L,,04/30/2023
PR0026042,001,00556,Oil & Grease,1.8,C3,MAX,Concentration3,mg/L,1.8,mg/L,,mg/L,,05/31/2023
PR0026042,001,00556,Oil & Grease,2.1,C3,MAX,Concentration3,mg/L,2.1,mg/L,,mg/L,,06/30/2023
PR0026042,001,00556,Oil & Grease,2.9,C3,MAX,Concentration3,mg/L,2.9,mg/L,,mg/L,,07/31/2023
PR0026042,001,00556,Oil & Grease,2.75,C3,MAX,Concentration3,mg/L,2.75,mg/L,,mg/L,,08/31/2023
PR0026042,001,00556,Oil & Grease,0.9,C3,MAX,Concentration3,mg/L,.9,mg/L,,mg/L,,09/30/2023
PR0026042,001,00556,Oil & Grease,2,C3,MAX,Concentration3,mg/L,2,mg/L,,mg/L,,10/31/2023
PR0026042,001,00556,Oil & Grease,1.85,C3,MAX,Concentration3,mg/L,1.85,mg/L,,mg/L,,11/30/2023
PR0026042,001,00556,Oil & Grease,3.5,C3,MAX,Concentration3,mg/L,3.5,mg/L,,mg/L,,12/31/2023
PR0026042,001,00556,Oil & Grease,2.95,C3,MAX,Concentration3,mg/L,2.95,mg/L,,mg/L,,01/31/2024
PR0026042,001,00556,Oil & Grease,3.3,C3,MAX,Concentration3,mg/L,3.3,mg/L,,mg/L,,02/29/2024
PR0026042,001,00556,Oil & Grease,2.55,C3,MAX,Concentration3,mg/L,2.55,mg/L,,mg/L,,03/31/2024
PR0026042,001,00556,Oil & Grease,1.8,C3,MAX,Concentration3,mg/L,1.8,mg/L,,mg/L,,04/30/2024
PR0026042,001,00556,Oil & Grease,1.8,C3,MAX,Concentration3,mg/L,1.8,mg/L,,mg/L,,05/31/2024
PR0026042,001,00556,Oil & Grease,2.15,C3,MAX,Concentration3,mg/L,2.15,mg/L,,mg/L,,06/30/2024
PR0026042,001,00556,Oil & Grease,1.75,C3,MAX,Concentration3,mg/L,1.75,mg/L,,mg/L,,07/31/2024
PR0026042,001,00556,Oil & Grease,2.15,C3,MAX,Concentration3,mg/L,2.15,mg/L,,mg/L,,08/31/2024
PR0026042,001,00556,Oil & Grease,1.75,C3,MAX,Concentration3,mg/L,1.75,mg/L,,mg/L,,09/30/2024
PR0026042,001,00556,Oil & Grease,1.55,C3,MAX,Concentration3,mg/L,1.55,mg/L,,mg/L,,10/31/2024
PR0026042,001,00556,Oil & Grease,2.05,C3,MAX,Concentration3,mg/L,2.05,mg/L,,mg/L,,11/30/2024
PR0026042,001,00556,Oil & Grease,5.9,C3,MAX,Concentration3,mg/L,5.9,mg/L,,mg/L,,12/31/2024
PR0026042,001,00556,Oil & Grease,6.05,C3,MAX,Concentration3,mg/L,6.05,mg/L,,mg/L,,01/31/2025
PR0026042,001,00556,Oil & Grease,4.05,C3,MAX,Concentration3,mg/L,4.05,mg/L,,mg/L,,02/28/2025
PR0026042,001,00556,Oil & Grease,5.05,C3,MAX,Concentration3,mg/L,5.05,mg/L,,mg/L,,03/31/2025
PR0026042,001,00556,Oil & Grease,5.7,C3,MAX,Concentration3,mg/L,5.7,mg/L,,mg/L,,04/30/2025
PR0026042,001,00556,Oil & Grease,1.95,C3,MAX,Concentration3,mg/L,1.95,mg/L,,mg/L,,05/31/2025
PR0026042,001,00556,Oil & Grease,3.65,C3,MAX,Concentration3,mg/L,3.65,mg/L,,mg/L,,06/30/2025
PR0026042,001,00556,Oil & Grease,3,C3,MAX,Concentration3,mg/L,3,mg/L,,mg/L,,07/31/2025
PR0026042,001,00556,Oil & Grease,7.85,C3,MAX,Concentration3,mg/L,7.85,mg/L,,mg/L,,08/31/2025
PR0026042,001,00556,Oil & Grease,2.9,C3,MAX,Concentration3,mg/L,2.9,mg/L,,mg/L,,09/30/2025
PR0026042,001,00556,Oil & Grease,2.3,C3,MAX,Concentration3,mg/L,2.3,mg/L,,mg/L,,10/31/2025
PR0026042,001,00556,Oil & Grease,2.25,C3,MAX,Concentration3,mg/L,2.25,mg/L,,mg/L,,11/30/2025
PR0026042,001,00556,Oil & Grease,2.2,C3,MAX,Concentration3,mg/L,2.2,mg/L,,mg/L,,12/31/2025
PR0026042,001,00556,Oil & Grease,3.15,C3,MAX,Concentration3,mg/L,3.15,mg/L,,mg/L,,01/31/2026
PR0026042,001,00630,Nitrite + Nitrate total [as N],0.65,C3,MAX,Concentration3,ug/L,.00065,mg/L,10000,ug/L,,01/31/2020
PR0026042,001,00630,Nitrite + Nitrate total [as N],520,C3,MAX,Concentration3,ug/L,.52000002,mg/L,10000,ug/L,,02/29/2020
PR0026042,001,00630,Nitrite + Nitrate total [as N],47,C3,MAX,Concentration3,ug/L,.047,mg/L,10000,ug/L,,03/31/2020
PR0026042,001,00630,Nitrite + Nitrate total [as N],310,C3,MAX,Concentration3,ug/L,.31000001,mg/L,10000,ug/L,,04/30/2020
PR0026042,001,00630,Nitrite + Nitrate total [as N],130,C3,MAX,Concentration3,ug/L,.13000001,mg/L,10000,ug/L,,05/31/2020
PR0026042,001,00630,Nitrite + Nitrate total [as N],480,C3,MAX,Concentration3,ug/L,.48000002,mg/L,10000,ug/L,,06/30/2020
PR0026042,001,00630,Nitrite + Nitrate total [as N],220,C3,MAX,Concentration3,ug/L,.22000001,mg/L,10000,ug/L,,07/31/2020
PR0026042,001,00630,Nitrite + Nitrate total [as N],560,C3,MAX,Concentration3,ug/L,.56000003,mg/L,10000,ug/L,,08/31/2020
PR0026042,001,00630,Nitrite + Nitrate total [as N],860,C3,MAX,Concentration3,ug/L,.86000004,mg/L,10000,ug/L,,09/30/2020
PR0026042,001,00630,Nitrite + Nitrate total [as N],160,C3,MAX,Concentration3,ug/L,.16000001,mg/L,10000,ug/L,,10/31/2020
PR0026042,001,00630,Nitrite + Nitrate total [as N],440,C3,MAX,Concentration3,ug/L,.44000002,mg/L,10000,ug/L,,11/30/2020
PR0026042,001,00630,Nitrite + Nitrate total [as N],600,C3,MAX,Concentration3,ug/L,.60000003,mg/L,10000,ug/L,,12/31/2020
PR0026042,001,00630,Nitrite + Nitrate total [as N],650,C3,MAX,Concentration3,ug/L,.65000003,mg/L,10000,ug/L,,01/31/2021
PR0026042,001,00630,Nitrite + Nitrate total [as N],3.41,C3,MAX,Concentration3,ug/L,.00341,mg/L,10000,ug/L,,02/28/2021
PR0026042,001,00630,Nitrite + Nitrate total [as N],9410,C3,MAX,Concentration3,ug/L,9.41000045,mg/L,10000,ug/L,,03/31/2021
PR0026042,001,00630,Nitrite + Nitrate total [as N],670,C3,MAX,Concentration3,ug/L,.67000003,mg/L,10000,ug/L,,04/30/2021
PR0026042,001,00630,Nitrite + Nitrate total [as N],490,C3,MAX,Concentration3,ug/L,.49000002,mg/L,10000,ug/L,,05/31/2021
PR0026042,001,00630,Nitrite + Nitrate total [as N],310,C3,MAX,Concentration3,ug/L,.31000001,mg/L,10000,ug/L,,06/30/2021
PR0026042,001,00630,Nitrite + Nitrate total [as N],70,C3,MAX,Concentration3,ug/L,.07,mg/L,10000,ug/L,,07/31/2021
PR0026042,001,00630,Nitrite + Nitrate total [as N],660,C3,MAX,Concentration3,ug/L,.66000003,mg/L,10000,ug/L,,08/31/2021
PR0026042,001,00630,Nitrite + Nitrate total [as N],1690,C3,MAX,Concentration3,ug/L,1.69000008,mg/L,10000,ug/L,,09/30/2021
PR0026042,001,00630,Nitrite + Nitrate total [as N],480,C3,MAX,Concentration3,ug/L,.48000002,mg/L,10000,ug/L,,10/31/2021
PR0026042,001,00630,Nitrite + Nitrate total [as N],110,C3,MAX,Concentration3,ug/L,.11000001,mg/L,10000,ug/L,,11/30/2021
PR0026042,001,00630,Nitrite + Nitrate total [as N],90,C3,MAX,Concentration3,ug/L,.09,mg/L,10000,ug/L,,12/31/2021
PR0026042,001,00630,Nitrite + Nitrate total [as N],90,C3,MAX,Concentration3,ug/L,.09,mg/L,10000,ug/L,,01/31/2022
PR0026042,001,00630,Nitrite + Nitrate total [as N],140,C3,MAX,Concentration3,ug/L,.14000001,mg/L,10000,ug/L,,02/28/2022
PR0026042,001,00630,Nitrite + Nitrate total [as N],660,C3,MAX,Concentration3,ug/L,.66000003,mg/L,10000,ug/L,,03/31/2022
PR0026042,001,00630,Nitrite + Nitrate total [as N],90,C3,MAX,Concentration3,ug/L,.09,mg/L,10000,ug/L,,04/30/2022
PR0026042,001,00630,Nitrite + Nitrate total [as N],50,C3,MAX,Concentration3,ug/L,.05,mg/L,10000,ug/L,,05/31/2022
PR0026042,001,00630,Nitrite + Nitrate total [as N],411,C3,MAX,Concentration3,ug/L,.41100002,mg/L,10000,ug/L,,06/30/2022
PR0026042,001,00630,Nitrite + Nitrate total [as N],40,C3,MAX,Concentration3,ug/L,.04,mg/L,10000,ug/L,,07/31/2022
PR0026042,001,00630,Nitrite + Nitrate total [as N],NA,C3,MAX,Concentration3,,,mg/L,10000,ug/L,B,08/31/2022
PR0026042,001,00630,Nitrite + Nitrate total [as N],620,C3,MAX,Concentration3,ug/L,.62000003,mg/L,10000,ug/L,,09/30/2022
PR0026042,001,00630,Nitrite + Nitrate total [as N],6100,C3,MAX,Concentration3,ug/L,6.10000029,mg/L,10000,ug/L,,10/31/2022
PR0026042,001,00630,Nitrite + Nitrate total [as N],50,C3,MAX,Concentration3,ug/L,.05,mg/L,10000,ug/L,,11/30/2022
PR0026042,001,00630,Nitrite + Nitrate total [as N],800,C3,MAX,Concentration3,ug/L,.80000004,mg/L,10000,ug/L,,12/31/2022
PR0026042,001,00630,Nitrite + Nitrate total [as N],130,C3,MAX,Concentration3,ug/L,.13000001,mg/L,10000,ug/L,,01/31/2023
PR0026042,001,00630,Nitrite + Nitrate total [as N],150,C3,MAX,Concentration3,ug/L,.15000001,mg/L,10000,ug/L,,02/28/2023
PR0026042,001,00630,Nitrite + Nitrate total [as N],610,C3,MAX,Concentration3,ug/L,.61000003,mg/L,10000,ug/L,,03/31/2023
PR0026042,001,00630,Nitrite + Nitrate total [as N],1040,C3,MAX,Concentration3,ug/L,1.04000005,mg/L,10000,ug/L,,04/30/2023
PR0026042,001,00630,Nitrite + Nitrate total [as N],710,C3,MAX,Concentration3,ug/L,.71000003,mg/L,10000,ug/L,,05/31/2023
PR0026042,001,00630,Nitrite + Nitrate total [as N],1380,C3,MAX,Concentration3,ug/L,1.38000007,mg/L,10000,ug/L,,06/30/2023
PR0026042,001,00630,Nitrite + Nitrate total [as N],230,C3,MAX,Concentration3,ug/L,.23000001,mg/L,10000,ug/L,,07/31/2023
PR0026042,001,00630,Nitrite + Nitrate total [as N],290,C3,MAX,Concentration3,ug/L,.29000001,mg/L,10000,ug/L,,08/31/2023
PR0026042,001,00630,Nitrite + Nitrate total [as N],420,C3,MAX,Concentration3,ug/L,.42000002,mg/L,10000,ug/L,,09/30/2023
PR0026042,001,00630,Nitrite + Nitrate total [as N],800,C3,MAX,Concentration3,ug/L,.80000004,mg/L,10000,ug/L,,10/31/2023
PR0026042,001,00630,Nitrite + Nitrate total [as N],60,C3,MAX,Concentration3,ug/L,.06,mg/L,10000,ug/L,,11/30/2023
PR0026042,001,00630,Nitrite + Nitrate total [as N],260,C3,MAX,Concentration3,ug/L,.26000001,mg/L,10000,ug/L,,12/31/2023
PR0026042,001,00630,Nitrite + Nitrate total [as N],40,C3,MAX,Concentration3,ug/L,.04,mg/L,10000,ug/L,,01/31/2024
PR0026042,001,00630,Nitrite + Nitrate total [as N],180,C3,MAX,Concentration3,ug/L,.18000001,mg/L,10000,ug/L,,02/29/2024
PR0026042,001,00630,Nitrite + Nitrate total [as N],800,C3,MAX,Concentration3,ug/L,.80000004,mg/L,10000,ug/L,,03/31/2024
PR0026042,001,00630,Nitrite + Nitrate total [as N],400,C3,MAX,Concentration3,ug/L,.40000002,mg/L,10000,ug/L,,04/30/2024
PR0026042,001,00630,Nitrite + Nitrate total [as N],110,C3,MAX,Concentration3,ug/L,.11000001,mg/L,10000,ug/L,,05/31/2024
PR0026042,001,00630,Nitrite + Nitrate total [as N],1060,C3,MAX,Concentration3,ug/L,1.06000005,mg/L,10000,ug/L,,06/30/2024
PR0026042,001,00630,Nitrite + Nitrate total [as N],3330,C3,MAX,Concentration3,ug/L,3.33000016,mg/L,10000,ug/L,,07/31/2024
PR0026042,001,00630,Nitrite + Nitrate total [as N],70,C3,MAX,Concentration3,ug/L,.07,mg/L,10000,ug/L,,08/31/2024
PR0026042,001,00630,Nitrite + Nitrate total [as N],40,C3,MAX,Concentration3,ug/L,.04,mg/L,10000,ug/L,,09/30/2024
PR0026042,001,00630,Nitrite + Nitrate total [as N],6,C3,MAX,Concentration3,ug/L,.006,mg/L,10000,ug/L,,10/31/2024
PR0026042,001,00630,Nitrite + Nitrate total [as N],100,C3,MAX,Concentration3,ug/L,.1,mg/L,10000,ug/L,,11/30/2024
PR0026042,001,00630,Nitrite + Nitrate total [as N],70,C3,MAX,Concentration3,ug/L,.07,mg/L,10000,ug/L,,12/31/2024
PR0026042,001,00630,Nitrite + Nitrate total [as N],50,C3,MAX,Concentration3,ug/L,.05,mg/L,10000,ug/L,,01/31/2025
PR0026042,001,00630,Nitrite + Nitrate total [as N],590,C3,MAX,Concentration3,ug/L,.59000003,mg/L,10000,ug/L,,02/28/2025
PR0026042,001,00630,Nitrite + Nitrate total [as N],80,C3,MAX,Concentration3,ug/L,.08,mg/L,10000,ug/L,,03/31/2025
PR0026042,001,00630,Nitrite + Nitrate total [as N],50,C3,MAX,Concentration3,ug/L,.05,mg/L,10000,ug/L,,04/30/2025
PR0026042,001,00630,Nitrite + Nitrate total [as N],170,C3,MAX,Concentration3,ug/L,.17000001,mg/L,10000,ug/L,,05/31/2025
PR0026042,001,00630,Nitrite + Nitrate total [as N],40,C3,MAX,Concentration3,ug/L,.04,mg/L,10000,ug/L,,06/30/2025
PR0026042,001,00630,Nitrite + Nitrate total [as N],780,C3,MAX,Concentration3,ug/L,.78000004,mg/L,10000,ug/L,,07/31/2025
PR0026042,001,00630,Nitrite + Nitrate total [as N],40,C3,MAX,Concentration3,ug/L,.04,mg/L,10000,ug/L,,08/31/2025
PR0026042,001,00630,Nitrite + Nitrate total [as N],60,C3,MAX,Concentration3,ug/L,.06,mg/L,10000,ug/L,,09/30/2025
PR0026042,001,00630,Nitrite + Nitrate total [as N],460,C3,MAX,Concentration3,ug/L,.46000002,mg/L,10000,ug/L,,10/31/2025
PR0026042,001,00630,Nitrite + Nitrate total [as N],60,C3,MAX,Concentration3,ug/L,.06,mg/L,10000,ug/L,,11/30/2025
PR0026042,001,00630,Nitrite + Nitrate total [as N],120,C3,MAX,Concentration3,ug/L,.12000001,mg/L,10000,ug/L,,12/31/2025
PR0026042,001,00630,Nitrite + Nitrate total [as N],50,C3,MAX,Concentration3,ug/L,.05,mg/L,10000,ug/L,,01/31/2026
PR0026042,001,00665,"Phosphorus, total [as P]",0.74,C3,MAX,Concentration3,mg/L,.74,mg/L,1,mg/L,,01/31/2020
PR0026042,001,00665,"Phosphorus, total [as P]",0.14,C3,MAX,Concentration3,mg/L,.14,mg/L,1,mg/L,,02/29/2020
PR0026042,001,00665,"Phosphorus, total [as P]",0.21,C3,MAX,Concentration3,mg/L,.21,mg/L,1,mg/L,,03/31/2020
PR0026042,001,00665,"Phosphorus, total [as P]",0.31,C3,MAX,Concentration3,mg/L,.31,mg/L,1,mg/L,,04/30/2020
PR0026042,001,00665,"Phosphorus, total [as P]",0.4,C3,MAX,Concentration3,mg/L,.4,mg/L,1,mg/L,,05/31/2020
PR0026042,001,00665,"Phosphorus, total [as P]",0.43,C3,MAX,Concentration3,mg/L,.43,mg/L,1,mg/L,,06/30/2020
PR0026042,001,00665,"Phosphorus, total [as P]",0.27,C3,MAX,Concentration3,mg/L,.27,mg/L,1,mg/L,,07/31/2020
PR0026042,001,00665,"Phosphorus, total [as P]",0.43,C3,MAX,Concentration3,mg/L,.43,mg/L,1,mg/L,,08/31/2020
PR0026042,001,00665,"Phosphorus, total [as P]",0.17,C3,MAX,Concentration3,mg/L,.17,mg/L,1,mg/L,,09/30/2020
PR0026042,001,00665,"Phosphorus, total [as P]",0.17,C3,MAX,Concentration3,mg/L,.17,mg/L,1,mg/L,,10/31/2020
PR0026042,001,00665,"Phosphorus, total [as P]",0.82,C3,MAX,Concentration3,mg/L,.82,mg/L,1,mg/L,,11/30/2020
PR0026042,001,00665,"Phosphorus, total [as P]",0.32,C3,MAX,Concentration3,mg/L,.32,mg/L,1,mg/L,,12/31/2020
PR0026042,001,00665,"Phosphorus, total [as P]",0.42,C3,MAX,Concentration3,mg/L,.42,mg/L,1,mg/L,,01/31/2021
PR0026042,001,00665,"Phosphorus, total [as P]",0.11,C3,MAX,Concentration3,mg/L,.11,mg/L,1,mg/L,,02/28/2021
PR0026042,001,00665,"Phosphorus, total [as P]",0.09,C3,MAX,Concentration3,mg/L,.09,mg/L,1,mg/L,,03/31/2021
PR0026042,001,00665,"Phosphorus, total [as P]",NA,C3,MAX,Concentration3,,,mg/L,1,mg/L,B,04/30/2021
PR0026042,001,00665,"Phosphorus, total [as P]",0.13,C3,MAX,Concentration3,mg/L,.13,mg/L,1,mg/L,,05/31/2021
PR0026042,001,00665,"Phosphorus, total [as P]",0.15,C3,MAX,Concentration3,mg/L,.15,mg/L,1,mg/L,,06/30/2021
PR0026042,001,00665,"Phosphorus, total [as P]",0.22,C3,MAX,Concentration3,mg/L,.22,mg/L,1,mg/L,,07/31/2021
PR0026042,001,00665,"Phosphorus, total [as P]",0.14,C3,MAX,Concentration3,mg/L,.14,mg/L,1,mg/L,,08/31/2021
PR0026042,001,00665,"Phosphorus, total [as P]",0.12,C3,MAX,Concentration3,mg/L,.12,mg/L,1,mg/L,,09/30/2021
PR0026042,001,00665,"Phosphorus, total [as P]",0.2,C3,MAX,Concentration3,mg/L,.2,mg/L,1,mg/L,,10/31/2021
PR0026042,001,00665,"Phosphorus, total [as P]",0.3,C3,MAX,Concentration3,mg/L,.3,mg/L,1,mg/L,,11/30/2021
PR0026042,001,00665,"Phosphorus, total [as P]",0.17,C3,MAX,Concentration3,mg/L,.17,mg/L,1,mg/L,,12/31/2021
PR0026042,001,00665,"Phosphorus, total [as P]",0.2,C3,MAX,Concentration3,mg/L,.2,mg/L,1,mg/L,,01/31/2022
PR0026042,001,00665,"Phosphorus, total [as P]",0.11,C3,MAX,Concentration3,mg/L,.11,mg/L,1,mg/L,,02/28/2022
PR0026042,001,00665,"Phosphorus, total [as P]",0.36,C3,MAX,Concentration3,mg/L,.36,mg/L,1,mg/L,,03/31/2022
PR0026042,001,00665,"Phosphorus, total [as P]",0.44,C3,MAX,Concentration3,mg/L,.44,mg/L,1,mg/L,,04/30/2022
PR0026042,001,00665,"Phosphorus, total [as P]",0.22,C3,MAX,Concentration3,mg/L,.22,mg/L,1,mg/L,,05/31/2022
PR0026042,001,00665,"Phosphorus, total [as P]",0.39,C3,MAX,Concentration3,mg/L,.39,mg/L,1,mg/L,,06/30/2022
PR0026042,001,00665,"Phosphorus, total [as P]",0.21,C3,MAX,Concentration3,mg/L,.21,mg/L,1,mg/L,,07/31/2022
PR0026042,001,00665,"Phosphorus, total [as P]",0.28,C3,MAX,Concentration3,mg/L,.28,mg/L,1,mg/L,,08/31/2022
PR0026042,001,00665,"Phosphorus, total [as P]",0.17,C3,MAX,Concentration3,mg/L,.17,mg/L,1,mg/L,,09/30/2022
PR0026042,001,00665,"Phosphorus, total [as P]",0.08,C3,MAX,Concentration3,mg/L,.08,mg/L,1,mg/L,,10/31/2022
PR0026042,001,00665,"Phosphorus, total [as P]",0.24,C3,MAX,Concentration3,mg/L,.24,mg/L,1,mg/L,,11/30/2022
PR0026042,001,00665,"Phosphorus, total [as P]",0.17,C3,MAX,Concentration3,mg/L,.17,mg/L,1,mg/L,,12/31/2022
PR0026042,001,00665,"Phosphorus, total [as P]",0.19,C3,MAX,Concentration3,mg/L,.19,mg/L,1,mg/L,,01/31/2023
PR0026042,001,00665,"Phosphorus, total [as P]",0.43,C3,MAX,Concentration3,mg/L,.43,mg/L,1,mg/L,,02/28/2023
PR0026042,001,00665,"Phosphorus, total [as P]",0.21,C3,MAX,Concentration3,mg/L,.21,mg/L,1,mg/L,,03/31/2023
PR0026042,001,00665,"Phosphorus, total [as P]",0.16,C3,MAX,Concentration3,mg/L,.16,mg/L,1,mg/L,,04/30/2023
PR0026042,001,00665,"Phosphorus, total [as P]",0.07,C3,MAX,Concentration3,mg/L,.07,mg/L,1,mg/L,,05/31/2023
PR0026042,001,00665,"Phosphorus, total [as P]",0.19,C3,MAX,Concentration3,mg/L,.19,mg/L,1,mg/L,,06/30/2023
PR0026042,001,00665,"Phosphorus, total [as P]",0.1,C3,MAX,Concentration3,mg/L,.1,mg/L,1,mg/L,,07/31/2023
PR0026042,001,00665,"Phosphorus, total [as P]",0.19,C3,MAX,Concentration3,mg/L,.19,mg/L,1,mg/L,,08/31/2023
PR0026042,001,00665,"Phosphorus, total [as P]",0.04,C3,MAX,Concentration3,mg/L,.04,mg/L,1,mg/L,,09/30/2023
PR0026042,001,00665,"Phosphorus, total [as P]",0.42,C3,MAX,Concentration3,mg/L,.42,mg/L,1,mg/L,,10/31/2023
PR0026042,001,00665,"Phosphorus, total [as P]",0.59,C3,MAX,Concentration3,mg/L,.59,mg/L,1,mg/L,,11/30/2023
PR0026042,001,00665,"Phosphorus, total [as P]",0.49,C3,MAX,Concentration3,mg/L,.49,mg/L,1,mg/L,,12/31/2023
PR0026042,001,00665,"Phosphorus, total [as P]",0.4,C3,MAX,Concentration3,mg/L,.4,mg/L,1,mg/L,,01/31/2024
PR0026042,001,00665,"Phosphorus, total [as P]",0.4,C3,MAX,Concentration3,mg/L,.4,mg/L,1,mg/L,,02/29/2024
PR0026042,001,00665,"Phosphorus, total [as P]",0.48,C3,MAX,Concentration3,mg/L,.48,mg/L,1,mg/L,,03/31/2024
PR0026042,001,00665,"Phosphorus, total [as P]",0.48,C3,MAX,Concentration3,mg/L,.48,mg/L,1,mg/L,,04/30/2024
PR0026042,001,00665,"Phosphorus, total [as P]",0.21,C3,MAX,Concentration3,mg/L,.21,mg/L,1,mg/L,,05/31/2024
PR0026042,001,00665,"Phosphorus, total [as P]",0.18,C3,MAX,Concentration3,mg/L,.18,mg/L,1,mg/L,,06/30/2024
PR0026042,001,00665,"Phosphorus, total [as P]",0.2,C3,MAX,Concentration3,mg/L,.2,mg/L,1,mg/L,,07/31/2024
PR0026042,001,00665,"Phosphorus, total [as P]",0.45,C3,MAX,Concentration3,mg/L,.45,mg/L,1,mg/L,,08/31/2024
PR0026042,001,00665,"Phosphorus, total [as P]",0.34,C3,MAX,Concentration3,mg/L,.34,mg/L,1,mg/L,,09/30/2024
PR0026042,001,00665,"Phosphorus, total [as P]",0.2,C3,MAX,Concentration3,mg/L,.2,mg/L,1,mg/L,,10/31/2024
PR0026042,001,00665,"Phosphorus, total [as P]",0.55,C3,MAX,Concentration3,mg/L,.55,mg/L,1,mg/L,,11/30/2024
PR0026042,001,00665,"Phosphorus, total [as P]",1.94,C3,MAX,Concentration3,mg/L,1.94,mg/L,1,mg/L,,12/31/2024
PR0026042,001,00665,"Phosphorus, total [as P]",0.64,C3,MAX,Concentration3,mg/L,.64,mg/L,1,mg/L,,01/31/2025
PR0026042,001,00665,"Phosphorus, total [as P]",0.43,C3,MAX,Concentration3,mg/L,.43,mg/L,1,mg/L,,02/28/2025
PR0026042,001,00665,"Phosphorus, total [as P]",0.4,C3,MAX,Concentration3,mg/L,.4,mg/L,1,mg/L,,03/31/2025
PR0026042,001,00665,"Phosphorus, total [as P]",0.37,C3,MAX,Concentration3,mg/L,.37,mg/L,1,mg/L,,04/30/2025
PR0026042,001,00665,"Phosphorus, total [as P]",0.26,C3,MAX,Concentration3,mg/L,.26,mg/L,1,mg/L,,05/31/2025
PR0026042,001,00665,"Phosphorus, total [as P]",0.75,C3,MAX,Concentration3,mg/L,.75,mg/L,1,mg/L,,06/30/2025
PR0026042,001,00665,"Phosphorus, total [as P]",0.52,C3,MAX,Concentration3,mg/L,.52,mg/L,1,mg/L,,07/31/2025
PR0026042,001,00665,"Phosphorus, total [as P]",0.4,C3,MAX,Concentration3,mg/L,.4,mg/L,1,mg/L,,08/31/2025
PR0026042,001,00665,"Phosphorus, total [as P]",0.34,C3,MAX,Concentration3,mg/L,.34,mg/L,1,mg/L,,09/30/2025
PR0026042,001,00665,"Phosphorus, total [as P]",0.42,C3,MAX,Concentration3,mg/L,.42,mg/L,1,mg/L,,10/31/2025
PR0026042,001,00665,"Phosphorus, total [as P]",0.47,C3,MAX,Concentration3,mg/L,.47,mg/L,1,mg/L,,11/30/2025
PR0026042,001,00665,"Phosphorus, total [as P]",0.1,C3,MAX,Concentration3,mg/L,.1,mg/L,1,mg/L,,12/31/2025
PR0026042,001,00665,"Phosphorus, total [as P]",0.52,C3,MAX,Concentration3,mg/L,.52,mg/L,1,mg/L,,01/31/2026
PR0026042,001,00745,"Sulfide, total [as S]",NA,C3,MAX,Concentration3,,,mg/L,2,ug/L,B,01/31/2020
PR0026042,001,00745,"Sulfide, total [as S]",NA,C3,MAX,Concentration3,,,mg/L,2,ug/L,B,02/29/2020
PR0026042,001,00745,"Sulfide, total [as S]",NA,C3,MAX,Concentration3,,,mg/L,2,ug/L,B,03/31/2020
PR0026042,001,00745,"Sulfide, total [as S]",NA,C3,MAX,Concentration3,,,mg/L,2,ug/L,B,04/30/2020
PR0026042,001,00745,"Sulfide, total [as S]",NA,C3,MAX,Concentration3,,,mg/L,2,ug/L,B,05/31/2020
PR0026042,001,00745,"Sulfide, total [as S]",NA,C3,MAX,Concentration3,,,mg/L,2,ug/L,B,06/30/2020
PR0026042,001,00745,"Sulfide, total [as S]",NA,C3,MAX,Concentration3,,,mg/L,2,ug/L,B,07/31/2020
PR0026042,001,00745,"Sulfide, total [as S]",NA,C3,MAX,Concentration3,,,mg/L,2,ug/L,B,08/31/2020
PR0026042,001,00745,"Sulfide, total [as S]",NA,C3,MAX,Concentration3,,,mg/L,2,ug/L,B,09/30/2020
PR0026042,001,00745,"Sulfide, total [as S]",NA,C3,MAX,Concentration3,,,mg/L,2,ug/L,B,10/31/2020
PR0026042,001,00745,"Sulfide, total [as S]",NA,C3,MAX,Concentration3,,,mg/L,2,ug/L,B,11/30/2020
PR0026042,001,00745,"Sulfide, total [as S]",NA,C3,MAX,Concentration3,,,mg/L,2,ug/L,B,12/31/2020
PR0026042,001,00745,"Sulfide, total [as S]",NA,C3,MAX,Concentration3,,,mg/L,2,ug/L,B,01/31/2021
PR0026042,001,00745,"Sulfide, total [as S]",NA,C3,MAX,Concentration3,,,mg/L,2,ug/L,B,02/28/2021
PR0026042,001,00745,"Sulfide, total [as S]",NA,C3,MAX,Concentration3,,,mg/L,2,ug/L,B,03/31/2021
PR0026042,001,00745,"Sulfide, total [as S]",NA,C3,MAX,Concentration3,,,mg/L,2,ug/L,B,04/30/2021
PR0026042,001,00745,"Sulfide, total [as S]",NA,C3,MAX,Concentration3,,,mg/L,2,ug/L,B,05/31/2021
PR0026042,001,00745,"Sulfide, total [as S]",NA,C3,MAX,Concentration3,,,mg/L,2,ug/L,B,06/30/2021
PR0026042,001,00745,"Sulfide, total [as S]",NA,C3,MAX,Concentration3,,,mg/L,2,ug/L,B,07/31/2021
PR0026042,001,00745,"Sulfide, total [as S]",NA,C3,MAX,Concentration3,,,mg/L,2,ug/L,B,08/31/2021
PR0026042,001,00745,"Sulfide, total [as S]",NA,C3,MAX,Concentration3,,,mg/L,2,ug/L,B,09/30/2021
PR0026042,001,00745,"Sulfide, total [as S]",NA,C3,MAX,Concentration3,,,mg/L,2,ug/L,B,10/31/2021
PR0026042,001,00745,"Sulfide, total [as S]",NA,C3,MAX,Concentration3,,,mg/L,2,ug/L,B,11/30/2021
PR0026042,001,00745,"Sulfide, total [as S]",NA,C3,MAX,Concentration3,,,mg/L,2,ug/L,B,12/31/2021
PR0026042,001,00745,"Sulfide, total [as S]",NA,C3,MAX,Concentration3,,,mg/L,2,ug/L,B,01/31/2022
PR0026042,001,00745,"Sulfide, total [as S]",NA,C3,MAX,Concentration3,,,mg/L,2,ug/L,B,02/28/2022
PR0026042,001,00745,"Sulfide, total [as S]",NA,C3,MAX,Concentration3,,,mg/L,2,ug/L,B,03/31/2022
PR0026042,001,00745,"Sulfide, total [as S]",NA,C3,MAX,Concentration3,,,mg/L,2,ug/L,B,04/30/2022
PR0026042,001,00745,"Sulfide, total [as S]",NA,C3,MAX,Concentration3,,,mg/L,2,ug/L,B,05/31/2022
PR0026042,001,00745,"Sulfide, total [as S]",NA,C3,MAX,Concentration3,,,mg/L,2,ug/L,B,06/30/2022
PR0026042,001,00745,"Sulfide, total [as S]",NA,C3,MAX,Concentration3,,,mg/L,2,ug/L,B,07/31/2022
PR0026042,001,00745,"Sulfide, total [as S]",NA,C3,MAX,Concentration3,,,mg/L,2,ug/L,B,08/31/2022
PR0026042,001,00745,"Sulfide, total [as S]",NA,C3,MAX,Concentration3,,,mg/L,2,ug/L,B,09/30/2022
PR0026042,001,00745,"Sulfide, total [as S]",NA,C3,MAX,Concentration3,,,mg/L,2,ug/L,B,10/31/2022
PR0026042,001,00745,"Sulfide, total [as S]",NA,C3,MAX,Concentration3,,,mg/L,2,ug/L,B,11/30/2022
PR0026042,001,00745,"Sulfide, total [as S]",NA,C3,MAX,Concentration3,,,mg/L,2,ug/L,B,12/31/2022
PR0026042,001,00745,"Sulfide, total [as S]",NA,C3,MAX,Concentration3,,,mg/L,2,ug/L,B,01/31/2023
PR0026042,001,00745,"Sulfide, total [as S]",NA,C3,MAX,Concentration3,,,mg/L,2,ug/L,B,02/28/2023
PR0026042,001,00745,"Sulfide, total [as S]",1.3,C3,MAX,Concentration3,ug/L,.0013,mg/L,2,ug/L,,03/31/2023
PR0026042,001,00745,"Sulfide, total [as S]",NA,C3,MAX,Concentration3,,,mg/L,2,ug/L,B,04/30/2023
PR0026042,001,00745,"Sulfide, total [as S]",5,C3,MAX,Concentration3,ug/L,.005,mg/L,2,ug/L,,05/31/2023
PR0026042,001,00745,"Sulfide, total [as S]",NA,C3,MAX,Concentration3,,,mg/L,2,ug/L,B,06/30/2023
PR0026042,001,00745,"Sulfide, total [as S]",NA,C3,MAX,Concentration3,,,mg/L,2,ug/L,B,07/31/2023
PR0026042,001,00745,"Sulfide, total [as S]",NA,C3,MAX,Concentration3,,,mg/L,2,ug/L,B,08/31/2023
PR0026042,001,00745,"Sulfide, total [as S]",NA,C3,MAX,Concentration3,,,mg/L,2,ug/L,B,09/30/2023
PR0026042,001,00745,"Sulfide, total [as S]",NA,C3,MAX,Concentration3,,,mg/L,2,ug/L,B,10/31/2023
PR0026042,001,00745,"Sulfide, total [as S]",NA,C3,MAX,Concentration3,,,mg/L,2,ug/L,B,11/30/2023
PR0026042,001,00745,"Sulfide, total [as S]",NA,C3,MAX,Concentration3,,,mg/L,2,ug/L,B,12/31/2023
PR0026042,001,00745,"Sulfide, total [as S]",NA,C3,MAX,Concentration3,,,mg/L,2,ug/L,B,01/31/2024
PR0026042,001,00745,"Sulfide, total [as S]",NA,C3,MAX,Concentration3,,,mg/L,2,ug/L,B,02/29/2024
PR0026042,001,00745,"Sulfide, total [as S]",NA,C3,MAX,Concentration3,,,mg/L,2,ug/L,B,03/31/2024
PR0026042,001,00745,"Sulfide, total [as S]",NA,C3,MAX,Concentration3,,,mg/L,2,ug/L,B,04/30/2024
PR0026042,001,00745,"Sulfide, total [as S]",NA,C3,MAX,Concentration3,,,mg/L,2,ug/L,B,05/31/2024
PR0026042,001,00745,"Sulfide, total [as S]",4,C3,MAX,Concentration3,ug/L,.004,mg/L,2,ug/L,,06/30/2024
PR0026042,001,00745,"Sulfide, total [as S]",NA,C3,MAX,Concentration3,,,mg/L,2,ug/L,B,07/31/2024
PR0026042,001,00745,"Sulfide, total [as S]",NA,C3,MAX,Concentration3,,,mg/L,2,ug/L,B,08/31/2024
PR0026042,001,00745,"Sulfide, total [as S]",NA,C3,MAX,Concentration3,,,mg/L,2,ug/L,B,09/30/2024
PR0026042,001,00745,"Sulfide, total [as S]",NA,C3,MAX,Concentration3,,,mg/L,2,ug/L,B,10/31/2024
PR0026042,001,00745,"Sulfide, total [as S]",NA,C3,MAX,Concentration3,,,mg/L,2,ug/L,B,11/30/2024
PR0026042,001,00745,"Sulfide, total [as S]",NA,C3,MAX,Concentration3,,,mg/L,2,ug/L,B,12/31/2024
PR0026042,001,00745,"Sulfide, total [as S]",NA,C3,MAX,Concentration3,,,mg/L,2,ug/L,B,01/31/2025
PR0026042,001,00745,"Sulfide, total [as S]",NA,C3,MAX,Concentration3,,,mg/L,2,ug/L,B,02/28/2025
PR0026042,001,00745,"Sulfide, total [as S]",NA,C3,MAX,Concentration3,,,mg/L,2,ug/L,B,03/31/2025
PR0026042,001,00745,"Sulfide, total [as S]",2,C3,MAX,Concentration3,ug/L,.002,mg/L,2,ug/L,,04/30/2025
PR0026042,001,00745,"Sulfide, total [as S]",1.5,C3,MAX,Concentration3,ug/L,.0015,mg/L,2,ug/L,,05/31/2025
PR0026042,001,00745,"Sulfide, total [as S]",NA,C3,MAX,Concentration3,,,mg/L,2,ug/L,B,06/30/2025
PR0026042,001,00745,"Sulfide, total [as S]",NA,C3,MAX,Concentration3,,,mg/L,2,ug/L,B,07/31/2025
PR0026042,001,00745,"Sulfide, total [as S]",NA,C3,MAX,Concentration3,,,mg/L,2,ug/L,B,08/31/2025
PR0026042,001,00745,"Sulfide, total [as S]",4,C3,MAX,Concentration3,ug/L,.004,mg/L,2,ug/L,,09/30/2025
PR0026042,001,00745,"Sulfide, total [as S]",NA,C3,MAX,Concentration3,,,mg/L,2,ug/L,B,10/31/2025
PR0026042,001,00745,"Sulfide, total [as S]",NA,C3,MAX,Concentration3,,,mg/L,2,ug/L,B,11/30/2025
PR0026042,001,00745,"Sulfide, total [as S]",NA,C3,MAX,Concentration3,,,mg/L,2,ug/L,B,12/31/2025
PR0026042,001,00745,"Sulfide, total [as S]",NA,C3,MAX,Concentration3,,,mg/L,2,ug/L,B,01/31/2026
PR0026042,001,00945,"Sulfate, total [as SO4]",31.5,C3,MAX,Concentration3,mg/L,31.5,mg/L,,mg/L,,01/31/2020
PR0026042,001,00945,"Sulfate, total [as SO4]",123,C3,MAX,Concentration3,mg/L,123,mg/L,,mg/L,,02/29/2020
PR0026042,001,00945,"Sulfate, total [as SO4]",130,C3,MAX,Concentration3,mg/L,130,mg/L,,mg/L,,03/31/2020
PR0026042,001,00945,"Sulfate, total [as SO4]",114,C3,MAX,Concentration3,mg/L,114,mg/L,,mg/L,,04/30/2020
PR0026042,001,00945,"Sulfate, total [as SO4]",110,C3,MAX,Concentration3,mg/L,110,mg/L,,mg/L,,05/31/2020
PR0026042,001,00945,"Sulfate, total [as SO4]",133,C3,MAX,Concentration3,mg/L,133,mg/L,,mg/L,,06/30/2020
PR0026042,001,00945,"Sulfate, total [as SO4]",142,C3,MAX,Concentration3,mg/L,142,mg/L,,mg/L,,07/31/2020
PR0026042,001,00945,"Sulfate, total [as SO4]",89.6,C3,MAX,Concentration3,mg/L,89.6,mg/L,,mg/L,,08/31/2020
PR0026042,001,00945,"Sulfate, total [as SO4]",60.3,C3,MAX,Concentration3,mg/L,60.3,mg/L,,mg/L,,09/30/2020
PR0026042,001,00945,"Sulfate, total [as SO4]",151,C3,MAX,Concentration3,mg/L,151,mg/L,,mg/L,,10/31/2020
PR0026042,001,00945,"Sulfate, total [as SO4]",114,C3,MAX,Concentration3,mg/L,114,mg/L,,mg/L,,11/30/2020
PR0026042,001,00945,"Sulfate, total [as SO4]",95.9,C3,MAX,Concentration3,mg/L,95.9,mg/L,,mg/L,,12/31/2020
PR0026042,001,00945,"Sulfate, total [as SO4]",86.9,C3,MAX,Concentration3,mg/L,86.9,mg/L,,mg/L,,01/31/2021
PR0026042,001,00945,"Sulfate, total [as SO4]",139,C3,MAX,Concentration3,mg/L,139,mg/L,,mg/L,,02/28/2021
PR0026042,001,00945,"Sulfate, total [as SO4]",146,C3,MAX,Concentration3,mg/L,146,mg/L,,mg/L,,03/31/2021
PR0026042,001,00945,"Sulfate, total [as SO4]",117,C3,MAX,Concentration3,mg/L,117,mg/L,,mg/L,,04/30/2021
PR0026042,001,00945,"Sulfate, total [as SO4]",95.9,C3,MAX,Concentration3,mg/L,95.9,mg/L,,mg/L,,05/31/2021
PR0026042,001,00945,"Sulfate, total [as SO4]",111,C3,MAX,Concentration3,mg/L,111,mg/L,,mg/L,,06/30/2021
PR0026042,001,00945,"Sulfate, total [as SO4]",145,C3,MAX,Concentration3,mg/L,145,mg/L,,mg/L,,07/31/2021
PR0026042,001,00945,"Sulfate, total [as SO4]",111,C3,MAX,Concentration3,mg/L,111,mg/L,,mg/L,,08/31/2021
PR0026042,001,00945,"Sulfate, total [as SO4]",185,C3,MAX,Concentration3,mg/L,185,mg/L,,mg/L,,09/30/2021
PR0026042,001,00945,"Sulfate, total [as SO4]",109,C3,MAX,Concentration3,mg/L,109,mg/L,,mg/L,,10/31/2021
PR0026042,001,00945,"Sulfate, total [as SO4]",144,C3,MAX,Concentration3,mg/L,144,mg/L,,mg/L,,11/30/2021
PR0026042,001,00945,"Sulfate, total [as SO4]",146,C3,MAX,Concentration3,mg/L,146,mg/L,,mg/L,,12/31/2021
PR0026042,001,00945,"Sulfate, total [as SO4]",177,C3,MAX,Concentration3,mg/L,177,mg/L,,mg/L,,01/31/2022
PR0026042,001,00945,"Sulfate, total [as SO4]",253,C3,MAX,Concentration3,mg/L,253,mg/L,,mg/L,,02/28/2022
PR0026042,001,00945,"Sulfate, total [as SO4]",781,C3,MAX,Concentration3,mg/L,781,mg/L,,mg/L,,03/31/2022
PR0026042,001,00945,"Sulfate, total [as SO4]",197,C3,MAX,Concentration3,mg/L,197,mg/L,,mg/L,,04/30/2022
PR0026042,001,00945,"Sulfate, total [as SO4]",214,C3,MAX,Concentration3,mg/L,214,mg/L,,mg/L,,05/31/2022
PR0026042,001,00945,"Sulfate, total [as SO4]",164,C3,MAX,Concentration3,mg/L,164,mg/L,,mg/L,,06/30/2022
PR0026042,001,00945,"Sulfate, total [as SO4]",187,C3,MAX,Concentration3,mg/L,187,mg/L,,mg/L,,07/31/2022
PR0026042,001,00945,"Sulfate, total [as SO4]",104,C3,MAX,Concentration3,mg/L,104,mg/L,,mg/L,,08/31/2022
PR0026042,001,00945,"Sulfate, total [as SO4]",116,C3,MAX,Concentration3,mg/L,116,mg/L,,mg/L,,09/30/2022
PR0026042,001,00945,"Sulfate, total [as SO4]",278,C3,MAX,Concentration3,mg/L,278,mg/L,,mg/L,,10/31/2022
PR0026042,001,00945,"Sulfate, total [as SO4]",146,C3,MAX,Concentration3,mg/L,146,mg/L,,mg/L,,11/30/2022
PR0026042,001,00945,"Sulfate, total [as SO4]",132,C3,MAX,Concentration3,mg/L,132,mg/L,,mg/L,,12/31/2022
PR0026042,001,00945,"Sulfate, total [as SO4]",186,C3,MAX,Concentration3,mg/L,186,mg/L,,mg/L,,01/31/2023
PR0026042,001,00945,"Sulfate, total [as SO4]",134,C3,MAX,Concentration3,mg/L,134,mg/L,,mg/L,,02/28/2023
PR0026042,001,00945,"Sulfate, total [as SO4]",166,C3,MAX,Concentration3,mg/L,166,mg/L,,mg/L,,03/31/2023
PR0026042,001,00945,"Sulfate, total [as SO4]",177,C3,MAX,Concentration3,mg/L,177,mg/L,,mg/L,,04/30/2023
PR0026042,001,00945,"Sulfate, total [as SO4]",278,C3,MAX,Concentration3,mg/L,278,mg/L,,mg/L,,05/31/2023
PR0026042,001,00945,"Sulfate, total [as SO4]",155,C3,MAX,Concentration3,mg/L,155,mg/L,,mg/L,,06/30/2023
PR0026042,001,00945,"Sulfate, total [as SO4]",270,C3,MAX,Concentration3,mg/L,270,mg/L,,mg/L,,07/31/2023
PR0026042,001,00945,"Sulfate, total [as SO4]",182,C3,MAX,Concentration3,mg/L,182,mg/L,,mg/L,,08/31/2023
PR0026042,001,00945,"Sulfate, total [as SO4]",289,C3,MAX,Concentration3,mg/L,289,mg/L,,mg/L,,09/30/2023
PR0026042,001,00945,"Sulfate, total [as SO4]",80.6,C3,MAX,Concentration3,mg/L,80.6,mg/L,,mg/L,,10/31/2023
PR0026042,001,00945,"Sulfate, total [as SO4]",119,C3,MAX,Concentration3,mg/L,119,mg/L,,mg/L,,11/30/2023
PR0026042,001,00945,"Sulfate, total [as SO4]",131,C3,MAX,Concentration3,mg/L,131,mg/L,,mg/L,,12/31/2023
PR0026042,001,00945,"Sulfate, total [as SO4]",119,C3,MAX,Concentration3,mg/L,119,mg/L,,mg/L,,01/31/2024
PR0026042,001,00945,"Sulfate, total [as SO4]",110,C3,MAX,Concentration3,mg/L,110,mg/L,,mg/L,,02/29/2024
PR0026042,001,00945,"Sulfate, total [as SO4]",121,C3,MAX,Concentration3,mg/L,121,mg/L,,mg/L,,03/31/2024
PR0026042,001,00945,"Sulfate, total [as SO4]",74.8,C3,MAX,Concentration3,mg/L,74.8,mg/L,,mg/L,,04/30/2024
PR0026042,001,00945,"Sulfate, total [as SO4]",154,C3,MAX,Concentration3,mg/L,154,mg/L,,mg/L,,05/31/2024
PR0026042,001,00945,"Sulfate, total [as SO4]",75.5,C3,MAX,Concentration3,mg/L,75.5,mg/L,,mg/L,,06/30/2024
PR0026042,001,00945,"Sulfate, total [as SO4]",184,C3,MAX,Concentration3,mg/L,184,mg/L,,mg/L,,07/31/2024
PR0026042,001,00945,"Sulfate, total [as SO4]",176,C3,MAX,Concentration3,mg/L,176,mg/L,,mg/L,,08/31/2024
PR0026042,001,00945,"Sulfate, total [as SO4]",137,C3,MAX,Concentration3,mg/L,137,mg/L,,mg/L,,09/30/2024
PR0026042,001,00945,"Sulfate, total [as SO4]",201,C3,MAX,Concentration3,mg/L,201,mg/L,,mg/L,,10/31/2024
PR0026042,001,00945,"Sulfate, total [as SO4]",149,C3,MAX,Concentration3,mg/L,149,mg/L,,mg/L,,11/30/2024
PR0026042,001,00945,"Sulfate, total [as SO4]",170,C3,MAX,Concentration3,mg/L,170,mg/L,,mg/L,,12/31/2024
PR0026042,001,00945,"Sulfate, total [as SO4]",185,C3,MAX,Concentration3,mg/L,185,mg/L,,mg/L,,01/31/2025
PR0026042,001,00945,"Sulfate, total [as SO4]",159,C3,MAX,Concentration3,mg/L,159,mg/L,,mg/L,,02/28/2025
PR0026042,001,00945,"Sulfate, total [as SO4]",200,C3,MAX,Concentration3,mg/L,200,mg/L,,mg/L,,03/31/2025
PR0026042,001,00945,"Sulfate, total [as SO4]",NA,C3,MAX,Concentration3,,,mg/L,,mg/L,B,04/30/2025
PR0026042,001,00945,"Sulfate, total [as SO4]",145,C3,MAX,Concentration3,mg/L,145,mg/L,,mg/L,,05/31/2025
PR0026042,001,00945,"Sulfate, total [as SO4]",164,C3,MAX,Concentration3,mg/L,164,mg/L,,mg/L,,06/30/2025
PR0026042,001,00945,"Sulfate, total [as SO4]",102,C3,MAX,Concentration3,mg/L,102,mg/L,,mg/L,,07/31/2025
PR0026042,001,00945,"Sulfate, total [as SO4]",174,C3,MAX,Concentration3,mg/L,174,mg/L,,mg/L,,08/31/2025
PR0026042,001,00945,"Sulfate, total [as SO4]",279,C3,MAX,Concentration3,mg/L,279,mg/L,,mg/L,,09/30/2025
PR0026042,001,00945,"Sulfate, total [as SO4]",135,C3,MAX,Concentration3,mg/L,135,mg/L,,mg/L,,10/31/2025
PR0026042,001,00945,"Sulfate, total [as SO4]",162,C3,MAX,Concentration3,mg/L,162,mg/L,,mg/L,,11/30/2025
PR0026042,001,00945,"Sulfate, total [as SO4]",165,C3,MAX,Concentration3,mg/L,165,mg/L,,mg/L,,12/31/2025
PR0026042,001,00945,"Sulfate, total [as SO4]",153,C3,MAX,Concentration3,mg/L,153,mg/L,,mg/L,,01/31/2026
PR0026042,001,01042,"Copper, total [as Cu]",15,C3,MAX,Concentration3,ug/L,.015,mg/L,22,ug/L,,01/31/2020
PR0026042,001,01042,"Copper, total [as Cu]",9,C3,MAX,Concentration3,ug/L,.009,mg/L,22,ug/L,,02/29/2020
PR0026042,001,01042,"Copper, total [as Cu]",NA,C3,MAX,Concentration3,,,mg/L,22,ug/L,B,03/31/2020
PR0026042,001,01042,"Copper, total [as Cu]",NA,C3,MAX,Concentration3,,,mg/L,22,ug/L,B,04/30/2020
PR0026042,001,01042,"Copper, total [as Cu]",10,C3,MAX,Concentration3,ug/L,.01,mg/L,22,ug/L,,05/31/2020
PR0026042,001,01042,"Copper, total [as Cu]",6,C3,MAX,Concentration3,ug/L,.006,mg/L,22,ug/L,,06/30/2020
PR0026042,001,01042,"Copper, total [as Cu]",10,C3,MAX,Concentration3,ug/L,.01,mg/L,22,ug/L,,07/31/2020
PR0026042,001,01042,"Copper, total [as Cu]",5.3,C3,MAX,Concentration3,ug/L,.0053,mg/L,22,ug/L,,08/31/2020
PR0026042,001,01042,"Copper, total [as Cu]",NA,C3,MAX,Concentration3,,,mg/L,22,ug/L,B,09/30/2020
PR0026042,001,01042,"Copper, total [as Cu]",NA,C3,MAX,Concentration3,,,mg/L,22,ug/L,B,10/31/2020
PR0026042,001,01042,"Copper, total [as Cu]",10,C3,MAX,Concentration3,ug/L,.01,mg/L,22,ug/L,,11/30/2020
PR0026042,001,01042,"Copper, total [as Cu]",10,C3,MAX,Concentration3,ug/L,.01,mg/L,22,ug/L,,12/31/2020
PR0026042,001,01042,"Copper, total [as Cu]",10,C3,MAX,Concentration3,ug/L,.01,mg/L,22,ug/L,,01/31/2021
PR0026042,001,01042,"Copper, total [as Cu]",0.007,C3,MAX,Concentration3,ug/L,.000007,mg/L,22,ug/L,,02/28/2021
PR0026042,001,01042,"Copper, total [as Cu]",8,C3,MAX,Concentration3,ug/L,.008,mg/L,22,ug/L,,03/31/2021
PR0026042,001,01042,"Copper, total [as Cu]",10,C3,MAX,Concentration3,ug/L,.01,mg/L,22,ug/L,,04/30/2021
PR0026042,001,01042,"Copper, total [as Cu]",8,C3,MAX,Concentration3,ug/L,.008,mg/L,22,ug/L,,05/31/2021
PR0026042,001,01042,"Copper, total [as Cu]",NA,C3,MAX,Concentration3,,,mg/L,22,ug/L,B,06/30/2021
PR0026042,001,01042,"Copper, total [as Cu]",6,C3,MAX,Concentration3,ug/L,.006,mg/L,22,ug/L,,07/31/2021
PR0026042,001,01042,"Copper, total [as Cu]",8,C3,MAX,Concentration3,ug/L,.008,mg/L,22,ug/L,,08/31/2021
PR0026042,001,01042,"Copper, total [as Cu]",NA,C3,MAX,Concentration3,,,mg/L,22,ug/L,B,09/30/2021
PR0026042,001,01042,"Copper, total [as Cu]",8,C3,MAX,Concentration3,ug/L,.008,mg/L,22,ug/L,,10/31/2021
PR0026042,001,01042,"Copper, total [as Cu]",6,C3,MAX,Concentration3,ug/L,.006,mg/L,22,ug/L,,11/30/2021
PR0026042,001,01042,"Copper, total [as Cu]",8,C3,MAX,Concentration3,ug/L,.008,mg/L,22,ug/L,,12/31/2021
PR0026042,001,01042,"Copper, total [as Cu]",12,C3,MAX,Concentration3,ug/L,.012,mg/L,22,ug/L,,01/31/2022
PR0026042,001,01042,"Copper, total [as Cu]",7,C3,MAX,Concentration3,ug/L,.007,mg/L,22,ug/L,,02/28/2022
PR0026042,001,01042,"Copper, total [as Cu]",11,C3,MAX,Concentration3,ug/L,.011,mg/L,22,ug/L,,03/31/2022
PR0026042,001,01042,"Copper, total [as Cu]",20,C3,MAX,Concentration3,ug/L,.02,mg/L,22,ug/L,,04/30/2022
PR0026042,001,01042,"Copper, total [as Cu]",14,C3,MAX,Concentration3,ug/L,.014,mg/L,22,ug/L,,05/31/2022
PR0026042,001,01042,"Copper, total [as Cu]",18,C3,MAX,Concentration3,ug/L,.018,mg/L,22,ug/L,,06/30/2022
PR0026042,001,01042,"Copper, total [as Cu]",20,C3,MAX,Concentration3,ug/L,.02,mg/L,22,ug/L,,07/31/2022
PR0026042,001,01042,"Copper, total [as Cu]",9,C3,MAX,Concentration3,ug/L,.009,mg/L,22,ug/L,,08/31/2022
PR0026042,001,01042,"Copper, total [as Cu]",13,C3,MAX,Concentration3,ug/L,.013,mg/L,22,ug/L,,09/30/2022
PR0026042,001,01042,"Copper, total [as Cu]",NA,C3,MAX,Concentration3,,,mg/L,22,ug/L,B,10/31/2022
PR0026042,001,01042,"Copper, total [as Cu]",10,C3,MAX,Concentration3,ug/L,.01,mg/L,22,ug/L,,11/30/2022
PR0026042,001,01042,"Copper, total [as Cu]",8,C3,MAX,Concentration3,ug/L,.008,mg/L,22,ug/L,,12/31/2022
PR0026042,001,01042,"Copper, total [as Cu]",7,C3,MAX,Concentration3,ug/L,.007,mg/L,22,ug/L,,01/31/2023
PR0026042,001,01042,"Copper, total [as Cu]",13,C3,MAX,Concentration3,ug/L,.013,mg/L,22,ug/L,,02/28/2023
PR0026042,001,01042,"Copper, total [as Cu]",9,C3,MAX,Concentration3,ug/L,.009,mg/L,22,ug/L,,03/31/2023
PR0026042,001,01042,"Copper, total [as Cu]",8,C3,MAX,Concentration3,ug/L,.008,mg/L,22,ug/L,,04/30/2023
PR0026042,001,01042,"Copper, total [as Cu]",NA,C3,MAX,Concentration3,,,mg/L,22,ug/L,B,05/31/2023
PR0026042,001,01042,"Copper, total [as Cu]",8,C3,MAX,Concentration3,ug/L,.008,mg/L,22,ug/L,,06/30/2023
PR0026042,001,01042,"Copper, total [as Cu]",15,C3,MAX,Concentration3,ug/L,.015,mg/L,22,ug/L,,07/31/2023
PR0026042,001,01042,"Copper, total [as Cu]",9,C3,MAX,Concentration3,ug/L,.009,mg/L,22,ug/L,,08/31/2023
PR0026042,001,01042,"Copper, total [as Cu]",30,C3,MAX,Concentration3,ug/L,.03,mg/L,22,ug/L,,09/30/2023
PR0026042,001,01042,"Copper, total [as Cu]",56,C3,MAX,Concentration3,ug/L,.056,mg/L,22,ug/L,,10/31/2023
PR0026042,001,01042,"Copper, total [as Cu]",19,C3,MAX,Concentration3,ug/L,.019,mg/L,22,ug/L,,11/30/2023
PR0026042,001,01042,"Copper, total [as Cu]",13,C3,MAX,Concentration3,ug/L,.013,mg/L,22,ug/L,,12/31/2023
PR0026042,001,01042,"Copper, total [as Cu]",6,C3,MAX,Concentration3,ug/L,.006,mg/L,22,ug/L,,01/31/2024
PR0026042,001,01042,"Copper, total [as Cu]",9,C3,MAX,Concentration3,ug/L,.009,mg/L,22,ug/L,,02/29/2024
PR0026042,001,01042,"Copper, total [as Cu]",10,C3,MAX,Concentration3,ug/L,.01,mg/L,22,ug/L,,03/31/2024
PR0026042,001,01042,"Copper, total [as Cu]",17,C3,MAX,Concentration3,ug/L,.017,mg/L,22,ug/L,,04/30/2024
PR0026042,001,01042,"Copper, total [as Cu]",10,C3,MAX,Concentration3,ug/L,.01,mg/L,22,ug/L,,05/31/2024
PR0026042,001,01042,"Copper, total [as Cu]",NA,C3,MAX,Concentration3,,,mg/L,22,ug/L,B,06/30/2024
PR0026042,001,01042,"Copper, total [as Cu]",4.78,C3,MAX,Concentration3,ug/L,.00478,mg/L,22,ug/L,,07/31/2024
PR0026042,001,01042,"Copper, total [as Cu]",14,C3,MAX,Concentration3,ug/L,.014,mg/L,22,ug/L,,08/31/2024
PR0026042,001,01042,"Copper, total [as Cu]",21,C3,MAX,Concentration3,ug/L,.021,mg/L,22,ug/L,,09/30/2024
PR0026042,001,01042,"Copper, total [as Cu]",NA,C3,MAX,Concentration3,,,mg/L,22,ug/L,B,10/31/2024
PR0026042,001,01042,"Copper, total [as Cu]",10,C3,MAX,Concentration3,ug/L,.01,mg/L,22,ug/L,,11/30/2024
PR0026042,001,01042,"Copper, total [as Cu]",34,C3,MAX,Concentration3,ug/L,.034,mg/L,22,ug/L,,12/31/2024
PR0026042,001,01042,"Copper, total [as Cu]",21,C3,MAX,Concentration3,ug/L,.021,mg/L,22,ug/L,,01/31/2025
PR0026042,001,01042,"Copper, total [as Cu]",43,C3,MAX,Concentration3,ug/L,.043,mg/L,22,ug/L,,02/28/2025
PR0026042,001,01042,"Copper, total [as Cu]",10,C3,MAX,Concentration3,ug/L,.01,mg/L,22,ug/L,,03/31/2025
PR0026042,001,01042,"Copper, total [as Cu]",17,C3,MAX,Concentration3,ug/L,.017,mg/L,22,ug/L,,04/30/2025
PR0026042,001,01042,"Copper, total [as Cu]",12,C3,MAX,Concentration3,ug/L,.012,mg/L,22,ug/L,,05/31/2025
PR0026042,001,01042,"Copper, total [as Cu]",9,C3,MAX,Concentration3,ug/L,.009,mg/L,22,ug/L,,06/30/2025
PR0026042,001,01042,"Copper, total [as Cu]",13,C3,MAX,Concentration3,ug/L,.013,mg/L,22,ug/L,,07/31/2025
PR0026042,001,01042,"Copper, total [as Cu]",11,C3,MAX,Concentration3,ug/L,.011,mg/L,22,ug/L,,08/31/2025
PR0026042,001,01042,"Copper, total [as Cu]",14,C3,MAX,Concentration3,ug/L,.014,mg/L,22,ug/L,,09/30/2025
PR0026042,001,01042,"Copper, total [as Cu]",10,C3,MAX,Concentration3,ug/L,.01,mg/L,22,ug/L,,10/31/2025
PR0026042,001,01042,"Copper, total [as Cu]",8,C3,MAX,Concentration3,ug/L,.008,mg/L,22,ug/L,,11/30/2025
PR0026042,001,01042,"Copper, total [as Cu]",NA,C3,MAX,Concentration3,,,mg/L,22,ug/L,B,12/31/2025
PR0026042,001,01042,"Copper, total [as Cu]",NA,C3,MAX,Concentration3,,,mg/L,22,ug/L,B,01/31/2026
PR0026042,001,03615,"2-Methyl-4,6-dinitrophenol",NA,C3,MAX,Concentration3,,,mg/L,,ug/L,B,01/31/2020
PR0026042,001,03615,"2-Methyl-4,6-dinitrophenol",NA,C3,MAX,Concentration3,,,mg/L,,ug/L,B,02/29/2020
PR0026042,001,03615,"2-Methyl-4,6-dinitrophenol",NA,C3,MAX,Concentration3,,,mg/L,,ug/L,B,03/31/2020
PR0026042,001,03615,"2-Methyl-4,6-dinitrophenol",NA,C3,MAX,Concentration3,,,mg/L,,ug/L,B,04/30/2020
PR0026042,001,03615,"2-Methyl-4,6-dinitrophenol",NA,C3,MAX,Concentration3,,,mg/L,,ug/L,B,05/31/2020
PR0026042,001,03615,"2-Methyl-4,6-dinitrophenol",NA,C3,MAX,Concentration3,,,mg/L,,ug/L,B,06/30/2020
PR0026042,001,03615,"2-Methyl-4,6-dinitrophenol",NA,C3,MAX,Concentration3,,,mg/L,,ug/L,B,07/31/2020
PR0026042,001,03615,"2-Methyl-4,6-dinitrophenol",NA,C3,MAX,Concentration3,,,mg/L,,ug/L,B,08/31/2020
PR0026042,001,03615,"2-Methyl-4,6-dinitrophenol",NA,C3,MAX,Concentration3,,,mg/L,,ug/L,B,09/30/2020
PR0026042,001,03615,"2-Methyl-4,6-dinitrophenol",NA,C3,MAX,Concentration3,,,mg/L,,ug/L,B,10/31/2020
PR0026042,001,03615,"2-Methyl-4,6-dinitrophenol",NA,C3,MAX,Concentration3,,,mg/L,,ug/L,B,11/30/2020
PR0026042,001,03615,"2-Methyl-4,6-dinitrophenol",NA,C3,MAX,Concentration3,,,mg/L,,ug/L,B,12/31/2020
PR0026042,001,03615,"2-Methyl-4,6-dinitrophenol",NA,C3,MAX,Concentration3,,,mg/L,,ug/L,B,01/31/2021
PR0026042,001,03615,"2-Methyl-4,6-dinitrophenol",NA,C3,MAX,Concentration3,,,mg/L,,ug/L,B,02/28/2021
PR0026042,001,03615,"2-Methyl-4,6-dinitrophenol",NA,C3,MAX,Concentration3,,,mg/L,,ug/L,B,03/31/2021
PR0026042,001,03615,"2-Methyl-4,6-dinitrophenol",NA,C3,MAX,Concentration3,,,mg/L,,ug/L,B,04/30/2021
PR0026042,001,03615,"2-Methyl-4,6-dinitrophenol",NA,C3,MAX,Concentration3,,,mg/L,,ug/L,B,05/31/2021
PR0026042,001,03615,"2-Methyl-4,6-dinitrophenol",NA,C3,MAX,Concentration3,,,mg/L,,ug/L,B,06/30/2021
PR0026042,001,03615,"2-Methyl-4,6-dinitrophenol",NA,C3,MAX,Concentration3,,,mg/L,,ug/L,B,07/31/2021
PR0026042,001,03615,"2-Methyl-4,6-dinitrophenol",NA,C3,MAX,Concentration3,,,mg/L,,ug/L,B,08/31/2021
PR0026042,001,03615,"2-Methyl-4,6-dinitrophenol",NA,C3,MAX,Concentration3,,,mg/L,,ug/L,B,09/30/2021
PR0026042,001,03615,"2-Methyl-4,6-dinitrophenol",NA,C3,MAX,Concentration3,,,mg/L,,ug/L,B,10/31/2021
PR0026042,001,03615,"2-Methyl-4,6-dinitrophenol",NA,C3,MAX,Concentration3,,,mg/L,,ug/L,B,11/30/2021
PR0026042,001,03615,"2-Methyl-4,6-dinitrophenol",NA,C3,MAX,Concentration3,,,mg/L,,ug/L,B,12/31/2021
PR0026042,001,03615,"2-Methyl-4,6-dinitrophenol",NA,C3,MAX,Concentration3,,,mg/L,,ug/L,B,01/31/2022
PR0026042,001,03615,"2-Methyl-4,6-dinitrophenol",NA,C3,MAX,Concentration3,,,mg/L,,ug/L,B,02/28/2022
PR0026042,001,03615,"2-Methyl-4,6-dinitrophenol",NA,C3,MAX,Concentration3,,,mg/L,,ug/L,B,03/31/2022
PR0026042,001,03615,"2-Methyl-4,6-dinitrophenol",NA,C3,MAX,Concentration3,,,mg/L,,ug/L,B,04/30/2022
PR0026042,001,03615,"2-Methyl-4,6-dinitrophenol",NA,C3,MAX,Concentration3,,,mg/L,,ug/L,B,05/31/2022
PR0026042,001,03615,"2-Methyl-4,6-dinitrophenol",NA,C3,MAX,Concentration3,,,mg/L,,ug/L,B,06/30/2022
PR0026042,001,03615,"2-Methyl-4,6-dinitrophenol",NA,C3,MAX,Concentration3,,,mg/L,,ug/L,B,07/31/2022
PR0026042,001,03615,"2-Methyl-4,6-dinitrophenol",NA,C3,MAX,Concentration3,,,mg/L,,ug/L,B,08/31/2022
PR0026042,001,03615,"2-Methyl-4,6-dinitrophenol",NA,C3,MAX,Concentration3,,,mg/L,,ug/L,B,09/30/2022
PR0026042,001,03615,"2-Methyl-4,6-dinitrophenol",NA,C3,MAX,Concentration3,,,mg/L,,ug/L,B,10/31/2022
PR0026042,001,03615,"2-Methyl-4,6-dinitrophenol",NA,C3,MAX,Concentration3,,,mg/L,,ug/L,B,11/30/2022
PR0026042,001,03615,"2-Methyl-4,6-dinitrophenol",NA,C3,MAX,Concentration3,,,mg/L,,ug/L,B,12/31/2022
PR0026042,001,03615,"2-Methyl-4,6-dinitrophenol",NA,C3,MAX,Concentration3,,,mg/L,,ug/L,B,01/31/2023
PR0026042,001,03615,"2-Methyl-4,6-dinitrophenol",NA,C3,MAX,Concentration3,,,mg/L,,ug/L,B,02/28/2023
PR0026042,001,03615,"2-Methyl-4,6-dinitrophenol",NA,C3,MAX,Concentration3,,,mg/L,,ug/L,B,03/31/2023
PR0026042,001,03615,"2-Methyl-4,6-dinitrophenol",NA,C3,MAX,Concentration3,,,mg/L,,ug/L,B,04/30/2023
PR0026042,001,03615,"2-Methyl-4,6-dinitrophenol",NA,C3,MAX,Concentration3,,,mg/L,,ug/L,B,05/31/2023
PR0026042,001,03615,"2-Methyl-4,6-dinitrophenol",NA,C3,MAX,Concentration3,,,mg/L,,ug/L,B,06/30/2023
PR0026042,001,03615,"2-Methyl-4,6-dinitrophenol",NA,C3,MAX,Concentration3,,,mg/L,,ug/L,B,07/31/2023
PR0026042,001,03615,"2-Methyl-4,6-dinitrophenol",NA,C3,MAX,Concentration3,,,mg/L,,ug/L,B,08/31/2023
PR0026042,001,03615,"2-Methyl-4,6-dinitrophenol",NA,C3,MAX,Concentration3,,,mg/L,,ug/L,B,09/30/2023
PR0026042,001,03615,"2-Methyl-4,6-dinitrophenol",NA,C3,MAX,Concentration3,,,mg/L,,ug/L,B,10/31/2023
PR0026042,001,03615,"2-Methyl-4,6-dinitrophenol",NA,C3,MAX,Concentration3,,,mg/L,,ug/L,B,11/30/2023
PR0026042,001,03615,"2-Methyl-4,6-dinitrophenol",NA,C3,MAX,Concentration3,,,mg/L,,ug/L,B,12/31/2023
PR0026042,001,03615,"2-Methyl-4,6-dinitrophenol",NA,C3,MAX,Concentration3,,,mg/L,,ug/L,B,01/31/2024
PR0026042,001,03615,"2-Methyl-4,6-dinitrophenol",NA,C3,MAX,Concentration3,,,mg/L,,ug/L,B,02/29/2024
PR0026042,001,03615,"2-Methyl-4,6-dinitrophenol",NA,C3,MAX,Concentration3,,,mg/L,,ug/L,B,03/31/2024
PR0026042,001,03615,"2-Methyl-4,6-dinitrophenol",NA,C3,MAX,Concentration3,,,mg/L,,ug/L,B,04/30/2024
PR0026042,001,03615,"2-Methyl-4,6-dinitrophenol",NA,C3,MAX,Concentration3,,,mg/L,,ug/L,B,05/31/2024
PR0026042,001,03615,"2-Methyl-4,6-dinitrophenol",NA,C3,MAX,Concentration3,,,mg/L,,ug/L,B,06/30/2024
PR0026042,001,03615,"2-Methyl-4,6-dinitrophenol",NA,C3,MAX,Concentration3,,,mg/L,,ug/L,B,07/31/2024
PR0026042,001,03615,"2-Methyl-4,6-dinitrophenol",NA,C3,MAX,Concentration3,,,mg/L,,ug/L,B,08/31/2024
PR0026042,001,03615,"2-Methyl-4,6-dinitrophenol",NA,C3,MAX,Concentration3,,,mg/L,,ug/L,B,09/30/2024
PR0026042,001,03615,"2-Methyl-4,6-dinitrophenol",NA,C3,MAX,Concentration3,,,mg/L,,ug/L,B,10/31/2024
PR0026042,001,03615,"2-Methyl-4,6-dinitrophenol",NA,C3,MAX,Concentration3,,,mg/L,,ug/L,B,11/30/2024
PR0026042,001,03615,"2-Methyl-4,6-dinitrophenol",NA,C3,MAX,Concentration3,,,mg/L,,ug/L,B,12/31/2024
PR0026042,001,03615,"2-Methyl-4,6-dinitrophenol",NA,C3,MAX,Concentration3,,,mg/L,,ug/L,B,01/31/2025
PR0026042,001,03615,"2-Methyl-4,6-dinitrophenol",NA,C3,MAX,Concentration3,,,mg/L,,ug/L,B,02/28/2025
PR0026042,001,03615,"2-Methyl-4,6-dinitrophenol",NA,C3,MAX,Concentration3,,,mg/L,,ug/L,B,03/31/2025
PR0026042,001,03615,"2-Methyl-4,6-dinitrophenol",NA,C3,MAX,Concentration3,,,mg/L,,ug/L,B,04/30/2025
PR0026042,001,03615,"2-Methyl-4,6-dinitrophenol",NA,C3,MAX,Concentration3,,,mg/L,,ug/L,B,05/31/2025
PR0026042,001,03615,"2-Methyl-4,6-dinitrophenol",NA,C3,MAX,Concentration3,,,mg/L,,ug/L,B,06/30/2025
PR0026042,001,03615,"2-Methyl-4,6-dinitrophenol",NA,C3,MAX,Concentration3,,,mg/L,,ug/L,B,07/31/2025
PR0026042,001,03615,"2-Methyl-4,6-dinitrophenol",NA,C3,MAX,Concentration3,,,mg/L,,ug/L,B,08/31/2025
PR0026042,001,03615,"2-Methyl-4,6-dinitrophenol",NA,C3,MAX,Concentration3,,,mg/L,,ug/L,B,09/30/2025
PR0026042,001,03615,"2-Methyl-4,6-dinitrophenol",NA,C3,MAX,Concentration3,,,mg/L,,ug/L,B,10/31/2025
PR0026042,001,03615,"2-Methyl-4,6-dinitrophenol",NA,C3,MAX,Concentration3,,,mg/L,,ug/L,B,11/30/2025
PR0026042,001,03615,"2-Methyl-4,6-dinitrophenol",NA,C3,MAX,Concentration3,,,mg/L,,ug/L,B,12/31/2025
PR0026042,001,03615,"2-Methyl-4,6-dinitrophenol",NA,C3,MAX,Concentration3,,,mg/L,,ug/L,B,01/31/2026
PR0026042,001,30500,"Coliform, fecal - % samples exceeding limit",0,C2,MAX,Concentration2,%,0,%,20,%,,01/31/2020
PR0026042,001,30500,"Coliform, fecal - % samples exceeding limit",0,C2,MAX,Concentration2,%,0,%,20,%,,02/29/2020
PR0026042,001,30500,"Coliform, fecal - % samples exceeding limit",0,C2,MAX,Concentration2,%,0,%,20,%,,03/31/2020
PR0026042,001,30500,"Coliform, fecal - % samples exceeding limit",20,C2,MAX,Concentration2,%,20,%,20,%,,04/30/2020
PR0026042,001,30500,"Coliform, fecal - % samples exceeding limit",20,C2,MAX,Concentration2,%,20,%,20,%,,05/31/2020
PR0026042,001,30500,"Coliform, fecal - % samples exceeding limit",20,C2,MAX,Concentration2,%,20,%,20,%,,06/30/2020
PR0026042,001,30500,"Coliform, fecal - % samples exceeding limit",0,C2,MAX,Concentration2,%,0,%,20,%,,07/31/2020
PR0026042,001,30500,"Coliform, fecal - % samples exceeding limit",20,C2,MAX,Concentration2,%,20,%,20,%,,08/31/2020
PR0026042,001,30500,"Coliform, fecal - % samples exceeding limit",20,C2,MAX,Concentration2,%,20,%,20,%,,09/30/2020
PR0026042,001,30500,"Coliform, fecal - % samples exceeding limit",20,C2,MAX,Concentration2,%,20,%,20,%,,10/31/2020
PR0026042,001,30500,"Coliform, fecal - % samples exceeding limit",20,C2,MAX,Concentration2,%,20,%,20,%,,11/30/2020
PR0026042,001,30500,"Coliform, fecal - % samples exceeding limit",0,C2,MAX,Concentration2,%,0,%,20,%,,12/31/2020
PR0026042,001,30500,"Coliform, fecal - % samples exceeding limit",20,C2,MAX,Concentration2,%,20,%,20,%,,01/31/2021
PR0026042,001,30500,"Coliform, fecal - % samples exceeding limit",0,C2,MAX,Concentration2,%,0,%,20,%,,02/28/2021
PR0026042,001,30500,"Coliform, fecal - % samples exceeding limit",20,C2,MAX,Concentration2,%,20,%,20,%,,03/31/2021
PR0026042,001,30500,"Coliform, fecal - % samples exceeding limit",20,C2,MAX,Concentration2,%,20,%,20,%,,04/30/2021
PR0026042,001,30500,"Coliform, fecal - % samples exceeding limit",20,C2,MAX,Concentration2,%,20,%,20,%,,05/31/2021
PR0026042,001,30500,"Coliform, fecal - % samples exceeding limit",20,C2,MAX,Concentration2,%,20,%,20,%,,06/30/2021
PR0026042,001,30500,"Coliform, fecal - % samples exceeding limit",20,C2,MAX,Concentration2,%,20,%,20,%,,07/31/2021
PR0026042,001,30500,"Coliform, fecal - % samples exceeding limit",100,C2,MAX,Concentration2,%,100,%,20,%,,08/31/2021
PR0026042,001,30500,"Coliform, fecal - % samples exceeding limit",20,C2,MAX,Concentration2,%,20,%,20,%,,09/30/2021
PR0026042,001,30500,"Coliform, fecal - % samples exceeding limit",20,C2,MAX,Concentration2,%,20,%,20,%,,10/31/2021
PR0026042,001,30500,"Coliform, fecal - % samples exceeding limit",20,C2,MAX,Concentration2,%,20,%,20,%,,11/30/2021
PR0026042,001,30500,"Coliform, fecal - % samples exceeding limit",NA,C2,MAX,Concentration2,,,%,20,%,B,12/31/2021
PR0026042,001,30500,"Coliform, fecal - % samples exceeding limit",0,C2,MAX,Concentration2,%,0,%,20,%,,01/31/2022
PR0026042,001,30500,"Coliform, fecal - % samples exceeding limit",20,C2,MAX,Concentration2,%,20,%,20,%,,02/28/2022
PR0026042,001,30500,"Coliform, fecal - % samples exceeding limit",20,C2,MAX,Concentration2,%,20,%,20,%,,03/31/2022
PR0026042,001,30500,"Coliform, fecal - % samples exceeding limit",0,C2,MAX,Concentration2,%,0,%,20,%,,04/30/2022
PR0026042,001,30500,"Coliform, fecal - % samples exceeding limit",20,C2,MAX,Concentration2,%,20,%,20,%,,05/31/2022
PR0026042,001,30500,"Coliform, fecal - % samples exceeding limit",20,C2,MAX,Concentration2,%,20,%,20,%,,06/30/2022
PR0026042,001,30500,"Coliform, fecal - % samples exceeding limit",20,C2,MAX,Concentration2,%,20,%,20,%,,07/31/2022
PR0026042,001,30500,"Coliform, fecal - % samples exceeding limit",20,C2,MAX,Concentration2,%,20,%,20,%,,08/31/2022
PR0026042,001,30500,"Coliform, fecal - % samples exceeding limit",20,C2,MAX,Concentration2,%,20,%,20,%,,09/30/2022
PR0026042,001,30500,"Coliform, fecal - % samples exceeding limit",0,C2,MAX,Concentration2,%,0,%,20,%,,10/31/2022
PR0026042,001,30500,"Coliform, fecal - % samples exceeding limit",0,C2,MAX,Concentration2,%,0,%,20,%,,11/30/2022
PR0026042,001,30500,"Coliform, fecal - % samples exceeding limit",20,C2,MAX,Concentration2,%,20,%,20,%,,12/31/2022
PR0026042,001,30500,"Coliform, fecal - % samples exceeding limit",0,C2,MAX,Concentration2,%,0,%,20,%,,01/31/2023
PR0026042,001,30500,"Coliform, fecal - % samples exceeding limit",20,C2,MAX,Concentration2,%,20,%,20,%,,02/28/2023
PR0026042,001,30500,"Coliform, fecal - % samples exceeding limit",0,C2,MAX,Concentration2,%,0,%,20,%,,03/31/2023
PR0026042,001,30500,"Coliform, fecal - % samples exceeding limit",0,C2,MAX,Concentration2,%,0,%,20,%,,04/30/2023
PR0026042,001,30500,"Coliform, fecal - % samples exceeding limit",0,C2,MAX,Concentration2,%,0,%,20,%,,05/31/2023
PR0026042,001,30500,"Coliform, fecal - % samples exceeding limit",0,C2,MAX,Concentration2,%,0,%,20,%,,06/30/2023
PR0026042,001,30500,"Coliform, fecal - % samples exceeding limit",0,C2,MAX,Concentration2,%,0,%,20,%,,07/31/2023
PR0026042,001,30500,"Coliform, fecal - % samples exceeding limit",20,C2,MAX,Concentration2,%,20,%,20,%,,08/31/2023
PR0026042,001,30500,"Coliform, fecal - % samples exceeding limit",0,C2,MAX,Concentration2,%,0,%,20,%,,09/30/2023
PR0026042,001,30500,"Coliform, fecal - % samples exceeding limit",0,C2,MAX,Concentration2,%,0,%,20,%,,10/31/2023
PR0026042,001,30500,"Coliform, fecal - % samples exceeding limit",0,C2,MAX,Concentration2,%,0,%,20,%,,11/30/2023
PR0026042,001,30500,"Coliform, fecal - % samples exceeding limit",0,C2,MAX,Concentration2,%,0,%,20,%,,12/31/2023
PR0026042,001,30500,"Coliform, fecal - % samples exceeding limit",0,C2,MAX,Concentration2,%,0,%,20,%,,01/31/2024
PR0026042,001,30500,"Coliform, fecal - % samples exceeding limit",0,C2,MAX,Concentration2,%,0,%,20,%,,02/29/2024
PR0026042,001,30500,"Coliform, fecal - % samples exceeding limit",0,C2,MAX,Concentration2,%,0,%,20,%,,03/31/2024
PR0026042,001,30500,"Coliform, fecal - % samples exceeding limit",0,C2,MAX,Concentration2,%,0,%,20,%,,04/30/2024
PR0026042,001,30500,"Coliform, fecal - % samples exceeding limit",40,C2,MAX,Concentration2,%,40,%,20,%,,05/31/2024
PR0026042,001,30500,"Coliform, fecal - % samples exceeding limit",20,C2,MAX,Concentration2,%,20,%,20,%,,06/30/2024
PR0026042,001,30500,"Coliform, fecal - % samples exceeding limit",0,C2,MAX,Concentration2,%,0,%,20,%,,07/31/2024
PR0026042,001,30500,"Coliform, fecal - % samples exceeding limit",0,C2,MAX,Concentration2,%,0,%,20,%,,08/31/2024
PR0026042,001,30500,"Coliform, fecal - % samples exceeding limit",0,C2,MAX,Concentration2,%,0,%,20,%,,09/30/2024
PR0026042,001,30500,"Coliform, fecal - % samples exceeding limit",0,C2,MAX,Concentration2,%,0,%,20,%,,10/31/2024
PR0026042,001,30500,"Coliform, fecal - % samples exceeding limit",20,C2,MAX,Concentration2,%,20,%,20,%,,11/30/2024
PR0026042,001,30500,"Coliform, fecal - % samples exceeding limit",0,C2,MAX,Concentration2,%,0,%,20,%,,12/31/2024
PR0026042,001,30500,"Coliform, fecal - % samples exceeding limit",20,C2,MAX,Concentration2,%,20,%,20,%,,01/31/2025
PR0026042,001,30500,"Coliform, fecal - % samples exceeding limit",0,C2,MAX,Concentration2,%,0,%,20,%,,02/28/2025
PR0026042,001,30500,"Coliform, fecal - % samples exceeding limit",20,C2,MAX,Concentration2,%,20,%,20,%,,03/31/2025
PR0026042,001,30500,"Coliform, fecal - % samples exceeding limit",0,C2,MAX,Concentration2,%,0,%,20,%,,04/30/2025
PR0026042,001,30500,"Coliform, fecal - % samples exceeding limit",20,C2,MAX,Concentration2,%,20,%,20,%,,05/31/2025
PR0026042,001,30500,"Coliform, fecal - % samples exceeding limit",20,C2,MAX,Concentration2,%,20,%,20,%,,06/30/2025
PR0026042,001,30500,"Coliform, fecal - % samples exceeding limit",0,C2,MAX,Concentration2,%,0,%,20,%,,07/31/2025
PR0026042,001,30500,"Coliform, fecal - % samples exceeding limit",20,C2,MAX,Concentration2,%,20,%,20,%,,08/31/2025
PR0026042,001,30500,"Coliform, fecal - % samples exceeding limit",0,C2,MAX,Concentration2,%,0,%,20,%,,09/30/2025
PR0026042,001,30500,"Coliform, fecal - % samples exceeding limit",0,C2,MAX,Concentration2,%,0,%,20,%,,10/31/2025
PR0026042,001,30500,"Coliform, fecal - % samples exceeding limit",0,C2,MAX,Concentration2,%,0,%,20,%,,11/30/2025
PR0026042,001,30500,"Coliform, fecal - % samples exceeding limit",20,C2,MAX,Concentration2,%,20,%,20,%,,12/31/2025
PR0026042,001,30500,"Coliform, fecal - % samples exceeding limit",1.8,C2,MAX,Concentration2,%,1.8,%,20,%,,01/31/2026
PR0026042,001,34586,2-Chlorophenol,NA,C3,MAX,Concentration3,,,mg/L,,ug/L,B,01/31/2020
PR0026042,001,34586,2-Chlorophenol,NA,C3,MAX,Concentration3,,,mg/L,,ug/L,B,02/29/2020
PR0026042,001,34586,2-Chlorophenol,NA,C3,MAX,Concentration3,,,mg/L,,ug/L,B,03/31/2020
PR0026042,001,34586,2-Chlorophenol,NA,C3,MAX,Concentration3,,,mg/L,,ug/L,B,04/30/2020
PR0026042,001,34586,2-Chlorophenol,NA,C3,MAX,Concentration3,,,mg/L,,ug/L,B,05/31/2020
PR0026042,001,34586,2-Chlorophenol,NA,C3,MAX,Concentration3,,,mg/L,,ug/L,B,06/30/2020
PR0026042,001,34586,2-Chlorophenol,NA,C3,MAX,Concentration3,,,mg/L,,ug/L,B,07/31/2020
PR0026042,001,34586,2-Chlorophenol,NA,C3,MAX,Concentration3,,,mg/L,,ug/L,B,08/31/2020
PR0026042,001,34586,2-Chlorophenol,NA,C3,MAX,Concentration3,,,mg/L,,ug/L,B,09/30/2020
PR0026042,001,34586,2-Chlorophenol,NA,C3,MAX,Concentration3,,,mg/L,,ug/L,B,10/31/2020
PR0026042,001,34586,2-Chlorophenol,NA,C3,MAX,Concentration3,,,mg/L,,ug/L,B,11/30/2020
PR0026042,001,34586,2-Chlorophenol,NA,C3,MAX,Concentration3,,,mg/L,,ug/L,B,12/31/2020
PR0026042,001,34586,2-Chlorophenol,NA,C3,MAX,Concentration3,,,mg/L,,ug/L,B,01/31/2021
PR0026042,001,34586,2-Chlorophenol,NA,C3,MAX,Concentration3,,,mg/L,,ug/L,B,02/28/2021
PR0026042,001,34586,2-Chlorophenol,NA,C3,MAX,Concentration3,,,mg/L,,ug/L,B,03/31/2021
PR0026042,001,34586,2-Chlorophenol,NA,C3,MAX,Concentration3,,,mg/L,,ug/L,B,04/30/2021
PR0026042,001,34586,2-Chlorophenol,NA,C3,MAX,Concentration3,,,mg/L,,ug/L,B,05/31/2021
PR0026042,001,34586,2-Chlorophenol,NA,C3,MAX,Concentration3,,,mg/L,,ug/L,B,06/30/2021
PR0026042,001,34586,2-Chlorophenol,NA,C3,MAX,Concentration3,,,mg/L,,ug/L,B,07/31/2021
PR0026042,001,34586,2-Chlorophenol,NA,C3,MAX,Concentration3,,,mg/L,,ug/L,B,08/31/2021
PR0026042,001,34586,2-Chlorophenol,NA,C3,MAX,Concentration3,,,mg/L,,ug/L,B,09/30/2021
PR0026042,001,34586,2-Chlorophenol,NA,C3,MAX,Concentration3,,,mg/L,,ug/L,B,10/31/2021
PR0026042,001,34586,2-Chlorophenol,NA,C3,MAX,Concentration3,,,mg/L,,ug/L,B,11/30/2021
PR0026042,001,34586,2-Chlorophenol,NA,C3,MAX,Concentration3,,,mg/L,,ug/L,B,12/31/2021
PR0026042,001,34586,2-Chlorophenol,NA,C3,MAX,Concentration3,,,mg/L,,ug/L,B,01/31/2022
PR0026042,001,34586,2-Chlorophenol,NA,C3,MAX,Concentration3,,,mg/L,,ug/L,B,02/28/2022
PR0026042,001,34586,2-Chlorophenol,NA,C3,MAX,Concentration3,,,mg/L,,ug/L,B,03/31/2022
PR0026042,001,34586,2-Chlorophenol,NA,C3,MAX,Concentration3,,,mg/L,,ug/L,B,04/30/2022
PR0026042,001,34586,2-Chlorophenol,NA,C3,MAX,Concentration3,,,mg/L,,ug/L,B,05/31/2022
PR0026042,001,34586,2-Chlorophenol,NA,C3,MAX,Concentration3,,,mg/L,,ug/L,B,06/30/2022
PR0026042,001,34586,2-Chlorophenol,NA,C3,MAX,Concentration3,,,mg/L,,ug/L,B,07/31/2022
PR0026042,001,34586,2-Chlorophenol,NA,C3,MAX,Concentration3,,,mg/L,,ug/L,B,08/31/2022
PR0026042,001,34586,2-Chlorophenol,NA,C3,MAX,Concentration3,,,mg/L,,ug/L,B,09/30/2022
PR0026042,001,34586,2-Chlorophenol,NA,C3,MAX,Concentration3,,,mg/L,,ug/L,B,10/31/2022
PR0026042,001,34586,2-Chlorophenol,NA,C3,MAX,Concentration3,,,mg/L,,ug/L,B,11/30/2022
PR0026042,001,34586,2-Chlorophenol,NA,C3,MAX,Concentration3,,,mg/L,,ug/L,B,12/31/2022
PR0026042,001,34586,2-Chlorophenol,NA,C3,MAX,Concentration3,,,mg/L,,ug/L,B,01/31/2023
PR0026042,001,34586,2-Chlorophenol,NA,C3,MAX,Concentration3,,,mg/L,,ug/L,B,02/28/2023
PR0026042,001,34586,2-Chlorophenol,NA,C3,MAX,Concentration3,,,mg/L,,ug/L,B,03/31/2023
PR0026042,001,34586,2-Chlorophenol,NA,C3,MAX,Concentration3,,,mg/L,,ug/L,B,04/30/2023
PR0026042,001,34586,2-Chlorophenol,NA,C3,MAX,Concentration3,,,mg/L,,ug/L,B,05/31/2023
PR0026042,001,34586,2-Chlorophenol,NA,C3,MAX,Concentration3,,,mg/L,,ug/L,B,06/30/2023
PR0026042,001,34586,2-Chlorophenol,NA,C3,MAX,Concentration3,,,mg/L,,ug/L,B,07/31/2023
PR0026042,001,34586,2-Chlorophenol,NA,C3,MAX,Concentration3,,,mg/L,,ug/L,B,08/31/2023
PR0026042,001,34586,2-Chlorophenol,NA,C3,MAX,Concentration3,,,mg/L,,ug/L,B,09/30/2023
PR0026042,001,34586,2-Chlorophenol,NA,C3,MAX,Concentration3,,,mg/L,,ug/L,B,10/31/2023
PR0026042,001,34586,2-Chlorophenol,NA,C3,MAX,Concentration3,,,mg/L,,ug/L,B,11/30/2023
PR0026042,001,34586,2-Chlorophenol,NA,C3,MAX,Concentration3,,,mg/L,,ug/L,B,12/31/2023
PR0026042,001,34586,2-Chlorophenol,NA,C3,MAX,Concentration3,,,mg/L,,ug/L,B,01/31/2024
PR0026042,001,34586,2-Chlorophenol,NA,C3,MAX,Concentration3,,,mg/L,,ug/L,B,02/29/2024
PR0026042,001,34586,2-Chlorophenol,NA,C3,MAX,Concentration3,,,mg/L,,ug/L,B,03/31/2024
PR0026042,001,34586,2-Chlorophenol,NA,C3,MAX,Concentration3,,,mg/L,,ug/L,B,04/30/2024
PR0026042,001,34586,2-Chlorophenol,NA,C3,MAX,Concentration3,,,mg/L,,ug/L,B,05/31/2024
PR0026042,001,34586,2-Chlorophenol,NA,C3,MAX,Concentration3,,,mg/L,,ug/L,B,06/30/2024
PR0026042,001,34586,2-Chlorophenol,NA,C3,MAX,Concentration3,,,mg/L,,ug/L,B,07/31/2024
PR0026042,001,34586,2-Chlorophenol,NA,C3,MAX,Concentration3,,,mg/L,,ug/L,B,08/31/2024
PR0026042,001,34586,2-Chlorophenol,NA,C3,MAX,Concentration3,,,mg/L,,ug/L,B,09/30/2024
PR0026042,001,34586,2-Chlorophenol,NA,C3,MAX,Concentration3,,,mg/L,,ug/L,B,10/31/2024
PR0026042,001,34586,2-Chlorophenol,NA,C3,MAX,Concentration3,,,mg/L,,ug/L,B,11/30/2024
PR0026042,001,34586,2-Chlorophenol,NA,C3,MAX,Concentration3,,,mg/L,,ug/L,B,12/31/2024
PR0026042,001,34586,2-Chlorophenol,NA,C3,MAX,Concentration3,,,mg/L,,ug/L,B,01/31/2025
PR0026042,001,34586,2-Chlorophenol,NA,C3,MAX,Concentration3,,,mg/L,,ug/L,B,02/28/2025
PR0026042,001,34586,2-Chlorophenol,NA,C3,MAX,Concentration3,,,mg/L,,ug/L,B,03/31/2025
PR0026042,001,34586,2-Chlorophenol,NA,C3,MAX,Concentration3,,,mg/L,,ug/L,B,04/30/2025
PR0026042,001,34586,2-Chlorophenol,NA,C3,MAX,Concentration3,,,mg/L,,ug/L,B,05/31/2025
PR0026042,001,34586,2-Chlorophenol,NA,C3,MAX,Concentration3,,,mg/L,,ug/L,B,06/30/2025
PR0026042,001,34586,2-Chlorophenol,NA,C3,MAX,Concentration3,,,mg/L,,ug/L,B,07/31/2025
PR0026042,001,34586,2-Chlorophenol,NA,C3,MAX,Concentration3,,,mg/L,,ug/L,B,08/31/2025
PR0026042,001,34586,2-Chlorophenol,NA,C3,MAX,Concentration3,,,mg/L,,ug/L,B,09/30/2025
PR0026042,001,34586,2-Chlorophenol,NA,C3,MAX,Concentration3,,,mg/L,,ug/L,B,10/31/2025
PR0026042,001,34586,2-Chlorophenol,NA,C3,MAX,Concentration3,,,mg/L,,ug/L,B,11/30/2025
PR0026042,001,34586,2-Chlorophenol,NA,C3,MAX,Concentration3,,,mg/L,,ug/L,B,12/31/2025
PR0026042,001,34586,2-Chlorophenol,NA,C3,MAX,Concentration3,,,mg/L,,ug/L,B,01/31/2026
PR0026042,001,34601,"2,4-Dichlorophenol",NA,C3,MAX,Concentration3,,,mg/L,,ug/L,B,01/31/2020
PR0026042,001,34601,"2,4-Dichlorophenol",NA,C3,MAX,Concentration3,,,mg/L,,ug/L,B,02/29/2020
PR0026042,001,34601,"2,4-Dichlorophenol",NA,C3,MAX,Concentration3,,,mg/L,,ug/L,B,03/31/2020
PR0026042,001,34601,"2,4-Dichlorophenol",NA,C3,MAX,Concentration3,,,mg/L,,ug/L,B,04/30/2020
PR0026042,001,34601,"2,4-Dichlorophenol",NA,C3,MAX,Concentration3,,,mg/L,,ug/L,B,05/31/2020
PR0026042,001,34601,"2,4-Dichlorophenol",NA,C3,MAX,Concentration3,,,mg/L,,ug/L,B,06/30/2020
PR0026042,001,34601,"2,4-Dichlorophenol",NA,C3,MAX,Concentration3,,,mg/L,,ug/L,B,07/31/2020
PR0026042,001,34601,"2,4-Dichlorophenol",NA,C3,MAX,Concentration3,,,mg/L,,ug/L,B,08/31/2020
PR0026042,001,34601,"2,4-Dichlorophenol",NA,C3,MAX,Concentration3,,,mg/L,,ug/L,B,09/30/2020
PR0026042,001,34601,"2,4-Dichlorophenol",NA,C3,MAX,Concentration3,,,mg/L,,ug/L,B,10/31/2020
PR0026042,001,34601,"2,4-Dichlorophenol",NA,C3,MAX,Concentration3,,,mg/L,,ug/L,B,11/30/2020
PR0026042,001,34601,"2,4-Dichlorophenol",NA,C3,MAX,Concentration3,,,mg/L,,ug/L,B,12/31/2020
PR0026042,001,34601,"2,4-Dichlorophenol",NA,C3,MAX,Concentration3,,,mg/L,,ug/L,B,01/31/2021
PR0026042,001,34601,"2,4-Dichlorophenol",NA,C3,MAX,Concentration3,,,mg/L,,ug/L,B,02/28/2021
PR0026042,001,34601,"2,4-Dichlorophenol",NA,C3,MAX,Concentration3,,,mg/L,,ug/L,B,03/31/2021
PR0026042,001,34601,"2,4-Dichlorophenol",NA,C3,MAX,Concentration3,,,mg/L,,ug/L,B,04/30/2021
PR0026042,001,34601,"2,4-Dichlorophenol",NA,C3,MAX,Concentration3,,,mg/L,,ug/L,B,05/31/2021
PR0026042,001,34601,"2,4-Dichlorophenol",NA,C3,MAX,Concentration3,,,mg/L,,ug/L,B,06/30/2021
PR0026042,001,34601,"2,4-Dichlorophenol",NA,C3,MAX,Concentration3,,,mg/L,,ug/L,B,07/31/2021
PR0026042,001,34601,"2,4-Dichlorophenol",NA,C3,MAX,Concentration3,,,mg/L,,ug/L,B,08/31/2021
PR0026042,001,34601,"2,4-Dichlorophenol",NA,C3,MAX,Concentration3,,,mg/L,,ug/L,B,09/30/2021
PR0026042,001,34601,"2,4-Dichlorophenol",NA,C3,MAX,Concentration3,,,mg/L,,ug/L,B,10/31/2021
PR0026042,001,34601,"2,4-Dichlorophenol",NA,C3,MAX,Concentration3,,,mg/L,,ug/L,B,11/30/2021
PR0026042,001,34601,"2,4-Dichlorophenol",NA,C3,MAX,Concentration3,,,mg/L,,ug/L,B,12/31/2021
PR0026042,001,34601,"2,4-Dichlorophenol",NA,C3,MAX,Concentration3,,,mg/L,,ug/L,B,01/31/2022
PR0026042,001,34601,"2,4-Dichlorophenol",NA,C3,MAX,Concentration3,,,mg/L,,ug/L,B,02/28/2022
PR0026042,001,34601,"2,4-Dichlorophenol",NA,C3,MAX,Concentration3,,,mg/L,,ug/L,B,03/31/2022
PR0026042,001,34601,"2,4-Dichlorophenol",NA,C3,MAX,Concentration3,,,mg/L,,ug/L,B,04/30/2022
PR0026042,001,34601,"2,4-Dichlorophenol",NA,C3,MAX,Concentration3,,,mg/L,,ug/L,B,05/31/2022
PR0026042,001,34601,"2,4-Dichlorophenol",NA,C3,MAX,Concentration3,,,mg/L,,ug/L,B,06/30/2022
PR0026042,001,34601,"2,4-Dichlorophenol",NA,C3,MAX,Concentration3,,,mg/L,,ug/L,B,07/31/2022
PR0026042,001,34601,"2,4-Dichlorophenol",NA,C3,MAX,Concentration3,,,mg/L,,ug/L,B,08/31/2022
PR0026042,001,34601,"2,4-Dichlorophenol",NA,C3,MAX,Concentration3,,,mg/L,,ug/L,B,09/30/2022
PR0026042,001,34601,"2,4-Dichlorophenol",NA,C3,MAX,Concentration3,,,mg/L,,ug/L,B,10/31/2022
PR0026042,001,34601,"2,4-Dichlorophenol",NA,C3,MAX,Concentration3,,,mg/L,,ug/L,B,11/30/2022
PR0026042,001,34601,"2,4-Dichlorophenol",NA,C3,MAX,Concentration3,,,mg/L,,ug/L,B,12/31/2022
PR0026042,001,34601,"2,4-Dichlorophenol",NA,C3,MAX,Concentration3,,,mg/L,,ug/L,B,01/31/2023
PR0026042,001,34601,"2,4-Dichlorophenol",NA,C3,MAX,Concentration3,,,mg/L,,ug/L,B,02/28/2023
PR0026042,001,34601,"2,4-Dichlorophenol",NA,C3,MAX,Concentration3,,,mg/L,,ug/L,B,03/31/2023
PR0026042,001,34601,"2,4-Dichlorophenol",NA,C3,MAX,Concentration3,,,mg/L,,ug/L,B,04/30/2023
PR0026042,001,34601,"2,4-Dichlorophenol",NA,C3,MAX,Concentration3,,,mg/L,,ug/L,B,05/31/2023
PR0026042,001,34601,"2,4-Dichlorophenol",NA,C3,MAX,Concentration3,,,mg/L,,ug/L,B,06/30/2023
PR0026042,001,34601,"2,4-Dichlorophenol",NA,C3,MAX,Concentration3,,,mg/L,,ug/L,B,07/31/2023
PR0026042,001,34601,"2,4-Dichlorophenol",NA,C3,MAX,Concentration3,,,mg/L,,ug/L,B,08/31/2023
PR0026042,001,34601,"2,4-Dichlorophenol",NA,C3,MAX,Concentration3,,,mg/L,,ug/L,B,09/30/2023
PR0026042,001,34601,"2,4-Dichlorophenol",NA,C3,MAX,Concentration3,,,mg/L,,ug/L,B,10/31/2023
PR0026042,001,34601,"2,4-Dichlorophenol",NA,C3,MAX,Concentration3,,,mg/L,,ug/L,B,11/30/2023
PR0026042,001,34601,"2,4-Dichlorophenol",NA,C3,MAX,Concentration3,,,mg/L,,ug/L,B,12/31/2023
PR0026042,001,34601,"2,4-Dichlorophenol",NA,C3,MAX,Concentration3,,,mg/L,,ug/L,B,01/31/2024
PR0026042,001,34601,"2,4-Dichlorophenol",NA,C3,MAX,Concentration3,,,mg/L,,ug/L,B,02/29/2024
PR0026042,001,34601,"2,4-Dichlorophenol",NA,C3,MAX,Concentration3,,,mg/L,,ug/L,B,03/31/2024
PR0026042,001,34601,"2,4-Dichlorophenol",NA,C3,MAX,Concentration3,,,mg/L,,ug/L,B,04/30/2024
PR0026042,001,34601,"2,4-Dichlorophenol",NA,C3,MAX,Concentration3,,,mg/L,,ug/L,B,05/31/2024
PR0026042,001,34601,"2,4-Dichlorophenol",NA,C3,MAX,Concentration3,,,mg/L,,ug/L,B,06/30/2024
PR0026042,001,34601,"2,4-Dichlorophenol",NA,C3,MAX,Concentration3,,,mg/L,,ug/L,B,07/31/2024
PR0026042,001,34601,"2,4-Dichlorophenol",NA,C3,MAX,Concentration3,,,mg/L,,ug/L,B,08/31/2024
PR0026042,001,34601,"2,4-Dichlorophenol",NA,C3,MAX,Concentration3,,,mg/L,,ug/L,B,09/30/2024
PR0026042,001,34601,"2,4-Dichlorophenol",NA,C3,MAX,Concentration3,,,mg/L,,ug/L,B,10/31/2024
PR0026042,001,34601,"2,4-Dichlorophenol",NA,C3,MAX,Concentration3,,,mg/L,,ug/L,B,11/30/2024
PR0026042,001,34601,"2,4-Dichlorophenol",NA,C3,MAX,Concentration3,,,mg/L,,ug/L,B,12/31/2024
PR0026042,001,34601,"2,4-Dichlorophenol",NA,C3,MAX,Concentration3,,,mg/L,,ug/L,B,01/31/2025
PR0026042,001,34601,"2,4-Dichlorophenol",NA,C3,MAX,Concentration3,,,mg/L,,ug/L,B,02/28/2025
PR0026042,001,34601,"2,4-Dichlorophenol",NA,C3,MAX,Concentration3,,,mg/L,,ug/L,B,03/31/2025
PR0026042,001,34601,"2,4-Dichlorophenol",NA,C3,MAX,Concentration3,,,mg/L,,ug/L,B,04/30/2025
PR0026042,001,34601,"2,4-Dichlorophenol",NA,C3,MAX,Concentration3,,,mg/L,,ug/L,B,05/31/2025
PR0026042,001,34601,"2,4-Dichlorophenol",NA,C3,MAX,Concentration3,,,mg/L,,ug/L,B,06/30/2025
PR0026042,001,34601,"2,4-Dichlorophenol",NA,C3,MAX,Concentration3,,,mg/L,,ug/L,B,07/31/2025
PR0026042,001,34601,"2,4-Dichlorophenol",NA,C3,MAX,Concentration3,,,mg/L,,ug/L,B,08/31/2025
PR0026042,001,34601,"2,4-Dichlorophenol",NA,C3,MAX,Concentration3,,,mg/L,,ug/L,B,09/30/2025
PR0026042,001,34601,"2,4-Dichlorophenol",NA,C3,MAX,Concentration3,,,mg/L,,ug/L,B,10/31/2025
PR0026042,001,34601,"2,4-Dichlorophenol",NA,C3,MAX,Concentration3,,,mg/L,,ug/L,B,11/30/2025
PR0026042,001,34601,"2,4-Dichlorophenol",NA,C3,MAX,Concentration3,,,mg/L,,ug/L,B,12/31/2025
PR0026042,001,34601,"2,4-Dichlorophenol",NA,C3,MAX,Concentration3,,,mg/L,,ug/L,B,01/31/2026
PR0026042,001,34616,"2,4-Dinitrophenol",NA,C3,MAX,Concentration3,,,mg/L,,ug/L,B,01/31/2020
PR0026042,001,34616,"2,4-Dinitrophenol",NA,C3,MAX,Concentration3,,,mg/L,,ug/L,B,02/29/2020
PR0026042,001,34616,"2,4-Dinitrophenol",NA,C3,MAX,Concentration3,,,mg/L,,ug/L,B,03/31/2020
PR0026042,001,34616,"2,4-Dinitrophenol",NA,C3,MAX,Concentration3,,,mg/L,,ug/L,B,04/30/2020
PR0026042,001,34616,"2,4-Dinitrophenol",NA,C3,MAX,Concentration3,,,mg/L,,ug/L,B,05/31/2020
PR0026042,001,34616,"2,4-Dinitrophenol",NA,C3,MAX,Concentration3,,,mg/L,,ug/L,B,06/30/2020
PR0026042,001,34616,"2,4-Dinitrophenol",NA,C3,MAX,Concentration3,,,mg/L,,ug/L,B,07/31/2020
PR0026042,001,34616,"2,4-Dinitrophenol",NA,C3,MAX,Concentration3,,,mg/L,,ug/L,B,08/31/2020
PR0026042,001,34616,"2,4-Dinitrophenol",NA,C3,MAX,Concentration3,,,mg/L,,ug/L,B,09/30/2020
PR0026042,001,34616,"2,4-Dinitrophenol",NA,C3,MAX,Concentration3,,,mg/L,,ug/L,B,10/31/2020
PR0026042,001,34616,"2,4-Dinitrophenol",NA,C3,MAX,Concentration3,,,mg/L,,ug/L,B,11/30/2020
PR0026042,001,34616,"2,4-Dinitrophenol",NA,C3,MAX,Concentration3,,,mg/L,,ug/L,B,12/31/2020
PR0026042,001,34616,"2,4-Dinitrophenol",NA,C3,MAX,Concentration3,,,mg/L,,ug/L,B,01/31/2021
PR0026042,001,34616,"2,4-Dinitrophenol",NA,C3,MAX,Concentration3,,,mg/L,,ug/L,B,02/28/2021
PR0026042,001,34616,"2,4-Dinitrophenol",NA,C3,MAX,Concentration3,,,mg/L,,ug/L,B,03/31/2021
PR0026042,001,34616,"2,4-Dinitrophenol",NA,C3,MAX,Concentration3,,,mg/L,,ug/L,B,04/30/2021
PR0026042,001,34616,"2,4-Dinitrophenol",NA,C3,MAX,Concentration3,,,mg/L,,ug/L,B,05/31/2021
PR0026042,001,34616,"2,4-Dinitrophenol",NA,C3,MAX,Concentration3,,,mg/L,,ug/L,B,06/30/2021
PR0026042,001,34616,"2,4-Dinitrophenol",NA,C3,MAX,Concentration3,,,mg/L,,ug/L,B,07/31/2021
PR0026042,001,34616,"2,4-Dinitrophenol",NA,C3,MAX,Concentration3,,,mg/L,,ug/L,B,08/31/2021
PR0026042,001,34616,"2,4-Dinitrophenol",NA,C3,MAX,Concentration3,,,mg/L,,ug/L,B,09/30/2021
PR0026042,001,34616,"2,4-Dinitrophenol",NA,C3,MAX,Concentration3,,,mg/L,,ug/L,B,10/31/2021
PR0026042,001,34616,"2,4-Dinitrophenol",NA,C3,MAX,Concentration3,,,mg/L,,ug/L,B,11/30/2021
PR0026042,001,34616,"2,4-Dinitrophenol",NA,C3,MAX,Concentration3,,,mg/L,,ug/L,B,12/31/2021
PR0026042,001,34616,"2,4-Dinitrophenol",NA,C3,MAX,Concentration3,,,mg/L,,ug/L,B,01/31/2022
PR0026042,001,34616,"2,4-Dinitrophenol",NA,C3,MAX,Concentration3,,,mg/L,,ug/L,B,02/28/2022
PR0026042,001,34616,"2,4-Dinitrophenol",NA,C3,MAX,Concentration3,,,mg/L,,ug/L,B,03/31/2022
PR0026042,001,34616,"2,4-Dinitrophenol",NA,C3,MAX,Concentration3,,,mg/L,,ug/L,B,04/30/2022
PR0026042,001,34616,"2,4-Dinitrophenol",NA,C3,MAX,Concentration3,,,mg/L,,ug/L,B,05/31/2022
PR0026042,001,34616,"2,4-Dinitrophenol",NA,C3,MAX,Concentration3,,,mg/L,,ug/L,B,06/30/2022
PR0026042,001,34616,"2,4-Dinitrophenol",NA,C3,MAX,Concentration3,,,mg/L,,ug/L,B,07/31/2022
PR0026042,001,34616,"2,4-Dinitrophenol",NA,C3,MAX,Concentration3,,,mg/L,,ug/L,B,08/31/2022
PR0026042,001,34616,"2,4-Dinitrophenol",NA,C3,MAX,Concentration3,,,mg/L,,ug/L,B,09/30/2022
PR0026042,001,34616,"2,4-Dinitrophenol",NA,C3,MAX,Concentration3,,,mg/L,,ug/L,B,10/31/2022
PR0026042,001,34616,"2,4-Dinitrophenol",NA,C3,MAX,Concentration3,,,mg/L,,ug/L,B,11/30/2022
PR0026042,001,34616,"2,4-Dinitrophenol",NA,C3,MAX,Concentration3,,,mg/L,,ug/L,B,12/31/2022
PR0026042,001,34616,"2,4-Dinitrophenol",NA,C3,MAX,Concentration3,,,mg/L,,ug/L,B,01/31/2023
PR0026042,001,34616,"2,4-Dinitrophenol",NA,C3,MAX,Concentration3,,,mg/L,,ug/L,B,02/28/2023
PR0026042,001,34616,"2,4-Dinitrophenol",NA,C3,MAX,Concentration3,,,mg/L,,ug/L,B,03/31/2023
PR0026042,001,34616,"2,4-Dinitrophenol",NA,C3,MAX,Concentration3,,,mg/L,,ug/L,B,04/30/2023
PR0026042,001,34616,"2,4-Dinitrophenol",NA,C3,MAX,Concentration3,,,mg/L,,ug/L,B,05/31/2023
PR0026042,001,34616,"2,4-Dinitrophenol",NA,C3,MAX,Concentration3,,,mg/L,,ug/L,B,06/30/2023
PR0026042,001,34616,"2,4-Dinitrophenol",NA,C3,MAX,Concentration3,,,mg/L,,ug/L,B,07/31/2023
PR0026042,001,34616,"2,4-Dinitrophenol",NA,C3,MAX,Concentration3,,,mg/L,,ug/L,B,08/31/2023
PR0026042,001,34616,"2,4-Dinitrophenol",NA,C3,MAX,Concentration3,,,mg/L,,ug/L,B,09/30/2023
PR0026042,001,34616,"2,4-Dinitrophenol",NA,C3,MAX,Concentration3,,,mg/L,,ug/L,B,10/31/2023
PR0026042,001,34616,"2,4-Dinitrophenol",NA,C3,MAX,Concentration3,,,mg/L,,ug/L,B,11/30/2023
PR0026042,001,34616,"2,4-Dinitrophenol",NA,C3,MAX,Concentration3,,,mg/L,,ug/L,B,12/31/2023
PR0026042,001,34616,"2,4-Dinitrophenol",NA,C3,MAX,Concentration3,,,mg/L,,ug/L,B,01/31/2024
PR0026042,001,34616,"2,4-Dinitrophenol",NA,C3,MAX,Concentration3,,,mg/L,,ug/L,B,02/29/2024
PR0026042,001,34616,"2,4-Dinitrophenol",NA,C3,MAX,Concentration3,,,mg/L,,ug/L,B,03/31/2024
PR0026042,001,34616,"2,4-Dinitrophenol",NA,C3,MAX,Concentration3,,,mg/L,,ug/L,B,04/30/2024
PR0026042,001,34616,"2,4-Dinitrophenol",NA,C3,MAX,Concentration3,,,mg/L,,ug/L,B,05/31/2024
PR0026042,001,34616,"2,4-Dinitrophenol",NA,C3,MAX,Concentration3,,,mg/L,,ug/L,B,06/30/2024
PR0026042,001,34616,"2,4-Dinitrophenol",NA,C3,MAX,Concentration3,,,mg/L,,ug/L,B,07/31/2024
PR0026042,001,34616,"2,4-Dinitrophenol",NA,C3,MAX,Concentration3,,,mg/L,,ug/L,B,08/31/2024
PR0026042,001,34616,"2,4-Dinitrophenol",NA,C3,MAX,Concentration3,,,mg/L,,ug/L,B,09/30/2024
PR0026042,001,34616,"2,4-Dinitrophenol",NA,C3,MAX,Concentration3,,,mg/L,,ug/L,B,10/31/2024
PR0026042,001,34616,"2,4-Dinitrophenol",NA,C3,MAX,Concentration3,,,mg/L,,ug/L,B,11/30/2024
PR0026042,001,34616,"2,4-Dinitrophenol",NA,C3,MAX,Concentration3,,,mg/L,,ug/L,B,12/31/2024
PR0026042,001,34616,"2,4-Dinitrophenol",NA,C3,MAX,Concentration3,,,mg/L,,ug/L,B,01/31/2025
PR0026042,001,34616,"2,4-Dinitrophenol",NA,C3,MAX,Concentration3,,,mg/L,,ug/L,B,02/28/2025
PR0026042,001,34616,"2,4-Dinitrophenol",NA,C3,MAX,Concentration3,,,mg/L,,ug/L,B,03/31/2025
PR0026042,001,34616,"2,4-Dinitrophenol",NA,C3,MAX,Concentration3,,,mg/L,,ug/L,B,04/30/2025
PR0026042,001,34616,"2,4-Dinitrophenol",NA,C3,MAX,Concentration3,,,mg/L,,ug/L,B,05/31/2025
PR0026042,001,34616,"2,4-Dinitrophenol",NA,C3,MAX,Concentration3,,,mg/L,,ug/L,B,06/30/2025
PR0026042,001,34616,"2,4-Dinitrophenol",NA,C3,MAX,Concentration3,,,mg/L,,ug/L,B,07/31/2025
PR0026042,001,34616,"2,4-Dinitrophenol",NA,C3,MAX,Concentration3,,,mg/L,,ug/L,B,08/31/2025
PR0026042,001,34616,"2,4-Dinitrophenol",NA,C3,MAX,Concentration3,,,mg/L,,ug/L,B,09/30/2025
PR0026042,001,34616,"2,4-Dinitrophenol",NA,C3,MAX,Concentration3,,,mg/L,,ug/L,B,10/31/2025
PR0026042,001,34616,"2,4-Dinitrophenol",NA,C3,MAX,Concentration3,,,mg/L,,ug/L,B,11/30/2025
PR0026042,001,34616,"2,4-Dinitrophenol",NA,C3,MAX,Concentration3,,,mg/L,,ug/L,B,12/31/2025
PR0026042,001,34616,"2,4-Dinitrophenol",NA,C3,MAX,Concentration3,,,mg/L,,ug/L,B,01/31/2026
PR0026042,001,34621,"2,4,6-Trichlorophenol",NA,C3,MAX,Concentration3,,,mg/L,,ug/L,B,01/31/2020
PR0026042,001,34621,"2,4,6-Trichlorophenol",NA,C3,MAX,Concentration3,,,mg/L,,ug/L,B,02/29/2020
PR0026042,001,34621,"2,4,6-Trichlorophenol",NA,C3,MAX,Concentration3,,,mg/L,,ug/L,B,03/31/2020
PR0026042,001,34621,"2,4,6-Trichlorophenol",NA,C3,MAX,Concentration3,,,mg/L,,ug/L,B,04/30/2020
PR0026042,001,34621,"2,4,6-Trichlorophenol",NA,C3,MAX,Concentration3,,,mg/L,,ug/L,B,05/31/2020
PR0026042,001,34621,"2,4,6-Trichlorophenol",NA,C3,MAX,Concentration3,,,mg/L,,ug/L,B,06/30/2020
PR0026042,001,34621,"2,4,6-Trichlorophenol",NA,C3,MAX,Concentration3,,,mg/L,,ug/L,B,07/31/2020
PR0026042,001,34621,"2,4,6-Trichlorophenol",NA,C3,MAX,Concentration3,,,mg/L,,ug/L,B,08/31/2020
PR0026042,001,34621,"2,4,6-Trichlorophenol",NA,C3,MAX,Concentration3,,,mg/L,,ug/L,B,09/30/2020
PR0026042,001,34621,"2,4,6-Trichlorophenol",NA,C3,MAX,Concentration3,,,mg/L,,ug/L,B,10/31/2020
PR0026042,001,34621,"2,4,6-Trichlorophenol",NA,C3,MAX,Concentration3,,,mg/L,,ug/L,B,11/30/2020
PR0026042,001,34621,"2,4,6-Trichlorophenol",NA,C3,MAX,Concentration3,,,mg/L,,ug/L,B,12/31/2020
PR0026042,001,34621,"2,4,6-Trichlorophenol",NA,C3,MAX,Concentration3,,,mg/L,,ug/L,B,01/31/2021
PR0026042,001,34621,"2,4,6-Trichlorophenol",NA,C3,MAX,Concentration3,,,mg/L,,ug/L,B,02/28/2021
PR0026042,001,34621,"2,4,6-Trichlorophenol",NA,C3,MAX,Concentration3,,,mg/L,,ug/L,B,03/31/2021
PR0026042,001,34621,"2,4,6-Trichlorophenol",NA,C3,MAX,Concentration3,,,mg/L,,ug/L,B,04/30/2021
PR0026042,001,34621,"2,4,6-Trichlorophenol",NA,C3,MAX,Concentration3,,,mg/L,,ug/L,B,05/31/2021
PR0026042,001,34621,"2,4,6-Trichlorophenol",NA,C3,MAX,Concentration3,,,mg/L,,ug/L,B,06/30/2021
PR0026042,001,34621,"2,4,6-Trichlorophenol",NA,C3,MAX,Concentration3,,,mg/L,,ug/L,B,07/31/2021
PR0026042,001,34621,"2,4,6-Trichlorophenol",NA,C3,MAX,Concentration3,,,mg/L,,ug/L,B,08/31/2021
PR0026042,001,34621,"2,4,6-Trichlorophenol",NA,C3,MAX,Concentration3,,,mg/L,,ug/L,B,09/30/2021
PR0026042,001,34621,"2,4,6-Trichlorophenol",NA,C3,MAX,Concentration3,,,mg/L,,ug/L,B,10/31/2021
PR0026042,001,34621,"2,4,6-Trichlorophenol",NA,C3,MAX,Concentration3,,,mg/L,,ug/L,B,11/30/2021
PR0026042,001,34621,"2,4,6-Trichlorophenol",NA,C3,MAX,Concentration3,,,mg/L,,ug/L,B,12/31/2021
PR0026042,001,34621,"2,4,6-Trichlorophenol",NA,C3,MAX,Concentration3,,,mg/L,,ug/L,B,01/31/2022
PR0026042,001,34621,"2,4,6-Trichlorophenol",NA,C3,MAX,Concentration3,,,mg/L,,ug/L,B,02/28/2022
PR0026042,001,34621,"2,4,6-Trichlorophenol",NA,C3,MAX,Concentration3,,,mg/L,,ug/L,B,03/31/2022
PR0026042,001,34621,"2,4,6-Trichlorophenol",NA,C3,MAX,Concentration3,,,mg/L,,ug/L,B,04/30/2022
PR0026042,001,34621,"2,4,6-Trichlorophenol",NA,C3,MAX,Concentration3,,,mg/L,,ug/L,B,05/31/2022
PR0026042,001,34621,"2,4,6-Trichlorophenol",NA,C3,MAX,Concentration3,,,mg/L,,ug/L,B,06/30/2022
PR0026042,001,34621,"2,4,6-Trichlorophenol",NA,C3,MAX,Concentration3,,,mg/L,,ug/L,B,07/31/2022
PR0026042,001,34621,"2,4,6-Trichlorophenol",NA,C3,MAX,Concentration3,,,mg/L,,ug/L,B,08/31/2022
PR0026042,001,34621,"2,4,6-Trichlorophenol",NA,C3,MAX,Concentration3,,,mg/L,,ug/L,B,09/30/2022
PR0026042,001,34621,"2,4,6-Trichlorophenol",NA,C3,MAX,Concentration3,,,mg/L,,ug/L,B,10/31/2022
PR0026042,001,34621,"2,4,6-Trichlorophenol",NA,C3,MAX,Concentration3,,,mg/L,,ug/L,B,11/30/2022
PR0026042,001,34621,"2,4,6-Trichlorophenol",NA,C3,MAX,Concentration3,,,mg/L,,ug/L,B,12/31/2022
PR0026042,001,34621,"2,4,6-Trichlorophenol",NA,C3,MAX,Concentration3,,,mg/L,,ug/L,B,01/31/2023
PR0026042,001,34621,"2,4,6-Trichlorophenol",NA,C3,MAX,Concentration3,,,mg/L,,ug/L,B,02/28/2023
PR0026042,001,34621,"2,4,6-Trichlorophenol",NA,C3,MAX,Concentration3,,,mg/L,,ug/L,B,03/31/2023
PR0026042,001,34621,"2,4,6-Trichlorophenol",NA,C3,MAX,Concentration3,,,mg/L,,ug/L,B,04/30/2023
PR0026042,001,34621,"2,4,6-Trichlorophenol",NA,C3,MAX,Concentration3,,,mg/L,,ug/L,B,05/31/2023
PR0026042,001,34621,"2,4,6-Trichlorophenol",NA,C3,MAX,Concentration3,,,mg/L,,ug/L,B,06/30/2023
PR0026042,001,34621,"2,4,6-Trichlorophenol",NA,C3,MAX,Concentration3,,,mg/L,,ug/L,B,07/31/2023
PR0026042,001,34621,"2,4,6-Trichlorophenol",NA,C3,MAX,Concentration3,,,mg/L,,ug/L,B,08/31/2023
PR0026042,001,34621,"2,4,6-Trichlorophenol",NA,C3,MAX,Concentration3,,,mg/L,,ug/L,B,09/30/2023
PR0026042,001,34621,"2,4,6-Trichlorophenol",NA,C3,MAX,Concentration3,,,mg/L,,ug/L,B,10/31/2023
PR0026042,001,34621,"2,4,6-Trichlorophenol",NA,C3,MAX,Concentration3,,,mg/L,,ug/L,B,11/30/2023
PR0026042,001,34621,"2,4,6-Trichlorophenol",NA,C3,MAX,Concentration3,,,mg/L,,ug/L,B,12/31/2023
PR0026042,001,34621,"2,4,6-Trichlorophenol",NA,C3,MAX,Concentration3,,,mg/L,,ug/L,B,01/31/2024
PR0026042,001,34621,"2,4,6-Trichlorophenol",NA,C3,MAX,Concentration3,,,mg/L,,ug/L,B,02/29/2024
PR0026042,001,34621,"2,4,6-Trichlorophenol",NA,C3,MAX,Concentration3,,,mg/L,,ug/L,B,03/31/2024
PR0026042,001,34621,"2,4,6-Trichlorophenol",NA,C3,MAX,Concentration3,,,mg/L,,ug/L,B,04/30/2024
PR0026042,001,34621,"2,4,6-Trichlorophenol",NA,C3,MAX,Concentration3,,,mg/L,,ug/L,B,05/31/2024
PR0026042,001,34621,"2,4,6-Trichlorophenol",NA,C3,MAX,Concentration3,,,mg/L,,ug/L,B,06/30/2024
PR0026042,001,34621,"2,4,6-Trichlorophenol",NA,C3,MAX,Concentration3,,,mg/L,,ug/L,B,07/31/2024
PR0026042,001,34621,"2,4,6-Trichlorophenol",NA,C3,MAX,Concentration3,,,mg/L,,ug/L,B,08/31/2024
PR0026042,001,34621,"2,4,6-Trichlorophenol",NA,C3,MAX,Concentration3,,,mg/L,,ug/L,B,09/30/2024
PR0026042,001,34621,"2,4,6-Trichlorophenol",NA,C3,MAX,Concentration3,,,mg/L,,ug/L,B,10/31/2024
PR0026042,001,34621,"2,4,6-Trichlorophenol",NA,C3,MAX,Concentration3,,,mg/L,,ug/L,B,11/30/2024
PR0026042,001,34621,"2,4,6-Trichlorophenol",NA,C3,MAX,Concentration3,,,mg/L,,ug/L,B,12/31/2024
PR0026042,001,34621,"2,4,6-Trichlorophenol",NA,C3,MAX,Concentration3,,,mg/L,,ug/L,B,01/31/2025
PR0026042,001,34621,"2,4,6-Trichlorophenol",NA,C3,MAX,Concentration3,,,mg/L,,ug/L,B,02/28/2025
PR0026042,001,34621,"2,4,6-Trichlorophenol",NA,C3,MAX,Concentration3,,,mg/L,,ug/L,B,03/31/2025
PR0026042,001,34621,"2,4,6-Trichlorophenol",NA,C3,MAX,Concentration3,,,mg/L,,ug/L,B,04/30/2025
PR0026042,001,34621,"2,4,6-Trichlorophenol",NA,C3,MAX,Concentration3,,,mg/L,,ug/L,B,05/31/2025
PR0026042,001,34621,"2,4,6-Trichlorophenol",NA,C3,MAX,Concentration3,,,mg/L,,ug/L,B,06/30/2025
PR0026042,001,34621,"2,4,6-Trichlorophenol",NA,C3,MAX,Concentration3,,,mg/L,,ug/L,B,07/31/2025
PR0026042,001,34621,"2,4,6-Trichlorophenol",NA,C3,MAX,Concentration3,,,mg/L,,ug/L,B,08/31/2025
PR0026042,001,34621,"2,4,6-Trichlorophenol",NA,C3,MAX,Concentration3,,,mg/L,,ug/L,B,09/30/2025
PR0026042,001,34621,"2,4,6-Trichlorophenol",NA,C3,MAX,Concentration3,,,mg/L,,ug/L,B,10/31/2025
PR0026042,001,34621,"2,4,6-Trichlorophenol",NA,C3,MAX,Concentration3,,,mg/L,,ug/L,B,11/30/2025
PR0026042,001,34621,"2,4,6-Trichlorophenol",NA,C3,MAX,Concentration3,,,mg/L,,ug/L,B,12/31/2025
PR0026042,001,34621,"2,4,6-Trichlorophenol",NA,C3,MAX,Concentration3,,,mg/L,,ug/L,B,01/31/2026
PR0026042,001,38260,Surfactants [MBAS],86,C3,MAX,Concentration3,ug/L,.086,mg/L,100,ug/L,,01/31/2020
PR0026042,001,38260,Surfactants [MBAS],49,C3,MAX,Concentration3,ug/L,.049,mg/L,100,ug/L,,02/29/2020
PR0026042,001,38260,Surfactants [MBAS],55,C3,MAX,Concentration3,ug/L,.055,mg/L,100,ug/L,,03/31/2020
PR0026042,001,38260,Surfactants [MBAS],163,C3,MAX,Concentration3,ug/L,.16300001,mg/L,100,ug/L,,04/30/2020
PR0026042,001,38260,Surfactants [MBAS],59,C3,MAX,Concentration3,ug/L,.059,mg/L,100,ug/L,,05/31/2020
PR0026042,001,38260,Surfactants [MBAS],NA,C3,MAX,Concentration3,,,mg/L,100,ug/L,B,06/30/2020
PR0026042,001,38260,Surfactants [MBAS],NA,C3,MAX,Concentration3,,,mg/L,100,ug/L,B,07/31/2020
PR0026042,001,38260,Surfactants [MBAS],NA,C3,MAX,Concentration3,,,mg/L,100,ug/L,B,08/31/2020
PR0026042,001,38260,Surfactants [MBAS],NA,C3,MAX,Concentration3,,,mg/L,100,ug/L,B,09/30/2020
PR0026042,001,38260,Surfactants [MBAS],NA,C3,MAX,Concentration3,,,mg/L,100,ug/L,B,10/31/2020
PR0026042,001,38260,Surfactants [MBAS],NA,C3,MAX,Concentration3,,,mg/L,100,ug/L,B,11/30/2020
PR0026042,001,38260,Surfactants [MBAS],34,C3,MAX,Concentration3,ug/L,.034,mg/L,100,ug/L,,12/31/2020
PR0026042,001,38260,Surfactants [MBAS],70,C3,MAX,Concentration3,ug/L,.07,mg/L,100,ug/L,,01/31/2021
PR0026042,001,38260,Surfactants [MBAS],NA,C3,MAX,Concentration3,,,mg/L,100,ug/L,B,02/28/2021
PR0026042,001,38260,Surfactants [MBAS],31,C3,MAX,Concentration3,ug/L,.031,mg/L,100,ug/L,,03/31/2021
PR0026042,001,38260,Surfactants [MBAS],50,C3,MAX,Concentration3,ug/L,.05,mg/L,100,ug/L,,04/30/2021
PR0026042,001,38260,Surfactants [MBAS],NA,C3,MAX,Concentration3,,,mg/L,100,ug/L,B,05/31/2021
PR0026042,001,38260,Surfactants [MBAS],98,C3,MAX,Concentration3,ug/L,.098,mg/L,100,ug/L,,06/30/2021
PR0026042,001,38260,Surfactants [MBAS],NA,C3,MAX,Concentration3,,,mg/L,100,ug/L,B,07/31/2021
PR0026042,001,38260,Surfactants [MBAS],NA,C3,MAX,Concentration3,,,mg/L,100,ug/L,B,08/31/2021
PR0026042,001,38260,Surfactants [MBAS],26,C3,MAX,Concentration3,ug/L,.026,mg/L,100,ug/L,,09/30/2021
PR0026042,001,38260,Surfactants [MBAS],NA,C3,MAX,Concentration3,,,mg/L,100,ug/L,B,10/31/2021
PR0026042,001,38260,Surfactants [MBAS],NA,C3,MAX,Concentration3,,,mg/L,100,ug/L,B,11/30/2021
PR0026042,001,38260,Surfactants [MBAS],NA,C3,MAX,Concentration3,,,mg/L,100,ug/L,B,12/31/2021
PR0026042,001,38260,Surfactants [MBAS],72,C3,MAX,Concentration3,ug/L,.072,mg/L,100,ug/L,,01/31/2022
PR0026042,001,38260,Surfactants [MBAS],79,C3,MAX,Concentration3,ug/L,.079,mg/L,100,ug/L,,02/28/2022
PR0026042,001,38260,Surfactants [MBAS],NA,C3,MAX,Concentration3,,,mg/L,100,ug/L,B,03/31/2022
PR0026042,001,38260,Surfactants [MBAS],29,C3,MAX,Concentration3,ug/L,.029,mg/L,100,ug/L,,04/30/2022
PR0026042,001,38260,Surfactants [MBAS],NA,C3,MAX,Concentration3,,,mg/L,100,ug/L,B,05/31/2022
PR0026042,001,38260,Surfactants [MBAS],0.19,C3,MAX,Concentration3,ug/L,.00019,mg/L,100,ug/L,,06/30/2022
PR0026042,001,38260,Surfactants [MBAS],0.296,C3,MAX,Concentration3,ug/L,.000296,mg/L,100,ug/L,,07/31/2022
PR0026042,001,38260,Surfactants [MBAS],282,C3,MAX,Concentration3,ug/L,.28200001,mg/L,100,ug/L,,08/31/2022
PR0026042,001,38260,Surfactants [MBAS],NA,C3,MAX,Concentration3,,,mg/L,100,ug/L,B,09/30/2022
PR0026042,001,38260,Surfactants [MBAS],NA,C3,MAX,Concentration3,,,mg/L,100,ug/L,B,10/31/2022
PR0026042,001,38260,Surfactants [MBAS],71.5,C3,MAX,Concentration3,ug/L,.0715,mg/L,100,ug/L,,11/30/2022
PR0026042,001,38260,Surfactants [MBAS],788,C3,MAX,Concentration3,ug/L,.78800004,mg/L,100,ug/L,,12/31/2022
PR0026042,001,38260,Surfactants [MBAS],NA,C3,MAX,Concentration3,,,mg/L,100,ug/L,B,01/31/2023
PR0026042,001,38260,Surfactants [MBAS],NA,C3,MAX,Concentration3,,,mg/L,100,ug/L,B,02/28/2023
PR0026042,001,38260,Surfactants [MBAS],NA,C3,MAX,Concentration3,,,mg/L,100,ug/L,B,03/31/2023
PR0026042,001,38260,Surfactants [MBAS],NA,C3,MAX,Concentration3,,,mg/L,100,ug/L,B,04/30/2023
PR0026042,001,38260,Surfactants [MBAS],NA,C3,MAX,Concentration3,,,mg/L,100,ug/L,B,05/31/2023
PR0026042,001,38260,Surfactants [MBAS],NA,C3,MAX,Concentration3,,,mg/L,100,ug/L,B,06/30/2023
PR0026042,001,38260,Surfactants [MBAS],28,C3,MAX,Concentration3,ug/L,.028,mg/L,100,ug/L,,07/31/2023
PR0026042,001,38260,Surfactants [MBAS],NA,C3,MAX,Concentration3,,,mg/L,100,ug/L,B,08/31/2023
PR0026042,001,38260,Surfactants [MBAS],NA,C3,MAX,Concentration3,,,mg/L,100,ug/L,B,09/30/2023
PR0026042,001,38260,Surfactants [MBAS],NA,C3,MAX,Concentration3,,,mg/L,100,ug/L,B,10/31/2023
PR0026042,001,38260,Surfactants [MBAS],40,C3,MAX,Concentration3,ug/L,.04,mg/L,100,ug/L,,11/30/2023
PR0026042,001,38260,Surfactants [MBAS],33,C3,MAX,Concentration3,ug/L,.033,mg/L,100,ug/L,,12/31/2023
PR0026042,001,38260,Surfactants [MBAS],NA,C3,MAX,Concentration3,,,mg/L,100,ug/L,B,01/31/2024
PR0026042,001,38260,Surfactants [MBAS],31,C3,MAX,Concentration3,ug/L,.031,mg/L,100,ug/L,,02/29/2024
PR0026042,001,38260,Surfactants [MBAS],NA,C3,MAX,Concentration3,,,mg/L,100,ug/L,B,03/31/2024
PR0026042,001,38260,Surfactants [MBAS],NA,C3,MAX,Concentration3,,,mg/L,100,ug/L,B,04/30/2024
PR0026042,001,38260,Surfactants [MBAS],NA,C3,MAX,Concentration3,,,mg/L,100,ug/L,B,05/31/2024
PR0026042,001,38260,Surfactants [MBAS],NA,C3,MAX,Concentration3,,,mg/L,100,ug/L,B,06/30/2024
PR0026042,001,38260,Surfactants [MBAS],32,C3,MAX,Concentration3,ug/L,.032,mg/L,100,ug/L,,07/31/2024
PR0026042,001,38260,Surfactants [MBAS],NA,C3,MAX,Concentration3,,,mg/L,100,ug/L,B,08/31/2024
PR0026042,001,38260,Surfactants [MBAS],44,C3,MAX,Concentration3,ug/L,.044,mg/L,100,ug/L,,09/30/2024
PR0026042,001,38260,Surfactants [MBAS],36,C3,MAX,Concentration3,ug/L,.036,mg/L,100,ug/L,,10/31/2024
PR0026042,001,38260,Surfactants [MBAS],29,C3,MAX,Concentration3,ug/L,.029,mg/L,100,ug/L,,11/30/2024
PR0026042,001,38260,Surfactants [MBAS],0.033,C3,MAX,Concentration3,ug/L,.000033,mg/L,100,ug/L,,12/31/2024
PR0026042,001,38260,Surfactants [MBAS],310,C3,MAX,Concentration3,ug/L,.31000001,mg/L,100,ug/L,,01/31/2025
PR0026042,001,38260,Surfactants [MBAS],1125,C3,MAX,Concentration3,ug/L,1.12500005,mg/L,100,ug/L,,02/28/2025
PR0026042,001,38260,Surfactants [MBAS],1370,C3,MAX,Concentration3,ug/L,1.37000007,mg/L,100,ug/L,,03/31/2025
PR0026042,001,38260,Surfactants [MBAS],140,C3,MAX,Concentration3,ug/L,.14000001,mg/L,100,ug/L,,04/30/2025
PR0026042,001,38260,Surfactants [MBAS],342.5,C3,MAX,Concentration3,ug/L,.34250002,mg/L,100,ug/L,,05/31/2025
PR0026042,001,38260,Surfactants [MBAS],931,C3,MAX,Concentration3,ug/L,.93100004,mg/L,100,ug/L,,06/30/2025
PR0026042,001,38260,Surfactants [MBAS],506,C3,MAX,Concentration3,ug/L,.50600002,mg/L,100,ug/L,,07/31/2025
PR0026042,001,38260,Surfactants [MBAS],1825,C3,MAX,Concentration3,ug/L,1.82500009,mg/L,100,ug/L,,08/31/2025
PR0026042,001,38260,Surfactants [MBAS],222,C3,MAX,Concentration3,ug/L,.22200001,mg/L,100,ug/L,,09/30/2025
PR0026042,001,38260,Surfactants [MBAS],461,C3,MAX,Concentration3,ug/L,.46100002,mg/L,100,ug/L,,10/31/2025
PR0026042,001,38260,Surfactants [MBAS],62,C3,MAX,Concentration3,ug/L,.062,mg/L,100,ug/L,,11/30/2025
PR0026042,001,38260,Surfactants [MBAS],208,C3,MAX,Concentration3,ug/L,.20800001,mg/L,100,ug/L,,12/31/2025
PR0026042,001,38260,Surfactants [MBAS],1750,C3,MAX,Concentration3,ug/L,1.75000008,mg/L,100,ug/L,,01/31/2026
PR0026042,001,39032,Pentachlorophenol,NA,C3,MAX,Concentration3,,,mg/L,,ug/L,B,01/31/2020
PR0026042,001,39032,Pentachlorophenol,NA,C3,MAX,Concentration3,,,mg/L,,ug/L,B,02/29/2020
PR0026042,001,39032,Pentachlorophenol,NA,C3,MAX,Concentration3,,,mg/L,,ug/L,B,03/31/2020
PR0026042,001,39032,Pentachlorophenol,NA,C3,MAX,Concentration3,,,mg/L,,ug/L,B,04/30/2020
PR0026042,001,39032,Pentachlorophenol,NA,C3,MAX,Concentration3,,,mg/L,,ug/L,B,05/31/2020
PR0026042,001,39032,Pentachlorophenol,NA,C3,MAX,Concentration3,,,mg/L,,ug/L,B,06/30/2020
PR0026042,001,39032,Pentachlorophenol,NA,C3,MAX,Concentration3,,,mg/L,,ug/L,B,07/31/2020
PR0026042,001,39032,Pentachlorophenol,NA,C3,MAX,Concentration3,,,mg/L,,ug/L,B,08/31/2020
PR0026042,001,39032,Pentachlorophenol,NA,C3,MAX,Concentration3,,,mg/L,,ug/L,B,09/30/2020
PR0026042,001,39032,Pentachlorophenol,NA,C3,MAX,Concentration3,,,mg/L,,ug/L,B,10/31/2020
PR0026042,001,39032,Pentachlorophenol,NA,C3,MAX,Concentration3,,,mg/L,,ug/L,B,11/30/2020
PR0026042,001,39032,Pentachlorophenol,NA,C3,MAX,Concentration3,,,mg/L,,ug/L,B,12/31/2020
PR0026042,001,39032,Pentachlorophenol,NA,C3,MAX,Concentration3,,,mg/L,,ug/L,B,01/31/2021
PR0026042,001,39032,Pentachlorophenol,NA,C3,MAX,Concentration3,,,mg/L,,ug/L,B,02/28/2021
PR0026042,001,39032,Pentachlorophenol,NA,C3,MAX,Concentration3,,,mg/L,,ug/L,B,03/31/2021
PR0026042,001,39032,Pentachlorophenol,NA,C3,MAX,Concentration3,,,mg/L,,ug/L,B,04/30/2021
PR0026042,001,39032,Pentachlorophenol,NA,C3,MAX,Concentration3,,,mg/L,,ug/L,B,05/31/2021
PR0026042,001,39032,Pentachlorophenol,NA,C3,MAX,Concentration3,,,mg/L,,ug/L,B,06/30/2021
PR0026042,001,39032,Pentachlorophenol,NA,C3,MAX,Concentration3,,,mg/L,,ug/L,B,07/31/2021
PR0026042,001,39032,Pentachlorophenol,NA,C3,MAX,Concentration3,,,mg/L,,ug/L,B,08/31/2021
PR0026042,001,39032,Pentachlorophenol,NA,C3,MAX,Concentration3,,,mg/L,,ug/L,B,09/30/2021
PR0026042,001,39032,Pentachlorophenol,NA,C3,MAX,Concentration3,,,mg/L,,ug/L,B,10/31/2021
PR0026042,001,39032,Pentachlorophenol,NA,C3,MAX,Concentration3,,,mg/L,,ug/L,B,11/30/2021
PR0026042,001,39032,Pentachlorophenol,NA,C3,MAX,Concentration3,,,mg/L,,ug/L,B,12/31/2021
PR0026042,001,39032,Pentachlorophenol,NA,C3,MAX,Concentration3,,,mg/L,,ug/L,B,01/31/2022
PR0026042,001,39032,Pentachlorophenol,NA,C3,MAX,Concentration3,,,mg/L,,ug/L,B,02/28/2022
PR0026042,001,39032,Pentachlorophenol,NA,C3,MAX,Concentration3,,,mg/L,,ug/L,B,03/31/2022
PR0026042,001,39032,Pentachlorophenol,NA,C3,MAX,Concentration3,,,mg/L,,ug/L,B,04/30/2022
PR0026042,001,39032,Pentachlorophenol,NA,C3,MAX,Concentration3,,,mg/L,,ug/L,B,05/31/2022
PR0026042,001,39032,Pentachlorophenol,NA,C3,MAX,Concentration3,,,mg/L,,ug/L,B,06/30/2022
PR0026042,001,39032,Pentachlorophenol,NA,C3,MAX,Concentration3,,,mg/L,,ug/L,B,07/31/2022
PR0026042,001,39032,Pentachlorophenol,NA,C3,MAX,Concentration3,,,mg/L,,ug/L,B,08/31/2022
PR0026042,001,39032,Pentachlorophenol,NA,C3,MAX,Concentration3,,,mg/L,,ug/L,B,09/30/2022
PR0026042,001,39032,Pentachlorophenol,NA,C3,MAX,Concentration3,,,mg/L,,ug/L,B,10/31/2022
PR0026042,001,39032,Pentachlorophenol,NA,C3,MAX,Concentration3,,,mg/L,,ug/L,B,11/30/2022
PR0026042,001,39032,Pentachlorophenol,NA,C3,MAX,Concentration3,,,mg/L,,ug/L,B,12/31/2022
PR0026042,001,39032,Pentachlorophenol,NA,C3,MAX,Concentration3,,,mg/L,,ug/L,B,01/31/2023
PR0026042,001,39032,Pentachlorophenol,NA,C3,MAX,Concentration3,,,mg/L,,ug/L,B,02/28/2023
PR0026042,001,39032,Pentachlorophenol,NA,C3,MAX,Concentration3,,,mg/L,,ug/L,B,03/31/2023
PR0026042,001,39032,Pentachlorophenol,NA,C3,MAX,Concentration3,,,mg/L,,ug/L,B,04/30/2023
PR0026042,001,39032,Pentachlorophenol,NA,C3,MAX,Concentration3,,,mg/L,,ug/L,B,05/31/2023
PR0026042,001,39032,Pentachlorophenol,NA,C3,MAX,Concentration3,,,mg/L,,ug/L,B,06/30/2023
PR0026042,001,39032,Pentachlorophenol,NA,C3,MAX,Concentration3,,,mg/L,,ug/L,B,07/31/2023
PR0026042,001,39032,Pentachlorophenol,NA,C3,MAX,Concentration3,,,mg/L,,ug/L,B,08/31/2023
PR0026042,001,39032,Pentachlorophenol,NA,C3,MAX,Concentration3,,,mg/L,,ug/L,B,09/30/2023
PR0026042,001,39032,Pentachlorophenol,NA,C3,MAX,Concentration3,,,mg/L,,ug/L,B,10/31/2023
PR0026042,001,39032,Pentachlorophenol,NA,C3,MAX,Concentration3,,,mg/L,,ug/L,B,11/30/2023
PR0026042,001,39032,Pentachlorophenol,NA,C3,MAX,Concentration3,,,mg/L,,ug/L,B,12/31/2023
PR0026042,001,39032,Pentachlorophenol,NA,C3,MAX,Concentration3,,,mg/L,,ug/L,B,01/31/2024
PR0026042,001,39032,Pentachlorophenol,NA,C3,MAX,Concentration3,,,mg/L,,ug/L,B,02/29/2024
PR0026042,001,39032,Pentachlorophenol,NA,C3,MAX,Concentration3,,,mg/L,,ug/L,B,03/31/2024
PR0026042,001,39032,Pentachlorophenol,NA,C3,MAX,Concentration3,,,mg/L,,ug/L,B,04/30/2024
PR0026042,001,39032,Pentachlorophenol,NA,C3,MAX,Concentration3,,,mg/L,,ug/L,B,05/31/2024
PR0026042,001,39032,Pentachlorophenol,NA,C3,MAX,Concentration3,,,mg/L,,ug/L,B,06/30/2024
PR0026042,001,39032,Pentachlorophenol,NA,C3,MAX,Concentration3,,,mg/L,,ug/L,B,07/31/2024
PR0026042,001,39032,Pentachlorophenol,NA,C3,MAX,Concentration3,,,mg/L,,ug/L,B,08/31/2024
PR0026042,001,39032,Pentachlorophenol,NA,C3,MAX,Concentration3,,,mg/L,,ug/L,B,09/30/2024
PR0026042,001,39032,Pentachlorophenol,NA,C3,MAX,Concentration3,,,mg/L,,ug/L,B,10/31/2024
PR0026042,001,39032,Pentachlorophenol,NA,C3,MAX,Concentration3,,,mg/L,,ug/L,B,11/30/2024
PR0026042,001,39032,Pentachlorophenol,NA,C3,MAX,Concentration3,,,mg/L,,ug/L,B,12/31/2024
PR0026042,001,39032,Pentachlorophenol,NA,C3,MAX,Concentration3,,,mg/L,,ug/L,B,01/31/2025
PR0026042,001,39032,Pentachlorophenol,NA,C3,MAX,Concentration3,,,mg/L,,ug/L,B,02/28/2025
PR0026042,001,39032,Pentachlorophenol,NA,C3,MAX,Concentration3,,,mg/L,,ug/L,B,03/31/2025
PR0026042,001,39032,Pentachlorophenol,NA,C3,MAX,Concentration3,,,mg/L,,ug/L,B,04/30/2025
PR0026042,001,39032,Pentachlorophenol,NA,C3,MAX,Concentration3,,,mg/L,,ug/L,B,05/31/2025
PR0026042,001,39032,Pentachlorophenol,NA,C3,MAX,Concentration3,,,mg/L,,ug/L,B,06/30/2025
PR0026042,001,39032,Pentachlorophenol,NA,C3,MAX,Concentration3,,,mg/L,,ug/L,B,07/31/2025
PR0026042,001,39032,Pentachlorophenol,NA,C3,MAX,Concentration3,,,mg/L,,ug/L,B,08/31/2025
PR0026042,001,39032,Pentachlorophenol,NA,C3,MAX,Concentration3,,,mg/L,,ug/L,B,09/30/2025
PR0026042,001,39032,Pentachlorophenol,NA,C3,MAX,Concentration3,,,mg/L,,ug/L,B,10/31/2025
PR0026042,001,39032,Pentachlorophenol,NA,C3,MAX,Concentration3,,,mg/L,,ug/L,B,11/30/2025
PR0026042,001,39032,Pentachlorophenol,NA,C3,MAX,Concentration3,,,mg/L,,ug/L,B,12/31/2025
PR0026042,001,39032,Pentachlorophenol,NA,C3,MAX,Concentration3,,,mg/L,,ug/L,B,01/31/2026
PR0026042,001,50050,"Flow, in conduit or thru treatment plant",0.014,Q2,MAX,Quantity2,MGD,.014,MGD,.1,MGD,,01/31/2020
PR0026042,001,50050,"Flow, in conduit or thru treatment plant",0.011,Q2,MAX,Quantity2,MGD,.011,MGD,.1,MGD,,02/29/2020
PR0026042,001,50050,"Flow, in conduit or thru treatment plant",0.001,Q2,MAX,Quantity2,MGD,.001,MGD,.1,MGD,,03/31/2020
PR0026042,001,50050,"Flow, in conduit or thru treatment plant",0.012,Q2,MAX,Quantity2,MGD,.012,MGD,.1,MGD,,04/30/2020
PR0026042,001,50050,"Flow, in conduit or thru treatment plant",0.013,Q2,MAX,Quantity2,MGD,.013,MGD,.1,MGD,,05/31/2020
PR0026042,001,50050,"Flow, in conduit or thru treatment plant",0.013,Q2,MAX,Quantity2,MGD,.013,MGD,.1,MGD,,06/30/2020
PR0026042,001,50050,"Flow, in conduit or thru treatment plant",0.0126,Q2,MAX,Quantity2,MGD,.0126,MGD,.1,MGD,,07/31/2020
PR0026042,001,50050,"Flow, in conduit or thru treatment plant",0.013,Q2,MAX,Quantity2,MGD,.013,MGD,.1,MGD,,08/31/2020
PR0026042,001,50050,"Flow, in conduit or thru treatment plant",0.017,Q2,MAX,Quantity2,MGD,.017,MGD,.1,MGD,,09/30/2020
PR0026042,001,50050,"Flow, in conduit or thru treatment plant",0.01,Q2,MAX,Quantity2,MGD,.01,MGD,.1,MGD,,10/31/2020
PR0026042,001,50050,"Flow, in conduit or thru treatment plant",0.019,Q2,MAX,Quantity2,MGD,.019,MGD,.1,MGD,,11/30/2020
PR0026042,001,50050,"Flow, in conduit or thru treatment plant",0.012,Q2,MAX,Quantity2,MGD,.012,MGD,.1,MGD,,12/31/2020
PR0026042,001,50050,"Flow, in conduit or thru treatment plant",0.013,Q2,MAX,Quantity2,MGD,.013,MGD,.1,MGD,,01/31/2021
PR0026042,001,50050,"Flow, in conduit or thru treatment plant",0.013,Q2,MAX,Quantity2,MGD,.013,MGD,.1,MGD,,02/28/2021
PR0026042,001,50050,"Flow, in conduit or thru treatment plant",0.011,Q2,MAX,Quantity2,MGD,.011,MGD,.1,MGD,,03/31/2021
PR0026042,001,50050,"Flow, in conduit or thru treatment plant",0.014,Q2,MAX,Quantity2,MGD,.014,MGD,.1,MGD,,04/30/2021
PR0026042,001,50050,"Flow, in conduit or thru treatment plant",0.016,Q2,MAX,Quantity2,MGD,.016,MGD,.1,MGD,,05/31/2021
PR0026042,001,50050,"Flow, in conduit or thru treatment plant",0.017,Q2,MAX,Quantity2,MGD,.017,MGD,.1,MGD,,06/30/2021
PR0026042,001,50050,"Flow, in conduit or thru treatment plant",0.0158,Q2,MAX,Quantity2,MGD,.0158,MGD,.1,MGD,,07/31/2021
PR0026042,001,50050,"Flow, in conduit or thru treatment plant",0.0125,Q2,MAX,Quantity2,MGD,.0125,MGD,.1,MGD,,08/31/2021
PR0026042,001,50050,"Flow, in conduit or thru treatment plant",0.056,Q2,MAX,Quantity2,MGD,.056,MGD,.1,MGD,,09/30/2021
PR0026042,001,50050,"Flow, in conduit or thru treatment plant",0.016,Q2,MAX,Quantity2,MGD,.016,MGD,.1,MGD,,10/31/2021
PR0026042,001,50050,"Flow, in conduit or thru treatment plant",0.0146,Q2,MAX,Quantity2,MGD,.0146,MGD,.1,MGD,,11/30/2021
PR0026042,001,50050,"Flow, in conduit or thru treatment plant",0.01,Q2,MAX,Quantity2,MGD,.01,MGD,.1,MGD,,12/31/2021
PR0026042,001,50050,"Flow, in conduit or thru treatment plant",0.013,Q2,MAX,Quantity2,MGD,.013,MGD,.1,MGD,,01/31/2022
PR0026042,001,50050,"Flow, in conduit or thru treatment plant",0.013,Q2,MAX,Quantity2,MGD,.013,MGD,.1,MGD,,02/28/2022
PR0026042,001,50050,"Flow, in conduit or thru treatment plant",0.013,Q2,MAX,Quantity2,MGD,.013,MGD,.1,MGD,,03/31/2022
PR0026042,001,50050,"Flow, in conduit or thru treatment plant",0.018,Q2,MAX,Quantity2,MGD,.018,MGD,.1,MGD,,04/30/2022
PR0026042,001,50050,"Flow, in conduit or thru treatment plant",0.011,Q2,MAX,Quantity2,MGD,.011,MGD,.1,MGD,,05/31/2022
PR0026042,001,50050,"Flow, in conduit or thru treatment plant",0.013,Q2,MAX,Quantity2,MGD,.013,MGD,.1,MGD,,06/30/2022
PR0026042,001,50050,"Flow, in conduit or thru treatment plant",0.014,Q2,MAX,Quantity2,MGD,.014,MGD,.1,MGD,,07/31/2022
PR0026042,001,50050,"Flow, in conduit or thru treatment plant",0.017,Q2,MAX,Quantity2,MGD,.017,MGD,.1,MGD,,08/31/2022
PR0026042,001,50050,"Flow, in conduit or thru treatment plant",0.015,Q2,MAX,Quantity2,MGD,.015,MGD,.1,MGD,,09/30/2022
PR0026042,001,50050,"Flow, in conduit or thru treatment plant",0.016,Q2,MAX,Quantity2,MGD,.016,MGD,.1,MGD,,10/31/2022
PR0026042,001,50050,"Flow, in conduit or thru treatment plant",0.019,Q2,MAX,Quantity2,MGD,.019,MGD,.1,MGD,,11/30/2022
PR0026042,001,50050,"Flow, in conduit or thru treatment plant",0.014,Q2,MAX,Quantity2,MGD,.014,MGD,.1,MGD,,12/31/2022
PR0026042,001,50050,"Flow, in conduit or thru treatment plant",0.012,Q2,MAX,Quantity2,MGD,.012,MGD,.1,MGD,,01/31/2023
PR0026042,001,50050,"Flow, in conduit or thru treatment plant",0.014,Q2,MAX,Quantity2,MGD,.014,MGD,.1,MGD,,02/28/2023
PR0026042,001,50050,"Flow, in conduit or thru treatment plant",0.013,Q2,MAX,Quantity2,MGD,.013,MGD,.1,MGD,,03/31/2023
PR0026042,001,50050,"Flow, in conduit or thru treatment plant",0.015,Q2,MAX,Quantity2,MGD,.015,MGD,.1,MGD,,04/30/2023
PR0026042,001,50050,"Flow, in conduit or thru treatment plant",0.011,Q2,MAX,Quantity2,MGD,.011,MGD,.1,MGD,,05/31/2023
PR0026042,001,50050,"Flow, in conduit or thru treatment plant",0.013,Q2,MAX,Quantity2,MGD,.013,MGD,.1,MGD,,06/30/2023
PR0026042,001,50050,"Flow, in conduit or thru treatment plant",0.012,Q2,MAX,Quantity2,MGD,.012,MGD,.1,MGD,,07/31/2023
PR0026042,001,50050,"Flow, in conduit or thru treatment plant",0.0145,Q2,MAX,Quantity2,MGD,.0145,MGD,.1,MGD,,08/31/2023
PR0026042,001,50050,"Flow, in conduit or thru treatment plant",0.012,Q2,MAX,Quantity2,MGD,.012,MGD,.1,MGD,,09/30/2023
PR0026042,001,50050,"Flow, in conduit or thru treatment plant",0.0016,Q2,MAX,Quantity2,MGD,.0016,MGD,.1,MGD,,10/31/2023
PR0026042,001,50050,"Flow, in conduit or thru treatment plant",0.0128,Q2,MAX,Quantity2,MGD,.0128,MGD,.1,MGD,,11/30/2023
PR0026042,001,50050,"Flow, in conduit or thru treatment plant",0.016,Q2,MAX,Quantity2,MGD,.016,MGD,.1,MGD,,12/31/2023
PR0026042,001,50050,"Flow, in conduit or thru treatment plant",0.0137,Q2,MAX,Quantity2,MGD,.0137,MGD,.1,MGD,,01/31/2024
PR0026042,001,50050,"Flow, in conduit or thru treatment plant",0.022,Q2,MAX,Quantity2,MGD,.022,MGD,.1,MGD,,02/29/2024
PR0026042,001,50050,"Flow, in conduit or thru treatment plant",0.0128,Q2,MAX,Quantity2,MGD,.0128,MGD,.1,MGD,,03/31/2024
PR0026042,001,50050,"Flow, in conduit or thru treatment plant",0.011,Q2,MAX,Quantity2,MGD,.011,MGD,.1,MGD,,04/30/2024
PR0026042,001,50050,"Flow, in conduit or thru treatment plant",0.0157,Q2,MAX,Quantity2,MGD,.0157,MGD,.1,MGD,,05/31/2024
PR0026042,001,50050,"Flow, in conduit or thru treatment plant",0.0128,Q2,MAX,Quantity2,MGD,.0128,MGD,.1,MGD,,06/30/2024
PR0026042,001,50050,"Flow, in conduit or thru treatment plant",1.14e-5,Q2,MAX,Quantity2,MGD,.0000114,MGD,.1,MGD,,07/31/2024
PR0026042,001,50050,"Flow, in conduit or thru treatment plant",0.025,Q2,MAX,Quantity2,MGD,.025,MGD,.1,MGD,,08/31/2024
PR0026042,001,50050,"Flow, in conduit or thru treatment plant",0.02,Q2,MAX,Quantity2,MGD,.02,MGD,.1,MGD,,09/30/2024
PR0026042,001,50050,"Flow, in conduit or thru treatment plant",0.0138,Q2,MAX,Quantity2,MGD,.0138,MGD,.1,MGD,,10/31/2024
PR0026042,001,50050,"Flow, in conduit or thru treatment plant",0.02,Q2,MAX,Quantity2,MGD,.02,MGD,.1,MGD,,11/30/2024
PR0026042,001,50050,"Flow, in conduit or thru treatment plant",0.0138,Q2,MAX,Quantity2,MGD,.0138,MGD,.1,MGD,,12/31/2024
PR0026042,001,50050,"Flow, in conduit or thru treatment plant",0.015,Q2,MAX,Quantity2,MGD,.015,MGD,.1,MGD,,01/31/2025
PR0026042,001,50050,"Flow, in conduit or thru treatment plant",0.0119,Q2,MAX,Quantity2,MGD,.0119,MGD,.1,MGD,,02/28/2025
PR0026042,001,50050,"Flow, in conduit or thru treatment plant",0.001,Q2,MAX,Quantity2,MGD,.001,MGD,.1,MGD,,03/31/2025
PR0026042,001,50050,"Flow, in conduit or thru treatment plant",0.014,Q2,MAX,Quantity2,MGD,.014,MGD,.1,MGD,,04/30/2025
PR0026042,001,50050,"Flow, in conduit or thru treatment plant",0.01,Q2,MAX,Quantity2,MGD,.01,MGD,.1,MGD,,05/31/2025
PR0026042,001,50050,"Flow, in conduit or thru treatment plant",0.0167,Q2,MAX,Quantity2,MGD,.0167,MGD,.1,MGD,,06/30/2025
PR0026042,001,50050,"Flow, in conduit or thru treatment plant",0.012,Q2,MAX,Quantity2,MGD,.012,MGD,.1,MGD,,07/31/2025
PR0026042,001,50050,"Flow, in conduit or thru treatment plant",0.009,Q2,MAX,Quantity2,MGD,.009,MGD,.1,MGD,,08/31/2025
PR0026042,001,50050,"Flow, in conduit or thru treatment plant",0.0116,Q2,MAX,Quantity2,MGD,.0116,MGD,.1,MGD,,09/30/2025
PR0026042,001,50050,"Flow, in conduit or thru treatment plant",0.0146,Q2,MAX,Quantity2,MGD,.0146,MGD,.1,MGD,,10/31/2025
PR0026042,001,50050,"Flow, in conduit or thru treatment plant",0.0104,Q2,MAX,Quantity2,MGD,.0104,MGD,.1,MGD,,11/30/2025
PR0026042,001,50050,"Flow, in conduit or thru treatment plant",0.011,Q2,MAX,Quantity2,MGD,.011,MGD,.1,MGD,,12/31/2025
PR0026042,001,50050,"Flow, in conduit or thru treatment plant",0.0207,Q2,MAX,Quantity2,MGD,.0207,MGD,.1,MGD,,01/31/2026
PR0026042,001,50060,"Chlorine, total residual",0.4,C3,MAX,Concentration3,mg/L,.4,mg/L,.5,mg/L,,01/31/2020
PR0026042,001,50060,"Chlorine, total residual",0.46,C3,MAX,Concentration3,mg/L,.46,mg/L,.5,mg/L,,02/29/2020
PR0026042,001,50060,"Chlorine, total residual",0.48,C3,MAX,Concentration3,mg/L,.48,mg/L,.5,mg/L,,03/31/2020
PR0026042,001,50060,"Chlorine, total residual",0.43,C3,MAX,Concentration3,mg/L,.43,mg/L,.5,mg/L,,04/30/2020
PR0026042,001,50060,"Chlorine, total residual",0.4,C3,MAX,Concentration3,mg/L,.4,mg/L,.5,mg/L,,05/31/2020
PR0026042,001,50060,"Chlorine, total residual",0.48,C3,MAX,Concentration3,mg/L,.48,mg/L,.5,mg/L,,06/30/2020
PR0026042,001,50060,"Chlorine, total residual",0.49,C3,MAX,Concentration3,mg/L,.49,mg/L,.5,mg/L,,07/31/2020
PR0026042,001,50060,"Chlorine, total residual",0.45,C3,MAX,Concentration3,mg/L,.45,mg/L,.5,mg/L,,08/31/2020
PR0026042,001,50060,"Chlorine, total residual",0.48,C3,MAX,Concentration3,mg/L,.48,mg/L,.5,mg/L,,09/30/2020
PR0026042,001,50060,"Chlorine, total residual",0.49,C3,MAX,Concentration3,mg/L,.49,mg/L,.5,mg/L,,10/31/2020
PR0026042,001,50060,"Chlorine, total residual",0.49,C3,MAX,Concentration3,mg/L,.49,mg/L,.5,mg/L,,11/30/2020
PR0026042,001,50060,"Chlorine, total residual",0.45,C3,MAX,Concentration3,mg/L,.45,mg/L,.5,mg/L,,12/31/2020
PR0026042,001,50060,"Chlorine, total residual",0.48,C3,MAX,Concentration3,mg/L,.48,mg/L,.5,mg/L,,01/31/2021
PR0026042,001,50060,"Chlorine, total residual",0.46,C3,MAX,Concentration3,mg/L,.46,mg/L,.5,mg/L,,02/28/2021
PR0026042,001,50060,"Chlorine, total residual",0.4,C3,MAX,Concentration3,mg/L,.4,mg/L,.5,mg/L,,03/31/2021
PR0026042,001,50060,"Chlorine, total residual",0.29,C3,MAX,Concentration3,mg/L,.29,mg/L,.5,mg/L,,04/30/2021
PR0026042,001,50060,"Chlorine, total residual",0.46,C3,MAX,Concentration3,mg/L,.46,mg/L,.5,mg/L,,05/31/2021
PR0026042,001,50060,"Chlorine, total residual",0.43,C3,MAX,Concentration3,mg/L,.43,mg/L,.5,mg/L,,06/30/2021
PR0026042,001,50060,"Chlorine, total residual",0.47,C3,MAX,Concentration3,mg/L,.47,mg/L,.5,mg/L,,07/31/2021
PR0026042,001,50060,"Chlorine, total residual",0.45,C3,MAX,Concentration3,mg/L,.45,mg/L,.5,mg/L,,08/31/2021
PR0026042,001,50060,"Chlorine, total residual",0.47,C3,MAX,Concentration3,mg/L,.47,mg/L,.5,mg/L,,09/30/2021
PR0026042,001,50060,"Chlorine, total residual",0.49,C3,MAX,Concentration3,mg/L,.49,mg/L,.5,mg/L,,10/31/2021
PR0026042,001,50060,"Chlorine, total residual",0.4,C3,MAX,Concentration3,mg/L,.4,mg/L,.5,mg/L,,11/30/2021
PR0026042,001,50060,"Chlorine, total residual",0.47,C3,MAX,Concentration3,mg/L,.47,mg/L,.5,mg/L,,12/31/2021
PR0026042,001,50060,"Chlorine, total residual",0.48,C3,MAX,Concentration3,mg/L,.48,mg/L,.5,mg/L,,01/31/2022
PR0026042,001,50060,"Chlorine, total residual",0.49,C3,MAX,Concentration3,mg/L,.49,mg/L,.5,mg/L,,02/28/2022
PR0026042,001,50060,"Chlorine, total residual",0.49,C3,MAX,Concentration3,mg/L,.49,mg/L,.5,mg/L,,03/31/2022
PR0026042,001,50060,"Chlorine, total residual",0.4,C3,MAX,Concentration3,mg/L,.4,mg/L,.5,mg/L,,04/30/2022
PR0026042,001,50060,"Chlorine, total residual",0.42,C3,MAX,Concentration3,mg/L,.42,mg/L,.5,mg/L,,05/31/2022
PR0026042,001,50060,"Chlorine, total residual",0.43,C3,MAX,Concentration3,mg/L,.43,mg/L,.5,mg/L,,06/30/2022
PR0026042,001,50060,"Chlorine, total residual",0.49,C3,MAX,Concentration3,mg/L,.49,mg/L,.5,mg/L,,07/31/2022
PR0026042,001,50060,"Chlorine, total residual",0.49,C3,MAX,Concentration3,mg/L,.49,mg/L,.5,mg/L,,08/31/2022
PR0026042,001,50060,"Chlorine, total residual",0.4,C3,MAX,Concentration3,mg/L,.4,mg/L,.5,mg/L,,09/30/2022
PR0026042,001,50060,"Chlorine, total residual",0.49,C3,MAX,Concentration3,mg/L,.49,mg/L,.5,mg/L,,10/31/2022
PR0026042,001,50060,"Chlorine, total residual",0.49,C3,MAX,Concentration3,mg/L,.49,mg/L,.5,mg/L,,11/30/2022
PR0026042,001,50060,"Chlorine, total residual",0.49,C3,MAX,Concentration3,mg/L,.49,mg/L,.5,mg/L,,12/31/2022
PR0026042,001,50060,"Chlorine, total residual",0.46,C3,MAX,Concentration3,mg/L,.46,mg/L,.5,mg/L,,01/31/2023
PR0026042,001,50060,"Chlorine, total residual",0.49,C3,MAX,Concentration3,mg/L,.49,mg/L,.5,mg/L,,02/28/2023
PR0026042,001,50060,"Chlorine, total residual",0.35,C3,MAX,Concentration3,mg/L,.35,mg/L,.5,mg/L,,03/31/2023
PR0026042,001,50060,"Chlorine, total residual",0.47,C3,MAX,Concentration3,mg/L,.47,mg/L,.5,mg/L,,04/30/2023
PR0026042,001,50060,"Chlorine, total residual",0.47,C3,MAX,Concentration3,mg/L,.47,mg/L,.5,mg/L,,05/31/2023
PR0026042,001,50060,"Chlorine, total residual",0.46,C3,MAX,Concentration3,mg/L,.46,mg/L,.5,mg/L,,06/30/2023
PR0026042,001,50060,"Chlorine, total residual",0.48,C3,MAX,Concentration3,mg/L,.48,mg/L,.5,mg/L,,07/31/2023
PR0026042,001,50060,"Chlorine, total residual",0.47,C3,MAX,Concentration3,mg/L,.47,mg/L,.5,mg/L,,08/31/2023
PR0026042,001,50060,"Chlorine, total residual",0.49,C3,MAX,Concentration3,mg/L,.49,mg/L,.5,mg/L,,09/30/2023
PR0026042,001,50060,"Chlorine, total residual",0.46,C3,MAX,Concentration3,mg/L,.46,mg/L,.5,mg/L,,10/31/2023
PR0026042,001,50060,"Chlorine, total residual",0.47,C3,MAX,Concentration3,mg/L,.47,mg/L,.5,mg/L,,11/30/2023
PR0026042,001,50060,"Chlorine, total residual",0.5,C3,MAX,Concentration3,mg/L,.5,mg/L,.5,mg/L,,12/31/2023
PR0026042,001,50060,"Chlorine, total residual",0.47,C3,MAX,Concentration3,mg/L,.47,mg/L,.5,mg/L,,01/31/2024
PR0026042,001,50060,"Chlorine, total residual",0.48,C3,MAX,Concentration3,mg/L,.48,mg/L,.5,mg/L,,02/29/2024
PR0026042,001,50060,"Chlorine, total residual",0.48,C3,MAX,Concentration3,mg/L,.48,mg/L,.5,mg/L,,03/31/2024
PR0026042,001,50060,"Chlorine, total residual",0.28,C3,MAX,Concentration3,mg/L,.28,mg/L,.5,mg/L,,04/30/2024
PR0026042,001,50060,"Chlorine, total residual",0.48,C3,MAX,Concentration3,mg/L,.48,mg/L,.5,mg/L,,05/31/2024
PR0026042,001,50060,"Chlorine, total residual",0.48,C3,MAX,Concentration3,mg/L,.48,mg/L,.5,mg/L,,06/30/2024
PR0026042,001,50060,"Chlorine, total residual",0.48,C3,MAX,Concentration3,mg/L,.48,mg/L,.5,mg/L,,07/31/2024
PR0026042,001,50060,"Chlorine, total residual",0.49,C3,MAX,Concentration3,mg/L,.49,mg/L,.5,mg/L,,08/31/2024
PR0026042,001,50060,"Chlorine, total residual",0.49,C3,MAX,Concentration3,mg/L,.49,mg/L,.5,mg/L,,09/30/2024
PR0026042,001,50060,"Chlorine, total residual",0.49,C3,MAX,Concentration3,mg/L,.49,mg/L,.5,mg/L,,10/31/2024
PR0026042,001,50060,"Chlorine, total residual",0.49,C3,MAX,Concentration3,mg/L,.49,mg/L,.5,mg/L,,11/30/2024
PR0026042,001,50060,"Chlorine, total residual",0.5,C3,MAX,Concentration3,mg/L,.5,mg/L,.5,mg/L,,12/31/2024
PR0026042,001,50060,"Chlorine, total residual",0.49,C3,MAX,Concentration3,mg/L,.49,mg/L,.5,mg/L,,01/31/2025
PR0026042,001,50060,"Chlorine, total residual",0.49,C3,MAX,Concentration3,mg/L,.49,mg/L,.5,mg/L,,02/28/2025
PR0026042,001,50060,"Chlorine, total residual",0.47,C3,MAX,Concentration3,mg/L,.47,mg/L,.5,mg/L,,03/31/2025
PR0026042,001,50060,"Chlorine, total residual",0.41,C3,MAX,Concentration3,mg/L,.41,mg/L,.5,mg/L,,04/30/2025
PR0026042,001,50060,"Chlorine, total residual",0.45,C3,MAX,Concentration3,mg/L,.45,mg/L,.5,mg/L,,05/31/2025
PR0026042,001,50060,"Chlorine, total residual",0.49,C3,MAX,Concentration3,mg/L,.49,mg/L,.5,mg/L,,06/30/2025
PR0026042,001,50060,"Chlorine, total residual",0.46,C3,MAX,Concentration3,mg/L,.46,mg/L,.5,mg/L,,07/31/2025
PR0026042,001,50060,"Chlorine, total residual",0.47,C3,MAX,Concentration3,mg/L,.47,mg/L,.5,mg/L,,08/31/2025
PR0026042,001,50060,"Chlorine, total residual",0.49,C3,MAX,Concentration3,mg/L,.49,mg/L,.5,mg/L,,09/30/2025
PR0026042,001,50060,"Chlorine, total residual",0.49,C3,MAX,Concentration3,mg/L,.49,mg/L,.5,mg/L,,10/31/2025
PR0026042,001,50060,"Chlorine, total residual",0.49,C3,MAX,Concentration3,mg/L,.49,mg/L,.5,mg/L,,11/30/2025
PR0026042,001,50060,"Chlorine, total residual",0.49,C3,MAX,Concentration3,mg/L,.49,mg/L,.5,mg/L,,12/31/2025
PR0026042,001,50060,"Chlorine, total residual",0.49,C3,MAX,Concentration3,mg/L,.49,mg/L,.5,mg/L,,01/31/2026
PR0026042,001,74055,"Coliform, fecal general",NA,C3,MAX,Concentration3,,,MPN/100mL,400,#/100mL,B,01/31/2020
PR0026042,001,74055,"Coliform, fecal general",NA,C2,AVG,Concentration2,,,MPN/100mL,200,#/100mL,B,01/31/2020
PR0026042,001,74055,"Coliform, fecal general",55.8,C2,AVG,Concentration2,#/100mL,55.8,MPN/100mL,200,#/100mL,,02/29/2020
PR0026042,001,74055,"Coliform, fecal general",170,C3,MAX,Concentration3,#/100mL,170,MPN/100mL,400,#/100mL,,02/29/2020
PR0026042,001,74055,"Coliform, fecal general",1.6,C2,AVG,Concentration2,#/100mL,1.6,MPN/100mL,200,#/100mL,,03/31/2020
PR0026042,001,74055,"Coliform, fecal general",2,C3,MAX,Concentration3,#/100mL,2,MPN/100mL,400,#/100mL,,03/31/2020
PR0026042,001,74055,"Coliform, fecal general",13,C3,MAX,Concentration3,#/100mL,13,MPN/100mL,400,#/100mL,,04/30/2020
PR0026042,001,74055,"Coliform, fecal general",4.12,C2,AVG,Concentration2,#/100mL,4.12,MPN/100mL,200,#/100mL,,04/30/2020
PR0026042,001,74055,"Coliform, fecal general",2,C3,MAX,Concentration3,#/100mL,2,MPN/100mL,400,#/100mL,,05/31/2020
PR0026042,001,74055,"Coliform, fecal general",0.76,C2,AVG,Concentration2,#/100mL,.76,MPN/100mL,200,#/100mL,,05/31/2020
PR0026042,001,74055,"Coliform, fecal general",140,C3,MAX,Concentration3,#/100mL,140,MPN/100mL,400,#/100mL,,06/30/2020
PR0026042,001,74055,"Coliform, fecal general",62,C2,AVG,Concentration2,#/100mL,62,MPN/100mL,200,#/100mL,,06/30/2020
PR0026042,001,74055,"Coliform, fecal general",2,C3,MAX,Concentration3,#/100mL,2,MPN/100mL,400,#/100mL,,07/31/2020
PR0026042,001,74055,"Coliform, fecal general",1.84,C2,AVG,Concentration2,#/100mL,1.84,MPN/100mL,200,#/100mL,,07/31/2020
PR0026042,001,74055,"Coliform, fecal general",NA,C3,MAX,Concentration3,,,MPN/100mL,400,#/100mL,B,08/31/2020
PR0026042,001,74055,"Coliform, fecal general",NA,C2,AVG,Concentration2,,,MPN/100mL,200,#/100mL,B,08/31/2020
PR0026042,001,74055,"Coliform, fecal general",3.62,C2,AVG,Concentration2,#/100mL,3.62,MPN/100mL,200,#/100mL,,09/30/2020
PR0026042,001,74055,"Coliform, fecal general",7.8,C3,MAX,Concentration3,#/100mL,7.8,MPN/100mL,400,#/100mL,,09/30/2020
PR0026042,001,74055,"Coliform, fecal general",4.5,C3,MAX,Concentration3,#/100mL,4.5,MPN/100mL,400,#/100mL,,10/31/2020
PR0026042,001,74055,"Coliform, fecal general",0.9,C2,AVG,Concentration2,#/100mL,.9,MPN/100mL,200,#/100mL,,10/31/2020
PR0026042,001,74055,"Coliform, fecal general",266,C2,AVG,Concentration2,#/100mL,266,MPN/100mL,200,#/100mL,,11/30/2020
PR0026042,001,74055,"Coliform, fecal general",490,C3,MAX,Concentration3,#/100mL,490,MPN/100mL,400,#/100mL,,11/30/2020
PR0026042,001,74055,"Coliform, fecal general",3.12,C2,AVG,Concentration2,#/100mL,3.12,MPN/100mL,200,#/100mL,,12/31/2020
PR0026042,001,74055,"Coliform, fecal general",7.8,C3,MAX,Concentration3,#/100mL,7.8,MPN/100mL,400,#/100mL,,12/31/2020
PR0026042,001,74055,"Coliform, fecal general",NA,C3,MAX,Concentration3,,,MPN/100mL,400,#/100mL,B,01/31/2021
PR0026042,001,74055,"Coliform, fecal general",NA,C2,AVG,Concentration2,,,MPN/100mL,200,#/100mL,B,01/31/2021
PR0026042,001,74055,"Coliform, fecal general",NA,C2,AVG,Concentration2,,,MPN/100mL,200,#/100mL,B,02/28/2021
PR0026042,001,74055,"Coliform, fecal general",NA,C3,MAX,Concentration3,,,MPN/100mL,400,#/100mL,B,02/28/2021
PR0026042,001,74055,"Coliform, fecal general",1.8,C3,MAX,Concentration3,#/100mL,1.8,MPN/100mL,400,#/100mL,,03/31/2021
PR0026042,001,74055,"Coliform, fecal general",1.8,C2,AVG,Concentration2,#/100mL,1.8,MPN/100mL,200,#/100mL,,03/31/2021
PR0026042,001,74055,"Coliform, fecal general",7.8,C3,MAX,Concentration3,#/100mL,7.8,MPN/100mL,400,#/100mL,,04/30/2021
PR0026042,001,74055,"Coliform, fecal general",4.02,C2,AVG,Concentration2,#/100mL,4.02,MPN/100mL,200,#/100mL,,04/30/2021
PR0026042,001,74055,"Coliform, fecal general",2,C3,MAX,Concentration3,#/100mL,2,MPN/100mL,400,#/100mL,,05/31/2021
PR0026042,001,74055,"Coliform, fecal general",0.4,C2,AVG,Concentration2,#/100mL,.4,MPN/100mL,200,#/100mL,,05/31/2021
PR0026042,001,74055,"Coliform, fecal general",63,C3,MAX,Concentration3,#/100mL,63,MPN/100mL,400,#/100mL,,06/30/2021
PR0026042,001,74055,"Coliform, fecal general",40,C2,AVG,Concentration2,#/100mL,40,MPN/100mL,200,#/100mL,,06/30/2021
PR0026042,001,74055,"Coliform, fecal general",2,C3,MAX,Concentration3,#/100mL,2,MPN/100mL,400,#/100mL,,07/31/2021
PR0026042,001,74055,"Coliform, fecal general",1.88,C2,AVG,Concentration2,#/100mL,1.88,MPN/100mL,200,#/100mL,,07/31/2021
PR0026042,001,74055,"Coliform, fecal general",1478,C2,AVG,Concentration2,#/100mL,1478,MPN/100mL,200,#/100mL,,08/31/2021
PR0026042,001,74055,"Coliform, fecal general",2300,C3,MAX,Concentration3,#/100mL,2300,MPN/100mL,400,#/100mL,,08/31/2021
PR0026042,001,74055,"Coliform, fecal general",NA,C3,MAX,Concentration3,,,MPN/100mL,400,#/100mL,B,09/30/2021
PR0026042,001,74055,"Coliform, fecal general",NA,C2,AVG,Concentration2,,,MPN/100mL,200,#/100mL,B,09/30/2021
PR0026042,001,74055,"Coliform, fecal general",1.9,C2,AVG,Concentration2,#/100mL,1.9,MPN/100mL,200,#/100mL,,10/31/2021
PR0026042,001,74055,"Coliform, fecal general",2,C3,MAX,Concentration3,#/100mL,2,MPN/100mL,400,#/100mL,,10/31/2021
PR0026042,001,74055,"Coliform, fecal general",1.84,C2,AVG,Concentration2,#/100mL,1.84,MPN/100mL,200,#/100mL,,11/30/2021
PR0026042,001,74055,"Coliform, fecal general",2,C3,MAX,Concentration3,#/100mL,2,MPN/100mL,400,#/100mL,,11/30/2021
PR0026042,001,74055,"Coliform, fecal general",NA,C3,MAX,Concentration3,,,MPN/100mL,400,#/100mL,B,12/31/2021
PR0026042,001,74055,"Coliform, fecal general",NA,C2,AVG,Concentration2,,,MPN/100mL,200,#/100mL,B,12/31/2021
PR0026042,001,74055,"Coliform, fecal general",NA,C2,AVG,Concentration2,,,MPN/100mL,200,#/100mL,B,01/31/2022
PR0026042,001,74055,"Coliform, fecal general",NA,C3,MAX,Concentration3,,,MPN/100mL,400,#/100mL,B,01/31/2022
PR0026042,001,74055,"Coliform, fecal general",1.8,C2,AVG,Concentration2,#/100mL,1.8,MPN/100mL,200,#/100mL,,02/28/2022
PR0026042,001,74055,"Coliform, fecal general",1.8,C3,MAX,Concentration3,#/100mL,1.8,MPN/100mL,400,#/100mL,,02/28/2022
PR0026042,001,74055,"Coliform, fecal general",NA,C3,MAX,Concentration3,,,MPN/100mL,400,#/100mL,B,03/31/2022
PR0026042,001,74055,"Coliform, fecal general",NA,C2,AVG,Concentration2,,,MPN/100mL,200,#/100mL,B,03/31/2022
PR0026042,001,74055,"Coliform, fecal general",1.8,C3,MAX,Concentration3,#/100mL,1.8,MPN/100mL,400,#/100mL,,04/30/2022
PR0026042,001,74055,"Coliform, fecal general",1.8,C2,AVG,Concentration2,#/100mL,1.8,MPN/100mL,200,#/100mL,,04/30/2022
PR0026042,001,74055,"Coliform, fecal general",1.8,C2,AVG,Concentration2,#/100mL,1.8,MPN/100mL,200,#/100mL,,05/31/2022
PR0026042,001,74055,"Coliform, fecal general",1.8,C3,MAX,Concentration3,#/100mL,1.8,MPN/100mL,400,#/100mL,,05/31/2022
PR0026042,001,74055,"Coliform, fecal general",2,C2,AVG,Concentration2,#/100mL,2,MPN/100mL,200,#/100mL,,06/30/2022
PR0026042,001,74055,"Coliform, fecal general",2,C3,MAX,Concentration3,#/100mL,2,MPN/100mL,400,#/100mL,,06/30/2022
PR0026042,001,74055,"Coliform, fecal general",13,C3,MAX,Concentration3,#/100mL,13,MPN/100mL,400,#/100mL,,07/31/2022
PR0026042,001,74055,"Coliform, fecal general",4.3,C2,AVG,Concentration2,#/100mL,4.3,MPN/100mL,200,#/100mL,,07/31/2022
PR0026042,001,74055,"Coliform, fecal general",6.8,C3,MAX,Concentration3,#/100mL,6.8,MPN/100mL,400,#/100mL,,08/31/2022
PR0026042,001,74055,"Coliform, fecal general",3.56,C2,AVG,Concentration2,#/100mL,3.56,MPN/100mL,200,#/100mL,,08/31/2022
PR0026042,001,74055,"Coliform, fecal general",17,C3,MAX,Concentration3,#/100mL,17,MPN/100mL,400,#/100mL,,09/30/2022
PR0026042,001,74055,"Coliform, fecal general",6.5,C2,AVG,Concentration2,#/100mL,6.5,MPN/100mL,200,#/100mL,,09/30/2022
PR0026042,001,74055,"Coliform, fecal general",NA,C2,AVG,Concentration2,,,MPN/100mL,200,#/100mL,B,10/31/2022
PR0026042,001,74055,"Coliform, fecal general",NA,C3,MAX,Concentration3,,,MPN/100mL,400,#/100mL,B,10/31/2022
PR0026042,001,74055,"Coliform, fecal general",1.8,C3,MAX,Concentration3,#/100mL,1.8,MPN/100mL,400,#/100mL,,11/30/2022
PR0026042,001,74055,"Coliform, fecal general",1.8,C2,AVG,Concentration2,#/100mL,1.8,MPN/100mL,200,#/100mL,,11/30/2022
PR0026042,001,74055,"Coliform, fecal general",NA,C3,MAX,Concentration3,,,MPN/100mL,400,#/100mL,B,12/31/2022
PR0026042,001,74055,"Coliform, fecal general",NA,C2,AVG,Concentration2,,,MPN/100mL,200,#/100mL,B,12/31/2022
PR0026042,001,74055,"Coliform, fecal general",1.8,C3,MAX,Concentration3,#/100mL,1.8,MPN/100mL,400,#/100mL,,01/31/2023
PR0026042,001,74055,"Coliform, fecal general",1.8,C2,AVG,Concentration2,#/100mL,1.8,MPN/100mL,200,#/100mL,,01/31/2023
PR0026042,001,74055,"Coliform, fecal general",1.8,C3,MAX,Concentration3,#/100mL,1.8,MPN/100mL,400,#/100mL,,02/28/2023
PR0026042,001,74055,"Coliform, fecal general",1.8,C2,AVG,Concentration2,#/100mL,1.8,MPN/100mL,200,#/100mL,,02/28/2023
PR0026042,001,74055,"Coliform, fecal general",4.16,C3,MAX,Concentration3,#/100mL,4.16,MPN/100mL,400,#/100mL,,03/31/2023
PR0026042,001,74055,"Coliform, fecal general",13,C2,AVG,Concentration2,#/100mL,13,MPN/100mL,200,#/100mL,,03/31/2023
PR0026042,001,74055,"Coliform, fecal general",10,C3,MAX,Concentration3,#/100mL,10,MPN/100mL,400,#/100mL,,04/30/2023
PR0026042,001,74055,"Coliform, fecal general",6.36,C2,AVG,Concentration2,#/100mL,6.36,MPN/100mL,200,#/100mL,,04/30/2023
PR0026042,001,74055,"Coliform, fecal general",1.8,C2,AVG,Concentration2,#/100mL,1.8,MPN/100mL,200,#/100mL,,05/31/2023
PR0026042,001,74055,"Coliform, fecal general",1.8,C3,MAX,Concentration3,#/100mL,1.8,MPN/100mL,400,#/100mL,,05/31/2023
PR0026042,001,74055,"Coliform, fecal general",3.8,C2,AVG,Concentration2,#/100mL,3.8,MPN/100mL,200,#/100mL,,06/30/2023
PR0026042,001,74055,"Coliform, fecal general",4.5,C3,MAX,Concentration3,#/100mL,4.5,MPN/100mL,400,#/100mL,,06/30/2023
PR0026042,001,74055,"Coliform, fecal general",1.8,C2,AVG,Concentration2,#/100mL,1.8,MPN/100mL,200,#/100mL,,07/31/2023
PR0026042,001,74055,"Coliform, fecal general",1.8,C3,MAX,Concentration3,#/100mL,1.8,MPN/100mL,400,#/100mL,,07/31/2023
PR0026042,001,74055,"Coliform, fecal general",1.8,C3,MAX,Concentration3,#/100mL,1.8,MPN/100mL,400,#/100mL,,08/31/2023
PR0026042,001,74055,"Coliform, fecal general",1.8,C2,AVG,Concentration2,#/100mL,1.8,MPN/100mL,200,#/100mL,,08/31/2023
PR0026042,001,74055,"Coliform, fecal general",1.8,C2,AVG,Concentration2,#/100mL,1.8,MPN/100mL,200,#/100mL,,09/30/2023
PR0026042,001,74055,"Coliform, fecal general",1.8,C3,MAX,Concentration3,#/100mL,1.8,MPN/100mL,400,#/100mL,,09/30/2023
PR0026042,001,74055,"Coliform, fecal general",4.5,C3,MAX,Concentration3,#/100mL,4.5,MPN/100mL,400,#/100mL,,10/31/2023
PR0026042,001,74055,"Coliform, fecal general",2.96,C2,AVG,Concentration2,#/100mL,2.96,MPN/100mL,200,#/100mL,,10/31/2023
PR0026042,001,74055,"Coliform, fecal general",1.8,C3,MAX,Concentration3,#/100mL,1.8,MPN/100mL,400,#/100mL,,11/30/2023
PR0026042,001,74055,"Coliform, fecal general",1.8,C2,AVG,Concentration2,#/100mL,1.8,MPN/100mL,200,#/100mL,,11/30/2023
PR0026042,001,74055,"Coliform, fecal general",1.8,C3,MAX,Concentration3,#/100mL,1.8,MPN/100mL,400,#/100mL,,12/31/2023
PR0026042,001,74055,"Coliform, fecal general",1.8,C2,AVG,Concentration2,#/100mL,1.8,MPN/100mL,200,#/100mL,,12/31/2023
PR0026042,001,74055,"Coliform, fecal general",NA,C2,AVG,Concentration2,,,MPN/100mL,200,#/100mL,B,01/31/2024
PR0026042,001,74055,"Coliform, fecal general",NA,C3,MAX,Concentration3,,,MPN/100mL,400,#/100mL,B,01/31/2024
PR0026042,001,74055,"Coliform, fecal general",1.9,C2,AVG,Concentration2,#/100mL,1.9,MPN/100mL,200,#/100mL,,02/29/2024
PR0026042,001,74055,"Coliform, fecal general",2,C3,MAX,Concentration3,#/100mL,2,MPN/100mL,400,#/100mL,,02/29/2024
PR0026042,001,74055,"Coliform, fecal general",1.8,C3,MAX,Concentration3,#/100mL,1.8,MPN/100mL,400,#/100mL,,03/31/2024
PR0026042,001,74055,"Coliform, fecal general",1.8,C2,AVG,Concentration2,#/100mL,1.8,MPN/100mL,200,#/100mL,,03/31/2024
PR0026042,001,74055,"Coliform, fecal general",2,C3,MAX,Concentration3,#/100mL,2,MPN/100mL,400,#/100mL,,04/30/2024
PR0026042,001,74055,"Coliform, fecal general",0.8,C2,AVG,Concentration2,#/100mL,.8,MPN/100mL,200,#/100mL,,04/30/2024
PR0026042,001,74055,"Coliform, fecal general",940,C3,MAX,Concentration3,#/100mL,940,MPN/100mL,400,#/100mL,,05/31/2024
PR0026042,001,74055,"Coliform, fecal general",432,C2,AVG,Concentration2,#/100mL,432,MPN/100mL,200,#/100mL,,05/31/2024
PR0026042,001,74055,"Coliform, fecal general",1.8,C2,AVG,Concentration2,#/100mL,1.8,MPN/100mL,200,#/100mL,,06/30/2024
PR0026042,001,74055,"Coliform, fecal general",1.8,C3,MAX,Concentration3,#/100mL,1.8,MPN/100mL,400,#/100mL,,06/30/2024
PR0026042,001,74055,"Coliform, fecal general",NA,C2,AVG,Concentration2,,,MPN/100mL,200,#/100mL,B,07/31/2024
PR0026042,001,74055,"Coliform, fecal general",NA,C3,MAX,Concentration3,,,MPN/100mL,400,#/100mL,B,07/31/2024
PR0026042,001,74055,"Coliform, fecal general",1.8,C3,MAX,Concentration3,#/100mL,1.8,MPN/100mL,400,#/100mL,,08/31/2024
PR0026042,001,74055,"Coliform, fecal general",1.8,C2,AVG,Concentration2,#/100mL,1.8,MPN/100mL,200,#/100mL,,08/31/2024
PR0026042,001,74055,"Coliform, fecal general",2,C3,MAX,Concentration3,#/100mL,2,MPN/100mL,400,#/100mL,,09/30/2024
PR0026042,001,74055,"Coliform, fecal general",1.8,C2,AVG,Concentration2,#/100mL,1.8,MPN/100mL,200,#/100mL,,09/30/2024
PR0026042,001,74055,"Coliform, fecal general",NA,C3,MAX,Concentration3,,,MPN/100mL,400,#/100mL,B,10/31/2024
PR0026042,001,74055,"Coliform, fecal general",NA,C2,AVG,Concentration2,,,MPN/100mL,200,#/100mL,B,10/31/2024
PR0026042,001,74055,"Coliform, fecal general",2,C3,MAX,Concentration3,#/100mL,2,MPN/100mL,400,#/100mL,,11/30/2024
PR0026042,001,74055,"Coliform, fecal general",1.9,C2,AVG,Concentration2,#/100mL,1.9,MPN/100mL,200,#/100mL,,11/30/2024
PR0026042,001,74055,"Coliform, fecal general",1.8,C2,AVG,Concentration2,#/100mL,1.8,MPN/100mL,200,#/100mL,,12/31/2024
PR0026042,001,74055,"Coliform, fecal general",1.8,C3,MAX,Concentration3,#/100mL,1.8,MPN/100mL,400,#/100mL,,12/31/2024
PR0026042,001,74055,"Coliform, fecal general",NA,C2,AVG,Concentration2,,,MPN/100mL,200,#/100mL,B,01/31/2025
PR0026042,001,74055,"Coliform, fecal general",NA,C3,MAX,Concentration3,,,MPN/100mL,400,#/100mL,B,01/31/2025
PR0026042,001,74055,"Coliform, fecal general",1.8,C2,AVG,Concentration2,#/100mL,1.8,MPN/100mL,200,#/100mL,,02/28/2025
PR0026042,001,74055,"Coliform, fecal general",1,C3,MAX,Concentration3,#/100mL,1,MPN/100mL,400,#/100mL,,02/28/2025
PR0026042,001,74055,"Coliform, fecal general",1.8,C2,AVG,Concentration2,#/100mL,1.8,MPN/100mL,200,#/100mL,,03/31/2025
PR0026042,001,74055,"Coliform, fecal general",1.8,C3,MAX,Concentration3,#/100mL,1.8,MPN/100mL,400,#/100mL,,03/31/2025
PR0026042,001,74055,"Coliform, fecal general",17,C3,MAX,Concentration3,#/100mL,17,MPN/100mL,400,#/100mL,,04/30/2025
PR0026042,001,74055,"Coliform, fecal general",12.56,C2,AVG,Concentration2,#/100mL,12.56,MPN/100mL,200,#/100mL,,04/30/2025
PR0026042,001,74055,"Coliform, fecal general",NA,C2,AVG,Concentration2,,,MPN/100mL,200,#/100mL,B,05/31/2025
PR0026042,001,74055,"Coliform, fecal general",NA,C3,MAX,Concentration3,,,MPN/100mL,400,#/100mL,B,05/31/2025
PR0026042,001,74055,"Coliform, fecal general",NA,C2,AVG,Concentration2,,,MPN/100mL,200,#/100mL,B,06/30/2025
PR0026042,001,74055,"Coliform, fecal general",NA,C3,MAX,Concentration3,,,MPN/100mL,400,#/100mL,B,06/30/2025
PR0026042,001,74055,"Coliform, fecal general",NA,C3,MAX,Concentration3,,,MPN/100mL,400,#/100mL,B,07/31/2025
PR0026042,001,74055,"Coliform, fecal general",NA,C2,AVG,Concentration2,,,MPN/100mL,200,#/100mL,B,07/31/2025
PR0026042,001,74055,"Coliform, fecal general",NA,C3,MAX,Concentration3,,,MPN/100mL,400,#/100mL,B,08/31/2025
PR0026042,001,74055,"Coliform, fecal general",NA,C2,AVG,Concentration2,,,MPN/100mL,200,#/100mL,B,08/31/2025
PR0026042,001,74055,"Coliform, fecal general",18.6,C2,AVG,Concentration2,#/100mL,18.6,MPN/100mL,200,#/100mL,,09/30/2025
PR0026042,001,74055,"Coliform, fecal general",23,C3,MAX,Concentration3,#/100mL,23,MPN/100mL,400,#/100mL,,09/30/2025
PR0026042,001,74055,"Coliform, fecal general",1.8,C2,AVG,Concentration2,#/100mL,1.8,MPN/100mL,200,#/100mL,,10/31/2025
PR0026042,001,74055,"Coliform, fecal general",1.8,C3,MAX,Concentration3,#/100mL,1.8,MPN/100mL,400,#/100mL,,10/31/2025
PR0026042,001,74055,"Coliform, fecal general",1.8,C3,MAX,Concentration3,#/100mL,1.8,MPN/100mL,400,#/100mL,,11/30/2025
PR0026042,001,74055,"Coliform, fecal general",1.8,C2,AVG,Concentration2,#/100mL,1.8,MPN/100mL,200,#/100mL,,11/30/2025
PR0026042,001,74055,"Coliform, fecal general",NA,C3,MAX,Concentration3,,,MPN/100mL,400,#/100mL,B,12/31/2025
PR0026042,001,74055,"Coliform, fecal general",NA,C2,AVG,Concentration2,,,MPN/100mL,200,#/100mL,B,12/31/2025
PR0026042,001,74055,"Coliform, fecal general",1.8,C2,AVG,Concentration2,#/100mL,1.8,MPN/100mL,200,#/100mL,,01/31/2026
PR0026042,001,74055,"Coliform, fecal general",1.8,C3,MAX,Concentration3,#/100mL,1.8,MPN/100mL,400,#/100mL,,01/31/2026
PR0026042,001,74056,"Coliform, total general",33,C3,MAX,Concentration3,#/100mL,33,MPN/100mL,10000,#/100mL,,01/31/2020
PR0026042,001,74056,"Coliform, total general",2300,C3,MAX,Concentration3,#/100mL,2300,MPN/100mL,10000,#/100mL,,02/29/2020
PR0026042,001,74056,"Coliform, total general",90.2,C3,MAX,Concentration3,#/100mL,90.2,MPN/100mL,10000,#/100mL,,03/31/2020
PR0026042,001,74056,"Coliform, total general",330,C3,MAX,Concentration3,#/100mL,330,MPN/100mL,10000,#/100mL,,04/30/2020
PR0026042,001,74056,"Coliform, total general",23,C3,MAX,Concentration3,#/100mL,23,MPN/100mL,10000,#/100mL,,05/31/2020
PR0026042,001,74056,"Coliform, total general",140,C3,MAX,Concentration3,#/100mL,140,MPN/100mL,10000,#/100mL,,06/30/2020
PR0026042,001,74056,"Coliform, total general",17,C3,MAX,Concentration3,#/100mL,17,MPN/100mL,10000,#/100mL,,07/31/2020
PR0026042,001,74056,"Coliform, total general",NA,C3,MAX,Concentration3,,,MPN/100mL,10000,#/100mL,B,08/31/2020
PR0026042,001,74056,"Coliform, total general",16.1,C3,MAX,Concentration3,#/100mL,16.1,MPN/100mL,10000,#/100mL,,09/30/2020
PR0026042,001,74056,"Coliform, total general",6.8,C3,MAX,Concentration3,#/100mL,6.8,MPN/100mL,10000,#/100mL,,10/31/2020
PR0026042,001,74056,"Coliform, total general",1700,C3,MAX,Concentration3,#/100mL,1700,MPN/100mL,10000,#/100mL,,11/30/2020
PR0026042,001,74056,"Coliform, total general",23,C3,MAX,Concentration3,#/100mL,23,MPN/100mL,10000,#/100mL,,12/31/2020
PR0026042,001,74056,"Coliform, total general",4.5,C3,MAX,Concentration3,#/100mL,4.5,MPN/100mL,10000,#/100mL,,01/31/2021
PR0026042,001,74056,"Coliform, total general",6.08,C3,MAX,Concentration3,#/100mL,6.08,MPN/100mL,10000,#/100mL,,02/28/2021
PR0026042,001,74056,"Coliform, total general",7.4,C3,MAX,Concentration3,#/100mL,7.4,MPN/100mL,10000,#/100mL,,03/31/2021
PR0026042,001,74056,"Coliform, total general",79,C3,MAX,Concentration3,#/100mL,79,MPN/100mL,10000,#/100mL,,04/30/2021
PR0026042,001,74056,"Coliform, total general",11,C3,MAX,Concentration3,#/100mL,11,MPN/100mL,10000,#/100mL,,05/31/2021
PR0026042,001,74056,"Coliform, total general",790,C3,MAX,Concentration3,#/100mL,790,MPN/100mL,10000,#/100mL,,06/30/2021
PR0026042,001,74056,"Coliform, total general",7.8,C3,MAX,Concentration3,#/100mL,7.8,MPN/100mL,10000,#/100mL,,07/31/2021
PR0026042,001,74056,"Coliform, total general",5880,C3,MAX,Concentration3,#/100mL,5880,MPN/100mL,10000,#/100mL,,08/31/2021
PR0026042,001,74056,"Coliform, total general",NA,C3,MAX,Concentration3,,,MPN/100mL,10000,#/100mL,B,09/30/2021
PR0026042,001,74056,"Coliform, total general",4.5,C3,MAX,Concentration3,#/100mL,4.5,MPN/100mL,10000,#/100mL,,10/31/2021
PR0026042,001,74056,"Coliform, total general",1.84,C3,MAX,Concentration3,#/100mL,1.84,MPN/100mL,10000,#/100mL,,11/30/2021
PR0026042,001,74056,"Coliform, total general",NA,C3,MAX,Concentration3,,,MPN/100mL,10000,#/100mL,B,12/31/2021
PR0026042,001,74056,"Coliform, total general",NA,C3,MAX,Concentration3,,,MPN/100mL,10000,#/100mL,B,01/31/2022
PR0026042,001,74056,"Coliform, total general",1.8,C3,MAX,Concentration3,#/100mL,1.8,MPN/100mL,10000,#/100mL,,02/28/2022
PR0026042,001,74056,"Coliform, total general",NA,C3,MAX,Concentration3,,,MPN/100mL,10000,#/100mL,B,03/31/2022
PR0026042,001,74056,"Coliform, total general",23,C3,MAX,Concentration3,#/100mL,23,MPN/100mL,10000,#/100mL,,04/30/2022
PR0026042,001,74056,"Coliform, total general",1.8,C3,MAX,Concentration3,#/100mL,1.8,MPN/100mL,10000,#/100mL,,05/31/2022
PR0026042,001,74056,"Coliform, total general",33,C3,MAX,Concentration3,#/100mL,33,MPN/100mL,10000,#/100mL,,06/30/2022
PR0026042,001,74056,"Coliform, total general",13,C3,MAX,Concentration3,#/100mL,13,MPN/100mL,10000,#/100mL,,07/31/2022
PR0026042,001,74056,"Coliform, total general",790,C3,MAX,Concentration3,#/100mL,790,MPN/100mL,10000,#/100mL,,08/31/2022
PR0026042,001,74056,"Coliform, total general",130,C3,MAX,Concentration3,#/100mL,130,MPN/100mL,10000,#/100mL,,09/30/2022
PR0026042,001,74056,"Coliform, total general",4.5,C3,MAX,Concentration3,#/100mL,4.5,MPN/100mL,10000,#/100mL,,10/31/2022
PR0026042,001,74056,"Coliform, total general",33,C3,MAX,Concentration3,#/100mL,33,MPN/100mL,10000,#/100mL,,11/30/2022
PR0026042,001,74056,"Coliform, total general",NA,C3,MAX,Concentration3,,,MPN/100mL,10000,#/100mL,B,12/31/2022
PR0026042,001,74056,"Coliform, total general",1.8,C3,MAX,Concentration3,#/100mL,1.8,MPN/100mL,10000,#/100mL,,01/31/2023
PR0026042,001,74056,"Coliform, total general",1.8,C3,MAX,Concentration3,#/100mL,1.8,MPN/100mL,10000,#/100mL,,02/28/2023
PR0026042,001,74056,"Coliform, total general",1700,C3,MAX,Concentration3,#/100mL,1700,MPN/100mL,10000,#/100mL,,03/31/2023
PR0026042,001,74056,"Coliform, total general",330,C3,MAX,Concentration3,#/100mL,330,MPN/100mL,10000,#/100mL,,04/30/2023
PR0026042,001,74056,"Coliform, total general",1.8,C3,MAX,Concentration3,#/100mL,1.8,MPN/100mL,10000,#/100mL,,05/31/2023
PR0026042,001,74056,"Coliform, total general",2,C3,MAX,Concentration3,#/100mL,2,MPN/100mL,10000,#/100mL,,06/30/2023
PR0026042,001,74056,"Coliform, total general",1.8,C3,MAX,Concentration3,#/100mL,1.8,MPN/100mL,10000,#/100mL,,07/31/2023
PR0026042,001,74056,"Coliform, total general",1.8,C3,MAX,Concentration3,#/100mL,1.8,MPN/100mL,10000,#/100mL,,08/31/2023
PR0026042,001,74056,"Coliform, total general",1.56,C3,MAX,Concentration3,#/100mL,1.56,MPN/100mL,10000,#/100mL,,09/30/2023
PR0026042,001,74056,"Coliform, total general",170,C3,MAX,Concentration3,#/100mL,170,MPN/100mL,10000,#/100mL,,10/31/2023
PR0026042,001,74056,"Coliform, total general",1.8,C3,MAX,Concentration3,#/100mL,1.8,MPN/100mL,10000,#/100mL,,11/30/2023
PR0026042,001,74056,"Coliform, total general",1.8,C3,MAX,Concentration3,#/100mL,1.8,MPN/100mL,10000,#/100mL,,12/31/2023
PR0026042,001,74056,"Coliform, total general",4.5,C3,MAX,Concentration3,#/100mL,4.5,MPN/100mL,10000,#/100mL,,01/31/2024
PR0026042,001,74056,"Coliform, total general",33,C3,MAX,Concentration3,#/100mL,33,MPN/100mL,10000,#/100mL,,02/29/2024
PR0026042,001,74056,"Coliform, total general",1.8,C3,MAX,Concentration3,#/100mL,1.8,MPN/100mL,10000,#/100mL,,03/31/2024
PR0026042,001,74056,"Coliform, total general",49,C3,MAX,Concentration3,#/100mL,49,MPN/100mL,10000,#/100mL,,04/30/2024
PR0026042,001,74056,"Coliform, total general",1400,C3,MAX,Concentration3,#/100mL,1400,MPN/100mL,10000,#/100mL,,05/31/2024
PR0026042,001,74056,"Coliform, total general",2,C3,MAX,Concentration3,#/100mL,2,MPN/100mL,10000,#/100mL,,06/30/2024
PR0026042,001,74056,"Coliform, total general",NA,C3,MAX,Concentration3,,,MPN/100mL,10000,#/100mL,B,07/31/2024
PR0026042,001,74056,"Coliform, total general",2,C3,MAX,Concentration3,#/100mL,2,MPN/100mL,10000,#/100mL,,08/31/2024
PR0026042,001,74056,"Coliform, total general",7.8,C3,MAX,Concentration3,#/100mL,7.8,MPN/100mL,10000,#/100mL,,09/30/2024
PR0026042,001,74056,"Coliform, total general",2.96,C3,MAX,Concentration3,#/100mL,2.96,MPN/100mL,10000,#/100mL,,10/31/2024
PR0026042,001,74056,"Coliform, total general",7.8,C3,MAX,Concentration3,#/100mL,7.8,MPN/100mL,10000,#/100mL,,11/30/2024
PR0026042,001,74056,"Coliform, total general",2,C3,MAX,Concentration3,#/100mL,2,MPN/100mL,10000,#/100mL,,12/31/2024
PR0026042,001,74056,"Coliform, total general",NA,C3,MAX,Concentration3,,,MPN/100mL,10000,#/100mL,B,01/31/2025
PR0026042,001,74056,"Coliform, total general",2,C3,MAX,Concentration3,#/100mL,2,MPN/100mL,10000,#/100mL,,02/28/2025
PR0026042,001,74056,"Coliform, total general",4.5,C3,MAX,Concentration3,#/100mL,4.5,MPN/100mL,10000,#/100mL,,03/31/2025
PR0026042,001,74056,"Coliform, total general",1300,C3,MAX,Concentration3,#/100mL,1300,MPN/100mL,10000,#/100mL,,04/30/2025
PR0026042,001,74056,"Coliform, total general",NA,C3,MAX,Concentration3,,,MPN/100mL,10000,#/100mL,B,05/31/2025
PR0026042,001,74056,"Coliform, total general",1.8,C3,MAX,Concentration3,#/100mL,1.8,MPN/100mL,10000,#/100mL,,06/30/2025
PR0026042,001,74056,"Coliform, total general",NA,C3,MAX,Concentration3,,,MPN/100mL,10000,#/100mL,B,07/31/2025
PR0026042,001,74056,"Coliform, total general",2,C3,MAX,Concentration3,#/100mL,2,MPN/100mL,10000,#/100mL,,08/31/2025
PR0026042,001,74056,"Coliform, total general",0.9,C3,MAX,Concentration3,#/100mL,.9,MPN/100mL,10000,#/100mL,,09/30/2025
PR0026042,001,74056,"Coliform, total general",4.5,C3,MAX,Concentration3,#/100mL,4.5,MPN/100mL,10000,#/100mL,,10/31/2025
PR0026042,001,74056,"Coliform, total general",1.8,C3,MAX,Concentration3,#/100mL,1.8,MPN/100mL,10000,#/100mL,,11/30/2025
PR0026042,001,74056,"Coliform, total general",NA,C3,MAX,Concentration3,,,MPN/100mL,10000,#/100mL,B,12/31/2025
PR0026042,001,74056,"Coliform, total general",1.8,C3,MAX,Concentration3,#/100mL,1.8,MPN/100mL,10000,#/100mL,,01/31/2026
PR0026042,001,81010,"BOD, 5-day, percent removal",85,C2,MIN,Concentration2,%,85,%,85,%,,01/31/2020
PR0026042,001,81010,"BOD, 5-day, percent removal",85,C2,MIN,Concentration2,%,85,%,85,%,,02/29/2020
PR0026042,001,81010,"BOD, 5-day, percent removal",85,C2,MIN,Concentration2,%,85,%,85,%,,03/31/2020
PR0026042,001,81010,"BOD, 5-day, percent removal",97.6,C2,MIN,Concentration2,%,97.6,%,85,%,,04/30/2020
PR0026042,001,81010,"BOD, 5-day, percent removal",85,C2,MIN,Concentration2,%,85,%,85,%,,05/31/2020
PR0026042,001,81010,"BOD, 5-day, percent removal",85,C2,MIN,Concentration2,%,85,%,85,%,,06/30/2020
PR0026042,001,81010,"BOD, 5-day, percent removal",85,C2,MIN,Concentration2,%,85,%,85,%,,07/31/2020
PR0026042,001,81010,"BOD, 5-day, percent removal",85,C2,MIN,Concentration2,%,85,%,85,%,,08/31/2020
PR0026042,001,81010,"BOD, 5-day, percent removal",85,C2,MIN,Concentration2,%,85,%,85,%,,09/30/2020
PR0026042,001,81010,"BOD, 5-day, percent removal",85,C2,MIN,Concentration2,%,85,%,85,%,,10/31/2020
PR0026042,001,81010,"BOD, 5-day, percent removal",85,C2,MIN,Concentration2,%,85,%,85,%,,11/30/2020
PR0026042,001,81010,"BOD, 5-day, percent removal",93.8,C2,MIN,Concentration2,%,93.8,%,85,%,,12/31/2020
PR0026042,001,81010,"BOD, 5-day, percent removal",96.3,C2,MIN,Concentration2,%,96.3,%,85,%,,01/31/2021
PR0026042,001,81010,"BOD, 5-day, percent removal",97.9,C2,MIN,Concentration2,%,97.9,%,85,%,,02/28/2021
PR0026042,001,81010,"BOD, 5-day, percent removal",85,C2,MIN,Concentration2,%,85,%,85,%,,03/31/2021
PR0026042,001,81010,"BOD, 5-day, percent removal",85,C2,MIN,Concentration2,%,85,%,85,%,,04/30/2021
PR0026042,001,81010,"BOD, 5-day, percent removal",85,C2,MIN,Concentration2,%,85,%,85,%,,05/31/2021
PR0026042,001,81010,"BOD, 5-day, percent removal",93.1,C2,MIN,Concentration2,%,93.1,%,85,%,,06/30/2021
PR0026042,001,81010,"BOD, 5-day, percent removal",85,C2,MIN,Concentration2,%,85,%,85,%,,07/31/2021
PR0026042,001,81010,"BOD, 5-day, percent removal",97.5,C2,MIN,Concentration2,%,97.5,%,85,%,,08/31/2021
PR0026042,001,81010,"BOD, 5-day, percent removal",97,C2,MIN,Concentration2,%,97,%,85,%,,09/30/2021
PR0026042,001,81010,"BOD, 5-day, percent removal",100,C2,MIN,Concentration2,%,100,%,85,%,,10/31/2021
PR0026042,001,81010,"BOD, 5-day, percent removal",88.5,C2,MIN,Concentration2,%,88.5,%,85,%,,11/30/2021
PR0026042,001,81010,"BOD, 5-day, percent removal",96.7,C2,MIN,Concentration2,%,96.7,%,85,%,,12/31/2021
PR0026042,001,81010,"BOD, 5-day, percent removal",98.7,C2,MIN,Concentration2,%,98.7,%,85,%,,01/31/2022
PR0026042,001,81010,"BOD, 5-day, percent removal",94.7,C2,MIN,Concentration2,%,94.7,%,85,%,,02/28/2022
PR0026042,001,81010,"BOD, 5-day, percent removal",96.7,C2,MIN,Concentration2,%,96.7,%,85,%,,03/31/2022
PR0026042,001,81010,"BOD, 5-day, percent removal",98.7,C2,MIN,Concentration2,%,98.7,%,85,%,,04/30/2022
PR0026042,001,81010,"BOD, 5-day, percent removal",92.7,C2,MIN,Concentration2,%,92.7,%,85,%,,05/31/2022
PR0026042,001,81010,"BOD, 5-day, percent removal",96.6,C2,MIN,Concentration2,%,96.6,%,85,%,,06/30/2022
PR0026042,001,81010,"BOD, 5-day, percent removal",93.2,C2,MIN,Concentration2,%,93.2,%,85,%,,07/31/2022
PR0026042,001,81010,"BOD, 5-day, percent removal",89.3,C2,MIN,Concentration2,%,89.3,%,85,%,,08/31/2022
PR0026042,001,81010,"BOD, 5-day, percent removal",90.1,C2,MIN,Concentration2,%,90.1,%,85,%,,09/30/2022
PR0026042,001,81010,"BOD, 5-day, percent removal",98.6,C2,MIN,Concentration2,%,98.6,%,85,%,,10/31/2022
PR0026042,001,81010,"BOD, 5-day, percent removal",85,C2,MIN,Concentration2,%,85,%,85,%,,11/30/2022
PR0026042,001,81010,"BOD, 5-day, percent removal",98.9,C2,MIN,Concentration2,%,98.9,%,85,%,,12/31/2022
PR0026042,001,81010,"BOD, 5-day, percent removal",98.5,C2,MIN,Concentration2,%,98.5,%,85,%,,01/31/2023
PR0026042,001,81010,"BOD, 5-day, percent removal",94.6,C2,MIN,Concentration2,%,94.6,%,85,%,,02/28/2023
PR0026042,001,81010,"BOD, 5-day, percent removal",85,C2,MIN,Concentration2,%,85,%,85,%,,03/31/2023
PR0026042,001,81010,"BOD, 5-day, percent removal",90.7,C2,MIN,Concentration2,%,90.7,%,85,%,,04/30/2023
PR0026042,001,81010,"BOD, 5-day, percent removal",95.3,C2,MIN,Concentration2,%,95.3,%,85,%,,05/31/2023
PR0026042,001,81010,"BOD, 5-day, percent removal",92.5,C2,MIN,Concentration2,%,92.5,%,85,%,,06/30/2023
PR0026042,001,81010,"BOD, 5-day, percent removal",100,C2,MIN,Concentration2,%,100,%,85,%,,07/31/2023
PR0026042,001,81010,"BOD, 5-day, percent removal",92.2,C2,MIN,Concentration2,%,92.2,%,85,%,,08/31/2023
PR0026042,001,81010,"BOD, 5-day, percent removal",100,C2,MIN,Concentration2,%,100,%,85,%,,09/30/2023
PR0026042,001,81010,"BOD, 5-day, percent removal",88,C2,MIN,Concentration2,%,88,%,85,%,,10/31/2023
PR0026042,001,81010,"BOD, 5-day, percent removal",86.4,C2,MIN,Concentration2,%,86.4,%,85,%,,11/30/2023
PR0026042,001,81010,"BOD, 5-day, percent removal",90.7,C2,MIN,Concentration2,%,90.7,%,85,%,,12/31/2023
PR0026042,001,81010,"BOD, 5-day, percent removal",91.7,C2,MIN,Concentration2,%,91.7,%,85,%,,01/31/2024
PR0026042,001,81010,"BOD, 5-day, percent removal",91.2,C2,MIN,Concentration2,%,91.2,%,85,%,,02/29/2024
PR0026042,001,81010,"BOD, 5-day, percent removal",97.7,C2,MIN,Concentration2,%,97.7,%,85,%,,03/31/2024
PR0026042,001,81010,"BOD, 5-day, percent removal",98.4,C2,MIN,Concentration2,%,98.4,%,85,%,,04/30/2024
PR0026042,001,81010,"BOD, 5-day, percent removal",95.5,C2,MIN,Concentration2,%,95.5,%,85,%,,05/31/2024
PR0026042,001,81010,"BOD, 5-day, percent removal",93.4,C2,MIN,Concentration2,%,93.4,%,85,%,,06/30/2024
PR0026042,001,81010,"BOD, 5-day, percent removal",87.7,C2,MIN,Concentration2,%,87.7,%,85,%,,07/31/2024
PR0026042,001,81010,"BOD, 5-day, percent removal",96.4,C2,MIN,Concentration2,%,96.4,%,85,%,,08/31/2024
PR0026042,001,81010,"BOD, 5-day, percent removal",93.5,C2,MIN,Concentration2,%,93.5,%,85,%,,09/30/2024
PR0026042,001,81010,"BOD, 5-day, percent removal",94.8,C2,MIN,Concentration2,%,94.8,%,85,%,,10/31/2024
PR0026042,001,81010,"BOD, 5-day, percent removal",90.5,C2,MIN,Concentration2,%,90.5,%,85,%,,11/30/2024
PR0026042,001,81010,"BOD, 5-day, percent removal",85,C2,MIN,Concentration2,%,85,%,85,%,,12/31/2024
PR0026042,001,81010,"BOD, 5-day, percent removal",92.5,C2,MIN,Concentration2,%,92.5,%,85,%,,01/31/2025
PR0026042,001,81010,"BOD, 5-day, percent removal",85.1,C2,MIN,Concentration2,%,85.1,%,85,%,,02/28/2025
PR0026042,001,81010,"BOD, 5-day, percent removal",98.2,C2,MIN,Concentration2,%,98.2,%,85,%,,03/31/2025
PR0026042,001,81010,"BOD, 5-day, percent removal",88.2,C2,MIN,Concentration2,%,88.2,%,85,%,,04/30/2025
PR0026042,001,81010,"BOD, 5-day, percent removal",82.5,C2,MIN,Concentration2,%,82.5,%,85,%,,05/31/2025
PR0026042,001,81010,"BOD, 5-day, percent removal",89.1,C2,MIN,Concentration2,%,89.1,%,85,%,,06/30/2025
PR0026042,001,81010,"BOD, 5-day, percent removal",97.3,C2,MIN,Concentration2,%,97.3,%,85,%,,07/31/2025
PR0026042,001,81010,"BOD, 5-day, percent removal",92.7,C2,MIN,Concentration2,%,92.7,%,85,%,,08/31/2025
PR0026042,001,81010,"BOD, 5-day, percent removal",87.2,C2,MIN,Concentration2,%,87.2,%,85,%,,09/30/2025
PR0026042,001,81010,"BOD, 5-day, percent removal",28.8,C2,MIN,Concentration2,%,28.8,%,85,%,,10/31/2025
PR0026042,001,81010,"BOD, 5-day, percent removal",98.2,C2,MIN,Concentration2,%,98.2,%,85,%,,11/30/2025
PR0026042,001,81010,"BOD, 5-day, percent removal",98,C2,MIN,Concentration2,%,98,%,85,%,,12/31/2025
PR0026042,001,81010,"BOD, 5-day, percent removal",91.2,C2,MIN,Concentration2,%,91.2,%,85,%,,01/31/2026
PR0026042,001,81011,"Solids, suspended percent removal",85,C2,MIN,Concentration2,%,85,%,85,%,,01/31/2020
PR0026042,001,81011,"Solids, suspended percent removal",85,C2,MIN,Concentration2,%,85,%,85,%,,02/29/2020
PR0026042,001,81011,"Solids, suspended percent removal",85,C2,MIN,Concentration2,%,85,%,85,%,,03/31/2020
PR0026042,001,81011,"Solids, suspended percent removal",85,C2,MIN,Concentration2,%,85,%,85,%,,04/30/2020
PR0026042,001,81011,"Solids, suspended percent removal",85,C2,MIN,Concentration2,%,85,%,85,%,,05/31/2020
PR0026042,001,81011,"Solids, suspended percent removal",85,C2,MIN,Concentration2,%,85,%,85,%,,06/30/2020
PR0026042,001,81011,"Solids, suspended percent removal",85,C2,MIN,Concentration2,%,85,%,85,%,,07/31/2020
PR0026042,001,81011,"Solids, suspended percent removal",85,C2,MIN,Concentration2,%,85,%,85,%,,08/31/2020
PR0026042,001,81011,"Solids, suspended percent removal",85,C2,MIN,Concentration2,%,85,%,85,%,,09/30/2020
PR0026042,001,81011,"Solids, suspended percent removal",85,C2,MIN,Concentration2,%,85,%,85,%,,10/31/2020
PR0026042,001,81011,"Solids, suspended percent removal",85,C2,MIN,Concentration2,%,85,%,85,%,,11/30/2020
PR0026042,001,81011,"Solids, suspended percent removal",99,C2,MIN,Concentration2,%,99,%,85,%,,12/31/2020
PR0026042,001,81011,"Solids, suspended percent removal",99.3,C2,MIN,Concentration2,%,99.3,%,85,%,,01/31/2021
PR0026042,001,81011,"Solids, suspended percent removal",100,C2,MIN,Concentration2,%,100,%,85,%,,02/28/2021
PR0026042,001,81011,"Solids, suspended percent removal",85,C2,MIN,Concentration2,%,85,%,85,%,,03/31/2021
PR0026042,001,81011,"Solids, suspended percent removal",85,C2,MIN,Concentration2,%,85,%,85,%,,04/30/2021
PR0026042,001,81011,"Solids, suspended percent removal",85,C2,MIN,Concentration2,%,85,%,85,%,,05/31/2021
PR0026042,001,81011,"Solids, suspended percent removal",100,C2,MIN,Concentration2,%,100,%,85,%,,06/30/2021
PR0026042,001,81011,"Solids, suspended percent removal",96.7,C2,MIN,Concentration2,%,96.7,%,85,%,,07/31/2021
PR0026042,001,81011,"Solids, suspended percent removal",100,C2,MIN,Concentration2,%,100,%,85,%,,08/31/2021
PR0026042,001,81011,"Solids, suspended percent removal",100,C2,MIN,Concentration2,%,100,%,85,%,,09/30/2021
PR0026042,001,81011,"Solids, suspended percent removal",91.4,C2,MIN,Concentration2,%,91.4,%,85,%,,10/31/2021
PR0026042,001,81011,"Solids, suspended percent removal",95.5,C2,MIN,Concentration2,%,95.5,%,85,%,,11/30/2021
PR0026042,001,81011,"Solids, suspended percent removal",99.1,C2,MIN,Concentration2,%,99.1,%,85,%,,12/31/2021
PR0026042,001,81011,"Solids, suspended percent removal",99.8,C2,MIN,Concentration2,%,99.8,%,85,%,,01/31/2022
PR0026042,001,81011,"Solids, suspended percent removal",99.9,C2,MIN,Concentration2,%,99.9,%,85,%,,02/28/2022
PR0026042,001,81011,"Solids, suspended percent removal",98.3,C2,MIN,Concentration2,%,98.3,%,85,%,,03/31/2022
PR0026042,001,81011,"Solids, suspended percent removal",99,C2,MIN,Concentration2,%,99,%,85,%,,04/30/2022
PR0026042,001,81011,"Solids, suspended percent removal",85,C2,MIN,Concentration2,%,85,%,85,%,,05/31/2022
PR0026042,001,81011,"Solids, suspended percent removal",99.6,C2,MIN,Concentration2,%,99.6,%,85,%,,06/30/2022
PR0026042,001,81011,"Solids, suspended percent removal",98.4,C2,MIN,Concentration2,%,98.4,%,85,%,,07/31/2022
PR0026042,001,81011,"Solids, suspended percent removal",98.9,C2,MIN,Concentration2,%,98.9,%,85,%,,08/31/2022
PR0026042,001,81011,"Solids, suspended percent removal",99.2,C2,MIN,Concentration2,%,99.2,%,85,%,,09/30/2022
PR0026042,001,81011,"Solids, suspended percent removal",99.8,C2,MIN,Concentration2,%,99.8,%,85,%,,10/31/2022
PR0026042,001,81011,"Solids, suspended percent removal",97.25,C2,MIN,Concentration2,%,97.25,%,85,%,,11/30/2022
PR0026042,001,81011,"Solids, suspended percent removal",100,C2,MIN,Concentration2,%,100,%,85,%,,12/31/2022
PR0026042,001,81011,"Solids, suspended percent removal",99.3,C2,MIN,Concentration2,%,99.3,%,85,%,,01/31/2023
PR0026042,001,81011,"Solids, suspended percent removal",99.2,C2,MIN,Concentration2,%,99.2,%,85,%,,02/28/2023
PR0026042,001,81011,"Solids, suspended percent removal",97.9,C2,MIN,Concentration2,%,97.9,%,85,%,,03/31/2023
PR0026042,001,81011,"Solids, suspended percent removal",94.6,C2,MIN,Concentration2,%,94.6,%,85,%,,04/30/2023
PR0026042,001,81011,"Solids, suspended percent removal",100,C2,MIN,Concentration2,%,100,%,85,%,,05/31/2023
PR0026042,001,81011,"Solids, suspended percent removal",100,C2,MIN,Concentration2,%,100,%,85,%,,06/30/2023
PR0026042,001,81011,"Solids, suspended percent removal",100,C2,MIN,Concentration2,%,100,%,85,%,,07/31/2023
PR0026042,001,81011,"Solids, suspended percent removal",98.3,C2,MIN,Concentration2,%,98.3,%,85,%,,08/31/2023
PR0026042,001,81011,"Solids, suspended percent removal",61,C2,MIN,Concentration2,%,61,%,85,%,,09/30/2023
PR0026042,001,81011,"Solids, suspended percent removal",88.5,C2,MIN,Concentration2,%,88.5,%,85,%,,10/31/2023
PR0026042,001,81011,"Solids, suspended percent removal",95.8,C2,MIN,Concentration2,%,95.8,%,85,%,,11/30/2023
PR0026042,001,81011,"Solids, suspended percent removal",92.7,C2,MIN,Concentration2,%,92.7,%,85,%,,12/31/2023
PR0026042,001,81011,"Solids, suspended percent removal",98.5,C2,MIN,Concentration2,%,98.5,%,85,%,,01/31/2024
PR0026042,001,81011,"Solids, suspended percent removal",97.9,C2,MIN,Concentration2,%,97.9,%,85,%,,02/29/2024
PR0026042,001,81011,"Solids, suspended percent removal",67.1,C2,MIN,Concentration2,%,67.1,%,85,%,,03/31/2024
PR0026042,001,81011,"Solids, suspended percent removal",98.6,C2,MIN,Concentration2,%,98.6,%,85,%,,04/30/2024
PR0026042,001,81011,"Solids, suspended percent removal",85,C2,MIN,Concentration2,%,85,%,85,%,,05/31/2024
PR0026042,001,81011,"Solids, suspended percent removal",88.8,C2,MIN,Concentration2,%,88.8,%,85,%,,06/30/2024
PR0026042,001,81011,"Solids, suspended percent removal",100,C2,MIN,Concentration2,%,100,%,85,%,,07/31/2024
PR0026042,001,81011,"Solids, suspended percent removal",97.1,C2,MIN,Concentration2,%,97.1,%,85,%,,08/31/2024
PR0026042,001,81011,"Solids, suspended percent removal",98.2,C2,MIN,Concentration2,%,98.2,%,85,%,,09/30/2024
PR0026042,001,81011,"Solids, suspended percent removal",99.4,C2,MIN,Concentration2,%,99.4,%,85,%,,10/31/2024
PR0026042,001,81011,"Solids, suspended percent removal",98.5,C2,MIN,Concentration2,%,98.5,%,85,%,,11/30/2024
PR0026042,001,81011,"Solids, suspended percent removal",96,C2,MIN,Concentration2,%,96,%,85,%,,12/31/2024
PR0026042,001,81011,"Solids, suspended percent removal",93.8,C2,MIN,Concentration2,%,93.8,%,85,%,,01/31/2025
PR0026042,001,81011,"Solids, suspended percent removal",96.8,C2,MIN,Concentration2,%,96.8,%,85,%,,02/28/2025
PR0026042,001,81011,"Solids, suspended percent removal",98.5,C2,MIN,Concentration2,%,98.5,%,85,%,,03/31/2025
PR0026042,001,81011,"Solids, suspended percent removal",97.3,C2,MIN,Concentration2,%,97.3,%,85,%,,04/30/2025
PR0026042,001,81011,"Solids, suspended percent removal",86.7,C2,MIN,Concentration2,%,86.7,%,85,%,,05/31/2025
PR0026042,001,81011,"Solids, suspended percent removal",98.1,C2,MIN,Concentration2,%,98.1,%,85,%,,06/30/2025
PR0026042,001,81011,"Solids, suspended percent removal",100,C2,MIN,Concentration2,%,100,%,85,%,,07/31/2025
PR0026042,001,81011,"Solids, suspended percent removal",100,C2,MIN,Concentration2,%,100,%,85,%,,08/31/2025
PR0026042,001,81011,"Solids, suspended percent removal",97.9,C2,MIN,Concentration2,%,97.9,%,85,%,,09/30/2025
PR0026042,001,81011,"Solids, suspended percent removal",96.9,C2,MIN,Concentration2,%,96.9,%,85,%,,10/31/2025
PR0026042,001,81011,"Solids, suspended percent removal",100,C2,MIN,Concentration2,%,100,%,85,%,,11/30/2025
PR0026042,001,81011,"Solids, suspended percent removal",100,C2,MIN,Concentration2,%,100,%,85,%,,12/31/2025
PR0026042,001,81011,"Solids, suspended percent removal",95,C2,MIN,Concentration2,%,95,%,85,%,,01/31/2026
PR0026042,001,82230,Ammonia & ammonium- total,30.7,C3,MAX,Concentration3,mg/L,30.7,mg/L,25,mg/L,,01/31/2020
PR0026042,001,82230,Ammonia & ammonium- total,23.8,C3,MAX,Concentration3,mg/L,23.8,mg/L,25,mg/L,,02/29/2020
PR0026042,001,82230,Ammonia & ammonium- total,10.2,C3,MAX,Concentration3,mg/L,10.2,mg/L,25,mg/L,,03/31/2020
PR0026042,001,82230,Ammonia & ammonium- total,43.4,C3,MAX,Concentration3,mg/L,43.4,mg/L,25,mg/L,,04/30/2020
PR0026042,001,82230,Ammonia & ammonium- total,36.7,C3,MAX,Concentration3,mg/L,36.7,mg/L,25,mg/L,,05/31/2020
PR0026042,001,82230,Ammonia & ammonium- total,15.2,C3,MAX,Concentration3,mg/L,15.2,mg/L,25,mg/L,,06/30/2020
PR0026042,001,82230,Ammonia & ammonium- total,8.91,C3,MAX,Concentration3,mg/L,8.91,mg/L,25,mg/L,,07/31/2020
PR0026042,001,82230,Ammonia & ammonium- total,16.1,C3,MAX,Concentration3,mg/L,16.1,mg/L,25,mg/L,,08/31/2020
PR0026042,001,82230,Ammonia & ammonium- total,0.22,C3,MAX,Concentration3,mg/L,.22,mg/L,25,mg/L,,09/30/2020
PR0026042,001,82230,Ammonia & ammonium- total,8.27,C3,MAX,Concentration3,mg/L,8.27,mg/L,25,mg/L,,10/31/2020
PR0026042,001,82230,Ammonia & ammonium- total,23.6,C3,MAX,Concentration3,mg/L,23.6,mg/L,25,mg/L,,11/30/2020
PR0026042,001,82230,Ammonia & ammonium- total,23.3,C3,MAX,Concentration3,mg/L,23.3,mg/L,25,mg/L,,12/31/2020
PR0026042,001,82230,Ammonia & ammonium- total,19.4,C3,MAX,Concentration3,mg/L,19.4,mg/L,25,mg/L,,01/31/2021
PR0026042,001,82230,Ammonia & ammonium- total,13.7,C3,MAX,Concentration3,mg/L,13.7,mg/L,25,mg/L,,02/28/2021
PR0026042,001,82230,Ammonia & ammonium- total,16.3,C3,MAX,Concentration3,mg/L,16.3,mg/L,25,mg/L,,03/31/2021
PR0026042,001,82230,Ammonia & ammonium- total,NA,C3,MAX,Concentration3,,,mg/L,25,mg/L,B,04/30/2021
PR0026042,001,82230,Ammonia & ammonium- total,15.1,C3,MAX,Concentration3,mg/L,15.1,mg/L,25,mg/L,,05/31/2021
PR0026042,001,82230,Ammonia & ammonium- total,9.78,C3,MAX,Concentration3,mg/L,9.78,mg/L,25,mg/L,,06/30/2021
PR0026042,001,82230,Ammonia & ammonium- total,23.1,C3,MAX,Concentration3,mg/L,23.1,mg/L,25,mg/L,,07/31/2021
PR0026042,001,82230,Ammonia & ammonium- total,10.5,C3,MAX,Concentration3,mg/L,10.5,mg/L,25,mg/L,,08/31/2021
PR0026042,001,82230,Ammonia & ammonium- total,20.5,C3,MAX,Concentration3,mg/L,20.5,mg/L,25,mg/L,,09/30/2021
PR0026042,001,82230,Ammonia & ammonium- total,28.4,C3,MAX,Concentration3,mg/L,28.4,mg/L,25,mg/L,,10/31/2021
PR0026042,001,82230,Ammonia & ammonium- total,24.9,C3,MAX,Concentration3,mg/L,24.9,mg/L,25,mg/L,,11/30/2021
PR0026042,001,82230,Ammonia & ammonium- total,26.5,C3,MAX,Concentration3,mg/L,26.5,mg/L,25,mg/L,,12/31/2021
PR0026042,001,82230,Ammonia & ammonium- total,43.7,C3,MAX,Concentration3,mg/L,43.7,mg/L,25,mg/L,,01/31/2022
PR0026042,001,82230,Ammonia & ammonium- total,25.9,C3,MAX,Concentration3,mg/L,25.9,mg/L,25,mg/L,,02/28/2022
PR0026042,001,82230,Ammonia & ammonium- total,24.8,C3,MAX,Concentration3,mg/L,24.8,mg/L,25,mg/L,,03/31/2022
PR0026042,001,82230,Ammonia & ammonium- total,21.3,C3,MAX,Concentration3,mg/L,21.3,mg/L,25,mg/L,,04/30/2022
PR0026042,001,82230,Ammonia & ammonium- total,22.4,C3,MAX,Concentration3,mg/L,22.4,mg/L,25,mg/L,,05/31/2022
PR0026042,001,82230,Ammonia & ammonium- total,8.69,C3,MAX,Concentration3,mg/L,8.69,mg/L,25,mg/L,,06/30/2022
PR0026042,001,82230,Ammonia & ammonium- total,25.2,C3,MAX,Concentration3,mg/L,25.2,mg/L,25,mg/L,,07/31/2022
PR0026042,001,82230,Ammonia & ammonium- total,24.3,C3,MAX,Concentration3,mg/L,24.3,mg/L,25,mg/L,,08/31/2022
PR0026042,001,82230,Ammonia & ammonium- total,20.9,C3,MAX,Concentration3,mg/L,20.9,mg/L,25,mg/L,,09/30/2022
PR0026042,001,82230,Ammonia & ammonium- total,4.86,C3,MAX,Concentration3,mg/L,4.86,mg/L,25,mg/L,,10/31/2022
PR0026042,001,82230,Ammonia & ammonium- total,28.25,C3,MAX,Concentration3,mg/L,28.25,mg/L,25,mg/L,,11/30/2022
PR0026042,001,82230,Ammonia & ammonium- total,15.7,C3,MAX,Concentration3,mg/L,15.7,mg/L,25,mg/L,,12/31/2022
PR0026042,001,82230,Ammonia & ammonium- total,29.3,C3,MAX,Concentration3,mg/L,29.3,mg/L,25,mg/L,,01/31/2023
PR0026042,001,82230,Ammonia & ammonium- total,24.1,C3,MAX,Concentration3,mg/L,24.1,mg/L,25,mg/L,,02/28/2023
PR0026042,001,82230,Ammonia & ammonium- total,23.85,C3,MAX,Concentration3,mg/L,23.85,mg/L,25,mg/L,,03/31/2023
PR0026042,001,82230,Ammonia & ammonium- total,38.4,C3,MAX,Concentration3,mg/L,38.4,mg/L,25,mg/L,,04/30/2023
PR0026042,001,82230,Ammonia & ammonium- total,37.3,C3,MAX,Concentration3,mg/L,37.3,mg/L,25,mg/L,,05/31/2023
PR0026042,001,82230,Ammonia & ammonium- total,39.1,C3,MAX,Concentration3,mg/L,39.1,mg/L,25,mg/L,,06/30/2023
PR0026042,001,82230,Ammonia & ammonium- total,33.4,C3,MAX,Concentration3,mg/L,33.4,mg/L,25,mg/L,,07/31/2023
PR0026042,001,82230,Ammonia & ammonium- total,42,C3,MAX,Concentration3,mg/L,42,mg/L,25,mg/L,,08/31/2023
PR0026042,001,82230,Ammonia & ammonium- total,24.1,C3,MAX,Concentration3,mg/L,24.1,mg/L,25,mg/L,,09/30/2023
PR0026042,001,82230,Ammonia & ammonium- total,19.6,C3,MAX,Concentration3,mg/L,19.6,mg/L,25,mg/L,,10/31/2023
PR0026042,001,82230,Ammonia & ammonium- total,40.15,C3,MAX,Concentration3,mg/L,40.15,mg/L,25,mg/L,,11/30/2023
PR0026042,001,82230,Ammonia & ammonium- total,37.3,C3,MAX,Concentration3,mg/L,37.3,mg/L,25,mg/L,,12/31/2023
PR0026042,001,82230,Ammonia & ammonium- total,33.1,C3,MAX,Concentration3,mg/L,33.1,mg/L,25,mg/L,,01/31/2024
PR0026042,001,82230,Ammonia & ammonium- total,23.5,C3,MAX,Concentration3,mg/L,23.5,mg/L,25,mg/L,,02/29/2024
PR0026042,001,82230,Ammonia & ammonium- total,29.2,C3,MAX,Concentration3,mg/L,29.2,mg/L,25,mg/L,,03/31/2024
PR0026042,001,82230,Ammonia & ammonium- total,24.2,C3,MAX,Concentration3,mg/L,24.2,mg/L,25,mg/L,,04/30/2024
PR0026042,001,82230,Ammonia & ammonium- total,34,C3,MAX,Concentration3,mg/L,34,mg/L,25,mg/L,,05/31/2024
PR0026042,001,82230,Ammonia & ammonium- total,22.9,C3,MAX,Concentration3,mg/L,22.9,mg/L,25,mg/L,,06/30/2024
PR0026042,001,82230,Ammonia & ammonium- total,30.7,C3,MAX,Concentration3,mg/L,30.7,mg/L,25,mg/L,,07/31/2024
PR0026042,001,82230,Ammonia & ammonium- total,38.5,C3,MAX,Concentration3,mg/L,38.5,mg/L,25,mg/L,,08/31/2024
PR0026042,001,82230,Ammonia & ammonium- total,29.5,C3,MAX,Concentration3,mg/L,29.5,mg/L,25,mg/L,,09/30/2024
PR0026042,001,82230,Ammonia & ammonium- total,15.9,C3,MAX,Concentration3,mg/L,15.9,mg/L,25,mg/L,,10/31/2024
PR0026042,001,82230,Ammonia & ammonium- total,29.2,C3,MAX,Concentration3,mg/L,29.2,mg/L,25,mg/L,,11/30/2024
PR0026042,001,82230,Ammonia & ammonium- total,55.3,C3,MAX,Concentration3,mg/L,55.3,mg/L,25,mg/L,,12/31/2024
PR0026042,001,82230,Ammonia & ammonium- total,13.3,C3,MAX,Concentration3,mg/L,13.3,mg/L,25,mg/L,,01/31/2025
PR0026042,001,82230,Ammonia & ammonium- total,49.1,C3,MAX,Concentration3,mg/L,49.1,mg/L,25,mg/L,,02/28/2025
PR0026042,001,82230,Ammonia & ammonium- total,35.7,C3,MAX,Concentration3,mg/L,35.7,mg/L,25,mg/L,,03/31/2025
PR0026042,001,82230,Ammonia & ammonium- total,42,C3,MAX,Concentration3,mg/L,42,mg/L,25,mg/L,,04/30/2025
PR0026042,001,82230,Ammonia & ammonium- total,48.5,C3,MAX,Concentration3,mg/L,48.5,mg/L,25,mg/L,,05/31/2025
PR0026042,001,82230,Ammonia & ammonium- total,29.8,C3,MAX,Concentration3,mg/L,29.8,mg/L,25,mg/L,,06/30/2025
PR0026042,001,82230,Ammonia & ammonium- total,20,C3,MAX,Concentration3,mg/L,20,mg/L,25,mg/L,,07/31/2025
PR0026042,001,82230,Ammonia & ammonium- total,40.95,C3,MAX,Concentration3,mg/L,40.95,mg/L,25,mg/L,,08/31/2025
PR0026042,001,82230,Ammonia & ammonium- total,43.7,C3,MAX,Concentration3,mg/L,43.7,mg/L,25,mg/L,,09/30/2025
PR0026042,001,82230,Ammonia & ammonium- total,26.5,C3,MAX,Concentration3,mg/L,26.5,mg/L,25,mg/L,,10/31/2025
PR0026042,001,82230,Ammonia & ammonium- total,45.6,C3,MAX,Concentration3,mg/L,45.6,mg/L,25,mg/L,,11/30/2025
PR0026042,001,82230,Ammonia & ammonium- total,40.9,C3,MAX,Concentration3,mg/L,40.9,mg/L,25,mg/L,,12/31/2025
PR0026042,001,82230,Ammonia & ammonium- total,41,C3,MAX,Concentration3,mg/L,41,mg/L,25,mg/L,,01/31/2026
