npdes_id,perm_feature_nmbr,parameter_code,parameter_desc,dmr_value_nmbr,value_type_code,statistical_base_type_code,value_type_desc,dmr_unit_desc,dmr_value_standard_units,standard_unit_desc,limit_value_nmbr,limit_unit_desc,nodi_code,monitoring_period_end_date
PR0026182,001,00010,"Temperature, water deg. centigrade",22.4,C3,MAX,Concentration3,deg C,22.4,deg C,32.2,deg C,,01/31/2020
PR0026182,001,00010,"Temperature, water deg. centigrade",22.5,C3,MAX,Concentration3,deg C,22.5,deg C,32.2,deg C,,02/29/2020
PR0026182,001,00010,"Temperature, water deg. centigrade",22.1,C3,MAX,Concentration3,deg C,22.1,deg C,32.2,deg C,,03/31/2020
PR0026182,001,00010,"Temperature, water deg. centigrade",23.4,C3,MAX,Concentration3,deg C,23.4,deg C,32.2,deg C,,04/30/2020
PR0026182,001,00010,"Temperature, water deg. centigrade",24.7,C3,MAX,Concentration3,deg C,24.7,deg C,32.2,deg C,,05/31/2020
PR0026182,001,00010,"Temperature, water deg. centigrade",24.2,C3,MAX,Concentration3,deg C,24.2,deg C,32.2,deg C,,06/30/2020
PR0026182,001,00010,"Temperature, water deg. centigrade",25,C3,MAX,Concentration3,deg C,25,deg C,32.2,deg C,,07/31/2020
PR0026182,001,00010,"Temperature, water deg. centigrade",26.9,C3,MAX,Concentration3,deg C,26.9,deg C,32.2,deg C,,08/31/2020
PR0026182,001,00010,"Temperature, water deg. centigrade",24.8,C3,MAX,Concentration3,deg C,24.8,deg C,32.2,deg C,,09/30/2020
PR0026182,001,00010,"Temperature, water deg. centigrade",23.9,C3,MAX,Concentration3,deg C,23.9,deg C,32.2,deg C,,10/31/2020
PR0026182,001,00010,"Temperature, water deg. centigrade",24.1,C3,MAX,Concentration3,deg C,24.1,deg C,32.2,deg C,,11/30/2020
PR0026182,001,00010,"Temperature, water deg. centigrade",23.7,C3,MAX,Concentration3,deg C,23.7,deg C,32.2,deg C,,12/31/2020
PR0026182,001,00010,"Temperature, water deg. centigrade",22.4,C3,MAX,Concentration3,deg C,22.4,deg C,32.2,deg C,,01/31/2021
PR0026182,001,00010,"Temperature, water deg. centigrade",21.9,C3,MAX,Concentration3,deg C,21.9,deg C,32.2,deg C,,02/28/2021
PR0026182,001,00010,"Temperature, water deg. centigrade",22.3,C3,MAX,Concentration3,deg C,22.3,deg C,32.2,deg C,,03/31/2021
PR0026182,001,00010,"Temperature, water deg. centigrade",22.4,C3,MAX,Concentration3,deg C,22.4,deg C,32.2,deg C,,04/30/2021
PR0026182,001,00010,"Temperature, water deg. centigrade",23.9,C3,MAX,Concentration3,deg C,23.9,deg C,32.2,deg C,,05/31/2021
PR0026182,001,00010,"Temperature, water deg. centigrade",24.5,C3,MAX,Concentration3,deg C,24.5,deg C,32.2,deg C,,06/30/2021
PR0026182,001,00010,"Temperature, water deg. centigrade",25,C3,MAX,Concentration3,deg C,25,deg C,32.2,deg C,,07/31/2021
PR0026182,001,00010,"Temperature, water deg. centigrade",26,C3,MAX,Concentration3,deg C,26,deg C,32.2,deg C,,08/31/2021
PR0026182,001,00010,"Temperature, water deg. centigrade",23.9,C3,MAX,Concentration3,deg C,23.9,deg C,32.2,deg C,,09/30/2021
PR0026182,001,00010,"Temperature, water deg. centigrade",23.7,C3,MAX,Concentration3,deg C,23.7,deg C,32.2,deg C,,10/31/2021
PR0026182,001,00010,"Temperature, water deg. centigrade",23.1,C3,MAX,Concentration3,deg C,23.1,deg C,32.2,deg C,,11/30/2021
PR0026182,001,00010,"Temperature, water deg. centigrade",23.1,C3,MAX,Concentration3,deg C,23.1,deg C,32.2,deg C,,12/31/2021
PR0026182,001,00010,"Temperature, water deg. centigrade",23.6,C3,MAX,Concentration3,deg C,23.6,deg C,32.2,deg C,,01/31/2022
PR0026182,001,00010,"Temperature, water deg. centigrade",21.8,C3,MAX,Concentration3,deg C,21.8,deg C,32.2,deg C,,02/28/2022
PR0026182,001,00010,"Temperature, water deg. centigrade",22,C3,MAX,Concentration3,deg C,22,deg C,32.2,deg C,,03/31/2022
PR0026182,001,00010,"Temperature, water deg. centigrade",22,C3,MAX,Concentration3,deg C,22,deg C,32.2,deg C,,04/30/2022
PR0026182,001,00010,"Temperature, water deg. centigrade",24.4,C3,MAX,Concentration3,deg C,24.4,deg C,32.2,deg C,,05/31/2022
PR0026182,001,00010,"Temperature, water deg. centigrade",24.5,C3,MAX,Concentration3,deg C,24.5,deg C,32.2,deg C,,06/30/2022
PR0026182,001,00010,"Temperature, water deg. centigrade",24.7,C3,MAX,Concentration3,deg C,24.7,deg C,32.2,deg C,,07/31/2022
PR0026182,001,00010,"Temperature, water deg. centigrade",24.7,C3,MAX,Concentration3,deg C,24.7,deg C,32.2,deg C,,08/31/2022
PR0026182,001,00010,"Temperature, water deg. centigrade",24.6,C3,MAX,Concentration3,deg C,24.6,deg C,32.2,deg C,,09/30/2022
PR0026182,001,00010,"Temperature, water deg. centigrade",24.5,C3,MAX,Concentration3,deg C,24.5,deg C,32.2,deg C,,10/31/2022
PR0026182,001,00010,"Temperature, water deg. centigrade",23.1,C3,MAX,Concentration3,deg C,23.1,deg C,32.2,deg C,,11/30/2022
PR0026182,001,00010,"Temperature, water deg. centigrade",22.3,C3,MAX,Concentration3,deg C,22.3,deg C,32.2,deg C,,12/31/2022
PR0026182,001,00010,"Temperature, water deg. centigrade",21.4,C3,MAX,Concentration3,deg C,21.4,deg C,32.2,deg C,,01/31/2023
PR0026182,001,00010,"Temperature, water deg. centigrade",22.1,C3,MAX,Concentration3,deg C,22.1,deg C,32.2,deg C,,02/28/2023
PR0026182,001,00010,"Temperature, water deg. centigrade",23.4,C3,MAX,Concentration3,deg C,23.4,deg C,32.2,deg C,,03/31/2023
PR0026182,001,00010,"Temperature, water deg. centigrade",22.8,C3,MAX,Concentration3,deg C,22.8,deg C,32.2,deg C,,04/30/2023
PR0026182,001,00010,"Temperature, water deg. centigrade",25.3,C3,MAX,Concentration3,deg C,25.3,deg C,32.2,deg C,,05/31/2023
PR0026182,001,00010,"Temperature, water deg. centigrade",25.1,C3,MAX,Concentration3,deg C,25.1,deg C,32.2,deg C,,06/30/2023
PR0026182,001,00010,"Temperature, water deg. centigrade",25.6,C3,MAX,Concentration3,deg C,25.6,deg C,32.2,deg C,,07/31/2023
PR0026182,001,00010,"Temperature, water deg. centigrade",25.3,C3,MAX,Concentration3,deg C,25.3,deg C,32.2,deg C,,08/31/2023
PR0026182,001,00010,"Temperature, water deg. centigrade",24.9,C3,MAX,Concentration3,deg C,24.9,deg C,32.2,deg C,,09/30/2023
PR0026182,001,00010,"Temperature, water deg. centigrade",25.3,C3,MAX,Concentration3,deg C,25.3,deg C,32.2,deg C,,10/31/2023
PR0026182,001,00010,"Temperature, water deg. centigrade",23.9,C3,MAX,Concentration3,deg C,23.9,deg C,32.2,deg C,,11/30/2023
PR0026182,001,00010,"Temperature, water deg. centigrade",22.7,C3,MAX,Concentration3,deg C,22.7,deg C,32.2,deg C,,12/31/2023
PR0026182,001,00010,"Temperature, water deg. centigrade",22.4,C3,MAX,Concentration3,deg C,22.4,deg C,32.2,deg C,,01/31/2024
PR0026182,001,00010,"Temperature, water deg. centigrade",22.7,C3,MAX,Concentration3,deg C,22.7,deg C,32.2,deg C,,02/29/2024
PR0026182,001,00010,"Temperature, water deg. centigrade",23.1,C3,MAX,Concentration3,deg C,23.1,deg C,32.2,deg C,,03/31/2024
PR0026182,001,00010,"Temperature, water deg. centigrade",23.7,C3,MAX,Concentration3,deg C,23.7,deg C,32.2,deg C,,04/30/2024
PR0026182,001,00010,"Temperature, water deg. centigrade",24.9,C3,MAX,Concentration3,deg C,24.9,deg C,32.2,deg C,,05/31/2024
PR0026182,001,00010,"Temperature, water deg. centigrade",24.6,C3,MAX,Concentration3,deg C,24.6,deg C,32.2,deg C,,06/30/2024
PR0026182,001,00010,"Temperature, water deg. centigrade",24.9,C3,MAX,Concentration3,deg C,24.9,deg C,32.2,deg C,,07/31/2024
PR0026182,001,00010,"Temperature, water deg. centigrade",24.7,C3,MAX,Concentration3,deg C,24.7,deg C,32.2,deg C,,08/31/2024
PR0026182,001,00010,"Temperature, water deg. centigrade",25.6,C3,MAX,Concentration3,deg C,25.6,deg C,32.2,deg C,,09/30/2024
PR0026182,001,00010,"Temperature, water deg. centigrade",24.9,C3,MAX,Concentration3,deg C,24.9,deg C,32.2,deg C,,10/31/2024
PR0026182,001,00010,"Temperature, water deg. centigrade",23.9,C3,MAX,Concentration3,deg C,23.9,deg C,32.2,deg C,,11/30/2024
PR0026182,001,00010,"Temperature, water deg. centigrade",23.7,C3,MAX,Concentration3,deg C,23.7,deg C,32.2,deg C,,12/31/2024
PR0026182,001,00010,"Temperature, water deg. centigrade",22.6,C3,MAX,Concentration3,deg C,22.6,deg C,32.2,deg C,,01/31/2025
PR0026182,001,00010,"Temperature, water deg. centigrade",22.7,C3,MAX,Concentration3,deg C,22.7,deg C,32.2,deg C,,02/28/2025
PR0026182,001,00010,"Temperature, water deg. centigrade",22.9,C3,MAX,Concentration3,deg C,22.9,deg C,32.2,deg C,,03/31/2025
PR0026182,001,00010,"Temperature, water deg. centigrade",24,C3,MAX,Concentration3,deg C,24,deg C,32.2,deg C,,04/30/2025
PR0026182,001,00010,"Temperature, water deg. centigrade",24.2,C3,MAX,Concentration3,deg C,24.2,deg C,32.2,deg C,,05/31/2025
PR0026182,001,00010,"Temperature, water deg. centigrade",24.8,C3,MAX,Concentration3,deg C,24.8,deg C,32.2,deg C,,06/30/2025
PR0026182,001,00010,"Temperature, water deg. centigrade",24.9,C3,MAX,Concentration3,deg C,24.9,deg C,32.2,deg C,,07/31/2025
PR0026182,001,00010,"Temperature, water deg. centigrade",24.4,C3,MAX,Concentration3,deg C,24.4,deg C,32.2,deg C,,08/31/2025
PR0026182,001,00010,"Temperature, water deg. centigrade",24.7,C3,MAX,Concentration3,deg C,24.7,deg C,32.2,deg C,,09/30/2025
PR0026182,001,00010,"Temperature, water deg. centigrade",24.1,C3,MAX,Concentration3,deg C,24.1,deg C,32.2,deg C,,10/31/2025
PR0026182,001,00010,"Temperature, water deg. centigrade",23.5,C3,MAX,Concentration3,deg C,23.5,deg C,32.2,deg C,,11/30/2025
PR0026182,001,00010,"Temperature, water deg. centigrade",22.3,C3,MAX,Concentration3,deg C,22.3,deg C,32.2,deg C,,12/31/2025
PR0026182,001,00010,"Temperature, water deg. centigrade",22.3,C3,MAX,Concentration3,deg C,22.3,deg C,32.2,deg C,,01/31/2026
PR0026182,001,00070,Turbidity,3.8,C3,MAX,Concentration3,NTU,3.8,NTU,1243,NTU,,01/31/2020
PR0026182,001,00070,Turbidity,2.3,C3,MAX,Concentration3,NTU,2.3,NTU,1243,NTU,,02/29/2020
PR0026182,001,00070,Turbidity,19,C3,MAX,Concentration3,NTU,19,NTU,1243,NTU,,03/31/2020
PR0026182,001,00070,Turbidity,11,C3,MAX,Concentration3,NTU,11,NTU,1243,NTU,,04/30/2020
PR0026182,001,00070,Turbidity,6,C3,MAX,Concentration3,NTU,6,NTU,1243,NTU,,05/31/2020
PR0026182,001,00070,Turbidity,45,C3,MAX,Concentration3,NTU,45,NTU,1243,NTU,,06/30/2020
PR0026182,001,00070,Turbidity,150,C3,MAX,Concentration3,NTU,150,NTU,1243,NTU,,07/31/2020
PR0026182,001,00070,Turbidity,130,C3,MAX,Concentration3,NTU,130,NTU,1243,NTU,,08/31/2020
PR0026182,001,00070,Turbidity,9.3,C3,MAX,Concentration3,NTU,9.3,NTU,1243,NTU,,09/30/2020
PR0026182,001,00070,Turbidity,8.6,C3,MAX,Concentration3,NTU,8.6,NTU,1243,NTU,,10/31/2020
PR0026182,001,00070,Turbidity,5.3,C3,MAX,Concentration3,NTU,5.3,NTU,1243,NTU,,11/30/2020
PR0026182,001,00070,Turbidity,5.9,C3,MAX,Concentration3,NTU,5.9,NTU,1243,NTU,,12/31/2020
PR0026182,001,00070,Turbidity,3.8,C3,MAX,Concentration3,NTU,3.8,NTU,1243,NTU,,01/31/2021
PR0026182,001,00070,Turbidity,3.6,C3,MAX,Concentration3,NTU,3.6,NTU,1243,NTU,,02/28/2021
PR0026182,001,00070,Turbidity,2,C3,MAX,Concentration3,NTU,2,NTU,1243,NTU,,03/31/2021
PR0026182,001,00070,Turbidity,28,C3,MAX,Concentration3,NTU,28,NTU,1243,NTU,,04/30/2021
PR0026182,001,00070,Turbidity,24,C3,MAX,Concentration3,NTU,24,NTU,1243,NTU,,05/31/2021
PR0026182,001,00070,Turbidity,55,C3,MAX,Concentration3,NTU,55,NTU,1243,NTU,,06/30/2021
PR0026182,001,00070,Turbidity,5,C3,MAX,Concentration3,NTU,5,NTU,1243,NTU,,07/31/2021
PR0026182,001,00070,Turbidity,9.1,C3,MAX,Concentration3,NTU,9.1,NTU,1243,NTU,,08/31/2021
PR0026182,001,00070,Turbidity,39,C3,MAX,Concentration3,NTU,39,NTU,1243,NTU,,09/30/2021
PR0026182,001,00070,Turbidity,28,C3,MAX,Concentration3,NTU,28,NTU,1243,NTU,,10/31/2021
PR0026182,001,00070,Turbidity,55,C3,MAX,Concentration3,NTU,55,NTU,1243,NTU,,11/30/2021
PR0026182,001,00070,Turbidity,6.1,C3,MAX,Concentration3,NTU,6.1,NTU,1243,NTU,,12/31/2021
PR0026182,001,00070,Turbidity,5.4,C3,MAX,Concentration3,NTU,5.4,NTU,1243,NTU,,01/31/2022
PR0026182,001,00070,Turbidity,9.1,C3,MAX,Concentration3,NTU,9.1,NTU,1243,NTU,,02/28/2022
PR0026182,001,00070,Turbidity,280,C3,MAX,Concentration3,NTU,280,NTU,1243,NTU,,03/31/2022
PR0026182,001,00070,Turbidity,65,C3,MAX,Concentration3,NTU,65,NTU,1243,NTU,,04/30/2022
PR0026182,001,00070,Turbidity,38,C3,MAX,Concentration3,NTU,38,NTU,1243,NTU,,05/31/2022
PR0026182,001,00070,Turbidity,120,C3,MAX,Concentration3,NTU,120,NTU,1243,NTU,,06/30/2022
PR0026182,001,00070,Turbidity,28,C3,MAX,Concentration3,NTU,28,NTU,1243,NTU,,07/31/2022
PR0026182,001,00070,Turbidity,180,C3,MAX,Concentration3,NTU,180,NTU,1243,NTU,,08/31/2022
PR0026182,001,00070,Turbidity,110,C3,MAX,Concentration3,NTU,110,NTU,1243,NTU,,09/30/2022
PR0026182,001,00070,Turbidity,180,C3,MAX,Concentration3,NTU,180,NTU,1243,NTU,,10/31/2022
PR0026182,001,00070,Turbidity,3,C3,MAX,Concentration3,NTU,3,NTU,1243,NTU,,11/30/2022
PR0026182,001,00070,Turbidity,7.6,C3,MAX,Concentration3,NTU,7.6,NTU,1243,NTU,,12/31/2022
PR0026182,001,00070,Turbidity,1.9,C3,MAX,Concentration3,NTU,1.9,NTU,1243,NTU,,01/31/2023
PR0026182,001,00070,Turbidity,18,C3,MAX,Concentration3,NTU,18,NTU,1243,NTU,,02/28/2023
PR0026182,001,00070,Turbidity,1.9,C3,MAX,Concentration3,NTU,1.9,NTU,1243,NTU,,03/31/2023
PR0026182,001,00070,Turbidity,15,C3,MAX,Concentration3,NTU,15,NTU,1243,NTU,,04/30/2023
PR0026182,001,00070,Turbidity,3,C3,MAX,Concentration3,NTU,3,NTU,1243,NTU,,05/31/2023
PR0026182,001,00070,Turbidity,5.3,C3,MAX,Concentration3,NTU,5.3,NTU,1243,NTU,,06/30/2023
PR0026182,001,00070,Turbidity,38,C3,MAX,Concentration3,NTU,38,NTU,1243,NTU,,07/31/2023
PR0026182,001,00070,Turbidity,600,C3,MAX,Concentration3,NTU,600,NTU,1243,NTU,,08/31/2023
PR0026182,001,00070,Turbidity,390,C3,MAX,Concentration3,NTU,390,NTU,1243,NTU,,09/30/2023
PR0026182,001,00070,Turbidity,100,C3,MAX,Concentration3,NTU,100,NTU,1243,NTU,,10/31/2023
PR0026182,001,00070,Turbidity,37,C3,MAX,Concentration3,NTU,37,NTU,1243,NTU,,11/30/2023
PR0026182,001,00070,Turbidity,28,C3,MAX,Concentration3,NTU,28,NTU,1243,NTU,,12/31/2023
PR0026182,001,00070,Turbidity,10,C3,MAX,Concentration3,NTU,10,NTU,1243,NTU,,01/31/2024
PR0026182,001,00070,Turbidity,4.8,C3,MAX,Concentration3,NTU,4.8,NTU,1243,NTU,,02/29/2024
PR0026182,001,00070,Turbidity,50,C3,MAX,Concentration3,NTU,50,NTU,1243,NTU,,03/31/2024
PR0026182,001,00070,Turbidity,10,C3,MAX,Concentration3,NTU,10,NTU,1243,NTU,,04/30/2024
PR0026182,001,00070,Turbidity,4.2,C3,MAX,Concentration3,NTU,4.2,NTU,1243,NTU,,05/31/2024
PR0026182,001,00070,Turbidity,3.3,C3,MAX,Concentration3,NTU,3.3,NTU,1243,NTU,,06/30/2024
PR0026182,001,00070,Turbidity,3.5,C3,MAX,Concentration3,NTU,3.5,NTU,1243,NTU,,07/31/2024
PR0026182,001,00070,Turbidity,160,C3,MAX,Concentration3,NTU,160,NTU,1243,NTU,,08/31/2024
PR0026182,001,00070,Turbidity,170,C3,MAX,Concentration3,NTU,170,NTU,1243,NTU,,09/30/2024
PR0026182,001,00070,Turbidity,13,C3,MAX,Concentration3,NTU,13,NTU,1243,NTU,,10/31/2024
PR0026182,001,00070,Turbidity,2.1,C3,MAX,Concentration3,NTU,2.1,NTU,1243,NTU,,11/30/2024
PR0026182,001,00070,Turbidity,8.8,C3,MAX,Concentration3,NTU,8.8,NTU,1243,NTU,,12/31/2024
PR0026182,001,00070,Turbidity,10,C3,MAX,Concentration3,NTU,10,NTU,1243,NTU,,01/31/2025
PR0026182,001,00070,Turbidity,28,C3,MAX,Concentration3,NTU,28,NTU,1243,NTU,,02/28/2025
PR0026182,001,00070,Turbidity,130,C3,MAX,Concentration3,NTU,130,NTU,1243,NTU,,03/31/2025
PR0026182,001,00070,Turbidity,15,C3,MAX,Concentration3,NTU,15,NTU,1243,NTU,,04/30/2025
PR0026182,001,00070,Turbidity,38,C3,MAX,Concentration3,NTU,38,NTU,1243,NTU,,05/31/2025
PR0026182,001,00070,Turbidity,17,C3,MAX,Concentration3,NTU,17,NTU,1243,NTU,,06/30/2025
PR0026182,001,00070,Turbidity,8.8,C3,MAX,Concentration3,NTU,8.8,NTU,1243,NTU,,07/31/2025
PR0026182,001,00070,Turbidity,140,C3,MAX,Concentration3,NTU,140,NTU,1243,NTU,,08/31/2025
PR0026182,001,00070,Turbidity,14,C3,MAX,Concentration3,NTU,14,NTU,1243,NTU,,09/30/2025
PR0026182,001,00070,Turbidity,280,C3,MAX,Concentration3,NTU,280,NTU,1243,NTU,,10/31/2025
PR0026182,001,00070,Turbidity,31,C3,MAX,Concentration3,NTU,31,NTU,1243,NTU,,11/30/2025
PR0026182,001,00070,Turbidity,45,C3,MAX,Concentration3,NTU,45,NTU,1243,NTU,,12/31/2025
PR0026182,001,00070,Turbidity,180,C3,MAX,Concentration3,NTU,180,NTU,1243,NTU,,01/31/2026
PR0026182,001,00080,Color [PT-CO units],5,C3,MAX,Concentration3,col unit (pc),5,col unit (pc),113,col unit (pc),,01/31/2020
PR0026182,001,00080,Color [PT-CO units],5,C3,MAX,Concentration3,col unit (pc),5,col unit (pc),113,col unit (pc),,02/29/2020
PR0026182,001,00080,Color [PT-CO units],15,C3,MAX,Concentration3,col unit (pc),15,col unit (pc),113,col unit (pc),,03/31/2020
PR0026182,001,00080,Color [PT-CO units],5,C3,MAX,Concentration3,col unit (pc),5,col unit (pc),113,col unit (pc),,04/30/2020
PR0026182,001,00080,Color [PT-CO units],5,C3,MAX,Concentration3,col unit (pc),5,col unit (pc),113,col unit (pc),,05/31/2020
PR0026182,001,00080,Color [PT-CO units],15,C3,MAX,Concentration3,col unit (pc),15,col unit (pc),113,col unit (pc),,06/30/2020
PR0026182,001,00080,Color [PT-CO units],5,C3,MAX,Concentration3,col unit (pc),5,col unit (pc),113,col unit (pc),,07/31/2020
PR0026182,001,00080,Color [PT-CO units],15,C3,MAX,Concentration3,col unit (pc),15,col unit (pc),113,col unit (pc),,08/31/2020
PR0026182,001,00080,Color [PT-CO units],10,C3,MAX,Concentration3,col unit (pc),10,col unit (pc),113,col unit (pc),,09/30/2020
PR0026182,001,00080,Color [PT-CO units],10,C3,MAX,Concentration3,col unit (pc),10,col unit (pc),113,col unit (pc),,10/31/2020
PR0026182,001,00080,Color [PT-CO units],5,C3,MAX,Concentration3,col unit (pc),5,col unit (pc),113,col unit (pc),,11/30/2020
PR0026182,001,00080,Color [PT-CO units],10,C3,MAX,Concentration3,col unit (pc),10,col unit (pc),113,col unit (pc),,12/31/2020
PR0026182,001,00080,Color [PT-CO units],15,C3,MAX,Concentration3,col unit (pc),15,col unit (pc),113,col unit (pc),,01/31/2021
PR0026182,001,00080,Color [PT-CO units],5,C3,MAX,Concentration3,col unit (pc),5,col unit (pc),113,col unit (pc),,02/28/2021
PR0026182,001,00080,Color [PT-CO units],5,C3,MAX,Concentration3,col unit (pc),5,col unit (pc),113,col unit (pc),,03/31/2021
PR0026182,001,00080,Color [PT-CO units],5,C3,MAX,Concentration3,col unit (pc),5,col unit (pc),113,col unit (pc),,04/30/2021
PR0026182,001,00080,Color [PT-CO units],10,C3,MAX,Concentration3,col unit (pc),10,col unit (pc),113,col unit (pc),,05/31/2021
PR0026182,001,00080,Color [PT-CO units],20,C3,MAX,Concentration3,col unit (pc),20,col unit (pc),113,col unit (pc),,06/30/2021
PR0026182,001,00080,Color [PT-CO units],5,C3,MAX,Concentration3,col unit (pc),5,col unit (pc),113,col unit (pc),,07/31/2021
PR0026182,001,00080,Color [PT-CO units],5,C3,MAX,Concentration3,col unit (pc),5,col unit (pc),113,col unit (pc),,08/31/2021
PR0026182,001,00080,Color [PT-CO units],5,C3,MAX,Concentration3,col unit (pc),5,col unit (pc),113,col unit (pc),,09/30/2021
PR0026182,001,00080,Color [PT-CO units],5,C3,MAX,Concentration3,col unit (pc),5,col unit (pc),113,col unit (pc),,10/31/2021
PR0026182,001,00080,Color [PT-CO units],5,C3,MAX,Concentration3,col unit (pc),5,col unit (pc),113,col unit (pc),,11/30/2021
PR0026182,001,00080,Color [PT-CO units],5,C3,MAX,Concentration3,col unit (pc),5,col unit (pc),113,col unit (pc),,12/31/2021
PR0026182,001,00080,Color [PT-CO units],5,C3,MAX,Concentration3,col unit (pc),5,col unit (pc),113,col unit (pc),,01/31/2022
PR0026182,001,00080,Color [PT-CO units],5,C3,MAX,Concentration3,col unit (pc),5,col unit (pc),113,col unit (pc),,02/28/2022
PR0026182,001,00080,Color [PT-CO units],10,C3,MAX,Concentration3,col unit (pc),10,col unit (pc),113,col unit (pc),,03/31/2022
PR0026182,001,00080,Color [PT-CO units],5,C3,MAX,Concentration3,col unit (pc),5,col unit (pc),113,col unit (pc),,04/30/2022
PR0026182,001,00080,Color [PT-CO units],5,C3,MAX,Concentration3,col unit (pc),5,col unit (pc),113,col unit (pc),,05/31/2022
PR0026182,001,00080,Color [PT-CO units],5,C3,MAX,Concentration3,col unit (pc),5,col unit (pc),113,col unit (pc),,06/30/2022
PR0026182,001,00080,Color [PT-CO units],5,C3,MAX,Concentration3,col unit (pc),5,col unit (pc),113,col unit (pc),,07/31/2022
PR0026182,001,00080,Color [PT-CO units],5,C3,MAX,Concentration3,col unit (pc),5,col unit (pc),113,col unit (pc),,08/31/2022
PR0026182,001,00080,Color [PT-CO units],10,C3,MAX,Concentration3,col unit (pc),10,col unit (pc),113,col unit (pc),,09/30/2022
PR0026182,001,00080,Color [PT-CO units],5,C3,MAX,Concentration3,col unit (pc),5,col unit (pc),113,col unit (pc),,10/31/2022
PR0026182,001,00080,Color [PT-CO units],5,C3,MAX,Concentration3,col unit (pc),5,col unit (pc),113,col unit (pc),,11/30/2022
PR0026182,001,00080,Color [PT-CO units],5,C3,MAX,Concentration3,col unit (pc),5,col unit (pc),113,col unit (pc),,12/31/2022
PR0026182,001,00080,Color [PT-CO units],5,C3,MAX,Concentration3,col unit (pc),5,col unit (pc),113,col unit (pc),,01/31/2023
PR0026182,001,00080,Color [PT-CO units],10,C3,MAX,Concentration3,col unit (pc),10,col unit (pc),113,col unit (pc),,02/28/2023
PR0026182,001,00080,Color [PT-CO units],5,C3,MAX,Concentration3,col unit (pc),5,col unit (pc),113,col unit (pc),,03/31/2023
PR0026182,001,00080,Color [PT-CO units],5,C3,MAX,Concentration3,col unit (pc),5,col unit (pc),113,col unit (pc),,04/30/2023
PR0026182,001,00080,Color [PT-CO units],5,C3,MAX,Concentration3,col unit (pc),5,col unit (pc),113,col unit (pc),,05/31/2023
PR0026182,001,00080,Color [PT-CO units],5,C3,MAX,Concentration3,col unit (pc),5,col unit (pc),113,col unit (pc),,06/30/2023
PR0026182,001,00080,Color [PT-CO units],20,C3,MAX,Concentration3,col unit (pc),20,col unit (pc),113,col unit (pc),,07/31/2023
PR0026182,001,00080,Color [PT-CO units],15,C3,MAX,Concentration3,col unit (pc),15,col unit (pc),113,col unit (pc),,08/31/2023
PR0026182,001,00080,Color [PT-CO units],15,C3,MAX,Concentration3,col unit (pc),15,col unit (pc),113,col unit (pc),,09/30/2023
PR0026182,001,00080,Color [PT-CO units],10,C3,MAX,Concentration3,col unit (pc),10,col unit (pc),113,col unit (pc),,10/31/2023
PR0026182,001,00080,Color [PT-CO units],5,C3,MAX,Concentration3,col unit (pc),5,col unit (pc),113,col unit (pc),,11/30/2023
PR0026182,001,00080,Color [PT-CO units],5,C3,MAX,Concentration3,col unit (pc),5,col unit (pc),113,col unit (pc),,12/31/2023
PR0026182,001,00080,Color [PT-CO units],5,C3,MAX,Concentration3,col unit (pc),5,col unit (pc),113,col unit (pc),,01/31/2024
PR0026182,001,00080,Color [PT-CO units],5,C3,MAX,Concentration3,col unit (pc),5,col unit (pc),113,col unit (pc),,02/29/2024
PR0026182,001,00080,Color [PT-CO units],5,C3,MAX,Concentration3,col unit (pc),5,col unit (pc),113,col unit (pc),,03/31/2024
PR0026182,001,00080,Color [PT-CO units],5,C3,MAX,Concentration3,col unit (pc),5,col unit (pc),113,col unit (pc),,04/30/2024
PR0026182,001,00080,Color [PT-CO units],30,C3,MAX,Concentration3,col unit (pc),30,col unit (pc),113,col unit (pc),,05/31/2024
PR0026182,001,00080,Color [PT-CO units],5,C3,MAX,Concentration3,col unit (pc),5,col unit (pc),113,col unit (pc),,06/30/2024
PR0026182,001,00080,Color [PT-CO units],5,C3,MAX,Concentration3,col unit (pc),5,col unit (pc),113,col unit (pc),,07/31/2024
PR0026182,001,00080,Color [PT-CO units],10,C3,MAX,Concentration3,col unit (pc),10,col unit (pc),113,col unit (pc),,08/31/2024
PR0026182,001,00080,Color [PT-CO units],10,C3,MAX,Concentration3,col unit (pc),10,col unit (pc),113,col unit (pc),,09/30/2024
PR0026182,001,00080,Color [PT-CO units],5,C3,MAX,Concentration3,col unit (pc),5,col unit (pc),113,col unit (pc),,10/31/2024
PR0026182,001,00080,Color [PT-CO units],5,C3,MAX,Concentration3,col unit (pc),5,col unit (pc),113,col unit (pc),,11/30/2024
PR0026182,001,00080,Color [PT-CO units],5,C3,MAX,Concentration3,col unit (pc),5,col unit (pc),113,col unit (pc),,12/31/2024
PR0026182,001,00080,Color [PT-CO units],5,C3,MAX,Concentration3,col unit (pc),5,col unit (pc),113,col unit (pc),,01/31/2025
PR0026182,001,00080,Color [PT-CO units],5,C3,MAX,Concentration3,col unit (pc),5,col unit (pc),113,col unit (pc),,02/28/2025
PR0026182,001,00080,Color [PT-CO units],10,C3,MAX,Concentration3,col unit (pc),10,col unit (pc),113,col unit (pc),,03/31/2025
PR0026182,001,00080,Color [PT-CO units],5,C3,MAX,Concentration3,col unit (pc),5,col unit (pc),113,col unit (pc),,04/30/2025
PR0026182,001,00080,Color [PT-CO units],5,C3,MAX,Concentration3,col unit (pc),5,col unit (pc),113,col unit (pc),,05/31/2025
PR0026182,001,00080,Color [PT-CO units],5,C3,MAX,Concentration3,col unit (pc),5,col unit (pc),113,col unit (pc),,06/30/2025
PR0026182,001,00080,Color [PT-CO units],5,C3,MAX,Concentration3,col unit (pc),5,col unit (pc),113,col unit (pc),,07/31/2025
PR0026182,001,00080,Color [PT-CO units],5,C3,MAX,Concentration3,col unit (pc),5,col unit (pc),113,col unit (pc),,08/31/2025
PR0026182,001,00080,Color [PT-CO units],5,C3,MAX,Concentration3,col unit (pc),5,col unit (pc),113,col unit (pc),,09/30/2025
PR0026182,001,00080,Color [PT-CO units],15,C3,MAX,Concentration3,col unit (pc),15,col unit (pc),113,col unit (pc),,12/31/2025
PR0026182,001,00300,"Oxygen, dissolved [DO]",7.14,C1,MIN,Concentration1,mg/L,7.14,mg/L,3,mg/L,,01/31/2020
PR0026182,001,00300,"Oxygen, dissolved [DO]",7.83,C1,MIN,Concentration1,mg/L,7.83,mg/L,3,mg/L,,02/29/2020
PR0026182,001,00300,"Oxygen, dissolved [DO]",7.73,C1,MIN,Concentration1,mg/L,7.73,mg/L,3,mg/L,,03/31/2020
PR0026182,001,00300,"Oxygen, dissolved [DO]",7.09,C1,MIN,Concentration1,mg/L,7.09,mg/L,3,mg/L,,04/30/2020
PR0026182,001,00300,"Oxygen, dissolved [DO]",7.14,C1,MIN,Concentration1,mg/L,7.14,mg/L,3,mg/L,,05/31/2020
PR0026182,001,00300,"Oxygen, dissolved [DO]",7.17,C1,MIN,Concentration1,mg/L,7.17,mg/L,3,mg/L,,06/30/2020
PR0026182,001,00300,"Oxygen, dissolved [DO]",6.53,C1,MIN,Concentration1,mg/L,6.53,mg/L,3,mg/L,,07/31/2020
PR0026182,001,00300,"Oxygen, dissolved [DO]",6.71,C1,MIN,Concentration1,mg/L,6.71,mg/L,3,mg/L,,08/31/2020
PR0026182,001,00300,"Oxygen, dissolved [DO]",7.3,C1,MIN,Concentration1,mg/L,7.3,mg/L,3,mg/L,,09/30/2020
PR0026182,001,00300,"Oxygen, dissolved [DO]",7,C1,MIN,Concentration1,mg/L,7,mg/L,3,mg/L,,10/31/2020
PR0026182,001,00300,"Oxygen, dissolved [DO]",7.19,C1,MIN,Concentration1,mg/L,7.19,mg/L,3,mg/L,,11/30/2020
PR0026182,001,00300,"Oxygen, dissolved [DO]",7.21,C1,MIN,Concentration1,mg/L,7.21,mg/L,3,mg/L,,12/31/2020
PR0026182,001,00300,"Oxygen, dissolved [DO]",7.74,C1,MIN,Concentration1,mg/L,7.74,mg/L,3,mg/L,,01/31/2021
PR0026182,001,00300,"Oxygen, dissolved [DO]",7.45,C1,MIN,Concentration1,mg/L,7.45,mg/L,3,mg/L,,02/28/2021
PR0026182,001,00300,"Oxygen, dissolved [DO]",7.69,C1,MIN,Concentration1,mg/L,7.69,mg/L,3,mg/L,,03/31/2021
PR0026182,001,00300,"Oxygen, dissolved [DO]",7.77,C1,MIN,Concentration1,mg/L,7.77,mg/L,3,mg/L,,04/30/2021
PR0026182,001,00300,"Oxygen, dissolved [DO]",7.72,C1,MIN,Concentration1,mg/L,7.72,mg/L,3,mg/L,,05/31/2021
PR0026182,001,00300,"Oxygen, dissolved [DO]",7.3,C1,MIN,Concentration1,mg/L,7.3,mg/L,3,mg/L,,06/30/2021
PR0026182,001,00300,"Oxygen, dissolved [DO]",7.42,C1,MIN,Concentration1,mg/L,7.42,mg/L,3,mg/L,,07/31/2021
PR0026182,001,00300,"Oxygen, dissolved [DO]",7.48,C1,MIN,Concentration1,mg/L,7.48,mg/L,3,mg/L,,08/31/2021
PR0026182,001,00300,"Oxygen, dissolved [DO]",7.14,C1,MIN,Concentration1,mg/L,7.14,mg/L,3,mg/L,,09/30/2021
PR0026182,001,00300,"Oxygen, dissolved [DO]",7.83,C1,MIN,Concentration1,mg/L,7.83,mg/L,3,mg/L,,10/31/2021
PR0026182,001,00300,"Oxygen, dissolved [DO]",7.85,C1,MIN,Concentration1,mg/L,7.85,mg/L,3,mg/L,,11/30/2021
PR0026182,001,00300,"Oxygen, dissolved [DO]",7.61,C1,MIN,Concentration1,mg/L,7.61,mg/L,3,mg/L,,12/31/2021
PR0026182,001,00300,"Oxygen, dissolved [DO]",8.43,C1,MIN,Concentration1,mg/L,8.43,mg/L,3,mg/L,,01/31/2022
PR0026182,001,00300,"Oxygen, dissolved [DO]",7.22,C1,MIN,Concentration1,mg/L,7.22,mg/L,3,mg/L,,02/28/2022
PR0026182,001,00300,"Oxygen, dissolved [DO]",7.33,C1,MIN,Concentration1,mg/L,7.33,mg/L,3,mg/L,,03/31/2022
PR0026182,001,00300,"Oxygen, dissolved [DO]",7.79,C1,MIN,Concentration1,mg/L,7.79,mg/L,3,mg/L,,04/30/2022
PR0026182,001,00300,"Oxygen, dissolved [DO]",6.26,C1,MIN,Concentration1,mg/L,6.26,mg/L,3,mg/L,,05/31/2022
PR0026182,001,00300,"Oxygen, dissolved [DO]",6.56,C1,MIN,Concentration1,mg/L,6.56,mg/L,3,mg/L,,06/30/2022
PR0026182,001,00300,"Oxygen, dissolved [DO]",7.1,C1,MIN,Concentration1,mg/L,7.1,mg/L,3,mg/L,,07/31/2022
PR0026182,001,00300,"Oxygen, dissolved [DO]",6.41,C1,MIN,Concentration1,mg/L,6.41,mg/L,3,mg/L,,08/31/2022
PR0026182,001,00300,"Oxygen, dissolved [DO]",6.09,C1,MIN,Concentration1,mg/L,6.09,mg/L,3,mg/L,,09/30/2022
PR0026182,001,00300,"Oxygen, dissolved [DO]",6.02,C1,MIN,Concentration1,mg/L,6.02,mg/L,3,mg/L,,10/31/2022
PR0026182,001,00300,"Oxygen, dissolved [DO]",7.21,C1,MIN,Concentration1,mg/L,7.21,mg/L,3,mg/L,,11/30/2022
PR0026182,001,00300,"Oxygen, dissolved [DO]",6.25,C1,MIN,Concentration1,mg/L,6.25,mg/L,3,mg/L,,12/31/2022
PR0026182,001,00300,"Oxygen, dissolved [DO]",6.88,C1,MIN,Concentration1,mg/L,6.88,mg/L,3,mg/L,,01/31/2023
PR0026182,001,00300,"Oxygen, dissolved [DO]",7.15,C1,MIN,Concentration1,mg/L,7.15,mg/L,3,mg/L,,02/28/2023
PR0026182,001,00300,"Oxygen, dissolved [DO]",6.85,C1,MIN,Concentration1,mg/L,6.85,mg/L,3,mg/L,,03/31/2023
PR0026182,001,00300,"Oxygen, dissolved [DO]",7.11,C1,MIN,Concentration1,mg/L,7.11,mg/L,3,mg/L,,04/30/2023
PR0026182,001,00300,"Oxygen, dissolved [DO]",6.51,C1,MIN,Concentration1,mg/L,6.51,mg/L,3,mg/L,,05/31/2023
PR0026182,001,00300,"Oxygen, dissolved [DO]",7.12,C1,MIN,Concentration1,mg/L,7.12,mg/L,3,mg/L,,06/30/2023
PR0026182,001,00300,"Oxygen, dissolved [DO]",7.15,C1,MIN,Concentration1,mg/L,7.15,mg/L,3,mg/L,,07/31/2023
PR0026182,001,00300,"Oxygen, dissolved [DO]",7.21,C1,MIN,Concentration1,mg/L,7.21,mg/L,3,mg/L,,08/31/2023
PR0026182,001,00300,"Oxygen, dissolved [DO]",7.2,C1,MIN,Concentration1,mg/L,7.2,mg/L,3,mg/L,,09/30/2023
PR0026182,001,00300,"Oxygen, dissolved [DO]",7.31,C1,MIN,Concentration1,mg/L,7.31,mg/L,3,mg/L,,10/31/2023
PR0026182,001,00300,"Oxygen, dissolved [DO]",7.26,C1,MIN,Concentration1,mg/L,7.26,mg/L,3,mg/L,,11/30/2023
PR0026182,001,00300,"Oxygen, dissolved [DO]",7.23,C1,MIN,Concentration1,mg/L,7.23,mg/L,3,mg/L,,12/31/2023
PR0026182,001,00300,"Oxygen, dissolved [DO]",7.31,C1,MIN,Concentration1,mg/L,7.31,mg/L,3,mg/L,,01/31/2024
PR0026182,001,00300,"Oxygen, dissolved [DO]",7.31,C1,MIN,Concentration1,mg/L,7.31,mg/L,3,mg/L,,02/29/2024
PR0026182,001,00300,"Oxygen, dissolved [DO]",7.69,C1,MIN,Concentration1,mg/L,7.69,mg/L,3,mg/L,,03/31/2024
PR0026182,001,00300,"Oxygen, dissolved [DO]",7.31,C1,MIN,Concentration1,mg/L,7.31,mg/L,3,mg/L,,04/30/2024
PR0026182,001,00300,"Oxygen, dissolved [DO]",6.98,C1,MIN,Concentration1,mg/L,6.98,mg/L,3,mg/L,,05/31/2024
PR0026182,001,00300,"Oxygen, dissolved [DO]",7.3,C1,MIN,Concentration1,mg/L,7.3,mg/L,3,mg/L,,06/30/2024
PR0026182,001,00300,"Oxygen, dissolved [DO]",7.62,C1,MIN,Concentration1,mg/L,7.62,mg/L,3,mg/L,,07/31/2024
PR0026182,001,00300,"Oxygen, dissolved [DO]",7.17,C1,MIN,Concentration1,mg/L,7.17,mg/L,3,mg/L,,08/31/2024
PR0026182,001,00300,"Oxygen, dissolved [DO]",7.15,C1,MIN,Concentration1,mg/L,7.15,mg/L,3,mg/L,,09/30/2024
PR0026182,001,00300,"Oxygen, dissolved [DO]",7.14,C1,MIN,Concentration1,mg/L,7.14,mg/L,3,mg/L,,10/31/2024
PR0026182,001,00300,"Oxygen, dissolved [DO]",7.18,C1,MIN,Concentration1,mg/L,7.18,mg/L,3,mg/L,,11/30/2024
PR0026182,001,00300,"Oxygen, dissolved [DO]",7.12,C1,MIN,Concentration1,mg/L,7.12,mg/L,3,mg/L,,12/31/2024
PR0026182,001,00300,"Oxygen, dissolved [DO]",7.23,C1,MIN,Concentration1,mg/L,7.23,mg/L,3,mg/L,,01/31/2025
PR0026182,001,00300,"Oxygen, dissolved [DO]",7.1,C1,MIN,Concentration1,mg/L,7.1,mg/L,3,mg/L,,02/28/2025
PR0026182,001,00300,"Oxygen, dissolved [DO]",7.17,C1,MIN,Concentration1,mg/L,7.17,mg/L,3,mg/L,,03/31/2025
PR0026182,001,00300,"Oxygen, dissolved [DO]",7.11,C1,MIN,Concentration1,mg/L,7.11,mg/L,3,mg/L,,04/30/2025
PR0026182,001,00300,"Oxygen, dissolved [DO]",7,C1,MIN,Concentration1,mg/L,7,mg/L,3,mg/L,,05/31/2025
PR0026182,001,00300,"Oxygen, dissolved [DO]",7.24,C1,MIN,Concentration1,mg/L,7.24,mg/L,3,mg/L,,06/30/2025
PR0026182,001,00300,"Oxygen, dissolved [DO]",7.05,C1,MIN,Concentration1,mg/L,7.05,mg/L,3,mg/L,,07/31/2025
PR0026182,001,00300,"Oxygen, dissolved [DO]",7.23,C1,MIN,Concentration1,mg/L,7.23,mg/L,3,mg/L,,08/31/2025
PR0026182,001,00300,"Oxygen, dissolved [DO]",6.99,C1,MIN,Concentration1,mg/L,6.99,mg/L,3,mg/L,,09/30/2025
PR0026182,001,00300,"Oxygen, dissolved [DO]",7.12,C1,MIN,Concentration1,mg/L,7.12,mg/L,3,mg/L,,10/31/2025
PR0026182,001,00300,"Oxygen, dissolved [DO]",7.1,C1,MIN,Concentration1,mg/L,7.1,mg/L,3,mg/L,,11/30/2025
PR0026182,001,00300,"Oxygen, dissolved [DO]",7.07,C1,MIN,Concentration1,mg/L,7.07,mg/L,3,mg/L,,12/31/2025
PR0026182,001,00300,"Oxygen, dissolved [DO]",7.16,C1,MIN,Concentration1,mg/L,7.16,mg/L,3,mg/L,,01/31/2026
PR0026182,001,00310,"BOD, 5-day, 20 deg. C",1,C3,MAX,Concentration3,mg/L,1,mg/L,20,mg/L,,03/31/2020
PR0026182,001,00310,"BOD, 5-day, 20 deg. C",3,C3,MAX,Concentration3,mg/L,3,mg/L,20,mg/L,,06/30/2020
PR0026182,001,00310,"BOD, 5-day, 20 deg. C",7,C3,MAX,Concentration3,mg/L,7,mg/L,20,mg/L,,09/30/2020
PR0026182,001,00310,"BOD, 5-day, 20 deg. C",2,C3,MAX,Concentration3,mg/L,2,mg/L,20,mg/L,,12/31/2020
PR0026182,001,00310,"BOD, 5-day, 20 deg. C",2,C3,MAX,Concentration3,mg/L,2,mg/L,20,mg/L,,03/31/2021
PR0026182,001,00310,"BOD, 5-day, 20 deg. C",2,C3,MAX,Concentration3,mg/L,2,mg/L,20,mg/L,,06/30/2021
PR0026182,001,00310,"BOD, 5-day, 20 deg. C",2,C3,MAX,Concentration3,mg/L,2,mg/L,20,mg/L,,09/30/2021
PR0026182,001,00310,"BOD, 5-day, 20 deg. C",2,C3,MAX,Concentration3,mg/L,2,mg/L,20,mg/L,,12/31/2021
PR0026182,001,00310,"BOD, 5-day, 20 deg. C",2,C3,MAX,Concentration3,mg/L,2,mg/L,20,mg/L,,03/31/2022
PR0026182,001,00310,"BOD, 5-day, 20 deg. C",2,C3,MAX,Concentration3,mg/L,2,mg/L,20,mg/L,,06/30/2022
PR0026182,001,00310,"BOD, 5-day, 20 deg. C",5,C3,MAX,Concentration3,mg/L,5,mg/L,20,mg/L,,09/30/2022
PR0026182,001,00310,"BOD, 5-day, 20 deg. C",2,C3,MAX,Concentration3,mg/L,2,mg/L,20,mg/L,,12/31/2022
PR0026182,001,00310,"BOD, 5-day, 20 deg. C",62,C3,MAX,Concentration3,mg/L,62,mg/L,20,mg/L,,03/31/2023
PR0026182,001,00310,"BOD, 5-day, 20 deg. C",2,C3,MAX,Concentration3,mg/L,2,mg/L,20,mg/L,,06/30/2023
PR0026182,001,00310,"BOD, 5-day, 20 deg. C",34,C3,MAX,Concentration3,mg/L,34,mg/L,20,mg/L,,09/30/2023
PR0026182,001,00310,"BOD, 5-day, 20 deg. C",2,C3,MAX,Concentration3,mg/L,2,mg/L,20,mg/L,,12/31/2023
PR0026182,001,00310,"BOD, 5-day, 20 deg. C",1,C3,MAX,Concentration3,mg/L,1,mg/L,20,mg/L,,03/31/2024
PR0026182,001,00310,"BOD, 5-day, 20 deg. C",1,C3,MAX,Concentration3,mg/L,1,mg/L,20,mg/L,,06/30/2024
PR0026182,001,00310,"BOD, 5-day, 20 deg. C",26,C3,MAX,Concentration3,mg/L,26,mg/L,20,mg/L,,09/30/2024
PR0026182,001,00310,"BOD, 5-day, 20 deg. C",1,C3,MAX,Concentration3,mg/L,1,mg/L,20,mg/L,,12/31/2024
PR0026182,001,00310,"BOD, 5-day, 20 deg. C",2,C3,MAX,Concentration3,mg/L,2,mg/L,20,mg/L,,03/31/2025
PR0026182,001,00310,"BOD, 5-day, 20 deg. C",1,C3,MAX,Concentration3,mg/L,1,mg/L,20,mg/L,,06/30/2025
PR0026182,001,00310,"BOD, 5-day, 20 deg. C",26.4,C3,MAX,Concentration3,mg/L,26.4,mg/L,20,mg/L,,09/30/2025
PR0026182,001,00310,"BOD, 5-day, 20 deg. C",2,C3,MAX,Concentration3,mg/L,2,mg/L,20,mg/L,,10/31/2025
PR0026182,001,00310,"BOD, 5-day, 20 deg. C",2.4,C3,MAX,Concentration3,mg/L,2.4,mg/L,20,mg/L,,11/30/2025
PR0026182,001,00310,"BOD, 5-day, 20 deg. C",2,C3,MAX,Concentration3,mg/L,2,mg/L,20,mg/L,,12/31/2025
PR0026182,001,00310,"BOD, 5-day, 20 deg. C",101,C3,MAX,Concentration3,mg/L,101,mg/L,20,mg/L,,01/31/2026
PR0026182,001,00400,pH,6.91,C1,MIN,Concentration1,SU,6.91,SU,6,SU,,01/31/2020
PR0026182,001,00400,pH,7.46,C3,MAX,Concentration3,SU,7.46,SU,9,SU,,01/31/2020
PR0026182,001,00400,pH,7.9,C3,MAX,Concentration3,SU,7.9,SU,9,SU,,02/29/2020
PR0026182,001,00400,pH,6.95,C1,MIN,Concentration1,SU,6.95,SU,6,SU,,02/29/2020
PR0026182,001,00400,pH,6.95,C1,MIN,Concentration1,SU,6.95,SU,6,SU,,03/31/2020
PR0026182,001,00400,pH,7.31,C3,MAX,Concentration3,SU,7.31,SU,9,SU,,03/31/2020
PR0026182,001,00400,pH,7.73,C3,MAX,Concentration3,SU,7.73,SU,9,SU,,04/30/2020
PR0026182,001,00400,pH,6.52,C1,MIN,Concentration1,SU,6.52,SU,6,SU,,04/30/2020
PR0026182,001,00400,pH,6.8,C1,MIN,Concentration1,SU,6.8,SU,6,SU,,05/31/2020
PR0026182,001,00400,pH,7.92,C3,MAX,Concentration3,SU,7.92,SU,9,SU,,05/31/2020
PR0026182,001,00400,pH,7.48,C3,MAX,Concentration3,SU,7.48,SU,9,SU,,06/30/2020
PR0026182,001,00400,pH,6.62,C1,MIN,Concentration1,SU,6.62,SU,6,SU,,06/30/2020
PR0026182,001,00400,pH,7.32,C3,MAX,Concentration3,SU,7.32,SU,9,SU,,07/31/2020
PR0026182,001,00400,pH,6.69,C1,MIN,Concentration1,SU,6.69,SU,6,SU,,07/31/2020
PR0026182,001,00400,pH,7.74,C3,MAX,Concentration3,SU,7.74,SU,9,SU,,08/31/2020
PR0026182,001,00400,pH,6.59,C1,MIN,Concentration1,SU,6.59,SU,6,SU,,08/31/2020
PR0026182,001,00400,pH,6.69,C1,MIN,Concentration1,SU,6.69,SU,6,SU,,09/30/2020
PR0026182,001,00400,pH,7.54,C3,MAX,Concentration3,SU,7.54,SU,9,SU,,09/30/2020
PR0026182,001,00400,pH,7.55,C3,MAX,Concentration3,SU,7.55,SU,9,SU,,10/31/2020
PR0026182,001,00400,pH,6.58,C1,MIN,Concentration1,SU,6.58,SU,6,SU,,10/31/2020
PR0026182,001,00400,pH,6.79,C1,MIN,Concentration1,SU,6.79,SU,6,SU,,11/30/2020
PR0026182,001,00400,pH,7.7,C3,MAX,Concentration3,SU,7.7,SU,9,SU,,11/30/2020
PR0026182,001,00400,pH,7.74,C3,MAX,Concentration3,SU,7.74,SU,9,SU,,12/31/2020
PR0026182,001,00400,pH,6.52,C1,MIN,Concentration1,SU,6.52,SU,6,SU,,12/31/2020
PR0026182,001,00400,pH,6.51,C1,MIN,Concentration1,SU,6.51,SU,6,SU,,01/31/2021
PR0026182,001,00400,pH,7.38,C3,MAX,Concentration3,SU,7.38,SU,9,SU,,01/31/2021
PR0026182,001,00400,pH,7.75,C3,MAX,Concentration3,SU,7.75,SU,9,SU,,02/28/2021
PR0026182,001,00400,pH,6.94,C1,MIN,Concentration1,SU,6.94,SU,6,SU,,02/28/2021
PR0026182,001,00400,pH,7.48,C3,MAX,Concentration3,SU,7.48,SU,9,SU,,03/31/2021
PR0026182,001,00400,pH,6.98,C1,MIN,Concentration1,SU,6.98,SU,6,SU,,03/31/2021
PR0026182,001,00400,pH,7.49,C3,MAX,Concentration3,SU,7.49,SU,9,SU,,04/30/2021
PR0026182,001,00400,pH,6.83,C1,MIN,Concentration1,SU,6.83,SU,6,SU,,04/30/2021
PR0026182,001,00400,pH,6.9,C1,MIN,Concentration1,SU,6.9,SU,6,SU,,05/31/2021
PR0026182,001,00400,pH,7.28,C3,MAX,Concentration3,SU,7.28,SU,9,SU,,05/31/2021
PR0026182,001,00400,pH,7.25,C3,MAX,Concentration3,SU,7.25,SU,9,SU,,06/30/2021
PR0026182,001,00400,pH,6.87,C1,MIN,Concentration1,SU,6.87,SU,6,SU,,06/30/2021
PR0026182,001,00400,pH,7.05,C1,MIN,Concentration1,SU,7.05,SU,6,SU,,07/31/2021
PR0026182,001,00400,pH,7.49,C3,MAX,Concentration3,SU,7.49,SU,9,SU,,07/31/2021
PR0026182,001,00400,pH,7.66,C3,MAX,Concentration3,SU,7.66,SU,9,SU,,08/31/2021
PR0026182,001,00400,pH,7,C1,MIN,Concentration1,SU,7,SU,6,SU,,08/31/2021
PR0026182,001,00400,pH,7.08,C1,MIN,Concentration1,SU,7.08,SU,6,SU,,09/30/2021
PR0026182,001,00400,pH,7.5,C3,MAX,Concentration3,SU,7.5,SU,9,SU,,09/30/2021
PR0026182,001,00400,pH,6.68,C1,MIN,Concentration1,SU,6.68,SU,6,SU,,10/31/2021
PR0026182,001,00400,pH,7.58,C3,MAX,Concentration3,SU,7.58,SU,9,SU,,10/31/2021
PR0026182,001,00400,pH,6.95,C1,MIN,Concentration1,SU,6.95,SU,6,SU,,11/30/2021
PR0026182,001,00400,pH,7.58,C3,MAX,Concentration3,SU,7.58,SU,9,SU,,11/30/2021
PR0026182,001,00400,pH,7.36,C3,MAX,Concentration3,SU,7.36,SU,9,SU,,12/31/2021
PR0026182,001,00400,pH,6.12,C1,MIN,Concentration1,SU,6.12,SU,6,SU,,12/31/2021
PR0026182,001,00400,pH,6.53,C1,MIN,Concentration1,SU,6.53,SU,6,SU,,01/31/2022
PR0026182,001,00400,pH,7.36,C3,MAX,Concentration3,SU,7.36,SU,9,SU,,01/31/2022
PR0026182,001,00400,pH,7.44,C3,MAX,Concentration3,SU,7.44,SU,9,SU,,02/28/2022
PR0026182,001,00400,pH,6.8,C1,MIN,Concentration1,SU,6.8,SU,6,SU,,02/28/2022
PR0026182,001,00400,pH,6.68,C1,MIN,Concentration1,SU,6.68,SU,6,SU,,03/31/2022
PR0026182,001,00400,pH,7.49,C3,MAX,Concentration3,SU,7.49,SU,9,SU,,03/31/2022
PR0026182,001,00400,pH,7.48,C3,MAX,Concentration3,SU,7.48,SU,9,SU,,04/30/2022
PR0026182,001,00400,pH,6.54,C1,MIN,Concentration1,SU,6.54,SU,6,SU,,04/30/2022
PR0026182,001,00400,pH,6.56,C1,MIN,Concentration1,SU,6.56,SU,6,SU,,05/31/2022
PR0026182,001,00400,pH,7.43,C3,MAX,Concentration3,SU,7.43,SU,9,SU,,05/31/2022
PR0026182,001,00400,pH,6.56,C3,MAX,Concentration3,SU,6.56,SU,9,SU,,06/30/2022
PR0026182,001,00400,pH,8.07,C1,MIN,Concentration1,SU,8.07,SU,6,SU,,06/30/2022
PR0026182,001,00400,pH,7.92,C1,MIN,Concentration1,SU,7.92,SU,6,SU,,07/31/2022
PR0026182,001,00400,pH,6.34,C3,MAX,Concentration3,SU,6.34,SU,9,SU,,07/31/2022
PR0026182,001,00400,pH,6.16,C3,MAX,Concentration3,SU,6.16,SU,9,SU,,08/31/2022
PR0026182,001,00400,pH,7.51,C1,MIN,Concentration1,SU,7.51,SU,6,SU,,08/31/2022
PR0026182,001,00400,pH,7.41,C1,MIN,Concentration1,SU,7.41,SU,6,SU,,09/30/2022
PR0026182,001,00400,pH,6.35,C3,MAX,Concentration3,SU,6.35,SU,9,SU,,09/30/2022
PR0026182,001,00400,pH,6.46,C3,MAX,Concentration3,SU,6.46,SU,9,SU,,10/31/2022
PR0026182,001,00400,pH,7.31,C1,MIN,Concentration1,SU,7.31,SU,6,SU,,10/31/2022
PR0026182,001,00400,pH,7.71,C1,MIN,Concentration1,SU,7.71,SU,6,SU,,11/30/2022
PR0026182,001,00400,pH,6.93,C3,MAX,Concentration3,SU,6.93,SU,9,SU,,11/30/2022
PR0026182,001,00400,pH,6.54,C3,MAX,Concentration3,SU,6.54,SU,9,SU,,12/31/2022
PR0026182,001,00400,pH,7.46,C1,MIN,Concentration1,SU,7.46,SU,6,SU,,12/31/2022
PR0026182,001,00400,pH,6.6,C1,MIN,Concentration1,SU,6.6,SU,6,SU,,01/31/2023
PR0026182,001,00400,pH,7.54,C3,MAX,Concentration3,SU,7.54,SU,9,SU,,01/31/2023
PR0026182,001,00400,pH,7.01,C3,MAX,Concentration3,SU,7.01,SU,9,SU,,02/28/2023
PR0026182,001,00400,pH,7.54,C1,MIN,Concentration1,SU,7.54,SU,6,SU,,02/28/2023
PR0026182,001,00400,pH,7.35,C1,MIN,Concentration1,SU,7.35,SU,6,SU,,03/31/2023
PR0026182,001,00400,pH,6.84,C3,MAX,Concentration3,SU,6.84,SU,9,SU,,03/31/2023
PR0026182,001,00400,pH,7.67,C3,MAX,Concentration3,SU,7.67,SU,9,SU,,04/30/2023
PR0026182,001,00400,pH,7.16,C1,MIN,Concentration1,SU,7.16,SU,6,SU,,04/30/2023
PR0026182,001,00400,pH,6.4,C1,MIN,Concentration1,SU,6.4,SU,6,SU,,05/31/2023
PR0026182,001,00400,pH,7.67,C3,MAX,Concentration3,SU,7.67,SU,9,SU,,05/31/2023
PR0026182,001,00400,pH,7.59,C3,MAX,Concentration3,SU,7.59,SU,9,SU,,06/30/2023
PR0026182,001,00400,pH,7.12,C1,MIN,Concentration1,SU,7.12,SU,6,SU,,06/30/2023
PR0026182,001,00400,pH,7.22,C1,MIN,Concentration1,SU,7.22,SU,6,SU,,07/31/2023
PR0026182,001,00400,pH,7.58,C3,MAX,Concentration3,SU,7.58,SU,9,SU,,07/31/2023
PR0026182,001,00400,pH,7.62,C3,MAX,Concentration3,SU,7.62,SU,9,SU,,08/31/2023
PR0026182,001,00400,pH,7.12,C1,MIN,Concentration1,SU,7.12,SU,6,SU,,08/31/2023
PR0026182,001,00400,pH,7.02,C1,MIN,Concentration1,SU,7.02,SU,6,SU,,09/30/2023
PR0026182,001,00400,pH,7.49,C3,MAX,Concentration3,SU,7.49,SU,9,SU,,09/30/2023
PR0026182,001,00400,pH,7.49,C3,MAX,Concentration3,SU,7.49,SU,9,SU,,10/31/2023
PR0026182,001,00400,pH,7.21,C1,MIN,Concentration1,SU,7.21,SU,6,SU,,10/31/2023
PR0026182,001,00400,pH,7.18,C1,MIN,Concentration1,SU,7.18,SU,6,SU,,11/30/2023
PR0026182,001,00400,pH,7.48,C3,MAX,Concentration3,SU,7.48,SU,9,SU,,11/30/2023
PR0026182,001,00400,pH,7.58,C3,MAX,Concentration3,SU,7.58,SU,9,SU,,12/31/2023
PR0026182,001,00400,pH,7.12,C1,MIN,Concentration1,SU,7.12,SU,6,SU,,12/31/2023
PR0026182,001,00400,pH,7.18,C1,MIN,Concentration1,SU,7.18,SU,6,SU,,01/31/2024
PR0026182,001,00400,pH,7.55,C3,MAX,Concentration3,SU,7.55,SU,9,SU,,01/31/2024
PR0026182,001,00400,pH,7.47,C3,MAX,Concentration3,SU,7.47,SU,9,SU,,02/29/2024
PR0026182,001,00400,pH,7.17,C1,MIN,Concentration1,SU,7.17,SU,6,SU,,02/29/2024
PR0026182,001,00400,pH,7.01,C1,MIN,Concentration1,SU,7.01,SU,6,SU,,03/31/2024
PR0026182,001,00400,pH,7.5,C3,MAX,Concentration3,SU,7.5,SU,9,SU,,03/31/2024
PR0026182,001,00400,pH,7.56,C3,MAX,Concentration3,SU,7.56,SU,9,SU,,04/30/2024
PR0026182,001,00400,pH,7.12,C1,MIN,Concentration1,SU,7.12,SU,6,SU,,04/30/2024
PR0026182,001,00400,pH,6.81,C1,MIN,Concentration1,SU,6.81,SU,6,SU,,05/31/2024
PR0026182,001,00400,pH,7.38,C3,MAX,Concentration3,SU,7.38,SU,9,SU,,05/31/2024
PR0026182,001,00400,pH,7.49,C3,MAX,Concentration3,SU,7.49,SU,9,SU,,06/30/2024
PR0026182,001,00400,pH,7.16,C1,MIN,Concentration1,SU,7.16,SU,6,SU,,06/30/2024
PR0026182,001,00400,pH,7.09,C1,MIN,Concentration1,SU,7.09,SU,6,SU,,07/31/2024
PR0026182,001,00400,pH,7.44,C3,MAX,Concentration3,SU,7.44,SU,9,SU,,07/31/2024
PR0026182,001,00400,pH,7.45,C3,MAX,Concentration3,SU,7.45,SU,9,SU,,08/31/2024
PR0026182,001,00400,pH,7.04,C1,MIN,Concentration1,SU,7.04,SU,6,SU,,08/31/2024
PR0026182,001,00400,pH,7.01,C1,MIN,Concentration1,SU,7.01,SU,6,SU,,09/30/2024
PR0026182,001,00400,pH,7.3,C3,MAX,Concentration3,SU,7.3,SU,9,SU,,09/30/2024
PR0026182,001,00400,pH,7.32,C3,MAX,Concentration3,SU,7.32,SU,9,SU,,10/31/2024
PR0026182,001,00400,pH,7.06,C1,MIN,Concentration1,SU,7.06,SU,6,SU,,10/31/2024
PR0026182,001,00400,pH,7.09,C1,MIN,Concentration1,SU,7.09,SU,6,SU,,11/30/2024
PR0026182,001,00400,pH,7.33,C3,MAX,Concentration3,SU,7.33,SU,9,SU,,11/30/2024
PR0026182,001,00400,pH,7.34,C3,MAX,Concentration3,SU,7.34,SU,9,SU,,12/31/2024
PR0026182,001,00400,pH,7.09,C1,MIN,Concentration1,SU,7.09,SU,6,SU,,12/31/2024
PR0026182,001,00400,pH,7.12,C1,MIN,Concentration1,SU,7.12,SU,6,SU,,01/31/2025
PR0026182,001,00400,pH,7.46,C3,MAX,Concentration3,SU,7.46,SU,9,SU,,01/31/2025
PR0026182,001,00400,pH,7.45,C3,MAX,Concentration3,SU,7.45,SU,9,SU,,02/28/2025
PR0026182,001,00400,pH,6.8,C1,MIN,Concentration1,SU,6.8,SU,6,SU,,02/28/2025
PR0026182,001,00400,pH,6.94,C1,MIN,Concentration1,SU,6.94,SU,6,SU,,03/31/2025
PR0026182,001,00400,pH,7.28,C3,MAX,Concentration3,SU,7.28,SU,9,SU,,03/31/2025
PR0026182,001,00400,pH,7.31,C3,MAX,Concentration3,SU,7.31,SU,9,SU,,04/30/2025
PR0026182,001,00400,pH,7,C1,MIN,Concentration1,SU,7,SU,6,SU,,04/30/2025
PR0026182,001,00400,pH,6.73,C1,MIN,Concentration1,SU,6.73,SU,6,SU,,05/31/2025
PR0026182,001,00400,pH,7.38,C3,MAX,Concentration3,SU,7.38,SU,9,SU,,05/31/2025
PR0026182,001,00400,pH,7.38,C3,MAX,Concentration3,SU,7.38,SU,9,SU,,06/30/2025
PR0026182,001,00400,pH,7.07,C1,MIN,Concentration1,SU,7.07,SU,6,SU,,06/30/2025
PR0026182,001,00400,pH,6.89,C1,MIN,Concentration1,SU,6.89,SU,6,SU,,07/31/2025
PR0026182,001,00400,pH,7.36,C3,MAX,Concentration3,SU,7.36,SU,9,SU,,07/31/2025
PR0026182,001,00400,pH,7.4,C3,MAX,Concentration3,SU,7.4,SU,9,SU,,08/31/2025
PR0026182,001,00400,pH,7.1,C1,MIN,Concentration1,SU,7.1,SU,6,SU,,08/31/2025
PR0026182,001,00400,pH,6.81,C1,MIN,Concentration1,SU,6.81,SU,6,SU,,09/30/2025
PR0026182,001,00400,pH,7.46,C3,MAX,Concentration3,SU,7.46,SU,9,SU,,09/30/2025
PR0026182,001,00400,pH,7.03,C1,MIN,Concentration1,SU,7.03,SU,6,SU,,10/31/2025
PR0026182,001,00400,pH,7.27,C3,MAX,Concentration3,SU,7.27,SU,9,SU,,10/31/2025
PR0026182,001,00400,pH,7.36,C3,MAX,Concentration3,SU,7.36,SU,9,SU,,11/30/2025
PR0026182,001,00400,pH,7.04,C1,MIN,Concentration1,SU,7.04,SU,6,SU,,11/30/2025
PR0026182,001,00400,pH,6.93,C1,MIN,Concentration1,SU,6.93,SU,6,SU,,12/31/2025
PR0026182,001,00400,pH,7.51,C3,MAX,Concentration3,SU,7.51,SU,9,SU,,12/31/2025
PR0026182,001,00400,pH,7.27,C3,MAX,Concentration3,SU,7.27,SU,9,SU,,01/31/2026
PR0026182,001,00400,pH,7.04,C1,MIN,Concentration1,SU,7.04,SU,6,SU,,01/31/2026
PR0026182,001,00545,"Solids, settleable",0,C3,MAX,Concentration3,mL/L,0,mg/L,,mL/L,,01/31/2020
PR0026182,001,00545,"Solids, settleable",0,C3,MAX,Concentration3,mL/L,0,mg/L,,mL/L,,02/29/2020
PR0026182,001,00545,"Solids, settleable",0,C3,MAX,Concentration3,mL/L,0,mg/L,,mL/L,,03/31/2020
PR0026182,001,00545,"Solids, settleable",0,C3,MAX,Concentration3,mL/L,0,mg/L,,mL/L,,04/30/2020
PR0026182,001,00545,"Solids, settleable",0,C3,MAX,Concentration3,mL/L,0,mg/L,,mL/L,,05/31/2020
PR0026182,001,00545,"Solids, settleable",169,C3,MAX,Concentration3,mL/L,.16900001,mg/L,,mL/L,,06/30/2020
PR0026182,001,00545,"Solids, settleable",0,C3,MAX,Concentration3,mL/L,0,mg/L,,mL/L,,07/31/2020
PR0026182,001,00545,"Solids, settleable",0,C3,MAX,Concentration3,mL/L,0,mg/L,,mL/L,,08/31/2020
PR0026182,001,00545,"Solids, settleable",0,C3,MAX,Concentration3,mL/L,0,mg/L,,mL/L,,09/30/2020
PR0026182,001,00545,"Solids, settleable",0,C3,MAX,Concentration3,mL/L,0,mg/L,,mL/L,,10/31/2020
PR0026182,001,00545,"Solids, settleable",57,C3,MAX,Concentration3,mL/L,.057,mg/L,,mL/L,,11/30/2020
PR0026182,001,00545,"Solids, settleable",0,C3,MAX,Concentration3,mL/L,0,mg/L,,mL/L,,12/31/2020
PR0026182,001,00545,"Solids, settleable",0,C3,MAX,Concentration3,mL/L,0,mg/L,,mL/L,,01/31/2021
PR0026182,001,00545,"Solids, settleable",0,C3,MAX,Concentration3,mL/L,0,mg/L,,mL/L,,02/28/2021
PR0026182,001,00545,"Solids, settleable",0,C3,MAX,Concentration3,mL/L,0,mg/L,,mL/L,,03/31/2021
PR0026182,001,00545,"Solids, settleable",0,C3,MAX,Concentration3,mL/L,0,mg/L,,mL/L,,04/30/2021
PR0026182,001,00545,"Solids, settleable",0,C3,MAX,Concentration3,mL/L,0,mg/L,,mL/L,,05/31/2021
PR0026182,001,00545,"Solids, settleable",0,C3,MAX,Concentration3,mL/L,0,mg/L,,mL/L,,06/30/2021
PR0026182,001,00545,"Solids, settleable",38,C3,MAX,Concentration3,mL/L,.038,mg/L,,mL/L,,07/31/2021
PR0026182,001,00545,"Solids, settleable",0,C3,MAX,Concentration3,mL/L,0,mg/L,,mL/L,,08/31/2021
PR0026182,001,00545,"Solids, settleable",0,C3,MAX,Concentration3,mL/L,0,mg/L,,mL/L,,09/30/2021
PR0026182,001,00545,"Solids, settleable",0,C3,MAX,Concentration3,mL/L,0,mg/L,,mL/L,,10/31/2021
PR0026182,001,00545,"Solids, settleable",55,C3,MAX,Concentration3,mL/L,.055,mg/L,,mL/L,,11/30/2021
PR0026182,001,00545,"Solids, settleable",214,C3,MAX,Concentration3,mL/L,.21400001,mg/L,,mL/L,,12/31/2021
PR0026182,001,00545,"Solids, settleable",70,C3,MAX,Concentration3,mL/L,.07,mg/L,,mL/L,,01/31/2022
PR0026182,001,00545,"Solids, settleable",250,C3,MAX,Concentration3,mL/L,.25000001,mg/L,,mL/L,,02/28/2022
PR0026182,001,00545,"Solids, settleable",0,C3,MAX,Concentration3,mL/L,0,mg/L,,mL/L,,03/31/2022
PR0026182,001,00545,"Solids, settleable",995,C3,MAX,Concentration3,mL/L,.99500005,mg/L,,mL/L,,04/30/2022
PR0026182,001,00545,"Solids, settleable",0,C3,MAX,Concentration3,mL/L,0,mg/L,,mL/L,,05/31/2022
PR0026182,001,00545,"Solids, settleable",0,C3,MAX,Concentration3,mL/L,0,mg/L,,mL/L,,06/30/2022
PR0026182,001,00545,"Solids, settleable",0,C3,MAX,Concentration3,mL/L,0,mg/L,,mL/L,,07/31/2022
PR0026182,001,00545,"Solids, settleable",608,C3,MAX,Concentration3,mL/L,.60800003,mg/L,,mL/L,,08/31/2022
PR0026182,001,00545,"Solids, settleable",0,C3,MAX,Concentration3,mL/L,0,mg/L,,mL/L,,09/30/2022
PR0026182,001,00545,"Solids, settleable",0,C3,MAX,Concentration3,mL/L,0,mg/L,,mL/L,,10/31/2022
PR0026182,001,00545,"Solids, settleable",0,C3,MAX,Concentration3,mL/L,0,mg/L,,mL/L,,11/30/2022
PR0026182,001,00545,"Solids, settleable",0,C3,MAX,Concentration3,mL/L,0,mg/L,,mL/L,,12/31/2022
PR0026182,001,00545,"Solids, settleable",0,C3,MAX,Concentration3,mL/L,0,mg/L,,mL/L,,01/31/2023
PR0026182,001,00545,"Solids, settleable",0,C3,MAX,Concentration3,mL/L,0,mg/L,,mL/L,,02/28/2023
PR0026182,001,00545,"Solids, settleable",0,C3,MAX,Concentration3,mL/L,0,mg/L,,mL/L,,03/31/2023
PR0026182,001,00545,"Solids, settleable",175,C3,MAX,Concentration3,mL/L,.17500001,mg/L,,mL/L,,04/30/2023
PR0026182,001,00545,"Solids, settleable",151,C3,MAX,Concentration3,mL/L,.15100001,mg/L,,mL/L,,05/31/2023
PR0026182,001,00545,"Solids, settleable",87,C3,MAX,Concentration3,mL/L,.087,mg/L,,mL/L,,06/30/2023
PR0026182,001,00545,"Solids, settleable",0,C3,MAX,Concentration3,mL/L,0,mg/L,,mL/L,,07/31/2023
PR0026182,001,00545,"Solids, settleable",0,C3,MAX,Concentration3,mL/L,0,mg/L,,mL/L,,08/31/2023
PR0026182,001,00545,"Solids, settleable",0,C3,MAX,Concentration3,mL/L,0,mg/L,,mL/L,,09/30/2023
PR0026182,001,00545,"Solids, settleable",95,C3,MAX,Concentration3,mL/L,.095,mg/L,,mL/L,,10/31/2023
PR0026182,001,00545,"Solids, settleable",0,C3,MAX,Concentration3,mL/L,0,mg/L,,mL/L,,11/30/2023
PR0026182,001,00545,"Solids, settleable",0,C3,MAX,Concentration3,mL/L,0,mg/L,,mL/L,,12/31/2023
PR0026182,001,00545,"Solids, settleable",0,C3,MAX,Concentration3,mL/L,0,mg/L,,mL/L,,01/31/2024
PR0026182,001,00545,"Solids, settleable",0,C3,MAX,Concentration3,mL/L,0,mg/L,,mL/L,,02/29/2024
PR0026182,001,00545,"Solids, settleable",0,C3,MAX,Concentration3,mL/L,0,mg/L,,mL/L,,03/31/2024
PR0026182,001,00545,"Solids, settleable",0,C3,MAX,Concentration3,mL/L,0,mg/L,,mL/L,,04/30/2024
PR0026182,001,00545,"Solids, settleable",0,C3,MAX,Concentration3,mL/L,0,mg/L,,mL/L,,05/31/2024
PR0026182,001,00545,"Solids, settleable",0,C3,MAX,Concentration3,mL/L,0,mg/L,,mL/L,,06/30/2024
PR0026182,001,00545,"Solids, settleable",0,C3,MAX,Concentration3,mL/L,0,mg/L,,mL/L,,07/31/2024
PR0026182,001,00545,"Solids, settleable",200,C3,MAX,Concentration3,mL/L,.20000001,mg/L,,mL/L,,08/31/2024
PR0026182,001,00545,"Solids, settleable",0,C3,MAX,Concentration3,mL/L,0,mg/L,,mL/L,,09/30/2024
PR0026182,001,00545,"Solids, settleable",0,C3,MAX,Concentration3,mL/L,0,mg/L,,mL/L,,10/31/2024
PR0026182,001,00545,"Solids, settleable",0,C3,MAX,Concentration3,mL/L,0,mg/L,,mL/L,,11/30/2024
PR0026182,001,00545,"Solids, settleable",0,C3,MAX,Concentration3,mL/L,0,mg/L,,mL/L,,12/31/2024
PR0026182,001,00545,"Solids, settleable",0,C3,MAX,Concentration3,mL/L,0,mg/L,,mL/L,,01/31/2025
PR0026182,001,00545,"Solids, settleable",0,C3,MAX,Concentration3,mL/L,0,mg/L,,mL/L,,02/28/2025
PR0026182,001,00545,"Solids, settleable",0,C3,MAX,Concentration3,mL/L,0,mg/L,,mL/L,,03/31/2025
PR0026182,001,00545,"Solids, settleable",0,C3,MAX,Concentration3,mL/L,0,mg/L,,mL/L,,04/30/2025
PR0026182,001,00545,"Solids, settleable",0,C3,MAX,Concentration3,mL/L,0,mg/L,,mL/L,,05/31/2025
PR0026182,001,00545,"Solids, settleable",0,C3,MAX,Concentration3,mL/L,0,mg/L,,mL/L,,06/30/2025
PR0026182,001,00545,"Solids, settleable",0,C3,MAX,Concentration3,mL/L,0,mg/L,,mL/L,,07/31/2025
PR0026182,001,00545,"Solids, settleable",0,C3,MAX,Concentration3,mL/L,0,mg/L,,mL/L,,08/31/2025
PR0026182,001,00545,"Solids, settleable",0,C3,MAX,Concentration3,mL/L,0,mg/L,,mL/L,,09/30/2025
PR0026182,001,00545,"Solids, settleable",0,C3,MAX,Concentration3,mL/L,0,mg/L,,mL/L,,10/31/2025
PR0026182,001,00545,"Solids, settleable",0,C3,MAX,Concentration3,mL/L,0,mg/L,,mL/L,,11/30/2025
PR0026182,001,00545,"Solids, settleable",0,C3,MAX,Concentration3,mL/L,0,mg/L,,mL/L,,12/31/2025
PR0026182,001,00545,"Solids, settleable",0,C3,MAX,Concentration3,mL/L,0,mg/L,,mL/L,,01/31/2026
PR0026182,001,00665,"Phosphorus, total [as P]",72,C3,MAX,Concentration3,ug/L,.072,mg/L,3.42111343,mg/L,,03/31/2020
PR0026182,001,00665,"Phosphorus, total [as P]",720,C3,MAX,Concentration3,ug/L,.72000003,mg/L,3.42111343,mg/L,,06/30/2020
PR0026182,001,00665,"Phosphorus, total [as P]",72,C3,MAX,Concentration3,ug/L,.072,mg/L,3.42111343,mg/L,,09/30/2020
PR0026182,001,00665,"Phosphorus, total [as P]",72,C3,MAX,Concentration3,ug/L,.072,mg/L,3.42111343,mg/L,,12/31/2020
PR0026182,001,00665,"Phosphorus, total [as P]",72,C3,MAX,Concentration3,ug/L,.072,mg/L,3.42111343,mg/L,,03/31/2021
PR0026182,001,00665,"Phosphorus, total [as P]",72,C3,MAX,Concentration3,ug/L,.072,mg/L,3.42111343,mg/L,,06/30/2021
PR0026182,001,00665,"Phosphorus, total [as P]",72,C3,MAX,Concentration3,ug/L,.072,mg/L,3.42111343,mg/L,,09/30/2021
PR0026182,001,00665,"Phosphorus, total [as P]",500,C3,MAX,Concentration3,ug/L,.50000002,mg/L,3.42111343,mg/L,,12/31/2021
PR0026182,001,00665,"Phosphorus, total [as P]",72,C3,MAX,Concentration3,ug/L,.072,mg/L,3.42111343,mg/L,,03/31/2022
PR0026182,001,00665,"Phosphorus, total [as P]",150,C3,MAX,Concentration3,ug/L,.15000001,mg/L,3.42111343,mg/L,,06/30/2022
PR0026182,001,00665,"Phosphorus, total [as P]",72,C3,MAX,Concentration3,ug/L,.072,mg/L,3.42111343,mg/L,,09/30/2022
PR0026182,001,00665,"Phosphorus, total [as P]",170,C3,MAX,Concentration3,ug/L,.17000001,mg/L,3.42111343,mg/L,,12/31/2022
PR0026182,001,00665,"Phosphorus, total [as P]",72,C3,MAX,Concentration3,ug/L,.072,mg/L,3.42111343,mg/L,,03/31/2023
PR0026182,001,00665,"Phosphorus, total [as P]",72,C3,MAX,Concentration3,ug/L,.072,mg/L,3.42111343,mg/L,,06/30/2023
PR0026182,001,00665,"Phosphorus, total [as P]",72,C3,MAX,Concentration3,ug/L,.072,mg/L,3.42111343,mg/L,,09/30/2023
PR0026182,001,00665,"Phosphorus, total [as P]",72,C3,MAX,Concentration3,ug/L,.072,mg/L,3.42111343,mg/L,,12/31/2023
PR0026182,001,00665,"Phosphorus, total [as P]",0.072,C3,MAX,Concentration3,mg/L,.072,mg/L,3.42111343,mg/L,,03/31/2024
PR0026182,001,00665,"Phosphorus, total [as P]",0.072,C3,MAX,Concentration3,mg/L,.072,mg/L,3.42111343,mg/L,,06/30/2024
PR0026182,001,00665,"Phosphorus, total [as P]",0.072,C3,MAX,Concentration3,mg/L,.072,mg/L,3.42111343,mg/L,,09/30/2024
PR0026182,001,00665,"Phosphorus, total [as P]",0.072,C3,MAX,Concentration3,mg/L,.072,mg/L,3.42111343,mg/L,,12/31/2024
PR0026182,001,00665,"Phosphorus, total [as P]",0.142,C3,MAX,Concentration3,mg/L,.142,mg/L,3.42111343,mg/L,,03/31/2025
PR0026182,001,00665,"Phosphorus, total [as P]",0.142,C3,MAX,Concentration3,mg/L,.142,mg/L,3.42111343,mg/L,,06/30/2025
PR0026182,001,00665,"Phosphorus, total [as P]",0.142,C3,MAX,Concentration3,mg/L,.142,mg/L,3.42111343,mg/L,,09/30/2025
PR0026182,001,00665,"Phosphorus, total [as P]",0.26,C3,MAX,Concentration3,mg/L,.26,mg/L,3.42111343,mg/L,,10/31/2025
PR0026182,001,00665,"Phosphorus, total [as P]",0.142,C3,MAX,Concentration3,mg/L,.142,mg/L,3.42111343,mg/L,,11/30/2025
PR0026182,001,00665,"Phosphorus, total [as P]",0.142,C3,MAX,Concentration3,mg/L,.142,mg/L,3.42111343,mg/L,,12/31/2025
PR0026182,001,00665,"Phosphorus, total [as P]",0.25,C3,MAX,Concentration3,mg/L,.25,mg/L,3.42111343,mg/L,,01/31/2026
PR0026182,001,00720,"Cyanide, total [as CN]",NA,C3,MAX,Concentration3,,,mg/L,4,ug/L,9,12/31/2025
PR0026182,001,01027,"Cadmium, total [as Cd]",0.1,C3,MAX,Concentration3,ug/L,.0001,mg/L,6,ug/L,,01/31/2020
PR0026182,001,01027,"Cadmium, total [as Cd]",0.1,C3,MAX,Concentration3,ug/L,.0001,mg/L,6,ug/L,,02/29/2020
PR0026182,001,01027,"Cadmium, total [as Cd]",0.1,C3,MAX,Concentration3,ug/L,.0001,mg/L,6,ug/L,,03/31/2020
PR0026182,001,01027,"Cadmium, total [as Cd]",0.1,C3,MAX,Concentration3,ug/L,.0001,mg/L,6,ug/L,,04/30/2020
PR0026182,001,01027,"Cadmium, total [as Cd]",0.1,C3,MAX,Concentration3,ug/L,.0001,mg/L,6,ug/L,,05/31/2020
PR0026182,001,01027,"Cadmium, total [as Cd]",0.1,C3,MAX,Concentration3,ug/L,.0001,mg/L,6,ug/L,,06/30/2020
PR0026182,001,01027,"Cadmium, total [as Cd]",0.1,C3,MAX,Concentration3,ug/L,.0001,mg/L,6,ug/L,,07/31/2020
PR0026182,001,01027,"Cadmium, total [as Cd]",0.1,C3,MAX,Concentration3,ug/L,.0001,mg/L,6,ug/L,,08/31/2020
PR0026182,001,01027,"Cadmium, total [as Cd]",0.1,C3,MAX,Concentration3,ug/L,.0001,mg/L,6,ug/L,,09/30/2020
PR0026182,001,01027,"Cadmium, total [as Cd]",0.1,C3,MAX,Concentration3,ug/L,.0001,mg/L,6,ug/L,,10/31/2020
PR0026182,001,01027,"Cadmium, total [as Cd]",0.1,C3,MAX,Concentration3,ug/L,.0001,mg/L,6,ug/L,,11/30/2020
PR0026182,001,01027,"Cadmium, total [as Cd]",0.1,C3,MAX,Concentration3,ug/L,.0001,mg/L,6,ug/L,,12/31/2020
PR0026182,001,01027,"Cadmium, total [as Cd]",0.1,C3,MAX,Concentration3,ug/L,.0001,mg/L,6,ug/L,,01/31/2021
PR0026182,001,01027,"Cadmium, total [as Cd]",0.1,C3,MAX,Concentration3,ug/L,.0001,mg/L,6,ug/L,,02/28/2021
PR0026182,001,01027,"Cadmium, total [as Cd]",0.1,C3,MAX,Concentration3,ug/L,.0001,mg/L,6,ug/L,,03/31/2021
PR0026182,001,01027,"Cadmium, total [as Cd]",0.5,C3,MAX,Concentration3,ug/L,.0005,mg/L,6,ug/L,,04/30/2021
PR0026182,001,01027,"Cadmium, total [as Cd]",0.1,C3,MAX,Concentration3,ug/L,.0001,mg/L,6,ug/L,,05/31/2021
PR0026182,001,01027,"Cadmium, total [as Cd]",0.1,C3,MAX,Concentration3,ug/L,.0001,mg/L,6,ug/L,,06/30/2021
PR0026182,001,01027,"Cadmium, total [as Cd]",0.1,C3,MAX,Concentration3,ug/L,.0001,mg/L,6,ug/L,,07/31/2021
PR0026182,001,01027,"Cadmium, total [as Cd]",0.1,C3,MAX,Concentration3,ug/L,.0001,mg/L,6,ug/L,,08/31/2021
PR0026182,001,01027,"Cadmium, total [as Cd]",0.1,C3,MAX,Concentration3,ug/L,.0001,mg/L,6,ug/L,,09/30/2021
PR0026182,001,01027,"Cadmium, total [as Cd]",0.1,C3,MAX,Concentration3,ug/L,.0001,mg/L,6,ug/L,,10/31/2021
PR0026182,001,01027,"Cadmium, total [as Cd]",0.1,C3,MAX,Concentration3,ug/L,.0001,mg/L,6,ug/L,,11/30/2021
PR0026182,001,01027,"Cadmium, total [as Cd]",0.1,C3,MAX,Concentration3,ug/L,.0001,mg/L,6,ug/L,,12/31/2021
PR0026182,001,01027,"Cadmium, total [as Cd]",0.1,C3,MAX,Concentration3,ug/L,.0001,mg/L,6,ug/L,,01/31/2022
PR0026182,001,01027,"Cadmium, total [as Cd]",0.1,C3,MAX,Concentration3,ug/L,.0001,mg/L,6,ug/L,,02/28/2022
PR0026182,001,01027,"Cadmium, total [as Cd]",0.1,C3,MAX,Concentration3,ug/L,.0001,mg/L,6,ug/L,,03/31/2022
PR0026182,001,01027,"Cadmium, total [as Cd]",0.1,C3,MAX,Concentration3,ug/L,.0001,mg/L,6,ug/L,,04/30/2022
PR0026182,001,01027,"Cadmium, total [as Cd]",0.1,C3,MAX,Concentration3,ug/L,.0001,mg/L,6,ug/L,,05/31/2022
PR0026182,001,01027,"Cadmium, total [as Cd]",0.1,C3,MAX,Concentration3,ug/L,.0001,mg/L,6,ug/L,,06/30/2022
PR0026182,001,01027,"Cadmium, total [as Cd]",0.1,C3,MAX,Concentration3,ug/L,.0001,mg/L,6,ug/L,,07/31/2022
PR0026182,001,01027,"Cadmium, total [as Cd]",0.1,C3,MAX,Concentration3,ug/L,.0001,mg/L,6,ug/L,,08/31/2022
PR0026182,001,01027,"Cadmium, total [as Cd]",0.1,C3,MAX,Concentration3,ug/L,.0001,mg/L,6,ug/L,,09/30/2022
PR0026182,001,01027,"Cadmium, total [as Cd]",0.1,C3,MAX,Concentration3,ug/L,.0001,mg/L,6,ug/L,,10/31/2022
PR0026182,001,01027,"Cadmium, total [as Cd]",0.1,C3,MAX,Concentration3,ug/L,.0001,mg/L,6,ug/L,,11/30/2022
PR0026182,001,01027,"Cadmium, total [as Cd]",0.5,C3,MAX,Concentration3,ug/L,.0005,mg/L,6,ug/L,,12/31/2022
PR0026182,001,01027,"Cadmium, total [as Cd]",0.1,C3,MAX,Concentration3,ug/L,.0001,mg/L,6,ug/L,,01/31/2023
PR0026182,001,01027,"Cadmium, total [as Cd]",0.1,C3,MAX,Concentration3,ug/L,.0001,mg/L,6,ug/L,,02/28/2023
PR0026182,001,01027,"Cadmium, total [as Cd]",0.1,C3,MAX,Concentration3,ug/L,.0001,mg/L,6,ug/L,,03/31/2023
PR0026182,001,01027,"Cadmium, total [as Cd]",0.1,C3,MAX,Concentration3,ug/L,.0001,mg/L,6,ug/L,,04/30/2023
PR0026182,001,01027,"Cadmium, total [as Cd]",0.1,C3,MAX,Concentration3,ug/L,.0001,mg/L,6,ug/L,,05/31/2023
PR0026182,001,01027,"Cadmium, total [as Cd]",0.2,C3,MAX,Concentration3,ug/L,.0002,mg/L,6,ug/L,,06/30/2023
PR0026182,001,01027,"Cadmium, total [as Cd]",0.1,C3,MAX,Concentration3,ug/L,.0001,mg/L,6,ug/L,,07/31/2023
PR0026182,001,01027,"Cadmium, total [as Cd]",0.1,C3,MAX,Concentration3,ug/L,.0001,mg/L,6,ug/L,,08/31/2023
PR0026182,001,01027,"Cadmium, total [as Cd]",0.3,C3,MAX,Concentration3,ug/L,.0003,mg/L,6,ug/L,,09/30/2023
PR0026182,001,01027,"Cadmium, total [as Cd]",0.1,C3,MAX,Concentration3,ug/L,.0001,mg/L,6,ug/L,,10/31/2023
PR0026182,001,01027,"Cadmium, total [as Cd]",0.1,C3,MAX,Concentration3,ug/L,.0001,mg/L,6,ug/L,,11/30/2023
PR0026182,001,01027,"Cadmium, total [as Cd]",0.2,C3,MAX,Concentration3,ug/L,.0002,mg/L,6,ug/L,,12/31/2023
PR0026182,001,01027,"Cadmium, total [as Cd]",0.071,C3,MAX,Concentration3,ug/L,.000071,mg/L,6,ug/L,,01/31/2024
PR0026182,001,01027,"Cadmium, total [as Cd]",0.037,C3,MAX,Concentration3,ug/L,.000037,mg/L,6,ug/L,,02/29/2024
PR0026182,001,01027,"Cadmium, total [as Cd]",0.123,C3,MAX,Concentration3,ug/L,.000123,mg/L,6,ug/L,,03/31/2024
PR0026182,001,01027,"Cadmium, total [as Cd]",0.033,C3,MAX,Concentration3,ug/L,.000033,mg/L,6,ug/L,,04/30/2024
PR0026182,001,01027,"Cadmium, total [as Cd]",0.005,C3,MAX,Concentration3,ug/L,.000005,mg/L,6,ug/L,,05/31/2024
PR0026182,001,01027,"Cadmium, total [as Cd]",0.024,C3,MAX,Concentration3,ug/L,.000024,mg/L,6,ug/L,,06/30/2024
PR0026182,001,01027,"Cadmium, total [as Cd]",0.005,C3,MAX,Concentration3,ug/L,.000005,mg/L,6,ug/L,,07/31/2024
PR0026182,001,01027,"Cadmium, total [as Cd]",0.144,C3,MAX,Concentration3,ug/L,.000144,mg/L,6,ug/L,,08/31/2024
PR0026182,001,01027,"Cadmium, total [as Cd]",0.176,C3,MAX,Concentration3,ug/L,.000176,mg/L,6,ug/L,,09/30/2024
PR0026182,001,01027,"Cadmium, total [as Cd]",0.037,C3,MAX,Concentration3,ug/L,.000037,mg/L,6,ug/L,,10/31/2024
PR0026182,001,01027,"Cadmium, total [as Cd]",0.036,C3,MAX,Concentration3,ug/L,.000036,mg/L,6,ug/L,,11/30/2024
PR0026182,001,01027,"Cadmium, total [as Cd]",0.039,C3,MAX,Concentration3,ug/L,.000039,mg/L,6,ug/L,,12/31/2024
PR0026182,001,01027,"Cadmium, total [as Cd]",0.03,C3,MAX,Concentration3,ug/L,.00003,mg/L,6,ug/L,,01/31/2025
PR0026182,001,01027,"Cadmium, total [as Cd]",0.062,C3,MAX,Concentration3,ug/L,.000062,mg/L,6,ug/L,,02/28/2025
PR0026182,001,01027,"Cadmium, total [as Cd]",0.088,C3,MAX,Concentration3,ug/L,.000088,mg/L,6,ug/L,,03/31/2025
PR0026182,001,01027,"Cadmium, total [as Cd]",0.037,C3,MAX,Concentration3,ug/L,.000037,mg/L,6,ug/L,,04/30/2025
PR0026182,001,01027,"Cadmium, total [as Cd]",0.005,C3,MAX,Concentration3,ug/L,.000005,mg/L,6,ug/L,,05/31/2025
PR0026182,001,01027,"Cadmium, total [as Cd]",0.05,C3,MAX,Concentration3,ug/L,.00005,mg/L,6,ug/L,,06/30/2025
PR0026182,001,01027,"Cadmium, total [as Cd]",0.05,C3,MAX,Concentration3,ug/L,.00005,mg/L,6,ug/L,,07/31/2025
PR0026182,001,01027,"Cadmium, total [as Cd]",0.08,C3,MAX,Concentration3,ug/L,.00008,mg/L,6,ug/L,,08/31/2025
PR0026182,001,01027,"Cadmium, total [as Cd]",0.05,C3,MAX,Concentration3,ug/L,.00005,mg/L,6,ug/L,,09/30/2025
PR0026182,001,01027,"Cadmium, total [as Cd]",0.26,C3,MAX,Concentration3,ug/L,.00026,mg/L,6,ug/L,,12/31/2025
PR0026182,001,01042,"Copper, total [as Cu]",9.5,C3,MAX,Concentration3,ug/L,.0095,mg/L,817.98473,ug/L,,01/31/2020
PR0026182,001,01042,"Copper, total [as Cu]",5.6,C3,MAX,Concentration3,ug/L,.0056,mg/L,817.98473,ug/L,,02/29/2020
PR0026182,001,01042,"Copper, total [as Cu]",11.9,C3,MAX,Concentration3,ug/L,.0119,mg/L,817.98473,ug/L,,03/31/2020
PR0026182,001,01042,"Copper, total [as Cu]",14.7,C3,MAX,Concentration3,ug/L,.0147,mg/L,817.98473,ug/L,,04/30/2020
PR0026182,001,01042,"Copper, total [as Cu]",9.1,C3,MAX,Concentration3,ug/L,.0091,mg/L,817.98473,ug/L,,05/31/2020
PR0026182,001,01042,"Copper, total [as Cu]",1.4,C3,MAX,Concentration3,ug/L,.0014,mg/L,817.98473,ug/L,,06/30/2020
PR0026182,001,01042,"Copper, total [as Cu]",43.4,C3,MAX,Concentration3,ug/L,.0434,mg/L,817.98473,ug/L,,07/31/2020
PR0026182,001,01042,"Copper, total [as Cu]",38.8,C3,MAX,Concentration3,ug/L,.0388,mg/L,817.98473,ug/L,,08/31/2020
PR0026182,001,01042,"Copper, total [as Cu]",10.4,C3,MAX,Concentration3,ug/L,.0104,mg/L,817.98473,ug/L,,09/30/2020
PR0026182,001,01042,"Copper, total [as Cu]",9.1,C3,MAX,Concentration3,ug/L,.0091,mg/L,817.98473,ug/L,,10/31/2020
PR0026182,001,01042,"Copper, total [as Cu]",7.8,C3,MAX,Concentration3,ug/L,.0078,mg/L,817.98473,ug/L,,11/30/2020
PR0026182,001,01042,"Copper, total [as Cu]",7.9,C3,MAX,Concentration3,ug/L,.0079,mg/L,817.98473,ug/L,,12/31/2020
PR0026182,001,01042,"Copper, total [as Cu]",6.4,C3,MAX,Concentration3,ug/L,.0064,mg/L,817.98473,ug/L,,01/31/2021
PR0026182,001,01042,"Copper, total [as Cu]",5.2,C3,MAX,Concentration3,ug/L,.0052,mg/L,817.98473,ug/L,,02/28/2021
PR0026182,001,01042,"Copper, total [as Cu]",3.6,C3,MAX,Concentration3,ug/L,.0036,mg/L,817.98473,ug/L,,03/31/2021
PR0026182,001,01042,"Copper, total [as Cu]",19,C3,MAX,Concentration3,ug/L,.019,mg/L,817.98473,ug/L,,04/30/2021
PR0026182,001,01042,"Copper, total [as Cu]",10.7,C3,MAX,Concentration3,ug/L,.0107,mg/L,817.98473,ug/L,,05/31/2021
PR0026182,001,01042,"Copper, total [as Cu]",12.9,C3,MAX,Concentration3,ug/L,.0129,mg/L,817.98473,ug/L,,06/30/2021
PR0026182,001,01042,"Copper, total [as Cu]",6.7,C3,MAX,Concentration3,ug/L,.0067,mg/L,817.98473,ug/L,,07/31/2021
PR0026182,001,01042,"Copper, total [as Cu]",6.4,C3,MAX,Concentration3,ug/L,.0064,mg/L,817.98473,ug/L,,08/31/2021
PR0026182,001,01042,"Copper, total [as Cu]",10,C3,MAX,Concentration3,ug/L,.01,mg/L,817.98473,ug/L,,09/30/2021
PR0026182,001,01042,"Copper, total [as Cu]",12.3,C3,MAX,Concentration3,ug/L,.0123,mg/L,817.98473,ug/L,,10/31/2021
PR0026182,001,01042,"Copper, total [as Cu]",12.6,C3,MAX,Concentration3,ug/L,.0126,mg/L,817.98473,ug/L,,11/30/2021
PR0026182,001,01042,"Copper, total [as Cu]",12.5,C3,MAX,Concentration3,ug/L,.0125,mg/L,817.98473,ug/L,,12/31/2021
PR0026182,001,01042,"Copper, total [as Cu]",6.4,C3,MAX,Concentration3,ug/L,.0064,mg/L,817.98473,ug/L,,01/31/2022
PR0026182,001,01042,"Copper, total [as Cu]",6.3,C3,MAX,Concentration3,ug/L,.0063,mg/L,817.98473,ug/L,,02/28/2022
PR0026182,001,01042,"Copper, total [as Cu]",53.7,C3,MAX,Concentration3,ug/L,.0537,mg/L,817.98473,ug/L,,03/31/2022
PR0026182,001,01042,"Copper, total [as Cu]",37.5,C3,MAX,Concentration3,ug/L,.0375,mg/L,817.98473,ug/L,,04/30/2022
PR0026182,001,01042,"Copper, total [as Cu]",27.7,C3,MAX,Concentration3,ug/L,.0277,mg/L,817.98473,ug/L,,05/31/2022
PR0026182,001,01042,"Copper, total [as Cu]",42.3,C3,MAX,Concentration3,ug/L,.0423,mg/L,817.98473,ug/L,,06/30/2022
PR0026182,001,01042,"Copper, total [as Cu]",16.7,C3,MAX,Concentration3,ug/L,.0167,mg/L,817.98473,ug/L,,07/31/2022
PR0026182,001,01042,"Copper, total [as Cu]",28.8,C3,MAX,Concentration3,ug/L,.0288,mg/L,817.98473,ug/L,,08/31/2022
PR0026182,001,01042,"Copper, total [as Cu]",35.4,C3,MAX,Concentration3,ug/L,.0354,mg/L,817.98473,ug/L,,09/30/2022
PR0026182,001,01042,"Copper, total [as Cu]",40.5,C3,MAX,Concentration3,ug/L,.0405,mg/L,817.98473,ug/L,,10/31/2022
PR0026182,001,01042,"Copper, total [as Cu]",8.3,C3,MAX,Concentration3,ug/L,.0083,mg/L,817.98473,ug/L,,11/30/2022
PR0026182,001,01042,"Copper, total [as Cu]",17,C3,MAX,Concentration3,ug/L,.017,mg/L,817.98473,ug/L,,12/31/2022
PR0026182,001,01042,"Copper, total [as Cu]",8.4,C3,MAX,Concentration3,ug/L,.0084,mg/L,817.98473,ug/L,,01/31/2023
PR0026182,001,01042,"Copper, total [as Cu]",31.3,C3,MAX,Concentration3,ug/L,.0313,mg/L,817.98473,ug/L,,02/28/2023
PR0026182,001,01042,"Copper, total [as Cu]",6.1,C3,MAX,Concentration3,ug/L,.0061,mg/L,817.98473,ug/L,,03/31/2023
PR0026182,001,01042,"Copper, total [as Cu]",46.3,C3,MAX,Concentration3,ug/L,.0463,mg/L,817.98473,ug/L,,04/30/2023
PR0026182,001,01042,"Copper, total [as Cu]",5.2,C3,MAX,Concentration3,ug/L,.0052,mg/L,817.98473,ug/L,,05/31/2023
PR0026182,001,01042,"Copper, total [as Cu]",5.7,C3,MAX,Concentration3,ug/L,.0057,mg/L,817.98473,ug/L,,06/30/2023
PR0026182,001,01042,"Copper, total [as Cu]",23.4,C3,MAX,Concentration3,ug/L,.0234,mg/L,817.98473,ug/L,,07/31/2023
PR0026182,001,01042,"Copper, total [as Cu]",56.9,C3,MAX,Concentration3,ug/L,.0569,mg/L,817.98473,ug/L,,08/31/2023
PR0026182,001,01042,"Copper, total [as Cu]",67.5,C3,MAX,Concentration3,ug/L,.0675,mg/L,817.98473,ug/L,,09/30/2023
PR0026182,001,01042,"Copper, total [as Cu]",31.7,C3,MAX,Concentration3,ug/L,.0317,mg/L,817.98473,ug/L,,10/31/2023
PR0026182,001,01042,"Copper, total [as Cu]",29.2,C3,MAX,Concentration3,ug/L,.0292,mg/L,817.98473,ug/L,,11/30/2023
PR0026182,001,01042,"Copper, total [as Cu]",28.7,C3,MAX,Concentration3,ug/L,.0287,mg/L,817.98473,ug/L,,12/31/2023
PR0026182,001,01042,"Copper, total [as Cu]",17.21,C3,MAX,Concentration3,ug/L,.01721,mg/L,817.98473,ug/L,,01/31/2024
PR0026182,001,01042,"Copper, total [as Cu]",19.88,C3,MAX,Concentration3,ug/L,.01988,mg/L,817.98473,ug/L,,02/29/2024
PR0026182,001,01042,"Copper, total [as Cu]",36.49,C3,MAX,Concentration3,ug/L,.03649,mg/L,817.98473,ug/L,,03/31/2024
PR0026182,001,01042,"Copper, total [as Cu]",8.08,C3,MAX,Concentration3,ug/L,.00808,mg/L,817.98473,ug/L,,04/30/2024
PR0026182,001,01042,"Copper, total [as Cu]",10.61,C3,MAX,Concentration3,ug/L,.01061,mg/L,817.98473,ug/L,,05/31/2024
PR0026182,001,01042,"Copper, total [as Cu]",8.07,C3,MAX,Concentration3,ug/L,.00807,mg/L,817.98473,ug/L,,06/30/2024
PR0026182,001,01042,"Copper, total [as Cu]",5.77,C3,MAX,Concentration3,ug/L,.00577,mg/L,817.98473,ug/L,,07/31/2024
PR0026182,001,01042,"Copper, total [as Cu]",44.66,C3,MAX,Concentration3,ug/L,.04466,mg/L,817.98473,ug/L,,08/31/2024
PR0026182,001,01042,"Copper, total [as Cu]",86.74,C3,MAX,Concentration3,ug/L,.08674,mg/L,817.98473,ug/L,,09/30/2024
PR0026182,001,01042,"Copper, total [as Cu]",25.94,C3,MAX,Concentration3,ug/L,.02594,mg/L,817.98473,ug/L,,10/31/2024
PR0026182,001,01042,"Copper, total [as Cu]",10.01,C3,MAX,Concentration3,ug/L,.01001,mg/L,817.98473,ug/L,,11/30/2024
PR0026182,001,01042,"Copper, total [as Cu]",23.06,C3,MAX,Concentration3,ug/L,.02306,mg/L,817.98473,ug/L,,12/31/2024
PR0026182,001,01042,"Copper, total [as Cu]",21.13,C3,MAX,Concentration3,ug/L,.02113,mg/L,817.98473,ug/L,,01/31/2025
PR0026182,001,01042,"Copper, total [as Cu]",30.48,C3,MAX,Concentration3,ug/L,.03048,mg/L,817.98473,ug/L,,02/28/2025
PR0026182,001,01042,"Copper, total [as Cu]",36.27,C3,MAX,Concentration3,ug/L,.03627,mg/L,817.98473,ug/L,,03/31/2025
PR0026182,001,01042,"Copper, total [as Cu]",20.25,C3,MAX,Concentration3,ug/L,.02025,mg/L,817.98473,ug/L,,04/30/2025
PR0026182,001,01042,"Copper, total [as Cu]",25.98,C3,MAX,Concentration3,ug/L,.02598,mg/L,817.98473,ug/L,,05/31/2025
PR0026182,001,01042,"Copper, total [as Cu]",23.32,C3,MAX,Concentration3,ug/L,.02332,mg/L,817.98473,ug/L,,06/30/2025
PR0026182,001,01042,"Copper, total [as Cu]",27.8,C3,MAX,Concentration3,ug/L,.0278,mg/L,817.98473,ug/L,,07/31/2025
PR0026182,001,01042,"Copper, total [as Cu]",31.96,C3,MAX,Concentration3,ug/L,.03196,mg/L,817.98473,ug/L,,08/31/2025
PR0026182,001,01042,"Copper, total [as Cu]",20.94,C3,MAX,Concentration3,ug/L,.02094,mg/L,817.98473,ug/L,,09/30/2025
PR0026182,001,01042,"Copper, total [as Cu]",81.07,C3,MAX,Concentration3,ug/L,.08107,mg/L,817.98473,ug/L,,10/31/2025
PR0026182,001,01042,"Copper, total [as Cu]",25.71,C3,MAX,Concentration3,ug/L,.02571,mg/L,817.98473,ug/L,,11/30/2025
PR0026182,001,01042,"Copper, total [as Cu]",30.9,C3,MAX,Concentration3,ug/L,.0309,mg/L,817.98473,ug/L,,12/31/2025
PR0026182,001,01042,"Copper, total [as Cu]",171.45,C3,MAX,Concentration3,ug/L,.17145001,mg/L,817.98473,ug/L,,01/31/2026
PR0026182,001,01051,"Lead, total [as Pb]",NA,C3,MAX,Concentration3,,,mg/L,,ug/L,B,01/31/2020
PR0026182,001,01051,"Lead, total [as Pb]",NA,C3,MAX,Concentration3,,,mg/L,,ug/L,B,02/29/2020
PR0026182,001,01051,"Lead, total [as Pb]",NA,C3,MAX,Concentration3,,,mg/L,,ug/L,B,03/31/2020
PR0026182,001,01051,"Lead, total [as Pb]",NA,C3,MAX,Concentration3,,,mg/L,,ug/L,B,04/30/2020
PR0026182,001,01051,"Lead, total [as Pb]",NA,C3,MAX,Concentration3,,,mg/L,,ug/L,B,05/31/2020
PR0026182,001,01051,"Lead, total [as Pb]",NA,C3,MAX,Concentration3,,,mg/L,,ug/L,B,06/30/2020
PR0026182,001,01051,"Lead, total [as Pb]",3.6,C3,MAX,Concentration3,ug/L,.0036,mg/L,,ug/L,,07/31/2020
PR0026182,001,01051,"Lead, total [as Pb]",5.5,C3,MAX,Concentration3,ug/L,.0055,mg/L,,ug/L,,08/31/2020
PR0026182,001,01051,"Lead, total [as Pb]",0.8,C3,MAX,Concentration3,ug/L,.0008,mg/L,,ug/L,,09/30/2020
PR0026182,001,01051,"Lead, total [as Pb]",0.8,C3,MAX,Concentration3,ug/L,.0008,mg/L,,ug/L,,10/31/2020
PR0026182,001,01051,"Lead, total [as Pb]",0.8,C3,MAX,Concentration3,ug/L,.0008,mg/L,,ug/L,,11/30/2020
PR0026182,001,01051,"Lead, total [as Pb]",0.8,C3,MAX,Concentration3,ug/L,.0008,mg/L,,ug/L,,12/31/2020
PR0026182,001,01051,"Lead, total [as Pb]",0.8,C3,MAX,Concentration3,ug/L,.0008,mg/L,,ug/L,,01/31/2021
PR0026182,001,01051,"Lead, total [as Pb]",0.8,C3,MAX,Concentration3,ug/L,.0008,mg/L,,ug/L,,02/28/2021
PR0026182,001,01051,"Lead, total [as Pb]",0.8,C3,MAX,Concentration3,ug/L,.0008,mg/L,,ug/L,,03/31/2021
PR0026182,001,01051,"Lead, total [as Pb]",NA,C3,MAX,Concentration3,,,mg/L,,ug/L,B,04/30/2021
PR0026182,001,01051,"Lead, total [as Pb]",0.8,C3,MAX,Concentration3,ug/L,.0008,mg/L,,ug/L,,05/31/2021
PR0026182,001,01051,"Lead, total [as Pb]",0.8,C3,MAX,Concentration3,ug/L,.0008,mg/L,,ug/L,,06/30/2021
PR0026182,001,01051,"Lead, total [as Pb]",NA,C3,MAX,Concentration3,,,mg/L,,ug/L,B,07/31/2021
PR0026182,001,01051,"Lead, total [as Pb]",NA,C3,MAX,Concentration3,,,mg/L,,ug/L,B,08/31/2021
PR0026182,001,01051,"Lead, total [as Pb]",NA,C3,MAX,Concentration3,,,mg/L,,ug/L,B,09/30/2021
PR0026182,001,01051,"Lead, total [as Pb]",3.8,C3,MAX,Concentration3,ug/L,.0038,mg/L,,ug/L,,10/31/2021
PR0026182,001,01051,"Lead, total [as Pb]",2.4,C3,MAX,Concentration3,ug/L,.0024,mg/L,,ug/L,,11/30/2021
PR0026182,001,01051,"Lead, total [as Pb]",4.76,C3,MAX,Concentration3,ug/L,.00476,mg/L,,ug/L,,12/31/2021
PR0026182,001,01051,"Lead, total [as Pb]",NA,C3,MAX,Concentration3,,,mg/L,,ug/L,B,01/31/2022
PR0026182,001,01051,"Lead, total [as Pb]",NA,C3,MAX,Concentration3,,,mg/L,,ug/L,B,02/28/2022
PR0026182,001,01051,"Lead, total [as Pb]",3.82,C3,MAX,Concentration3,ug/L,.00382,mg/L,,ug/L,,03/31/2022
PR0026182,001,01051,"Lead, total [as Pb]",NA,C3,MAX,Concentration3,,,mg/L,,ug/L,B,04/30/2022
PR0026182,001,01051,"Lead, total [as Pb]",NA,C3,MAX,Concentration3,,,mg/L,,ug/L,B,05/31/2022
PR0026182,001,01051,"Lead, total [as Pb]",NA,C3,MAX,Concentration3,,,mg/L,,ug/L,B,06/30/2022
PR0026182,001,01051,"Lead, total [as Pb]",0.81,C3,MAX,Concentration3,ug/L,.00081,mg/L,,ug/L,,07/31/2022
PR0026182,001,01051,"Lead, total [as Pb]",NA,C3,MAX,Concentration3,,,mg/L,,ug/L,B,08/31/2022
PR0026182,001,01051,"Lead, total [as Pb]",NA,C3,MAX,Concentration3,,,mg/L,,ug/L,B,09/30/2022
PR0026182,001,01051,"Lead, total [as Pb]",6.5,C3,MAX,Concentration3,ug/L,.0065,mg/L,,ug/L,,10/31/2022
PR0026182,001,01051,"Lead, total [as Pb]",0.8,C3,MAX,Concentration3,ug/L,.0008,mg/L,,ug/L,,11/30/2022
PR0026182,001,01051,"Lead, total [as Pb]",NA,C3,MAX,Concentration3,,,mg/L,,ug/L,B,12/31/2022
PR0026182,001,01051,"Lead, total [as Pb]",0.8,C3,MAX,Concentration3,ug/L,.0008,mg/L,,ug/L,,01/31/2023
PR0026182,001,01051,"Lead, total [as Pb]",0.8,C3,MAX,Concentration3,ug/L,.0008,mg/L,,ug/L,,02/28/2023
PR0026182,001,01051,"Lead, total [as Pb]",0.8,C3,MAX,Concentration3,ug/L,.0008,mg/L,,ug/L,,03/31/2023
PR0026182,001,01051,"Lead, total [as Pb]",1.3,C3,MAX,Concentration3,ug/L,.0013,mg/L,,ug/L,,04/30/2023
PR0026182,001,01051,"Lead, total [as Pb]",0.8,C3,MAX,Concentration3,ug/L,.0008,mg/L,,ug/L,,05/31/2023
PR0026182,001,01051,"Lead, total [as Pb]",5,C3,MAX,Concentration3,ug/L,.005,mg/L,,ug/L,,06/30/2023
PR0026182,001,01051,"Lead, total [as Pb]",0.8,C3,MAX,Concentration3,ug/L,.0008,mg/L,,ug/L,,07/31/2023
PR0026182,001,01051,"Lead, total [as Pb]",6.9,C3,MAX,Concentration3,ug/L,.0069,mg/L,,ug/L,,08/31/2023
PR0026182,001,01051,"Lead, total [as Pb]",16.4,C3,MAX,Concentration3,ug/L,.0164,mg/L,,ug/L,,09/30/2023
PR0026182,001,01051,"Lead, total [as Pb]",3.3,C3,MAX,Concentration3,ug/L,.0033,mg/L,,ug/L,,10/31/2023
PR0026182,001,01051,"Lead, total [as Pb]",1.2,C3,MAX,Concentration3,ug/L,.0012,mg/L,,ug/L,,11/30/2023
PR0026182,001,01051,"Lead, total [as Pb]",0.8,C3,MAX,Concentration3,ug/L,.0008,mg/L,,ug/L,,12/31/2023
PR0026182,001,01051,"Lead, total [as Pb]",0.81,C3,MAX,Concentration3,ug/L,.00081,mg/L,,ug/L,,01/31/2024
PR0026182,001,01051,"Lead, total [as Pb]",0.95,C3,MAX,Concentration3,ug/L,.00095,mg/L,,ug/L,,02/29/2024
PR0026182,001,01051,"Lead, total [as Pb]",5.59,C3,MAX,Concentration3,ug/L,.00559,mg/L,,ug/L,,03/31/2024
PR0026182,001,01051,"Lead, total [as Pb]",0.23,C3,MAX,Concentration3,ug/L,.00023,mg/L,,ug/L,,04/30/2024
PR0026182,001,01051,"Lead, total [as Pb]",0.22,C3,MAX,Concentration3,ug/L,.00022,mg/L,,ug/L,,05/31/2024
PR0026182,001,01051,"Lead, total [as Pb]",0.33,C3,MAX,Concentration3,ug/L,.00033,mg/L,,ug/L,,06/30/2024
PR0026182,001,01051,"Lead, total [as Pb]",0.09,C3,MAX,Concentration3,ug/L,.00009,mg/L,,ug/L,,07/31/2024
PR0026182,001,01051,"Lead, total [as Pb]",3.73,C3,MAX,Concentration3,ug/L,.00373,mg/L,,ug/L,,08/31/2024
PR0026182,001,01051,"Lead, total [as Pb]",6.92,C3,MAX,Concentration3,ug/L,.00692,mg/L,,ug/L,,09/30/2024
PR0026182,001,01051,"Lead, total [as Pb]",0.64,C3,MAX,Concentration3,ug/L,.00064,mg/L,,ug/L,,10/31/2024
PR0026182,001,01051,"Lead, total [as Pb]",0.22,C3,MAX,Concentration3,ug/L,.00022,mg/L,,ug/L,,11/30/2024
PR0026182,001,01051,"Lead, total [as Pb]",0.64,C3,MAX,Concentration3,ug/L,.00064,mg/L,,ug/L,,12/31/2024
PR0026182,001,01051,"Lead, total [as Pb]",0.58,C3,MAX,Concentration3,ug/L,.00058,mg/L,,ug/L,,01/31/2025
PR0026182,001,01051,"Lead, total [as Pb]",0.99,C3,MAX,Concentration3,ug/L,.00099,mg/L,,ug/L,,02/28/2025
PR0026182,001,01051,"Lead, total [as Pb]",1.22,C3,MAX,Concentration3,ug/L,.00122,mg/L,,ug/L,,03/31/2025
PR0026182,001,01051,"Lead, total [as Pb]",0.57,C3,MAX,Concentration3,ug/L,.00057,mg/L,,ug/L,,04/30/2025
PR0026182,001,01051,"Lead, total [as Pb]",1.21,C3,MAX,Concentration3,ug/L,.00121,mg/L,,ug/L,,05/31/2025
PR0026182,001,01051,"Lead, total [as Pb]",0.61,C3,MAX,Concentration3,ug/L,.00061,mg/L,,ug/L,,06/30/2025
PR0026182,001,01051,"Lead, total [as Pb]",0.43,C3,MAX,Concentration3,ug/L,.00043,mg/L,,ug/L,,07/31/2025
PR0026182,001,01051,"Lead, total [as Pb]",1.79,C3,MAX,Concentration3,ug/L,.00179,mg/L,,ug/L,,08/31/2025
PR0026182,001,01051,"Lead, total [as Pb]",0.66,C3,MAX,Concentration3,ug/L,.00066,mg/L,,ug/L,,09/30/2025
PR0026182,001,01051,"Lead, total [as Pb]",8.33,C3,MAX,Concentration3,ug/L,.00833,mg/L,1.39,ug/L,,10/31/2025
PR0026182,001,01051,"Lead, total [as Pb]",0.91,C3,MAX,Concentration3,ug/L,.00091,mg/L,1.39,ug/L,,11/30/2025
PR0026182,001,01051,"Lead, total [as Pb]",0.98,C3,MAX,Concentration3,ug/L,.00098,mg/L,1.39,ug/L,,12/31/2025
PR0026182,001,01051,"Lead, total [as Pb]",4.94,C3,MAX,Concentration3,ug/L,.00494,mg/L,1.39,ug/L,,01/31/2026
PR0026182,001,01092,"Zinc, total [as Zn]",20,C3,MAX,Concentration3,ug/L,.02,mg/L,283.21,ug/L,,03/31/2020
PR0026182,001,01092,"Zinc, total [as Zn]",21,C3,MAX,Concentration3,ug/L,.021,mg/L,283.21,ug/L,,06/30/2020
PR0026182,001,01092,"Zinc, total [as Zn]",37,C3,MAX,Concentration3,ug/L,.037,mg/L,283.21,ug/L,,09/30/2020
PR0026182,001,01092,"Zinc, total [as Zn]",20,C3,MAX,Concentration3,ug/L,.02,mg/L,283.21,ug/L,,12/31/2020
PR0026182,001,01092,"Zinc, total [as Zn]",23,C3,MAX,Concentration3,ug/L,.023,mg/L,283.21,ug/L,,03/31/2021
PR0026182,001,01092,"Zinc, total [as Zn]",35,C3,MAX,Concentration3,ug/L,.035,mg/L,283.21,ug/L,,06/30/2021
PR0026182,001,01092,"Zinc, total [as Zn]",23,C3,MAX,Concentration3,ug/L,.023,mg/L,283.21,ug/L,,09/30/2021
PR0026182,001,01092,"Zinc, total [as Zn]",20,C3,MAX,Concentration3,ug/L,.02,mg/L,283.21,ug/L,,12/31/2021
PR0026182,001,01092,"Zinc, total [as Zn]",20,C3,MAX,Concentration3,ug/L,.02,mg/L,283.21,ug/L,,03/31/2022
PR0026182,001,01092,"Zinc, total [as Zn]",38,C3,MAX,Concentration3,ug/L,.038,mg/L,283.21,ug/L,,06/30/2022
PR0026182,001,01092,"Zinc, total [as Zn]",20,C3,MAX,Concentration3,ug/L,.02,mg/L,283.21,ug/L,,09/30/2022
PR0026182,001,01092,"Zinc, total [as Zn]",31,C3,MAX,Concentration3,ug/L,.031,mg/L,283.21,ug/L,,12/31/2022
PR0026182,001,01092,"Zinc, total [as Zn]",20,C3,MAX,Concentration3,ug/L,.02,mg/L,283.21,ug/L,,03/31/2023
PR0026182,001,01092,"Zinc, total [as Zn]",31,C3,MAX,Concentration3,ug/L,.031,mg/L,283.21,ug/L,,06/30/2023
PR0026182,001,01092,"Zinc, total [as Zn]",25,C3,MAX,Concentration3,ug/L,.025,mg/L,283.21,ug/L,,09/30/2023
PR0026182,001,01092,"Zinc, total [as Zn]",67,C3,MAX,Concentration3,ug/L,.067,mg/L,283.21,ug/L,,12/31/2023
PR0026182,001,01092,"Zinc, total [as Zn]",25.53,C3,MAX,Concentration3,ug/L,.02553,mg/L,283.21,ug/L,,03/31/2024
PR0026182,001,01092,"Zinc, total [as Zn]",9.48,C3,MAX,Concentration3,ug/L,.00948,mg/L,283.21,ug/L,,06/30/2024
PR0026182,001,01092,"Zinc, total [as Zn]",2.58,C3,MAX,Concentration3,ug/L,.00258,mg/L,283.21,ug/L,,09/30/2024
PR0026182,001,01092,"Zinc, total [as Zn]",8.28,C3,MAX,Concentration3,ug/L,.00828,mg/L,283.21,ug/L,,12/31/2024
PR0026182,001,01092,"Zinc, total [as Zn]",11.03,C3,MAX,Concentration3,ug/L,.01103,mg/L,283.21,ug/L,,03/31/2025
PR0026182,001,01092,"Zinc, total [as Zn]",18.41,C3,MAX,Concentration3,ug/L,.01841,mg/L,283.21,ug/L,,06/30/2025
PR0026182,001,01092,"Zinc, total [as Zn]",30.4,C3,MAX,Concentration3,ug/L,.0304,mg/L,283.21,ug/L,,09/30/2025
PR0026182,001,50050,"Flow, in conduit or thru treatment plant",0.41,Q2,MAX,Quantity2,MGD,.41,MGD,,MGD,,01/31/2020
PR0026182,001,50050,"Flow, in conduit or thru treatment plant",0.682,Q2,MAX,Quantity2,MGD,.682,MGD,,MGD,,02/29/2020
PR0026182,001,50050,"Flow, in conduit or thru treatment plant",0.256,Q2,MAX,Quantity2,MGD,.256,MGD,,MGD,,03/31/2020
PR0026182,001,50050,"Flow, in conduit or thru treatment plant",0.386,Q2,MAX,Quantity2,MGD,.386,MGD,,MGD,,04/30/2020
PR0026182,001,50050,"Flow, in conduit or thru treatment plant",0.453,Q2,MAX,Quantity2,MGD,.453,MGD,,MGD,,05/31/2020
PR0026182,001,50050,"Flow, in conduit or thru treatment plant",0.693,Q2,MAX,Quantity2,MGD,.693,MGD,,MGD,,06/30/2020
PR0026182,001,50050,"Flow, in conduit or thru treatment plant",0.532,Q2,MAX,Quantity2,MGD,.532,MGD,,MGD,,07/31/2020
PR0026182,001,50050,"Flow, in conduit or thru treatment plant",0.366,Q2,MAX,Quantity2,MGD,.366,MGD,,MGD,,08/31/2020
PR0026182,001,50050,"Flow, in conduit or thru treatment plant",0.551,Q2,MAX,Quantity2,MGD,.551,MGD,,MGD,,09/30/2020
PR0026182,001,50050,"Flow, in conduit or thru treatment plant",0.478,Q2,MAX,Quantity2,MGD,.478,MGD,,MGD,,10/31/2020
PR0026182,001,50050,"Flow, in conduit or thru treatment plant",0.516,Q2,MAX,Quantity2,MGD,.516,MGD,,MGD,,11/30/2020
PR0026182,001,50050,"Flow, in conduit or thru treatment plant",0.337,Q2,MAX,Quantity2,MGD,.337,MGD,,MGD,,12/31/2020
PR0026182,001,50050,"Flow, in conduit or thru treatment plant",0.337,Q2,MAX,Quantity2,MGD,.337,MGD,,MGD,,01/31/2021
PR0026182,001,50050,"Flow, in conduit or thru treatment plant",0.454,Q2,MAX,Quantity2,MGD,.454,MGD,,MGD,,02/28/2021
PR0026182,001,50050,"Flow, in conduit or thru treatment plant",0.428,Q2,MAX,Quantity2,MGD,.428,MGD,,MGD,,03/31/2021
PR0026182,001,50050,"Flow, in conduit or thru treatment plant",0.566,Q2,MAX,Quantity2,MGD,.566,MGD,,MGD,,04/30/2021
PR0026182,001,50050,"Flow, in conduit or thru treatment plant",0.548,Q2,MAX,Quantity2,MGD,.548,MGD,,MGD,,05/31/2021
PR0026182,001,50050,"Flow, in conduit or thru treatment plant",0.451,Q2,MAX,Quantity2,MGD,.451,MGD,,MGD,,06/30/2021
PR0026182,001,50050,"Flow, in conduit or thru treatment plant",0.444,Q2,MAX,Quantity2,MGD,.444,MGD,,MGD,,07/31/2021
PR0026182,001,50050,"Flow, in conduit or thru treatment plant",0.184,Q2,MAX,Quantity2,MGD,.184,MGD,,MGD,,08/31/2021
PR0026182,001,50050,"Flow, in conduit or thru treatment plant",0.508,Q2,MAX,Quantity2,MGD,.508,MGD,,MGD,,09/30/2021
PR0026182,001,50050,"Flow, in conduit or thru treatment plant",0.487,Q2,MAX,Quantity2,MGD,.487,MGD,,MGD,,10/31/2021
PR0026182,001,50050,"Flow, in conduit or thru treatment plant",0.5,Q2,MAX,Quantity2,MGD,.5,MGD,,MGD,,11/30/2021
PR0026182,001,50050,"Flow, in conduit or thru treatment plant",0.528,Q2,MAX,Quantity2,MGD,.528,MGD,,MGD,,12/31/2021
PR0026182,001,50050,"Flow, in conduit or thru treatment plant",0.007,Q2,MAX,Quantity2,MGD,.007,MGD,,MGD,,01/31/2022
PR0026182,001,50050,"Flow, in conduit or thru treatment plant",0.276,Q2,MAX,Quantity2,MGD,.276,MGD,,MGD,,02/28/2022
PR0026182,001,50050,"Flow, in conduit or thru treatment plant",0.305,Q2,MAX,Quantity2,MGD,.305,MGD,,MGD,,03/31/2022
PR0026182,001,50050,"Flow, in conduit or thru treatment plant",0.468,Q2,MAX,Quantity2,MGD,.468,MGD,,MGD,,04/30/2022
PR0026182,001,50050,"Flow, in conduit or thru treatment plant",0.256,Q2,MAX,Quantity2,MGD,.256,MGD,,MGD,,05/31/2022
PR0026182,001,50050,"Flow, in conduit or thru treatment plant",0.243,Q2,MAX,Quantity2,MGD,.243,MGD,,MGD,,06/30/2022
PR0026182,001,50050,"Flow, in conduit or thru treatment plant",0.297,Q2,MAX,Quantity2,MGD,.297,MGD,,MGD,,07/31/2022
PR0026182,001,50050,"Flow, in conduit or thru treatment plant",0.027,Q2,MAX,Quantity2,MGD,.027,MGD,,MGD,,08/31/2022
PR0026182,001,50050,"Flow, in conduit or thru treatment plant",0.396,Q2,MAX,Quantity2,MGD,.396,MGD,,MGD,,09/30/2022
PR0026182,001,50050,"Flow, in conduit or thru treatment plant",0.202,Q2,MAX,Quantity2,MGD,.202,MGD,,MGD,,10/31/2022
PR0026182,001,50050,"Flow, in conduit or thru treatment plant",0.236,Q2,MAX,Quantity2,MGD,.236,MGD,,MGD,,11/30/2022
PR0026182,001,50050,"Flow, in conduit or thru treatment plant",0.217,Q2,MAX,Quantity2,MGD,.217,MGD,,MGD,,12/31/2022
PR0026182,001,50050,"Flow, in conduit or thru treatment plant",0.166,Q2,MAX,Quantity2,MGD,.166,MGD,,MGD,,01/31/2023
PR0026182,001,50050,"Flow, in conduit or thru treatment plant",0.162,Q2,MAX,Quantity2,MGD,.162,MGD,,MGD,,02/28/2023
PR0026182,001,50050,"Flow, in conduit or thru treatment plant",0.646,Q2,MAX,Quantity2,MGD,.646,MGD,,MGD,,03/31/2023
PR0026182,001,50050,"Flow, in conduit or thru treatment plant",0.289,Q2,MAX,Quantity2,MGD,.289,MGD,,MGD,,04/30/2023
PR0026182,001,50050,"Flow, in conduit or thru treatment plant",0.234,Q2,MAX,Quantity2,MGD,.234,MGD,,MGD,,05/31/2023
PR0026182,001,50050,"Flow, in conduit or thru treatment plant",0.279,Q2,MAX,Quantity2,MGD,.279,MGD,,MGD,,06/30/2023
PR0026182,001,50050,"Flow, in conduit or thru treatment plant",0.39,Q2,MAX,Quantity2,MGD,.39,MGD,,MGD,,07/31/2023
PR0026182,001,50050,"Flow, in conduit or thru treatment plant",0.241,Q2,MAX,Quantity2,MGD,.241,MGD,,MGD,,08/31/2023
PR0026182,001,50050,"Flow, in conduit or thru treatment plant",0.272,Q2,MAX,Quantity2,MGD,.272,MGD,,MGD,,09/30/2023
PR0026182,001,50050,"Flow, in conduit or thru treatment plant",0.218,Q2,MAX,Quantity2,MGD,.218,MGD,,MGD,,10/31/2023
PR0026182,001,50050,"Flow, in conduit or thru treatment plant",0.326,Q2,MAX,Quantity2,MGD,.326,MGD,,MGD,,11/30/2023
PR0026182,001,50050,"Flow, in conduit or thru treatment plant",0.147,Q2,MAX,Quantity2,MGD,.147,MGD,,MGD,,12/31/2023
PR0026182,001,50050,"Flow, in conduit or thru treatment plant",0.056,Q2,MAX,Quantity2,MGD,.056,MGD,,MGD,,01/31/2024
PR0026182,001,50050,"Flow, in conduit or thru treatment plant",735,Q2,MAX,Quantity2,MGD,735,MGD,,MGD,,02/29/2024
PR0026182,001,50050,"Flow, in conduit or thru treatment plant",352,Q2,MAX,Quantity2,MGD,352,MGD,,MGD,,03/31/2024
PR0026182,001,50050,"Flow, in conduit or thru treatment plant",3.2,Q2,MAX,Quantity2,MGD,3.2,MGD,,MGD,,04/30/2024
PR0026182,001,50050,"Flow, in conduit or thru treatment plant",0.278,Q2,MAX,Quantity2,MGD,.278,MGD,,MGD,,05/31/2024
PR0026182,001,50050,"Flow, in conduit or thru treatment plant",0.394,Q2,MAX,Quantity2,MGD,.394,MGD,,MGD,,06/30/2024
PR0026182,001,50050,"Flow, in conduit or thru treatment plant",0.291,Q2,MAX,Quantity2,MGD,.291,MGD,,MGD,,07/31/2024
PR0026182,001,50050,"Flow, in conduit or thru treatment plant",0.175,Q2,MAX,Quantity2,MGD,.175,MGD,,MGD,,08/31/2024
PR0026182,001,50050,"Flow, in conduit or thru treatment plant",0.476,Q2,MAX,Quantity2,MGD,.476,MGD,,MGD,,09/30/2024
PR0026182,001,50050,"Flow, in conduit or thru treatment plant",0.261,Q2,MAX,Quantity2,MGD,.261,MGD,,MGD,,10/31/2024
PR0026182,001,50050,"Flow, in conduit or thru treatment plant",0.365,Q2,MAX,Quantity2,MGD,.365,MGD,,MGD,,11/30/2024
PR0026182,001,50050,"Flow, in conduit or thru treatment plant",0.486,Q2,MAX,Quantity2,MGD,.486,MGD,,MGD,,12/31/2024
PR0026182,001,50050,"Flow, in conduit or thru treatment plant",0.336,Q2,MAX,Quantity2,MGD,.336,MGD,,MGD,,01/31/2025
PR0026182,001,50050,"Flow, in conduit or thru treatment plant",0.374,Q2,MAX,Quantity2,MGD,.374,MGD,,MGD,,02/28/2025
PR0026182,001,50050,"Flow, in conduit or thru treatment plant",0.325,Q2,MAX,Quantity2,MGD,.325,MGD,,MGD,,03/31/2025
PR0026182,001,50050,"Flow, in conduit or thru treatment plant",0.054,Q2,MAX,Quantity2,MGD,.054,MGD,,MGD,,04/30/2025
PR0026182,001,50050,"Flow, in conduit or thru treatment plant",0.396,Q2,MAX,Quantity2,MGD,.396,MGD,,MGD,,05/31/2025
PR0026182,001,50050,"Flow, in conduit or thru treatment plant",0.327,Q2,MAX,Quantity2,MGD,.327,MGD,,MGD,,06/30/2025
PR0026182,001,50050,"Flow, in conduit or thru treatment plant",0.312,Q2,MAX,Quantity2,MGD,.312,MGD,,MGD,,07/31/2025
PR0026182,001,50050,"Flow, in conduit or thru treatment plant",0.241,Q2,MAX,Quantity2,MGD,.241,MGD,,MGD,,08/31/2025
PR0026182,001,50050,"Flow, in conduit or thru treatment plant",0.363,Q2,MAX,Quantity2,MGD,.363,MGD,,MGD,,09/30/2025
PR0026182,001,50050,"Flow, in conduit or thru treatment plant",0.364,Q2,MAX,Quantity2,MGD,.364,MGD,,MGD,,10/31/2025
PR0026182,001,50050,"Flow, in conduit or thru treatment plant",0.285,Q2,MAX,Quantity2,MGD,.285,MGD,,MGD,,11/30/2025
PR0026182,001,50050,"Flow, in conduit or thru treatment plant",0.207,Q2,MAX,Quantity2,MGD,.207,MGD,,MGD,,12/31/2025
PR0026182,001,50050,"Flow, in conduit or thru treatment plant",0.347,Q2,MAX,Quantity2,MGD,.347,MGD,,MGD,,01/31/2026
PR0026182,001,50060,"Chlorine, total residual",NA,C3,MAX,Concentration3,,,mg/L,11,ug/L,B,01/31/2020
PR0026182,001,50060,"Chlorine, total residual",NA,C3,MAX,Concentration3,,,mg/L,11,ug/L,B,02/29/2020
PR0026182,001,50060,"Chlorine, total residual",NA,C3,MAX,Concentration3,,,mg/L,11,ug/L,B,03/31/2020
PR0026182,001,50060,"Chlorine, total residual",NA,C3,MAX,Concentration3,,,mg/L,11,ug/L,B,04/30/2020
PR0026182,001,50060,"Chlorine, total residual",NA,C3,MAX,Concentration3,,,mg/L,11,ug/L,B,05/31/2020
PR0026182,001,50060,"Chlorine, total residual",NA,C3,MAX,Concentration3,,,mg/L,11,ug/L,B,06/30/2020
PR0026182,001,50060,"Chlorine, total residual",NA,C3,MAX,Concentration3,,,mg/L,11,ug/L,B,07/31/2020
PR0026182,001,50060,"Chlorine, total residual",NA,C3,MAX,Concentration3,,,mg/L,11,ug/L,B,08/31/2020
PR0026182,001,50060,"Chlorine, total residual",NA,C3,MAX,Concentration3,,,mg/L,11,ug/L,B,09/30/2020
PR0026182,001,50060,"Chlorine, total residual",NA,C3,MAX,Concentration3,,,mg/L,11,ug/L,B,10/31/2020
PR0026182,001,50060,"Chlorine, total residual",NA,C3,MAX,Concentration3,,,mg/L,11,ug/L,B,11/30/2020
PR0026182,001,50060,"Chlorine, total residual",NA,C3,MAX,Concentration3,,,mg/L,11,ug/L,B,12/31/2020
PR0026182,001,50060,"Chlorine, total residual",NA,C3,MAX,Concentration3,,,mg/L,11,ug/L,B,01/31/2021
PR0026182,001,50060,"Chlorine, total residual",NA,C3,MAX,Concentration3,,,mg/L,11,ug/L,B,02/28/2021
PR0026182,001,50060,"Chlorine, total residual",NA,C3,MAX,Concentration3,,,mg/L,11,ug/L,B,03/31/2021
PR0026182,001,50060,"Chlorine, total residual",NA,C3,MAX,Concentration3,,,mg/L,11,ug/L,B,04/30/2021
PR0026182,001,50060,"Chlorine, total residual",NA,C3,MAX,Concentration3,,,mg/L,11,ug/L,B,05/31/2021
PR0026182,001,50060,"Chlorine, total residual",NA,C3,MAX,Concentration3,,,mg/L,11,ug/L,B,06/30/2021
PR0026182,001,50060,"Chlorine, total residual",NA,C3,MAX,Concentration3,,,mg/L,11,ug/L,B,07/31/2021
PR0026182,001,50060,"Chlorine, total residual",NA,C3,MAX,Concentration3,,,mg/L,11,ug/L,B,08/31/2021
PR0026182,001,50060,"Chlorine, total residual",NA,C3,MAX,Concentration3,,,mg/L,11,ug/L,B,09/30/2021
PR0026182,001,50060,"Chlorine, total residual",30,C3,MAX,Concentration3,ug/L,.03,mg/L,11,ug/L,,10/31/2021
PR0026182,001,50060,"Chlorine, total residual",40,C3,MAX,Concentration3,ug/L,.04,mg/L,11,ug/L,,11/30/2021
PR0026182,001,50060,"Chlorine, total residual",NA,C3,MAX,Concentration3,,,mg/L,11,ug/L,B,12/31/2021
PR0026182,001,50060,"Chlorine, total residual",NA,C3,MAX,Concentration3,,,mg/L,11,ug/L,B,01/31/2022
PR0026182,001,50060,"Chlorine, total residual",NA,C3,MAX,Concentration3,,,mg/L,11,ug/L,B,02/28/2022
PR0026182,001,50060,"Chlorine, total residual",NA,C3,MAX,Concentration3,,,mg/L,11,ug/L,B,03/31/2022
PR0026182,001,50060,"Chlorine, total residual",NA,C3,MAX,Concentration3,,,mg/L,11,ug/L,B,04/30/2022
PR0026182,001,50060,"Chlorine, total residual",NA,C3,MAX,Concentration3,,,mg/L,11,ug/L,B,05/31/2022
PR0026182,001,50060,"Chlorine, total residual",NA,C3,MAX,Concentration3,,,mg/L,11,ug/L,B,06/30/2022
PR0026182,001,50060,"Chlorine, total residual",NA,C3,MAX,Concentration3,,,mg/L,11,ug/L,B,07/31/2022
PR0026182,001,50060,"Chlorine, total residual",NA,C3,MAX,Concentration3,,,mg/L,11,ug/L,B,08/31/2022
PR0026182,001,50060,"Chlorine, total residual",NA,C3,MAX,Concentration3,,,mg/L,11,ug/L,B,09/30/2022
PR0026182,001,50060,"Chlorine, total residual",NA,C3,MAX,Concentration3,,,mg/L,11,ug/L,B,10/31/2022
PR0026182,001,50060,"Chlorine, total residual",NA,C3,MAX,Concentration3,,,mg/L,11,ug/L,B,11/30/2022
PR0026182,001,50060,"Chlorine, total residual",NA,C3,MAX,Concentration3,,,mg/L,11,ug/L,B,12/31/2022
PR0026182,001,50060,"Chlorine, total residual",NA,C3,MAX,Concentration3,,,mg/L,11,ug/L,B,01/31/2023
PR0026182,001,50060,"Chlorine, total residual",NA,C3,MAX,Concentration3,,,mg/L,11,ug/L,B,02/28/2023
PR0026182,001,50060,"Chlorine, total residual",10,C3,MAX,Concentration3,ug/L,.01,mg/L,11,ug/L,,03/31/2023
PR0026182,001,50060,"Chlorine, total residual",10,C3,MAX,Concentration3,ug/L,.01,mg/L,11,ug/L,,04/30/2023
PR0026182,001,50060,"Chlorine, total residual",10,C3,MAX,Concentration3,ug/L,.01,mg/L,11,ug/L,,05/31/2023
PR0026182,001,50060,"Chlorine, total residual",NA,C3,MAX,Concentration3,,,mg/L,11,ug/L,B,06/30/2023
PR0026182,001,50060,"Chlorine, total residual",NA,C3,MAX,Concentration3,,,mg/L,11,ug/L,B,07/31/2023
PR0026182,001,50060,"Chlorine, total residual",10,C3,MAX,Concentration3,ug/L,.01,mg/L,11,ug/L,,08/31/2023
PR0026182,001,50060,"Chlorine, total residual",10,C3,MAX,Concentration3,ug/L,.01,mg/L,11,ug/L,,09/30/2023
PR0026182,001,50060,"Chlorine, total residual",10,C3,MAX,Concentration3,ug/L,.01,mg/L,11,ug/L,,10/31/2023
PR0026182,001,50060,"Chlorine, total residual",10,C3,MAX,Concentration3,ug/L,.01,mg/L,11,ug/L,,11/30/2023
PR0026182,001,50060,"Chlorine, total residual",10,C3,MAX,Concentration3,ug/L,.01,mg/L,11,ug/L,,12/31/2023
PR0026182,001,50060,"Chlorine, total residual",10,C3,MAX,Concentration3,ug/L,.01,mg/L,11,ug/L,,01/31/2024
PR0026182,001,50060,"Chlorine, total residual",NA,C3,MAX,Concentration3,,,mg/L,11,ug/L,B,02/29/2024
PR0026182,001,50060,"Chlorine, total residual",NA,C3,MAX,Concentration3,,,mg/L,11,ug/L,B,03/31/2024
PR0026182,001,50060,"Chlorine, total residual",NA,C3,MAX,Concentration3,,,mg/L,11,ug/L,B,04/30/2024
PR0026182,001,50060,"Chlorine, total residual",NA,C3,MAX,Concentration3,,,mg/L,11,ug/L,B,05/31/2024
PR0026182,001,50060,"Chlorine, total residual",NA,C3,MAX,Concentration3,,,mg/L,11,ug/L,B,06/30/2024
PR0026182,001,50060,"Chlorine, total residual",NA,C3,MAX,Concentration3,,,mg/L,11,ug/L,B,07/31/2024
PR0026182,001,50060,"Chlorine, total residual",NA,C3,MAX,Concentration3,,,mg/L,11,ug/L,B,08/31/2024
PR0026182,001,50060,"Chlorine, total residual",NA,C3,MAX,Concentration3,,,mg/L,11,ug/L,B,09/30/2024
PR0026182,001,50060,"Chlorine, total residual",NA,C3,MAX,Concentration3,,,mg/L,11,ug/L,B,10/31/2024
PR0026182,001,50060,"Chlorine, total residual",NA,C3,MAX,Concentration3,,,mg/L,11,ug/L,B,11/30/2024
PR0026182,001,50060,"Chlorine, total residual",NA,C3,MAX,Concentration3,,,mg/L,11,ug/L,B,12/31/2024
PR0026182,001,50060,"Chlorine, total residual",NA,C3,MAX,Concentration3,,,mg/L,11,ug/L,B,01/31/2025
PR0026182,001,50060,"Chlorine, total residual",NA,C3,MAX,Concentration3,,,mg/L,11,ug/L,B,02/28/2025
PR0026182,001,50060,"Chlorine, total residual",NA,C3,MAX,Concentration3,,,mg/L,11,ug/L,B,03/31/2025
PR0026182,001,50060,"Chlorine, total residual",NA,C3,MAX,Concentration3,,,mg/L,11,ug/L,B,04/30/2025
PR0026182,001,50060,"Chlorine, total residual",NA,C3,MAX,Concentration3,,,mg/L,11,ug/L,B,05/31/2025
PR0026182,001,50060,"Chlorine, total residual",NA,C3,MAX,Concentration3,,,mg/L,11,ug/L,B,06/30/2025
PR0026182,001,50060,"Chlorine, total residual",NA,C3,MAX,Concentration3,,,mg/L,11,ug/L,B,07/31/2025
PR0026182,001,50060,"Chlorine, total residual",NA,C3,MAX,Concentration3,,,mg/L,11,ug/L,B,08/31/2025
PR0026182,001,50060,"Chlorine, total residual",NA,C3,MAX,Concentration3,,,mg/L,11,ug/L,B,09/30/2025
PR0026182,001,50060,"Chlorine, total residual",NA,C3,MAX,Concentration3,,,mg/L,11,ug/L,B,10/31/2025
PR0026182,001,50060,"Chlorine, total residual",NA,C3,MAX,Concentration3,,,mg/L,11,ug/L,B,11/30/2025
PR0026182,001,50060,"Chlorine, total residual",NA,C3,MAX,Concentration3,,,mg/L,11,ug/L,B,12/31/2025
PR0026182,001,50060,"Chlorine, total residual",NA,C3,MAX,Concentration3,,,mg/L,11,ug/L,B,01/31/2026
PR0026182,001,51173,"Cyanide, free available",0.5,C3,MAX,Concentration3,ug/L,.0005,mg/L,5.2,ug/L,,03/31/2020
PR0026182,001,51173,"Cyanide, free available",0.5,C3,MAX,Concentration3,ug/L,.0005,mg/L,5.2,ug/L,,06/30/2020
PR0026182,001,51173,"Cyanide, free available",2.14,C3,MAX,Concentration3,ug/L,.00214,mg/L,5.2,ug/L,,09/30/2020
PR0026182,001,51173,"Cyanide, free available",0.5,C3,MAX,Concentration3,ug/L,.0005,mg/L,5.2,ug/L,,12/31/2020
PR0026182,001,51173,"Cyanide, free available",0.5,C3,MAX,Concentration3,ug/L,.0005,mg/L,5.2,ug/L,,03/31/2021
PR0026182,001,51173,"Cyanide, free available",0.5784,C3,MAX,Concentration3,ug/L,.0005784,mg/L,5.2,ug/L,,06/30/2021
PR0026182,001,51173,"Cyanide, free available",0.5,C3,MAX,Concentration3,ug/L,.0005,mg/L,5.2,ug/L,,09/30/2021
PR0026182,001,51173,"Cyanide, free available",0.5,C3,MAX,Concentration3,ug/L,.0005,mg/L,5.2,ug/L,,12/31/2021
PR0026182,001,51173,"Cyanide, free available",0.5,C3,MAX,Concentration3,ug/L,.0005,mg/L,5.2,ug/L,,03/31/2022
PR0026182,001,51173,"Cyanide, free available",1.3,C3,MAX,Concentration3,ug/L,.0013,mg/L,5.2,ug/L,,06/30/2022
PR0026182,001,51173,"Cyanide, free available",0.5,C3,MAX,Concentration3,ug/L,.0005,mg/L,5.2,ug/L,,09/30/2022
PR0026182,001,51173,"Cyanide, free available",0.8,C3,MAX,Concentration3,ug/L,.0008,mg/L,5.2,ug/L,,12/31/2022
PR0026182,001,51173,"Cyanide, free available",0.6,C3,MAX,Concentration3,ug/L,.0006,mg/L,5.2,ug/L,,03/31/2023
PR0026182,001,51173,"Cyanide, free available",0.5,C3,MAX,Concentration3,ug/L,.0005,mg/L,5.2,ug/L,,06/30/2023
PR0026182,001,51173,"Cyanide, free available",0.5,C3,MAX,Concentration3,ug/L,.0005,mg/L,5.2,ug/L,,09/30/2023
PR0026182,001,51173,"Cyanide, free available",1.1,C3,MAX,Concentration3,ug/L,.0011,mg/L,5.2,ug/L,,12/31/2023
PR0026182,001,51173,"Cyanide, free available",1,C3,MAX,Concentration3,ug/L,.001,mg/L,5.2,ug/L,,03/31/2024
PR0026182,001,51173,"Cyanide, free available",0.5,C3,MAX,Concentration3,ug/L,.0005,mg/L,5.2,ug/L,,06/30/2024
PR0026182,001,51173,"Cyanide, free available",1.8,C3,MAX,Concentration3,ug/L,.0018,mg/L,5.2,ug/L,,09/30/2024
PR0026182,001,51173,"Cyanide, free available",0.5,C3,MAX,Concentration3,ug/L,.0005,mg/L,5.2,ug/L,,12/31/2024
PR0026182,001,51173,"Cyanide, free available",0.5,C3,MAX,Concentration3,ug/L,.0005,mg/L,5.2,ug/L,,03/31/2025
PR0026182,001,51173,"Cyanide, free available",0.8,C3,MAX,Concentration3,ug/L,.0008,mg/L,5.2,ug/L,,06/30/2025
PR0026182,001,51173,"Cyanide, free available",0.5,C3,MAX,Concentration3,ug/L,.0005,mg/L,5.2,ug/L,,09/30/2025
PR0026182,001,51202,Sulfide-hydrogen sulfide [undissociated],0.1,C3,MAX,Concentration3,ug/L,.0001,mg/L,,ug/L,,06/30/2020
PR0026182,001,51202,Sulfide-hydrogen sulfide [undissociated],0.1,C3,MAX,Concentration3,ug/L,.0001,mg/L,,ug/L,,06/30/2021
PR0026182,001,51202,Sulfide-hydrogen sulfide [undissociated],0.1,C3,MAX,Concentration3,ug/L,.0001,mg/L,,ug/L,,06/30/2022
PR0026182,001,51202,Sulfide-hydrogen sulfide [undissociated],0.9,C3,MAX,Concentration3,ug/L,.0009,mg/L,,ug/L,,06/30/2023
PR0026182,001,51202,Sulfide-hydrogen sulfide [undissociated],0.1,C3,MAX,Concentration3,ug/L,.0001,mg/L,,ug/L,,06/30/2024
PR0026182,001,51202,Sulfide-hydrogen sulfide [undissociated],0.1,C3,MAX,Concentration3,ug/L,.0001,mg/L,,ug/L,,06/30/2025
PR0026182,001,51714,Whole Effluent Toxicity [WET] - P. promelas,100,C1,MIN,Concentration1,%,100,%,,%,,06/30/2020
PR0026182,001,51714,Whole Effluent Toxicity [WET] - P. promelas,100,C1,MIN,Concentration1,%,100,%,,%,,06/30/2021
PR0026182,001,51714,Whole Effluent Toxicity [WET] - P. promelas,100,C1,MIN,Concentration1,%,100,%,,%,,06/30/2022
PR0026182,001,51714,Whole Effluent Toxicity [WET] - P. promelas,100,C1,MIN,Concentration1,%,100,%,,%,,06/30/2023
PR0026182,001,51714,Whole Effluent Toxicity [WET] - P. promelas,100,C1,MIN,Concentration1,%,100,%,,%,,06/30/2024
PR0026182,001,51714,Whole Effluent Toxicity [WET] - P. promelas,100,C1,MIN,Concentration1,%,100,%,,%,,06/30/2025
PR0026182,001,51923,Whole Effluent Toxicity  [WET] - D. magna,100,C1,MIN,Concentration1,%,100,%,,%,,06/30/2020
PR0026182,001,51923,Whole Effluent Toxicity  [WET] - D. magna,100,C1,MIN,Concentration1,%,100,%,,%,,06/30/2021
PR0026182,001,51923,Whole Effluent Toxicity  [WET] - D. magna,100,C1,MIN,Concentration1,%,100,%,,%,,06/30/2022
PR0026182,001,51923,Whole Effluent Toxicity  [WET] - D. magna,100,C1,MIN,Concentration1,%,100,%,,%,,06/30/2023
PR0026182,001,51923,Whole Effluent Toxicity  [WET] - D. magna,100,C1,MIN,Concentration1,%,100,%,,%,,06/30/2024
PR0026182,001,51923,Whole Effluent Toxicity  [WET] - D. magna,100,C1,MIN,Concentration1,%,100,%,,%,,06/30/2025
PR0026182,001,70295,"Solids, total dissolved",160,C3,MAX,Concentration3,mg/L,160,mg/L,500,mg/L,,03/31/2020
PR0026182,001,70295,"Solids, total dissolved",160,C3,MAX,Concentration3,mg/L,160,mg/L,500,mg/L,,06/30/2020
PR0026182,001,70295,"Solids, total dissolved",190,C3,MAX,Concentration3,mg/L,190,mg/L,500,mg/L,,09/30/2020
PR0026182,001,70295,"Solids, total dissolved",140,C3,MAX,Concentration3,mg/L,140,mg/L,500,mg/L,,12/31/2020
PR0026182,001,70295,"Solids, total dissolved",170,C3,MAX,Concentration3,mg/L,170,mg/L,500,mg/L,,03/31/2021
PR0026182,001,70295,"Solids, total dissolved",220,C3,MAX,Concentration3,mg/L,220,mg/L,500,mg/L,,06/30/2021
PR0026182,001,70295,"Solids, total dissolved",170,C3,MAX,Concentration3,mg/L,170,mg/L,500,mg/L,,09/30/2021
PR0026182,001,70295,"Solids, total dissolved",130,C3,MAX,Concentration3,mg/L,130,mg/L,500,mg/L,,12/31/2021
PR0026182,001,70295,"Solids, total dissolved",180,C3,MAX,Concentration3,mg/L,180,mg/L,500,mg/L,,03/31/2022
PR0026182,001,70295,"Solids, total dissolved",190,C3,MAX,Concentration3,mg/L,190,mg/L,500,mg/L,,06/30/2022
PR0026182,001,70295,"Solids, total dissolved",140,C3,MAX,Concentration3,mg/L,140,mg/L,500,mg/L,,09/30/2022
PR0026182,001,70295,"Solids, total dissolved",180,C3,MAX,Concentration3,mg/L,180,mg/L,500,mg/L,,12/31/2022
PR0026182,001,70295,"Solids, total dissolved",1100,C3,MAX,Concentration3,mg/L,1100,mg/L,500,mg/L,,03/31/2023
PR0026182,001,70295,"Solids, total dissolved",130,C3,MAX,Concentration3,mg/L,130,mg/L,500,mg/L,,06/30/2023
PR0026182,001,70295,"Solids, total dissolved",160,C3,MAX,Concentration3,mg/L,160,mg/L,500,mg/L,,09/30/2023
PR0026182,001,70295,"Solids, total dissolved",230,C3,MAX,Concentration3,mg/L,230,mg/L,500,mg/L,,12/31/2023
PR0026182,001,70295,"Solids, total dissolved",210,C3,MAX,Concentration3,mg/L,210,mg/L,500,mg/L,,03/31/2024
PR0026182,001,70295,"Solids, total dissolved",120,C3,MAX,Concentration3,mg/L,120,mg/L,500,mg/L,,06/30/2024
PR0026182,001,70295,"Solids, total dissolved",390,C3,MAX,Concentration3,mg/L,390,mg/L,500,mg/L,,09/30/2024
PR0026182,001,70295,"Solids, total dissolved",170,C3,MAX,Concentration3,mg/L,170,mg/L,500,mg/L,,12/31/2024
PR0026182,001,70295,"Solids, total dissolved",96,C3,MAX,Concentration3,mg/L,96,mg/L,500,mg/L,,03/31/2025
PR0026182,001,70295,"Solids, total dissolved",140,C3,MAX,Concentration3,mg/L,140,mg/L,500,mg/L,,06/30/2025
PR0026182,001,70295,"Solids, total dissolved",410,C3,MAX,Concentration3,mg/L,410,mg/L,500,mg/L,,09/30/2025
PR0026182,001,70295,"Solids, total dissolved",190,C3,MAX,Concentration3,mg/L,190,mg/L,500,mg/L,,12/31/2025
PR0026182,001,71900,"Mercury, total [as Hg]",0.0029,C3,MAX,Concentration3,ug/L,.0000029,mg/L,.05,ug/L,,06/30/2020
PR0026182,001,71900,"Mercury, total [as Hg]",0.0359,C3,MAX,Concentration3,ug/L,.0000359,mg/L,.05,ug/L,,06/30/2021
PR0026182,001,71900,"Mercury, total [as Hg]",0.002,C3,MAX,Concentration3,ug/L,.000002,mg/L,.05,ug/L,,06/30/2022
PR0026182,001,71900,"Mercury, total [as Hg]",0.0029,C3,MAX,Concentration3,ug/L,.0000029,mg/L,.05,ug/L,,06/30/2023
PR0026182,001,71900,"Mercury, total [as Hg]",0.0029,C3,MAX,Concentration3,ug/L,.0000029,mg/L,.05,ug/L,,06/30/2024
PR0026182,001,71900,"Mercury, total [as Hg]",0.002,C3,MAX,Concentration3,ug/L,.000002,mg/L,.05,ug/L,,06/30/2025
PR0026182,001,82230,Ammonia & ammonium- total,60,C3,MAX,Concentration3,ug/L,.06,mg/L,,ug/L,,01/31/2020
PR0026182,001,82230,Ammonia & ammonium- total,60,C3,MAX,Concentration3,ug/L,.06,mg/L,,ug/L,,02/29/2020
PR0026182,001,82230,Ammonia & ammonium- total,60,C3,MAX,Concentration3,ug/L,.06,mg/L,,ug/L,,03/31/2020
PR0026182,001,82230,Ammonia & ammonium- total,60,C3,MAX,Concentration3,ug/L,.06,mg/L,,ug/L,,04/30/2020
PR0026182,001,82230,Ammonia & ammonium- total,60,C3,MAX,Concentration3,ug/L,.06,mg/L,,ug/L,,05/31/2020
PR0026182,001,82230,Ammonia & ammonium- total,78,C3,MAX,Concentration3,ug/L,.078,mg/L,,ug/L,,06/30/2020
PR0026182,001,82230,Ammonia & ammonium- total,60,C3,MAX,Concentration3,ug/L,.06,mg/L,,ug/L,,07/31/2020
PR0026182,001,82230,Ammonia & ammonium- total,60,C3,MAX,Concentration3,ug/L,.06,mg/L,,ug/L,,08/31/2020
PR0026182,001,82230,Ammonia & ammonium- total,60,C3,MAX,Concentration3,ug/L,.06,mg/L,,ug/L,,09/30/2020
PR0026182,001,82230,Ammonia & ammonium- total,60,C3,MAX,Concentration3,ug/L,.06,mg/L,,ug/L,,10/31/2020
PR0026182,001,82230,Ammonia & ammonium- total,60,C3,MAX,Concentration3,ug/L,.06,mg/L,,ug/L,,11/30/2020
PR0026182,001,82230,Ammonia & ammonium- total,60,C3,MAX,Concentration3,ug/L,.06,mg/L,,ug/L,,12/31/2020
PR0026182,001,82230,Ammonia & ammonium- total,60,C3,MAX,Concentration3,ug/L,.06,mg/L,,ug/L,,01/31/2021
PR0026182,001,82230,Ammonia & ammonium- total,70,C3,MAX,Concentration3,ug/L,.07,mg/L,,ug/L,,02/28/2021
PR0026182,001,82230,Ammonia & ammonium- total,60,C3,MAX,Concentration3,ug/L,.06,mg/L,,ug/L,,03/31/2021
PR0026182,001,82230,Ammonia & ammonium- total,60,C3,MAX,Concentration3,ug/L,.06,mg/L,,ug/L,,04/30/2021
PR0026182,001,82230,Ammonia & ammonium- total,60,C3,MAX,Concentration3,ug/L,.06,mg/L,,ug/L,,05/31/2021
PR0026182,001,82230,Ammonia & ammonium- total,60,C3,MAX,Concentration3,ug/L,.06,mg/L,,ug/L,,06/30/2021
PR0026182,001,82230,Ammonia & ammonium- total,60,C3,MAX,Concentration3,ug/L,.06,mg/L,,ug/L,,07/31/2021
PR0026182,001,82230,Ammonia & ammonium- total,60,C3,MAX,Concentration3,ug/L,.06,mg/L,,ug/L,,08/31/2021
PR0026182,001,82230,Ammonia & ammonium- total,60,C3,MAX,Concentration3,ug/L,.06,mg/L,,ug/L,,09/30/2021
PR0026182,001,82230,Ammonia & ammonium- total,60,C3,MAX,Concentration3,ug/L,.06,mg/L,,ug/L,,10/31/2021
PR0026182,001,82230,Ammonia & ammonium- total,60,C3,MAX,Concentration3,ug/L,.06,mg/L,,ug/L,,11/30/2021
PR0026182,001,82230,Ammonia & ammonium- total,93,C3,MAX,Concentration3,ug/L,.093,mg/L,,ug/L,,12/31/2021
PR0026182,001,82230,Ammonia & ammonium- total,60,C3,MAX,Concentration3,ug/L,.06,mg/L,,ug/L,,01/31/2022
PR0026182,001,82230,Ammonia & ammonium- total,60,C3,MAX,Concentration3,ug/L,.06,mg/L,,ug/L,,02/28/2022
PR0026182,001,82230,Ammonia & ammonium- total,60,C3,MAX,Concentration3,ug/L,.06,mg/L,,ug/L,,03/31/2022
PR0026182,001,82230,Ammonia & ammonium- total,100,C3,MAX,Concentration3,ug/L,.1,mg/L,,ug/L,,04/30/2022
PR0026182,001,82230,Ammonia & ammonium- total,100,C3,MAX,Concentration3,ug/L,.1,mg/L,,ug/L,,05/31/2022
PR0026182,001,82230,Ammonia & ammonium- total,100,C3,MAX,Concentration3,ug/L,.1,mg/L,,ug/L,,06/30/2022
PR0026182,001,82230,Ammonia & ammonium- total,100,C3,MAX,Concentration3,ug/L,.1,mg/L,,ug/L,,07/31/2022
PR0026182,001,82230,Ammonia & ammonium- total,100,C3,MAX,Concentration3,ug/L,.1,mg/L,,ug/L,,08/31/2022
PR0026182,001,82230,Ammonia & ammonium- total,100,C3,MAX,Concentration3,ug/L,.1,mg/L,,ug/L,,09/30/2022
PR0026182,001,82230,Ammonia & ammonium- total,100,C3,MAX,Concentration3,ug/L,.1,mg/L,,ug/L,,10/31/2022
PR0026182,001,82230,Ammonia & ammonium- total,100,C3,MAX,Concentration3,ug/L,.1,mg/L,,ug/L,,11/30/2022
PR0026182,001,82230,Ammonia & ammonium- total,100,C3,MAX,Concentration3,ug/L,.1,mg/L,,ug/L,,12/31/2022
PR0026182,001,82230,Ammonia & ammonium- total,100,C3,MAX,Concentration3,ug/L,.1,mg/L,,ug/L,,01/31/2023
PR0026182,001,82230,Ammonia & ammonium- total,100,C3,MAX,Concentration3,ug/L,.1,mg/L,,ug/L,,02/28/2023
PR0026182,001,82230,Ammonia & ammonium- total,100,C3,MAX,Concentration3,ug/L,.1,mg/L,,ug/L,,03/31/2023
PR0026182,001,82230,Ammonia & ammonium- total,100,C3,MAX,Concentration3,ug/L,.1,mg/L,,ug/L,,04/30/2023
PR0026182,001,82230,Ammonia & ammonium- total,100,C3,MAX,Concentration3,ug/L,.1,mg/L,,ug/L,,05/31/2023
PR0026182,001,82230,Ammonia & ammonium- total,100,C3,MAX,Concentration3,ug/L,.1,mg/L,,ug/L,,06/30/2023
PR0026182,001,82230,Ammonia & ammonium- total,100,C3,MAX,Concentration3,ug/L,.1,mg/L,,ug/L,,07/31/2023
PR0026182,001,82230,Ammonia & ammonium- total,100,C3,MAX,Concentration3,ug/L,.1,mg/L,,ug/L,,08/31/2023
PR0026182,001,82230,Ammonia & ammonium- total,100,C3,MAX,Concentration3,ug/L,.1,mg/L,,ug/L,,09/30/2023
PR0026182,001,82230,Ammonia & ammonium- total,100,C3,MAX,Concentration3,ug/L,.1,mg/L,,ug/L,,10/31/2023
PR0026182,001,82230,Ammonia & ammonium- total,100,C3,MAX,Concentration3,ug/L,.1,mg/L,,ug/L,,11/30/2023
PR0026182,001,82230,Ammonia & ammonium- total,100,C3,MAX,Concentration3,ug/L,.1,mg/L,,ug/L,,12/31/2023
PR0026182,001,82230,Ammonia & ammonium- total,100,C3,MAX,Concentration3,ug/L,.1,mg/L,,ug/L,,01/31/2024
PR0026182,001,82230,Ammonia & ammonium- total,1930,C3,MAX,Concentration3,ug/L,1.93000009,mg/L,,ug/L,,02/29/2024
PR0026182,001,82230,Ammonia & ammonium- total,100,C3,MAX,Concentration3,ug/L,.1,mg/L,,ug/L,,03/31/2024
PR0026182,001,82230,Ammonia & ammonium- total,100,C3,MAX,Concentration3,ug/L,.1,mg/L,,ug/L,,04/30/2024
PR0026182,001,82230,Ammonia & ammonium- total,100,C3,MAX,Concentration3,ug/L,.1,mg/L,,ug/L,,05/31/2024
PR0026182,001,82230,Ammonia & ammonium- total,100,C3,MAX,Concentration3,ug/L,.1,mg/L,,ug/L,,06/30/2024
PR0026182,001,82230,Ammonia & ammonium- total,100,C3,MAX,Concentration3,ug/L,.1,mg/L,,ug/L,,07/31/2024
PR0026182,001,82230,Ammonia & ammonium- total,100,C3,MAX,Concentration3,ug/L,.1,mg/L,,ug/L,,08/31/2024
PR0026182,001,82230,Ammonia & ammonium- total,100,C3,MAX,Concentration3,ug/L,.1,mg/L,,ug/L,,09/30/2024
PR0026182,001,82230,Ammonia & ammonium- total,100,C3,MAX,Concentration3,ug/L,.1,mg/L,,ug/L,,10/31/2024
PR0026182,001,82230,Ammonia & ammonium- total,100,C3,MAX,Concentration3,ug/L,.1,mg/L,,ug/L,,11/30/2024
PR0026182,001,82230,Ammonia & ammonium- total,100,C3,MAX,Concentration3,ug/L,.1,mg/L,,ug/L,,12/31/2024
PR0026182,001,82230,Ammonia & ammonium- total,60,C3,MAX,Concentration3,ug/L,.06,mg/L,,ug/L,,01/31/2025
PR0026182,001,82230,Ammonia & ammonium- total,130,C3,MAX,Concentration3,ug/L,.13000001,mg/L,,ug/L,,02/28/2025
PR0026182,001,82230,Ammonia & ammonium- total,57,C3,MAX,Concentration3,ug/L,.057,mg/L,,ug/L,,03/31/2025
PR0026182,001,82230,Ammonia & ammonium- total,80,C3,MAX,Concentration3,ug/L,.08,mg/L,,ug/L,,04/30/2025
PR0026182,001,82230,Ammonia & ammonium- total,60,C3,MAX,Concentration3,ug/L,.06,mg/L,,ug/L,,05/31/2025
PR0026182,001,82230,Ammonia & ammonium- total,57,C3,MAX,Concentration3,ug/L,.057,mg/L,,ug/L,,06/30/2025
PR0026182,001,82230,Ammonia & ammonium- total,57,C3,MAX,Concentration3,ug/L,.057,mg/L,,ug/L,,07/31/2025
PR0026182,001,82230,Ammonia & ammonium- total,57,C3,MAX,Concentration3,ug/L,.057,mg/L,,ug/L,,08/31/2025
PR0026182,001,82230,Ammonia & ammonium- total,70,C3,MAX,Concentration3,ug/L,.07,mg/L,,ug/L,,09/30/2025
