npdes_id,perm_feature_nmbr,parameter_code,parameter_desc,dmr_value_nmbr,value_type_code,statistical_base_type_code,value_type_desc,dmr_unit_desc,dmr_value_standard_units,standard_unit_desc,limit_value_nmbr,limit_unit_desc,nodi_code,monitoring_period_end_date
PR0021539,001,00010,"Temperature, water deg. centigrade",29.8,C3,MAX,Concentration3,deg C,29.8,deg C,32.2,deg C,,01/31/2020
PR0021539,001,00010,"Temperature, water deg. centigrade",26.8,C3,MAX,Concentration3,deg C,26.8,deg C,32.2,deg C,,02/29/2020
PR0021539,001,00010,"Temperature, water deg. centigrade",-27.7,C3,MAX,Concentration3,deg C,-27.7,deg C,32.2,deg C,,03/31/2020
PR0021539,001,00010,"Temperature, water deg. centigrade",27.1,C3,MAX,Concentration3,deg C,27.1,deg C,32.2,deg C,,04/30/2020
PR0021539,001,00010,"Temperature, water deg. centigrade",27.8,C3,MAX,Concentration3,deg C,27.8,deg C,32.2,deg C,,05/31/2020
PR0021539,001,00010,"Temperature, water deg. centigrade",27.8,C3,MAX,Concentration3,deg C,27.8,deg C,32.2,deg C,,06/30/2020
PR0021539,001,00010,"Temperature, water deg. centigrade",27.6,C3,MAX,Concentration3,deg C,27.6,deg C,32.2,deg C,,07/31/2020
PR0021539,001,00010,"Temperature, water deg. centigrade",28.7,C3,MAX,Concentration3,deg C,28.7,deg C,32.2,deg C,,08/31/2020
PR0021539,001,00010,"Temperature, water deg. centigrade",27.8,C3,MAX,Concentration3,deg C,27.8,deg C,30,deg C,,09/30/2020
PR0021539,001,00010,"Temperature, water deg. centigrade",27.7,C3,MAX,Concentration3,deg C,27.7,deg C,30,deg C,,10/31/2020
PR0021539,001,00010,"Temperature, water deg. centigrade",28.4,C3,MAX,Concentration3,deg C,28.4,deg C,30,deg C,,11/30/2020
PR0021539,001,00010,"Temperature, water deg. centigrade",28.4,C3,MAX,Concentration3,deg C,28.4,deg C,30,deg C,,12/31/2020
PR0021539,001,00010,"Temperature, water deg. centigrade",28.7,C3,MAX,Concentration3,deg C,28.7,deg C,30,deg C,,01/31/2021
PR0021539,001,00010,"Temperature, water deg. centigrade",28.7,C3,MAX,Concentration3,deg C,28.7,deg C,30,deg C,,02/28/2021
PR0021539,001,00010,"Temperature, water deg. centigrade",28.8,C3,MAX,Concentration3,deg C,28.8,deg C,30,deg C,,03/31/2021
PR0021539,001,00010,"Temperature, water deg. centigrade",28.4,C3,MAX,Concentration3,deg C,28.4,deg C,30,deg C,,04/30/2021
PR0021539,001,00010,"Temperature, water deg. centigrade",29.2,C3,MAX,Concentration3,deg C,29.2,deg C,30,deg C,,05/31/2021
PR0021539,001,00010,"Temperature, water deg. centigrade",29.3,C3,MAX,Concentration3,deg C,29.3,deg C,30,deg C,,06/30/2021
PR0021539,001,00010,"Temperature, water deg. centigrade",29,C3,MAX,Concentration3,deg C,29,deg C,30,deg C,,07/31/2021
PR0021539,001,00010,"Temperature, water deg. centigrade",29,C3,MAX,Concentration3,deg C,29,deg C,30,deg C,,08/31/2021
PR0021539,001,00010,"Temperature, water deg. centigrade",29,C3,MAX,Concentration3,deg C,29,deg C,30,deg C,,09/30/2021
PR0021539,001,00010,"Temperature, water deg. centigrade",29,C3,MAX,Concentration3,deg C,29,deg C,30,deg C,,10/31/2021
PR0021539,001,00010,"Temperature, water deg. centigrade",28,C3,MAX,Concentration3,deg C,28,deg C,30,deg C,,11/30/2021
PR0021539,001,00010,"Temperature, water deg. centigrade",28,C3,MAX,Concentration3,deg C,28,deg C,30,deg C,,12/31/2021
PR0021539,001,00010,"Temperature, water deg. centigrade",28.4,C3,MAX,Concentration3,deg C,28.4,deg C,30,deg C,,01/31/2022
PR0021539,001,00010,"Temperature, water deg. centigrade",28.4,C3,MAX,Concentration3,deg C,28.4,deg C,30,deg C,,02/28/2022
PR0021539,001,00010,"Temperature, water deg. centigrade",28.7,C3,MAX,Concentration3,deg C,28.7,deg C,30,deg C,,03/31/2022
PR0021539,001,00010,"Temperature, water deg. centigrade",28.9,C3,MAX,Concentration3,deg C,28.9,deg C,30,deg C,,04/30/2022
PR0021539,001,00010,"Temperature, water deg. centigrade",29,C3,MAX,Concentration3,deg C,29,deg C,30,deg C,,05/31/2022
PR0021539,001,00010,"Temperature, water deg. centigrade",29.4,C3,MAX,Concentration3,deg C,29.4,deg C,30,deg C,,06/30/2022
PR0021539,001,00010,"Temperature, water deg. centigrade",30,C3,MAX,Concentration3,deg C,30,deg C,30,deg C,,07/31/2022
PR0021539,001,00010,"Temperature, water deg. centigrade",30,C3,MAX,Concentration3,deg C,30,deg C,30,deg C,,08/31/2022
PR0021539,001,00010,"Temperature, water deg. centigrade",29,C3,MAX,Concentration3,deg C,29,deg C,30,deg C,,09/30/2022
PR0021539,001,00010,"Temperature, water deg. centigrade",29,C3,MAX,Concentration3,deg C,29,deg C,30,deg C,,10/31/2022
PR0021539,001,00010,"Temperature, water deg. centigrade",29,C3,MAX,Concentration3,deg C,29,deg C,30,deg C,,11/30/2022
PR0021539,001,00010,"Temperature, water deg. centigrade",28,C3,MAX,Concentration3,deg C,28,deg C,30,deg C,,12/31/2022
PR0021539,001,00010,"Temperature, water deg. centigrade",27,C3,MAX,Concentration3,deg C,27,deg C,30,deg C,,01/31/2023
PR0021539,001,00010,"Temperature, water deg. centigrade",27.8,C3,MAX,Concentration3,deg C,27.8,deg C,30,deg C,,02/28/2023
PR0021539,001,00010,"Temperature, water deg. centigrade",27.8,C3,MAX,Concentration3,deg C,27.8,deg C,30,deg C,,03/31/2023
PR0021539,001,00010,"Temperature, water deg. centigrade",26,C3,MAX,Concentration3,deg C,26,deg C,30,deg C,,04/30/2023
PR0021539,001,00010,"Temperature, water deg. centigrade",26,C3,MAX,Concentration3,deg C,26,deg C,30,deg C,,05/31/2023
PR0021539,001,00010,"Temperature, water deg. centigrade",26,C3,MAX,Concentration3,deg C,26,deg C,30,deg C,,06/30/2023
PR0021539,001,00010,"Temperature, water deg. centigrade",28,C3,MAX,Concentration3,deg C,28,deg C,30,deg C,,07/31/2023
PR0021539,001,00010,"Temperature, water deg. centigrade",28,C3,MAX,Concentration3,deg C,28,deg C,30,deg C,,08/31/2023
PR0021539,001,00010,"Temperature, water deg. centigrade",31,C3,MAX,Concentration3,deg C,31,deg C,30,deg C,,09/30/2023
PR0021539,001,00010,"Temperature, water deg. centigrade",30.1,C3,MAX,Concentration3,deg C,30.1,deg C,30,deg C,,10/31/2023
PR0021539,001,00010,"Temperature, water deg. centigrade",28.9,C3,MAX,Concentration3,deg C,28.9,deg C,30,deg C,,11/30/2023
PR0021539,001,00010,"Temperature, water deg. centigrade",28,C3,MAX,Concentration3,deg C,28,deg C,30,deg C,,12/31/2023
PR0021539,001,00010,"Temperature, water deg. centigrade",27,C3,MAX,Concentration3,deg C,27,deg C,30,deg C,,01/31/2024
PR0021539,001,00010,"Temperature, water deg. centigrade",27,C3,MAX,Concentration3,deg C,27,deg C,30,deg C,,02/29/2024
PR0021539,001,00010,"Temperature, water deg. centigrade",28.1,C3,MAX,Concentration3,deg C,28.1,deg C,30,deg C,,03/31/2024
PR0021539,001,00010,"Temperature, water deg. centigrade",28.3,C3,MAX,Concentration3,deg C,28.3,deg C,30,deg C,,04/30/2024
PR0021539,001,00010,"Temperature, water deg. centigrade",28.3,C3,MAX,Concentration3,deg C,28.3,deg C,30,deg C,,05/31/2024
PR0021539,001,00010,"Temperature, water deg. centigrade",33.1,C3,MAX,Concentration3,deg C,33.1,deg C,30,deg C,,06/30/2024
PR0021539,001,00010,"Temperature, water deg. centigrade",33.1,C3,MAX,Concentration3,deg C,33.1,deg C,30,deg C,,06/30/2024
PR0021539,001,00010,"Temperature, water deg. centigrade",30.2,C3,MAX,Concentration3,deg C,30.2,deg C,30,deg C,,07/31/2024
PR0021539,001,00010,"Temperature, water deg. centigrade",30.2,C3,MAX,Concentration3,deg C,30.2,deg C,30,deg C,,07/31/2024
PR0021539,001,00010,"Temperature, water deg. centigrade",31.7,C3,MAX,Concentration3,deg C,31.7,deg C,30,deg C,,08/31/2024
PR0021539,001,00010,"Temperature, water deg. centigrade",31.7,C3,MAX,Concentration3,deg C,31.7,deg C,30,deg C,,08/31/2024
PR0021539,001,00010,"Temperature, water deg. centigrade",30.2,C3,MAX,Concentration3,deg C,30.2,deg C,30,deg C,,09/30/2024
PR0021539,001,00010,"Temperature, water deg. centigrade",30.2,C3,MAX,Concentration3,deg C,30.2,deg C,30,deg C,,09/30/2024
PR0021539,001,00010,"Temperature, water deg. centigrade",31.1,C3,MAX,Concentration3,deg C,31.1,deg C,30,deg C,,10/31/2024
PR0021539,001,00010,"Temperature, water deg. centigrade",31.1,C3,MAX,Concentration3,deg C,31.1,deg C,30,deg C,,10/31/2024
PR0021539,001,00010,"Temperature, water deg. centigrade",29.8,C3,MAX,Concentration3,deg C,29.8,deg C,30,deg C,,11/30/2024
PR0021539,001,00010,"Temperature, water deg. centigrade",27.1,C3,MAX,Concentration3,deg C,27.1,deg C,30,deg C,,12/31/2024
PR0021539,001,00010,"Temperature, water deg. centigrade",26.4,C3,MAX,Concentration3,deg C,26.4,deg C,30,deg C,,01/31/2025
PR0021539,001,00010,"Temperature, water deg. centigrade",27.9,C3,MAX,Concentration3,deg C,27.9,deg C,30,deg C,,02/28/2025
PR0021539,001,00010,"Temperature, water deg. centigrade",29.1,C3,MAX,Concentration3,deg C,29.1,deg C,30,deg C,,03/31/2025
PR0021539,001,00010,"Temperature, water deg. centigrade",28,C3,MAX,Concentration3,deg C,28,deg C,30,deg C,,04/30/2025
PR0021539,001,00010,"Temperature, water deg. centigrade",28.4,C3,MAX,Concentration3,deg C,28.4,deg C,30,deg C,,05/31/2025
PR0021539,001,00010,"Temperature, water deg. centigrade",29.9,C3,MAX,Concentration3,deg C,29.9,deg C,30,deg C,,06/30/2025
PR0021539,001,00010,"Temperature, water deg. centigrade",29.9,C3,MAX,Concentration3,deg C,29.9,deg C,30,deg C,,07/31/2025
PR0021539,001,00010,"Temperature, water deg. centigrade",32.4,C3,MAX,Concentration3,deg C,32.4,deg C,30,deg C,,08/31/2025
PR0021539,001,00010,"Temperature, water deg. centigrade",31.3,C3,MAX,Concentration3,deg C,31.3,deg C,30,deg C,,09/30/2025
PR0021539,001,00010,"Temperature, water deg. centigrade",30.1,C3,MAX,Concentration3,deg C,30.1,deg C,30,deg C,,10/31/2025
PR0021539,001,00010,"Temperature, water deg. centigrade",30.1,C3,MAX,Concentration3,deg C,30.1,deg C,30,deg C,,11/30/2025
PR0021539,001,00010,"Temperature, water deg. centigrade",NA,C3,MAX,Concentration3,,,deg C,30,deg C,,12/31/2025
PR0021539,001,00070,Turbidity,28.9,C3,MAX,Concentration3,NTU,28.9,NTU,50,NTU,,01/31/2020
PR0021539,001,00070,Turbidity,12.9,C3,MAX,Concentration3,NTU,12.9,NTU,50,NTU,,02/29/2020
PR0021539,001,00070,Turbidity,13,C3,MAX,Concentration3,NTU,13,NTU,50,NTU,,03/31/2020
PR0021539,001,00070,Turbidity,11.2,C3,MAX,Concentration3,NTU,11.2,NTU,50,NTU,,04/30/2020
PR0021539,001,00070,Turbidity,11.7,C3,MAX,Concentration3,NTU,11.7,NTU,50,NTU,,05/31/2020
PR0021539,001,00070,Turbidity,1.59,C3,MAX,Concentration3,NTU,1.59,NTU,50,NTU,,06/30/2020
PR0021539,001,00070,Turbidity,7.14,C3,MAX,Concentration3,NTU,7.14,NTU,50,NTU,,07/31/2020
PR0021539,001,00070,Turbidity,2.04,C3,MAX,Concentration3,NTU,2.04,NTU,50,NTU,,08/31/2020
PR0021539,001,00070,Turbidity,6.64,C3,MAX,Concentration3,NTU,6.64,NTU,10,NTU,,09/30/2020
PR0021539,001,00070,Turbidity,1.64,C3,MAX,Concentration3,NTU,1.64,NTU,10,NTU,,10/31/2020
PR0021539,001,00070,Turbidity,7.7,C3,MAX,Concentration3,NTU,7.7,NTU,10,NTU,,11/30/2020
PR0021539,001,00070,Turbidity,1.49,C3,MAX,Concentration3,NTU,1.49,NTU,10,NTU,,12/31/2020
PR0021539,001,00070,Turbidity,2.02,C3,MAX,Concentration3,NTU,2.02,NTU,10,NTU,,01/31/2021
PR0021539,001,00070,Turbidity,4.1,C3,MAX,Concentration3,NTU,4.1,NTU,10,NTU,,02/28/2021
PR0021539,001,00070,Turbidity,3.04,C3,MAX,Concentration3,NTU,3.04,NTU,10,NTU,,03/31/2021
PR0021539,001,00070,Turbidity,5.46,C3,MAX,Concentration3,NTU,5.46,NTU,10,NTU,,04/30/2021
PR0021539,001,00070,Turbidity,2.02,C3,MAX,Concentration3,NTU,2.02,NTU,10,NTU,,05/31/2021
PR0021539,001,00070,Turbidity,9.28,C3,MAX,Concentration3,NTU,9.28,NTU,10,NTU,,06/30/2021
PR0021539,001,00070,Turbidity,1.59,C3,MAX,Concentration3,NTU,1.59,NTU,10,NTU,,07/31/2021
PR0021539,001,00070,Turbidity,3.62,C3,MAX,Concentration3,NTU,3.62,NTU,10,NTU,,08/31/2021
PR0021539,001,00070,Turbidity,3.83,C3,MAX,Concentration3,NTU,3.83,NTU,10,NTU,,09/30/2021
PR0021539,001,00070,Turbidity,23.5,C3,MAX,Concentration3,NTU,23.5,NTU,10,NTU,,10/31/2021
PR0021539,001,00070,Turbidity,3.5,C3,MAX,Concentration3,NTU,3.5,NTU,10,NTU,,11/30/2021
PR0021539,001,00070,Turbidity,3.24,C3,MAX,Concentration3,NTU,3.24,NTU,10,NTU,,12/31/2021
PR0021539,001,00070,Turbidity,1.81,C3,MAX,Concentration3,NTU,1.81,NTU,10,NTU,,01/31/2022
PR0021539,001,00070,Turbidity,3.6,C3,MAX,Concentration3,NTU,3.6,NTU,10,NTU,,02/28/2022
PR0021539,001,00070,Turbidity,6.9,C3,MAX,Concentration3,NTU,6.9,NTU,10,NTU,,03/31/2022
PR0021539,001,00070,Turbidity,16,C3,MAX,Concentration3,NTU,16,NTU,10,NTU,,04/30/2022
PR0021539,001,00070,Turbidity,1.49,C3,MAX,Concentration3,NTU,1.49,NTU,10,NTU,,05/31/2022
PR0021539,001,00070,Turbidity,3.7,C3,MAX,Concentration3,NTU,3.7,NTU,10,NTU,,06/30/2022
PR0021539,001,00070,Turbidity,1.7,C3,MAX,Concentration3,NTU,1.7,NTU,10,NTU,,07/31/2022
PR0021539,001,00070,Turbidity,1.5,C3,MAX,Concentration3,NTU,1.5,NTU,10,NTU,,08/31/2022
PR0021539,001,00070,Turbidity,1.7,C3,MAX,Concentration3,NTU,1.7,NTU,10,NTU,,09/30/2022
PR0021539,001,00070,Turbidity,1.3,C3,MAX,Concentration3,NTU,1.3,NTU,10,NTU,,10/31/2022
PR0021539,001,00070,Turbidity,4.3,C3,MAX,Concentration3,NTU,4.3,NTU,10,NTU,,11/30/2022
PR0021539,001,00070,Turbidity,8.9,C3,MAX,Concentration3,NTU,8.9,NTU,10,NTU,,12/31/2022
PR0021539,001,00070,Turbidity,5.2,C3,MAX,Concentration3,NTU,5.2,NTU,10,NTU,,01/31/2023
PR0021539,001,00070,Turbidity,3.5,C3,MAX,Concentration3,NTU,3.5,NTU,10,NTU,,02/28/2023
PR0021539,001,00070,Turbidity,1.8,C3,MAX,Concentration3,NTU,1.8,NTU,10,NTU,,03/31/2023
PR0021539,001,00070,Turbidity,38,C3,MAX,Concentration3,NTU,38,NTU,10,NTU,,04/30/2023
PR0021539,001,00070,Turbidity,2.5,C3,MAX,Concentration3,NTU,2.5,NTU,10,NTU,,05/31/2023
PR0021539,001,00070,Turbidity,2.8,C3,MAX,Concentration3,NTU,2.8,NTU,10,NTU,,06/30/2023
PR0021539,001,00070,Turbidity,5.8,C3,MAX,Concentration3,NTU,5.8,NTU,10,NTU,,07/31/2023
PR0021539,001,00070,Turbidity,5.4,C3,MAX,Concentration3,NTU,5.4,NTU,10,NTU,,08/31/2023
PR0021539,001,00070,Turbidity,41,C3,MAX,Concentration3,NTU,41,NTU,10,NTU,,09/30/2023
PR0021539,001,00070,Turbidity,2.8,C3,MAX,Concentration3,NTU,2.8,NTU,10,NTU,,10/31/2023
PR0021539,001,00070,Turbidity,0.78,C3,MAX,Concentration3,NTU,.78,NTU,10,NTU,,11/30/2023
PR0021539,001,00070,Turbidity,1.03,C3,MAX,Concentration3,NTU,1.03,NTU,10,NTU,,12/31/2023
PR0021539,001,00070,Turbidity,5.5,C3,MAX,Concentration3,NTU,5.5,NTU,10,NTU,,01/31/2024
PR0021539,001,00070,Turbidity,1.6,C3,MAX,Concentration3,NTU,1.6,NTU,10,NTU,,02/29/2024
PR0021539,001,00070,Turbidity,1.1,C3,MAX,Concentration3,NTU,1.1,NTU,10,NTU,,03/31/2024
PR0021539,001,00070,Turbidity,3.1,C3,MAX,Concentration3,NTU,3.1,NTU,10,NTU,,04/30/2024
PR0021539,001,00070,Turbidity,10,C3,MAX,Concentration3,NTU,10,NTU,10,NTU,,05/31/2024
PR0021539,001,00070,Turbidity,15,C3,MAX,Concentration3,NTU,15,NTU,10,NTU,,06/30/2024
PR0021539,001,00070,Turbidity,15,C3,MAX,Concentration3,NTU,15,NTU,10,NTU,,06/30/2024
PR0021539,001,00070,Turbidity,19,C3,MAX,Concentration3,NTU,19,NTU,10,NTU,,07/31/2024
PR0021539,001,00070,Turbidity,19,C3,MAX,Concentration3,NTU,19,NTU,10,NTU,,07/31/2024
PR0021539,001,00070,Turbidity,2.6,C3,MAX,Concentration3,NTU,2.6,NTU,10,NTU,,08/31/2024
PR0021539,001,00070,Turbidity,7.4,C3,MAX,Concentration3,NTU,7.4,NTU,10,NTU,,09/30/2024
PR0021539,001,00070,Turbidity,3,C3,MAX,Concentration3,NTU,3,NTU,10,NTU,,10/31/2024
PR0021539,001,00070,Turbidity,18.8,C3,MAX,Concentration3,NTU,18.8,NTU,10,NTU,,11/30/2024
PR0021539,001,00070,Turbidity,18.8,C3,MAX,Concentration3,NTU,18.8,NTU,10,NTU,,11/30/2024
PR0021539,001,00070,Turbidity,10.3,C3,MAX,Concentration3,NTU,10.3,NTU,10,NTU,,12/31/2024
PR0021539,001,00070,Turbidity,10.3,C3,MAX,Concentration3,NTU,10.3,NTU,10,NTU,,12/31/2024
PR0021539,001,00070,Turbidity,2.4,C3,MAX,Concentration3,NTU,2.4,NTU,10,NTU,,01/31/2025
PR0021539,001,00070,Turbidity,0.94,C3,MAX,Concentration3,NTU,.94,NTU,10,NTU,,02/28/2025
PR0021539,001,00070,Turbidity,7.4,C3,MAX,Concentration3,NTU,7.4,NTU,10,NTU,,03/31/2025
PR0021539,001,00070,Turbidity,3.1,C3,MAX,Concentration3,NTU,3.1,NTU,10,NTU,,04/30/2025
PR0021539,001,00070,Turbidity,20,C3,MAX,Concentration3,NTU,20,NTU,10,NTU,,05/31/2025
PR0021539,001,00070,Turbidity,16,C3,MAX,Concentration3,NTU,16,NTU,10,NTU,,06/30/2025
PR0021539,001,00070,Turbidity,240,C3,MAX,Concentration3,NTU,240,NTU,10,NTU,,07/31/2025
PR0021539,001,00070,Turbidity,100,C3,MAX,Concentration3,NTU,100,NTU,10,NTU,,08/31/2025
PR0021539,001,00070,Turbidity,13,C3,MAX,Concentration3,NTU,13,NTU,10,NTU,,09/30/2025
PR0021539,001,00070,Turbidity,13,C3,MAX,Concentration3,NTU,13,NTU,10,NTU,,10/31/2025
PR0021539,001,00070,Turbidity,5.1,C3,MAX,Concentration3,NTU,5.1,NTU,10,NTU,,11/30/2025
PR0021539,001,00070,Turbidity,NA,C3,MAX,Concentration3,,,NTU,10,NTU,,12/31/2025
PR0021539,001,00080,Color [PT-CO units],5,C3,MAX,Concentration3,col unit (pc),5,col unit (pc),,col unit (pc),,01/31/2020
PR0021539,001,00080,Color [PT-CO units],15,C3,MAX,Concentration3,col unit (pc),15,col unit (pc),,col unit (pc),,02/29/2020
PR0021539,001,00080,Color [PT-CO units],5,C3,MAX,Concentration3,col unit (pc),5,col unit (pc),,col unit (pc),,03/31/2020
PR0021539,001,00080,Color [PT-CO units],5,C3,MAX,Concentration3,col unit (pc),5,col unit (pc),,col unit (pc),,04/30/2020
PR0021539,001,00080,Color [PT-CO units],5,C3,MAX,Concentration3,col unit (pc),5,col unit (pc),,col unit (pc),,05/31/2020
PR0021539,001,00080,Color [PT-CO units],10,C3,MAX,Concentration3,col unit (pc),10,col unit (pc),,col unit (pc),,06/30/2020
PR0021539,001,00080,Color [PT-CO units],25,C3,MAX,Concentration3,col unit (pc),25,col unit (pc),,col unit (pc),,07/31/2020
PR0021539,001,00080,Color [PT-CO units],10,C3,MAX,Concentration3,col unit (pc),10,col unit (pc),,col unit (pc),,08/31/2020
PR0021539,001,00080,Color [PT-CO units],20,C3,MAX,Concentration3,col unit (pc),20,col unit (pc),,col unit (pc),,09/30/2020
PR0021539,001,00080,Color [PT-CO units],8.28,C3,MAX,Concentration3,col unit (pc),8.28,col unit (pc),,col unit (pc),,10/31/2020
PR0021539,001,00080,Color [PT-CO units],5,C3,MAX,Concentration3,col unit (pc),5,col unit (pc),,col unit (pc),,11/30/2020
PR0021539,001,00080,Color [PT-CO units],5,C3,MAX,Concentration3,col unit (pc),5,col unit (pc),,col unit (pc),,12/31/2020
PR0021539,001,00080,Color [PT-CO units],5,C3,MAX,Concentration3,col unit (pc),5,col unit (pc),,col unit (pc),,01/31/2021
PR0021539,001,00080,Color [PT-CO units],30,C3,MAX,Concentration3,col unit (pc),30,col unit (pc),,col unit (pc),,02/28/2021
PR0021539,001,00080,Color [PT-CO units],20,C3,MAX,Concentration3,col unit (pc),20,col unit (pc),,col unit (pc),,03/31/2021
PR0021539,001,00080,Color [PT-CO units],20,C3,MAX,Concentration3,col unit (pc),20,col unit (pc),,col unit (pc),,04/30/2021
PR0021539,001,00080,Color [PT-CO units],15,C3,MAX,Concentration3,col unit (pc),15,col unit (pc),,col unit (pc),,05/31/2021
PR0021539,001,00080,Color [PT-CO units],15,C3,MAX,Concentration3,col unit (pc),15,col unit (pc),,col unit (pc),,06/30/2021
PR0021539,001,00080,Color [PT-CO units],25,C3,MAX,Concentration3,col unit (pc),25,col unit (pc),,col unit (pc),,07/31/2021
PR0021539,001,00080,Color [PT-CO units],15,C3,MAX,Concentration3,col unit (pc),15,col unit (pc),,col unit (pc),,08/31/2021
PR0021539,001,00080,Color [PT-CO units],10,C3,MAX,Concentration3,col unit (pc),10,col unit (pc),,col unit (pc),,09/30/2021
PR0021539,001,00080,Color [PT-CO units],25,C3,MAX,Concentration3,col unit (pc),25,col unit (pc),,col unit (pc),,10/31/2021
PR0021539,001,00080,Color [PT-CO units],7.91,C3,MAX,Concentration3,col unit (pc),7.91,col unit (pc),,col unit (pc),,11/30/2021
PR0021539,001,00080,Color [PT-CO units],8.08,C3,MAX,Concentration3,col unit (pc),8.08,col unit (pc),,col unit (pc),,12/31/2021
PR0021539,001,00080,Color [PT-CO units],10,C3,MAX,Concentration3,col unit (pc),10,col unit (pc),,col unit (pc),,01/31/2022
PR0021539,001,00080,Color [PT-CO units],10,C3,MAX,Concentration3,col unit (pc),10,col unit (pc),,col unit (pc),,02/28/2022
PR0021539,001,00080,Color [PT-CO units],40,C3,MAX,Concentration3,col unit (pc),40,col unit (pc),,col unit (pc),,03/31/2022
PR0021539,001,00080,Color [PT-CO units],100,C3,MAX,Concentration3,col unit (pc),100,col unit (pc),,col unit (pc),,04/30/2022
PR0021539,001,00080,Color [PT-CO units],5,C3,MAX,Concentration3,col unit (pc),5,col unit (pc),,col unit (pc),,05/31/2022
PR0021539,001,00080,Color [PT-CO units],20,C3,MAX,Concentration3,col unit (pc),20,col unit (pc),,col unit (pc),,06/30/2022
PR0021539,001,00080,Color [PT-CO units],5,C3,MAX,Concentration3,col unit (pc),5,col unit (pc),,col unit (pc),,07/31/2022
PR0021539,001,00080,Color [PT-CO units],5,C3,MAX,Concentration3,col unit (pc),5,col unit (pc),,col unit (pc),,08/31/2022
PR0021539,001,00080,Color [PT-CO units],5,C3,MAX,Concentration3,col unit (pc),5,col unit (pc),,col unit (pc),,09/30/2022
PR0021539,001,00080,Color [PT-CO units],10,C3,MAX,Concentration3,col unit (pc),10,col unit (pc),,col unit (pc),,10/31/2022
PR0021539,001,00080,Color [PT-CO units],10,C3,MAX,Concentration3,col unit (pc),10,col unit (pc),,col unit (pc),,11/30/2022
PR0021539,001,00080,Color [PT-CO units],15,C3,MAX,Concentration3,col unit (pc),15,col unit (pc),,col unit (pc),,12/31/2022
PR0021539,001,00080,Color [PT-CO units],5,C3,MAX,Concentration3,col unit (pc),5,col unit (pc),,col unit (pc),,01/31/2023
PR0021539,001,00080,Color [PT-CO units],15,C3,MAX,Concentration3,col unit (pc),15,col unit (pc),,col unit (pc),,02/28/2023
PR0021539,001,00080,Color [PT-CO units],15,C3,MAX,Concentration3,col unit (pc),15,col unit (pc),,col unit (pc),,03/31/2023
PR0021539,001,00080,Color [PT-CO units],10,C3,MAX,Concentration3,col unit (pc),10,col unit (pc),,col unit (pc),,04/30/2023
PR0021539,001,00080,Color [PT-CO units],15,C3,MAX,Concentration3,col unit (pc),15,col unit (pc),,col unit (pc),,05/31/2023
PR0021539,001,00080,Color [PT-CO units],5,C3,MAX,Concentration3,col unit (pc),5,col unit (pc),,col unit (pc),,06/30/2023
PR0021539,001,00080,Color [PT-CO units],5,C3,MAX,Concentration3,col unit (pc),5,col unit (pc),,col unit (pc),,07/31/2023
PR0021539,001,00080,Color [PT-CO units],40,C3,MAX,Concentration3,col unit (pc),40,col unit (pc),,col unit (pc),,08/31/2023
PR0021539,001,00080,Color [PT-CO units],10,C3,MAX,Concentration3,col unit (pc),10,col unit (pc),,col unit (pc),,09/30/2023
PR0021539,001,00080,Color [PT-CO units],20,C3,MAX,Concentration3,col unit (pc),20,col unit (pc),,col unit (pc),,10/31/2023
PR0021539,001,00080,Color [PT-CO units],10,C3,MAX,Concentration3,col unit (pc),10,col unit (pc),,col unit (pc),,11/30/2023
PR0021539,001,00080,Color [PT-CO units],5,C3,MAX,Concentration3,col unit (pc),5,col unit (pc),,col unit (pc),,12/31/2023
PR0021539,001,00080,Color [PT-CO units],30,C3,MAX,Concentration3,col unit (pc),30,col unit (pc),,col unit (pc),,01/31/2024
PR0021539,001,00080,Color [PT-CO units],20,C3,MAX,Concentration3,col unit (pc),20,col unit (pc),,col unit (pc),,02/29/2024
PR0021539,001,00080,Color [PT-CO units],30,C3,MAX,Concentration3,col unit (pc),30,col unit (pc),,col unit (pc),,03/31/2024
PR0021539,001,00080,Color [PT-CO units],40,C3,MAX,Concentration3,col unit (pc),40,col unit (pc),,col unit (pc),,04/30/2024
PR0021539,001,00080,Color [PT-CO units],25,C3,MAX,Concentration3,col unit (pc),25,col unit (pc),,col unit (pc),,05/31/2024
PR0021539,001,00080,Color [PT-CO units],30,C3,MAX,Concentration3,col unit (pc),30,col unit (pc),,col unit (pc),,06/30/2024
PR0021539,001,00080,Color [PT-CO units],30,C3,MAX,Concentration3,col unit (pc),30,col unit (pc),,col unit (pc),,07/31/2024
PR0021539,001,00080,Color [PT-CO units],30,C3,MAX,Concentration3,col unit (pc),30,col unit (pc),,col unit (pc),,08/31/2024
PR0021539,001,00080,Color [PT-CO units],30,C3,MAX,Concentration3,col unit (pc),30,col unit (pc),,col unit (pc),,09/30/2024
PR0021539,001,00080,Color [PT-CO units],25,C3,MAX,Concentration3,col unit (pc),25,col unit (pc),,col unit (pc),,10/31/2024
PR0021539,001,00080,Color [PT-CO units],10,C3,MAX,Concentration3,col unit (pc),10,col unit (pc),,col unit (pc),,11/30/2024
PR0021539,001,00080,Color [PT-CO units],20,C3,MAX,Concentration3,col unit (pc),20,col unit (pc),,col unit (pc),,12/31/2024
PR0021539,001,00080,Color [PT-CO units],50,C3,MAX,Concentration3,col unit (pc),50,col unit (pc),,col unit (pc),,01/31/2025
PR0021539,001,00080,Color [PT-CO units],30,C3,MAX,Concentration3,col unit (pc),30,col unit (pc),,col unit (pc),,02/28/2025
PR0021539,001,00080,Color [PT-CO units],15,C3,MAX,Concentration3,col unit (pc),15,col unit (pc),,col unit (pc),,03/31/2025
PR0021539,001,00080,Color [PT-CO units],40,C3,MAX,Concentration3,col unit (pc),40,col unit (pc),,col unit (pc),,04/30/2025
PR0021539,001,00080,Color [PT-CO units],30,C3,MAX,Concentration3,col unit (pc),30,col unit (pc),,col unit (pc),,05/31/2025
PR0021539,001,00080,Color [PT-CO units],30,C3,MAX,Concentration3,col unit (pc),30,col unit (pc),,col unit (pc),,06/30/2025
PR0021539,001,00080,Color [PT-CO units],60,C3,MAX,Concentration3,col unit (pc),60,col unit (pc),,col unit (pc),,07/31/2025
PR0021539,001,00080,Color [PT-CO units],20,C3,MAX,Concentration3,col unit (pc),20,col unit (pc),,col unit (pc),,08/31/2025
PR0021539,001,00080,Color [PT-CO units],25,C3,MAX,Concentration3,col unit (pc),25,col unit (pc),,col unit (pc),,09/30/2025
PR0021539,001,00080,Color [PT-CO units],10,C3,MAX,Concentration3,col unit (pc),10,col unit (pc),,col unit (pc),,10/31/2025
PR0021539,001,00080,Color [PT-CO units],15,C3,MAX,Concentration3,col unit (pc),15,col unit (pc),,col unit (pc),,11/30/2025
PR0021539,001,00080,Color [PT-CO units],NA,C3,MAX,Concentration3,,,col unit (pc),,col unit (pc),,12/31/2025
PR0021539,001,00300,"Oxygen, dissolved [DO]",5,C1,MIN,Concentration1,mg/L,5,mg/L,5,mg/L,,01/31/2020
PR0021539,001,00300,"Oxygen, dissolved [DO]",6,C1,MIN,Concentration1,mg/L,6,mg/L,5,mg/L,,02/29/2020
PR0021539,001,00300,"Oxygen, dissolved [DO]",5.5,C1,MIN,Concentration1,mg/L,5.5,mg/L,5,mg/L,,03/31/2020
PR0021539,001,00300,"Oxygen, dissolved [DO]",4.9,C1,MIN,Concentration1,mg/L,4.9,mg/L,5,mg/L,,04/30/2020
PR0021539,001,00300,"Oxygen, dissolved [DO]",5.2,C1,MIN,Concentration1,mg/L,5.2,mg/L,5,mg/L,,05/31/2020
PR0021539,001,00300,"Oxygen, dissolved [DO]",5,C1,MIN,Concentration1,mg/L,5,mg/L,5,mg/L,,06/30/2020
PR0021539,001,00300,"Oxygen, dissolved [DO]",6.2,C1,MIN,Concentration1,mg/L,6.2,mg/L,5,mg/L,,07/31/2020
PR0021539,001,00300,"Oxygen, dissolved [DO]",5.3,C1,MIN,Concentration1,mg/L,5.3,mg/L,5,mg/L,,08/31/2020
PR0021539,001,00300,"Oxygen, dissolved [DO]",5.5,C1,MIN,Concentration1,mg/L,5.5,mg/L,5,mg/L,,09/30/2020
PR0021539,001,00300,"Oxygen, dissolved [DO]",6.2,C1,MIN,Concentration1,mg/L,6.2,mg/L,5,mg/L,,10/31/2020
PR0021539,001,00300,"Oxygen, dissolved [DO]",6.8,C1,MIN,Concentration1,mg/L,6.8,mg/L,5,mg/L,,11/30/2020
PR0021539,001,00300,"Oxygen, dissolved [DO]",6.9,C1,MIN,Concentration1,mg/L,6.9,mg/L,5,mg/L,,12/31/2020
PR0021539,001,00300,"Oxygen, dissolved [DO]",5.1,C1,MIN,Concentration1,mg/L,5.1,mg/L,5,mg/L,,01/31/2021
PR0021539,001,00300,"Oxygen, dissolved [DO]",5.1,C1,MIN,Concentration1,mg/L,5.1,mg/L,5,mg/L,,02/28/2021
PR0021539,001,00300,"Oxygen, dissolved [DO]",5.4,C1,MIN,Concentration1,mg/L,5.4,mg/L,5,mg/L,,03/31/2021
PR0021539,001,00300,"Oxygen, dissolved [DO]",5,C1,MIN,Concentration1,mg/L,5,mg/L,5,mg/L,,04/30/2021
PR0021539,001,00300,"Oxygen, dissolved [DO]",5.1,C1,MIN,Concentration1,mg/L,5.1,mg/L,5,mg/L,,05/31/2021
PR0021539,001,00300,"Oxygen, dissolved [DO]",5.2,C1,MIN,Concentration1,mg/L,5.2,mg/L,5,mg/L,,06/30/2021
PR0021539,001,00300,"Oxygen, dissolved [DO]",6.2,C1,MIN,Concentration1,mg/L,6.2,mg/L,5,mg/L,,07/31/2021
PR0021539,001,00300,"Oxygen, dissolved [DO]",3.9,C1,MIN,Concentration1,mg/L,3.9,mg/L,5,mg/L,,08/31/2021
PR0021539,001,00300,"Oxygen, dissolved [DO]",6.7,C1,MIN,Concentration1,mg/L,6.7,mg/L,5,mg/L,,09/30/2021
PR0021539,001,00300,"Oxygen, dissolved [DO]",6.8,C1,MIN,Concentration1,mg/L,6.8,mg/L,5,mg/L,,10/31/2021
PR0021539,001,00300,"Oxygen, dissolved [DO]",6.9,C1,MIN,Concentration1,mg/L,6.9,mg/L,5,mg/L,,11/30/2021
PR0021539,001,00300,"Oxygen, dissolved [DO]",5.9,C1,MIN,Concentration1,mg/L,5.9,mg/L,5,mg/L,,12/31/2021
PR0021539,001,00300,"Oxygen, dissolved [DO]",5.1,C1,MIN,Concentration1,mg/L,5.1,mg/L,5,mg/L,,01/31/2022
PR0021539,001,00300,"Oxygen, dissolved [DO]",5.4,C1,MIN,Concentration1,mg/L,5.4,mg/L,5,mg/L,,02/28/2022
PR0021539,001,00300,"Oxygen, dissolved [DO]",5.6,C1,MIN,Concentration1,mg/L,5.6,mg/L,5,mg/L,,03/31/2022
PR0021539,001,00300,"Oxygen, dissolved [DO]",5.4,C1,MIN,Concentration1,mg/L,5.4,mg/L,5,mg/L,,04/30/2022
PR0021539,001,00300,"Oxygen, dissolved [DO]",5.5,C1,MIN,Concentration1,mg/L,5.5,mg/L,5,mg/L,,05/31/2022
PR0021539,001,00300,"Oxygen, dissolved [DO]",5.4,C1,MIN,Concentration1,mg/L,5.4,mg/L,5,mg/L,,06/30/2022
PR0021539,001,00300,"Oxygen, dissolved [DO]",5.9,C1,MIN,Concentration1,mg/L,5.9,mg/L,5,mg/L,,07/31/2022
PR0021539,001,00300,"Oxygen, dissolved [DO]",5.9,C1,MIN,Concentration1,mg/L,5.9,mg/L,5,mg/L,,08/31/2022
PR0021539,001,00300,"Oxygen, dissolved [DO]",5.9,C1,MIN,Concentration1,mg/L,5.9,mg/L,5,mg/L,,09/30/2022
PR0021539,001,00300,"Oxygen, dissolved [DO]",5.9,C1,MIN,Concentration1,mg/L,5.9,mg/L,5,mg/L,,10/31/2022
PR0021539,001,00300,"Oxygen, dissolved [DO]",5.9,C1,MIN,Concentration1,mg/L,5.9,mg/L,5,mg/L,,11/30/2022
PR0021539,001,00300,"Oxygen, dissolved [DO]",4.7,C1,MIN,Concentration1,mg/L,4.7,mg/L,5,mg/L,,12/31/2022
PR0021539,001,00300,"Oxygen, dissolved [DO]",5.2,C1,MIN,Concentration1,mg/L,5.2,mg/L,5,mg/L,,01/31/2023
PR0021539,001,00300,"Oxygen, dissolved [DO]",5,C1,MIN,Concentration1,mg/L,5,mg/L,5,mg/L,,02/28/2023
PR0021539,001,00300,"Oxygen, dissolved [DO]",5,C1,MIN,Concentration1,mg/L,5,mg/L,5,mg/L,,03/31/2023
PR0021539,001,00300,"Oxygen, dissolved [DO]",4.1,C1,MIN,Concentration1,mg/L,4.1,mg/L,5,mg/L,,04/30/2023
PR0021539,001,00300,"Oxygen, dissolved [DO]",5.4,C1,MIN,Concentration1,mg/L,5.4,mg/L,5,mg/L,,05/31/2023
PR0021539,001,00300,"Oxygen, dissolved [DO]",6.1,C1,MIN,Concentration1,mg/L,6.1,mg/L,5,mg/L,,06/30/2023
PR0021539,001,00300,"Oxygen, dissolved [DO]",6.1,C1,MIN,Concentration1,mg/L,6.1,mg/L,5,mg/L,,07/31/2023
PR0021539,001,00300,"Oxygen, dissolved [DO]",5.8,C1,MIN,Concentration1,mg/L,5.8,mg/L,5,mg/L,,08/31/2023
PR0021539,001,00300,"Oxygen, dissolved [DO]",4.1,C1,MIN,Concentration1,mg/L,4.1,mg/L,5,mg/L,,09/30/2023
PR0021539,001,00300,"Oxygen, dissolved [DO]",3.4,C1,MIN,Concentration1,mg/L,3.4,mg/L,5,mg/L,,10/31/2023
PR0021539,001,00300,"Oxygen, dissolved [DO]",3.4,C1,MIN,Concentration1,mg/L,3.4,mg/L,5,mg/L,,11/30/2023
PR0021539,001,00300,"Oxygen, dissolved [DO]",3.4,C1,MIN,Concentration1,mg/L,3.4,mg/L,5,mg/L,,12/31/2023
PR0021539,001,00300,"Oxygen, dissolved [DO]",3.4,C1,MIN,Concentration1,mg/L,3.4,mg/L,5,mg/L,,01/31/2024
PR0021539,001,00300,"Oxygen, dissolved [DO]",3.4,C1,MIN,Concentration1,mg/L,3.4,mg/L,5,mg/L,,02/29/2024
PR0021539,001,00300,"Oxygen, dissolved [DO]",3.4,C1,MIN,Concentration1,mg/L,3.4,mg/L,5,mg/L,,03/31/2024
PR0021539,001,00300,"Oxygen, dissolved [DO]",3.4,C1,MIN,Concentration1,mg/L,3.4,mg/L,5,mg/L,,04/30/2024
PR0021539,001,00300,"Oxygen, dissolved [DO]",5.98,C1,MIN,Concentration1,mg/L,5.98,mg/L,5,mg/L,,05/31/2024
PR0021539,001,00300,"Oxygen, dissolved [DO]",6.63,C1,MIN,Concentration1,mg/L,6.63,mg/L,5,mg/L,,06/30/2024
PR0021539,001,00300,"Oxygen, dissolved [DO]",6.03,C1,MIN,Concentration1,mg/L,6.03,mg/L,5,mg/L,,07/31/2024
PR0021539,001,00300,"Oxygen, dissolved [DO]",5.25,C1,MIN,Concentration1,mg/L,5.25,mg/L,5,mg/L,,08/31/2024
PR0021539,001,00300,"Oxygen, dissolved [DO]",6.22,C1,MIN,Concentration1,mg/L,6.22,mg/L,5,mg/L,,09/30/2024
PR0021539,001,00300,"Oxygen, dissolved [DO]",6.7,C1,MIN,Concentration1,mg/L,6.7,mg/L,5,mg/L,,10/31/2024
PR0021539,001,00300,"Oxygen, dissolved [DO]",6.41,C1,MIN,Concentration1,mg/L,6.41,mg/L,5,mg/L,,11/30/2024
PR0021539,001,00300,"Oxygen, dissolved [DO]",8.18,C1,MIN,Concentration1,mg/L,8.18,mg/L,5,mg/L,,12/31/2024
PR0021539,001,00300,"Oxygen, dissolved [DO]",8.25,C1,MIN,Concentration1,mg/L,8.25,mg/L,5,mg/L,,01/31/2025
PR0021539,001,00300,"Oxygen, dissolved [DO]",7.86,C1,MIN,Concentration1,mg/L,7.86,mg/L,5,mg/L,,02/28/2025
PR0021539,001,00300,"Oxygen, dissolved [DO]",8.6,C1,MIN,Concentration1,mg/L,8.6,mg/L,5,mg/L,,03/31/2025
PR0021539,001,00300,"Oxygen, dissolved [DO]",6.4,C1,MIN,Concentration1,mg/L,6.4,mg/L,5,mg/L,,04/30/2025
PR0021539,001,00300,"Oxygen, dissolved [DO]",7.05,C1,MIN,Concentration1,mg/L,7.05,mg/L,5,mg/L,,05/31/2025
PR0021539,001,00300,"Oxygen, dissolved [DO]",5.87,C1,MIN,Concentration1,mg/L,5.87,mg/L,5,mg/L,,06/30/2025
PR0021539,001,00300,"Oxygen, dissolved [DO]",6.27,C1,MIN,Concentration1,mg/L,6.27,mg/L,5,mg/L,,07/31/2025
PR0021539,001,00300,"Oxygen, dissolved [DO]",6.74,C1,MIN,Concentration1,mg/L,6.74,mg/L,5,mg/L,,08/31/2025
PR0021539,001,00300,"Oxygen, dissolved [DO]",4.6,C1,MIN,Concentration1,mg/L,4.6,mg/L,5,mg/L,,09/30/2025
PR0021539,001,00300,"Oxygen, dissolved [DO]",6.6,C1,MIN,Concentration1,mg/L,6.6,mg/L,5,mg/L,,10/31/2025
PR0021539,001,00300,"Oxygen, dissolved [DO]",5.5,C1,MIN,Concentration1,mg/L,5.5,mg/L,5,mg/L,,11/30/2025
PR0021539,001,00300,"Oxygen, dissolved [DO]",NA,C1,MIN,Concentration1,,,mg/L,5,mg/L,,12/31/2025
PR0021539,001,00310,"BOD, 5-day, 20 deg. C",5,C2,AVG,Concentration2,mg/L,5,mg/L,30,mg/L,,01/31/2020
PR0021539,001,00310,"BOD, 5-day, 20 deg. C",5,C3,MAX,Concentration3,mg/L,5,mg/L,45,mg/L,,01/31/2020
PR0021539,001,00310,"BOD, 5-day, 20 deg. C",5,C3,MAX,Concentration3,mg/L,5,mg/L,45,mg/L,,02/29/2020
PR0021539,001,00310,"BOD, 5-day, 20 deg. C",5,C2,AVG,Concentration2,mg/L,5,mg/L,30,mg/L,,02/29/2020
PR0021539,001,00310,"BOD, 5-day, 20 deg. C",5.66,C2,AVG,Concentration2,mg/L,5.66,mg/L,30,mg/L,,03/31/2020
PR0021539,001,00310,"BOD, 5-day, 20 deg. C",5.66,C3,MAX,Concentration3,mg/L,5.66,mg/L,45,mg/L,,03/31/2020
PR0021539,001,00310,"BOD, 5-day, 20 deg. C",5.37,C3,MAX,Concentration3,mg/L,5.37,mg/L,45,mg/L,,04/30/2020
PR0021539,001,00310,"BOD, 5-day, 20 deg. C",5.37,C2,AVG,Concentration2,mg/L,5.37,mg/L,30,mg/L,,04/30/2020
PR0021539,001,00310,"BOD, 5-day, 20 deg. C",5,C2,AVG,Concentration2,mg/L,5,mg/L,30,mg/L,,05/31/2020
PR0021539,001,00310,"BOD, 5-day, 20 deg. C",5,C3,MAX,Concentration3,mg/L,5,mg/L,45,mg/L,,05/31/2020
PR0021539,001,00310,"BOD, 5-day, 20 deg. C",5,C3,MAX,Concentration3,mg/L,5,mg/L,45,mg/L,,06/30/2020
PR0021539,001,00310,"BOD, 5-day, 20 deg. C",5,C2,AVG,Concentration2,mg/L,5,mg/L,30,mg/L,,06/30/2020
PR0021539,001,00310,"BOD, 5-day, 20 deg. C",5,C2,AVG,Concentration2,mg/L,5,mg/L,30,mg/L,,07/31/2020
PR0021539,001,00310,"BOD, 5-day, 20 deg. C",5,C3,MAX,Concentration3,mg/L,5,mg/L,45,mg/L,,07/31/2020
PR0021539,001,00310,"BOD, 5-day, 20 deg. C",5,C3,MAX,Concentration3,mg/L,5,mg/L,45,mg/L,,08/31/2020
PR0021539,001,00310,"BOD, 5-day, 20 deg. C",5,C2,AVG,Concentration2,mg/L,5,mg/L,30,mg/L,,08/31/2020
PR0021539,001,00310,"BOD, 5-day, 20 deg. C",5,C2,AVG,Concentration2,mg/L,5,mg/L,30,mg/L,,09/30/2020
PR0021539,001,00310,"BOD, 5-day, 20 deg. C",5,C3,AVG,Concentration3,mg/L,5,mg/L,45,mg/L,,09/30/2020
PR0021539,001,00310,"BOD, 5-day, 20 deg. C",5,C3,AVG,Concentration3,mg/L,5,mg/L,45,mg/L,,10/31/2020
PR0021539,001,00310,"BOD, 5-day, 20 deg. C",5,C2,AVG,Concentration2,mg/L,5,mg/L,30,mg/L,,10/31/2020
PR0021539,001,00310,"BOD, 5-day, 20 deg. C",5,C2,AVG,Concentration2,mg/L,5,mg/L,30,mg/L,,11/30/2020
PR0021539,001,00310,"BOD, 5-day, 20 deg. C",5,C3,AVG,Concentration3,mg/L,5,mg/L,45,mg/L,,11/30/2020
PR0021539,001,00310,"BOD, 5-day, 20 deg. C",6.06,C3,AVG,Concentration3,mg/L,6.06,mg/L,45,mg/L,,12/31/2020
PR0021539,001,00310,"BOD, 5-day, 20 deg. C",6.06,C2,AVG,Concentration2,mg/L,6.06,mg/L,30,mg/L,,12/31/2020
PR0021539,001,00310,"BOD, 5-day, 20 deg. C",8.62,C2,AVG,Concentration2,mg/L,8.62,mg/L,30,mg/L,,01/31/2021
PR0021539,001,00310,"BOD, 5-day, 20 deg. C",8.62,C3,AVG,Concentration3,mg/L,8.62,mg/L,45,mg/L,,01/31/2021
PR0021539,001,00310,"BOD, 5-day, 20 deg. C",7.06,C3,AVG,Concentration3,mg/L,7.06,mg/L,45,mg/L,,02/28/2021
PR0021539,001,00310,"BOD, 5-day, 20 deg. C",7.06,C2,AVG,Concentration2,mg/L,7.06,mg/L,30,mg/L,,02/28/2021
PR0021539,001,00310,"BOD, 5-day, 20 deg. C",7.9,C3,AVG,Concentration3,mg/L,7.9,mg/L,45,mg/L,,03/31/2021
PR0021539,001,00310,"BOD, 5-day, 20 deg. C",7.9,C2,AVG,Concentration2,mg/L,7.9,mg/L,30,mg/L,,03/31/2021
PR0021539,001,00310,"BOD, 5-day, 20 deg. C",5,C3,AVG,Concentration3,mg/L,5,mg/L,45,mg/L,,04/30/2021
PR0021539,001,00310,"BOD, 5-day, 20 deg. C",5,C2,AVG,Concentration2,mg/L,5,mg/L,30,mg/L,,04/30/2021
PR0021539,001,00310,"BOD, 5-day, 20 deg. C",5,C2,AVG,Concentration2,mg/L,5,mg/L,30,mg/L,,05/31/2021
PR0021539,001,00310,"BOD, 5-day, 20 deg. C",5,C3,AVG,Concentration3,mg/L,5,mg/L,45,mg/L,,05/31/2021
PR0021539,001,00310,"BOD, 5-day, 20 deg. C",13.8,C3,AVG,Concentration3,mg/L,13.8,mg/L,45,mg/L,,06/30/2021
PR0021539,001,00310,"BOD, 5-day, 20 deg. C",13.8,C2,AVG,Concentration2,mg/L,13.8,mg/L,30,mg/L,,06/30/2021
PR0021539,001,00310,"BOD, 5-day, 20 deg. C",5,C2,AVG,Concentration2,mg/L,5,mg/L,30,mg/L,,07/31/2021
PR0021539,001,00310,"BOD, 5-day, 20 deg. C",5,C3,AVG,Concentration3,mg/L,5,mg/L,45,mg/L,,07/31/2021
PR0021539,001,00310,"BOD, 5-day, 20 deg. C",7.19,C3,AVG,Concentration3,mg/L,7.19,mg/L,45,mg/L,,08/31/2021
PR0021539,001,00310,"BOD, 5-day, 20 deg. C",1.68,C2,AVG,Concentration2,mg/L,1.68,mg/L,30,mg/L,,08/31/2021
PR0021539,001,00310,"BOD, 5-day, 20 deg. C",5,C2,AVG,Concentration2,mg/L,5,mg/L,30,mg/L,,09/30/2021
PR0021539,001,00310,"BOD, 5-day, 20 deg. C",5,C3,AVG,Concentration3,mg/L,5,mg/L,45,mg/L,,09/30/2021
PR0021539,001,00310,"BOD, 5-day, 20 deg. C",10.36,C3,AVG,Concentration3,mg/L,10.36,mg/L,45,mg/L,,10/31/2021
PR0021539,001,00310,"BOD, 5-day, 20 deg. C",2.42,C2,AVG,Concentration2,mg/L,2.42,mg/L,30,mg/L,,10/31/2021
PR0021539,001,00310,"BOD, 5-day, 20 deg. C",1.44,C2,AVG,Concentration2,mg/L,1.44,mg/L,30,mg/L,,11/30/2021
PR0021539,001,00310,"BOD, 5-day, 20 deg. C",6.17,C3,AVG,Concentration3,mg/L,6.17,mg/L,45,mg/L,,11/30/2021
PR0021539,001,00310,"BOD, 5-day, 20 deg. C",5.03,C3,AVG,Concentration3,mg/L,5.03,mg/L,45,mg/L,,12/31/2021
PR0021539,001,00310,"BOD, 5-day, 20 deg. C",1.17,C2,AVG,Concentration2,mg/L,1.17,mg/L,30,mg/L,,12/31/2021
PR0021539,001,00310,"BOD, 5-day, 20 deg. C",0.33,C2,AVG,Concentration2,mg/L,.33,mg/L,30,mg/L,,01/31/2022
PR0021539,001,00310,"BOD, 5-day, 20 deg. C",1.43,C3,AVG,Concentration3,mg/L,1.43,mg/L,45,mg/L,,01/31/2022
PR0021539,001,00310,"BOD, 5-day, 20 deg. C",0.33,C2,AVG,Concentration2,mg/L,.33,mg/L,30,mg/L,,02/28/2022
PR0021539,001,00310,"BOD, 5-day, 20 deg. C",1.43,C3,AVG,Concentration3,mg/L,1.43,mg/L,45,mg/L,,02/28/2022
PR0021539,001,00310,"BOD, 5-day, 20 deg. C",1.97,C3,AVG,Concentration3,mg/L,1.97,mg/L,45,mg/L,,03/31/2022
PR0021539,001,00310,"BOD, 5-day, 20 deg. C",0.46,C2,AVG,Concentration2,mg/L,.46,mg/L,30,mg/L,,03/31/2022
PR0021539,001,00310,"BOD, 5-day, 20 deg. C",4.99,C2,AVG,Concentration2,mg/L,4.99,mg/L,30,mg/L,,04/30/2022
PR0021539,001,00310,"BOD, 5-day, 20 deg. C",2.5,C3,AVG,Concentration3,mg/L,2.5,mg/L,45,mg/L,,04/30/2022
PR0021539,001,00310,"BOD, 5-day, 20 deg. C",4.99,C2,AVG,Concentration2,mg/L,4.99,mg/L,30,mg/L,,05/31/2022
PR0021539,001,00310,"BOD, 5-day, 20 deg. C",2.5,C3,AVG,Concentration3,mg/L,2.5,mg/L,45,mg/L,,05/31/2022
PR0021539,001,00310,"BOD, 5-day, 20 deg. C",2.5,C3,AVG,Concentration3,mg/L,2.5,mg/L,45,mg/L,,06/30/2022
PR0021539,001,00310,"BOD, 5-day, 20 deg. C",4.99,C2,AVG,Concentration2,mg/L,4.99,mg/L,30,mg/L,,06/30/2022
PR0021539,001,00310,"BOD, 5-day, 20 deg. C",14.5,C2,AVG,Concentration2,mg/L,14.5,mg/L,30,mg/L,,07/31/2022
PR0021539,001,00310,"BOD, 5-day, 20 deg. C",7.02,C3,AVG,Concentration3,mg/L,7.02,mg/L,45,mg/L,,07/31/2022
PR0021539,001,00310,"BOD, 5-day, 20 deg. C",3.61,C3,AVG,Concentration3,mg/L,3.61,mg/L,45,mg/L,,08/31/2022
PR0021539,001,00310,"BOD, 5-day, 20 deg. C",7.22,C2,AVG,Concentration2,mg/L,7.22,mg/L,30,mg/L,,08/31/2022
PR0021539,001,00310,"BOD, 5-day, 20 deg. C",2.61,C3,AVG,Concentration3,mg/L,2.61,mg/L,45,mg/L,,09/30/2022
PR0021539,001,00310,"BOD, 5-day, 20 deg. C",5.22,C2,AVG,Concentration2,mg/L,5.22,mg/L,30,mg/L,,09/30/2022
PR0021539,001,00310,"BOD, 5-day, 20 deg. C",6.39,C2,AVG,Concentration2,mg/L,6.39,mg/L,30,mg/L,,10/31/2022
PR0021539,001,00310,"BOD, 5-day, 20 deg. C",3.19,C3,AVG,Concentration3,mg/L,3.19,mg/L,45,mg/L,,10/31/2022
PR0021539,001,00310,"BOD, 5-day, 20 deg. C",2.5,C3,AVG,Concentration3,mg/L,2.5,mg/L,45,mg/L,,11/30/2022
PR0021539,001,00310,"BOD, 5-day, 20 deg. C",5,C2,AVG,Concentration2,mg/L,5,mg/L,30,mg/L,,11/30/2022
PR0021539,001,00310,"BOD, 5-day, 20 deg. C",2.5,C3,AVG,Concentration3,mg/L,2.5,mg/L,45,mg/L,,12/31/2022
PR0021539,001,00310,"BOD, 5-day, 20 deg. C",4.99,C2,AVG,Concentration2,mg/L,4.99,mg/L,30,mg/L,,12/31/2022
PR0021539,001,00310,"BOD, 5-day, 20 deg. C",2.5,C3,AVG,Concentration3,mg/L,2.5,mg/L,45,mg/L,,01/31/2023
PR0021539,001,00310,"BOD, 5-day, 20 deg. C",4.99,C2,AVG,Concentration2,mg/L,4.99,mg/L,30,mg/L,,01/31/2023
PR0021539,001,00310,"BOD, 5-day, 20 deg. C",2.74,C3,AVG,Concentration3,mg/L,2.74,mg/L,45,mg/L,,02/28/2023
PR0021539,001,00310,"BOD, 5-day, 20 deg. C",5.48,C2,AVG,Concentration2,mg/L,5.48,mg/L,30,mg/L,,02/28/2023
PR0021539,001,00310,"BOD, 5-day, 20 deg. C",12.7,C2,AVG,Concentration2,mg/L,12.7,mg/L,30,mg/L,,03/31/2023
PR0021539,001,00310,"BOD, 5-day, 20 deg. C",6.35,C3,AVG,Concentration3,mg/L,6.35,mg/L,45,mg/L,,03/31/2023
PR0021539,001,00310,"BOD, 5-day, 20 deg. C",31.75,C3,AVG,Concentration3,mg/L,31.75,mg/L,45,mg/L,,04/30/2023
PR0021539,001,00310,"BOD, 5-day, 20 deg. C",63.5,C2,AVG,Concentration2,mg/L,63.5,mg/L,30,mg/L,,04/30/2023
PR0021539,001,00310,"BOD, 5-day, 20 deg. C",17.2,C3,AVG,Concentration3,mg/L,17.2,mg/L,45,mg/L,,05/31/2023
PR0021539,001,00310,"BOD, 5-day, 20 deg. C",34.4,C2,AVG,Concentration2,mg/L,34.4,mg/L,30,mg/L,,05/31/2023
PR0021539,001,00310,"BOD, 5-day, 20 deg. C",2.5,C3,AVG,Concentration3,mg/L,2.5,mg/L,45,mg/L,,06/30/2023
PR0021539,001,00310,"BOD, 5-day, 20 deg. C",4.99,C2,AVG,Concentration2,mg/L,4.99,mg/L,30,mg/L,,06/30/2023
PR0021539,001,00310,"BOD, 5-day, 20 deg. C",19.9,C2,AVG,Concentration2,mg/L,19.9,mg/L,30,mg/L,,07/31/2023
PR0021539,001,00310,"BOD, 5-day, 20 deg. C",9.95,C3,AVG,Concentration3,mg/L,9.95,mg/L,45,mg/L,,07/31/2023
PR0021539,001,00310,"BOD, 5-day, 20 deg. C",2.5,C3,AVG,Concentration3,mg/L,2.5,mg/L,45,mg/L,,08/31/2023
PR0021539,001,00310,"BOD, 5-day, 20 deg. C",4.99,C2,AVG,Concentration2,mg/L,4.99,mg/L,30,mg/L,,08/31/2023
PR0021539,001,00310,"BOD, 5-day, 20 deg. C",13.35,C2,AVG,Concentration2,mg/L,13.35,mg/L,30,mg/L,,09/30/2023
PR0021539,001,00310,"BOD, 5-day, 20 deg. C",6.67,C3,AVG,Concentration3,mg/L,6.67,mg/L,45,mg/L,,09/30/2023
PR0021539,001,00310,"BOD, 5-day, 20 deg. C",2.5,C3,AVG,Concentration3,mg/L,2.5,mg/L,45,mg/L,,10/31/2023
PR0021539,001,00310,"BOD, 5-day, 20 deg. C",4.99,C2,AVG,Concentration2,mg/L,4.99,mg/L,30,mg/L,,10/31/2023
PR0021539,001,00310,"BOD, 5-day, 20 deg. C",7.85,C2,AVG,Concentration2,mg/L,7.85,mg/L,30,mg/L,,11/30/2023
PR0021539,001,00310,"BOD, 5-day, 20 deg. C",3.92,C3,AVG,Concentration3,mg/L,3.92,mg/L,45,mg/L,,11/30/2023
PR0021539,001,00310,"BOD, 5-day, 20 deg. C",2.86,C3,AVG,Concentration3,mg/L,2.86,mg/L,45,mg/L,,12/31/2023
PR0021539,001,00310,"BOD, 5-day, 20 deg. C",5.71,C2,AVG,Concentration2,mg/L,5.71,mg/L,30,mg/L,,12/31/2023
PR0021539,001,00310,"BOD, 5-day, 20 deg. C",2.5,C3,AVG,Concentration3,mg/L,2.5,mg/L,45,mg/L,,01/31/2024
PR0021539,001,00310,"BOD, 5-day, 20 deg. C",4.99,C2,AVG,Concentration2,mg/L,4.99,mg/L,30,mg/L,,01/31/2024
PR0021539,001,00310,"BOD, 5-day, 20 deg. C",4.99,C2,AVG,Concentration2,mg/L,4.99,mg/L,30,mg/L,,02/29/2024
PR0021539,001,00310,"BOD, 5-day, 20 deg. C",2.5,C3,AVG,Concentration3,mg/L,2.5,mg/L,45,mg/L,,02/29/2024
PR0021539,001,00310,"BOD, 5-day, 20 deg. C",4.99,C2,AVG,Concentration2,mg/L,4.99,mg/L,30,mg/L,,03/31/2024
PR0021539,001,00310,"BOD, 5-day, 20 deg. C",2.5,C3,AVG,Concentration3,mg/L,2.5,mg/L,45,mg/L,,03/31/2024
PR0021539,001,00310,"BOD, 5-day, 20 deg. C",2.5,C3,AVG,Concentration3,mg/L,2.5,mg/L,45,mg/L,,04/30/2024
PR0021539,001,00310,"BOD, 5-day, 20 deg. C",4.99,C2,AVG,Concentration2,mg/L,4.99,mg/L,30,mg/L,,04/30/2024
PR0021539,001,00310,"BOD, 5-day, 20 deg. C",3,C3,AVG,Concentration3,mg/L,3,mg/L,45,mg/L,,05/31/2024
PR0021539,001,00310,"BOD, 5-day, 20 deg. C",3,C2,AVG,Concentration2,mg/L,3,mg/L,30,mg/L,,05/31/2024
PR0021539,001,00310,"BOD, 5-day, 20 deg. C",3,C2,AVG,Concentration2,mg/L,3,mg/L,30,mg/L,,06/30/2024
PR0021539,001,00310,"BOD, 5-day, 20 deg. C",3,C3,AVG,Concentration3,mg/L,3,mg/L,45,mg/L,,06/30/2024
PR0021539,001,00310,"BOD, 5-day, 20 deg. C",34,C2,AVG,Concentration2,mg/L,34,mg/L,30,mg/L,,07/31/2024
PR0021539,001,00310,"BOD, 5-day, 20 deg. C",34,C2,AVG,Concentration2,mg/L,34,mg/L,30,mg/L,,07/31/2024
PR0021539,001,00310,"BOD, 5-day, 20 deg. C",34,C3,AVG,Concentration3,mg/L,34,mg/L,45,mg/L,,07/31/2024
PR0021539,001,00310,"BOD, 5-day, 20 deg. C",5,C2,AVG,Concentration2,mg/L,5,mg/L,30,mg/L,,08/31/2024
PR0021539,001,00310,"BOD, 5-day, 20 deg. C",5,C3,AVG,Concentration3,mg/L,5,mg/L,45,mg/L,,08/31/2024
PR0021539,001,00310,"BOD, 5-day, 20 deg. C",0,C2,AVG,Concentration2,mg/L,0,mg/L,30,mg/L,,09/30/2024
PR0021539,001,00310,"BOD, 5-day, 20 deg. C",0,C3,AVG,Concentration3,mg/L,0,mg/L,45,mg/L,,09/30/2024
PR0021539,001,00310,"BOD, 5-day, 20 deg. C",5,C3,AVG,Concentration3,mg/L,5,mg/L,45,mg/L,,10/31/2024
PR0021539,001,00310,"BOD, 5-day, 20 deg. C",5,C2,AVG,Concentration2,mg/L,5,mg/L,30,mg/L,,10/31/2024
PR0021539,001,00310,"BOD, 5-day, 20 deg. C",3.92,C3,AVG,Concentration3,mg/L,3.92,mg/L,45,mg/L,,11/30/2024
PR0021539,001,00310,"BOD, 5-day, 20 deg. C",3.92,C2,AVG,Concentration2,mg/L,3.92,mg/L,30,mg/L,,11/30/2024
PR0021539,001,00310,"BOD, 5-day, 20 deg. C",4.08,C2,AVG,Concentration2,mg/L,4.08,mg/L,30,mg/L,,12/31/2024
PR0021539,001,00310,"BOD, 5-day, 20 deg. C",4.08,C3,AVG,Concentration3,mg/L,4.08,mg/L,45,mg/L,,12/31/2024
PR0021539,001,00310,"BOD, 5-day, 20 deg. C",6.37,C2,AVG,Concentration2,mg/L,6.37,mg/L,30,mg/L,,01/31/2025
PR0021539,001,00310,"BOD, 5-day, 20 deg. C",6.37,C3,AVG,Concentration3,mg/L,6.37,mg/L,45,mg/L,,01/31/2025
PR0021539,001,00310,"BOD, 5-day, 20 deg. C",0,C3,AVG,Concentration3,mg/L,0,mg/L,45,mg/L,,02/28/2025
PR0021539,001,00310,"BOD, 5-day, 20 deg. C",0,C2,AVG,Concentration2,mg/L,0,mg/L,30,mg/L,,02/28/2025
PR0021539,001,00310,"BOD, 5-day, 20 deg. C",10,C2,AVG,Concentration2,mg/L,10,mg/L,30,mg/L,,03/31/2025
PR0021539,001,00310,"BOD, 5-day, 20 deg. C",10,C3,AVG,Concentration3,mg/L,10,mg/L,45,mg/L,,03/31/2025
PR0021539,001,00310,"BOD, 5-day, 20 deg. C",10.9,C3,AVG,Concentration3,mg/L,10.9,mg/L,45,mg/L,,04/30/2025
PR0021539,001,00310,"BOD, 5-day, 20 deg. C",10.9,C2,AVG,Concentration2,mg/L,10.9,mg/L,30,mg/L,,04/30/2025
PR0021539,001,00310,"BOD, 5-day, 20 deg. C",6.35,C2,AVG,Concentration2,mg/L,6.35,mg/L,30,mg/L,,05/31/2025
PR0021539,001,00310,"BOD, 5-day, 20 deg. C",6.35,C3,AVG,Concentration3,mg/L,6.35,mg/L,45,mg/L,,05/31/2025
PR0021539,001,00310,"BOD, 5-day, 20 deg. C",97.67,C3,AVG,Concentration3,mg/L,97.67,mg/L,45,mg/L,,06/30/2025
PR0021539,001,00310,"BOD, 5-day, 20 deg. C",97.67,C2,AVG,Concentration2,mg/L,97.67,mg/L,30,mg/L,,06/30/2025
PR0021539,001,00310,"BOD, 5-day, 20 deg. C",19.07,C2,AVG,Concentration2,mg/L,19.07,mg/L,30,mg/L,,07/31/2025
PR0021539,001,00310,"BOD, 5-day, 20 deg. C",19.07,C3,AVG,Concentration3,mg/L,19.07,mg/L,45,mg/L,,07/31/2025
PR0021539,001,00310,"BOD, 5-day, 20 deg. C",5,C2,AVG,Concentration2,mg/L,5,mg/L,30,mg/L,,08/31/2025
PR0021539,001,00310,"BOD, 5-day, 20 deg. C",5,C3,AVG,Concentration3,mg/L,5,mg/L,45,mg/L,,08/31/2025
PR0021539,001,00310,"BOD, 5-day, 20 deg. C",5,C2,AVG,Concentration2,mg/L,5,mg/L,30,mg/L,,09/30/2025
PR0021539,001,00310,"BOD, 5-day, 20 deg. C",5,C3,AVG,Concentration3,mg/L,5,mg/L,45,mg/L,,09/30/2025
PR0021539,001,00310,"BOD, 5-day, 20 deg. C",5.44,C3,AVG,Concentration3,mg/L,5.44,mg/L,45,mg/L,,10/31/2025
PR0021539,001,00310,"BOD, 5-day, 20 deg. C",5.44,C2,AVG,Concentration2,mg/L,5.44,mg/L,30,mg/L,,10/31/2025
PR0021539,001,00310,"BOD, 5-day, 20 deg. C",5.1,C2,AVG,Concentration2,mg/L,5.1,mg/L,30,mg/L,,11/30/2025
PR0021539,001,00310,"BOD, 5-day, 20 deg. C",5.1,C3,AVG,Concentration3,mg/L,5.1,mg/L,45,mg/L,,11/30/2025
PR0021539,001,00310,"BOD, 5-day, 20 deg. C",NA,C3,AVG,Concentration3,,,mg/L,45,mg/L,,12/31/2025
PR0021539,001,00310,"BOD, 5-day, 20 deg. C",NA,C2,AVG,Concentration2,,,mg/L,30,mg/L,,12/31/2025
PR0021539,001,00400,pH,8,C3,MAX,Concentration3,SU,8,SU,8.5,SU,,01/31/2020
PR0021539,001,00400,pH,7.3,C1,MIN,Concentration1,SU,7.3,SU,7.3,SU,,01/31/2020
PR0021539,001,00400,pH,6.4,C1,MIN,Concentration1,SU,6.4,SU,7.3,SU,,02/29/2020
PR0021539,001,00400,pH,8,C3,MAX,Concentration3,SU,8,SU,8.5,SU,,02/29/2020
PR0021539,001,00400,pH,7.5,C3,MAX,Concentration3,SU,7.5,SU,8.5,SU,,03/31/2020
PR0021539,001,00400,pH,7.4,C1,MIN,Concentration1,SU,7.4,SU,7.3,SU,,03/31/2020
PR0021539,001,00400,pH,7.2,C1,MIN,Concentration1,SU,7.2,SU,7.3,SU,,04/30/2020
PR0021539,001,00400,pH,8.3,C3,MAX,Concentration3,SU,8.3,SU,8.5,SU,,04/30/2020
PR0021539,001,00400,pH,7.2,C1,MIN,Concentration1,SU,7.2,SU,7.3,SU,,05/31/2020
PR0021539,001,00400,pH,8.1,C3,MAX,Concentration3,SU,8.1,SU,8.5,SU,,05/31/2020
PR0021539,001,00400,pH,7.1,C1,MIN,Concentration1,SU,7.1,SU,7.3,SU,,06/30/2020
PR0021539,001,00400,pH,7.8,C3,MAX,Concentration3,SU,7.8,SU,8.5,SU,,06/30/2020
PR0021539,001,00400,pH,7.5,C3,MAX,Concentration3,SU,7.5,SU,8.5,SU,,07/31/2020
PR0021539,001,00400,pH,7.2,C1,MIN,Concentration1,SU,7.2,SU,7.3,SU,,07/31/2020
PR0021539,001,00400,pH,7.3,C1,MIN,Concentration1,SU,7.3,SU,7.3,SU,,08/31/2020
PR0021539,001,00400,pH,8.3,C3,MAX,Concentration3,SU,8.3,SU,8.5,SU,,08/31/2020
PR0021539,001,00400,pH,7.8,C1,MIN,Concentration1,SU,7.8,SU,7.3,SU,,09/30/2020
PR0021539,001,00400,pH,8.4,C3,MAX,Concentration3,SU,8.4,SU,8.5,SU,,09/30/2020
PR0021539,001,00400,pH,8.5,C3,MAX,Concentration3,SU,8.5,SU,8.5,SU,,10/31/2020
PR0021539,001,00400,pH,7.5,C1,MIN,Concentration1,SU,7.5,SU,7.3,SU,,10/31/2020
PR0021539,001,00400,pH,7.9,C1,MIN,Concentration1,SU,7.9,SU,7.3,SU,,11/30/2020
PR0021539,001,00400,pH,8.3,C3,MAX,Concentration3,SU,8.3,SU,8.5,SU,,11/30/2020
PR0021539,001,00400,pH,8.3,C3,MAX,Concentration3,SU,8.3,SU,8.5,SU,,12/31/2020
PR0021539,001,00400,pH,7.8,C1,MIN,Concentration1,SU,7.8,SU,7.3,SU,,12/31/2020
PR0021539,001,00400,pH,7.1,C1,MIN,Concentration1,SU,7.1,SU,7.3,SU,,01/31/2021
PR0021539,001,00400,pH,7.1,C1,MIN,Concentration1,SU,7.1,SU,7.3,SU,,01/31/2021
PR0021539,001,00400,pH,8.4,C3,MAX,Concentration3,SU,8.4,SU,8.5,SU,,01/31/2021
PR0021539,001,00400,pH,8.4,C3,MAX,Concentration3,SU,8.4,SU,8.5,SU,,02/28/2021
PR0021539,001,00400,pH,7.1,C1,MIN,Concentration1,SU,7.1,SU,7.3,SU,,02/28/2021
PR0021539,001,00400,pH,7.1,C1,MIN,Concentration1,SU,7.1,SU,7.3,SU,,02/28/2021
PR0021539,001,00400,pH,7.2,C1,MIN,Concentration1,SU,7.2,SU,7.3,SU,,03/31/2021
PR0021539,001,00400,pH,8,C3,MAX,Concentration3,SU,8,SU,8.5,SU,,03/31/2021
PR0021539,001,00400,pH,7.2,C1,MIN,Concentration1,SU,7.2,SU,7.3,SU,,03/31/2021
PR0021539,001,00400,pH,7.8,C3,MAX,Concentration3,SU,7.8,SU,8.5,SU,,04/30/2021
PR0021539,001,00400,pH,7.3,C1,MIN,Concentration1,SU,7.3,SU,7.3,SU,,04/30/2021
PR0021539,001,00400,pH,7.3,C1,MIN,Concentration1,SU,7.3,SU,7.3,SU,,05/31/2021
PR0021539,001,00400,pH,7.5,C3,MAX,Concentration3,SU,7.5,SU,8.5,SU,,05/31/2021
PR0021539,001,00400,pH,7.5,C3,MAX,Concentration3,SU,7.5,SU,8.5,SU,,06/30/2021
PR0021539,001,00400,pH,7.3,C1,MIN,Concentration1,SU,7.3,SU,7.3,SU,,06/30/2021
PR0021539,001,00400,pH,6.8,C1,MIN,Concentration1,SU,6.8,SU,7.3,SU,,07/31/2021
PR0021539,001,00400,pH,8.4,C3,MAX,Concentration3,SU,8.4,SU,8.5,SU,,07/31/2021
PR0021539,001,00400,pH,7.9,C3,MAX,Concentration3,SU,7.9,SU,8.5,SU,,08/31/2021
PR0021539,001,00400,pH,7.3,C1,MIN,Concentration1,SU,7.3,SU,7.3,SU,,08/31/2021
PR0021539,001,00400,pH,7.3,C1,MIN,Concentration1,SU,7.3,SU,7.3,SU,,09/30/2021
PR0021539,001,00400,pH,8.3,C3,MAX,Concentration3,SU,8.3,SU,8.5,SU,,09/30/2021
PR0021539,001,00400,pH,8.1,C3,MAX,Concentration3,SU,8.1,SU,8.5,SU,,10/31/2021
PR0021539,001,00400,pH,7.4,C1,MIN,Concentration1,SU,7.4,SU,7.3,SU,,10/31/2021
PR0021539,001,00400,pH,7.3,C1,MIN,Concentration1,SU,7.3,SU,7.3,SU,,11/30/2021
PR0021539,001,00400,pH,7.8,C3,MAX,Concentration3,SU,7.8,SU,8.5,SU,,11/30/2021
PR0021539,001,00400,pH,7.7,C3,MAX,Concentration3,SU,7.7,SU,8.5,SU,,12/31/2021
PR0021539,001,00400,pH,7.3,C1,MIN,Concentration1,SU,7.3,SU,7.3,SU,,12/31/2021
PR0021539,001,00400,pH,7.5,C3,MAX,Concentration3,SU,7.5,SU,8.5,SU,,01/31/2022
PR0021539,001,00400,pH,7,C1,MIN,Concentration1,SU,7,SU,7.3,SU,,01/31/2022
PR0021539,001,00400,pH,7.6,C3,MAX,Concentration3,SU,7.6,SU,8.5,SU,,02/28/2022
PR0021539,001,00400,pH,7.3,C1,MIN,Concentration1,SU,7.3,SU,7.3,SU,,02/28/2022
PR0021539,001,00400,pH,7.5,C3,MAX,Concentration3,SU,7.5,SU,8.5,SU,,03/31/2022
PR0021539,001,00400,pH,7.3,C1,MIN,Concentration1,SU,7.3,SU,7.3,SU,,03/31/2022
PR0021539,001,00400,pH,7.3,C1,MIN,Concentration1,SU,7.3,SU,7.3,SU,,04/30/2022
PR0021539,001,00400,pH,7.6,C3,MAX,Concentration3,SU,7.6,SU,8.5,SU,,04/30/2022
PR0021539,001,00400,pH,7.3,C1,MIN,Concentration1,SU,7.3,SU,7.3,SU,,05/31/2022
PR0021539,001,00400,pH,7.6,C3,MAX,Concentration3,SU,7.6,SU,8.5,SU,,05/31/2022
PR0021539,001,00400,pH,7.3,C1,MIN,Concentration1,SU,7.3,SU,7.3,SU,,06/30/2022
PR0021539,001,00400,pH,7.6,C3,MAX,Concentration3,SU,7.6,SU,8.5,SU,,06/30/2022
PR0021539,001,00400,pH,7.6,C3,MAX,Concentration3,SU,7.6,SU,8.5,SU,,07/31/2022
PR0021539,001,00400,pH,7,C1,MIN,Concentration1,SU,7,SU,7.3,SU,,07/31/2022
PR0021539,001,00400,pH,7.6,C3,MAX,Concentration3,SU,7.6,SU,8.5,SU,,08/31/2022
PR0021539,001,00400,pH,7.5,C1,MIN,Concentration1,SU,7.5,SU,7.3,SU,,08/31/2022
PR0021539,001,00400,pH,7.6,C3,MAX,Concentration3,SU,7.6,SU,8.5,SU,,09/30/2022
PR0021539,001,00400,pH,7.5,C1,MIN,Concentration1,SU,7.5,SU,7.3,SU,,09/30/2022
PR0021539,001,00400,pH,7.6,C3,MAX,Concentration3,SU,7.6,SU,8.5,SU,,10/31/2022
PR0021539,001,00400,pH,7.4,C1,MIN,Concentration1,SU,7.4,SU,7.3,SU,,10/31/2022
PR0021539,001,00400,pH,7.5,C1,MIN,Concentration1,SU,7.5,SU,7.3,SU,,11/30/2022
PR0021539,001,00400,pH,7.6,C3,MAX,Concentration3,SU,7.6,SU,8.5,SU,,11/30/2022
PR0021539,001,00400,pH,7.6,C3,MAX,Concentration3,SU,7.6,SU,8.5,SU,,12/31/2022
PR0021539,001,00400,pH,7.1,C1,MIN,Concentration1,SU,7.1,SU,7.3,SU,,12/31/2022
PR0021539,001,00400,pH,7,C1,MIN,Concentration1,SU,7,SU,7.3,SU,,01/31/2023
PR0021539,001,00400,pH,7.6,C3,MAX,Concentration3,SU,7.6,SU,8.5,SU,,01/31/2023
PR0021539,001,00400,pH,7.9,C3,MAX,Concentration3,SU,7.9,SU,8.5,SU,,02/28/2023
PR0021539,001,00400,pH,7.2,C1,MIN,Concentration1,SU,7.2,SU,7.3,SU,,02/28/2023
PR0021539,001,00400,pH,7.3,C1,MIN,Concentration1,SU,7.3,SU,7.3,SU,,03/31/2023
PR0021539,001,00400,pH,8,C3,MAX,Concentration3,SU,8,SU,8.5,SU,,03/31/2023
PR0021539,001,00400,pH,7.48,C3,MAX,Concentration3,SU,7.48,SU,8.5,SU,,04/30/2023
PR0021539,001,00400,pH,7.33,C1,MIN,Concentration1,SU,7.33,SU,7.3,SU,,04/30/2023
PR0021539,001,00400,pH,7.47,C3,MAX,Concentration3,SU,7.47,SU,8.5,SU,,05/31/2023
PR0021539,001,00400,pH,7.32,C1,MIN,Concentration1,SU,7.32,SU,7.3,SU,,05/31/2023
PR0021539,001,00400,pH,7.62,C3,MAX,Concentration3,SU,7.62,SU,8.5,SU,,06/30/2023
PR0021539,001,00400,pH,7.32,C1,MIN,Concentration1,SU,7.32,SU,7.3,SU,,06/30/2023
PR0021539,001,00400,pH,7.31,C1,MIN,Concentration1,SU,7.31,SU,7.3,SU,,07/31/2023
PR0021539,001,00400,pH,7.5,C3,MAX,Concentration3,SU,7.5,SU,8.5,SU,,07/31/2023
PR0021539,001,00400,pH,7.5,C3,MAX,Concentration3,SU,7.5,SU,8.5,SU,,08/31/2023
PR0021539,001,00400,pH,7.3,C1,MIN,Concentration1,SU,7.3,SU,7.3,SU,,08/31/2023
PR0021539,001,00400,pH,7.3,C1,MIN,Concentration1,SU,7.3,SU,7.3,SU,,09/30/2023
PR0021539,001,00400,pH,7.7,C3,MAX,Concentration3,SU,7.7,SU,8.5,SU,,09/30/2023
PR0021539,001,00400,pH,7.94,C3,MAX,Concentration3,SU,7.94,SU,8.5,SU,,10/31/2023
PR0021539,001,00400,pH,7.33,C1,MIN,Concentration1,SU,7.33,SU,7.3,SU,,10/31/2023
PR0021539,001,00400,pH,7.41,C1,MIN,Concentration1,SU,7.41,SU,7.3,SU,,11/30/2023
PR0021539,001,00400,pH,7.96,C3,MAX,Concentration3,SU,7.96,SU,8.5,SU,,11/30/2023
PR0021539,001,00400,pH,9.12,C3,MAX,Concentration3,SU,9.12,SU,8.5,SU,,12/31/2023
PR0021539,001,00400,pH,7.4,C1,MIN,Concentration1,SU,7.4,SU,7.3,SU,,12/31/2023
PR0021539,001,00400,pH,7.3,C1,MIN,Concentration1,SU,7.3,SU,7.3,SU,,01/31/2024
PR0021539,001,00400,pH,8.5,C3,MAX,Concentration3,SU,8.5,SU,8.5,SU,,01/31/2024
PR0021539,001,00400,pH,7.42,C1,MIN,Concentration1,SU,7.42,SU,7.3,SU,,02/29/2024
PR0021539,001,00400,pH,8.73,C3,MAX,Concentration3,SU,8.73,SU,8.5,SU,,02/29/2024
PR0021539,001,00400,pH,7.02,C1,MIN,Concentration1,SU,7.02,SU,7.3,SU,,03/31/2024
PR0021539,001,00400,pH,8.32,C3,MAX,Concentration3,SU,8.32,SU,8.5,SU,,03/31/2024
PR0021539,001,00400,pH,8.29,C3,MAX,Concentration3,SU,8.29,SU,8.5,SU,,04/30/2024
PR0021539,001,00400,pH,7.24,C1,MIN,Concentration1,SU,7.24,SU,7.3,SU,,04/30/2024
PR0021539,001,00400,pH,7.3,C3,MAX,Concentration3,SU,7.3,SU,8.5,SU,,05/31/2024
PR0021539,001,00400,pH,7.3,C1,MIN,Concentration1,SU,7.3,SU,7.3,SU,,05/31/2024
PR0021539,001,00400,pH,8.01,C3,MAX,Concentration3,SU,8.01,SU,8.5,SU,,06/30/2024
PR0021539,001,00400,pH,8.01,C1,MIN,Concentration1,SU,8.01,SU,7.3,SU,,06/30/2024
PR0021539,001,00400,pH,7.74,C1,MIN,Concentration1,SU,7.74,SU,7.3,SU,,07/31/2024
PR0021539,001,00400,pH,7.74,C3,MAX,Concentration3,SU,7.74,SU,8.5,SU,,07/31/2024
PR0021539,001,00400,pH,7.82,C3,MAX,Concentration3,SU,7.82,SU,8.5,SU,,08/31/2024
PR0021539,001,00400,pH,7.82,C1,MIN,Concentration1,SU,7.82,SU,7.3,SU,,08/31/2024
PR0021539,001,00400,pH,8.35,C1,MIN,Concentration1,SU,8.35,SU,7.3,SU,,09/30/2024
PR0021539,001,00400,pH,8.35,C3,MAX,Concentration3,SU,8.35,SU,8.5,SU,,09/30/2024
PR0021539,001,00400,pH,8.16,C1,MIN,Concentration1,SU,8.16,SU,7.3,SU,,10/31/2024
PR0021539,001,00400,pH,8.16,C3,MAX,Concentration3,SU,8.16,SU,8.5,SU,,10/31/2024
PR0021539,001,00400,pH,8.11,C1,MIN,Concentration1,SU,8.11,SU,7.3,SU,,11/30/2024
PR0021539,001,00400,pH,8.11,C3,MAX,Concentration3,SU,8.11,SU,8.5,SU,,11/30/2024
PR0021539,001,00400,pH,7.47,C1,MIN,Concentration1,SU,7.47,SU,7.3,SU,,12/31/2024
PR0021539,001,00400,pH,7.47,C3,MAX,Concentration3,SU,7.47,SU,8.5,SU,,12/31/2024
PR0021539,001,00400,pH,7.2,C1,MIN,Concentration1,SU,7.2,SU,7.3,SU,,01/31/2025
PR0021539,001,00400,pH,7.2,C3,MAX,Concentration3,SU,7.2,SU,8.5,SU,,01/31/2025
PR0021539,001,00400,pH,7.2,C1,MIN,Concentration1,SU,7.2,SU,7.3,SU,,01/31/2025
PR0021539,001,00400,pH,8.46,C1,MIN,Concentration1,SU,8.46,SU,7.3,SU,,02/28/2025
PR0021539,001,00400,pH,8.46,C3,MAX,Concentration3,SU,8.46,SU,8.5,SU,,02/28/2025
PR0021539,001,00400,pH,8.2,C1,MIN,Concentration1,SU,8.2,SU,7.3,SU,,03/31/2025
PR0021539,001,00400,pH,8.2,C3,MAX,Concentration3,SU,8.2,SU,8.5,SU,,03/31/2025
PR0021539,001,00400,pH,7.53,C3,MAX,Concentration3,SU,7.53,SU,8.5,SU,,04/30/2025
PR0021539,001,00400,pH,7.53,C1,MIN,Concentration1,SU,7.53,SU,7.3,SU,,04/30/2025
PR0021539,001,00400,pH,8.2,C3,MAX,Concentration3,SU,8.2,SU,8.5,SU,,05/31/2025
PR0021539,001,00400,pH,8.2,C1,MIN,Concentration1,SU,8.2,SU,7.3,SU,,05/31/2025
PR0021539,001,00400,pH,7.7,C1,MIN,Concentration1,SU,7.7,SU,7.3,SU,,06/30/2025
PR0021539,001,00400,pH,7.7,C3,MAX,Concentration3,SU,7.7,SU,8.5,SU,,06/30/2025
PR0021539,001,00400,pH,7,C1,MIN,Concentration1,SU,7,SU,7.3,SU,,07/31/2025
PR0021539,001,00400,pH,8,C3,MAX,Concentration3,SU,8,SU,8.5,SU,,07/31/2025
PR0021539,001,00400,pH,6.7,C1,MIN,Concentration1,SU,6.7,SU,7.3,SU,,08/31/2025
PR0021539,001,00400,pH,7.3,C3,MAX,Concentration3,SU,7.3,SU,8.5,SU,,08/31/2025
PR0021539,001,00400,pH,7,C3,MAX,Concentration3,SU,7,SU,8.5,SU,,09/30/2025
PR0021539,001,00400,pH,6.1,C1,MIN,Concentration1,SU,6.1,SU,7.3,SU,,09/30/2025
PR0021539,001,00400,pH,6.4,C1,MIN,Concentration1,SU,6.4,SU,7.3,SU,,10/31/2025
PR0021539,001,00400,pH,7.1,C3,MAX,Concentration3,SU,7.1,SU,8.5,SU,,10/31/2025
PR0021539,001,00400,pH,7.5,C3,MAX,Concentration3,SU,7.5,SU,8.5,SU,,11/30/2025
PR0021539,001,00400,pH,6.8,C1,MIN,Concentration1,SU,6.8,SU,7.3,SU,,11/30/2025
PR0021539,001,00400,pH,NA,C3,MAX,Concentration3,,,SU,8.5,SU,,12/31/2025
PR0021539,001,00400,pH,NA,C1,MIN,Concentration1,,,SU,7.3,SU,,12/31/2025
PR0021539,001,00530,"Solids, total suspended",4,C2,AVG,Concentration2,mg/L,4,mg/L,30,mg/L,,01/31/2020
PR0021539,001,00530,"Solids, total suspended",4,C3,AVG,Concentration3,mg/L,4,mg/L,45,mg/L,,01/31/2020
PR0021539,001,00530,"Solids, total suspended",4,C3,AVG,Concentration3,mg/L,4,mg/L,45,mg/L,,02/29/2020
PR0021539,001,00530,"Solids, total suspended",4,C2,AVG,Concentration2,mg/L,4,mg/L,30,mg/L,,02/29/2020
PR0021539,001,00530,"Solids, total suspended",12,C3,AVG,Concentration3,mg/L,12,mg/L,45,mg/L,,03/31/2020
PR0021539,001,00530,"Solids, total suspended",12,C2,AVG,Concentration2,mg/L,12,mg/L,30,mg/L,,03/31/2020
PR0021539,001,00530,"Solids, total suspended",13,C3,AVG,Concentration3,mg/L,13,mg/L,45,mg/L,,04/30/2020
PR0021539,001,00530,"Solids, total suspended",13,C2,AVG,Concentration2,mg/L,13,mg/L,30,mg/L,,04/30/2020
PR0021539,001,00530,"Solids, total suspended",4,C2,AVG,Concentration2,mg/L,4,mg/L,30,mg/L,,05/31/2020
PR0021539,001,00530,"Solids, total suspended",4,C3,AVG,Concentration3,mg/L,4,mg/L,45,mg/L,,05/31/2020
PR0021539,001,00530,"Solids, total suspended",4,C3,AVG,Concentration3,mg/L,4,mg/L,45,mg/L,,06/30/2020
PR0021539,001,00530,"Solids, total suspended",4,C2,AVG,Concentration2,mg/L,4,mg/L,30,mg/L,,06/30/2020
PR0021539,001,00530,"Solids, total suspended",6,C2,AVG,Concentration2,mg/L,6,mg/L,30,mg/L,,07/31/2020
PR0021539,001,00530,"Solids, total suspended",6,C3,AVG,Concentration3,mg/L,6,mg/L,45,mg/L,,07/31/2020
PR0021539,001,00530,"Solids, total suspended",4,C3,AVG,Concentration3,mg/L,4,mg/L,45,mg/L,,08/31/2020
PR0021539,001,00530,"Solids, total suspended",4,C2,AVG,Concentration2,mg/L,4,mg/L,30,mg/L,,08/31/2020
PR0021539,001,00530,"Solids, total suspended",4,C2,AVG,Concentration2,mg/L,4,mg/L,30,mg/L,,09/30/2020
PR0021539,001,00530,"Solids, total suspended",4,C3,AVG,Concentration3,mg/L,4,mg/L,45,mg/L,,09/30/2020
PR0021539,001,00530,"Solids, total suspended",4,C3,AVG,Concentration3,mg/L,4,mg/L,45,mg/L,,10/31/2020
PR0021539,001,00530,"Solids, total suspended",4,C2,AVG,Concentration2,mg/L,4,mg/L,30,mg/L,,10/31/2020
PR0021539,001,00530,"Solids, total suspended",4,C2,AVG,Concentration2,mg/L,4,mg/L,30,mg/L,,11/30/2020
PR0021539,001,00530,"Solids, total suspended",4,C3,AVG,Concentration3,mg/L,4,mg/L,45,mg/L,,11/30/2020
PR0021539,001,00530,"Solids, total suspended",4,C3,AVG,Concentration3,mg/L,4,mg/L,45,mg/L,,12/31/2020
PR0021539,001,00530,"Solids, total suspended",4,C2,AVG,Concentration2,mg/L,4,mg/L,30,mg/L,,12/31/2020
PR0021539,001,00530,"Solids, total suspended",4,C2,AVG,Concentration2,mg/L,4,mg/L,30,mg/L,,01/31/2021
PR0021539,001,00530,"Solids, total suspended",4,C3,AVG,Concentration3,mg/L,4,mg/L,45,mg/L,,01/31/2021
PR0021539,001,00530,"Solids, total suspended",4,C3,AVG,Concentration3,mg/L,4,mg/L,45,mg/L,,02/28/2021
PR0021539,001,00530,"Solids, total suspended",4,C2,AVG,Concentration2,mg/L,4,mg/L,30,mg/L,,02/28/2021
PR0021539,001,00530,"Solids, total suspended",4,C2,AVG,Concentration2,mg/L,4,mg/L,30,mg/L,,03/31/2021
PR0021539,001,00530,"Solids, total suspended",4,C3,AVG,Concentration3,mg/L,4,mg/L,45,mg/L,,03/31/2021
PR0021539,001,00530,"Solids, total suspended",4,C3,AVG,Concentration3,mg/L,4,mg/L,45,mg/L,,04/30/2021
PR0021539,001,00530,"Solids, total suspended",4,C2,AVG,Concentration2,mg/L,4,mg/L,30,mg/L,,04/30/2021
PR0021539,001,00530,"Solids, total suspended",4,C2,AVG,Concentration2,mg/L,4,mg/L,30,mg/L,,05/31/2021
PR0021539,001,00530,"Solids, total suspended",4,C3,AVG,Concentration3,mg/L,4,mg/L,45,mg/L,,05/31/2021
PR0021539,001,00530,"Solids, total suspended",4,C3,AVG,Concentration3,mg/L,4,mg/L,45,mg/L,,06/30/2021
PR0021539,001,00530,"Solids, total suspended",4,C2,AVG,Concentration2,mg/L,4,mg/L,30,mg/L,,06/30/2021
PR0021539,001,00530,"Solids, total suspended",14,C2,AVG,Concentration2,mg/L,14,mg/L,30,mg/L,,07/31/2021
PR0021539,001,00530,"Solids, total suspended",14,C3,AVG,Concentration3,mg/L,14,mg/L,45,mg/L,,07/31/2021
PR0021539,001,00530,"Solids, total suspended",4,C3,AVG,Concentration3,mg/L,4,mg/L,45,mg/L,,08/31/2021
PR0021539,001,00530,"Solids, total suspended",0.93,C2,AVG,Concentration2,mg/L,.93,mg/L,30,mg/L,,08/31/2021
PR0021539,001,00530,"Solids, total suspended",4,C2,AVG,Concentration2,mg/L,4,mg/L,30,mg/L,,09/30/2021
PR0021539,001,00530,"Solids, total suspended",4,C3,AVG,Concentration3,mg/L,4,mg/L,45,mg/L,,09/30/2021
PR0021539,001,00530,"Solids, total suspended",4.14,C3,AVG,Concentration3,mg/L,4.14,mg/L,45,mg/L,,10/31/2021
PR0021539,001,00530,"Solids, total suspended",0.97,C2,AVG,Concentration2,mg/L,.97,mg/L,30,mg/L,,10/31/2021
PR0021539,001,00530,"Solids, total suspended",0.27,C2,AVG,Concentration2,mg/L,.27,mg/L,30,mg/L,,11/30/2021
PR0021539,001,00530,"Solids, total suspended",1.14,C3,AVG,Concentration3,mg/L,1.14,mg/L,45,mg/L,,11/30/2021
PR0021539,001,00530,"Solids, total suspended",2,C3,AVG,Concentration3,mg/L,2,mg/L,45,mg/L,,12/31/2021
PR0021539,001,00530,"Solids, total suspended",0.47,C2,AVG,Concentration2,mg/L,.47,mg/L,30,mg/L,,12/31/2021
PR0021539,001,00530,"Solids, total suspended",1.14,C3,AVG,Concentration3,mg/L,1.14,mg/L,45,mg/L,,01/31/2022
PR0021539,001,00530,"Solids, total suspended",0.27,C2,AVG,Concentration2,mg/L,.27,mg/L,30,mg/L,,01/31/2022
PR0021539,001,00530,"Solids, total suspended",0.3,C2,AVG,Concentration2,mg/L,.3,mg/L,30,mg/L,,02/28/2022
PR0021539,001,00530,"Solids, total suspended",1.28,C3,AVG,Concentration3,mg/L,1.28,mg/L,45,mg/L,,02/28/2022
PR0021539,001,00530,"Solids, total suspended",0.3,C2,AVG,Concentration2,mg/L,.3,mg/L,30,mg/L,,03/31/2022
PR0021539,001,00530,"Solids, total suspended",1.28,C3,AVG,Concentration3,mg/L,1.28,mg/L,45,mg/L,,03/31/2022
PR0021539,001,00530,"Solids, total suspended",5,C2,AVG,Concentration2,mg/L,5,mg/L,30,mg/L,,04/30/2022
PR0021539,001,00530,"Solids, total suspended",2.49,C3,AVG,Concentration3,mg/L,2.49,mg/L,45,mg/L,,04/30/2022
PR0021539,001,00530,"Solids, total suspended",2,C3,AVG,Concentration3,mg/L,2,mg/L,45,mg/L,,05/31/2022
PR0021539,001,00530,"Solids, total suspended",3.99,C2,AVG,Concentration2,mg/L,3.99,mg/L,30,mg/L,,05/31/2022
PR0021539,001,00530,"Solids, total suspended",2,C3,AVG,Concentration3,mg/L,2,mg/L,45,mg/L,,06/30/2022
PR0021539,001,00530,"Solids, total suspended",3.99,C2,AVG,Concentration2,mg/L,3.99,mg/L,30,mg/L,,06/30/2022
PR0021539,001,00530,"Solids, total suspended",3.99,C2,AVG,Concentration2,mg/L,3.99,mg/L,30,mg/L,,07/31/2022
PR0021539,001,00530,"Solids, total suspended",2,C3,AVG,Concentration3,mg/L,2,mg/L,45,mg/L,,07/31/2022
PR0021539,001,00530,"Solids, total suspended",2.25,C3,AVG,Concentration3,mg/L,2.25,mg/L,45,mg/L,,08/31/2022
PR0021539,001,00530,"Solids, total suspended",4.5,C2,AVG,Concentration2,mg/L,4.5,mg/L,30,mg/L,,08/31/2022
PR0021539,001,00530,"Solids, total suspended",2,C3,AVG,Concentration3,mg/L,2,mg/L,45,mg/L,,09/30/2022
PR0021539,001,00530,"Solids, total suspended",3.99,C2,AVG,Concentration2,mg/L,3.99,mg/L,30,mg/L,,09/30/2022
PR0021539,001,00530,"Solids, total suspended",3.99,C2,AVG,Concentration2,mg/L,3.99,mg/L,30,mg/L,,10/31/2022
PR0021539,001,00530,"Solids, total suspended",2,C3,AVG,Concentration3,mg/L,2,mg/L,45,mg/L,,10/31/2022
PR0021539,001,00530,"Solids, total suspended",2,C3,AVG,Concentration3,mg/L,2,mg/L,45,mg/L,,11/30/2022
PR0021539,001,00530,"Solids, total suspended",4,C2,AVG,Concentration2,mg/L,4,mg/L,30,mg/L,,11/30/2022
PR0021539,001,00530,"Solids, total suspended",2.25,C3,AVG,Concentration3,mg/L,2.25,mg/L,45,mg/L,,12/31/2022
PR0021539,001,00530,"Solids, total suspended",4.5,C2,AVG,Concentration2,mg/L,4.5,mg/L,30,mg/L,,12/31/2022
PR0021539,001,00530,"Solids, total suspended",15.5,C2,AVG,Concentration2,mg/L,15.5,mg/L,30,mg/L,,01/31/2023
PR0021539,001,00530,"Solids, total suspended",7.75,C3,AVG,Concentration3,mg/L,7.75,mg/L,45,mg/L,,01/31/2023
PR0021539,001,00530,"Solids, total suspended",2,C3,AVG,Concentration3,mg/L,2,mg/L,45,mg/L,,02/28/2023
PR0021539,001,00530,"Solids, total suspended",3.99,C2,AVG,Concentration2,mg/L,3.99,mg/L,30,mg/L,,02/28/2023
PR0021539,001,00530,"Solids, total suspended",4,C2,AVG,Concentration2,mg/L,4,mg/L,30,mg/L,,03/31/2023
PR0021539,001,00530,"Solids, total suspended",2,C3,AVG,Concentration3,mg/L,2,mg/L,45,mg/L,,03/31/2023
PR0021539,001,00530,"Solids, total suspended",15.75,C3,AVG,Concentration3,mg/L,15.75,mg/L,45,mg/L,,04/30/2023
PR0021539,001,00530,"Solids, total suspended",31.5,C2,AVG,Concentration2,mg/L,31.5,mg/L,30,mg/L,,04/30/2023
PR0021539,001,00530,"Solids, total suspended",3.99,C2,AVG,Concentration2,mg/L,3.99,mg/L,30,mg/L,,05/31/2023
PR0021539,001,00530,"Solids, total suspended",2,C3,AVG,Concentration3,mg/L,2,mg/L,45,mg/L,,05/31/2023
PR0021539,001,00530,"Solids, total suspended",2,C3,AVG,Concentration3,mg/L,2,mg/L,45,mg/L,,06/30/2023
PR0021539,001,00530,"Solids, total suspended",3.99,C2,AVG,Concentration2,mg/L,3.99,mg/L,30,mg/L,,06/30/2023
PR0021539,001,00530,"Solids, total suspended",3.99,C2,AVG,Concentration2,mg/L,3.99,mg/L,30,mg/L,,07/31/2023
PR0021539,001,00530,"Solids, total suspended",2,C3,AVG,Concentration3,mg/L,2,mg/L,45,mg/L,,07/31/2023
PR0021539,001,00530,"Solids, total suspended",2,C3,AVG,Concentration3,mg/L,2,mg/L,45,mg/L,,08/31/2023
PR0021539,001,00530,"Solids, total suspended",4,C2,AVG,Concentration2,mg/L,4,mg/L,30,mg/L,,08/31/2023
PR0021539,001,00530,"Solids, total suspended",4,C2,AVG,Concentration2,mg/L,4,mg/L,30,mg/L,,09/30/2023
PR0021539,001,00530,"Solids, total suspended",2,C3,AVG,Concentration3,mg/L,2,mg/L,45,mg/L,,09/30/2023
PR0021539,001,00530,"Solids, total suspended",2,C3,AVG,Concentration3,mg/L,2,mg/L,45,mg/L,,10/31/2023
PR0021539,001,00530,"Solids, total suspended",3.99,C2,AVG,Concentration2,mg/L,3.99,mg/L,30,mg/L,,10/31/2023
PR0021539,001,00530,"Solids, total suspended",3.99,C2,AVG,Concentration2,mg/L,3.99,mg/L,30,mg/L,,11/30/2023
PR0021539,001,00530,"Solids, total suspended",2,C3,AVG,Concentration3,mg/L,2,mg/L,45,mg/L,,11/30/2023
PR0021539,001,00530,"Solids, total suspended",2,C3,AVG,Concentration3,mg/L,2,mg/L,45,mg/L,,12/31/2023
PR0021539,001,00530,"Solids, total suspended",4,C2,AVG,Concentration2,mg/L,4,mg/L,30,mg/L,,12/31/2023
PR0021539,001,00530,"Solids, total suspended",3.99,C2,AVG,Concentration2,mg/L,3.99,mg/L,30,mg/L,,01/31/2024
PR0021539,001,00530,"Solids, total suspended",2,C3,AVG,Concentration3,mg/L,2,mg/L,45,mg/L,,01/31/2024
PR0021539,001,00530,"Solids, total suspended",3.99,C2,AVG,Concentration2,mg/L,3.99,mg/L,30,mg/L,,02/29/2024
PR0021539,001,00530,"Solids, total suspended",2,C3,AVG,Concentration3,mg/L,2,mg/L,45,mg/L,,02/29/2024
PR0021539,001,00530,"Solids, total suspended",2,C3,AVG,Concentration3,mg/L,2,mg/L,45,mg/L,,03/31/2024
PR0021539,001,00530,"Solids, total suspended",3.99,C2,AVG,Concentration2,mg/L,3.99,mg/L,30,mg/L,,03/31/2024
PR0021539,001,00530,"Solids, total suspended",2,C3,AVG,Concentration3,mg/L,2,mg/L,45,mg/L,,04/30/2024
PR0021539,001,00530,"Solids, total suspended",3.99,C2,AVG,Concentration2,mg/L,3.99,mg/L,30,mg/L,,04/30/2024
PR0021539,001,00530,"Solids, total suspended",2,C2,AVG,Concentration2,mg/L,2,mg/L,30,mg/L,,05/31/2024
PR0021539,001,00530,"Solids, total suspended",2,C3,AVG,Concentration3,mg/L,2,mg/L,45,mg/L,,05/31/2024
PR0021539,001,00530,"Solids, total suspended",13,C3,AVG,Concentration3,mg/L,13,mg/L,45,mg/L,,06/30/2024
PR0021539,001,00530,"Solids, total suspended",13,C2,AVG,Concentration2,mg/L,13,mg/L,30,mg/L,,06/30/2024
PR0021539,001,00530,"Solids, total suspended",16,C2,AVG,Concentration2,mg/L,16,mg/L,30,mg/L,,07/31/2024
PR0021539,001,00530,"Solids, total suspended",16,C3,AVG,Concentration3,mg/L,16,mg/L,45,mg/L,,07/31/2024
PR0021539,001,00530,"Solids, total suspended",4,C2,AVG,Concentration2,mg/L,4,mg/L,30,mg/L,,08/31/2024
PR0021539,001,00530,"Solids, total suspended",4,C3,AVG,Concentration3,mg/L,4,mg/L,45,mg/L,,08/31/2024
PR0021539,001,00530,"Solids, total suspended",7,C2,AVG,Concentration2,mg/L,7,mg/L,30,mg/L,,09/30/2024
PR0021539,001,00530,"Solids, total suspended",7,C3,AVG,Concentration3,mg/L,7,mg/L,45,mg/L,,09/30/2024
PR0021539,001,00530,"Solids, total suspended",0,C3,AVG,Concentration3,mg/L,0,mg/L,45,mg/L,,10/31/2024
PR0021539,001,00530,"Solids, total suspended",0,C2,AVG,Concentration2,mg/L,0,mg/L,30,mg/L,,10/31/2024
PR0021539,001,00530,"Solids, total suspended",21,C3,AVG,Concentration3,mg/L,21,mg/L,45,mg/L,,11/30/2024
PR0021539,001,00530,"Solids, total suspended",21,C2,AVG,Concentration2,mg/L,21,mg/L,30,mg/L,,11/30/2024
PR0021539,001,00530,"Solids, total suspended",10,C3,AVG,Concentration3,mg/L,10,mg/L,45,mg/L,,12/31/2024
PR0021539,001,00530,"Solids, total suspended",10,C2,AVG,Concentration2,mg/L,10,mg/L,30,mg/L,,12/31/2024
PR0021539,001,00530,"Solids, total suspended",4,C2,AVG,Concentration2,mg/L,4,mg/L,30,mg/L,,01/31/2025
PR0021539,001,00530,"Solids, total suspended",4,C3,AVG,Concentration3,mg/L,4,mg/L,45,mg/L,,01/31/2025
PR0021539,001,00530,"Solids, total suspended",0,C3,AVG,Concentration3,mg/L,0,mg/L,45,mg/L,,02/28/2025
PR0021539,001,00530,"Solids, total suspended",0,C2,AVG,Concentration2,mg/L,0,mg/L,30,mg/L,,02/28/2025
PR0021539,001,00530,"Solids, total suspended",5,C2,AVG,Concentration2,mg/L,5,mg/L,30,mg/L,,03/31/2025
PR0021539,001,00530,"Solids, total suspended",5,C3,AVG,Concentration3,mg/L,5,mg/L,45,mg/L,,03/31/2025
PR0021539,001,00530,"Solids, total suspended",21.5,C3,AVG,Concentration3,mg/L,21.5,mg/L,45,mg/L,,04/30/2025
PR0021539,001,00530,"Solids, total suspended",21.5,C2,AVG,Concentration2,mg/L,21.5,mg/L,30,mg/L,,04/30/2025
PR0021539,001,00530,"Solids, total suspended",6.5,C2,AVG,Concentration2,mg/L,6.5,mg/L,30,mg/L,,05/31/2025
PR0021539,001,00530,"Solids, total suspended",6.5,C3,AVG,Concentration3,mg/L,6.5,mg/L,45,mg/L,,05/31/2025
PR0021539,001,00530,"Solids, total suspended",8,C2,AVG,Concentration2,mg/L,8,mg/L,30,mg/L,,06/30/2025
PR0021539,001,00530,"Solids, total suspended",8,C3,AVG,Concentration3,mg/L,8,mg/L,45,mg/L,,06/30/2025
PR0021539,001,00530,"Solids, total suspended",11,C3,AVG,Concentration3,mg/L,11,mg/L,45,mg/L,,07/31/2025
PR0021539,001,00530,"Solids, total suspended",11,C2,AVG,Concentration2,mg/L,11,mg/L,30,mg/L,,07/31/2025
PR0021539,001,00530,"Solids, total suspended",5,C2,AVG,Concentration2,mg/L,5,mg/L,30,mg/L,,08/31/2025
PR0021539,001,00530,"Solids, total suspended",5,C3,AVG,Concentration3,mg/L,5,mg/L,45,mg/L,,08/31/2025
PR0021539,001,00530,"Solids, total suspended",8,C3,AVG,Concentration3,mg/L,8,mg/L,45,mg/L,,09/30/2025
PR0021539,001,00530,"Solids, total suspended",8,C2,AVG,Concentration2,mg/L,8,mg/L,30,mg/L,,09/30/2025
PR0021539,001,00530,"Solids, total suspended",4,C2,AVG,Concentration2,mg/L,4,mg/L,30,mg/L,,10/31/2025
PR0021539,001,00530,"Solids, total suspended",4,C3,AVG,Concentration3,mg/L,4,mg/L,45,mg/L,,10/31/2025
PR0021539,001,00530,"Solids, total suspended",5.5,C3,AVG,Concentration3,mg/L,5.5,mg/L,45,mg/L,,11/30/2025
PR0021539,001,00530,"Solids, total suspended",5.5,C2,AVG,Concentration2,mg/L,5.5,mg/L,30,mg/L,,11/30/2025
PR0021539,001,00530,"Solids, total suspended",NA,C3,AVG,Concentration3,,,mg/L,45,mg/L,,12/31/2025
PR0021539,001,00530,"Solids, total suspended",NA,C2,AVG,Concentration2,,,mg/L,30,mg/L,,12/31/2025
PR0021539,001,00545,"Solids, settleable",0,C3,MAX,Concentration3,mL/L,0,mg/L,,mL/L,,01/31/2020
PR0021539,001,00545,"Solids, settleable",0,C3,MAX,Concentration3,mL/L,0,mg/L,,mL/L,,02/29/2020
PR0021539,001,00545,"Solids, settleable",0,C3,MAX,Concentration3,mL/L,0,mg/L,,mL/L,,03/31/2020
PR0021539,001,00545,"Solids, settleable",0,C3,MAX,Concentration3,mL/L,0,mg/L,,mL/L,,04/30/2020
PR0021539,001,00545,"Solids, settleable",0,C3,MAX,Concentration3,mL/L,0,mg/L,,mL/L,,05/31/2020
PR0021539,001,00545,"Solids, settleable",6,C3,MAX,Concentration3,mL/L,.006,mg/L,,mL/L,,06/30/2020
PR0021539,001,00545,"Solids, settleable",0,C3,MAX,Concentration3,mL/L,0,mg/L,,mL/L,,07/31/2020
PR0021539,001,00545,"Solids, settleable",0,C3,MAX,Concentration3,mL/L,0,mg/L,,mL/L,,08/31/2020
PR0021539,001,00545,"Solids, settleable",0,C3,MAX,Concentration3,mL/L,0,mg/L,,mL/L,,09/30/2020
PR0021539,001,00545,"Solids, settleable",0,C3,MAX,Concentration3,mL/L,0,mg/L,,mL/L,,10/31/2020
PR0021539,001,00545,"Solids, settleable",0,C3,MAX,Concentration3,mL/L,0,mg/L,,mL/L,,11/30/2020
PR0021539,001,00545,"Solids, settleable",0,C3,MAX,Concentration3,mL/L,0,mg/L,,mL/L,,12/31/2020
PR0021539,001,00545,"Solids, settleable",0,C3,MAX,Concentration3,mL/L,0,mg/L,,mL/L,,01/31/2021
PR0021539,001,00545,"Solids, settleable",0,C3,MAX,Concentration3,mL/L,0,mg/L,,mL/L,,02/28/2021
PR0021539,001,00545,"Solids, settleable",0.1,C3,MAX,Concentration3,mL/L,.0001,mg/L,,mL/L,,03/31/2021
PR0021539,001,00545,"Solids, settleable",0.1,C3,MAX,Concentration3,mL/L,.0001,mg/L,,mL/L,,04/30/2021
PR0021539,001,00545,"Solids, settleable",0.1,C3,MAX,Concentration3,mL/L,.0001,mg/L,,mL/L,,05/31/2021
PR0021539,001,00545,"Solids, settleable",0.1,C3,MAX,Concentration3,mL/L,.0001,mg/L,,mL/L,,06/30/2021
PR0021539,001,00545,"Solids, settleable",0,C3,MAX,Concentration3,mL/L,0,mg/L,,mL/L,,07/31/2021
PR0021539,001,00545,"Solids, settleable",0,C3,MAX,Concentration3,mL/L,0,mg/L,,mL/L,,08/31/2021
PR0021539,001,00545,"Solids, settleable",0,C3,MAX,Concentration3,mL/L,0,mg/L,,mL/L,,09/30/2021
PR0021539,001,00545,"Solids, settleable",0,C3,MAX,Concentration3,mL/L,0,mg/L,,mL/L,,10/31/2021
PR0021539,001,00545,"Solids, settleable",0,C3,MAX,Concentration3,mL/L,0,mg/L,,mL/L,,11/30/2021
PR0021539,001,00545,"Solids, settleable",0,C3,MAX,Concentration3,mL/L,0,mg/L,,mL/L,,12/31/2021
PR0021539,001,00545,"Solids, settleable",0,C3,MAX,Concentration3,mL/L,0,mg/L,,mL/L,,01/31/2022
PR0021539,001,00545,"Solids, settleable",0,C3,MAX,Concentration3,mL/L,0,mg/L,,mL/L,,02/28/2022
PR0021539,001,00545,"Solids, settleable",0,C3,MAX,Concentration3,mL/L,0,mg/L,,mL/L,,03/31/2022
PR0021539,001,00545,"Solids, settleable",0,C3,MAX,Concentration3,mL/L,0,mg/L,,mL/L,,04/30/2022
PR0021539,001,00545,"Solids, settleable",0,C3,MAX,Concentration3,mL/L,0,mg/L,,mL/L,,05/31/2022
PR0021539,001,00545,"Solids, settleable",0,C3,MAX,Concentration3,mL/L,0,mg/L,,mL/L,,06/30/2022
PR0021539,001,00545,"Solids, settleable",0,C3,MAX,Concentration3,mL/L,0,mg/L,,mL/L,,07/31/2022
PR0021539,001,00545,"Solids, settleable",0,C3,MAX,Concentration3,mL/L,0,mg/L,,mL/L,,08/31/2022
PR0021539,001,00545,"Solids, settleable",0,C3,MAX,Concentration3,mL/L,0,mg/L,,mL/L,,09/30/2022
PR0021539,001,00545,"Solids, settleable",0,C3,MAX,Concentration3,mL/L,0,mg/L,,mL/L,,10/31/2022
PR0021539,001,00545,"Solids, settleable",0,C3,MAX,Concentration3,mL/L,0,mg/L,,mL/L,,11/30/2022
PR0021539,001,00545,"Solids, settleable",0,C3,MAX,Concentration3,mL/L,0,mg/L,,mL/L,,12/31/2022
PR0021539,001,00545,"Solids, settleable",0,C3,MAX,Concentration3,mL/L,0,mg/L,,mL/L,,01/31/2023
PR0021539,001,00545,"Solids, settleable",0.1,C3,MAX,Concentration3,mL/L,.0001,mg/L,,mL/L,,02/28/2023
PR0021539,001,00545,"Solids, settleable",0,C3,MAX,Concentration3,mL/L,0,mg/L,,mL/L,,03/31/2023
PR0021539,001,00545,"Solids, settleable",1.2,C3,MAX,Concentration3,mL/L,.0012,mg/L,,mL/L,,04/30/2023
PR0021539,001,00545,"Solids, settleable",0.1,C3,MAX,Concentration3,mL/L,.0001,mg/L,,mL/L,,05/31/2023
PR0021539,001,00545,"Solids, settleable",0,C3,MAX,Concentration3,mL/L,0,mg/L,,mL/L,,06/30/2023
PR0021539,001,00545,"Solids, settleable",0,C3,MAX,Concentration3,mL/L,0,mg/L,,mL/L,,07/31/2023
PR0021539,001,00545,"Solids, settleable",0,C3,MAX,Concentration3,mL/L,0,mg/L,,mL/L,,08/31/2023
PR0021539,001,00545,"Solids, settleable",0,C3,MAX,Concentration3,mL/L,0,mg/L,,mL/L,,09/30/2023
PR0021539,001,00545,"Solids, settleable",0,C3,MAX,Concentration3,mL/L,0,mg/L,,mL/L,,10/31/2023
PR0021539,001,00545,"Solids, settleable",0,C3,MAX,Concentration3,mL/L,0,mg/L,,mL/L,,11/30/2023
PR0021539,001,00545,"Solids, settleable",0,C3,MAX,Concentration3,mL/L,0,mg/L,,mL/L,,12/31/2023
PR0021539,001,00545,"Solids, settleable",0,C3,MAX,Concentration3,mL/L,0,mg/L,,mL/L,,01/31/2024
PR0021539,001,00545,"Solids, settleable",0,C3,MAX,Concentration3,mL/L,0,mg/L,,mL/L,,02/29/2024
PR0021539,001,00545,"Solids, settleable",0,C3,MAX,Concentration3,mL/L,0,mg/L,,mL/L,,03/31/2024
PR0021539,001,00545,"Solids, settleable",0,C3,MAX,Concentration3,mL/L,0,mg/L,,mL/L,,04/30/2024
PR0021539,001,00545,"Solids, settleable",0,C3,MAX,Concentration3,mL/L,0,mg/L,,mL/L,,05/31/2024
PR0021539,001,00545,"Solids, settleable",0.8,C3,MAX,Concentration3,mL/L,.0008,mg/L,,mL/L,,06/30/2024
PR0021539,001,00545,"Solids, settleable",0.2,C3,MAX,Concentration3,mL/L,.0002,mg/L,,mL/L,,07/31/2024
PR0021539,001,00545,"Solids, settleable",0.1,C3,MAX,Concentration3,mL/L,.0001,mg/L,,mL/L,,08/31/2024
PR0021539,001,00545,"Solids, settleable",0.1,C3,MAX,Concentration3,mL/L,.0001,mg/L,,mL/L,,09/30/2024
PR0021539,001,00545,"Solids, settleable",0.1,C3,MAX,Concentration3,mL/L,.0001,mg/L,,mL/L,,10/31/2024
PR0021539,001,00545,"Solids, settleable",1,C3,MAX,Concentration3,mL/L,.001,mg/L,,mL/L,,11/30/2024
PR0021539,001,00545,"Solids, settleable",0.1,C3,MAX,Concentration3,mL/L,.0001,mg/L,,mL/L,,12/31/2024
PR0021539,001,00545,"Solids, settleable",0.1,C3,MAX,Concentration3,mL/L,.0001,mg/L,,mL/L,,01/31/2025
PR0021539,001,00545,"Solids, settleable",0.1,C3,MAX,Concentration3,mL/L,.0001,mg/L,,mL/L,,02/28/2025
PR0021539,001,00545,"Solids, settleable",0.1,C3,MAX,Concentration3,mL/L,.0001,mg/L,,mL/L,,03/31/2025
PR0021539,001,00545,"Solids, settleable",0.1,C3,MAX,Concentration3,mL/L,.0001,mg/L,,mL/L,,04/30/2025
PR0021539,001,00545,"Solids, settleable",6,C3,MAX,Concentration3,mL/L,.006,mg/L,,mL/L,,05/31/2025
PR0021539,001,00545,"Solids, settleable",1,C3,MAX,Concentration3,mL/L,.001,mg/L,,mL/L,,06/30/2025
PR0021539,001,00545,"Solids, settleable",31,C3,MAX,Concentration3,mL/L,.031,mg/L,,mL/L,,07/31/2025
PR0021539,001,00545,"Solids, settleable",33,C3,MAX,Concentration3,mL/L,.033,mg/L,,mL/L,,08/31/2025
PR0021539,001,00545,"Solids, settleable",0.09,C3,MAX,Concentration3,mL/L,.00009,mg/L,,mL/L,,09/30/2025
PR0021539,001,00545,"Solids, settleable",3,C3,MAX,Concentration3,mL/L,.003,mg/L,,mL/L,,10/31/2025
PR0021539,001,00545,"Solids, settleable",1.5,C3,MAX,Concentration3,mL/L,.0015,mg/L,,mL/L,,11/30/2025
PR0021539,001,00545,"Solids, settleable",NA,C3,MAX,Concentration3,,,mg/L,,mL/L,,12/31/2025
PR0021539,001,00556,Oil & Grease,24.6,C3,MAX,Concentration3,mg/L,24.6,mg/L,,mg/L,,01/31/2020
PR0021539,001,00556,Oil & Grease,1.52,C3,MAX,Concentration3,mg/L,1.52,mg/L,,mg/L,,02/29/2020
PR0021539,001,00556,Oil & Grease,2.76,C3,MAX,Concentration3,mg/L,2.76,mg/L,,mg/L,,03/31/2020
PR0021539,001,00556,Oil & Grease,1.2,C3,MAX,Concentration3,mg/L,1.2,mg/L,,mg/L,,04/30/2020
PR0021539,001,00556,Oil & Grease,31.8,C3,MAX,Concentration3,mg/L,31.8,mg/L,,mg/L,,05/31/2020
PR0021539,001,00556,Oil & Grease,1.52,C3,MAX,Concentration3,mg/L,1.52,mg/L,,mg/L,,06/30/2020
PR0021539,001,00556,Oil & Grease,31,C3,MAX,Concentration3,mg/L,31,mg/L,,mg/L,,07/31/2020
PR0021539,001,00556,Oil & Grease,2.34,C3,MAX,Concentration3,mg/L,2.34,mg/L,,mg/L,,08/31/2020
PR0021539,001,00556,Oil & Grease,9.89,C3,MAX,Concentration3,mg/L,9.89,mg/L,,mg/L,,09/30/2020
PR0021539,001,00556,Oil & Grease,4.19,C3,MAX,Concentration3,mg/L,4.19,mg/L,,mg/L,,10/31/2020
PR0021539,001,00556,Oil & Grease,8.76,C3,MAX,Concentration3,mg/L,8.76,mg/L,,mg/L,,11/30/2020
PR0021539,001,00556,Oil & Grease,3.83,C3,MAX,Concentration3,mg/L,3.83,mg/L,,mg/L,,12/31/2020
PR0021539,001,00556,Oil & Grease,4.13,C3,MAX,Concentration3,mg/L,4.13,mg/L,,mg/L,,01/31/2021
PR0021539,001,00556,Oil & Grease,1.2,C3,MAX,Concentration3,mg/L,1.2,mg/L,,mg/L,,02/28/2021
PR0021539,001,00556,Oil & Grease,1.2,C3,MAX,Concentration3,mg/L,1.2,mg/L,,mg/L,,03/31/2021
PR0021539,001,00556,Oil & Grease,7.37,C3,MAX,Concentration3,mg/L,7.37,mg/L,,mg/L,,04/30/2021
PR0021539,001,00556,Oil & Grease,5.83,C3,MAX,Concentration3,mg/L,5.83,mg/L,,mg/L,,05/31/2021
PR0021539,001,00556,Oil & Grease,2,C3,MAX,Concentration3,mg/L,2,mg/L,,mg/L,,06/30/2021
PR0021539,001,00556,Oil & Grease,7.91,C3,MAX,Concentration3,mg/L,7.91,mg/L,,mg/L,,07/31/2021
PR0021539,001,00556,Oil & Grease,1.2,C3,MAX,Concentration3,mg/L,1.2,mg/L,,mg/L,,08/31/2021
PR0021539,001,00556,Oil & Grease,3.85,C3,MAX,Concentration3,mg/L,3.85,mg/L,,mg/L,,09/30/2021
PR0021539,001,00556,Oil & Grease,6.13,C3,MAX,Concentration3,mg/L,6.13,mg/L,,mg/L,,10/31/2021
PR0021539,001,00556,Oil & Grease,1.2,C3,MAX,Concentration3,mg/L,1.2,mg/L,,mg/L,,11/30/2021
PR0021539,001,00556,Oil & Grease,2.23,C3,MAX,Concentration3,mg/L,2.23,mg/L,,mg/L,,12/31/2021
PR0021539,001,00556,Oil & Grease,2.24,C3,MAX,Concentration3,mg/L,2.24,mg/L,,mg/L,,01/31/2022
PR0021539,001,00556,Oil & Grease,1.58,C3,MAX,Concentration3,mg/L,1.58,mg/L,,mg/L,,02/28/2022
PR0021539,001,00556,Oil & Grease,8.78,C3,MAX,Concentration3,mg/L,8.78,mg/L,,mg/L,,03/31/2022
PR0021539,001,00556,Oil & Grease,22.4,C3,MAX,Concentration3,mg/L,22.4,mg/L,,mg/L,,04/30/2022
PR0021539,001,00556,Oil & Grease,3.97,C3,MAX,Concentration3,mg/L,3.97,mg/L,,mg/L,,05/31/2022
PR0021539,001,00556,Oil & Grease,4.29,C3,MAX,Concentration3,mg/L,4.29,mg/L,,mg/L,,06/30/2022
PR0021539,001,00556,Oil & Grease,1.72,C3,MAX,Concentration3,mg/L,1.72,mg/L,,mg/L,,07/31/2022
PR0021539,001,00556,Oil & Grease,3.58,C3,MAX,Concentration3,mg/L,3.58,mg/L,,mg/L,,08/31/2022
PR0021539,001,00556,Oil & Grease,1.95,C3,MAX,Concentration3,mg/L,1.95,mg/L,,mg/L,,09/30/2022
PR0021539,001,00556,Oil & Grease,5.68,C3,MAX,Concentration3,mg/L,5.68,mg/L,,mg/L,,10/31/2022
PR0021539,001,00556,Oil & Grease,7.38,C3,MAX,Concentration3,mg/L,7.38,mg/L,,mg/L,,11/30/2022
PR0021539,001,00556,Oil & Grease,1.45,C3,MAX,Concentration3,mg/L,1.45,mg/L,,mg/L,,12/31/2022
PR0021539,001,00556,Oil & Grease,5.12,C3,MAX,Concentration3,mg/L,5.12,mg/L,,mg/L,,01/31/2023
PR0021539,001,00556,Oil & Grease,32.9,C3,MAX,Concentration3,mg/L,32.9,mg/L,,mg/L,,02/28/2023
PR0021539,001,00556,Oil & Grease,3.22,C3,MAX,Concentration3,mg/L,3.22,mg/L,,mg/L,,03/31/2023
PR0021539,001,00556,Oil & Grease,2.24,C3,MAX,Concentration3,mg/L,2.24,mg/L,,mg/L,,04/30/2023
PR0021539,001,00556,Oil & Grease,1.6,C3,MAX,Concentration3,mg/L,1.6,mg/L,,mg/L,,05/31/2023
PR0021539,001,00556,Oil & Grease,1.4,C3,MAX,Concentration3,mg/L,1.4,mg/L,,mg/L,,06/30/2023
PR0021539,001,00556,Oil & Grease,2,C3,MAX,Concentration3,mg/L,2,mg/L,,mg/L,,07/31/2023
PR0021539,001,00556,Oil & Grease,2.7,C3,MAX,Concentration3,mg/L,2.7,mg/L,,mg/L,,08/31/2023
PR0021539,001,00556,Oil & Grease,3.01,C3,MAX,Concentration3,mg/L,3.01,mg/L,,mg/L,,09/30/2023
PR0021539,001,00556,Oil & Grease,5.68,C3,MAX,Concentration3,mg/L,5.68,mg/L,,mg/L,,10/31/2023
PR0021539,001,00556,Oil & Grease,4.76,C3,MAX,Concentration3,mg/L,4.76,mg/L,,mg/L,,11/30/2023
PR0021539,001,00556,Oil & Grease,8.27,C3,MAX,Concentration3,mg/L,8.27,mg/L,,mg/L,,12/31/2023
PR0021539,001,00556,Oil & Grease,7.75,C3,MAX,Concentration3,mg/L,7.75,mg/L,,mg/L,,01/31/2024
PR0021539,001,00556,Oil & Grease,2.16,C3,MAX,Concentration3,mg/L,2.16,mg/L,,mg/L,,02/29/2024
PR0021539,001,00556,Oil & Grease,5.26,C3,MAX,Concentration3,mg/L,5.26,mg/L,,mg/L,,03/31/2024
PR0021539,001,00556,Oil & Grease,4.74,C3,MAX,Concentration3,mg/L,4.74,mg/L,,mg/L,,04/30/2024
PR0021539,001,00556,Oil & Grease,1.4,C3,MAX,Concentration3,mg/L,1.4,mg/L,,mg/L,,05/31/2024
PR0021539,001,00556,Oil & Grease,1.4,C3,MAX,Concentration3,mg/L,1.4,mg/L,,mg/L,,06/30/2024
PR0021539,001,00556,Oil & Grease,2.44,C3,MAX,Concentration3,mg/L,2.44,mg/L,,mg/L,,07/31/2024
PR0021539,001,00556,Oil & Grease,9.29,C3,MAX,Concentration3,mg/L,9.29,mg/L,,mg/L,,08/31/2024
PR0021539,001,00556,Oil & Grease,1.4,C3,MAX,Concentration3,mg/L,1.4,mg/L,,mg/L,,09/30/2024
PR0021539,001,00556,Oil & Grease,1.94,C3,MAX,Concentration3,mg/L,1.94,mg/L,,mg/L,,10/31/2024
PR0021539,001,00556,Oil & Grease,3.71,C3,MAX,Concentration3,mg/L,3.71,mg/L,,mg/L,,11/30/2024
PR0021539,001,00556,Oil & Grease,2.33,C3,MAX,Concentration3,mg/L,2.33,mg/L,,mg/L,,12/31/2024
PR0021539,001,00556,Oil & Grease,1.46,C3,MAX,Concentration3,mg/L,1.46,mg/L,,mg/L,,01/31/2025
PR0021539,001,00556,Oil & Grease,4.39,C3,MAX,Concentration3,mg/L,4.39,mg/L,,mg/L,,02/28/2025
PR0021539,001,00556,Oil & Grease,4.82,C3,MAX,Concentration3,mg/L,4.82,mg/L,,mg/L,,03/31/2025
PR0021539,001,00556,Oil & Grease,4.74,C3,MAX,Concentration3,mg/L,4.74,mg/L,,mg/L,,04/30/2025
PR0021539,001,00556,Oil & Grease,17.76,C3,MAX,Concentration3,mg/L,17.76,mg/L,,mg/L,,05/31/2025
PR0021539,001,00556,Oil & Grease,18.47,C3,MAX,Concentration3,mg/L,18.47,mg/L,,mg/L,,06/30/2025
PR0021539,001,00556,Oil & Grease,51.39,C3,MAX,Concentration3,mg/L,51.39,mg/L,,mg/L,,07/31/2025
PR0021539,001,00556,Oil & Grease,31.69,C3,MAX,Concentration3,mg/L,31.69,mg/L,,mg/L,,08/31/2025
PR0021539,001,00556,Oil & Grease,9.2,C3,MAX,Concentration3,mg/L,9.2,mg/L,,mg/L,,09/30/2025
PR0021539,001,00556,Oil & Grease,15.21,C3,MAX,Concentration3,mg/L,15.21,mg/L,,mg/L,,10/31/2025
PR0021539,001,00556,Oil & Grease,24.94,C3,MAX,Concentration3,mg/L,24.94,mg/L,,mg/L,,11/30/2025
PR0021539,001,00556,Oil & Grease,NA,C3,MAX,Concentration3,,,mg/L,,mg/L,,12/31/2025
PR0021539,001,00600,"Nitrogen, total [as N]",9180,C3,MAX,Concentration3,ug/L,9.18000044,mg/L,20000,ug/L,,09/30/2020
PR0021539,001,00600,"Nitrogen, total [as N]",25000,C3,MAX,Concentration3,ug/L,25.00000119,mg/L,20000,ug/L,,10/31/2020
PR0021539,001,00600,"Nitrogen, total [as N]",25000,C3,MAX,Concentration3,ug/L,25.00000119,mg/L,20000,ug/L,,10/31/2020
PR0021539,001,00600,"Nitrogen, total [as N]",15840,C3,MAX,Concentration3,ug/L,15.84000075,mg/L,20000,ug/L,,11/30/2020
PR0021539,001,00600,"Nitrogen, total [as N]",29600,C3,MAX,Concentration3,ug/L,29.60000141,mg/L,20000,ug/L,,12/31/2020
PR0021539,001,00600,"Nitrogen, total [as N]",29600,C3,MAX,Concentration3,ug/L,29.60000141,mg/L,20000,ug/L,,12/31/2020
PR0021539,001,00600,"Nitrogen, total [as N]",29700,C3,MAX,Concentration3,ug/L,29.70000141,mg/L,20000,ug/L,,01/31/2021
PR0021539,001,00600,"Nitrogen, total [as N]",29700,C3,MAX,Concentration3,ug/L,29.70000141,mg/L,20000,ug/L,,01/31/2021
PR0021539,001,00600,"Nitrogen, total [as N]",24.33,C3,MAX,Concentration3,ug/L,.02433,mg/L,20000,ug/L,,02/28/2021
PR0021539,001,00600,"Nitrogen, total [as N]",24280,C3,MAX,Concentration3,ug/L,24.28000115,mg/L,20000,ug/L,,03/31/2021
PR0021539,001,00600,"Nitrogen, total [as N]",24280,C3,MAX,Concentration3,ug/L,24.28000115,mg/L,20000,ug/L,,03/31/2021
PR0021539,001,00600,"Nitrogen, total [as N]",14690,C3,MAX,Concentration3,ug/L,14.6900007,mg/L,20000,ug/L,,04/30/2021
PR0021539,001,00600,"Nitrogen, total [as N]",21900,C3,MAX,Concentration3,ug/L,21.90000104,mg/L,20000,ug/L,,05/31/2021
PR0021539,001,00600,"Nitrogen, total [as N]",31200,C3,MAX,Concentration3,ug/L,31.20000148,mg/L,20000,ug/L,,06/30/2021
PR0021539,001,00600,"Nitrogen, total [as N]",15200,C3,MAX,Concentration3,ug/L,15.20000072,mg/L,20000,ug/L,,07/31/2021
PR0021539,001,00600,"Nitrogen, total [as N]",15880,C3,MAX,Concentration3,ug/L,15.88000075,mg/L,20000,ug/L,,08/31/2021
PR0021539,001,00600,"Nitrogen, total [as N]",24700,C3,MAX,Concentration3,ug/L,24.70000117,mg/L,20000,ug/L,,09/30/2021
PR0021539,001,00600,"Nitrogen, total [as N]",18200,C3,MAX,Concentration3,ug/L,18.20000086,mg/L,20000,ug/L,,10/31/2021
PR0021539,001,00600,"Nitrogen, total [as N]",19410,C3,MAX,Concentration3,ug/L,19.41000092,mg/L,20000,ug/L,,11/30/2021
PR0021539,001,00600,"Nitrogen, total [as N]",26100,C3,MAX,Concentration3,ug/L,26.10000124,mg/L,20000,ug/L,,12/31/2021
PR0021539,001,00600,"Nitrogen, total [as N]",35500,C3,MAX,Concentration3,ug/L,35.50000169,mg/L,20000,ug/L,,01/31/2022
PR0021539,001,00600,"Nitrogen, total [as N]",35000,C3,MAX,Concentration3,ug/L,35.00000166,mg/L,20000,ug/L,,02/28/2022
PR0021539,001,00600,"Nitrogen, total [as N]",20500,C3,MAX,Concentration3,ug/L,20.50000097,mg/L,20000,ug/L,,03/31/2022
PR0021539,001,00600,"Nitrogen, total [as N]",57150,C3,MAX,Concentration3,ug/L,57.15000271,mg/L,20000,ug/L,,04/30/2022
PR0021539,001,00600,"Nitrogen, total [as N]",20200,C3,MAX,Concentration3,ug/L,20.20000096,mg/L,20000,ug/L,,05/31/2022
PR0021539,001,00600,"Nitrogen, total [as N]",8560,C3,MAX,Concentration3,ug/L,8.56000041,mg/L,20000,ug/L,,06/30/2022
PR0021539,001,00600,"Nitrogen, total [as N]",3550,C3,MAX,Concentration3,ug/L,3.55000017,mg/L,20000,ug/L,,07/31/2022
PR0021539,001,00600,"Nitrogen, total [as N]",4160,C3,MAX,Concentration3,ug/L,4.1600002,mg/L,20000,ug/L,,08/31/2022
PR0021539,001,00600,"Nitrogen, total [as N]",5930,C3,MAX,Concentration3,ug/L,5.93000028,mg/L,20000,ug/L,,09/30/2022
PR0021539,001,00600,"Nitrogen, total [as N]",8630,C3,MAX,Concentration3,ug/L,8.63000041,mg/L,20000,ug/L,,10/31/2022
PR0021539,001,00600,"Nitrogen, total [as N]",4.59,C3,MAX,Concentration3,ug/L,.00459,mg/L,20000,ug/L,,11/30/2022
PR0021539,001,00600,"Nitrogen, total [as N]",1780,C3,MAX,Concentration3,ug/L,1.78000008,mg/L,20000,ug/L,,12/31/2022
PR0021539,001,00600,"Nitrogen, total [as N]",7.27,C3,MAX,Concentration3,ug/L,.00727,mg/L,20000,ug/L,,01/31/2023
PR0021539,001,00600,"Nitrogen, total [as N]",18320,C3,MAX,Concentration3,ug/L,18.32000087,mg/L,20000,ug/L,,02/28/2023
PR0021539,001,00600,"Nitrogen, total [as N]",6200,C3,MAX,Concentration3,ug/L,6.20000029,mg/L,20000,ug/L,,03/31/2023
PR0021539,001,00600,"Nitrogen, total [as N]",8620,C3,MAX,Concentration3,ug/L,8.62000041,mg/L,20000,ug/L,,04/30/2023
PR0021539,001,00600,"Nitrogen, total [as N]",10600,C3,MAX,Concentration3,ug/L,10.6000005,mg/L,20000,ug/L,,05/31/2023
PR0021539,001,00600,"Nitrogen, total [as N]",8100,C3,MAX,Concentration3,ug/L,8.10000038,mg/L,20000,ug/L,,06/30/2023
PR0021539,001,00600,"Nitrogen, total [as N]",11520,C3,MAX,Concentration3,ug/L,11.52000055,mg/L,20000,ug/L,,07/31/2023
PR0021539,001,00600,"Nitrogen, total [as N]",13270,C3,MAX,Concentration3,ug/L,13.27000063,mg/L,20000,ug/L,,08/31/2023
PR0021539,001,00600,"Nitrogen, total [as N]",2850,C3,MAX,Concentration3,ug/L,2.85000014,mg/L,5000,ug/L,,09/30/2023
PR0021539,001,00600,"Nitrogen, total [as N]",3872,C3,MAX,Concentration3,ug/L,3.87200018,mg/L,5000,ug/L,,10/31/2023
PR0021539,001,00600,"Nitrogen, total [as N]",13720,C3,MAX,Concentration3,ug/L,13.72000065,mg/L,5000,ug/L,,11/30/2023
PR0021539,001,00600,"Nitrogen, total [as N]",23386,C3,MAX,Concentration3,ug/L,23.38600111,mg/L,5000,ug/L,,12/31/2023
PR0021539,001,00600,"Nitrogen, total [as N]",21602,C3,MAX,Concentration3,ug/L,21.60200103,mg/L,5000,ug/L,,01/31/2024
PR0021539,001,00600,"Nitrogen, total [as N]",12094,C3,MAX,Concentration3,ug/L,12.09400057,mg/L,5000,ug/L,,02/29/2024
PR0021539,001,00600,"Nitrogen, total [as N]",9072,C3,MAX,Concentration3,ug/L,9.07200043,mg/L,5000,ug/L,,03/31/2024
PR0021539,001,00600,"Nitrogen, total [as N]",18801,C3,MAX,Concentration3,ug/L,18.80100089,mg/L,5000,ug/L,,04/30/2024
PR0021539,001,00600,"Nitrogen, total [as N]",20680,C3,MAX,Concentration3,ug/L,20.68000098,mg/L,5000,ug/L,,05/31/2024
PR0021539,001,00600,"Nitrogen, total [as N]",20680,C3,MAX,Concentration3,ug/L,20.68000098,mg/L,5000,ug/L,,05/31/2024
PR0021539,001,00600,"Nitrogen, total [as N]",6757,C3,MAX,Concentration3,ug/L,6.75700032,mg/L,5000,ug/L,,06/30/2024
PR0021539,001,00600,"Nitrogen, total [as N]",6757,C3,MAX,Concentration3,ug/L,6.75700032,mg/L,5000,ug/L,,06/30/2024
PR0021539,001,00600,"Nitrogen, total [as N]",24500,C3,MAX,Concentration3,ug/L,24.50000116,mg/L,5000,ug/L,,07/31/2024
PR0021539,001,00600,"Nitrogen, total [as N]",24500,C3,MAX,Concentration3,ug/L,24.50000116,mg/L,5000,ug/L,,07/31/2024
PR0021539,001,00600,"Nitrogen, total [as N]",10911,C3,MAX,Concentration3,ug/L,10.91100052,mg/L,5000,ug/L,,08/31/2024
PR0021539,001,00600,"Nitrogen, total [as N]",10911,C3,MAX,Concentration3,ug/L,10.91100052,mg/L,5000,ug/L,,08/31/2024
PR0021539,001,00600,"Nitrogen, total [as N]",25098,C3,MAX,Concentration3,ug/L,25.09800119,mg/L,5000,ug/L,,09/30/2024
PR0021539,001,00600,"Nitrogen, total [as N]",25098,C3,MAX,Concentration3,ug/L,25.09800119,mg/L,5000,ug/L,,09/30/2024
PR0021539,001,00600,"Nitrogen, total [as N]",18693,C3,MAX,Concentration3,ug/L,18.69300089,mg/L,5000,ug/L,,10/31/2024
PR0021539,001,00600,"Nitrogen, total [as N]",18693,C3,MAX,Concentration3,ug/L,18.69300089,mg/L,5000,ug/L,,10/31/2024
PR0021539,001,00600,"Nitrogen, total [as N]",5145,C3,MAX,Concentration3,ug/L,5.14500024,mg/L,5000,ug/L,,11/30/2024
PR0021539,001,00600,"Nitrogen, total [as N]",5145,C3,MAX,Concentration3,ug/L,5.14500024,mg/L,5000,ug/L,,11/30/2024
PR0021539,001,00600,"Nitrogen, total [as N]",23941,C3,MAX,Concentration3,ug/L,23.94100114,mg/L,5000,ug/L,,12/31/2024
PR0021539,001,00600,"Nitrogen, total [as N]",23941,C3,MAX,Concentration3,ug/L,23.94100114,mg/L,5000,ug/L,,12/31/2024
PR0021539,001,00600,"Nitrogen, total [as N]",23670,C3,MAX,Concentration3,ug/L,23.67000112,mg/L,5000,ug/L,,01/31/2025
PR0021539,001,00600,"Nitrogen, total [as N]",23670,C3,MAX,Concentration3,ug/L,23.67000112,mg/L,5000,ug/L,,01/31/2025
PR0021539,001,00600,"Nitrogen, total [as N]",4087,C3,MAX,Concentration3,ug/L,4.08700019,mg/L,5000,ug/L,,02/28/2025
PR0021539,001,00600,"Nitrogen, total [as N]",7726,C3,MAX,Concentration3,ug/L,7.72600037,mg/L,5000,ug/L,,03/31/2025
PR0021539,001,00600,"Nitrogen, total [as N]",7726,C3,MAX,Concentration3,ug/L,7.72600037,mg/L,5000,ug/L,,03/31/2025
PR0021539,001,00600,"Nitrogen, total [as N]",18801,C3,MAX,Concentration3,ug/L,18.80100089,mg/L,5000,ug/L,,04/30/2025
PR0021539,001,00600,"Nitrogen, total [as N]",8110,C3,MAX,Concentration3,ug/L,8.11000039,mg/L,5000,ug/L,,05/31/2025
PR0021539,001,00600,"Nitrogen, total [as N]",21708,C3,MAX,Concentration3,ug/L,21.70800103,mg/L,5000,ug/L,,06/30/2025
PR0021539,001,00600,"Nitrogen, total [as N]",75804,C3,MAX,Concentration3,ug/L,75.8040036,mg/L,5000,ug/L,,07/31/2025
PR0021539,001,00600,"Nitrogen, total [as N]",27300,C3,MAX,Concentration3,ug/L,27.3000013,mg/L,5000,ug/L,,08/31/2025
PR0021539,001,00600,"Nitrogen, total [as N]",727,C3,MAX,Concentration3,ug/L,.72700003,mg/L,5000,ug/L,,09/30/2025
PR0021539,001,00600,"Nitrogen, total [as N]",15780,C3,MAX,Concentration3,ug/L,15.78000075,mg/L,5000,ug/L,,10/31/2025
PR0021539,001,00600,"Nitrogen, total [as N]",13100,C3,MAX,Concentration3,ug/L,13.10000062,mg/L,5000,ug/L,,11/30/2025
PR0021539,001,00600,"Nitrogen, total [as N]",NA,C3,MAX,Concentration3,,,mg/L,5000,ug/L,,12/31/2025
PR0021539,001,00745,"Sulfide, total [as S]",6,C3,MAX,Concentration3,ug/L,.006,mg/L,2,ug/L,,09/30/2020
PR0021539,001,00745,"Sulfide, total [as S]",6,C3,MAX,Concentration3,ug/L,.006,mg/L,2,ug/L,,09/30/2020
PR0021539,001,00745,"Sulfide, total [as S]",4,C3,MAX,Concentration3,ug/L,.004,mg/L,2,ug/L,,10/31/2020
PR0021539,001,00745,"Sulfide, total [as S]",4,C3,MAX,Concentration3,ug/L,.004,mg/L,2,ug/L,,10/31/2020
PR0021539,001,00745,"Sulfide, total [as S]",4,C3,MAX,Concentration3,ug/L,.004,mg/L,2,ug/L,,11/30/2020
PR0021539,001,00745,"Sulfide, total [as S]",4,C3,MAX,Concentration3,ug/L,.004,mg/L,2,ug/L,,11/30/2020
PR0021539,001,00745,"Sulfide, total [as S]",4,C3,MAX,Concentration3,ug/L,.004,mg/L,2,ug/L,,12/31/2020
PR0021539,001,00745,"Sulfide, total [as S]",4,C3,MAX,Concentration3,ug/L,.004,mg/L,2,ug/L,,12/31/2020
PR0021539,001,00745,"Sulfide, total [as S]",19,C3,MAX,Concentration3,ug/L,.019,mg/L,2,ug/L,,01/31/2021
PR0021539,001,00745,"Sulfide, total [as S]",19,C3,MAX,Concentration3,ug/L,.019,mg/L,2,ug/L,,01/31/2021
PR0021539,001,00745,"Sulfide, total [as S]",14,C3,MAX,Concentration3,ug/L,.014,mg/L,2,ug/L,,02/28/2021
PR0021539,001,00745,"Sulfide, total [as S]",14,C3,MAX,Concentration3,ug/L,.014,mg/L,2,ug/L,,02/28/2021
PR0021539,001,00745,"Sulfide, total [as S]",1580,C3,MAX,Concentration3,ug/L,1.58000008,mg/L,2,ug/L,,03/31/2021
PR0021539,001,00745,"Sulfide, total [as S]",1580,C3,MAX,Concentration3,ug/L,1.58000008,mg/L,2,ug/L,,03/31/2021
PR0021539,001,00745,"Sulfide, total [as S]",7440,C3,MAX,Concentration3,ug/L,7.44000035,mg/L,2,ug/L,,04/30/2021
PR0021539,001,00745,"Sulfide, total [as S]",2303,C3,MAX,Concentration3,ug/L,2.30300011,mg/L,2,ug/L,,05/31/2021
PR0021539,001,00745,"Sulfide, total [as S]",5220,C3,MAX,Concentration3,ug/L,5.22000025,mg/L,2,ug/L,,06/30/2021
PR0021539,001,00745,"Sulfide, total [as S]",4,C3,MAX,Concentration3,ug/L,.004,mg/L,2,ug/L,,07/31/2021
PR0021539,001,00745,"Sulfide, total [as S]",10,C3,MAX,Concentration3,ug/L,.01,mg/L,2,ug/L,,08/31/2021
PR0021539,001,00745,"Sulfide, total [as S]",5,C3,MAX,Concentration3,ug/L,.005,mg/L,2,ug/L,,09/30/2021
PR0021539,001,00745,"Sulfide, total [as S]",1598,C3,MAX,Concentration3,ug/L,1.59800008,mg/L,2,ug/L,,10/31/2021
PR0021539,001,00745,"Sulfide, total [as S]",61,C3,MAX,Concentration3,ug/L,.061,mg/L,2,ug/L,,11/30/2021
PR0021539,001,00745,"Sulfide, total [as S]",6,C3,MAX,Concentration3,ug/L,.006,mg/L,2,ug/L,,12/31/2021
PR0021539,001,00745,"Sulfide, total [as S]",136,C3,MAX,Concentration3,ug/L,.13600001,mg/L,2,ug/L,,01/31/2022
PR0021539,001,00745,"Sulfide, total [as S]",183,C3,MAX,Concentration3,ug/L,.18300001,mg/L,2,ug/L,,02/28/2022
PR0021539,001,00745,"Sulfide, total [as S]",10,C3,MAX,Concentration3,ug/L,.01,mg/L,2,ug/L,,03/31/2022
PR0021539,001,00745,"Sulfide, total [as S]",10,C3,MAX,Concentration3,ug/L,.01,mg/L,2,ug/L,,04/30/2022
PR0021539,001,00745,"Sulfide, total [as S]",750,C3,MAX,Concentration3,ug/L,.75000004,mg/L,2,ug/L,,05/31/2022
PR0021539,001,00745,"Sulfide, total [as S]",170,C3,MAX,Concentration3,ug/L,.17000001,mg/L,2,ug/L,,06/30/2022
PR0021539,001,00745,"Sulfide, total [as S]",6,C3,MAX,Concentration3,ug/L,.006,mg/L,2,ug/L,,07/31/2022
PR0021539,001,00745,"Sulfide, total [as S]",118,C3,MAX,Concentration3,ug/L,.11800001,mg/L,2,ug/L,,08/31/2022
PR0021539,001,00745,"Sulfide, total [as S]",202,C3,MAX,Concentration3,ug/L,.20200001,mg/L,2,ug/L,,09/30/2022
PR0021539,001,00745,"Sulfide, total [as S]",260,C3,MAX,Concentration3,ug/L,.26000001,mg/L,2,ug/L,,10/31/2022
PR0021539,001,00745,"Sulfide, total [as S]",420,C3,MAX,Concentration3,ug/L,.42000002,mg/L,2,ug/L,,11/30/2022
PR0021539,001,00745,"Sulfide, total [as S]",5,C3,MAX,Concentration3,ug/L,.005,mg/L,2,ug/L,,12/31/2022
PR0021539,001,00745,"Sulfide, total [as S]",4,C3,MAX,Concentration3,ug/L,.004,mg/L,2,ug/L,,01/31/2023
PR0021539,001,00745,"Sulfide, total [as S]",50,C3,MAX,Concentration3,ug/L,.05,mg/L,2,ug/L,,02/28/2023
PR0021539,001,00745,"Sulfide, total [as S]",9,C3,MAX,Concentration3,ug/L,.009,mg/L,2,ug/L,,03/31/2023
PR0021539,001,00745,"Sulfide, total [as S]",33,C3,MAX,Concentration3,ug/L,.033,mg/L,2,ug/L,,04/30/2023
PR0021539,001,00745,"Sulfide, total [as S]",888,C3,MAX,Concentration3,ug/L,.88800004,mg/L,2,ug/L,,05/31/2023
PR0021539,001,00745,"Sulfide, total [as S]",26,C3,MAX,Concentration3,ug/L,.026,mg/L,2,ug/L,,06/30/2023
PR0021539,001,00745,"Sulfide, total [as S]",256,C3,MAX,Concentration3,ug/L,.25600001,mg/L,2,ug/L,,07/31/2023
PR0021539,001,00745,"Sulfide, total [as S]",120,C3,MAX,Concentration3,ug/L,.12000001,mg/L,2,ug/L,,08/31/2023
PR0021539,001,00745,"Sulfide, total [as S]",140,C3,MAX,Concentration3,ug/L,.14000001,mg/L,2,ug/L,,09/30/2023
PR0021539,001,00745,"Sulfide, total [as S]",90,C3,MAX,Concentration3,ug/L,.09,mg/L,2,ug/L,,10/31/2023
PR0021539,001,00745,"Sulfide, total [as S]",14,C3,MAX,Concentration3,ug/L,.014,mg/L,2,ug/L,,11/30/2023
PR0021539,001,00745,"Sulfide, total [as S]",124,C3,MAX,Concentration3,ug/L,.12400001,mg/L,2,ug/L,,12/31/2023
PR0021539,001,00745,"Sulfide, total [as S]",40,C3,MAX,Concentration3,ug/L,.04,mg/L,2,ug/L,,01/31/2024
PR0021539,001,00745,"Sulfide, total [as S]",13,C3,MAX,Concentration3,ug/L,.013,mg/L,2,ug/L,,02/29/2024
PR0021539,001,00745,"Sulfide, total [as S]",10,C3,MAX,Concentration3,ug/L,.01,mg/L,2,ug/L,,03/31/2024
PR0021539,001,00745,"Sulfide, total [as S]",322,C3,MAX,Concentration3,ug/L,.32200002,mg/L,2,ug/L,,04/30/2024
PR0021539,001,00745,"Sulfide, total [as S]",348,C3,MAX,Concentration3,ug/L,.34800002,mg/L,2,ug/L,,05/31/2024
PR0021539,001,00745,"Sulfide, total [as S]",348,C3,MAX,Concentration3,ug/L,.34800002,mg/L,2,ug/L,,05/31/2024
PR0021539,001,00745,"Sulfide, total [as S]",960,C3,MAX,Concentration3,ug/L,.96000005,mg/L,2,ug/L,,06/30/2024
PR0021539,001,00745,"Sulfide, total [as S]",960,C3,MAX,Concentration3,ug/L,.96000005,mg/L,2,ug/L,,06/30/2024
PR0021539,001,00745,"Sulfide, total [as S]",224,C3,MAX,Concentration3,ug/L,.22400001,mg/L,2,ug/L,,07/31/2024
PR0021539,001,00745,"Sulfide, total [as S]",224,C3,MAX,Concentration3,ug/L,.22400001,mg/L,2,ug/L,,07/31/2024
PR0021539,001,00745,"Sulfide, total [as S]",6,C3,MAX,Concentration3,ug/L,.006,mg/L,2,ug/L,,08/31/2024
PR0021539,001,00745,"Sulfide, total [as S]",6,C3,MAX,Concentration3,ug/L,.006,mg/L,2,ug/L,,08/31/2024
PR0021539,001,00745,"Sulfide, total [as S]",120,C3,MAX,Concentration3,ug/L,.12000001,mg/L,2,ug/L,,09/30/2024
PR0021539,001,00745,"Sulfide, total [as S]",120,C3,MAX,Concentration3,ug/L,.12000001,mg/L,2,ug/L,,09/30/2024
PR0021539,001,00745,"Sulfide, total [as S]",30,C3,MAX,Concentration3,ug/L,.03,mg/L,2,ug/L,,10/31/2024
PR0021539,001,00745,"Sulfide, total [as S]",30,C3,MAX,Concentration3,ug/L,.03,mg/L,2,ug/L,,10/31/2024
PR0021539,001,00745,"Sulfide, total [as S]",28,C3,MAX,Concentration3,ug/L,.028,mg/L,2,ug/L,,11/30/2024
PR0021539,001,00745,"Sulfide, total [as S]",28,C3,MAX,Concentration3,ug/L,.028,mg/L,2,ug/L,,11/30/2024
PR0021539,001,00745,"Sulfide, total [as S]",240,C3,MAX,Concentration3,ug/L,.24000001,mg/L,2,ug/L,,12/31/2024
PR0021539,001,00745,"Sulfide, total [as S]",240,C3,MAX,Concentration3,ug/L,.24000001,mg/L,2,ug/L,,12/31/2024
PR0021539,001,00745,"Sulfide, total [as S]",296,C3,MAX,Concentration3,ug/L,.29600001,mg/L,2,ug/L,,01/31/2025
PR0021539,001,00745,"Sulfide, total [as S]",296,C3,MAX,Concentration3,ug/L,.29600001,mg/L,2,ug/L,,01/31/2025
PR0021539,001,00745,"Sulfide, total [as S]",12,C3,MAX,Concentration3,ug/L,.012,mg/L,2,ug/L,,02/28/2025
PR0021539,001,00745,"Sulfide, total [as S]",12,C3,MAX,Concentration3,ug/L,.012,mg/L,2,ug/L,,02/28/2025
PR0021539,001,00745,"Sulfide, total [as S]",36,C3,MAX,Concentration3,ug/L,.036,mg/L,2,ug/L,,03/31/2025
PR0021539,001,00745,"Sulfide, total [as S]",36,C3,MAX,Concentration3,ug/L,.036,mg/L,2,ug/L,,03/31/2025
PR0021539,001,00745,"Sulfide, total [as S]",322,C3,MAX,Concentration3,ug/L,.32200002,mg/L,2,ug/L,,04/30/2025
PR0021539,001,00745,"Sulfide, total [as S]",24,C3,MAX,Concentration3,ug/L,.024,mg/L,2,ug/L,,05/31/2025
PR0021539,001,00745,"Sulfide, total [as S]",112,C3,MAX,Concentration3,ug/L,.11200001,mg/L,2,ug/L,,06/30/2025
PR0021539,001,00745,"Sulfide, total [as S]",333,C3,MAX,Concentration3,ug/L,.33300002,mg/L,2,ug/L,,07/31/2025
PR0021539,001,00745,"Sulfide, total [as S]",630,C3,MAX,Concentration3,ug/L,.63000003,mg/L,2,ug/L,,08/31/2025
PR0021539,001,00745,"Sulfide, total [as S]",260,C3,MAX,Concentration3,ug/L,.26000001,mg/L,2,ug/L,,09/30/2025
PR0021539,001,00745,"Sulfide, total [as S]",370,C3,MAX,Concentration3,ug/L,.37000002,mg/L,2,ug/L,,10/31/2025
PR0021539,001,00745,"Sulfide, total [as S]",26,C3,MAX,Concentration3,ug/L,.026,mg/L,2,ug/L,,11/30/2025
PR0021539,001,00745,"Sulfide, total [as S]",NA,C3,MAX,Concentration3,,,mg/L,2,ug/L,,12/31/2025
PR0021539,001,00951,"Fluoride, total [as F]",100,C3,MAX,Concentration3,ug/L,.1,mg/L,700,ug/L,,01/31/2020
PR0021539,001,00951,"Fluoride, total [as F]",100,C3,MAX,Concentration3,ug/L,.1,mg/L,700,ug/L,,02/29/2020
PR0021539,001,00951,"Fluoride, total [as F]",110,C3,MAX,Concentration3,ug/L,.11000001,mg/L,700,ug/L,,03/31/2020
PR0021539,001,00951,"Fluoride, total [as F]",120,C3,MAX,Concentration3,ug/L,.12000001,mg/L,700,ug/L,,04/30/2020
PR0021539,001,00951,"Fluoride, total [as F]",10,C3,MAX,Concentration3,ug/L,.01,mg/L,700,ug/L,,05/31/2020
PR0021539,001,00951,"Fluoride, total [as F]",150,C3,MAX,Concentration3,ug/L,.15000001,mg/L,700,ug/L,,06/30/2020
PR0021539,001,00951,"Fluoride, total [as F]",10,C3,MAX,Concentration3,ug/L,.01,mg/L,700,ug/L,,07/31/2020
PR0021539,001,00951,"Fluoride, total [as F]",0.2,C3,MAX,Concentration3,ug/L,.0002,mg/L,700,ug/L,,08/31/2020
PR0021539,001,30500,"Coliform, fecal - % samples exceeding limit",0,C3,AVG,Concentration3,%,0,%,20,%,,01/31/2020
PR0021539,001,30500,"Coliform, fecal - % samples exceeding limit",0,C3,AVG,Concentration3,%,0,%,20,%,,02/29/2020
PR0021539,001,30500,"Coliform, fecal - % samples exceeding limit",0,C3,AVG,Concentration3,%,0,%,20,%,,03/31/2020
PR0021539,001,30500,"Coliform, fecal - % samples exceeding limit",0,C3,AVG,Concentration3,%,0,%,20,%,,04/30/2020
PR0021539,001,30500,"Coliform, fecal - % samples exceeding limit",0,C3,AVG,Concentration3,%,0,%,20,%,,05/31/2020
PR0021539,001,30500,"Coliform, fecal - % samples exceeding limit",0,C3,AVG,Concentration3,%,0,%,20,%,,06/30/2020
PR0021539,001,30500,"Coliform, fecal - % samples exceeding limit",0,C3,AVG,Concentration3,%,0,%,20,%,,07/31/2020
PR0021539,001,30500,"Coliform, fecal - % samples exceeding limit",0,C3,AVG,Concentration3,%,0,%,20,%,,08/31/2020
PR0021539,001,38260,Surfactants [MBAS],0.41,C3,MAX,Concentration3,ug/L,.00041,mg/L,500,ug/L,,01/31/2020
PR0021539,001,38260,Surfactants [MBAS],0.029,C3,MAX,Concentration3,ug/L,.000029,mg/L,500,ug/L,,02/29/2020
PR0021539,001,38260,Surfactants [MBAS],148,C3,MAX,Concentration3,ug/L,.14800001,mg/L,500,ug/L,,03/31/2020
PR0021539,001,38260,Surfactants [MBAS],0.037,C3,MAX,Concentration3,ug/L,.000037,mg/L,500,ug/L,,04/30/2020
PR0021539,001,38260,Surfactants [MBAS],59,C3,MAX,Concentration3,ug/L,.059,mg/L,500,ug/L,,05/31/2020
PR0021539,001,38260,Surfactants [MBAS],0.24,C3,MAX,Concentration3,ug/L,.00024,mg/L,500,ug/L,,06/30/2020
PR0021539,001,38260,Surfactants [MBAS],10,C3,MAX,Concentration3,ug/L,.01,mg/L,500,ug/L,,07/31/2020
PR0021539,001,38260,Surfactants [MBAS],0.092,C3,MAX,Concentration3,ug/L,.000092,mg/L,500,ug/L,,08/31/2020
PR0021539,001,38260,Surfactants [MBAS],17,C3,MAX,Concentration3,ug/L,.017,mg/L,500,ug/L,,09/30/2020
PR0021539,001,38260,Surfactants [MBAS],10,C3,MAX,Concentration3,ug/L,.01,mg/L,500,ug/L,,10/31/2020
PR0021539,001,38260,Surfactants [MBAS],74,C3,MAX,Concentration3,ug/L,.074,mg/L,500,ug/L,,11/30/2020
PR0021539,001,38260,Surfactants [MBAS],41,C3,MAX,Concentration3,ug/L,.041,mg/L,500,ug/L,,12/31/2020
PR0021539,001,38260,Surfactants [MBAS],37,C3,MAX,Concentration3,ug/L,.037,mg/L,500,ug/L,,01/31/2021
PR0021539,001,38260,Surfactants [MBAS],64,C3,MAX,Concentration3,ug/L,.064,mg/L,500,ug/L,,02/28/2021
PR0021539,001,38260,Surfactants [MBAS],19,C3,MAX,Concentration3,ug/L,.019,mg/L,500,ug/L,,03/31/2021
PR0021539,001,38260,Surfactants [MBAS],40,C3,MAX,Concentration3,ug/L,.04,mg/L,500,ug/L,,04/30/2021
PR0021539,001,38260,Surfactants [MBAS],22,C3,MAX,Concentration3,ug/L,.022,mg/L,500,ug/L,,05/31/2021
PR0021539,001,38260,Surfactants [MBAS],38,C3,MAX,Concentration3,ug/L,.038,mg/L,500,ug/L,,06/30/2021
PR0021539,001,38260,Surfactants [MBAS],51,C3,MAX,Concentration3,ug/L,.051,mg/L,500,ug/L,,07/31/2021
PR0021539,001,38260,Surfactants [MBAS],57,C3,MAX,Concentration3,ug/L,.057,mg/L,500,ug/L,,08/31/2021
PR0021539,001,38260,Surfactants [MBAS],42,C3,MAX,Concentration3,ug/L,.042,mg/L,500,ug/L,,09/30/2021
PR0021539,001,38260,Surfactants [MBAS],594,C3,MAX,Concentration3,ug/L,.59400003,mg/L,500,ug/L,,10/31/2021
PR0021539,001,38260,Surfactants [MBAS],10,C3,MAX,Concentration3,ug/L,.01,mg/L,500,ug/L,,11/30/2021
PR0021539,001,38260,Surfactants [MBAS],117,C3,MAX,Concentration3,ug/L,.11700001,mg/L,500,ug/L,,12/31/2021
PR0021539,001,38260,Surfactants [MBAS],28,C3,MAX,Concentration3,ug/L,.028,mg/L,500,ug/L,,01/31/2022
PR0021539,001,38260,Surfactants [MBAS],48,C3,MAX,Concentration3,ug/L,.048,mg/L,500,ug/L,,02/28/2022
PR0021539,001,38260,Surfactants [MBAS],31,C3,MAX,Concentration3,ug/L,.031,mg/L,500,ug/L,,03/31/2022
PR0021539,001,38260,Surfactants [MBAS],148,C3,MAX,Concentration3,ug/L,.14800001,mg/L,500,ug/L,,04/30/2022
PR0021539,001,38260,Surfactants [MBAS],58,C3,MAX,Concentration3,ug/L,.058,mg/L,500,ug/L,,05/31/2022
PR0021539,001,38260,Surfactants [MBAS],10,C3,MAX,Concentration3,ug/L,.01,mg/L,500,ug/L,,06/30/2022
PR0021539,001,38260,Surfactants [MBAS],10,C3,MAX,Concentration3,ug/L,.01,mg/L,500,ug/L,,07/31/2022
PR0021539,001,38260,Surfactants [MBAS],148,C3,MAX,Concentration3,ug/L,.14800001,mg/L,500,ug/L,,08/31/2022
PR0021539,001,38260,Surfactants [MBAS],10,C3,MAX,Concentration3,ug/L,.01,mg/L,500,ug/L,,09/30/2022
PR0021539,001,38260,Surfactants [MBAS],10,C3,MAX,Concentration3,ug/L,.01,mg/L,500,ug/L,,10/31/2022
PR0021539,001,38260,Surfactants [MBAS],45,C3,MAX,Concentration3,ug/L,.045,mg/L,500,ug/L,,11/30/2022
PR0021539,001,38260,Surfactants [MBAS],25,C3,MAX,Concentration3,ug/L,.025,mg/L,500,ug/L,,12/31/2022
PR0021539,001,38260,Surfactants [MBAS],80,C3,MAX,Concentration3,ug/L,.08,mg/L,500,ug/L,,01/31/2023
PR0021539,001,38260,Surfactants [MBAS],34,C3,MAX,Concentration3,ug/L,.034,mg/L,500,ug/L,,02/28/2023
PR0021539,001,38260,Surfactants [MBAS],40,C3,MAX,Concentration3,ug/L,.04,mg/L,500,ug/L,,03/31/2023
PR0021539,001,38260,Surfactants [MBAS],33,C3,MAX,Concentration3,ug/L,.033,mg/L,500,ug/L,,04/30/2023
PR0021539,001,38260,Surfactants [MBAS],10,C3,MAX,Concentration3,ug/L,.01,mg/L,500,ug/L,,05/31/2023
PR0021539,001,38260,Surfactants [MBAS],39,C3,MAX,Concentration3,ug/L,.039,mg/L,500,ug/L,,06/30/2023
PR0021539,001,38260,Surfactants [MBAS],17,C3,MAX,Concentration3,ug/L,.017,mg/L,500,ug/L,,07/31/2023
PR0021539,001,38260,Surfactants [MBAS],173,C3,MAX,Concentration3,ug/L,.17300001,mg/L,500,ug/L,,08/31/2023
PR0021539,001,38260,Surfactants [MBAS],39,C3,MAX,Concentration3,ug/L,.039,mg/L,500,ug/L,,09/30/2023
PR0021539,001,38260,Surfactants [MBAS],10,C3,MAX,Concentration3,ug/L,.01,mg/L,500,ug/L,,10/31/2023
PR0021539,001,38260,Surfactants [MBAS],12,C3,MAX,Concentration3,ug/L,.012,mg/L,500,ug/L,,11/30/2023
PR0021539,001,38260,Surfactants [MBAS],30,C3,MAX,Concentration3,ug/L,.03,mg/L,500,ug/L,,12/31/2023
PR0021539,001,38260,Surfactants [MBAS],96,C3,MAX,Concentration3,ug/L,.096,mg/L,500,ug/L,,01/31/2024
PR0021539,001,38260,Surfactants [MBAS],38,C3,MAX,Concentration3,ug/L,.038,mg/L,500,ug/L,,02/29/2024
PR0021539,001,38260,Surfactants [MBAS],45,C3,MAX,Concentration3,ug/L,.045,mg/L,500,ug/L,,03/31/2024
PR0021539,001,38260,Surfactants [MBAS],59,C3,MAX,Concentration3,ug/L,.059,mg/L,500,ug/L,,04/30/2024
PR0021539,001,38260,Surfactants [MBAS],67,C3,MAX,Concentration3,ug/L,.067,mg/L,500,ug/L,,05/31/2024
PR0021539,001,38260,Surfactants [MBAS],10,C3,MAX,Concentration3,ug/L,.01,mg/L,500,ug/L,,06/30/2024
PR0021539,001,38260,Surfactants [MBAS],20,C3,MAX,Concentration3,ug/L,.02,mg/L,500,ug/L,,07/31/2024
PR0021539,001,38260,Surfactants [MBAS],10,C3,MAX,Concentration3,ug/L,.01,mg/L,500,ug/L,,08/31/2024
PR0021539,001,38260,Surfactants [MBAS],10,C3,MAX,Concentration3,ug/L,.01,mg/L,500,ug/L,,09/30/2024
PR0021539,001,38260,Surfactants [MBAS],10,C3,MAX,Concentration3,ug/L,.01,mg/L,500,ug/L,,10/31/2024
PR0021539,001,38260,Surfactants [MBAS],10,C3,MAX,Concentration3,ug/L,.01,mg/L,500,ug/L,,11/30/2024
PR0021539,001,38260,Surfactants [MBAS],20,C3,MAX,Concentration3,ug/L,.02,mg/L,500,ug/L,,12/31/2024
PR0021539,001,38260,Surfactants [MBAS],107,C3,MAX,Concentration3,ug/L,.10700001,mg/L,500,ug/L,,01/31/2025
PR0021539,001,38260,Surfactants [MBAS],27,C3,MAX,Concentration3,ug/L,.027,mg/L,500,ug/L,,02/28/2025
PR0021539,001,38260,Surfactants [MBAS],38,C3,MAX,Concentration3,ug/L,.038,mg/L,500,ug/L,,03/31/2025
PR0021539,001,38260,Surfactants [MBAS],59,C3,MAX,Concentration3,ug/L,.059,mg/L,500,ug/L,,04/30/2025
PR0021539,001,38260,Surfactants [MBAS],48,C3,MAX,Concentration3,ug/L,.048,mg/L,500,ug/L,,05/31/2025
PR0021539,001,38260,Surfactants [MBAS],43,C3,MAX,Concentration3,ug/L,.043,mg/L,500,ug/L,,06/30/2025
PR0021539,001,38260,Surfactants [MBAS],370,C3,MAX,Concentration3,ug/L,.37000002,mg/L,500,ug/L,,07/31/2025
PR0021539,001,38260,Surfactants [MBAS],20,C3,MAX,Concentration3,ug/L,.02,mg/L,500,ug/L,,08/31/2025
PR0021539,001,38260,Surfactants [MBAS],10,C3,MAX,Concentration3,ug/L,.01,mg/L,500,ug/L,,09/30/2025
PR0021539,001,38260,Surfactants [MBAS],10,C3,MAX,Concentration3,ug/L,.01,mg/L,500,ug/L,,10/31/2025
PR0021539,001,38260,Surfactants [MBAS],16,C3,MAX,Concentration3,ug/L,.016,mg/L,500,ug/L,,11/30/2025
PR0021539,001,38260,Surfactants [MBAS],NA,C3,MAX,Concentration3,,,mg/L,500,ug/L,,12/31/2025
PR0021539,001,50050,"Flow, in conduit or thru treatment plant",0.008071,Q2,MAX,Quantity2,MGD,.008071,MGD,.1,MGD,,01/31/2020
PR0021539,001,50050,"Flow, in conduit or thru treatment plant",0.004783,Q2,MAX,Quantity2,MGD,.004783,MGD,.1,MGD,,02/29/2020
PR0021539,001,50050,"Flow, in conduit or thru treatment plant",0.01589,Q2,MAX,Quantity2,MGD,.01589,MGD,.1,MGD,,03/31/2020
PR0021539,001,50050,"Flow, in conduit or thru treatment plant",0.002318,Q2,MAX,Quantity2,MGD,.002318,MGD,.1,MGD,,04/30/2020
PR0021539,001,50050,"Flow, in conduit or thru treatment plant",0.00503,Q2,MAX,Quantity2,MGD,.00503,MGD,.1,MGD,,05/31/2020
PR0021539,001,50050,"Flow, in conduit or thru treatment plant",0.005383,Q2,MAX,Quantity2,MGD,.005383,MGD,.1,MGD,,06/30/2020
PR0021539,001,50050,"Flow, in conduit or thru treatment plant",0.0315,Q2,MAX,Quantity2,MGD,.0315,MGD,.1,MGD,,07/31/2020
PR0021539,001,50050,"Flow, in conduit or thru treatment plant",0.06146,Q2,MAX,Quantity2,MGD,.06146,MGD,.1,MGD,,08/31/2020
PR0021539,001,50050,"Flow, in conduit or thru treatment plant",0.030841,Q2,MAX,Quantity2,MGD,.030841,MGD,.1,MGD,,09/30/2020
PR0021539,001,50050,"Flow, in conduit or thru treatment plant",0.1,Q2,MAX,Quantity2,MGD,.1,MGD,.1,MGD,,10/31/2020
PR0021539,001,50050,"Flow, in conduit or thru treatment plant",0.2,Q2,MAX,Quantity2,MGD,.2,MGD,.1,MGD,,11/30/2020
PR0021539,001,50050,"Flow, in conduit or thru treatment plant",0.2,Q2,MAX,Quantity2,MGD,.2,MGD,.1,MGD,,11/30/2020
PR0021539,001,50050,"Flow, in conduit or thru treatment plant",0.214741,Q2,MAX,Quantity2,MGD,.214741,MGD,.1,MGD,,12/31/2020
PR0021539,001,50050,"Flow, in conduit or thru treatment plant",0.214741,Q2,MAX,Quantity2,MGD,.214741,MGD,.1,MGD,,12/31/2020
PR0021539,001,50050,"Flow, in conduit or thru treatment plant",0.4,Q2,MAX,Quantity2,MGD,.4,MGD,.1,MGD,,01/31/2021
PR0021539,001,50050,"Flow, in conduit or thru treatment plant",0.4,Q2,MAX,Quantity2,MGD,.4,MGD,.1,MGD,,01/31/2021
PR0021539,001,50050,"Flow, in conduit or thru treatment plant",0.4,Q2,MAX,Quantity2,MGD,.4,MGD,.1,MGD,,02/28/2021
PR0021539,001,50050,"Flow, in conduit or thru treatment plant",0.4,Q2,MAX,Quantity2,MGD,.4,MGD,.1,MGD,,02/28/2021
PR0021539,001,50050,"Flow, in conduit or thru treatment plant",0.19,Q2,MAX,Quantity2,MGD,.19,MGD,.1,MGD,,03/31/2021
PR0021539,001,50050,"Flow, in conduit or thru treatment plant",0.19,Q2,MAX,Quantity2,MGD,.19,MGD,.1,MGD,,03/31/2021
PR0021539,001,50050,"Flow, in conduit or thru treatment plant",0.2,Q2,MAX,Quantity2,MGD,.2,MGD,.1,MGD,,04/30/2021
PR0021539,001,50050,"Flow, in conduit or thru treatment plant",1.46,Q2,MAX,Quantity2,MGD,1.46,MGD,.1,MGD,,05/31/2021
PR0021539,001,50050,"Flow, in conduit or thru treatment plant",0.128292,Q2,MAX,Quantity2,MGD,.128292,MGD,.1,MGD,,06/30/2021
PR0021539,001,50050,"Flow, in conduit or thru treatment plant",0.074,Q2,MAX,Quantity2,MGD,.074,MGD,.1,MGD,,07/31/2021
PR0021539,001,50050,"Flow, in conduit or thru treatment plant",0.31,Q2,MAX,Quantity2,MGD,.31,MGD,.1,MGD,,08/31/2021
PR0021539,001,50050,"Flow, in conduit or thru treatment plant",0.02,Q2,MAX,Quantity2,MGD,.02,MGD,.1,MGD,,09/30/2021
PR0021539,001,50050,"Flow, in conduit or thru treatment plant",0.02,Q2,MAX,Quantity2,MGD,.02,MGD,.1,MGD,,10/31/2021
PR0021539,001,50050,"Flow, in conduit or thru treatment plant",0.008,Q2,MAX,Quantity2,MGD,.008,MGD,.1,MGD,,11/30/2021
PR0021539,001,50050,"Flow, in conduit or thru treatment plant",0.01,Q2,MAX,Quantity2,MGD,.01,MGD,.1,MGD,,12/31/2021
PR0021539,001,50050,"Flow, in conduit or thru treatment plant",0.02,Q2,MAX,Quantity2,MGD,.02,MGD,.1,MGD,,01/31/2022
PR0021539,001,50050,"Flow, in conduit or thru treatment plant",0.008,Q2,MAX,Quantity2,MGD,.008,MGD,.1,MGD,,02/28/2022
PR0021539,001,50050,"Flow, in conduit or thru treatment plant",0.01,Q2,MAX,Quantity2,MGD,.01,MGD,.1,MGD,,03/31/2022
PR0021539,001,50050,"Flow, in conduit or thru treatment plant",0.02,Q2,MAX,Quantity2,MGD,.02,MGD,.1,MGD,,04/30/2022
PR0021539,001,50050,"Flow, in conduit or thru treatment plant",0.01,Q2,MAX,Quantity2,MGD,.01,MGD,.1,MGD,,05/31/2022
PR0021539,001,50050,"Flow, in conduit or thru treatment plant",0.01,Q2,MAX,Quantity2,MGD,.01,MGD,.1,MGD,,06/30/2022
PR0021539,001,50050,"Flow, in conduit or thru treatment plant",0.3,Q2,MAX,Quantity2,MGD,.3,MGD,.1,MGD,,07/31/2022
PR0021539,001,50050,"Flow, in conduit or thru treatment plant",0.01,Q2,MAX,Quantity2,MGD,.01,MGD,.1,MGD,,08/31/2022
PR0021539,001,50050,"Flow, in conduit or thru treatment plant",0.068861,Q2,MAX,Quantity2,MGD,.068861,MGD,.1,MGD,,09/30/2022
PR0021539,001,50050,"Flow, in conduit or thru treatment plant",0.02,Q2,MAX,Quantity2,MGD,.02,MGD,.1,MGD,,10/31/2022
PR0021539,001,50050,"Flow, in conduit or thru treatment plant",0.0299,Q2,MAX,Quantity2,MGD,.0299,MGD,.1,MGD,,11/30/2022
PR0021539,001,50050,"Flow, in conduit or thru treatment plant",0.1,Q2,MAX,Quantity2,MGD,.1,MGD,.1,MGD,,12/31/2022
PR0021539,001,50050,"Flow, in conduit or thru treatment plant",0.06,Q2,MAX,Quantity2,MGD,.06,MGD,.1,MGD,,01/31/2023
PR0021539,001,50050,"Flow, in conduit or thru treatment plant",0.006,Q2,MAX,Quantity2,MGD,.006,MGD,.1,MGD,,02/28/2023
PR0021539,001,50050,"Flow, in conduit or thru treatment plant",0.006,Q2,MAX,Quantity2,MGD,.006,MGD,.1,MGD,,03/31/2023
PR0021539,001,50050,"Flow, in conduit or thru treatment plant",0.02,Q2,MAX,Quantity2,MGD,.02,MGD,.1,MGD,,04/30/2023
PR0021539,001,50050,"Flow, in conduit or thru treatment plant",0.01,Q2,MAX,Quantity2,MGD,.01,MGD,.1,MGD,,05/31/2023
PR0021539,001,50050,"Flow, in conduit or thru treatment plant",0.009,Q2,MAX,Quantity2,MGD,.009,MGD,.1,MGD,,06/30/2023
PR0021539,001,50050,"Flow, in conduit or thru treatment plant",0.007,Q2,MAX,Quantity2,MGD,.007,MGD,.1,MGD,,07/31/2023
PR0021539,001,50050,"Flow, in conduit or thru treatment plant",0.025,Q2,MAX,Quantity2,MGD,.025,MGD,.1,MGD,,08/31/2023
PR0021539,001,50050,"Flow, in conduit or thru treatment plant",0.008,Q2,MAX,Quantity2,MGD,.008,MGD,.1,MGD,,09/30/2023
PR0021539,001,50050,"Flow, in conduit or thru treatment plant",0.009,Q2,MAX,Quantity2,MGD,.009,MGD,.1,MGD,,10/31/2023
PR0021539,001,50050,"Flow, in conduit or thru treatment plant",0.004,Q2,MAX,Quantity2,MGD,.004,MGD,.1,MGD,,11/30/2023
PR0021539,001,50050,"Flow, in conduit or thru treatment plant",0.007,Q2,MAX,Quantity2,MGD,.007,MGD,.1,MGD,,12/31/2023
PR0021539,001,50050,"Flow, in conduit or thru treatment plant",0.042,Q2,MAX,Quantity2,MGD,.042,MGD,.1,MGD,,01/31/2024
PR0021539,001,50050,"Flow, in conduit or thru treatment plant",0.008892,Q2,MAX,Quantity2,MGD,.008892,MGD,.1,MGD,,02/29/2024
PR0021539,001,50050,"Flow, in conduit or thru treatment plant",0.019,Q2,MAX,Quantity2,MGD,.019,MGD,.1,MGD,,03/31/2024
PR0021539,001,50050,"Flow, in conduit or thru treatment plant",0.01,Q2,MAX,Quantity2,MGD,.01,MGD,.1,MGD,,04/30/2024
PR0021539,001,50050,"Flow, in conduit or thru treatment plant",0.01263,Q2,MAX,Quantity2,MGD,.01263,MGD,.1,MGD,,05/31/2024
PR0021539,001,50050,"Flow, in conduit or thru treatment plant",0.007487,Q2,MAX,Quantity2,MGD,.007487,MGD,.1,MGD,,06/30/2024
PR0021539,001,50050,"Flow, in conduit or thru treatment plant",0.016549,Q2,MAX,Quantity2,MGD,.016549,MGD,.1,MGD,,07/31/2024
PR0021539,001,50050,"Flow, in conduit or thru treatment plant",0.010169,Q2,MAX,Quantity2,MGD,.010169,MGD,.1,MGD,,08/31/2024
PR0021539,001,50050,"Flow, in conduit or thru treatment plant",0.014443,Q2,MAX,Quantity2,MGD,.014443,MGD,.1,MGD,,09/30/2024
PR0021539,001,50050,"Flow, in conduit or thru treatment plant",0.004461,Q2,MAX,Quantity2,MGD,.004461,MGD,.1,MGD,,10/31/2024
PR0021539,001,50050,"Flow, in conduit or thru treatment plant",0.004961,Q2,MAX,Quantity2,MGD,.004961,MGD,.1,MGD,,11/30/2024
PR0021539,001,50050,"Flow, in conduit or thru treatment plant",0.018242,Q2,MAX,Quantity2,MGD,.018242,MGD,.1,MGD,,12/31/2024
PR0021539,001,50050,"Flow, in conduit or thru treatment plant",0.003312,Q2,MAX,Quantity2,MGD,.003312,MGD,.1,MGD,,01/31/2025
PR0021539,001,50050,"Flow, in conduit or thru treatment plant",0.003312,Q2,MAX,Quantity2,MGD,.003312,MGD,.1,MGD,,02/28/2025
PR0021539,001,50050,"Flow, in conduit or thru treatment plant",0.006075,Q2,MAX,Quantity2,MGD,.006075,MGD,.1,MGD,,03/31/2025
PR0021539,001,50050,"Flow, in conduit or thru treatment plant",0.012383,Q2,MAX,Quantity2,MGD,.012383,MGD,.1,MGD,,04/30/2025
PR0021539,001,50050,"Flow, in conduit or thru treatment plant",0.013279,Q2,MAX,Quantity2,MGD,.013279,MGD,.1,MGD,,05/31/2025
PR0021539,001,50050,"Flow, in conduit or thru treatment plant",0.010249,Q2,MAX,Quantity2,MGD,.010249,MGD,.1,MGD,,06/30/2025
PR0021539,001,50050,"Flow, in conduit or thru treatment plant",0.014677,Q2,MAX,Quantity2,MGD,.014677,MGD,.1,MGD,,07/31/2025
PR0021539,001,50050,"Flow, in conduit or thru treatment plant",0.006502,Q2,MAX,Quantity2,MGD,.006502,MGD,.1,MGD,,08/31/2025
PR0021539,001,50050,"Flow, in conduit or thru treatment plant",0.006734,Q2,MAX,Quantity2,MGD,.006734,MGD,.1,MGD,,09/30/2025
PR0021539,001,50050,"Flow, in conduit or thru treatment plant",0.006004,Q2,MAX,Quantity2,MGD,.006004,MGD,.1,MGD,,10/31/2025
PR0021539,001,50050,"Flow, in conduit or thru treatment plant",0.006004,Q2,MAX,Quantity2,MGD,.006004,MGD,.1,MGD,,11/30/2025
PR0021539,001,50050,"Flow, in conduit or thru treatment plant",NA,Q2,MAX,Quantity2,,,MGD,.1,MGD,,12/31/2025
PR0021539,001,50060,"Chlorine, total residual",0.01,C3,MAX,Concentration3,mg/L,.01,mg/L,.5,mg/L,,01/31/2020
PR0021539,001,50060,"Chlorine, total residual",0,C3,MAX,Concentration3,mg/L,0,mg/L,.5,mg/L,,02/29/2020
PR0021539,001,50060,"Chlorine, total residual",0.01,C3,MAX,Concentration3,mg/L,.01,mg/L,.5,mg/L,,03/31/2020
PR0021539,001,50060,"Chlorine, total residual",0,C3,MAX,Concentration3,mg/L,0,mg/L,.5,mg/L,,04/30/2020
PR0021539,001,50060,"Chlorine, total residual",0,C3,MAX,Concentration3,mg/L,0,mg/L,.5,mg/L,,05/31/2020
PR0021539,001,50060,"Chlorine, total residual",0,C3,MAX,Concentration3,mg/L,0,mg/L,.5,mg/L,,06/30/2020
PR0021539,001,50060,"Chlorine, total residual",2,C3,MAX,Concentration3,mg/L,2,mg/L,.5,mg/L,,07/31/2020
PR0021539,001,50060,"Chlorine, total residual",0.5,C3,MAX,Concentration3,mg/L,.5,mg/L,.5,mg/L,,08/31/2020
PR0021539,001,50060,"Chlorine, total residual",0.85,C3,MAX,Concentration3,ug/L,.00085,mg/L,7.5,ug/L,,09/30/2020
PR0021539,001,50060,"Chlorine, total residual",0.85,C3,MAX,Concentration3,ug/L,.00085,mg/L,7.5,ug/L,,10/31/2020
PR0021539,001,50060,"Chlorine, total residual",0.85,C3,MAX,Concentration3,ug/L,.00085,mg/L,7.5,ug/L,,11/30/2020
PR0021539,001,50060,"Chlorine, total residual",0.85,C3,MAX,Concentration3,ug/L,.00085,mg/L,7.5,ug/L,,12/31/2020
PR0021539,001,50060,"Chlorine, total residual",0,C3,MAX,Concentration3,ug/L,0,mg/L,7.5,ug/L,,01/31/2021
PR0021539,001,50060,"Chlorine, total residual",0.85,C3,MAX,Concentration3,ug/L,.00085,mg/L,7.5,ug/L,,02/28/2021
PR0021539,001,50060,"Chlorine, total residual",0.85,C3,MAX,Concentration3,ug/L,.00085,mg/L,7.5,ug/L,,03/31/2021
PR0021539,001,50060,"Chlorine, total residual",2,C3,MAX,Concentration3,ug/L,.002,mg/L,7.5,ug/L,,04/30/2021
PR0021539,001,50060,"Chlorine, total residual",1.05,C3,MAX,Concentration3,ug/L,.00105,mg/L,7.5,ug/L,,05/31/2021
PR0021539,001,50060,"Chlorine, total residual",0.5,C3,MAX,Concentration3,mg/L,.5,mg/L,7.5,ug/L,,06/30/2021
PR0021539,001,50060,"Chlorine, total residual",0.5,C3,MAX,Concentration3,ug/L,.0005,mg/L,7.5,ug/L,,07/31/2021
PR0021539,001,50060,"Chlorine, total residual",0.1,C3,MAX,Concentration3,ug/L,.0001,mg/L,7.5,ug/L,,08/31/2021
PR0021539,001,50060,"Chlorine, total residual",0,C3,MAX,Concentration3,ug/L,0,mg/L,7.5,ug/L,,09/30/2021
PR0021539,001,50060,"Chlorine, total residual",0.1,C3,MAX,Concentration3,ug/L,.0001,mg/L,7.5,ug/L,,10/31/2021
PR0021539,001,50060,"Chlorine, total residual",0,C3,MAX,Concentration3,ug/L,0,mg/L,7.5,ug/L,,11/30/2021
PR0021539,001,50060,"Chlorine, total residual",0,C3,MAX,Concentration3,ug/L,0,mg/L,7.5,ug/L,,12/31/2021
PR0021539,001,50060,"Chlorine, total residual",0,C3,MAX,Concentration3,ug/L,0,mg/L,7.5,ug/L,,01/31/2022
PR0021539,001,50060,"Chlorine, total residual",2,C3,MAX,Concentration3,ug/L,.002,mg/L,7.5,ug/L,,02/28/2022
PR0021539,001,50060,"Chlorine, total residual",0,C3,MAX,Concentration3,ug/L,0,mg/L,7.5,ug/L,,03/31/2022
PR0021539,001,50060,"Chlorine, total residual",0,C3,MAX,Concentration3,ug/L,0,mg/L,7.5,ug/L,,04/30/2022
PR0021539,001,50060,"Chlorine, total residual",0,C3,MAX,Concentration3,ug/L,0,mg/L,7.5,ug/L,,05/31/2022
PR0021539,001,50060,"Chlorine, total residual",0,C3,MAX,Concentration3,ug/L,0,mg/L,7.5,ug/L,,06/30/2022
PR0021539,001,50060,"Chlorine, total residual",0,C3,MAX,Concentration3,ug/L,0,mg/L,7.5,ug/L,,07/31/2022
PR0021539,001,50060,"Chlorine, total residual",0,C3,MAX,Concentration3,ug/L,0,mg/L,7.5,ug/L,,08/31/2022
PR0021539,001,50060,"Chlorine, total residual",0,C3,MAX,Concentration3,ug/L,0,mg/L,7.5,ug/L,,09/30/2022
PR0021539,001,50060,"Chlorine, total residual",0,C3,MAX,Concentration3,ug/L,0,mg/L,7.5,ug/L,,10/31/2022
PR0021539,001,50060,"Chlorine, total residual",0,C3,MAX,Concentration3,ug/L,0,mg/L,7.5,ug/L,,11/30/2022
PR0021539,001,50060,"Chlorine, total residual",0,C3,MAX,Concentration3,ug/L,0,mg/L,7.5,ug/L,,12/31/2022
PR0021539,001,50060,"Chlorine, total residual",2,C3,MAX,Concentration3,ug/L,.002,mg/L,7.5,ug/L,,01/31/2023
PR0021539,001,50060,"Chlorine, total residual",0,C3,MAX,Concentration3,ug/L,0,mg/L,7.5,ug/L,,02/28/2023
PR0021539,001,50060,"Chlorine, total residual",2.5,C3,MAX,Concentration3,ug/L,.0025,mg/L,7.5,ug/L,,03/31/2023
PR0021539,001,50060,"Chlorine, total residual",3.5,C3,MAX,Concentration3,ug/L,.0035,mg/L,7.5,ug/L,,04/30/2023
PR0021539,001,50060,"Chlorine, total residual",2.5,C3,MAX,Concentration3,ug/L,.0025,mg/L,7.5,ug/L,,05/31/2023
PR0021539,001,50060,"Chlorine, total residual",0,C3,MAX,Concentration3,ug/L,0,mg/L,7.5,ug/L,,06/30/2023
PR0021539,001,50060,"Chlorine, total residual",0,C3,MAX,Concentration3,ug/L,0,mg/L,7.5,ug/L,,07/31/2023
PR0021539,001,50060,"Chlorine, total residual",0,C3,MAX,Concentration3,ug/L,0,mg/L,7.5,ug/L,,08/31/2023
PR0021539,001,50060,"Chlorine, total residual",0,C3,MAX,Concentration3,ug/L,0,mg/L,7.5,ug/L,,09/30/2023
PR0021539,001,50060,"Chlorine, total residual",0,C3,MAX,Concentration3,ug/L,0,mg/L,7.5,ug/L,,10/31/2023
PR0021539,001,50060,"Chlorine, total residual",0,C3,MAX,Concentration3,ug/L,0,mg/L,7.5,ug/L,,11/30/2023
PR0021539,001,50060,"Chlorine, total residual",0,C3,MAX,Concentration3,ug/L,0,mg/L,7.5,ug/L,,12/31/2023
PR0021539,001,50060,"Chlorine, total residual",0,C3,MAX,Concentration3,ug/L,0,mg/L,7.5,ug/L,,01/31/2024
PR0021539,001,50060,"Chlorine, total residual",0,C3,MAX,Concentration3,ug/L,0,mg/L,7.5,ug/L,,02/29/2024
PR0021539,001,50060,"Chlorine, total residual",0,C3,MAX,Concentration3,ug/L,0,mg/L,7.5,ug/L,,03/31/2024
PR0021539,001,50060,"Chlorine, total residual",0,C3,MAX,Concentration3,ug/L,0,mg/L,7.5,ug/L,,04/30/2024
PR0021539,001,50060,"Chlorine, total residual",20,C3,MAX,Concentration3,ug/L,.02,mg/L,7.5,ug/L,,05/31/2024
PR0021539,001,50060,"Chlorine, total residual",20,C3,MAX,Concentration3,ug/L,.02,mg/L,7.5,ug/L,,05/31/2024
PR0021539,001,50060,"Chlorine, total residual",120,C3,MAX,Concentration3,ug/L,.12000001,mg/L,7.5,ug/L,,06/30/2024
PR0021539,001,50060,"Chlorine, total residual",120,C3,MAX,Concentration3,ug/L,.12000001,mg/L,7.5,ug/L,,06/30/2024
PR0021539,001,50060,"Chlorine, total residual",20,C3,MAX,Concentration3,ug/L,.02,mg/L,7.5,ug/L,,07/31/2024
PR0021539,001,50060,"Chlorine, total residual",20,C3,MAX,Concentration3,ug/L,.02,mg/L,7.5,ug/L,,07/31/2024
PR0021539,001,50060,"Chlorine, total residual",20,C3,MAX,Concentration3,ug/L,.02,mg/L,7.5,ug/L,,08/31/2024
PR0021539,001,50060,"Chlorine, total residual",20,C3,MAX,Concentration3,ug/L,.02,mg/L,7.5,ug/L,,08/31/2024
PR0021539,001,50060,"Chlorine, total residual",30,C3,MAX,Concentration3,ug/L,.03,mg/L,7.5,ug/L,,09/30/2024
PR0021539,001,50060,"Chlorine, total residual",30,C3,MAX,Concentration3,ug/L,.03,mg/L,7.5,ug/L,,09/30/2024
PR0021539,001,50060,"Chlorine, total residual",20,C3,MAX,Concentration3,ug/L,.02,mg/L,7.5,ug/L,,10/31/2024
PR0021539,001,50060,"Chlorine, total residual",20,C3,MAX,Concentration3,ug/L,.02,mg/L,7.5,ug/L,,10/31/2024
PR0021539,001,50060,"Chlorine, total residual",20,C3,MAX,Concentration3,ug/L,.02,mg/L,7.5,ug/L,,11/30/2024
PR0021539,001,50060,"Chlorine, total residual",20,C3,MAX,Concentration3,ug/L,.02,mg/L,7.5,ug/L,,11/30/2024
PR0021539,001,50060,"Chlorine, total residual",20,C3,MAX,Concentration3,ug/L,.02,mg/L,7.5,ug/L,,12/31/2024
PR0021539,001,50060,"Chlorine, total residual",20,C3,MAX,Concentration3,ug/L,.02,mg/L,7.5,ug/L,,12/31/2024
PR0021539,001,50060,"Chlorine, total residual",20,C3,MAX,Concentration3,ug/L,.02,mg/L,7.5,ug/L,,01/31/2025
PR0021539,001,50060,"Chlorine, total residual",20,C3,MAX,Concentration3,ug/L,.02,mg/L,7.5,ug/L,,01/31/2025
PR0021539,001,50060,"Chlorine, total residual",50,C3,MAX,Concentration3,ug/L,.05,mg/L,7.5,ug/L,,02/28/2025
PR0021539,001,50060,"Chlorine, total residual",50,C3,MAX,Concentration3,ug/L,.05,mg/L,7.5,ug/L,,02/28/2025
PR0021539,001,50060,"Chlorine, total residual",20,C3,MAX,Concentration3,ug/L,.02,mg/L,7.5,ug/L,,03/31/2025
PR0021539,001,50060,"Chlorine, total residual",20,C3,MAX,Concentration3,ug/L,.02,mg/L,7.5,ug/L,,03/31/2025
PR0021539,001,50060,"Chlorine, total residual",20,C3,MAX,Concentration3,ug/L,.02,mg/L,7.5,ug/L,,04/30/2025
PR0021539,001,50060,"Chlorine, total residual",20,C3,MAX,Concentration3,ug/L,.02,mg/L,7.5,ug/L,,05/31/2025
PR0021539,001,50060,"Chlorine, total residual",80,C3,MAX,Concentration3,ug/L,.08,mg/L,7.5,ug/L,,06/30/2025
PR0021539,001,50060,"Chlorine, total residual",470,C3,MAX,Concentration3,ug/L,.47000002,mg/L,7.5,ug/L,,07/31/2025
PR0021539,001,50060,"Chlorine, total residual",860,C3,MAX,Concentration3,ug/L,.86000004,mg/L,7.5,ug/L,,08/31/2025
PR0021539,001,50060,"Chlorine, total residual",36,C3,MAX,Concentration3,ug/L,.036,mg/L,7.5,ug/L,,09/30/2025
PR0021539,001,50060,"Chlorine, total residual",470,C3,MAX,Concentration3,ug/L,.47000002,mg/L,7.5,ug/L,,10/31/2025
PR0021539,001,50060,"Chlorine, total residual",490,C3,MAX,Concentration3,ug/L,.49000002,mg/L,7.5,ug/L,,11/30/2025
PR0021539,001,50060,"Chlorine, total residual",NA,C3,MAX,Concentration3,,,mg/L,7.5,ug/L,,12/31/2025
PR0021539,001,61211,Enterococci,1.83,C3,AVG,Concentration3,#/100mL,1.83,MPN/100mL,35,#/100mL,,01/31/2020
PR0021539,001,61211,Enterococci,1.831,C3,AVG,Concentration3,#/100mL,1.831,MPN/100mL,35,#/100mL,,02/29/2020
PR0021539,001,61211,Enterococci,1.8,C3,AVG,Concentration3,#/100mL,1.8,MPN/100mL,35,#/100mL,,03/31/2020
PR0021539,001,61211,Enterococci,1.8,C3,AVG,Concentration3,#/100mL,1.8,MPN/100mL,35,#/100mL,,04/30/2020
PR0021539,001,61211,Enterococci,1.8,C3,AVG,Concentration3,#/100mL,1.8,MPN/100mL,35,#/100mL,,05/31/2020
PR0021539,001,61211,Enterococci,1.8,C3,AVG,Concentration3,#/100mL,1.8,MPN/100mL,35,#/100mL,,06/30/2020
PR0021539,001,61211,Enterococci,1.8,C3,AVG,Concentration3,#/100mL,1.8,MPN/100mL,35,#/100mL,,07/31/2020
PR0021539,001,61211,Enterococci,1.8,C3,AVG,Concentration3,#/100mL,1.8,MPN/100mL,35,#/100mL,,08/31/2020
PR0021539,001,61211,Enterococci,1.8,C2,AVG,Concentration2,#/100mL,1.8,MPN/100mL,35,#/100mL,,09/30/2020
PR0021539,001,61211,Enterococci,1.8,C3,MAX,Concentration3,#/100mL,1.8,MPN/100mL,130,#/100mL,,09/30/2020
PR0021539,001,61211,Enterococci,1.8,C3,MAX,Concentration3,#/100mL,1.8,MPN/100mL,130,#/100mL,,10/31/2020
PR0021539,001,61211,Enterococci,1.8,C2,AVG,Concentration2,#/100mL,1.8,MPN/100mL,35,#/100mL,,10/31/2020
PR0021539,001,61211,Enterococci,1.8,C2,AVG,Concentration2,#/100mL,1.8,MPN/100mL,35,#/100mL,,11/30/2020
PR0021539,001,61211,Enterococci,1.8,C3,MAX,Concentration3,#/100mL,1.8,MPN/100mL,130,#/100mL,,11/30/2020
PR0021539,001,61211,Enterococci,1.8,C3,MAX,Concentration3,#/100mL,1.8,MPN/100mL,130,#/100mL,,12/31/2020
PR0021539,001,61211,Enterococci,1.8,C2,AVG,Concentration2,#/100mL,1.8,MPN/100mL,35,#/100mL,,12/31/2020
PR0021539,001,61211,Enterococci,1.8,C2,AVG,Concentration2,#/100mL,1.8,MPN/100mL,35,#/100mL,,01/31/2021
PR0021539,001,61211,Enterococci,1.8,C3,MAX,Concentration3,#/100mL,1.8,MPN/100mL,130,#/100mL,,01/31/2021
PR0021539,001,61211,Enterococci,1.8,C3,MAX,Concentration3,#/100mL,1.8,MPN/100mL,130,#/100mL,,02/28/2021
PR0021539,001,61211,Enterococci,1.8,C2,AVG,Concentration2,#/100mL,1.8,MPN/100mL,35,#/100mL,,02/28/2021
PR0021539,001,61211,Enterococci,1.8,C2,AVG,Concentration2,#/100mL,1.8,MPN/100mL,35,#/100mL,,03/31/2021
PR0021539,001,61211,Enterococci,1.8,C3,MAX,Concentration3,#/100mL,1.8,MPN/100mL,130,#/100mL,,03/31/2021
PR0021539,001,61211,Enterococci,1.8,C3,MAX,Concentration3,#/100mL,1.8,MPN/100mL,130,#/100mL,,04/30/2021
PR0021539,001,61211,Enterococci,1.8,C2,AVG,Concentration2,#/100mL,1.8,MPN/100mL,35,#/100mL,,04/30/2021
PR0021539,001,61211,Enterococci,3.25,C2,AVG,Concentration2,#/100mL,3.25,MPN/100mL,35,#/100mL,,05/31/2021
PR0021539,001,61211,Enterococci,6.81,C3,MAX,Concentration3,#/100mL,6.81,MPN/100mL,130,#/100mL,,05/31/2021
PR0021539,001,61211,Enterococci,7.8,C3,MAX,Concentration3,#/100mL,7.8,MPN/100mL,130,#/100mL,,06/30/2021
PR0021539,001,61211,Enterococci,5.94,C2,AVG,Concentration2,#/100mL,5.94,MPN/100mL,35,#/100mL,,06/30/2021
PR0021539,001,61211,Enterococci,3.45,C2,AVG,Concentration2,#/100mL,3.45,MPN/100mL,35,#/100mL,,07/31/2021
PR0021539,001,61211,Enterococci,5.88,C3,MAX,Concentration3,#/100mL,5.88,MPN/100mL,130,#/100mL,,07/31/2021
PR0021539,001,61211,Enterococci,1600,C3,MAX,Concentration3,#/100mL,1600,MPN/100mL,130,#/100mL,,08/31/2021
PR0021539,001,61211,Enterococci,53,C2,AVG,Concentration2,#/100mL,53,MPN/100mL,35,#/100mL,,08/31/2021
PR0021539,001,61211,Enterococci,5.56,C2,AVG,Concentration2,#/100mL,5.56,MPN/100mL,35,#/100mL,,09/30/2021
PR0021539,001,61211,Enterococci,13.92,C3,MAX,Concentration3,#/100mL,13.92,MPN/100mL,130,#/100mL,,09/30/2021
PR0021539,001,61211,Enterococci,1600,C3,MAX,Concentration3,#/100mL,1600,MPN/100mL,130,#/100mL,,10/31/2021
PR0021539,001,61211,Enterococci,352.67,C2,AVG,Concentration2,#/100mL,352.67,MPN/100mL,35,#/100mL,,10/31/2021
PR0021539,001,61211,Enterococci,1.8,C2,AVG,Concentration2,#/100mL,1.8,MPN/100mL,35,#/100mL,,11/30/2021
PR0021539,001,61211,Enterococci,1.8,C3,MAX,Concentration3,#/100mL,1.8,MPN/100mL,130,#/100mL,,11/30/2021
PR0021539,001,61211,Enterococci,1.8,C3,MAX,Concentration3,#/100mL,1.8,MPN/100mL,130,#/100mL,,12/31/2021
PR0021539,001,61211,Enterococci,1.8,C2,AVG,Concentration2,#/100mL,1.8,MPN/100mL,35,#/100mL,,12/31/2021
PR0021539,001,61211,Enterococci,1.81,C2,AVG,Concentration2,#/100mL,1.81,MPN/100mL,35,#/100mL,,01/31/2022
PR0021539,001,61211,Enterococci,1.82,C3,MAX,Concentration3,#/100mL,1.82,MPN/100mL,130,#/100mL,,01/31/2022
PR0021539,001,61211,Enterococci,51.1,C3,MAX,Concentration3,#/100mL,51.1,MPN/100mL,130,#/100mL,,02/28/2022
PR0021539,001,61211,Enterococci,15.44,C2,AVG,Concentration2,#/100mL,15.44,MPN/100mL,35,#/100mL,,02/28/2022
PR0021539,001,61211,Enterococci,2.78,C2,AVG,Concentration2,#/100mL,2.78,MPN/100mL,35,#/100mL,,03/31/2022
PR0021539,001,61211,Enterococci,7.8,C3,MAX,Concentration3,#/100mL,7.8,MPN/100mL,130,#/100mL,,03/31/2022
PR0021539,001,61211,Enterococci,1.82,C3,MAX,Concentration3,#/100mL,1.82,MPN/100mL,130,#/100mL,,04/30/2022
PR0021539,001,61211,Enterococci,1.81,C2,AVG,Concentration2,#/100mL,1.81,MPN/100mL,35,#/100mL,,04/30/2022
PR0021539,001,61211,Enterococci,1.8,C2,AVG,Concentration2,#/100mL,1.8,MPN/100mL,35,#/100mL,,05/31/2022
PR0021539,001,61211,Enterococci,1.8,C3,MAX,Concentration3,#/100mL,1.8,MPN/100mL,130,#/100mL,,05/31/2022
PR0021539,001,61211,Enterococci,1.8,C3,MAX,Concentration3,#/100mL,1.8,MPN/100mL,130,#/100mL,,06/30/2022
PR0021539,001,61211,Enterococci,1.8,C2,AVG,Concentration2,#/100mL,1.8,MPN/100mL,35,#/100mL,,06/30/2022
PR0021539,001,61211,Enterococci,1.8,C2,AVG,Concentration2,#/100mL,1.8,MPN/100mL,35,#/100mL,,07/31/2022
PR0021539,001,61211,Enterococci,1.8,C3,MAX,Concentration3,#/100mL,1.8,MPN/100mL,130,#/100mL,,07/31/2022
PR0021539,001,61211,Enterococci,177,C3,MAX,Concentration3,#/100mL,177,MPN/100mL,130,#/100mL,,08/31/2022
PR0021539,001,61211,Enterococci,11.932,C2,AVG,Concentration2,#/100mL,11.932,MPN/100mL,35,#/100mL,,08/31/2022
PR0021539,001,61211,Enterococci,1.8,C2,AVG,Concentration2,#/100mL,1.8,MPN/100mL,35,#/100mL,,09/30/2022
PR0021539,001,61211,Enterococci,1.8,C3,MAX,Concentration3,#/100mL,1.8,MPN/100mL,130,#/100mL,,09/30/2022
PR0021539,001,61211,Enterococci,1.8,C3,MAX,Concentration3,#/100mL,1.8,MPN/100mL,130,#/100mL,,10/31/2022
PR0021539,001,61211,Enterococci,1.8,C2,AVG,Concentration2,#/100mL,1.8,MPN/100mL,35,#/100mL,,10/31/2022
PR0021539,001,61211,Enterococci,1.8,C2,AVG,Concentration2,#/100mL,1.8,MPN/100mL,35,#/100mL,,11/30/2022
PR0021539,001,61211,Enterococci,1.8,C3,MAX,Concentration3,#/100mL,1.8,MPN/100mL,130,#/100mL,,11/30/2022
PR0021539,001,61211,Enterococci,1.8,C3,MAX,Concentration3,#/100mL,1.8,MPN/100mL,130,#/100mL,,12/31/2022
PR0021539,001,61211,Enterococci,1.8,C2,AVG,Concentration2,#/100mL,1.8,MPN/100mL,35,#/100mL,,12/31/2022
PR0021539,001,61211,Enterococci,1.8,C2,AVG,Concentration2,#/100mL,1.8,MPN/100mL,35,#/100mL,,01/31/2023
PR0021539,001,61211,Enterococci,1.8,C3,MAX,Concentration3,#/100mL,1.8,MPN/100mL,130,#/100mL,,01/31/2023
PR0021539,001,61211,Enterococci,1.8,C3,MAX,Concentration3,#/100mL,1.8,MPN/100mL,130,#/100mL,,02/28/2023
PR0021539,001,61211,Enterococci,1.8,C2,AVG,Concentration2,#/100mL,1.8,MPN/100mL,35,#/100mL,,02/28/2023
PR0021539,001,61211,Enterococci,1.8,C2,AVG,Concentration2,#/100mL,1.8,MPN/100mL,35,#/100mL,,03/31/2023
PR0021539,001,61211,Enterococci,1.8,C3,MAX,Concentration3,#/100mL,1.8,MPN/100mL,130,#/100mL,,03/31/2023
PR0021539,001,61211,Enterococci,1.8,C3,MAX,Concentration3,#/100mL,1.8,MPN/100mL,130,#/100mL,,04/30/2023
PR0021539,001,61211,Enterococci,1.8,C2,AVG,Concentration2,#/100mL,1.8,MPN/100mL,35,#/100mL,,04/30/2023
PR0021539,001,61211,Enterococci,32.736,C2,AVG,Concentration2,#/100mL,32.736,MPN/100mL,35,#/100mL,,05/31/2023
PR0021539,001,61211,Enterococci,1600,C3,MAX,Concentration3,#/100mL,1600,MPN/100mL,130,#/100mL,,05/31/2023
PR0021539,001,61211,Enterococci,1600,C3,MAX,Concentration3,#/100mL,1600,MPN/100mL,130,#/100mL,,06/30/2023
PR0021539,001,61211,Enterococci,53.66,C2,AVG,Concentration2,#/100mL,53.66,MPN/100mL,35,#/100mL,,06/30/2023
PR0021539,001,61211,Enterococci,10.93,C2,AVG,Concentration2,#/100mL,10.93,MPN/100mL,35,#/100mL,,07/31/2023
PR0021539,001,61211,Enterococci,82.1,C3,MAX,Concentration3,#/100mL,82.1,MPN/100mL,130,#/100mL,,07/31/2023
PR0021539,001,61211,Enterococci,139,C3,MAX,Concentration3,#/100mL,139,MPN/100mL,130,#/100mL,,08/31/2023
PR0021539,001,61211,Enterococci,29.48,C2,AVG,Concentration2,#/100mL,29.48,MPN/100mL,35,#/100mL,,08/31/2023
PR0021539,001,61211,Enterococci,2.88,C2,AVG,Concentration2,#/100mL,2.88,MPN/100mL,35,#/100mL,,09/30/2023
PR0021539,001,61211,Enterococci,6.9,C3,MAX,Concentration3,#/100mL,6.9,MPN/100mL,130,#/100mL,,09/30/2023
PR0021539,001,61211,Enterococci,251,C3,MAX,Concentration3,#/100mL,251,MPN/100mL,130,#/100mL,,10/31/2023
PR0021539,001,61211,Enterococci,18.52,C2,AVG,Concentration2,#/100mL,18.52,MPN/100mL,35,#/100mL,,10/31/2023
PR0021539,001,61211,Enterococci,1.81,C2,AVG,Concentration2,#/100mL,1.81,MPN/100mL,35,#/100mL,,11/30/2023
PR0021539,001,61211,Enterococci,1.82,C3,MAX,Concentration3,#/100mL,1.82,MPN/100mL,130,#/100mL,,11/30/2023
PR0021539,001,61211,Enterococci,1.82,C3,MAX,Concentration3,#/100mL,1.82,MPN/100mL,130,#/100mL,,12/31/2023
PR0021539,001,61211,Enterococci,1.81,C2,AVG,Concentration2,#/100mL,1.81,MPN/100mL,35,#/100mL,,12/31/2023
PR0021539,001,61211,Enterococci,37.6,C3,MAX,Concentration3,#/100mL,37.6,MPN/100mL,130,#/100mL,,01/31/2024
PR0021539,001,61211,Enterococci,7.322,C2,AVG,Concentration2,#/100mL,7.322,MPN/100mL,35,#/100mL,,01/31/2024
PR0021539,001,61211,Enterococci,1.82,C3,MAX,Concentration3,#/100mL,1.82,MPN/100mL,130,#/100mL,,02/29/2024
PR0021539,001,61211,Enterococci,1.81,C2,AVG,Concentration2,#/100mL,1.81,MPN/100mL,35,#/100mL,,02/29/2024
PR0021539,001,61211,Enterococci,1.81,C2,AVG,Concentration2,#/100mL,1.81,MPN/100mL,35,#/100mL,,03/31/2024
PR0021539,001,61211,Enterococci,1.82,C3,MAX,Concentration3,#/100mL,1.82,MPN/100mL,130,#/100mL,,03/31/2024
PR0021539,001,61211,Enterococci,1600,C3,MAX,Concentration3,#/100mL,1600,MPN/100mL,130,#/100mL,,04/30/2024
PR0021539,001,61211,Enterococci,54.8,C2,AVG,Concentration2,#/100mL,54.8,MPN/100mL,35,#/100mL,,04/30/2024
PR0021539,001,61211,Enterococci,114,C2,AVG,Concentration2,#/100mL,114,MPN/100mL,35,#/100mL,,05/31/2024
PR0021539,001,61211,Enterococci,114,C2,AVG,Concentration2,#/100mL,114,MPN/100mL,35,#/100mL,,05/31/2024
PR0021539,001,61211,Enterococci,240,C3,MAX,Concentration3,#/100mL,240,MPN/100mL,130,#/100mL,,05/31/2024
PR0021539,001,61211,Enterococci,240,C3,MAX,Concentration3,#/100mL,240,MPN/100mL,130,#/100mL,,05/31/2024
PR0021539,001,61211,Enterococci,540,C3,MAX,Concentration3,#/100mL,540,MPN/100mL,130,#/100mL,,06/30/2024
PR0021539,001,61211,Enterococci,540,C3,MAX,Concentration3,#/100mL,540,MPN/100mL,130,#/100mL,,06/30/2024
PR0021539,001,61211,Enterococci,223,C2,AVG,Concentration2,#/100mL,223,MPN/100mL,35,#/100mL,,06/30/2024
PR0021539,001,61211,Enterococci,223,C2,AVG,Concentration2,#/100mL,223,MPN/100mL,35,#/100mL,,06/30/2024
PR0021539,001,61211,Enterococci,1600,C3,MAX,Concentration3,#/100mL,1600,MPN/100mL,130,#/100mL,,07/31/2024
PR0021539,001,61211,Enterococci,848,C2,AVG,Concentration2,#/100mL,848,MPN/100mL,35,#/100mL,,07/31/2024
PR0021539,001,61211,Enterococci,848,C2,AVG,Concentration2,#/100mL,848,MPN/100mL,35,#/100mL,,07/31/2024
PR0021539,001,61211,Enterococci,1600,C3,MAX,Concentration3,#/100mL,1600,MPN/100mL,130,#/100mL,,07/31/2024
PR0021539,001,61211,Enterococci,68,C2,AVG,Concentration2,#/100mL,68,MPN/100mL,35,#/100mL,,08/31/2024
PR0021539,001,61211,Enterococci,94,C3,MAX,Concentration3,#/100mL,94,MPN/100mL,130,#/100mL,,08/31/2024
PR0021539,001,61211,Enterococci,68,C2,AVG,Concentration2,#/100mL,68,MPN/100mL,35,#/100mL,,08/31/2024
PR0021539,001,61211,Enterococci,86,C2,AVG,Concentration2,#/100mL,86,MPN/100mL,35,#/100mL,,09/30/2024
PR0021539,001,61211,Enterococci,86,C2,AVG,Concentration2,#/100mL,86,MPN/100mL,35,#/100mL,,09/30/2024
PR0021539,001,61211,Enterococci,140,C3,MAX,Concentration3,#/100mL,140,MPN/100mL,130,#/100mL,,09/30/2024
PR0021539,001,61211,Enterococci,140,C3,MAX,Concentration3,#/100mL,140,MPN/100mL,130,#/100mL,,09/30/2024
PR0021539,001,61211,Enterococci,1600,C3,MAX,Concentration3,#/100mL,1600,MPN/100mL,130,#/100mL,,10/31/2024
PR0021539,001,61211,Enterococci,1600,C3,MAX,Concentration3,#/100mL,1600,MPN/100mL,130,#/100mL,,10/31/2024
PR0021539,001,61211,Enterococci,1494,C2,AVG,Concentration2,#/100mL,1494,MPN/100mL,35,#/100mL,,10/31/2024
PR0021539,001,61211,Enterococci,1494,C2,AVG,Concentration2,#/100mL,1494,MPN/100mL,35,#/100mL,,10/31/2024
PR0021539,001,61211,Enterococci,1067,C2,AVG,Concentration2,#/100mL,1067,MPN/100mL,35,#/100mL,,11/30/2024
PR0021539,001,61211,Enterococci,1067,C2,AVG,Concentration2,#/100mL,1067,MPN/100mL,35,#/100mL,,11/30/2024
PR0021539,001,61211,Enterococci,1600,C3,MAX,Concentration3,#/100mL,1600,MPN/100mL,130,#/100mL,,11/30/2024
PR0021539,001,61211,Enterococci,1600,C3,MAX,Concentration3,#/100mL,1600,MPN/100mL,130,#/100mL,,11/30/2024
PR0021539,001,61211,Enterococci,920,C3,MAX,Concentration3,#/100mL,920,MPN/100mL,130,#/100mL,,12/31/2024
PR0021539,001,61211,Enterococci,920,C3,MAX,Concentration3,#/100mL,920,MPN/100mL,130,#/100mL,,12/31/2024
PR0021539,001,61211,Enterococci,414,C2,AVG,Concentration2,#/100mL,414,MPN/100mL,35,#/100mL,,12/31/2024
PR0021539,001,61211,Enterococci,414,C2,AVG,Concentration2,#/100mL,414,MPN/100mL,35,#/100mL,,12/31/2024
PR0021539,001,61211,Enterococci,212,C2,AVG,Concentration2,#/100mL,212,MPN/100mL,35,#/100mL,,01/31/2025
PR0021539,001,61211,Enterococci,350,C3,MAX,Concentration3,#/100mL,350,MPN/100mL,130,#/100mL,,01/31/2025
PR0021539,001,61211,Enterococci,350,C3,MAX,Concentration3,#/100mL,350,MPN/100mL,130,#/100mL,,01/31/2025
PR0021539,001,61211,Enterococci,212,C2,AVG,Concentration2,#/100mL,212,MPN/100mL,35,#/100mL,,01/31/2025
PR0021539,001,61211,Enterococci,274,C2,AVG,Concentration2,#/100mL,274,MPN/100mL,35,#/100mL,,02/28/2025
PR0021539,001,61211,Enterococci,540,C3,MAX,Concentration3,#/100mL,540,MPN/100mL,130,#/100mL,,02/28/2025
PR0021539,001,61211,Enterococci,540,C3,MAX,Concentration3,#/100mL,540,MPN/100mL,130,#/100mL,,02/28/2025
PR0021539,001,61211,Enterococci,274,C2,AVG,Concentration2,#/100mL,274,MPN/100mL,35,#/100mL,,02/28/2025
PR0021539,001,61211,Enterococci,621,C2,AVG,Concentration2,#/100mL,621,MPN/100mL,35,#/100mL,,03/31/2025
PR0021539,001,61211,Enterococci,1600,C3,MAX,Concentration3,#/100mL,1600,MPN/100mL,130,#/100mL,,03/31/2025
PR0021539,001,61211,Enterococci,1600,C3,MAX,Concentration3,#/100mL,1600,MPN/100mL,130,#/100mL,,03/31/2025
PR0021539,001,61211,Enterococci,621,C2,AVG,Concentration2,#/100mL,621,MPN/100mL,35,#/100mL,,03/31/2025
PR0021539,001,61211,Enterococci,1600,C3,MAX,Concentration3,#/100mL,1600,MPN/100mL,130,#/100mL,,04/30/2025
PR0021539,001,61211,Enterococci,1446,C2,AVG,Concentration2,#/100mL,1446,MPN/100mL,35,#/100mL,,04/30/2025
PR0021539,001,61211,Enterococci,772,C2,AVG,Concentration2,#/100mL,772,MPN/100mL,35,#/100mL,,05/31/2025
PR0021539,001,61211,Enterococci,1600,C3,MAX,Concentration3,#/100mL,1600,MPN/100mL,130,#/100mL,,05/31/2025
PR0021539,001,61211,Enterococci,1600,C3,MAX,Concentration3,#/100mL,1600,MPN/100mL,130,#/100mL,,06/30/2025
PR0021539,001,61211,Enterococci,1135,C2,AVG,Concentration2,#/100mL,1135,MPN/100mL,35,#/100mL,,06/30/2025
PR0021539,001,61211,Enterococci,1464,C2,AVG,Concentration2,#/100mL,1464,MPN/100mL,35,#/100mL,,07/31/2025
PR0021539,001,61211,Enterococci,1600,C3,MAX,Concentration3,#/100mL,1600,MPN/100mL,130,#/100mL,,07/31/2025
PR0021539,001,61211,Enterococci,1600,C3,MAX,Concentration3,#/100mL,1600,MPN/100mL,130,#/100mL,,08/31/2025
PR0021539,001,61211,Enterococci,808,C2,AVG,Concentration2,#/100mL,808,MPN/100mL,35,#/100mL,,08/31/2025
PR0021539,001,61211,Enterococci,164,C2,AVG,Concentration2,#/100mL,164,MPN/100mL,35,#/100mL,,09/30/2025
PR0021539,001,61211,Enterococci,11,C3,MAX,Concentration3,#/100mL,11,MPN/100mL,130,#/100mL,,09/30/2025
PR0021539,001,61211,Enterococci,63,C2,AVG,Concentration2,#/100mL,63,MPN/100mL,35,#/100mL,,10/31/2025
PR0021539,001,61211,Enterococci,130,C3,MAX,Concentration3,#/100mL,130,MPN/100mL,130,#/100mL,,10/31/2025
PR0021539,001,61211,Enterococci,111,C2,AVG,Concentration2,#/100mL,111,MPN/100mL,35,#/100mL,,11/30/2025
PR0021539,001,61211,Enterococci,170,C3,MAX,Concentration3,#/100mL,170,MPN/100mL,130,#/100mL,,11/30/2025
PR0021539,001,61211,Enterococci,NA,C3,MAX,Concentration3,,,MPN/100mL,130,#/100mL,,12/31/2025
PR0021539,001,61211,Enterococci,NA,C2,AVG,Concentration2,,,MPN/100mL,35,#/100mL,,12/31/2025
PR0021539,001,74055,"Coliform, fecal general",4.16,C2,AVG,Concentration2,#/100mL,4.16,MPN/100mL,200,#/100mL,,01/31/2020
PR0021539,001,74055,"Coliform, fecal general",36.6,C2,AVG,Concentration2,#/100mL,36.6,MPN/100mL,200,#/100mL,,02/29/2020
PR0021539,001,74055,"Coliform, fecal general",1.8,C2,AVG,Concentration2,#/100mL,1.8,MPN/100mL,200,#/100mL,,03/31/2020
PR0021539,001,74055,"Coliform, fecal general",1.8,C2,AVG,Concentration2,#/100mL,1.8,MPN/100mL,200,#/100mL,,04/30/2020
PR0021539,001,74055,"Coliform, fecal general",1.8,C2,AVG,Concentration2,#/100mL,1.8,MPN/100mL,200,#/100mL,,05/31/2020
PR0021539,001,74055,"Coliform, fecal general",1.8,C2,AVG,Concentration2,#/100mL,1.8,MPN/100mL,200,#/100mL,,06/30/2020
PR0021539,001,74055,"Coliform, fecal general",1.8,C2,AVG,Concentration2,#/100mL,1.8,MPN/100mL,200,#/100mL,,07/31/2020
PR0021539,001,74055,"Coliform, fecal general",200,C2,AVG,Concentration2,#/100mL,200,MPN/100mL,200,#/100mL,,08/31/2020
