npdes_id,perm_feature_nmbr,parameter_code,parameter_desc,dmr_value_nmbr,value_type_code,statistical_base_type_code,value_type_desc,dmr_unit_desc,dmr_value_standard_units,standard_unit_desc,limit_value_nmbr,limit_unit_desc,nodi_code,monitoring_period_end_date
PR0025283,001,00010,"Temperature, water deg. centigrade",23,C3,MAX,Concentration3,deg C,23,deg C,32.2,deg C,,01/31/2020
PR0025283,001,00010,"Temperature, water deg. centigrade",26,C3,MAX,Concentration3,deg C,26,deg C,32.2,deg C,,02/29/2020
PR0025283,001,00010,"Temperature, water deg. centigrade",23,C3,MAX,Concentration3,deg C,23,deg C,32.2,deg C,,03/31/2020
PR0025283,001,00010,"Temperature, water deg. centigrade",24,C3,MAX,Concentration3,deg C,24,deg C,32.2,deg C,,04/30/2020
PR0025283,001,00010,"Temperature, water deg. centigrade",23,C3,MAX,Concentration3,deg C,23,deg C,32.2,deg C,,05/31/2020
PR0025283,001,00010,"Temperature, water deg. centigrade",23,C3,MAX,Concentration3,deg C,23,deg C,32.2,deg C,,06/30/2020
PR0025283,001,00010,"Temperature, water deg. centigrade",24,C3,MAX,Concentration3,deg C,24,deg C,32.2,deg C,,07/31/2020
PR0025283,001,00010,"Temperature, water deg. centigrade",23,C3,MAX,Concentration3,deg C,23,deg C,32.2,deg C,,08/31/2020
PR0025283,001,00010,"Temperature, water deg. centigrade",23,C3,MAX,Concentration3,deg C,23,deg C,32.2,deg C,,09/30/2020
PR0025283,001,00010,"Temperature, water deg. centigrade",24,C3,MAX,Concentration3,deg C,24,deg C,32.2,deg C,,10/31/2020
PR0025283,001,00010,"Temperature, water deg. centigrade",23,C3,MAX,Concentration3,deg C,23,deg C,32.2,deg C,,11/30/2020
PR0025283,001,00010,"Temperature, water deg. centigrade",23,C3,MAX,Concentration3,deg C,23,deg C,32.2,deg C,,12/31/2020
PR0025283,001,00010,"Temperature, water deg. centigrade",24,C3,MAX,Concentration3,deg C,24,deg C,32.2,deg C,,01/31/2021
PR0025283,001,00010,"Temperature, water deg. centigrade",24,C3,MAX,Concentration3,deg C,24,deg C,32.2,deg C,,02/28/2021
PR0025283,001,00010,"Temperature, water deg. centigrade",23,C3,MAX,Concentration3,deg C,23,deg C,32.2,deg C,,03/31/2021
PR0025283,001,00010,"Temperature, water deg. centigrade",23,C3,MAX,Concentration3,deg C,23,deg C,32.2,deg C,,04/30/2021
PR0025283,001,00010,"Temperature, water deg. centigrade",23,C3,MAX,Concentration3,deg C,23,deg C,32.2,deg C,,05/31/2021
PR0025283,001,00010,"Temperature, water deg. centigrade",23,C3,MAX,Concentration3,deg C,23,deg C,32.2,deg C,,06/30/2021
PR0025283,001,00010,"Temperature, water deg. centigrade",23,C3,MAX,Concentration3,deg C,23,deg C,32.2,deg C,,07/31/2021
PR0025283,001,00010,"Temperature, water deg. centigrade",23,C3,MAX,Concentration3,deg C,23,deg C,32.2,deg C,,08/31/2021
PR0025283,001,00010,"Temperature, water deg. centigrade",23,C3,MAX,Concentration3,deg C,23,deg C,32.2,deg C,,09/30/2021
PR0025283,001,00010,"Temperature, water deg. centigrade",23.2,C3,MAX,Concentration3,deg C,23.2,deg C,32.2,deg C,,10/31/2021
PR0025283,001,00010,"Temperature, water deg. centigrade",24,C3,MAX,Concentration3,deg C,24,deg C,32.2,deg C,,11/30/2021
PR0025283,001,00010,"Temperature, water deg. centigrade",23,C3,MAX,Concentration3,deg C,23,deg C,32.2,deg C,,12/31/2021
PR0025283,001,00010,"Temperature, water deg. centigrade",23.2,C3,MAX,Concentration3,deg C,23.2,deg C,32.2,deg C,,01/31/2022
PR0025283,001,00010,"Temperature, water deg. centigrade",23,C3,MAX,Concentration3,deg C,23,deg C,32.2,deg C,,02/28/2022
PR0025283,001,00010,"Temperature, water deg. centigrade",23,C3,MAX,Concentration3,deg C,23,deg C,32.2,deg C,,03/31/2022
PR0025283,001,00010,"Temperature, water deg. centigrade",23,C3,MAX,Concentration3,deg C,23,deg C,32.2,deg C,,04/30/2022
PR0025283,001,00010,"Temperature, water deg. centigrade",23,C3,MAX,Concentration3,deg C,23,deg C,32.2,deg C,,05/31/2022
PR0025283,001,00010,"Temperature, water deg. centigrade",23.1,C3,MAX,Concentration3,deg C,23.1,deg C,32.2,deg C,,06/30/2022
PR0025283,001,00010,"Temperature, water deg. centigrade",23,C3,MAX,Concentration3,deg C,23,deg C,32.2,deg C,,07/31/2022
PR0025283,001,00010,"Temperature, water deg. centigrade",23,C3,MAX,Concentration3,deg C,23,deg C,32.2,deg C,,08/31/2022
PR0025283,001,00010,"Temperature, water deg. centigrade",23.1,C3,MAX,Concentration3,deg C,23.1,deg C,32.2,deg C,,09/30/2022
PR0025283,001,00010,"Temperature, water deg. centigrade",28.8,C3,MAX,Concentration3,deg C,28.8,deg C,32.2,deg C,,10/31/2022
PR0025283,001,00010,"Temperature, water deg. centigrade",29.1,C3,MAX,Concentration3,deg C,29.1,deg C,32.2,deg C,,11/30/2022
PR0025283,001,00010,"Temperature, water deg. centigrade",29.2,C3,MAX,Concentration3,deg C,29.2,deg C,32.2,deg C,,12/31/2022
PR0025283,001,00010,"Temperature, water deg. centigrade",0,C3,MAX,Concentration3,deg C,0,deg C,32.2,deg C,,01/31/2023
PR0025283,001,00010,"Temperature, water deg. centigrade",28.4,C3,MAX,Concentration3,deg C,28.4,deg C,32.2,deg C,,02/28/2023
PR0025283,001,00010,"Temperature, water deg. centigrade",27,C3,MAX,Concentration3,deg C,27,deg C,32.2,deg C,,03/31/2023
PR0025283,001,00010,"Temperature, water deg. centigrade",24.6,C3,MAX,Concentration3,deg C,24.6,deg C,32.2,deg C,,04/30/2023
PR0025283,001,00010,"Temperature, water deg. centigrade",28,C3,MAX,Concentration3,deg C,28,deg C,32.2,deg C,,05/31/2023
PR0025283,001,00010,"Temperature, water deg. centigrade",27,C3,MAX,Concentration3,deg C,27,deg C,32.2,deg C,,06/30/2023
PR0025283,001,00010,"Temperature, water deg. centigrade",29.4,C3,MAX,Concentration3,deg C,29.4,deg C,32.2,deg C,,07/31/2023
PR0025283,001,00010,"Temperature, water deg. centigrade",29.1,C3,MAX,Concentration3,deg C,29.1,deg C,32.2,deg C,,08/31/2023
PR0025283,001,00010,"Temperature, water deg. centigrade",29,C3,MAX,Concentration3,deg C,29,deg C,32.2,deg C,,09/30/2023
PR0025283,001,00010,"Temperature, water deg. centigrade",28.9,C3,MAX,Concentration3,deg C,28.9,deg C,32.2,deg C,,10/31/2023
PR0025283,001,00010,"Temperature, water deg. centigrade",28,C3,MAX,Concentration3,deg C,28,deg C,32.2,deg C,,11/30/2023
PR0025283,001,00010,"Temperature, water deg. centigrade",26,C3,MAX,Concentration3,deg C,26,deg C,32.2,deg C,,12/31/2023
PR0025283,001,00010,"Temperature, water deg. centigrade",26.4,C3,MAX,Concentration3,deg C,26.4,deg C,32.2,deg C,,01/31/2024
PR0025283,001,00010,"Temperature, water deg. centigrade",27.2,C3,MAX,Concentration3,deg C,27.2,deg C,32.2,deg C,,02/29/2024
PR0025283,001,00010,"Temperature, water deg. centigrade",26.1,C3,MAX,Concentration3,deg C,26.1,deg C,32.2,deg C,,03/31/2024
PR0025283,001,00010,"Temperature, water deg. centigrade",25.5,C3,MAX,Concentration3,deg C,25.5,deg C,32.2,deg C,,04/30/2024
PR0025283,001,00010,"Temperature, water deg. centigrade",27.2,C3,MAX,Concentration3,deg C,27.2,deg C,32.2,deg C,,05/31/2024
PR0025283,001,00010,"Temperature, water deg. centigrade",25.8,C3,MAX,Concentration3,deg C,25.8,deg C,32.2,deg C,,06/30/2024
PR0025283,001,00010,"Temperature, water deg. centigrade",28,C3,MAX,Concentration3,deg C,28,deg C,32.2,deg C,,07/31/2024
PR0025283,001,00010,"Temperature, water deg. centigrade",25,C3,MAX,Concentration3,deg C,25,deg C,32.2,deg C,,08/31/2024
PR0025283,001,00010,"Temperature, water deg. centigrade",26,C3,MAX,Concentration3,deg C,26,deg C,32.2,deg C,,09/30/2024
PR0025283,001,00010,"Temperature, water deg. centigrade",27,C3,MAX,Concentration3,deg C,27,deg C,32.2,deg C,,10/31/2024
PR0025283,001,00010,"Temperature, water deg. centigrade",25.4,C3,MAX,Concentration3,deg C,25.4,deg C,32.2,deg C,,11/30/2024
PR0025283,001,00010,"Temperature, water deg. centigrade",27,C3,MAX,Concentration3,deg C,27,deg C,32.2,deg C,,12/31/2024
PR0025283,001,00010,"Temperature, water deg. centigrade",27,C3,MAX,Concentration3,deg C,27,deg C,32.2,deg C,,01/31/2025
PR0025283,001,00010,"Temperature, water deg. centigrade",26.1,C3,MAX,Concentration3,deg C,26.1,deg C,32.2,deg C,,02/28/2025
PR0025283,001,00010,"Temperature, water deg. centigrade",27,C3,MAX,Concentration3,deg C,27,deg C,32.2,deg C,,03/31/2025
PR0025283,001,00010,"Temperature, water deg. centigrade",28,C3,MAX,Concentration3,deg C,28,deg C,32.2,deg C,,04/30/2025
PR0025283,001,00010,"Temperature, water deg. centigrade",27,C3,MAX,Concentration3,deg C,27,deg C,32.2,deg C,,05/31/2025
PR0025283,001,00010,"Temperature, water deg. centigrade",27,C3,MAX,Concentration3,deg C,27,deg C,32.2,deg C,,06/30/2025
PR0025283,001,00010,"Temperature, water deg. centigrade",27,C3,MAX,Concentration3,deg C,27,deg C,32.2,deg C,,07/31/2025
PR0025283,001,00010,"Temperature, water deg. centigrade",28,C3,MAX,Concentration3,deg C,28,deg C,32.2,deg C,,08/31/2025
PR0025283,001,00010,"Temperature, water deg. centigrade",25,C3,MAX,Concentration3,deg C,25,deg C,32.2,deg C,,09/30/2025
PR0025283,001,00010,"Temperature, water deg. centigrade",27,C3,MAX,Concentration3,deg C,27,deg C,32.2,deg C,,10/31/2025
PR0025283,001,00010,"Temperature, water deg. centigrade",27,C3,MAX,Concentration3,deg C,27,deg C,32.2,deg C,,11/30/2025
PR0025283,001,00010,"Temperature, water deg. centigrade",28,C3,MAX,Concentration3,deg C,28,deg C,32.2,deg C,,12/31/2025
PR0025283,001,00010,"Temperature, water deg. centigrade",27,C3,MAX,Concentration3,deg C,27,deg C,32.2,deg C,,01/31/2026
PR0025283,001,00070,Turbidity,6.6,C3,MAX,Concentration3,NTU,6.6,NTU,50,NTU,,01/31/2020
PR0025283,001,00070,Turbidity,0,C3,MAX,Concentration3,NTU,0,NTU,50,NTU,,02/29/2020
PR0025283,001,00070,Turbidity,0,C3,MAX,Concentration3,NTU,0,NTU,50,NTU,,03/31/2020
PR0025283,001,00070,Turbidity,14.6,C3,MAX,Concentration3,NTU,14.6,NTU,50,NTU,,04/30/2020
PR0025283,001,00070,Turbidity,0,C3,MAX,Concentration3,NTU,0,NTU,50,NTU,,05/31/2020
PR0025283,001,00070,Turbidity,0,C3,MAX,Concentration3,NTU,0,NTU,50,NTU,,06/30/2020
PR0025283,001,00070,Turbidity,54.6,C3,MAX,Concentration3,NTU,54.6,NTU,50,NTU,,07/31/2020
PR0025283,001,00070,Turbidity,NA,C3,MAX,Concentration3,,,NTU,50,NTU,C,08/31/2020
PR0025283,001,00070,Turbidity,0,C3,MAX,Concentration3,NTU,0,NTU,50,NTU,,09/30/2020
PR0025283,001,00070,Turbidity,3.37,C3,MAX,Concentration3,NTU,3.37,NTU,50,NTU,,10/31/2020
PR0025283,001,00070,Turbidity,0,C3,MAX,Concentration3,NTU,0,NTU,50,NTU,,11/30/2020
PR0025283,001,00070,Turbidity,0,C3,MAX,Concentration3,NTU,0,NTU,50,NTU,,12/31/2020
PR0025283,001,00070,Turbidity,0,C3,MAX,Concentration3,NTU,0,NTU,50,NTU,,01/31/2021
PR0025283,001,00070,Turbidity,0,C3,MAX,Concentration3,NTU,0,NTU,50,NTU,,02/28/2021
PR0025283,001,00070,Turbidity,0,C3,MAX,Concentration3,NTU,0,NTU,50,NTU,,03/31/2021
PR0025283,001,00070,Turbidity,0,C3,MAX,Concentration3,NTU,0,NTU,50,NTU,,04/30/2021
PR0025283,001,00070,Turbidity,0,C3,MAX,Concentration3,NTU,0,NTU,50,NTU,,05/31/2021
PR0025283,001,00070,Turbidity,0,C3,MAX,Concentration3,NTU,0,NTU,50,NTU,,06/30/2021
PR0025283,001,00070,Turbidity,10.8,C3,MAX,Concentration3,NTU,10.8,NTU,50,NTU,,07/31/2021
PR0025283,001,00070,Turbidity,0,C3,MAX,Concentration3,NTU,0,NTU,50,NTU,,08/31/2021
PR0025283,001,00070,Turbidity,0,C3,MAX,Concentration3,NTU,0,NTU,50,NTU,,09/30/2021
PR0025283,001,00070,Turbidity,0,C3,MAX,Concentration3,NTU,0,NTU,50,NTU,,10/31/2021
PR0025283,001,00070,Turbidity,0,C3,MAX,Concentration3,NTU,0,NTU,50,NTU,,11/30/2021
PR0025283,001,00070,Turbidity,0,C3,MAX,Concentration3,NTU,0,NTU,50,NTU,,12/31/2021
PR0025283,001,00070,Turbidity,0,C3,MAX,Concentration3,NTU,0,NTU,50,NTU,,01/31/2022
PR0025283,001,00070,Turbidity,0,C3,MAX,Concentration3,NTU,0,NTU,50,NTU,,02/28/2022
PR0025283,001,00070,Turbidity,0,C3,MAX,Concentration3,NTU,0,NTU,50,NTU,,03/31/2022
PR0025283,001,00070,Turbidity,36,C3,MAX,Concentration3,NTU,36,NTU,50,NTU,,04/30/2022
PR0025283,001,00070,Turbidity,0,C3,MAX,Concentration3,NTU,0,NTU,50,NTU,,05/31/2022
PR0025283,001,00070,Turbidity,0,C3,MAX,Concentration3,NTU,0,NTU,50,NTU,,06/30/2022
PR0025283,001,00070,Turbidity,0,C3,MAX,Concentration3,NTU,0,NTU,50,NTU,,07/31/2022
PR0025283,001,00070,Turbidity,0,C3,MAX,Concentration3,NTU,0,NTU,50,NTU,,08/31/2022
PR0025283,001,00070,Turbidity,0,C3,MAX,Concentration3,NTU,0,NTU,50,NTU,,09/30/2022
PR0025283,001,00070,Turbidity,7.3,C3,MAX,Concentration3,NTU,7.3,NTU,50,NTU,,10/31/2022
PR0025283,001,00070,Turbidity,0,C3,MAX,Concentration3,NTU,0,NTU,50,NTU,,11/30/2022
PR0025283,001,00070,Turbidity,0,C3,MAX,Concentration3,NTU,0,NTU,50,NTU,,12/31/2022
PR0025283,001,00070,Turbidity,31.6,C3,MAX,Concentration3,NTU,31.6,NTU,50,NTU,,01/31/2023
PR0025283,001,00070,Turbidity,NA,C3,MAX,Concentration3,,,NTU,50,NTU,9,02/28/2023
PR0025283,001,00070,Turbidity,NA,C3,MAX,Concentration3,,,NTU,50,NTU,9,03/31/2023
PR0025283,001,00070,Turbidity,NA,C3,MAX,Concentration3,,,NTU,50,NTU,9,04/30/2023
PR0025283,001,00070,Turbidity,NA,C3,MAX,Concentration3,,,NTU,50,NTU,9,05/31/2023
PR0025283,001,00070,Turbidity,NA,C3,MAX,Concentration3,,,NTU,50,NTU,9,06/30/2023
PR0025283,001,00070,Turbidity,17.6,C3,MAX,Concentration3,NTU,17.6,NTU,50,NTU,,07/31/2023
PR0025283,001,00070,Turbidity,NA,C3,MAX,Concentration3,,,NTU,50,NTU,9,08/31/2023
PR0025283,001,00070,Turbidity,NA,C3,MAX,Concentration3,,,NTU,50,NTU,9,09/30/2023
PR0025283,001,00070,Turbidity,NA,C3,MAX,Concentration3,,,NTU,50,NTU,9,10/31/2023
PR0025283,001,00070,Turbidity,NA,C3,MAX,Concentration3,,,NTU,50,NTU,9,11/30/2023
PR0025283,001,00070,Turbidity,NA,C3,MAX,Concentration3,,,NTU,50,NTU,9,12/31/2023
PR0025283,001,00070,Turbidity,2.12,C3,MAX,Concentration3,NTU,2.12,NTU,50,NTU,,01/31/2024
PR0025283,001,00070,Turbidity,NA,C3,MAX,Concentration3,,,NTU,50,NTU,9,02/29/2024
PR0025283,001,00070,Turbidity,NA,C3,MAX,Concentration3,,,NTU,50,NTU,9,03/31/2024
PR0025283,001,00070,Turbidity,5.65,C3,MAX,Concentration3,NTU,5.65,NTU,50,NTU,,04/30/2024
PR0025283,001,00070,Turbidity,NA,C3,MAX,Concentration3,,,NTU,50,NTU,9,05/31/2024
PR0025283,001,00070,Turbidity,NA,C3,MAX,Concentration3,,,NTU,50,NTU,9,06/30/2024
PR0025283,001,00070,Turbidity,10.1,C3,MAX,Concentration3,NTU,10.1,NTU,50,NTU,,07/31/2024
PR0025283,001,00070,Turbidity,NA,C3,MAX,Concentration3,,,NTU,50,NTU,9,08/31/2024
PR0025283,001,00070,Turbidity,NA,C3,MAX,Concentration3,,,NTU,50,NTU,9,09/30/2024
PR0025283,001,00070,Turbidity,NA,C3,MAX,Concentration3,,,NTU,50,NTU,9,10/31/2024
PR0025283,001,00070,Turbidity,0,C3,MAX,Concentration3,NTU,0,NTU,50,NTU,,11/30/2024
PR0025283,001,00070,Turbidity,NA,C3,MAX,Concentration3,,,NTU,50,NTU,9,12/31/2024
PR0025283,001,00070,Turbidity,16.7,C3,MAX,Concentration3,NTU,16.7,NTU,50,NTU,,01/31/2025
PR0025283,001,00070,Turbidity,NA,C3,MAX,Concentration3,,,NTU,50,NTU,9,02/28/2025
PR0025283,001,00070,Turbidity,NA,C3,MAX,Concentration3,,,NTU,50,NTU,9,03/31/2025
PR0025283,001,00070,Turbidity,59.6,C3,MAX,Concentration3,NTU,59.6,NTU,50,NTU,,04/30/2025
PR0025283,001,00070,Turbidity,NA,C3,MAX,Concentration3,,,NTU,50,NTU,9,05/31/2025
PR0025283,001,00070,Turbidity,67.2,C3,MAX,Concentration3,NTU,67.2,NTU,50,NTU,,06/30/2025
PR0025283,001,00070,Turbidity,67.2,C3,MAX,Concentration3,NTU,67.2,NTU,50,NTU,,07/31/2025
PR0025283,001,00070,Turbidity,NA,C3,MAX,Concentration3,,,NTU,50,NTU,9,08/31/2025
PR0025283,001,00070,Turbidity,NA,C3,MAX,Concentration3,,,NTU,50,NTU,9,09/30/2025
PR0025283,001,00070,Turbidity,NA,C3,MAX,Concentration3,,,NTU,50,NTU,9,10/31/2025
PR0025283,001,00070,Turbidity,NA,C3,MAX,Concentration3,,,NTU,50,NTU,9,11/30/2025
PR0025283,001,00070,Turbidity,NA,C3,MAX,Concentration3,,,NTU,50,NTU,9,12/31/2025
PR0025283,001,00070,Turbidity,48.6,C3,MAX,Concentration3,NTU,48.6,NTU,50,NTU,,01/31/2026
PR0025283,001,00080,Color [PT-CO units],5,C3,MAX,Concentration3,col unit (pc),5,col unit (pc),15,col unit (pc),,01/31/2020
PR0025283,001,00080,Color [PT-CO units],0,C3,MAX,Concentration3,col unit (pc),0,col unit (pc),15,col unit (pc),,02/29/2020
PR0025283,001,00080,Color [PT-CO units],0,C3,MAX,Concentration3,col unit (pc),0,col unit (pc),15,col unit (pc),,03/31/2020
PR0025283,001,00080,Color [PT-CO units],5,C3,MAX,Concentration3,col unit (pc),5,col unit (pc),15,col unit (pc),,04/30/2020
PR0025283,001,00080,Color [PT-CO units],0,C3,MAX,Concentration3,col unit (pc),0,col unit (pc),15,col unit (pc),,05/31/2020
PR0025283,001,00080,Color [PT-CO units],0,C3,MAX,Concentration3,col unit (pc),0,col unit (pc),15,col unit (pc),,06/30/2020
PR0025283,001,00080,Color [PT-CO units],5,C3,MAX,Concentration3,col unit (pc),5,col unit (pc),15,col unit (pc),,07/31/2020
PR0025283,001,00080,Color [PT-CO units],NA,C3,MAX,Concentration3,,,col unit (pc),15,col unit (pc),C,08/31/2020
PR0025283,001,00080,Color [PT-CO units],0,C3,MAX,Concentration3,col unit (pc),0,col unit (pc),15,col unit (pc),,09/30/2020
PR0025283,001,00080,Color [PT-CO units],10,C3,MAX,Concentration3,col unit (pc),10,col unit (pc),15,col unit (pc),,10/31/2020
PR0025283,001,00080,Color [PT-CO units],0,C3,MAX,Concentration3,col unit (pc),0,col unit (pc),15,col unit (pc),,11/30/2020
PR0025283,001,00080,Color [PT-CO units],0,C3,MAX,Concentration3,col unit (pc),0,col unit (pc),15,col unit (pc),,12/31/2020
PR0025283,001,00080,Color [PT-CO units],20,C3,MAX,Concentration3,col unit (pc),20,col unit (pc),15,col unit (pc),,01/31/2021
PR0025283,001,00080,Color [PT-CO units],0,C3,MAX,Concentration3,col unit (pc),0,col unit (pc),15,col unit (pc),,02/28/2021
PR0025283,001,00080,Color [PT-CO units],0,C3,MAX,Concentration3,col unit (pc),0,col unit (pc),15,col unit (pc),,03/31/2021
PR0025283,001,00080,Color [PT-CO units],0,C3,MAX,Concentration3,col unit (pc),0,col unit (pc),15,col unit (pc),,04/30/2021
PR0025283,001,00080,Color [PT-CO units],0,C3,MAX,Concentration3,col unit (pc),0,col unit (pc),15,col unit (pc),,05/31/2021
PR0025283,001,00080,Color [PT-CO units],0,C3,MAX,Concentration3,col unit (pc),0,col unit (pc),15,col unit (pc),,06/30/2021
PR0025283,001,00080,Color [PT-CO units],0,C3,MAX,Concentration3,col unit (pc),0,col unit (pc),15,col unit (pc),,07/31/2021
PR0025283,001,00080,Color [PT-CO units],0,C3,MAX,Concentration3,col unit (pc),0,col unit (pc),15,col unit (pc),,08/31/2021
PR0025283,001,00080,Color [PT-CO units],0,C3,MAX,Concentration3,col unit (pc),0,col unit (pc),15,col unit (pc),,09/30/2021
PR0025283,001,00080,Color [PT-CO units],15,C3,MAX,Concentration3,col unit (pc),15,col unit (pc),15,col unit (pc),,10/31/2021
PR0025283,001,00080,Color [PT-CO units],0,C3,MAX,Concentration3,col unit (pc),0,col unit (pc),15,col unit (pc),,11/30/2021
PR0025283,001,00080,Color [PT-CO units],0,C3,MAX,Concentration3,col unit (pc),0,col unit (pc),15,col unit (pc),,12/31/2021
PR0025283,001,00080,Color [PT-CO units],25,C3,MAX,Concentration3,col unit (pc),25,col unit (pc),15,col unit (pc),,01/31/2022
PR0025283,001,00080,Color [PT-CO units],0,C3,MAX,Concentration3,col unit (pc),0,col unit (pc),15,col unit (pc),,02/28/2022
PR0025283,001,00080,Color [PT-CO units],0,C3,MAX,Concentration3,col unit (pc),0,col unit (pc),15,col unit (pc),,03/31/2022
PR0025283,001,00080,Color [PT-CO units],10,C3,MAX,Concentration3,col unit (pc),10,col unit (pc),15,col unit (pc),,04/30/2022
PR0025283,001,00080,Color [PT-CO units],0,C3,MAX,Concentration3,col unit (pc),0,col unit (pc),15,col unit (pc),,05/31/2022
PR0025283,001,00080,Color [PT-CO units],0,C3,MAX,Concentration3,col unit (pc),0,col unit (pc),15,col unit (pc),,06/30/2022
PR0025283,001,00080,Color [PT-CO units],2,C3,MAX,Concentration3,col unit (pc),2,col unit (pc),15,col unit (pc),,07/31/2022
PR0025283,001,00080,Color [PT-CO units],0,C3,MAX,Concentration3,col unit (pc),0,col unit (pc),15,col unit (pc),,08/31/2022
PR0025283,001,00080,Color [PT-CO units],0,C3,MAX,Concentration3,col unit (pc),0,col unit (pc),15,col unit (pc),,09/30/2022
PR0025283,001,00080,Color [PT-CO units],0,C3,MAX,Concentration3,col unit (pc),0,col unit (pc),15,col unit (pc),,10/31/2022
PR0025283,001,00080,Color [PT-CO units],0,C3,MAX,Concentration3,col unit (pc),0,col unit (pc),15,col unit (pc),,11/30/2022
PR0025283,001,00080,Color [PT-CO units],0,C3,MAX,Concentration3,col unit (pc),0,col unit (pc),15,col unit (pc),,12/31/2022
PR0025283,001,00080,Color [PT-CO units],25,C3,MAX,Concentration3,col unit (pc),25,col unit (pc),15,col unit (pc),,01/31/2023
PR0025283,001,00080,Color [PT-CO units],NA,C3,MAX,Concentration3,,,col unit (pc),15,col unit (pc),9,02/28/2023
PR0025283,001,00080,Color [PT-CO units],NA,C3,MAX,Concentration3,,,col unit (pc),15,col unit (pc),9,03/31/2023
PR0025283,001,00080,Color [PT-CO units],15,C3,MAX,Concentration3,col unit (pc),15,col unit (pc),15,col unit (pc),,04/30/2023
PR0025283,001,00080,Color [PT-CO units],NA,C3,MAX,Concentration3,,,col unit (pc),15,col unit (pc),9,05/31/2023
PR0025283,001,00080,Color [PT-CO units],NA,C3,MAX,Concentration3,,,col unit (pc),15,col unit (pc),9,06/30/2023
PR0025283,001,00080,Color [PT-CO units],15,C3,MAX,Concentration3,col unit (pc),15,col unit (pc),15,col unit (pc),,07/31/2023
PR0025283,001,00080,Color [PT-CO units],NA,C3,MAX,Concentration3,,,col unit (pc),15,col unit (pc),9,08/31/2023
PR0025283,001,00080,Color [PT-CO units],NA,C3,MAX,Concentration3,,,col unit (pc),15,col unit (pc),9,09/30/2023
PR0025283,001,00080,Color [PT-CO units],15,C3,MAX,Concentration3,col unit (pc),15,col unit (pc),15,col unit (pc),,10/31/2023
PR0025283,001,00080,Color [PT-CO units],NA,C3,MAX,Concentration3,,,col unit (pc),15,col unit (pc),9,11/30/2023
PR0025283,001,00080,Color [PT-CO units],NA,C3,MAX,Concentration3,,,col unit (pc),15,col unit (pc),9,12/31/2023
PR0025283,001,00080,Color [PT-CO units],10,C3,MAX,Concentration3,col unit (pc),10,col unit (pc),15,col unit (pc),,01/31/2024
PR0025283,001,00080,Color [PT-CO units],NA,C3,MAX,Concentration3,,,col unit (pc),15,col unit (pc),9,02/29/2024
PR0025283,001,00080,Color [PT-CO units],NA,C3,MAX,Concentration3,,,col unit (pc),15,col unit (pc),9,03/31/2024
PR0025283,001,00080,Color [PT-CO units],NA,C3,MAX,Concentration3,,,col unit (pc),15,col unit (pc),9,04/30/2024
PR0025283,001,00080,Color [PT-CO units],NA,C3,MAX,Concentration3,,,col unit (pc),15,col unit (pc),9,05/31/2024
PR0025283,001,00080,Color [PT-CO units],NA,C3,MAX,Concentration3,,,col unit (pc),15,col unit (pc),9,06/30/2024
PR0025283,001,00080,Color [PT-CO units],30,C3,MAX,Concentration3,col unit (pc),30,col unit (pc),15,col unit (pc),,07/31/2024
PR0025283,001,00080,Color [PT-CO units],NA,C3,MAX,Concentration3,,,col unit (pc),15,col unit (pc),9,08/31/2024
PR0025283,001,00080,Color [PT-CO units],NA,C3,MAX,Concentration3,,,col unit (pc),15,col unit (pc),9,09/30/2024
PR0025283,001,00080,Color [PT-CO units],30,C3,MAX,Concentration3,col unit (pc),30,col unit (pc),15,col unit (pc),,10/31/2024
PR0025283,001,00080,Color [PT-CO units],0,C3,MAX,Concentration3,col unit (pc),0,col unit (pc),15,col unit (pc),,11/30/2024
PR0025283,001,00080,Color [PT-CO units],NA,C3,MAX,Concentration3,,,col unit (pc),15,col unit (pc),9,12/31/2024
PR0025283,001,00080,Color [PT-CO units],5,C3,MAX,Concentration3,col unit (pc),5,col unit (pc),15,col unit (pc),,01/31/2025
PR0025283,001,00080,Color [PT-CO units],NA,C3,MAX,Concentration3,,,col unit (pc),15,col unit (pc),9,02/28/2025
PR0025283,001,00080,Color [PT-CO units],NA,C3,MAX,Concentration3,,,col unit (pc),15,col unit (pc),9,03/31/2025
PR0025283,001,00080,Color [PT-CO units],50,C3,MAX,Concentration3,col unit (pc),50,col unit (pc),15,col unit (pc),,04/30/2025
PR0025283,001,00080,Color [PT-CO units],NA,C3,MAX,Concentration3,,,col unit (pc),15,col unit (pc),9,05/31/2025
PR0025283,001,00080,Color [PT-CO units],25,C3,MAX,Concentration3,col unit (pc),25,col unit (pc),15,col unit (pc),,06/30/2025
PR0025283,001,00080,Color [PT-CO units],25,C3,MAX,Concentration3,col unit (pc),25,col unit (pc),15,col unit (pc),,07/31/2025
PR0025283,001,00080,Color [PT-CO units],NA,C3,MAX,Concentration3,,,col unit (pc),15,col unit (pc),9,08/31/2025
PR0025283,001,00080,Color [PT-CO units],NA,C3,MAX,Concentration3,,,col unit (pc),15,col unit (pc),9,09/30/2025
PR0025283,001,00080,Color [PT-CO units],NA,C3,MAX,Concentration3,,,col unit (pc),15,col unit (pc),9,10/31/2025
PR0025283,001,00080,Color [PT-CO units],NA,C3,MAX,Concentration3,,,col unit (pc),15,col unit (pc),9,11/30/2025
PR0025283,001,00080,Color [PT-CO units],NA,C3,MAX,Concentration3,,,col unit (pc),15,col unit (pc),9,12/31/2025
PR0025283,001,00080,Color [PT-CO units],40,C3,MAX,Concentration3,col unit (pc),40,col unit (pc),15,col unit (pc),,01/31/2026
PR0025283,001,00300,"Oxygen, dissolved [DO]",6.4,C1,MIN,Concentration1,mg/L,6.4,mg/L,5,mg/L,,01/31/2020
PR0025283,001,00300,"Oxygen, dissolved [DO]",6.5,C1,MIN,Concentration1,mg/L,6.5,mg/L,5,mg/L,,02/29/2020
PR0025283,001,00300,"Oxygen, dissolved [DO]",6.1,C1,MIN,Concentration1,mg/L,6.1,mg/L,5,mg/L,,03/31/2020
PR0025283,001,00300,"Oxygen, dissolved [DO]",5.4,C1,MIN,Concentration1,mg/L,5.4,mg/L,5,mg/L,,04/30/2020
PR0025283,001,00300,"Oxygen, dissolved [DO]",5.3,C1,MIN,Concentration1,mg/L,5.3,mg/L,5,mg/L,,05/31/2020
PR0025283,001,00300,"Oxygen, dissolved [DO]",7,C1,MIN,Concentration1,mg/L,7,mg/L,5,mg/L,,06/30/2020
PR0025283,001,00300,"Oxygen, dissolved [DO]",6.6,C1,MIN,Concentration1,mg/L,6.6,mg/L,5,mg/L,,07/31/2020
PR0025283,001,00300,"Oxygen, dissolved [DO]",6.4,C1,MIN,Concentration1,mg/L,6.4,mg/L,5,mg/L,,08/31/2020
PR0025283,001,00300,"Oxygen, dissolved [DO]",6,C1,MIN,Concentration1,mg/L,6,mg/L,5,mg/L,,09/30/2020
PR0025283,001,00300,"Oxygen, dissolved [DO]",5,C1,MIN,Concentration1,mg/L,5,mg/L,5,mg/L,,10/31/2020
PR0025283,001,00300,"Oxygen, dissolved [DO]",5.1,C1,MIN,Concentration1,mg/L,5.1,mg/L,5,mg/L,,11/30/2020
PR0025283,001,00300,"Oxygen, dissolved [DO]",5.7,C1,MIN,Concentration1,mg/L,5.7,mg/L,5,mg/L,,12/31/2020
PR0025283,001,00300,"Oxygen, dissolved [DO]",4.5,C1,MIN,Concentration1,mg/L,4.5,mg/L,5,mg/L,,01/31/2021
PR0025283,001,00300,"Oxygen, dissolved [DO]",6.4,C1,MIN,Concentration1,mg/L,6.4,mg/L,5,mg/L,,02/28/2021
PR0025283,001,00300,"Oxygen, dissolved [DO]",5,C1,MIN,Concentration1,mg/L,5,mg/L,5,mg/L,,03/31/2021
PR0025283,001,00300,"Oxygen, dissolved [DO]",4.8,C1,MIN,Concentration1,mg/L,4.8,mg/L,5,mg/L,,04/30/2021
PR0025283,001,00300,"Oxygen, dissolved [DO]",5.3,C1,MIN,Concentration1,mg/L,5.3,mg/L,5,mg/L,,05/31/2021
PR0025283,001,00300,"Oxygen, dissolved [DO]",5,C1,MIN,Concentration1,mg/L,5,mg/L,5,mg/L,,06/30/2021
PR0025283,001,00300,"Oxygen, dissolved [DO]",6,C1,MIN,Concentration1,mg/L,6,mg/L,5,mg/L,,07/31/2021
PR0025283,001,00300,"Oxygen, dissolved [DO]",5.2,C1,MIN,Concentration1,mg/L,5.2,mg/L,5,mg/L,,08/31/2021
PR0025283,001,00300,"Oxygen, dissolved [DO]",5.2,C1,MIN,Concentration1,mg/L,5.2,mg/L,5,mg/L,,09/30/2021
PR0025283,001,00300,"Oxygen, dissolved [DO]",5.5,C1,MIN,Concentration1,mg/L,5.5,mg/L,5,mg/L,,10/31/2021
PR0025283,001,00300,"Oxygen, dissolved [DO]",5,C1,MIN,Concentration1,mg/L,5,mg/L,5,mg/L,,11/30/2021
PR0025283,001,00300,"Oxygen, dissolved [DO]",5.4,C1,MIN,Concentration1,mg/L,5.4,mg/L,5,mg/L,,12/31/2021
PR0025283,001,00300,"Oxygen, dissolved [DO]",4.7,C1,MIN,Concentration1,mg/L,4.7,mg/L,5,mg/L,,01/31/2022
PR0025283,001,00300,"Oxygen, dissolved [DO]",4.76,C1,MIN,Concentration1,mg/L,4.76,mg/L,5,mg/L,,02/28/2022
PR0025283,001,00300,"Oxygen, dissolved [DO]",5.6,C1,MIN,Concentration1,mg/L,5.6,mg/L,5,mg/L,,03/31/2022
PR0025283,001,00300,"Oxygen, dissolved [DO]",5.2,C1,MIN,Concentration1,mg/L,5.2,mg/L,5,mg/L,,04/30/2022
PR0025283,001,00300,"Oxygen, dissolved [DO]",5.2,C1,MIN,Concentration1,mg/L,5.2,mg/L,5,mg/L,,05/31/2022
PR0025283,001,00300,"Oxygen, dissolved [DO]",5.2,C1,MIN,Concentration1,mg/L,5.2,mg/L,5,mg/L,,06/30/2022
PR0025283,001,00300,"Oxygen, dissolved [DO]",5.8,C1,MIN,Concentration1,mg/L,5.8,mg/L,5,mg/L,,07/31/2022
PR0025283,001,00300,"Oxygen, dissolved [DO]",5.2,C1,MIN,Concentration1,mg/L,5.2,mg/L,5,mg/L,,08/31/2022
PR0025283,001,00300,"Oxygen, dissolved [DO]",5.2,C1,MIN,Concentration1,mg/L,5.2,mg/L,5,mg/L,,09/30/2022
PR0025283,001,00300,"Oxygen, dissolved [DO]",5,C1,MIN,Concentration1,mg/L,5,mg/L,5,mg/L,,10/31/2022
PR0025283,001,00300,"Oxygen, dissolved [DO]",5.2,C1,MIN,Concentration1,mg/L,5.2,mg/L,5,mg/L,,11/30/2022
PR0025283,001,00300,"Oxygen, dissolved [DO]",6,C1,MIN,Concentration1,mg/L,6,mg/L,5,mg/L,,12/31/2022
PR0025283,001,00300,"Oxygen, dissolved [DO]",5,C1,MIN,Concentration1,mg/L,5,mg/L,5,mg/L,,01/31/2023
PR0025283,001,00300,"Oxygen, dissolved [DO]",5,C1,MIN,Concentration1,mg/L,5,mg/L,5,mg/L,,02/28/2023
PR0025283,001,00300,"Oxygen, dissolved [DO]",8,C1,MIN,Concentration1,mg/L,8,mg/L,5,mg/L,,03/31/2023
PR0025283,001,00300,"Oxygen, dissolved [DO]",9.9,C1,MIN,Concentration1,mg/L,9.9,mg/L,5,mg/L,,04/30/2023
PR0025283,001,00300,"Oxygen, dissolved [DO]",8,C1,MIN,Concentration1,mg/L,8,mg/L,5,mg/L,,05/31/2023
PR0025283,001,00300,"Oxygen, dissolved [DO]",0.5,C1,MIN,Concentration1,mg/L,.5,mg/L,5,mg/L,,06/30/2023
PR0025283,001,00300,"Oxygen, dissolved [DO]",8.2,C1,MIN,Concentration1,mg/L,8.2,mg/L,5,mg/L,,07/31/2023
PR0025283,001,00300,"Oxygen, dissolved [DO]",8,C1,MIN,Concentration1,mg/L,8,mg/L,5,mg/L,,08/31/2023
PR0025283,001,00300,"Oxygen, dissolved [DO]",8.3,C1,MIN,Concentration1,mg/L,8.3,mg/L,5,mg/L,,09/30/2023
PR0025283,001,00300,"Oxygen, dissolved [DO]",8.9,C1,MIN,Concentration1,mg/L,8.9,mg/L,5,mg/L,,10/31/2023
PR0025283,001,00300,"Oxygen, dissolved [DO]",8.4,C1,MIN,Concentration1,mg/L,8.4,mg/L,5,mg/L,,11/30/2023
PR0025283,001,00300,"Oxygen, dissolved [DO]",6.7,C1,MIN,Concentration1,mg/L,6.7,mg/L,5,mg/L,,12/31/2023
PR0025283,001,00300,"Oxygen, dissolved [DO]",7.9,C1,MIN,Concentration1,mg/L,7.9,mg/L,5,mg/L,,01/31/2024
PR0025283,001,00300,"Oxygen, dissolved [DO]",7.6,C1,MIN,Concentration1,mg/L,7.6,mg/L,5,mg/L,,02/29/2024
PR0025283,001,00300,"Oxygen, dissolved [DO]",7.8,C1,MIN,Concentration1,mg/L,7.8,mg/L,5,mg/L,,03/31/2024
PR0025283,001,00300,"Oxygen, dissolved [DO]",7.8,C1,MIN,Concentration1,mg/L,7.8,mg/L,5,mg/L,,04/30/2024
PR0025283,001,00300,"Oxygen, dissolved [DO]",0.5,C1,MIN,Concentration1,mg/L,.5,mg/L,5,mg/L,,05/31/2024
PR0025283,001,00300,"Oxygen, dissolved [DO]",7.5,C1,MIN,Concentration1,mg/L,7.5,mg/L,5,mg/L,,06/30/2024
PR0025283,001,00300,"Oxygen, dissolved [DO]",7.48,C1,MIN,Concentration1,mg/L,7.48,mg/L,5,mg/L,,07/31/2024
PR0025283,001,00300,"Oxygen, dissolved [DO]",7,C1,MIN,Concentration1,mg/L,7,mg/L,5,mg/L,,08/31/2024
PR0025283,001,00300,"Oxygen, dissolved [DO]",0.5,C1,MIN,Concentration1,mg/L,.5,mg/L,5,mg/L,,09/30/2024
PR0025283,001,00300,"Oxygen, dissolved [DO]",6.2,C1,MIN,Concentration1,mg/L,6.2,mg/L,5,mg/L,,10/31/2024
PR0025283,001,00300,"Oxygen, dissolved [DO]",5.5,C1,MIN,Concentration1,mg/L,5.5,mg/L,5,mg/L,,11/30/2024
PR0025283,001,00300,"Oxygen, dissolved [DO]",5,C1,MIN,Concentration1,mg/L,5,mg/L,5,mg/L,,12/31/2024
PR0025283,001,00300,"Oxygen, dissolved [DO]",5.5,C1,MIN,Concentration1,mg/L,5.5,mg/L,5,mg/L,,01/31/2025
PR0025283,001,00300,"Oxygen, dissolved [DO]",NA,C1,MIN,Concentration1,,,mg/L,5,mg/L,9,02/28/2025
PR0025283,001,00300,"Oxygen, dissolved [DO]",0.5,C1,MIN,Concentration1,mg/L,.5,mg/L,5,mg/L,,03/31/2025
PR0025283,001,00300,"Oxygen, dissolved [DO]",7.5,C1,MIN,Concentration1,mg/L,7.5,mg/L,5,mg/L,,04/30/2025
PR0025283,001,00300,"Oxygen, dissolved [DO]",5.7,C1,MIN,Concentration1,mg/L,5.7,mg/L,5,mg/L,,05/31/2025
PR0025283,001,00300,"Oxygen, dissolved [DO]",7,C1,MIN,Concentration1,mg/L,7,mg/L,5,mg/L,,06/30/2025
PR0025283,001,00300,"Oxygen, dissolved [DO]",7,C1,MIN,Concentration1,mg/L,7,mg/L,5,mg/L,,07/31/2025
PR0025283,001,00300,"Oxygen, dissolved [DO]",5.8,C1,MIN,Concentration1,mg/L,5.8,mg/L,5,mg/L,,08/31/2025
PR0025283,001,00300,"Oxygen, dissolved [DO]",7,C1,MIN,Concentration1,mg/L,7,mg/L,5,mg/L,,09/30/2025
PR0025283,001,00300,"Oxygen, dissolved [DO]",6,C1,MIN,Concentration1,mg/L,6,mg/L,5,mg/L,,10/31/2025
PR0025283,001,00300,"Oxygen, dissolved [DO]",7,C1,MIN,Concentration1,mg/L,7,mg/L,5,mg/L,,11/30/2025
PR0025283,001,00300,"Oxygen, dissolved [DO]",2,C1,MIN,Concentration1,mg/L,2,mg/L,5,mg/L,,12/31/2025
PR0025283,001,00300,"Oxygen, dissolved [DO]",7,C1,MIN,Concentration1,mg/L,7,mg/L,5,mg/L,,01/31/2026
PR0025283,001,00310,"BOD, 5-day, 20 deg. C",2.2,C3,MAX,Concentration3,mg/L,2.2,mg/L,7.8,mg/L,,01/31/2020
PR0025283,001,00310,"BOD, 5-day, 20 deg. C",2,C3,MAX,Concentration3,mg/L,2,mg/L,7.8,mg/L,,02/29/2020
PR0025283,001,00310,"BOD, 5-day, 20 deg. C",2,C3,MAX,Concentration3,mg/L,2,mg/L,7.8,mg/L,,03/31/2020
PR0025283,001,00310,"BOD, 5-day, 20 deg. C",2.2,C3,MAX,Concentration3,mg/L,2.2,mg/L,7.8,mg/L,,04/30/2020
PR0025283,001,00310,"BOD, 5-day, 20 deg. C",2,C3,MAX,Concentration3,mg/L,2,mg/L,7.8,mg/L,,05/31/2020
PR0025283,001,00310,"BOD, 5-day, 20 deg. C",3.2,C3,MAX,Concentration3,mg/L,3.2,mg/L,7.8,mg/L,,06/30/2020
PR0025283,001,00310,"BOD, 5-day, 20 deg. C",2.9,C3,MAX,Concentration3,mg/L,2.9,mg/L,7.8,mg/L,,07/31/2020
PR0025283,001,00310,"BOD, 5-day, 20 deg. C",3.5,C3,MAX,Concentration3,mg/L,3.5,mg/L,7.8,mg/L,,08/31/2020
PR0025283,001,00310,"BOD, 5-day, 20 deg. C",3.4,C3,MAX,Concentration3,mg/L,3.4,mg/L,7.8,mg/L,,09/30/2020
PR0025283,001,00310,"BOD, 5-day, 20 deg. C",2,C3,MAX,Concentration3,mg/L,2,mg/L,7.8,mg/L,,10/31/2020
PR0025283,001,00310,"BOD, 5-day, 20 deg. C",2,C3,MAX,Concentration3,mg/L,2,mg/L,7.8,mg/L,,11/30/2020
PR0025283,001,00310,"BOD, 5-day, 20 deg. C",24.6,C3,MAX,Concentration3,mg/L,24.6,mg/L,7.8,mg/L,,12/31/2020
PR0025283,001,00310,"BOD, 5-day, 20 deg. C",3.2,C3,MAX,Concentration3,mg/L,3.2,mg/L,7.8,mg/L,,01/31/2021
PR0025283,001,00310,"BOD, 5-day, 20 deg. C",2,C3,MAX,Concentration3,mg/L,2,mg/L,7.8,mg/L,,02/28/2021
PR0025283,001,00310,"BOD, 5-day, 20 deg. C",2,C3,MAX,Concentration3,mg/L,2,mg/L,7.8,mg/L,,03/31/2021
PR0025283,001,00310,"BOD, 5-day, 20 deg. C",6.24,C3,MAX,Concentration3,mg/L,6.24,mg/L,7.8,mg/L,,04/30/2021
PR0025283,001,00310,"BOD, 5-day, 20 deg. C",2,C3,MAX,Concentration3,mg/L,2,mg/L,7.8,mg/L,,05/31/2021
PR0025283,001,00310,"BOD, 5-day, 20 deg. C",2.7,C3,MAX,Concentration3,mg/L,2.7,mg/L,7.8,mg/L,,06/30/2021
PR0025283,001,00310,"BOD, 5-day, 20 deg. C",2,C3,MAX,Concentration3,mg/L,2,mg/L,7.8,mg/L,,07/31/2021
PR0025283,001,00310,"BOD, 5-day, 20 deg. C",3.11,C3,MAX,Concentration3,mg/L,3.11,mg/L,7.8,mg/L,,08/31/2021
PR0025283,001,00310,"BOD, 5-day, 20 deg. C",3.4,C3,MAX,Concentration3,mg/L,3.4,mg/L,7.8,mg/L,,09/30/2021
PR0025283,001,00310,"BOD, 5-day, 20 deg. C",2,C3,MAX,Concentration3,mg/L,2,mg/L,7.8,mg/L,,10/31/2021
PR0025283,001,00310,"BOD, 5-day, 20 deg. C",7.6,C3,MAX,Concentration3,mg/L,7.6,mg/L,7.8,mg/L,,11/30/2021
PR0025283,001,00310,"BOD, 5-day, 20 deg. C",2.4,C3,MAX,Concentration3,mg/L,2.4,mg/L,7.8,mg/L,,12/31/2021
PR0025283,001,00310,"BOD, 5-day, 20 deg. C",2,C3,MAX,Concentration3,mg/L,2,mg/L,7.8,mg/L,,01/31/2022
PR0025283,001,00310,"BOD, 5-day, 20 deg. C",2.6,C3,MAX,Concentration3,mg/L,2.6,mg/L,7.8,mg/L,,02/28/2022
PR0025283,001,00310,"BOD, 5-day, 20 deg. C",11.9,C3,MAX,Concentration3,mg/L,11.9,mg/L,7.8,mg/L,,03/31/2022
PR0025283,001,00310,"BOD, 5-day, 20 deg. C",2,C3,MAX,Concentration3,mg/L,2,mg/L,7.8,mg/L,,04/30/2022
PR0025283,001,00310,"BOD, 5-day, 20 deg. C",2.48,C3,MAX,Concentration3,mg/L,2.48,mg/L,7.8,mg/L,,05/31/2022
PR0025283,001,00310,"BOD, 5-day, 20 deg. C",2,C3,MAX,Concentration3,mg/L,2,mg/L,7.8,mg/L,,06/30/2022
PR0025283,001,00310,"BOD, 5-day, 20 deg. C",3.7,C3,MAX,Concentration3,mg/L,3.7,mg/L,7.8,mg/L,,07/31/2022
PR0025283,001,00310,"BOD, 5-day, 20 deg. C",4.7,C3,MAX,Concentration3,mg/L,4.7,mg/L,7.8,mg/L,,08/31/2022
PR0025283,001,00310,"BOD, 5-day, 20 deg. C",2,C3,MAX,Concentration3,mg/L,2,mg/L,7.8,mg/L,,09/30/2022
PR0025283,001,00310,"BOD, 5-day, 20 deg. C",2,C3,MAX,Concentration3,mg/L,2,mg/L,7.8,mg/L,,10/31/2022
PR0025283,001,00310,"BOD, 5-day, 20 deg. C",2,C3,MAX,Concentration3,mg/L,2,mg/L,7.8,mg/L,,11/30/2022
PR0025283,001,00310,"BOD, 5-day, 20 deg. C",2,C3,MAX,Concentration3,mg/L,2,mg/L,7.8,mg/L,,12/31/2022
PR0025283,001,00310,"BOD, 5-day, 20 deg. C",2,C3,MAX,Concentration3,mg/L,2,mg/L,7.8,mg/L,,01/31/2023
PR0025283,001,00310,"BOD, 5-day, 20 deg. C",2,C3,MAX,Concentration3,mg/L,2,mg/L,7.8,mg/L,,02/28/2023
PR0025283,001,00310,"BOD, 5-day, 20 deg. C",2,C3,MAX,Concentration3,mg/L,2,mg/L,7.8,mg/L,,03/31/2023
PR0025283,001,00310,"BOD, 5-day, 20 deg. C",4.9,C3,MAX,Concentration3,mg/L,4.9,mg/L,7.8,mg/L,,04/30/2023
PR0025283,001,00310,"BOD, 5-day, 20 deg. C",18.4,C3,MAX,Concentration3,mg/L,18.4,mg/L,7.8,mg/L,,05/31/2023
PR0025283,001,00310,"BOD, 5-day, 20 deg. C",9.96,C3,MAX,Concentration3,mg/L,9.96,mg/L,7.8,mg/L,,06/30/2023
PR0025283,001,00310,"BOD, 5-day, 20 deg. C",7.4,C3,MAX,Concentration3,mg/L,7.4,mg/L,7.8,mg/L,,07/31/2023
PR0025283,001,00310,"BOD, 5-day, 20 deg. C",5.2,C3,MAX,Concentration3,mg/L,5.2,mg/L,7.8,mg/L,,08/31/2023
PR0025283,001,00310,"BOD, 5-day, 20 deg. C",8.7,C3,MAX,Concentration3,mg/L,8.7,mg/L,7.8,mg/L,,09/30/2023
PR0025283,001,00310,"BOD, 5-day, 20 deg. C",5.08,C3,MAX,Concentration3,mg/L,5.08,mg/L,7.8,mg/L,,10/31/2023
PR0025283,001,00310,"BOD, 5-day, 20 deg. C",7.9,C3,MAX,Concentration3,mg/L,7.9,mg/L,7.8,mg/L,,11/30/2023
PR0025283,001,00310,"BOD, 5-day, 20 deg. C",2,C3,MAX,Concentration3,mg/L,2,mg/L,7.8,mg/L,,12/31/2023
PR0025283,001,00310,"BOD, 5-day, 20 deg. C",2,C3,MAX,Concentration3,mg/L,2,mg/L,7.8,mg/L,,01/31/2024
PR0025283,001,00310,"BOD, 5-day, 20 deg. C",8.4,C3,MAX,Concentration3,mg/L,8.4,mg/L,7.8,mg/L,,02/29/2024
PR0025283,001,00310,"BOD, 5-day, 20 deg. C",6,C3,MAX,Concentration3,mg/L,6,mg/L,7.8,mg/L,,03/31/2024
PR0025283,001,00310,"BOD, 5-day, 20 deg. C",3.9,C3,MAX,Concentration3,mg/L,3.9,mg/L,7.8,mg/L,,04/30/2024
PR0025283,001,00310,"BOD, 5-day, 20 deg. C",7.9,C3,MAX,Concentration3,mg/L,7.9,mg/L,7.8,mg/L,,05/31/2024
PR0025283,001,00310,"BOD, 5-day, 20 deg. C",2,C3,MAX,Concentration3,mg/L,2,mg/L,7.8,mg/L,,06/30/2024
PR0025283,001,00310,"BOD, 5-day, 20 deg. C",16.6,C3,MAX,Concentration3,mg/L,16.6,mg/L,7.8,mg/L,,07/31/2024
PR0025283,001,00310,"BOD, 5-day, 20 deg. C",2,C3,MAX,Concentration3,mg/L,2,mg/L,7.8,mg/L,,08/31/2024
PR0025283,001,00310,"BOD, 5-day, 20 deg. C",13.1,C3,MAX,Concentration3,mg/L,13.1,mg/L,7.8,mg/L,,09/30/2024
PR0025283,001,00310,"BOD, 5-day, 20 deg. C",2,C3,MAX,Concentration3,mg/L,2,mg/L,7.8,mg/L,,10/31/2024
PR0025283,001,00310,"BOD, 5-day, 20 deg. C",4.92,C3,MAX,Concentration3,mg/L,4.92,mg/L,7.8,mg/L,,11/30/2024
PR0025283,001,00310,"BOD, 5-day, 20 deg. C",2,C3,MAX,Concentration3,mg/L,2,mg/L,7.8,mg/L,,12/31/2024
PR0025283,001,00310,"BOD, 5-day, 20 deg. C",9.4,C3,MAX,Concentration3,mg/L,9.4,mg/L,7.8,mg/L,,01/31/2025
PR0025283,001,00310,"BOD, 5-day, 20 deg. C",61.8,C3,MAX,Concentration3,mg/L,61.8,mg/L,7.8,mg/L,,02/28/2025
PR0025283,001,00310,"BOD, 5-day, 20 deg. C",21.7,C3,MAX,Concentration3,mg/L,21.7,mg/L,7.8,mg/L,,03/31/2025
PR0025283,001,00310,"BOD, 5-day, 20 deg. C",21.2,C3,MAX,Concentration3,mg/L,21.2,mg/L,7.8,mg/L,,04/30/2025
PR0025283,001,00310,"BOD, 5-day, 20 deg. C",38.6,C3,MAX,Concentration3,mg/L,38.6,mg/L,7.8,mg/L,,05/31/2025
PR0025283,001,00310,"BOD, 5-day, 20 deg. C",61.1,C3,MAX,Concentration3,mg/L,61.1,mg/L,7.8,mg/L,,06/30/2025
PR0025283,001,00310,"BOD, 5-day, 20 deg. C",61.1,C3,MAX,Concentration3,mg/L,61.1,mg/L,7.8,mg/L,,07/31/2025
PR0025283,001,00310,"BOD, 5-day, 20 deg. C",10.6,C3,MAX,Concentration3,mg/L,10.6,mg/L,7.8,mg/L,,08/31/2025
PR0025283,001,00310,"BOD, 5-day, 20 deg. C",2,C3,MAX,Concentration3,mg/L,2,mg/L,7.8,mg/L,,09/30/2025
PR0025283,001,00310,"BOD, 5-day, 20 deg. C",2.8,C3,MAX,Concentration3,mg/L,2.8,mg/L,7.8,mg/L,,10/31/2025
PR0025283,001,00310,"BOD, 5-day, 20 deg. C",32.5,C3,MAX,Concentration3,mg/L,32.5,mg/L,7.8,mg/L,,11/30/2025
PR0025283,001,00310,"BOD, 5-day, 20 deg. C",2,C3,MAX,Concentration3,mg/L,2,mg/L,7.8,mg/L,,12/31/2025
PR0025283,001,00310,"BOD, 5-day, 20 deg. C",41,C3,MAX,Concentration3,mg/L,41,mg/L,7.8,mg/L,,01/31/2026
PR0025283,001,00400,pH,7.7,C3,MAX,Concentration3,SU,7.7,SU,9,SU,,01/31/2020
PR0025283,001,00400,pH,7,C1,MIN,Concentration1,SU,7,SU,6,SU,,01/31/2020
PR0025283,001,00400,pH,7,C1,MIN,Concentration1,SU,7,SU,6,SU,,02/29/2020
PR0025283,001,00400,pH,7.1,C3,MAX,Concentration3,SU,7.1,SU,9,SU,,02/29/2020
PR0025283,001,00400,pH,7.4,C3,MAX,Concentration3,SU,7.4,SU,9,SU,,03/31/2020
PR0025283,001,00400,pH,7,C1,MIN,Concentration1,SU,7,SU,6,SU,,03/31/2020
PR0025283,001,00400,pH,7,C1,MIN,Concentration1,SU,7,SU,6,SU,,04/30/2020
PR0025283,001,00400,pH,7.3,C3,MAX,Concentration3,SU,7.3,SU,9,SU,,04/30/2020
PR0025283,001,00400,pH,7.9,C3,MAX,Concentration3,SU,7.9,SU,9,SU,,05/31/2020
PR0025283,001,00400,pH,7,C1,MIN,Concentration1,SU,7,SU,6,SU,,05/31/2020
PR0025283,001,00400,pH,7.8,C3,MAX,Concentration3,SU,7.8,SU,9,SU,,06/30/2020
PR0025283,001,00400,pH,7,C1,MIN,Concentration1,SU,7,SU,6,SU,,06/30/2020
PR0025283,001,00400,pH,7,C1,MIN,Concentration1,SU,7,SU,6,SU,,07/31/2020
PR0025283,001,00400,pH,7.9,C3,MAX,Concentration3,SU,7.9,SU,9,SU,,07/31/2020
PR0025283,001,00400,pH,7,C1,MIN,Concentration1,SU,7,SU,6,SU,,08/31/2020
PR0025283,001,00400,pH,7.9,C3,MAX,Concentration3,SU,7.9,SU,9,SU,,08/31/2020
PR0025283,001,00400,pH,7.4,C3,MAX,Concentration3,SU,7.4,SU,9,SU,,09/30/2020
PR0025283,001,00400,pH,7,C1,MIN,Concentration1,SU,7,SU,6,SU,,09/30/2020
PR0025283,001,00400,pH,7,C1,MIN,Concentration1,SU,7,SU,6,SU,,10/31/2020
PR0025283,001,00400,pH,7.6,C3,MAX,Concentration3,SU,7.6,SU,9,SU,,10/31/2020
PR0025283,001,00400,pH,7.5,C3,MAX,Concentration3,SU,7.5,SU,9,SU,,11/30/2020
PR0025283,001,00400,pH,7,C1,MIN,Concentration1,SU,7,SU,6,SU,,11/30/2020
PR0025283,001,00400,pH,7,C1,MIN,Concentration1,SU,7,SU,6,SU,,12/31/2020
PR0025283,001,00400,pH,7.8,C3,MAX,Concentration3,SU,7.8,SU,9,SU,,12/31/2020
PR0025283,001,00400,pH,7.7,C3,MAX,Concentration3,SU,7.7,SU,9,SU,,01/31/2021
PR0025283,001,00400,pH,7,C1,MIN,Concentration1,SU,7,SU,6,SU,,01/31/2021
PR0025283,001,00400,pH,7,C1,MIN,Concentration1,SU,7,SU,6,SU,,02/28/2021
PR0025283,001,00400,pH,7.4,C3,MAX,Concentration3,SU,7.4,SU,9,SU,,02/28/2021
PR0025283,001,00400,pH,7.4,C3,MAX,Concentration3,SU,7.4,SU,9,SU,,03/31/2021
PR0025283,001,00400,pH,7,C1,MIN,Concentration1,SU,7,SU,6,SU,,03/31/2021
PR0025283,001,00400,pH,7,C1,MIN,Concentration1,SU,7,SU,6,SU,,04/30/2021
PR0025283,001,00400,pH,7.4,C3,MAX,Concentration3,SU,7.4,SU,9,SU,,04/30/2021
PR0025283,001,00400,pH,7,C1,MIN,Concentration1,SU,7,SU,6,SU,,05/31/2021
PR0025283,001,00400,pH,7.4,C3,MAX,Concentration3,SU,7.4,SU,9,SU,,05/31/2021
PR0025283,001,00400,pH,7,C1,MIN,Concentration1,SU,7,SU,6,SU,,06/30/2021
PR0025283,001,00400,pH,7.6,C3,MAX,Concentration3,SU,7.6,SU,9,SU,,06/30/2021
PR0025283,001,00400,pH,7.6,C3,MAX,Concentration3,SU,7.6,SU,9,SU,,07/31/2021
PR0025283,001,00400,pH,7,C1,MIN,Concentration1,SU,7,SU,6,SU,,07/31/2021
PR0025283,001,00400,pH,7,C1,MIN,Concentration1,SU,7,SU,6,SU,,08/31/2021
PR0025283,001,00400,pH,7.6,C3,MAX,Concentration3,SU,7.6,SU,9,SU,,08/31/2021
PR0025283,001,00400,pH,7.6,C3,MAX,Concentration3,SU,7.6,SU,9,SU,,09/30/2021
PR0025283,001,00400,pH,7,C1,MIN,Concentration1,SU,7,SU,6,SU,,09/30/2021
PR0025283,001,00400,pH,7,C1,MIN,Concentration1,SU,7,SU,6,SU,,10/31/2021
PR0025283,001,00400,pH,7.4,C3,MAX,Concentration3,SU,7.4,SU,9,SU,,10/31/2021
PR0025283,001,00400,pH,7.2,C3,MAX,Concentration3,SU,7.2,SU,9,SU,,11/30/2021
PR0025283,001,00400,pH,7,C1,MIN,Concentration1,SU,7,SU,6,SU,,11/30/2021
PR0025283,001,00400,pH,7,C1,MIN,Concentration1,SU,7,SU,6,SU,,12/31/2021
PR0025283,001,00400,pH,7.6,C3,MAX,Concentration3,SU,7.6,SU,9,SU,,12/31/2021
PR0025283,001,00400,pH,7,C1,MIN,Concentration1,SU,7,SU,6,SU,,01/31/2022
PR0025283,001,00400,pH,7.8,C3,MAX,Concentration3,SU,7.8,SU,9,SU,,01/31/2022
PR0025283,001,00400,pH,7.6,C3,MAX,Concentration3,SU,7.6,SU,9,SU,,02/28/2022
PR0025283,001,00400,pH,7,C1,MIN,Concentration1,SU,7,SU,6,SU,,02/28/2022
PR0025283,001,00400,pH,7.3,C3,MAX,Concentration3,SU,7.3,SU,9,SU,,03/31/2022
PR0025283,001,00400,pH,7,C1,MIN,Concentration1,SU,7,SU,6,SU,,03/31/2022
PR0025283,001,00400,pH,7,C1,MIN,Concentration1,SU,7,SU,6,SU,,04/30/2022
PR0025283,001,00400,pH,7.2,C3,MAX,Concentration3,SU,7.2,SU,9,SU,,04/30/2022
PR0025283,001,00400,pH,7.7,C3,MAX,Concentration3,SU,7.7,SU,9,SU,,05/31/2022
PR0025283,001,00400,pH,7,C1,MIN,Concentration1,SU,7,SU,6,SU,,05/31/2022
PR0025283,001,00400,pH,7.6,C3,MAX,Concentration3,SU,7.6,SU,9,SU,,06/30/2022
PR0025283,001,00400,pH,7,C1,MIN,Concentration1,SU,7,SU,6,SU,,06/30/2022
PR0025283,001,00400,pH,7.6,C3,MAX,Concentration3,SU,7.6,SU,9,SU,,07/31/2022
PR0025283,001,00400,pH,7,C1,MIN,Concentration1,SU,7,SU,6,SU,,07/31/2022
PR0025283,001,00400,pH,7,C1,MIN,Concentration1,SU,7,SU,6,SU,,08/31/2022
PR0025283,001,00400,pH,7,C3,MAX,Concentration3,SU,7,SU,9,SU,,08/31/2022
PR0025283,001,00400,pH,7.4,C3,MAX,Concentration3,SU,7.4,SU,9,SU,,09/30/2022
PR0025283,001,00400,pH,7,C1,MIN,Concentration1,SU,7,SU,6,SU,,09/30/2022
PR0025283,001,00400,pH,6.3,C1,MIN,Concentration1,SU,6.3,SU,6,SU,,10/31/2022
PR0025283,001,00400,pH,8,C3,MAX,Concentration3,SU,8,SU,9,SU,,10/31/2022
PR0025283,001,00400,pH,6.02,C1,MIN,Concentration1,SU,6.02,SU,6,SU,,11/30/2022
PR0025283,001,00400,pH,8,C3,MAX,Concentration3,SU,8,SU,9,SU,,11/30/2022
PR0025283,001,00400,pH,6,C1,MIN,Concentration1,SU,6,SU,6,SU,,12/31/2022
PR0025283,001,00400,pH,7.2,C3,MAX,Concentration3,SU,7.2,SU,9,SU,,12/31/2022
PR0025283,001,00400,pH,6.7,C3,MAX,Concentration3,SU,6.7,SU,9,SU,,01/31/2023
PR0025283,001,00400,pH,6.5,C1,MIN,Concentration1,SU,6.5,SU,6,SU,,01/31/2023
PR0025283,001,00400,pH,6.1,C1,MIN,Concentration1,SU,6.1,SU,6,SU,,02/28/2023
PR0025283,001,00400,pH,7.2,C3,MAX,Concentration3,SU,7.2,SU,9,SU,,02/28/2023
PR0025283,001,00400,pH,7,C3,MAX,Concentration3,SU,7,SU,9,SU,,03/31/2023
PR0025283,001,00400,pH,6,C1,MIN,Concentration1,SU,6,SU,6,SU,,03/31/2023
PR0025283,001,00400,pH,7.2,C3,MAX,Concentration3,SU,7.2,SU,9,SU,,04/30/2023
PR0025283,001,00400,pH,6,C1,MIN,Concentration1,SU,6,SU,6,SU,,04/30/2023
PR0025283,001,00400,pH,6.54,C3,MAX,Concentration3,SU,6.54,SU,9,SU,,05/31/2023
PR0025283,001,00400,pH,6.31,C1,MIN,Concentration1,SU,6.31,SU,6,SU,,05/31/2023
PR0025283,001,00400,pH,6.5,C3,MAX,Concentration3,SU,6.5,SU,9,SU,,06/30/2023
PR0025283,001,00400,pH,6,C1,MIN,Concentration1,SU,6,SU,6,SU,,06/30/2023
PR0025283,001,00400,pH,8,C3,MAX,Concentration3,SU,8,SU,9,SU,,07/31/2023
PR0025283,001,00400,pH,6,C1,MIN,Concentration1,SU,6,SU,6,SU,,07/31/2023
PR0025283,001,00400,pH,6.2,C1,MIN,Concentration1,SU,6.2,SU,6,SU,,08/31/2023
PR0025283,001,00400,pH,7.8,C3,MAX,Concentration3,SU,7.8,SU,9,SU,,08/31/2023
PR0025283,001,00400,pH,6.4,C1,MIN,Concentration1,SU,6.4,SU,6,SU,,09/30/2023
PR0025283,001,00400,pH,7.8,C3,MAX,Concentration3,SU,7.8,SU,9,SU,,09/30/2023
PR0025283,001,00400,pH,3.01,C1,MIN,Concentration1,SU,3.01,SU,6,SU,,10/31/2023
PR0025283,001,00400,pH,7.6,C3,MAX,Concentration3,SU,7.6,SU,9,SU,,10/31/2023
PR0025283,001,00400,pH,6.3,C1,MIN,Concentration1,SU,6.3,SU,6,SU,,11/30/2023
PR0025283,001,00400,pH,7.9,C3,MAX,Concentration3,SU,7.9,SU,9,SU,,11/30/2023
PR0025283,001,00400,pH,6.1,C1,MIN,Concentration1,SU,6.1,SU,6,SU,,12/31/2023
PR0025283,001,00400,pH,7.2,C3,MAX,Concentration3,SU,7.2,SU,9,SU,,12/31/2023
PR0025283,001,00400,pH,0,C3,MAX,Concentration3,SU,0,SU,9,SU,,01/31/2024
PR0025283,001,00400,pH,7.6,C1,MIN,Concentration1,SU,7.6,SU,6,SU,,01/31/2024
PR0025283,001,00400,pH,7.1,C1,MIN,Concentration1,SU,7.1,SU,6,SU,,02/29/2024
PR0025283,001,00400,pH,7.3,C3,MAX,Concentration3,SU,7.3,SU,9,SU,,02/29/2024
PR0025283,001,00400,pH,7,C1,MIN,Concentration1,SU,7,SU,6,SU,,03/31/2024
PR0025283,001,00400,pH,7.9,C3,MAX,Concentration3,SU,7.9,SU,9,SU,,03/31/2024
PR0025283,001,00400,pH,7,C1,MIN,Concentration1,SU,7,SU,6,SU,,04/30/2024
PR0025283,001,00400,pH,8.2,C3,MAX,Concentration3,SU,8.2,SU,9,SU,,04/30/2024
PR0025283,001,00400,pH,0,C1,MIN,Concentration1,SU,0,SU,6,SU,,05/31/2024
PR0025283,001,00400,pH,7.8,C3,MAX,Concentration3,SU,7.8,SU,9,SU,,05/31/2024
PR0025283,001,00400,pH,0,C3,MAX,Concentration3,SU,0,SU,9,SU,,06/30/2024
PR0025283,001,00400,pH,7.5,C1,MIN,Concentration1,SU,7.5,SU,6,SU,,06/30/2024
PR0025283,001,00400,pH,7.3,C1,MIN,Concentration1,SU,7.3,SU,6,SU,,07/31/2024
PR0025283,001,00400,pH,7.3,C3,MAX,Concentration3,SU,7.3,SU,9,SU,,07/31/2024
PR0025283,001,00400,pH,7,C1,MIN,Concentration1,SU,7,SU,6,SU,,08/31/2024
PR0025283,001,00400,pH,7.5,C3,MAX,Concentration3,SU,7.5,SU,9,SU,,08/31/2024
PR0025283,001,00400,pH,NA,C3,MAX,Concentration3,,,SU,9,SU,9,09/30/2024
PR0025283,001,00400,pH,NA,C1,MIN,Concentration1,,,SU,6,SU,9,09/30/2024
PR0025283,001,00400,pH,7,C3,MAX,Concentration3,SU,7,SU,9,SU,,10/31/2024
PR0025283,001,00400,pH,6.5,C1,MIN,Concentration1,SU,6.5,SU,6,SU,,10/31/2024
PR0025283,001,00400,pH,0,C3,MAX,Concentration3,SU,0,SU,9,SU,,11/30/2024
PR0025283,001,00400,pH,7.5,C1,MIN,Concentration1,SU,7.5,SU,6,SU,,11/30/2024
PR0025283,001,00400,pH,0,C1,MIN,Concentration1,SU,0,SU,6,SU,,12/31/2024
PR0025283,001,00400,pH,7,C3,MAX,Concentration3,SU,7,SU,9,SU,,12/31/2024
PR0025283,001,00400,pH,6.5,C1,MIN,Concentration1,SU,6.5,SU,6,SU,,01/31/2025
PR0025283,001,00400,pH,7,C3,MAX,Concentration3,SU,7,SU,9,SU,,01/31/2025
PR0025283,001,00400,pH,7.2,C1,MIN,Concentration1,SU,7.2,SU,6,SU,,02/28/2025
PR0025283,001,00400,pH,7.3,C3,MAX,Concentration3,SU,7.3,SU,9,SU,,02/28/2025
PR0025283,001,00400,pH,7.5,C3,MAX,Concentration3,SU,7.5,SU,9,SU,,03/31/2025
PR0025283,001,00400,pH,7,C1,MIN,Concentration1,SU,7,SU,6,SU,,03/31/2025
PR0025283,001,00400,pH,6.8,C1,MIN,Concentration1,SU,6.8,SU,6,SU,,04/30/2025
PR0025283,001,00400,pH,7,C3,MAX,Concentration3,SU,7,SU,9,SU,,04/30/2025
PR0025283,001,00400,pH,7,C3,MAX,Concentration3,SU,7,SU,9,SU,,05/31/2025
PR0025283,001,00400,pH,6.5,C1,MIN,Concentration1,SU,6.5,SU,6,SU,,05/31/2025
PR0025283,001,00400,pH,7,C3,MAX,Concentration3,SU,7,SU,9,SU,,06/30/2025
PR0025283,001,00400,pH,6.5,C1,MIN,Concentration1,SU,6.5,SU,6,SU,,06/30/2025
PR0025283,001,00400,pH,7,C3,MAX,Concentration3,SU,7,SU,9,SU,,07/31/2025
PR0025283,001,00400,pH,6.5,C1,MIN,Concentration1,SU,6.5,SU,6,SU,,07/31/2025
PR0025283,001,00400,pH,7.5,C3,MAX,Concentration3,SU,7.5,SU,9,SU,,08/31/2025
PR0025283,001,00400,pH,7,C1,MIN,Concentration1,SU,7,SU,6,SU,,08/31/2025
PR0025283,001,00400,pH,7.6,C3,MAX,Concentration3,SU,7.6,SU,9,SU,,09/30/2025
PR0025283,001,00400,pH,7,C1,MIN,Concentration1,SU,7,SU,6,SU,,09/30/2025
PR0025283,001,00400,pH,8,C3,MAX,Concentration3,SU,8,SU,9,SU,,10/31/2025
PR0025283,001,00400,pH,7,C1,MIN,Concentration1,SU,7,SU,6,SU,,10/31/2025
PR0025283,001,00400,pH,8,C3,MAX,Concentration3,SU,8,SU,9,SU,,11/30/2025
PR0025283,001,00400,pH,6.5,C1,MIN,Concentration1,SU,6.5,SU,6,SU,,11/30/2025
PR0025283,001,00400,pH,8,C3,MAX,Concentration3,SU,8,SU,9,SU,,12/31/2025
PR0025283,001,00400,pH,6.1,C1,MIN,Concentration1,SU,6.1,SU,6,SU,,12/31/2025
PR0025283,001,00400,pH,8,C3,MAX,Concentration3,SU,8,SU,9,SU,,01/31/2026
PR0025283,001,00400,pH,7.5,C1,MIN,Concentration1,SU,7.5,SU,6,SU,,01/31/2026
PR0025283,001,00530,"Solids, total suspended",6,C2,AVG,Concentration2,mg/L,6,mg/L,30,mg/L,,01/31/2020
PR0025283,001,00530,"Solids, total suspended",6,C3,AVG,Concentration3,mg/L,6,mg/L,45,mg/L,,01/31/2020
PR0025283,001,00530,"Solids, total suspended",20,C3,AVG,Concentration3,mg/L,20,mg/L,45,mg/L,,02/29/2020
PR0025283,001,00530,"Solids, total suspended",20,C2,AVG,Concentration2,mg/L,20,mg/L,30,mg/L,,02/29/2020
PR0025283,001,00530,"Solids, total suspended",80,C2,AVG,Concentration2,mg/L,80,mg/L,30,mg/L,,03/31/2020
PR0025283,001,00530,"Solids, total suspended",80,C3,AVG,Concentration3,mg/L,80,mg/L,45,mg/L,,03/31/2020
PR0025283,001,00530,"Solids, total suspended",7,C3,AVG,Concentration3,mg/L,7,mg/L,45,mg/L,,04/30/2020
PR0025283,001,00530,"Solids, total suspended",7,C2,AVG,Concentration2,mg/L,7,mg/L,30,mg/L,,04/30/2020
PR0025283,001,00530,"Solids, total suspended",22,C2,AVG,Concentration2,mg/L,22,mg/L,30,mg/L,,05/31/2020
PR0025283,001,00530,"Solids, total suspended",22,C3,AVG,Concentration3,mg/L,22,mg/L,45,mg/L,,05/31/2020
PR0025283,001,00530,"Solids, total suspended",66,C3,AVG,Concentration3,mg/L,66,mg/L,45,mg/L,,06/30/2020
PR0025283,001,00530,"Solids, total suspended",66,C2,AVG,Concentration2,mg/L,66,mg/L,30,mg/L,,06/30/2020
PR0025283,001,00530,"Solids, total suspended",8,C2,AVG,Concentration2,mg/L,8,mg/L,30,mg/L,,07/31/2020
PR0025283,001,00530,"Solids, total suspended",8,C3,AVG,Concentration3,mg/L,8,mg/L,45,mg/L,,07/31/2020
PR0025283,001,00530,"Solids, total suspended",11,C3,AVG,Concentration3,mg/L,11,mg/L,45,mg/L,,08/31/2020
PR0025283,001,00530,"Solids, total suspended",11,C2,AVG,Concentration2,mg/L,11,mg/L,30,mg/L,,08/31/2020
PR0025283,001,00530,"Solids, total suspended",11,C2,AVG,Concentration2,mg/L,11,mg/L,30,mg/L,,09/30/2020
PR0025283,001,00530,"Solids, total suspended",11,C3,AVG,Concentration3,mg/L,11,mg/L,45,mg/L,,09/30/2020
PR0025283,001,00530,"Solids, total suspended",4,C3,AVG,Concentration3,mg/L,4,mg/L,45,mg/L,,10/31/2020
PR0025283,001,00530,"Solids, total suspended",4,C2,AVG,Concentration2,mg/L,4,mg/L,30,mg/L,,10/31/2020
PR0025283,001,00530,"Solids, total suspended",10,C2,AVG,Concentration2,mg/L,10,mg/L,30,mg/L,,11/30/2020
PR0025283,001,00530,"Solids, total suspended",10,C3,AVG,Concentration3,mg/L,10,mg/L,45,mg/L,,11/30/2020
PR0025283,001,00530,"Solids, total suspended",41,C3,AVG,Concentration3,mg/L,41,mg/L,45,mg/L,,12/31/2020
PR0025283,001,00530,"Solids, total suspended",12,C2,AVG,Concentration2,mg/L,12,mg/L,30,mg/L,,12/31/2020
PR0025283,001,00530,"Solids, total suspended",4,C2,AVG,Concentration2,mg/L,4,mg/L,30,mg/L,,01/31/2021
PR0025283,001,00530,"Solids, total suspended",4,C3,AVG,Concentration3,mg/L,4,mg/L,45,mg/L,,01/31/2021
PR0025283,001,00530,"Solids, total suspended",9,C3,AVG,Concentration3,mg/L,9,mg/L,45,mg/L,,02/28/2021
PR0025283,001,00530,"Solids, total suspended",9,C2,AVG,Concentration2,mg/L,9,mg/L,30,mg/L,,02/28/2021
PR0025283,001,00530,"Solids, total suspended",41,C2,AVG,Concentration2,mg/L,41,mg/L,30,mg/L,,03/31/2021
PR0025283,001,00530,"Solids, total suspended",41,C3,AVG,Concentration3,mg/L,41,mg/L,45,mg/L,,03/31/2021
PR0025283,001,00530,"Solids, total suspended",12,C3,AVG,Concentration3,mg/L,12,mg/L,45,mg/L,,04/30/2021
PR0025283,001,00530,"Solids, total suspended",12,C2,AVG,Concentration2,mg/L,12,mg/L,30,mg/L,,04/30/2021
PR0025283,001,00530,"Solids, total suspended",27.3,C2,AVG,Concentration2,mg/L,27.3,mg/L,30,mg/L,,05/31/2021
PR0025283,001,00530,"Solids, total suspended",0,C3,AVG,Concentration3,mg/L,0,mg/L,45,mg/L,,05/31/2021
PR0025283,001,00530,"Solids, total suspended",29,C3,AVG,Concentration3,mg/L,29,mg/L,45,mg/L,,06/30/2021
PR0025283,001,00530,"Solids, total suspended",29,C2,AVG,Concentration2,mg/L,29,mg/L,30,mg/L,,06/30/2021
PR0025283,001,00530,"Solids, total suspended",13,C2,AVG,Concentration2,mg/L,13,mg/L,30,mg/L,,07/31/2021
PR0025283,001,00530,"Solids, total suspended",13,C3,AVG,Concentration3,mg/L,13,mg/L,45,mg/L,,07/31/2021
PR0025283,001,00530,"Solids, total suspended",12,C3,AVG,Concentration3,mg/L,12,mg/L,45,mg/L,,08/31/2021
PR0025283,001,00530,"Solids, total suspended",12,C2,AVG,Concentration2,mg/L,12,mg/L,30,mg/L,,08/31/2021
PR0025283,001,00530,"Solids, total suspended",34,C2,AVG,Concentration2,mg/L,34,mg/L,30,mg/L,,09/30/2021
PR0025283,001,00530,"Solids, total suspended",34,C3,AVG,Concentration3,mg/L,34,mg/L,45,mg/L,,09/30/2021
PR0025283,001,00530,"Solids, total suspended",137,C3,AVG,Concentration3,mg/L,137,mg/L,45,mg/L,,10/31/2021
PR0025283,001,00530,"Solids, total suspended",137,C2,AVG,Concentration2,mg/L,137,mg/L,30,mg/L,,10/31/2021
PR0025283,001,00530,"Solids, total suspended",12.1,C2,AVG,Concentration2,mg/L,12.1,mg/L,30,mg/L,,11/30/2021
PR0025283,001,00530,"Solids, total suspended",12.1,C3,AVG,Concentration3,mg/L,12.1,mg/L,45,mg/L,,11/30/2021
PR0025283,001,00530,"Solids, total suspended",15,C3,AVG,Concentration3,mg/L,15,mg/L,45,mg/L,,12/31/2021
PR0025283,001,00530,"Solids, total suspended",15,C2,AVG,Concentration2,mg/L,15,mg/L,30,mg/L,,12/31/2021
PR0025283,001,00530,"Solids, total suspended",239,C2,AVG,Concentration2,mg/L,239,mg/L,30,mg/L,,01/31/2022
PR0025283,001,00530,"Solids, total suspended",239,C3,AVG,Concentration3,mg/L,239,mg/L,45,mg/L,,01/31/2022
PR0025283,001,00530,"Solids, total suspended",7,C3,AVG,Concentration3,mg/L,7,mg/L,45,mg/L,,02/28/2022
PR0025283,001,00530,"Solids, total suspended",7,C2,AVG,Concentration2,mg/L,7,mg/L,30,mg/L,,02/28/2022
PR0025283,001,00530,"Solids, total suspended",20,C2,AVG,Concentration2,mg/L,20,mg/L,30,mg/L,,03/31/2022
PR0025283,001,00530,"Solids, total suspended",20,C3,AVG,Concentration3,mg/L,20,mg/L,45,mg/L,,03/31/2022
PR0025283,001,00530,"Solids, total suspended",7,C3,AVG,Concentration3,mg/L,7,mg/L,45,mg/L,,04/30/2022
PR0025283,001,00530,"Solids, total suspended",7,C2,AVG,Concentration2,mg/L,7,mg/L,30,mg/L,,04/30/2022
PR0025283,001,00530,"Solids, total suspended",10,C2,AVG,Concentration2,mg/L,10,mg/L,30,mg/L,,05/31/2022
PR0025283,001,00530,"Solids, total suspended",10,C3,AVG,Concentration3,mg/L,10,mg/L,45,mg/L,,05/31/2022
PR0025283,001,00530,"Solids, total suspended",31,C3,AVG,Concentration3,mg/L,31,mg/L,45,mg/L,,06/30/2022
PR0025283,001,00530,"Solids, total suspended",31,C2,AVG,Concentration2,mg/L,31,mg/L,30,mg/L,,06/30/2022
PR0025283,001,00530,"Solids, total suspended",17,C2,AVG,Concentration2,mg/L,17,mg/L,30,mg/L,,07/31/2022
PR0025283,001,00530,"Solids, total suspended",17,C3,AVG,Concentration3,mg/L,17,mg/L,45,mg/L,,07/31/2022
PR0025283,001,00530,"Solids, total suspended",22,C3,AVG,Concentration3,mg/L,22,mg/L,45,mg/L,,08/31/2022
PR0025283,001,00530,"Solids, total suspended",22,C2,AVG,Concentration2,mg/L,22,mg/L,30,mg/L,,08/31/2022
PR0025283,001,00530,"Solids, total suspended",8,C2,AVG,Concentration2,mg/L,8,mg/L,30,mg/L,,09/30/2022
PR0025283,001,00530,"Solids, total suspended",8,C3,AVG,Concentration3,mg/L,8,mg/L,45,mg/L,,09/30/2022
PR0025283,001,00530,"Solids, total suspended",13,C3,AVG,Concentration3,mg/L,13,mg/L,45,mg/L,,10/31/2022
PR0025283,001,00530,"Solids, total suspended",13,C2,AVG,Concentration2,mg/L,13,mg/L,30,mg/L,,10/31/2022
PR0025283,001,00530,"Solids, total suspended",24,C2,AVG,Concentration2,mg/L,24,mg/L,30,mg/L,,11/30/2022
PR0025283,001,00530,"Solids, total suspended",24,C3,AVG,Concentration3,mg/L,24,mg/L,45,mg/L,,11/30/2022
PR0025283,001,00530,"Solids, total suspended",12,C3,AVG,Concentration3,mg/L,12,mg/L,45,mg/L,,12/31/2022
PR0025283,001,00530,"Solids, total suspended",12,C2,AVG,Concentration2,mg/L,12,mg/L,30,mg/L,,12/31/2022
PR0025283,001,00530,"Solids, total suspended",40,C2,AVG,Concentration2,mg/L,40,mg/L,30,mg/L,,01/31/2023
PR0025283,001,00530,"Solids, total suspended",40,C3,AVG,Concentration3,mg/L,40,mg/L,45,mg/L,,01/31/2023
PR0025283,001,00530,"Solids, total suspended",24,C3,AVG,Concentration3,mg/L,24,mg/L,45,mg/L,,02/28/2023
PR0025283,001,00530,"Solids, total suspended",24,C2,AVG,Concentration2,mg/L,24,mg/L,30,mg/L,,02/28/2023
PR0025283,001,00530,"Solids, total suspended",4,C2,AVG,Concentration2,mg/L,4,mg/L,30,mg/L,,03/31/2023
PR0025283,001,00530,"Solids, total suspended",4,C3,AVG,Concentration3,mg/L,4,mg/L,45,mg/L,,03/31/2023
PR0025283,001,00530,"Solids, total suspended",4,C3,AVG,Concentration3,mg/L,4,mg/L,45,mg/L,,04/30/2023
PR0025283,001,00530,"Solids, total suspended",4,C2,AVG,Concentration2,mg/L,4,mg/L,30,mg/L,,04/30/2023
PR0025283,001,00530,"Solids, total suspended",10,C2,AVG,Concentration2,mg/L,10,mg/L,30,mg/L,,05/31/2023
PR0025283,001,00530,"Solids, total suspended",10,C3,AVG,Concentration3,mg/L,10,mg/L,45,mg/L,,05/31/2023
PR0025283,001,00530,"Solids, total suspended",18,C3,AVG,Concentration3,mg/L,18,mg/L,45,mg/L,,06/30/2023
PR0025283,001,00530,"Solids, total suspended",18,C2,AVG,Concentration2,mg/L,18,mg/L,30,mg/L,,06/30/2023
PR0025283,001,00530,"Solids, total suspended",13,C2,AVG,Concentration2,mg/L,13,mg/L,30,mg/L,,07/31/2023
PR0025283,001,00530,"Solids, total suspended",13,C3,AVG,Concentration3,mg/L,13,mg/L,45,mg/L,,07/31/2023
PR0025283,001,00530,"Solids, total suspended",17,C3,AVG,Concentration3,mg/L,17,mg/L,45,mg/L,,08/31/2023
PR0025283,001,00530,"Solids, total suspended",17,C2,AVG,Concentration2,mg/L,17,mg/L,30,mg/L,,08/31/2023
PR0025283,001,00530,"Solids, total suspended",21,C2,AVG,Concentration2,mg/L,21,mg/L,30,mg/L,,09/30/2023
PR0025283,001,00530,"Solids, total suspended",0,C3,AVG,Concentration3,mg/L,0,mg/L,45,mg/L,,09/30/2023
PR0025283,001,00530,"Solids, total suspended",6,C3,AVG,Concentration3,mg/L,6,mg/L,45,mg/L,,10/31/2023
PR0025283,001,00530,"Solids, total suspended",6,C2,AVG,Concentration2,mg/L,6,mg/L,30,mg/L,,10/31/2023
PR0025283,001,00530,"Solids, total suspended",5,C2,AVG,Concentration2,mg/L,5,mg/L,30,mg/L,,11/30/2023
PR0025283,001,00530,"Solids, total suspended",5,C3,AVG,Concentration3,mg/L,5,mg/L,45,mg/L,,11/30/2023
PR0025283,001,00530,"Solids, total suspended",4,C3,AVG,Concentration3,mg/L,4,mg/L,45,mg/L,,12/31/2023
PR0025283,001,00530,"Solids, total suspended",4,C2,AVG,Concentration2,mg/L,4,mg/L,30,mg/L,,12/31/2023
PR0025283,001,00530,"Solids, total suspended",4,C2,AVG,Concentration2,mg/L,4,mg/L,30,mg/L,,01/31/2024
PR0025283,001,00530,"Solids, total suspended",4,C3,AVG,Concentration3,mg/L,4,mg/L,45,mg/L,,01/31/2024
PR0025283,001,00530,"Solids, total suspended",8,C3,AVG,Concentration3,mg/L,8,mg/L,45,mg/L,,02/29/2024
PR0025283,001,00530,"Solids, total suspended",8,C2,AVG,Concentration2,mg/L,8,mg/L,30,mg/L,,02/29/2024
PR0025283,001,00530,"Solids, total suspended",15,C3,AVG,Concentration3,mg/L,15,mg/L,45,mg/L,,03/31/2024
PR0025283,001,00530,"Solids, total suspended",15,C2,AVG,Concentration2,mg/L,15,mg/L,30,mg/L,,03/31/2024
PR0025283,001,00530,"Solids, total suspended",4,C2,AVG,Concentration2,mg/L,4,mg/L,30,mg/L,,04/30/2024
PR0025283,001,00530,"Solids, total suspended",4,C3,AVG,Concentration3,mg/L,4,mg/L,45,mg/L,,04/30/2024
PR0025283,001,00530,"Solids, total suspended",8,C3,AVG,Concentration3,mg/L,8,mg/L,45,mg/L,,05/31/2024
PR0025283,001,00530,"Solids, total suspended",0,C2,AVG,Concentration2,mg/L,0,mg/L,30,mg/L,,05/31/2024
PR0025283,001,00530,"Solids, total suspended",4,C3,AVG,Concentration3,mg/L,4,mg/L,45,mg/L,,06/30/2024
PR0025283,001,00530,"Solids, total suspended",0,C2,AVG,Concentration2,mg/L,0,mg/L,30,mg/L,,06/30/2024
PR0025283,001,00530,"Solids, total suspended",19,C2,AVG,Concentration2,mg/L,19,mg/L,30,mg/L,,07/31/2024
PR0025283,001,00530,"Solids, total suspended",19,C3,AVG,Concentration3,mg/L,19,mg/L,45,mg/L,,07/31/2024
PR0025283,001,00530,"Solids, total suspended",4,C3,AVG,Concentration3,mg/L,4,mg/L,45,mg/L,,08/31/2024
PR0025283,001,00530,"Solids, total suspended",4,C2,AVG,Concentration2,mg/L,4,mg/L,30,mg/L,,08/31/2024
PR0025283,001,00530,"Solids, total suspended",5,C3,AVG,Concentration3,mg/L,5,mg/L,45,mg/L,,09/30/2024
PR0025283,001,00530,"Solids, total suspended",5,C2,AVG,Concentration2,mg/L,5,mg/L,30,mg/L,,09/30/2024
PR0025283,001,00530,"Solids, total suspended",34,C3,AVG,Concentration3,mg/L,34,mg/L,45,mg/L,,10/31/2024
PR0025283,001,00530,"Solids, total suspended",34,C2,AVG,Concentration2,mg/L,34,mg/L,30,mg/L,,10/31/2024
PR0025283,001,00530,"Solids, total suspended",18,C2,AVG,Concentration2,mg/L,18,mg/L,30,mg/L,,11/30/2024
PR0025283,001,00530,"Solids, total suspended",0,C3,AVG,Concentration3,mg/L,0,mg/L,45,mg/L,,11/30/2024
PR0025283,001,00530,"Solids, total suspended",9,C2,AVG,Concentration2,mg/L,9,mg/L,30,mg/L,,12/31/2024
PR0025283,001,00530,"Solids, total suspended",9,C3,AVG,Concentration3,mg/L,9,mg/L,45,mg/L,,12/31/2024
PR0025283,001,00530,"Solids, total suspended",4,C2,AVG,Concentration2,mg/L,4,mg/L,30,mg/L,,01/31/2025
PR0025283,001,00530,"Solids, total suspended",4,C3,AVG,Concentration3,mg/L,4,mg/L,45,mg/L,,01/31/2025
PR0025283,001,00530,"Solids, total suspended",120,C3,AVG,Concentration3,mg/L,120,mg/L,45,mg/L,,02/28/2025
PR0025283,001,00530,"Solids, total suspended",120,C2,AVG,Concentration2,mg/L,120,mg/L,30,mg/L,,02/28/2025
PR0025283,001,00530,"Solids, total suspended",46,C2,AVG,Concentration2,mg/L,46,mg/L,30,mg/L,,03/31/2025
PR0025283,001,00530,"Solids, total suspended",46,C3,AVG,Concentration3,mg/L,46,mg/L,45,mg/L,,03/31/2025
PR0025283,001,00530,"Solids, total suspended",36,C3,AVG,Concentration3,mg/L,36,mg/L,45,mg/L,,04/30/2025
PR0025283,001,00530,"Solids, total suspended",36,C2,AVG,Concentration2,mg/L,36,mg/L,30,mg/L,,04/30/2025
PR0025283,001,00530,"Solids, total suspended",30,C2,AVG,Concentration2,mg/L,30,mg/L,30,mg/L,,05/31/2025
PR0025283,001,00530,"Solids, total suspended",31,C3,AVG,Concentration3,mg/L,31,mg/L,45,mg/L,,05/31/2025
PR0025283,001,00530,"Solids, total suspended",126,C3,AVG,Concentration3,mg/L,126,mg/L,45,mg/L,,06/30/2025
PR0025283,001,00530,"Solids, total suspended",126,C2,AVG,Concentration2,mg/L,126,mg/L,30,mg/L,,06/30/2025
PR0025283,001,00530,"Solids, total suspended",126,C2,AVG,Concentration2,mg/L,126,mg/L,30,mg/L,,07/31/2025
PR0025283,001,00530,"Solids, total suspended",126,C3,AVG,Concentration3,mg/L,126,mg/L,45,mg/L,,07/31/2025
PR0025283,001,00530,"Solids, total suspended",9,C3,AVG,Concentration3,mg/L,9,mg/L,45,mg/L,,08/31/2025
PR0025283,001,00530,"Solids, total suspended",9,C2,AVG,Concentration2,mg/L,9,mg/L,30,mg/L,,08/31/2025
PR0025283,001,00530,"Solids, total suspended",6,C2,AVG,Concentration2,mg/L,6,mg/L,30,mg/L,,09/30/2025
PR0025283,001,00530,"Solids, total suspended",45,C3,AVG,Concentration3,mg/L,45,mg/L,45,mg/L,,09/30/2025
PR0025283,001,00530,"Solids, total suspended",10.5,C3,AVG,Concentration3,mg/L,10.5,mg/L,45,mg/L,,10/31/2025
PR0025283,001,00530,"Solids, total suspended",10.5,C2,AVG,Concentration2,mg/L,10.5,mg/L,30,mg/L,,10/31/2025
PR0025283,001,00530,"Solids, total suspended",36,C2,AVG,Concentration2,mg/L,36,mg/L,30,mg/L,,11/30/2025
PR0025283,001,00530,"Solids, total suspended",36,C3,AVG,Concentration3,mg/L,36,mg/L,45,mg/L,,11/30/2025
PR0025283,001,00530,"Solids, total suspended",41,C3,AVG,Concentration3,mg/L,41,mg/L,45,mg/L,,12/31/2025
PR0025283,001,00530,"Solids, total suspended",41,C2,AVG,Concentration2,mg/L,41,mg/L,30,mg/L,,12/31/2025
PR0025283,001,00530,"Solids, total suspended",86,C3,AVG,Concentration3,mg/L,86,mg/L,45,mg/L,,01/31/2026
PR0025283,001,00530,"Solids, total suspended",86,C2,AVG,Concentration2,mg/L,86,mg/L,30,mg/L,,01/31/2026
PR0025283,001,00545,"Solids, settleable",0,C3,MAX,Concentration3,mL/L,0,mg/L,,mL/L,,01/31/2020
PR0025283,001,00545,"Solids, settleable",0,C3,MAX,Concentration3,mL/L,0,mg/L,,mL/L,,02/29/2020
PR0025283,001,00545,"Solids, settleable",0,C3,MAX,Concentration3,mL/L,0,mg/L,,mL/L,,03/31/2020
PR0025283,001,00545,"Solids, settleable",0,C3,MAX,Concentration3,mL/L,0,mg/L,,mL/L,,04/30/2020
PR0025283,001,00545,"Solids, settleable",0,C3,MAX,Concentration3,mL/L,0,mg/L,,mL/L,,05/31/2020
PR0025283,001,00545,"Solids, settleable",0,C3,MAX,Concentration3,mL/L,0,mg/L,,mL/L,,06/30/2020
PR0025283,001,00545,"Solids, settleable",0,C3,MAX,Concentration3,mL/L,0,mg/L,,mL/L,,07/31/2020
PR0025283,001,00545,"Solids, settleable",0,C3,MAX,Concentration3,mL/L,0,mg/L,,mL/L,,08/31/2020
PR0025283,001,00545,"Solids, settleable",0,C3,MAX,Concentration3,mL/L,0,mg/L,,mL/L,,09/30/2020
PR0025283,001,00545,"Solids, settleable",0,C3,MAX,Concentration3,mL/L,0,mg/L,,mL/L,,10/31/2020
PR0025283,001,00545,"Solids, settleable",0,C3,MAX,Concentration3,mL/L,0,mg/L,,mL/L,,11/30/2020
PR0025283,001,00545,"Solids, settleable",0,C3,MAX,Concentration3,mL/L,0,mg/L,,mL/L,,12/31/2020
PR0025283,001,00545,"Solids, settleable",0,C3,MAX,Concentration3,mL/L,0,mg/L,,mL/L,,01/31/2021
PR0025283,001,00545,"Solids, settleable",0,C3,MAX,Concentration3,mL/L,0,mg/L,,mL/L,,02/28/2021
PR0025283,001,00545,"Solids, settleable",0,C3,MAX,Concentration3,mL/L,0,mg/L,,mL/L,,03/31/2021
PR0025283,001,00545,"Solids, settleable",0,C3,MAX,Concentration3,mL/L,0,mg/L,,mL/L,,04/30/2021
PR0025283,001,00545,"Solids, settleable",0,C3,MAX,Concentration3,mL/L,0,mg/L,,mL/L,,05/31/2021
PR0025283,001,00545,"Solids, settleable",0,C3,MAX,Concentration3,mL/L,0,mg/L,,mL/L,,06/30/2021
PR0025283,001,00545,"Solids, settleable",0,C3,MAX,Concentration3,mL/L,0,mg/L,,mL/L,,07/31/2021
PR0025283,001,00545,"Solids, settleable",0,C3,MAX,Concentration3,mL/L,0,mg/L,,mL/L,,08/31/2021
PR0025283,001,00545,"Solids, settleable",0,C3,MAX,Concentration3,mL/L,0,mg/L,,mL/L,,09/30/2021
PR0025283,001,00545,"Solids, settleable",0,C3,MAX,Concentration3,mL/L,0,mg/L,,mL/L,,10/31/2021
PR0025283,001,00545,"Solids, settleable",0,C3,MAX,Concentration3,mL/L,0,mg/L,,mL/L,,11/30/2021
PR0025283,001,00545,"Solids, settleable",0,C3,MAX,Concentration3,mL/L,0,mg/L,,mL/L,,12/31/2021
PR0025283,001,00545,"Solids, settleable",0,C3,MAX,Concentration3,mL/L,0,mg/L,,mL/L,,01/31/2022
PR0025283,001,00545,"Solids, settleable",0,C3,MAX,Concentration3,mL/L,0,mg/L,,mL/L,,02/28/2022
PR0025283,001,00545,"Solids, settleable",0,C3,MAX,Concentration3,mL/L,0,mg/L,,mL/L,,03/31/2022
PR0025283,001,00545,"Solids, settleable",0,C3,MAX,Concentration3,mL/L,0,mg/L,,mL/L,,04/30/2022
PR0025283,001,00545,"Solids, settleable",0,C3,MAX,Concentration3,mL/L,0,mg/L,,mL/L,,05/31/2022
PR0025283,001,00545,"Solids, settleable",0,C3,MAX,Concentration3,mL/L,0,mg/L,,mL/L,,06/30/2022
PR0025283,001,00545,"Solids, settleable",0,C3,MAX,Concentration3,mL/L,0,mg/L,,mL/L,,07/31/2022
PR0025283,001,00545,"Solids, settleable",0,C3,MAX,Concentration3,mL/L,0,mg/L,,mL/L,,08/31/2022
PR0025283,001,00545,"Solids, settleable",0,C3,MAX,Concentration3,mL/L,0,mg/L,,mL/L,,09/30/2022
PR0025283,001,00545,"Solids, settleable",0,C3,MAX,Concentration3,mL/L,0,mg/L,,mL/L,,10/31/2022
PR0025283,001,00545,"Solids, settleable",0,C3,MAX,Concentration3,mL/L,0,mg/L,,mL/L,,11/30/2022
PR0025283,001,00545,"Solids, settleable",0,C3,MAX,Concentration3,mL/L,0,mg/L,,mL/L,,12/31/2022
PR0025283,001,00545,"Solids, settleable",0,C3,MAX,Concentration3,mL/L,0,mg/L,,mL/L,,01/31/2023
PR0025283,001,00545,"Solids, settleable",0,C3,MAX,Concentration3,mL/L,0,mg/L,,mL/L,,02/28/2023
PR0025283,001,00545,"Solids, settleable",0,C3,MAX,Concentration3,mL/L,0,mg/L,,mL/L,,03/31/2023
PR0025283,001,00545,"Solids, settleable",0,C3,MAX,Concentration3,mL/L,0,mg/L,,mL/L,,04/30/2023
PR0025283,001,00545,"Solids, settleable",0,C3,MAX,Concentration3,mL/L,0,mg/L,,mL/L,,05/31/2023
PR0025283,001,00545,"Solids, settleable",0,C3,MAX,Concentration3,mL/L,0,mg/L,,mL/L,,06/30/2023
PR0025283,001,00545,"Solids, settleable",0,C3,MAX,Concentration3,mL/L,0,mg/L,,mL/L,,07/31/2023
PR0025283,001,00545,"Solids, settleable",0,C3,MAX,Concentration3,mL/L,0,mg/L,,mL/L,,08/31/2023
PR0025283,001,00545,"Solids, settleable",0,C3,MAX,Concentration3,mL/L,0,mg/L,,mL/L,,09/30/2023
PR0025283,001,00545,"Solids, settleable",0,C3,MAX,Concentration3,mL/L,0,mg/L,,mL/L,,10/31/2023
PR0025283,001,00545,"Solids, settleable",0,C3,MAX,Concentration3,mL/L,0,mg/L,,mL/L,,11/30/2023
PR0025283,001,00545,"Solids, settleable",0,C3,MAX,Concentration3,mL/L,0,mg/L,,mL/L,,12/31/2023
PR0025283,001,00545,"Solids, settleable",0,C3,MAX,Concentration3,mL/L,0,mg/L,,mL/L,,01/31/2024
PR0025283,001,00545,"Solids, settleable",0,C3,MAX,Concentration3,mL/L,0,mg/L,,mL/L,,02/29/2024
PR0025283,001,00545,"Solids, settleable",0,C3,MAX,Concentration3,mL/L,0,mg/L,,mL/L,,03/31/2024
PR0025283,001,00545,"Solids, settleable",0,C3,MAX,Concentration3,mL/L,0,mg/L,,mL/L,,04/30/2024
PR0025283,001,00545,"Solids, settleable",0,C3,MAX,Concentration3,mL/L,0,mg/L,,mL/L,,05/31/2024
PR0025283,001,00545,"Solids, settleable",0,C3,MAX,Concentration3,mL/L,0,mg/L,,mL/L,,06/30/2024
PR0025283,001,00545,"Solids, settleable",0,C3,MAX,Concentration3,mL/L,0,mg/L,,mL/L,,07/31/2024
PR0025283,001,00545,"Solids, settleable",0,C3,MAX,Concentration3,mL/L,0,mg/L,,mL/L,,08/31/2024
PR0025283,001,00545,"Solids, settleable",0,C3,MAX,Concentration3,mL/L,0,mg/L,,mL/L,,09/30/2024
PR0025283,001,00545,"Solids, settleable",0,C3,MAX,Concentration3,mL/L,0,mg/L,,mL/L,,10/31/2024
PR0025283,001,00545,"Solids, settleable",0,C3,MAX,Concentration3,mL/L,0,mg/L,,mL/L,,11/30/2024
PR0025283,001,00545,"Solids, settleable",0,C3,MAX,Concentration3,mL/L,0,mg/L,,mL/L,,12/31/2024
PR0025283,001,00545,"Solids, settleable",0,C3,MAX,Concentration3,mL/L,0,mg/L,,mL/L,,01/31/2025
PR0025283,001,00545,"Solids, settleable",0,C3,MAX,Concentration3,mL/L,0,mg/L,,mL/L,,02/28/2025
PR0025283,001,00545,"Solids, settleable",0,C3,MAX,Concentration3,mL/L,0,mg/L,,mL/L,,03/31/2025
PR0025283,001,00545,"Solids, settleable",0,C3,MAX,Concentration3,mL/L,0,mg/L,,mL/L,,04/30/2025
PR0025283,001,00545,"Solids, settleable",0,C3,MAX,Concentration3,mL/L,0,mg/L,,mL/L,,05/31/2025
PR0025283,001,00545,"Solids, settleable",0,C3,MAX,Concentration3,mL/L,0,mg/L,,mL/L,,06/30/2025
PR0025283,001,00545,"Solids, settleable",0,C3,MAX,Concentration3,mL/L,0,mg/L,,mL/L,,07/31/2025
PR0025283,001,00545,"Solids, settleable",0,C3,MAX,Concentration3,mL/L,0,mg/L,,mL/L,,08/31/2025
PR0025283,001,00545,"Solids, settleable",0,C3,MAX,Concentration3,mL/L,0,mg/L,,mL/L,,09/30/2025
PR0025283,001,00545,"Solids, settleable",0,C3,MAX,Concentration3,mL/L,0,mg/L,,mL/L,,10/31/2025
PR0025283,001,00545,"Solids, settleable",0,C3,MAX,Concentration3,mL/L,0,mg/L,,mL/L,,11/30/2025
PR0025283,001,00545,"Solids, settleable",0,C3,MAX,Concentration3,mL/L,0,mg/L,,mL/L,,12/31/2025
PR0025283,001,00545,"Solids, settleable",0,C3,MAX,Concentration3,mL/L,0,mg/L,,mL/L,,01/31/2026
PR0025283,001,00556,Oil & Grease,1,C3,MAX,Concentration3,mg/L,1,mg/L,,mg/L,,01/31/2020
PR0025283,001,00556,Oil & Grease,1,C3,MAX,Concentration3,mg/L,1,mg/L,,mg/L,,02/29/2020
PR0025283,001,00556,Oil & Grease,1,C3,MAX,Concentration3,mg/L,1,mg/L,,mg/L,,03/31/2020
PR0025283,001,00556,Oil & Grease,1,C3,MAX,Concentration3,mg/L,1,mg/L,,mg/L,,04/30/2020
PR0025283,001,00556,Oil & Grease,1,C3,MAX,Concentration3,mg/L,1,mg/L,,mg/L,,05/31/2020
PR0025283,001,00556,Oil & Grease,1,C3,MAX,Concentration3,mg/L,1,mg/L,,mg/L,,06/30/2020
PR0025283,001,00556,Oil & Grease,1,C3,MAX,Concentration3,mg/L,1,mg/L,,mg/L,,07/31/2020
PR0025283,001,00556,Oil & Grease,NA,C3,MAX,Concentration3,,,mg/L,,mg/L,C,08/31/2020
PR0025283,001,00556,Oil & Grease,29,C3,MAX,Concentration3,mg/L,29,mg/L,,mg/L,,09/30/2020
PR0025283,001,00556,Oil & Grease,1.8,C3,MAX,Concentration3,mg/L,1.8,mg/L,,mg/L,,10/31/2020
PR0025283,001,00556,Oil & Grease,1.8,C3,MAX,Concentration3,mg/L,1.8,mg/L,,mg/L,,11/30/2020
PR0025283,001,00556,Oil & Grease,1.8,C3,MAX,Concentration3,mg/L,1.8,mg/L,,mg/L,,12/31/2020
PR0025283,001,00556,Oil & Grease,3,C3,MAX,Concentration3,mg/L,3,mg/L,,mg/L,,01/31/2021
PR0025283,001,00556,Oil & Grease,1.8,C3,MAX,Concentration3,mg/L,1.8,mg/L,,mg/L,,02/28/2021
PR0025283,001,00556,Oil & Grease,1.8,C3,MAX,Concentration3,mg/L,1.8,mg/L,,mg/L,,03/31/2021
PR0025283,001,00556,Oil & Grease,20,C3,MAX,Concentration3,mg/L,20,mg/L,,mg/L,,04/30/2021
PR0025283,001,00556,Oil & Grease,1.8,C3,MAX,Concentration3,mg/L,1.8,mg/L,,mg/L,,05/31/2021
PR0025283,001,00556,Oil & Grease,1.8,C3,MAX,Concentration3,mg/L,1.8,mg/L,,mg/L,,06/30/2021
PR0025283,001,00556,Oil & Grease,3.5,C3,MAX,Concentration3,mg/L,3.5,mg/L,,mg/L,,07/31/2021
PR0025283,001,00556,Oil & Grease,2.1,C3,MAX,Concentration3,mg/L,2.1,mg/L,,mg/L,,08/31/2021
PR0025283,001,00556,Oil & Grease,1,C3,MAX,Concentration3,mg/L,1,mg/L,,mg/L,,09/30/2021
PR0025283,001,00556,Oil & Grease,2.13,C3,MAX,Concentration3,mg/L,2.13,mg/L,,mg/L,,10/31/2021
PR0025283,001,00556,Oil & Grease,1,C3,MAX,Concentration3,mg/L,1,mg/L,,mg/L,,11/30/2021
PR0025283,001,00556,Oil & Grease,1,C3,MAX,Concentration3,mg/L,1,mg/L,,mg/L,,12/31/2021
PR0025283,001,00556,Oil & Grease,1,C3,MAX,Concentration3,mg/L,1,mg/L,,mg/L,,01/31/2022
PR0025283,001,00556,Oil & Grease,1.5,C3,MAX,Concentration3,mg/L,1.5,mg/L,,mg/L,,02/28/2022
PR0025283,001,00556,Oil & Grease,5.2,C3,MAX,Concentration3,mg/L,5.2,mg/L,,mg/L,,03/31/2022
PR0025283,001,00556,Oil & Grease,3.2,C3,MAX,Concentration3,mg/L,3.2,mg/L,,mg/L,,04/30/2022
PR0025283,001,00556,Oil & Grease,4.07,C3,MAX,Concentration3,mg/L,4.07,mg/L,,mg/L,,05/31/2022
PR0025283,001,00556,Oil & Grease,1,C3,MAX,Concentration3,mg/L,1,mg/L,,mg/L,,06/30/2022
PR0025283,001,00556,Oil & Grease,1,C3,MAX,Concentration3,mg/L,1,mg/L,,mg/L,,07/31/2022
PR0025283,001,00556,Oil & Grease,1,C3,MAX,Concentration3,mg/L,1,mg/L,,mg/L,,08/31/2022
PR0025283,001,00556,Oil & Grease,3.4,C3,MAX,Concentration3,mg/L,3.4,mg/L,,mg/L,,09/30/2022
PR0025283,001,00556,Oil & Grease,1.8,C3,MAX,Concentration3,mg/L,1.8,mg/L,,mg/L,,10/31/2022
PR0025283,001,00556,Oil & Grease,1.8,C3,MAX,Concentration3,mg/L,1.8,mg/L,,mg/L,,11/30/2022
PR0025283,001,00556,Oil & Grease,2.1,C3,MAX,Concentration3,mg/L,2.1,mg/L,,mg/L,,12/31/2022
PR0025283,001,00556,Oil & Grease,1.8,C3,MAX,Concentration3,mg/L,1.8,mg/L,,mg/L,,01/31/2023
PR0025283,001,00556,Oil & Grease,3,C3,MAX,Concentration3,mg/L,3,mg/L,,mg/L,,02/28/2023
PR0025283,001,00556,Oil & Grease,3,C3,MAX,Concentration3,mg/L,3,mg/L,,mg/L,,03/31/2023
PR0025283,001,00556,Oil & Grease,3,C3,MAX,Concentration3,mg/L,3,mg/L,,mg/L,,04/30/2023
PR0025283,001,00556,Oil & Grease,3,C3,MAX,Concentration3,mg/L,3,mg/L,,mg/L,,05/31/2023
PR0025283,001,00556,Oil & Grease,3,C3,MAX,Concentration3,mg/L,3,mg/L,,mg/L,,06/30/2023
PR0025283,001,00556,Oil & Grease,3,C3,MAX,Concentration3,mg/L,3,mg/L,,mg/L,,07/31/2023
PR0025283,001,00556,Oil & Grease,3,C3,MAX,Concentration3,mg/L,3,mg/L,,mg/L,,08/31/2023
PR0025283,001,00556,Oil & Grease,3,C3,MAX,Concentration3,mg/L,3,mg/L,,mg/L,,09/30/2023
PR0025283,001,00556,Oil & Grease,3,C3,MAX,Concentration3,mg/L,3,mg/L,,mg/L,,10/31/2023
PR0025283,001,00556,Oil & Grease,3,C3,MAX,Concentration3,mg/L,3,mg/L,,mg/L,,11/30/2023
PR0025283,001,00556,Oil & Grease,3,C3,MAX,Concentration3,mg/L,3,mg/L,,mg/L,,12/31/2023
PR0025283,001,00556,Oil & Grease,3,C3,MAX,Concentration3,mg/L,3,mg/L,,mg/L,,01/31/2024
PR0025283,001,00556,Oil & Grease,3,C3,MAX,Concentration3,mg/L,3,mg/L,,mg/L,,02/29/2024
PR0025283,001,00556,Oil & Grease,3,C3,MAX,Concentration3,mg/L,3,mg/L,,mg/L,,03/31/2024
PR0025283,001,00556,Oil & Grease,3,C3,MAX,Concentration3,mg/L,3,mg/L,,mg/L,,04/30/2024
PR0025283,001,00556,Oil & Grease,3,C3,MAX,Concentration3,mg/L,3,mg/L,,mg/L,,05/31/2024
PR0025283,001,00556,Oil & Grease,3,C3,MAX,Concentration3,mg/L,3,mg/L,,mg/L,,06/30/2024
PR0025283,001,00556,Oil & Grease,3,C3,MAX,Concentration3,mg/L,3,mg/L,,mg/L,,07/31/2024
PR0025283,001,00556,Oil & Grease,5.8,C3,MAX,Concentration3,mg/L,5.8,mg/L,,mg/L,,08/31/2024
PR0025283,001,00556,Oil & Grease,5.8,C3,MAX,Concentration3,mg/L,5.8,mg/L,,mg/L,,09/30/2024
PR0025283,001,00556,Oil & Grease,5.8,C3,MAX,Concentration3,mg/L,5.8,mg/L,,mg/L,,10/31/2024
PR0025283,001,00556,Oil & Grease,5.8,C3,MAX,Concentration3,mg/L,5.8,mg/L,,mg/L,,11/30/2024
PR0025283,001,00556,Oil & Grease,5.8,C3,MAX,Concentration3,mg/L,5.8,mg/L,,mg/L,,12/31/2024
PR0025283,001,00556,Oil & Grease,5.8,C3,MAX,Concentration3,mg/L,5.8,mg/L,,mg/L,,01/31/2025
PR0025283,001,00556,Oil & Grease,6.1,C3,MAX,Concentration3,mg/L,6.1,mg/L,,mg/L,,02/28/2025
PR0025283,001,00556,Oil & Grease,6.1,C3,MAX,Concentration3,mg/L,6.1,mg/L,,mg/L,,03/31/2025
PR0025283,001,00556,Oil & Grease,6.1,C3,MAX,Concentration3,mg/L,6.1,mg/L,,mg/L,,04/30/2025
PR0025283,001,00556,Oil & Grease,6.1,C3,MAX,Concentration3,mg/L,6.1,mg/L,,mg/L,,05/31/2025
PR0025283,001,00556,Oil & Grease,6.1,C3,MAX,Concentration3,mg/L,6.1,mg/L,,mg/L,,06/30/2025
PR0025283,001,00556,Oil & Grease,6.1,C3,MAX,Concentration3,mg/L,6.1,mg/L,,mg/L,,07/31/2025
PR0025283,001,00556,Oil & Grease,6.1,C3,MAX,Concentration3,mg/L,6.1,mg/L,,mg/L,,08/31/2025
PR0025283,001,00556,Oil & Grease,6.1,C3,MAX,Concentration3,mg/L,6.1,mg/L,,mg/L,,09/30/2025
PR0025283,001,00556,Oil & Grease,6.1,C3,MAX,Concentration3,mg/L,6.1,mg/L,,mg/L,,10/31/2025
PR0025283,001,00556,Oil & Grease,3.7,C3,MAX,Concentration3,mg/L,3.7,mg/L,,mg/L,,11/30/2025
PR0025283,001,00556,Oil & Grease,3.7,C3,MAX,Concentration3,mg/L,3.7,mg/L,,mg/L,,12/31/2025
PR0025283,001,00556,Oil & Grease,3.7,C3,MAX,Concentration3,mg/L,3.7,mg/L,,mg/L,,01/31/2026
PR0025283,001,00610,"Nitrogen, ammonia total [as N]",4.9,C3,MAX,Concentration3,mg/L,4.9,mg/L,,mg/L,,01/31/2020
PR0025283,001,00610,"Nitrogen, ammonia total [as N]",19.7,C3,MAX,Concentration3,mg/L,19.7,mg/L,,mg/L,,02/29/2020
PR0025283,001,00610,"Nitrogen, ammonia total [as N]",0.4,C3,MAX,Concentration3,mg/L,.4,mg/L,,mg/L,,03/31/2020
PR0025283,001,00610,"Nitrogen, ammonia total [as N]",0.27,C3,MAX,Concentration3,mg/L,.27,mg/L,,mg/L,,04/30/2020
PR0025283,001,00610,"Nitrogen, ammonia total [as N]",1.71,C3,MAX,Concentration3,mg/L,1.71,mg/L,,mg/L,,05/31/2020
PR0025283,001,00610,"Nitrogen, ammonia total [as N]",0.94,C3,MAX,Concentration3,mg/L,.94,mg/L,,mg/L,,06/30/2020
PR0025283,001,00610,"Nitrogen, ammonia total [as N]",0.24,C3,MAX,Concentration3,mg/L,.24,mg/L,,mg/L,,07/31/2020
PR0025283,001,00610,"Nitrogen, ammonia total [as N]",NA,C3,MAX,Concentration3,,,mg/L,,mg/L,C,08/31/2020
PR0025283,001,00610,"Nitrogen, ammonia total [as N]",1.54,C3,MAX,Concentration3,mg/L,1.54,mg/L,,mg/L,,09/30/2020
PR0025283,001,00610,"Nitrogen, ammonia total [as N]",0.2,C3,MAX,Concentration3,mg/L,.2,mg/L,,mg/L,,10/31/2020
PR0025283,001,00610,"Nitrogen, ammonia total [as N]",0.5,C3,MAX,Concentration3,mg/L,.5,mg/L,,mg/L,,11/30/2020
PR0025283,001,00610,"Nitrogen, ammonia total [as N]",18.4,C3,MAX,Concentration3,mg/L,18.4,mg/L,,mg/L,,12/31/2020
PR0025283,001,00610,"Nitrogen, ammonia total [as N]",20.4,C3,MAX,Concentration3,mg/L,20.4,mg/L,,mg/L,,01/31/2021
PR0025283,001,00610,"Nitrogen, ammonia total [as N]",33.9,C3,MAX,Concentration3,mg/L,33.9,mg/L,,mg/L,,02/28/2021
PR0025283,001,00610,"Nitrogen, ammonia total [as N]",13.2,C3,MAX,Concentration3,mg/L,13.2,mg/L,,mg/L,,03/31/2021
PR0025283,001,00610,"Nitrogen, ammonia total [as N]",30.4,C3,MAX,Concentration3,mg/L,30.4,mg/L,,mg/L,,04/30/2021
PR0025283,001,00610,"Nitrogen, ammonia total [as N]",0.57,C3,MAX,Concentration3,mg/L,.57,mg/L,,mg/L,,05/31/2021
PR0025283,001,00610,"Nitrogen, ammonia total [as N]",2.3,C3,MAX,Concentration3,mg/L,2.3,mg/L,,mg/L,,06/30/2021
PR0025283,001,00610,"Nitrogen, ammonia total [as N]",0.2,C3,MAX,Concentration3,mg/L,.2,mg/L,,mg/L,,07/31/2021
PR0025283,001,00610,"Nitrogen, ammonia total [as N]",1.1,C3,MAX,Concentration3,mg/L,1.1,mg/L,,mg/L,,08/31/2021
PR0025283,001,00610,"Nitrogen, ammonia total [as N]",115,C3,MAX,Concentration3,mg/L,115,mg/L,,mg/L,,09/30/2021
PR0025283,001,00610,"Nitrogen, ammonia total [as N]",8.04,C3,MAX,Concentration3,mg/L,8.04,mg/L,,mg/L,,10/31/2021
PR0025283,001,00610,"Nitrogen, ammonia total [as N]",35.8,C3,MAX,Concentration3,mg/L,35.8,mg/L,,mg/L,,11/30/2021
PR0025283,001,00610,"Nitrogen, ammonia total [as N]",2.87,C3,MAX,Concentration3,mg/L,2.87,mg/L,,mg/L,,12/31/2021
PR0025283,001,00610,"Nitrogen, ammonia total [as N]",10.9,C3,MAX,Concentration3,mg/L,10.9,mg/L,,mg/L,,01/31/2022
PR0025283,001,00610,"Nitrogen, ammonia total [as N]",0.2,C3,MAX,Concentration3,mg/L,.2,mg/L,,mg/L,,02/28/2022
PR0025283,001,00610,"Nitrogen, ammonia total [as N]",2.87,C3,MAX,Concentration3,mg/L,2.87,mg/L,,mg/L,,03/31/2022
PR0025283,001,00610,"Nitrogen, ammonia total [as N]",1.72,C3,MAX,Concentration3,mg/L,1.72,mg/L,,mg/L,,04/30/2022
PR0025283,001,00610,"Nitrogen, ammonia total [as N]",6.3,C3,MAX,Concentration3,mg/L,6.3,mg/L,,mg/L,,05/31/2022
PR0025283,001,00610,"Nitrogen, ammonia total [as N]",6.89,C3,MAX,Concentration3,mg/L,6.89,mg/L,,mg/L,,06/30/2022
PR0025283,001,00610,"Nitrogen, ammonia total [as N]",13.8,C3,MAX,Concentration3,mg/L,13.8,mg/L,,mg/L,,07/31/2022
PR0025283,001,00610,"Nitrogen, ammonia total [as N]",11.7,C3,MAX,Concentration3,mg/L,11.7,mg/L,,mg/L,,08/31/2022
PR0025283,001,00610,"Nitrogen, ammonia total [as N]",0,C3,MAX,Concentration3,mg/L,0,mg/L,,mg/L,,09/30/2022
PR0025283,001,00610,"Nitrogen, ammonia total [as N]",1,C3,MAX,Concentration3,mg/L,1,mg/L,,mg/L,,10/31/2022
PR0025283,001,00610,"Nitrogen, ammonia total [as N]",1,C3,MAX,Concentration3,mg/L,1,mg/L,,mg/L,,11/30/2022
PR0025283,001,00610,"Nitrogen, ammonia total [as N]",8.8,C3,MAX,Concentration3,mg/L,8.8,mg/L,,mg/L,,12/31/2022
PR0025283,001,00610,"Nitrogen, ammonia total [as N]",10,C3,MAX,Concentration3,mg/L,10,mg/L,,mg/L,,01/31/2023
PR0025283,001,00610,"Nitrogen, ammonia total [as N]",5.68,C3,MAX,Concentration3,mg/L,5.68,mg/L,,mg/L,,02/28/2023
PR0025283,001,00610,"Nitrogen, ammonia total [as N]",24,C3,MAX,Concentration3,mg/L,24,mg/L,,mg/L,,03/31/2023
PR0025283,001,00610,"Nitrogen, ammonia total [as N]",2.27,C3,MAX,Concentration3,mg/L,2.27,mg/L,,mg/L,,04/30/2023
PR0025283,001,00610,"Nitrogen, ammonia total [as N]",3.4,C3,MAX,Concentration3,mg/L,3.4,mg/L,,mg/L,,05/31/2023
PR0025283,001,00610,"Nitrogen, ammonia total [as N]",10.2,C3,MAX,Concentration3,mg/L,10.2,mg/L,,mg/L,,06/30/2023
PR0025283,001,00610,"Nitrogen, ammonia total [as N]",2.27,C3,MAX,Concentration3,mg/L,2.27,mg/L,,mg/L,,07/31/2023
PR0025283,001,00610,"Nitrogen, ammonia total [as N]",7.9,C3,MAX,Concentration3,mg/L,7.9,mg/L,,mg/L,,08/31/2023
PR0025283,001,00610,"Nitrogen, ammonia total [as N]",40.9,C3,MAX,Concentration3,mg/L,40.9,mg/L,,mg/L,,09/30/2023
PR0025283,001,00610,"Nitrogen, ammonia total [as N]",8.53,C3,MAX,Concentration3,mg/L,8.53,mg/L,,mg/L,,10/31/2023
PR0025283,001,00610,"Nitrogen, ammonia total [as N]",2.27,C3,MAX,Concentration3,mg/L,2.27,mg/L,,mg/L,,11/30/2023
PR0025283,001,00610,"Nitrogen, ammonia total [as N]",4.55,C3,MAX,Concentration3,mg/L,4.55,mg/L,,mg/L,,12/31/2023
PR0025283,001,00610,"Nitrogen, ammonia total [as N]",8.3,C3,MAX,Concentration3,mg/L,8.3,mg/L,,mg/L,,01/31/2024
PR0025283,001,00610,"Nitrogen, ammonia total [as N]",5.11,C3,MAX,Concentration3,mg/L,5.11,mg/L,,mg/L,,02/29/2024
PR0025283,001,00610,"Nitrogen, ammonia total [as N]",9.7,C3,MAX,Concentration3,mg/L,9.7,mg/L,,mg/L,,03/31/2024
PR0025283,001,00610,"Nitrogen, ammonia total [as N]",1.4,C3,MAX,Concentration3,mg/L,1.4,mg/L,,mg/L,,04/30/2024
PR0025283,001,00610,"Nitrogen, ammonia total [as N]",14.8,C3,MAX,Concentration3,mg/L,14.8,mg/L,,mg/L,,05/31/2024
PR0025283,001,00610,"Nitrogen, ammonia total [as N]",2.84,C3,MAX,Concentration3,mg/L,2.84,mg/L,,mg/L,,06/30/2024
PR0025283,001,00610,"Nitrogen, ammonia total [as N]",1,C3,MAX,Concentration3,mg/L,1,mg/L,,mg/L,,07/31/2024
PR0025283,001,00610,"Nitrogen, ammonia total [as N]",3.4,C3,MAX,Concentration3,mg/L,3.4,mg/L,,mg/L,,08/31/2024
PR0025283,001,00610,"Nitrogen, ammonia total [as N]",3.4,C3,MAX,Concentration3,mg/L,3.4,mg/L,,mg/L,,09/30/2024
PR0025283,001,00610,"Nitrogen, ammonia total [as N]",NA,C3,MAX,Concentration3,,,mg/L,,mg/L,9,10/31/2024
PR0025283,001,00610,"Nitrogen, ammonia total [as N]",16.7,C3,MAX,Concentration3,mg/L,16.7,mg/L,,mg/L,,11/30/2024
PR0025283,001,00610,"Nitrogen, ammonia total [as N]",15.9,C3,MAX,Concentration3,mg/L,15.9,mg/L,,mg/L,,12/31/2024
PR0025283,001,00610,"Nitrogen, ammonia total [as N]",39,C3,MAX,Concentration3,mg/L,39,mg/L,,mg/L,,01/31/2025
PR0025283,001,00610,"Nitrogen, ammonia total [as N]",1.14,C3,MAX,Concentration3,mg/L,1.14,mg/L,,mg/L,,02/28/2025
PR0025283,001,00610,"Nitrogen, ammonia total [as N]",33,C3,MAX,Concentration3,mg/L,33,mg/L,,mg/L,,03/31/2025
PR0025283,001,00610,"Nitrogen, ammonia total [as N]",12.2,C3,MAX,Concentration3,mg/L,12.2,mg/L,,mg/L,,04/30/2025
PR0025283,001,00610,"Nitrogen, ammonia total [as N]",25,C3,MAX,Concentration3,mg/L,25,mg/L,,mg/L,,05/31/2025
PR0025283,001,00610,"Nitrogen, ammonia total [as N]",27.8,C3,MAX,Concentration3,mg/L,27.8,mg/L,,mg/L,,06/30/2025
PR0025283,001,00610,"Nitrogen, ammonia total [as N]",27.8,C3,MAX,Concentration3,mg/L,27.8,mg/L,,mg/L,,07/31/2025
PR0025283,001,00610,"Nitrogen, ammonia total [as N]",3.98,C3,MAX,Concentration3,mg/L,3.98,mg/L,,mg/L,,08/31/2025
PR0025283,001,00610,"Nitrogen, ammonia total [as N]",15.3,C3,MAX,Concentration3,mg/L,15.3,mg/L,,mg/L,,09/30/2025
PR0025283,001,00610,"Nitrogen, ammonia total [as N]",9,C3,MAX,Concentration3,mg/L,9,mg/L,,mg/L,,10/31/2025
PR0025283,001,00610,"Nitrogen, ammonia total [as N]",31.8,C3,MAX,Concentration3,mg/L,31.8,mg/L,,mg/L,,11/30/2025
PR0025283,001,00610,"Nitrogen, ammonia total [as N]",45.5,C3,MAX,Concentration3,mg/L,45.5,mg/L,,mg/L,,12/31/2025
PR0025283,001,00610,"Nitrogen, ammonia total [as N]",1,C3,MAX,Concentration3,mg/L,1,mg/L,,mg/L,,01/31/2026
PR0025283,001,00630,Nitrite + Nitrate total [as N],19.3,C3,MAX,Concentration3,ug/L,.0193,mg/L,10000,ug/L,,01/31/2020
PR0025283,001,00630,Nitrite + Nitrate total [as N],0,C3,MAX,Concentration3,ug/L,0,mg/L,10000,ug/L,,02/29/2020
PR0025283,001,00630,Nitrite + Nitrate total [as N],0,C3,MAX,Concentration3,ug/L,0,mg/L,10000,ug/L,,03/31/2020
PR0025283,001,00630,Nitrite + Nitrate total [as N],18.2,C3,MAX,Concentration3,ug/L,.0182,mg/L,10000,ug/L,,04/30/2020
PR0025283,001,00630,Nitrite + Nitrate total [as N],0,C3,MAX,Concentration3,ug/L,0,mg/L,10000,ug/L,,05/31/2020
PR0025283,001,00630,Nitrite + Nitrate total [as N],0,C3,MAX,Concentration3,ug/L,0,mg/L,10000,ug/L,,06/30/2020
PR0025283,001,00630,Nitrite + Nitrate total [as N],55.5,C3,MAX,Concentration3,ug/L,.0555,mg/L,10000,ug/L,,07/31/2020
PR0025283,001,00630,Nitrite + Nitrate total [as N],NA,C3,MAX,Concentration3,,,mg/L,10000,ug/L,C,08/31/2020
PR0025283,001,00630,Nitrite + Nitrate total [as N],0,C3,MAX,Concentration3,ug/L,0,mg/L,10000,ug/L,,09/30/2020
PR0025283,001,00630,Nitrite + Nitrate total [as N],33.9,C3,MAX,Concentration3,ug/L,.0339,mg/L,10000,ug/L,,10/31/2020
PR0025283,001,00630,Nitrite + Nitrate total [as N],0,C3,MAX,Concentration3,ug/L,0,mg/L,10000,ug/L,,11/30/2020
PR0025283,001,00630,Nitrite + Nitrate total [as N],0,C3,MAX,Concentration3,ug/L,0,mg/L,10000,ug/L,,12/31/2020
PR0025283,001,00630,Nitrite + Nitrate total [as N],4.94,C3,MAX,Concentration3,ug/L,.00494,mg/L,10000,ug/L,,01/31/2021
PR0025283,001,00630,Nitrite + Nitrate total [as N],0,C3,MAX,Concentration3,ug/L,0,mg/L,10000,ug/L,,02/28/2021
PR0025283,001,00630,Nitrite + Nitrate total [as N],0,C3,MAX,Concentration3,ug/L,0,mg/L,10000,ug/L,,03/31/2021
PR0025283,001,00630,Nitrite + Nitrate total [as N],33.9,C3,MAX,Concentration3,ug/L,.0339,mg/L,10000,ug/L,,04/30/2021
PR0025283,001,00630,Nitrite + Nitrate total [as N],0,C3,MAX,Concentration3,ug/L,0,mg/L,10000,ug/L,,05/31/2021
PR0025283,001,00630,Nitrite + Nitrate total [as N],0,C3,MAX,Concentration3,ug/L,0,mg/L,10000,ug/L,,06/30/2021
PR0025283,001,00630,Nitrite + Nitrate total [as N],105,C3,MAX,Concentration3,ug/L,.105,mg/L,10000,ug/L,,07/31/2021
PR0025283,001,00630,Nitrite + Nitrate total [as N],0,C3,MAX,Concentration3,ug/L,0,mg/L,10000,ug/L,,08/31/2021
PR0025283,001,00630,Nitrite + Nitrate total [as N],0,C3,MAX,Concentration3,ug/L,0,mg/L,10000,ug/L,,09/30/2021
PR0025283,001,00630,Nitrite + Nitrate total [as N],45,C3,MAX,Concentration3,ug/L,.045,mg/L,10000,ug/L,,10/31/2021
PR0025283,001,00630,Nitrite + Nitrate total [as N],0,C3,MAX,Concentration3,ug/L,0,mg/L,10000,ug/L,,11/30/2021
PR0025283,001,00630,Nitrite + Nitrate total [as N],0,C3,MAX,Concentration3,ug/L,0,mg/L,10000,ug/L,,12/31/2021
PR0025283,001,00630,Nitrite + Nitrate total [as N],6.2,C3,MAX,Concentration3,ug/L,.0062,mg/L,10000,ug/L,,01/31/2022
PR0025283,001,00630,Nitrite + Nitrate total [as N],0,C3,MAX,Concentration3,ug/L,0,mg/L,10000,ug/L,,02/28/2022
PR0025283,001,00630,Nitrite + Nitrate total [as N],0,C3,MAX,Concentration3,ug/L,0,mg/L,10000,ug/L,,03/31/2022
PR0025283,001,00630,Nitrite + Nitrate total [as N],3000,C3,MAX,Concentration3,ug/L,3.00000014,mg/L,10000,ug/L,,04/30/2022
PR0025283,001,00630,Nitrite + Nitrate total [as N],0,C3,MAX,Concentration3,ug/L,0,mg/L,10000,ug/L,,05/31/2022
PR0025283,001,00630,Nitrite + Nitrate total [as N],0,C3,MAX,Concentration3,ug/L,0,mg/L,10000,ug/L,,06/30/2022
PR0025283,001,00630,Nitrite + Nitrate total [as N],1.06,C3,MAX,Concentration3,ug/L,.00106,mg/L,10000,ug/L,,07/31/2022
PR0025283,001,00630,Nitrite + Nitrate total [as N],0,C3,MAX,Concentration3,ug/L,0,mg/L,10000,ug/L,,08/31/2022
PR0025283,001,00630,Nitrite + Nitrate total [as N],0,C3,MAX,Concentration3,ug/L,0,mg/L,10000,ug/L,,09/30/2022
PR0025283,001,00630,Nitrite + Nitrate total [as N],0,C3,MAX,Concentration3,ug/L,0,mg/L,10000,ug/L,,10/31/2022
PR0025283,001,00630,Nitrite + Nitrate total [as N],0,C3,MAX,Concentration3,ug/L,0,mg/L,10000,ug/L,,11/30/2022
PR0025283,001,00630,Nitrite + Nitrate total [as N],0,C3,MAX,Concentration3,ug/L,0,mg/L,10000,ug/L,,12/31/2022
PR0025283,001,00630,Nitrite + Nitrate total [as N],0,C3,MAX,Concentration3,ug/L,0,mg/L,10000,ug/L,,01/31/2023
PR0025283,001,00630,Nitrite + Nitrate total [as N],NA,C3,MAX,Concentration3,,,mg/L,10000,ug/L,9,02/28/2023
PR0025283,001,00630,Nitrite + Nitrate total [as N],NA,C3,MAX,Concentration3,,,mg/L,10000,ug/L,9,03/31/2023
PR0025283,001,00630,Nitrite + Nitrate total [as N],73,C3,MAX,Concentration3,ug/L,.073,mg/L,10000,ug/L,,04/30/2023
PR0025283,001,00630,Nitrite + Nitrate total [as N],NA,C3,MAX,Concentration3,,,mg/L,10000,ug/L,9,05/31/2023
PR0025283,001,00630,Nitrite + Nitrate total [as N],NA,C3,MAX,Concentration3,,,mg/L,10000,ug/L,9,06/30/2023
PR0025283,001,00630,Nitrite + Nitrate total [as N],76.6,C3,MAX,Concentration3,ug/L,.0766,mg/L,10000,ug/L,,07/31/2023
PR0025283,001,00630,Nitrite + Nitrate total [as N],NA,C3,MAX,Concentration3,,,mg/L,10000,ug/L,9,08/31/2023
PR0025283,001,00630,Nitrite + Nitrate total [as N],NA,C3,MAX,Concentration3,,,mg/L,10000,ug/L,9,09/30/2023
PR0025283,001,00630,Nitrite + Nitrate total [as N],54.7,C3,MAX,Concentration3,ug/L,.0547,mg/L,10000,ug/L,,10/31/2023
PR0025283,001,00630,Nitrite + Nitrate total [as N],NA,C3,MAX,Concentration3,,,mg/L,10000,ug/L,9,11/30/2023
PR0025283,001,00630,Nitrite + Nitrate total [as N],NA,C3,MAX,Concentration3,,,mg/L,10000,ug/L,9,12/31/2023
PR0025283,001,00630,Nitrite + Nitrate total [as N],14.4,C3,MAX,Concentration3,ug/L,.0144,mg/L,10000,ug/L,,01/31/2024
PR0025283,001,00630,Nitrite + Nitrate total [as N],NA,C3,MAX,Concentration3,,,mg/L,10000,ug/L,9,02/29/2024
PR0025283,001,00630,Nitrite + Nitrate total [as N],NA,C3,MAX,Concentration3,,,mg/L,10000,ug/L,9,03/31/2024
PR0025283,001,00630,Nitrite + Nitrate total [as N],NA,C3,MAX,Concentration3,,,mg/L,10000,ug/L,9,04/30/2024
PR0025283,001,00630,Nitrite + Nitrate total [as N],NA,C3,MAX,Concentration3,,,mg/L,10000,ug/L,9,05/31/2024
PR0025283,001,00630,Nitrite + Nitrate total [as N],NA,C3,MAX,Concentration3,,,mg/L,10000,ug/L,9,06/30/2024
PR0025283,001,00630,Nitrite + Nitrate total [as N],40.5,C3,MAX,Concentration3,ug/L,.0405,mg/L,10000,ug/L,,07/31/2024
PR0025283,001,00630,Nitrite + Nitrate total [as N],3.4,C3,MAX,Concentration3,ug/L,.0034,mg/L,10000,ug/L,,08/31/2024
PR0025283,001,00630,Nitrite + Nitrate total [as N],NA,C3,MAX,Concentration3,,,mg/L,10000,ug/L,9,09/30/2024
PR0025283,001,00630,Nitrite + Nitrate total [as N],NA,C3,MAX,Concentration3,,,mg/L,10000,ug/L,9,10/31/2024
PR0025283,001,00630,Nitrite + Nitrate total [as N],0,C3,MAX,Concentration3,ug/L,0,mg/L,10000,ug/L,,11/30/2024
PR0025283,001,00630,Nitrite + Nitrate total [as N],NA,C3,MAX,Concentration3,,,mg/L,10000,ug/L,9,12/31/2024
PR0025283,001,00630,Nitrite + Nitrate total [as N],25.9,C3,MAX,Concentration3,ug/L,.0259,mg/L,10000,ug/L,,01/31/2025
PR0025283,001,00630,Nitrite + Nitrate total [as N],NA,C3,MAX,Concentration3,,,mg/L,10000,ug/L,9,02/28/2025
PR0025283,001,00630,Nitrite + Nitrate total [as N],NA,C3,MAX,Concentration3,,,mg/L,10000,ug/L,9,03/31/2025
PR0025283,001,00630,Nitrite + Nitrate total [as N],0.047,C3,MAX,Concentration3,ug/L,.000047,mg/L,10000,ug/L,,04/30/2025
PR0025283,001,00630,Nitrite + Nitrate total [as N],NA,C3,MAX,Concentration3,,,mg/L,10000,ug/L,9,05/31/2025
PR0025283,001,00630,Nitrite + Nitrate total [as N],169,C3,MAX,Concentration3,ug/L,.16900001,mg/L,10000,ug/L,,06/30/2025
PR0025283,001,00630,Nitrite + Nitrate total [as N],169,C3,MAX,Concentration3,ug/L,.16900001,mg/L,10000,ug/L,,07/31/2025
PR0025283,001,00630,Nitrite + Nitrate total [as N],NA,C3,MAX,Concentration3,,,mg/L,10000,ug/L,9,08/31/2025
PR0025283,001,00630,Nitrite + Nitrate total [as N],NA,C3,MAX,Concentration3,,,mg/L,10000,ug/L,9,09/30/2025
PR0025283,001,00630,Nitrite + Nitrate total [as N],NA,C3,MAX,Concentration3,,,mg/L,10000,ug/L,9,10/31/2025
PR0025283,001,00630,Nitrite + Nitrate total [as N],NA,C3,MAX,Concentration3,,,mg/L,10000,ug/L,9,11/30/2025
PR0025283,001,00630,Nitrite + Nitrate total [as N],NA,C3,MAX,Concentration3,,,mg/L,10000,ug/L,9,12/31/2025
PR0025283,001,00630,Nitrite + Nitrate total [as N],0.222,C3,MAX,Concentration3,ug/L,.000222,mg/L,10000,ug/L,,01/31/2026
PR0025283,001,00665,"Phosphorus, total [as P]",0.4,C3,MAX,Concentration3,mg/L,.4,mg/L,10,mg/L,,01/31/2020
PR0025283,001,00665,"Phosphorus, total [as P]",1.1,C3,MAX,Concentration3,mg/L,1.1,mg/L,10,mg/L,,02/29/2020
PR0025283,001,00665,"Phosphorus, total [as P]",0.82,C3,MAX,Concentration3,mg/L,.82,mg/L,10,mg/L,,03/31/2020
PR0025283,001,00665,"Phosphorus, total [as P]",1,C3,MAX,Concentration3,mg/L,1,mg/L,10,mg/L,,04/30/2020
PR0025283,001,00665,"Phosphorus, total [as P]",1.9,C3,MAX,Concentration3,mg/L,1.9,mg/L,10,mg/L,,05/31/2020
PR0025283,001,00665,"Phosphorus, total [as P]",5.5,C3,MAX,Concentration3,mg/L,5.5,mg/L,10,mg/L,,06/30/2020
PR0025283,001,00665,"Phosphorus, total [as P]",4.2,C3,MAX,Concentration3,mg/L,4.2,mg/L,10,mg/L,,07/31/2020
PR0025283,001,00665,"Phosphorus, total [as P]",1.6,C3,MAX,Concentration3,mg/L,1.6,mg/L,10,mg/L,,08/31/2020
PR0025283,001,00665,"Phosphorus, total [as P]",5.9,C3,MAX,Concentration3,mg/L,5.9,mg/L,10,mg/L,,09/30/2020
PR0025283,001,00665,"Phosphorus, total [as P]",9.13,C3,MAX,Concentration3,mg/L,9.13,mg/L,10,mg/L,,10/31/2020
PR0025283,001,00665,"Phosphorus, total [as P]",4.7,C3,MAX,Concentration3,mg/L,4.7,mg/L,10,mg/L,,11/30/2020
PR0025283,001,00665,"Phosphorus, total [as P]",5.25,C3,MAX,Concentration3,mg/L,5.25,mg/L,10,mg/L,,12/31/2020
PR0025283,001,00665,"Phosphorus, total [as P]",5.64,C3,MAX,Concentration3,mg/L,5.64,mg/L,10,mg/L,,01/31/2021
PR0025283,001,00665,"Phosphorus, total [as P]",10.1,C3,MAX,Concentration3,mg/L,10.1,mg/L,10,mg/L,,02/28/2021
PR0025283,001,00665,"Phosphorus, total [as P]",7.6,C3,MAX,Concentration3,mg/L,7.6,mg/L,1,mg/L,,03/31/2021
PR0025283,001,00665,"Phosphorus, total [as P]",4.66,C3,MAX,Concentration3,mg/L,4.66,mg/L,1,mg/L,,04/30/2021
PR0025283,001,00665,"Phosphorus, total [as P]",6.5,C3,MAX,Concentration3,mg/L,6.5,mg/L,1,mg/L,,05/31/2021
PR0025283,001,00665,"Phosphorus, total [as P]",5.9,C3,MAX,Concentration3,mg/L,5.9,mg/L,1,mg/L,,06/30/2021
PR0025283,001,00665,"Phosphorus, total [as P]",6.5,C3,MAX,Concentration3,mg/L,6.5,mg/L,1,mg/L,,07/31/2021
PR0025283,001,00665,"Phosphorus, total [as P]",7.5,C3,MAX,Concentration3,mg/L,7.5,mg/L,1,mg/L,,08/31/2021
PR0025283,001,00665,"Phosphorus, total [as P]",4.8,C3,MAX,Concentration3,mg/L,4.8,mg/L,1,mg/L,,09/30/2021
PR0025283,001,00665,"Phosphorus, total [as P]",5.3,C3,MAX,Concentration3,mg/L,5.3,mg/L,1,mg/L,,10/31/2021
PR0025283,001,00665,"Phosphorus, total [as P]",5.7,C3,MAX,Concentration3,mg/L,5.7,mg/L,1,mg/L,,11/30/2021
PR0025283,001,00665,"Phosphorus, total [as P]",2,C3,MAX,Concentration3,mg/L,2,mg/L,1,mg/L,,12/31/2021
PR0025283,001,00665,"Phosphorus, total [as P]",12.3,C3,MAX,Concentration3,mg/L,12.3,mg/L,1,mg/L,,01/31/2022
PR0025283,001,00665,"Phosphorus, total [as P]",6.78,C3,MAX,Concentration3,mg/L,6.78,mg/L,1,mg/L,,02/28/2022
PR0025283,001,00665,"Phosphorus, total [as P]",10.02,C3,MAX,Concentration3,mg/L,10.02,mg/L,1,mg/L,,03/31/2022
PR0025283,001,00665,"Phosphorus, total [as P]",0.33,C3,MAX,Concentration3,mg/L,.33,mg/L,1,mg/L,,04/30/2022
PR0025283,001,00665,"Phosphorus, total [as P]",0.13,C3,MAX,Concentration3,mg/L,.13,mg/L,1,mg/L,,05/31/2022
PR0025283,001,00665,"Phosphorus, total [as P]",1.19,C3,MAX,Concentration3,mg/L,1.19,mg/L,1,mg/L,,06/30/2022
PR0025283,001,00665,"Phosphorus, total [as P]",0,C3,MAX,Concentration3,mg/L,0,mg/L,1,mg/L,,07/31/2022
PR0025283,001,00665,"Phosphorus, total [as P]",1.03,C3,MAX,Concentration3,mg/L,1.03,mg/L,1,mg/L,,08/31/2022
PR0025283,001,00665,"Phosphorus, total [as P]",5.5,C3,MAX,Concentration3,mg/L,5.5,mg/L,1,mg/L,,09/30/2022
PR0025283,001,00665,"Phosphorus, total [as P]",1.8,C3,MAX,Concentration3,mg/L,1.8,mg/L,1,mg/L,,10/31/2022
PR0025283,001,00665,"Phosphorus, total [as P]",3,C3,MAX,Concentration3,mg/L,3,mg/L,1,mg/L,,11/30/2022
PR0025283,001,00665,"Phosphorus, total [as P]",7.2,C3,MAX,Concentration3,mg/L,7.2,mg/L,1,mg/L,,12/31/2022
PR0025283,001,00665,"Phosphorus, total [as P]",5.5,C3,MAX,Concentration3,mg/L,5.5,mg/L,1,mg/L,,01/31/2023
PR0025283,001,00665,"Phosphorus, total [as P]",8.9,C3,MAX,Concentration3,mg/L,8.9,mg/L,1,mg/L,,02/28/2023
PR0025283,001,00665,"Phosphorus, total [as P]",13.55,C3,MAX,Concentration3,mg/L,13.55,mg/L,1,mg/L,,03/31/2023
PR0025283,001,00665,"Phosphorus, total [as P]",13.5,C3,MAX,Concentration3,mg/L,13.5,mg/L,1,mg/L,,04/30/2023
PR0025283,001,00665,"Phosphorus, total [as P]",2.8,C3,MAX,Concentration3,mg/L,2.8,mg/L,1,mg/L,,05/31/2023
PR0025283,001,00665,"Phosphorus, total [as P]",6.01,C3,MAX,Concentration3,mg/L,6.01,mg/L,1,mg/L,,06/30/2023
PR0025283,001,00665,"Phosphorus, total [as P]",9.7,C3,MAX,Concentration3,mg/L,9.7,mg/L,1,mg/L,,07/31/2023
PR0025283,001,00665,"Phosphorus, total [as P]",4.7,C3,MAX,Concentration3,mg/L,4.7,mg/L,1,mg/L,,08/31/2023
PR0025283,001,00665,"Phosphorus, total [as P]",0.99,C3,MAX,Concentration3,mg/L,.99,mg/L,1,mg/L,,09/30/2023
PR0025283,001,00665,"Phosphorus, total [as P]",4.75,C3,MAX,Concentration3,mg/L,4.75,mg/L,1,mg/L,,10/31/2023
PR0025283,001,00665,"Phosphorus, total [as P]",5.85,C3,MAX,Concentration3,mg/L,5.85,mg/L,1,mg/L,,11/30/2023
PR0025283,001,00665,"Phosphorus, total [as P]",1.1,C3,MAX,Concentration3,mg/L,1.1,mg/L,1,mg/L,,12/31/2023
PR0025283,001,00665,"Phosphorus, total [as P]",2.88,C3,MAX,Concentration3,mg/L,2.88,mg/L,1,mg/L,,01/31/2024
PR0025283,001,00665,"Phosphorus, total [as P]",5.2,C3,MAX,Concentration3,mg/L,5.2,mg/L,1,mg/L,,02/29/2024
PR0025283,001,00665,"Phosphorus, total [as P]",4.1,C3,MAX,Concentration3,mg/L,4.1,mg/L,1,mg/L,,03/31/2024
PR0025283,001,00665,"Phosphorus, total [as P]",12.5,C3,MAX,Concentration3,mg/L,12.5,mg/L,1,mg/L,,04/30/2024
PR0025283,001,00665,"Phosphorus, total [as P]",6.9,C3,MAX,Concentration3,mg/L,6.9,mg/L,1,mg/L,,05/31/2024
PR0025283,001,00665,"Phosphorus, total [as P]",8.72,C3,MAX,Concentration3,mg/L,8.72,mg/L,1,mg/L,,06/30/2024
PR0025283,001,00665,"Phosphorus, total [as P]",8.7,C3,MAX,Concentration3,mg/L,8.7,mg/L,1,mg/L,,07/31/2024
PR0025283,001,00665,"Phosphorus, total [as P]",4.8,C3,MAX,Concentration3,mg/L,4.8,mg/L,1,mg/L,,08/31/2024
PR0025283,001,00665,"Phosphorus, total [as P]",6.4,C3,MAX,Concentration3,mg/L,6.4,mg/L,1,mg/L,,09/30/2024
PR0025283,001,00665,"Phosphorus, total [as P]",2.8,C3,MAX,Concentration3,mg/L,2.8,mg/L,1,mg/L,,10/31/2024
PR0025283,001,00665,"Phosphorus, total [as P]",2.76,C3,MAX,Concentration3,mg/L,2.76,mg/L,1,mg/L,,11/30/2024
PR0025283,001,00665,"Phosphorus, total [as P]",17.25,C3,MAX,Concentration3,mg/L,17.25,mg/L,1,mg/L,,12/31/2024
PR0025283,001,00665,"Phosphorus, total [as P]",6.5,C3,MAX,Concentration3,mg/L,6.5,mg/L,1,mg/L,,01/31/2025
PR0025283,001,00665,"Phosphorus, total [as P]",15.3,C3,MAX,Concentration3,mg/L,15.3,mg/L,1,mg/L,,02/28/2025
PR0025283,001,00665,"Phosphorus, total [as P]",8.4,C3,MAX,Concentration3,mg/L,8.4,mg/L,1,mg/L,,03/31/2025
PR0025283,001,00665,"Phosphorus, total [as P]",15.5,C3,MAX,Concentration3,mg/L,15.5,mg/L,1,mg/L,,04/30/2025
PR0025283,001,00665,"Phosphorus, total [as P]",4.5,C3,MAX,Concentration3,mg/L,4.5,mg/L,1,mg/L,,05/31/2025
PR0025283,001,00665,"Phosphorus, total [as P]",8.27,C3,MAX,Concentration3,mg/L,8.27,mg/L,1,mg/L,,06/30/2025
PR0025283,001,00665,"Phosphorus, total [as P]",8.27,C3,MAX,Concentration3,mg/L,8.27,mg/L,1,mg/L,,07/31/2025
PR0025283,001,00665,"Phosphorus, total [as P]",15.3,C3,MAX,Concentration3,mg/L,15.3,mg/L,1,mg/L,,08/31/2025
PR0025283,001,00665,"Phosphorus, total [as P]",8.27,C3,MAX,Concentration3,mg/L,8.27,mg/L,1,mg/L,,09/30/2025
PR0025283,001,00665,"Phosphorus, total [as P]",4.7,C3,MAX,Concentration3,mg/L,4.7,mg/L,1,mg/L,,10/31/2025
PR0025283,001,00665,"Phosphorus, total [as P]",7.9,C3,MAX,Concentration3,mg/L,7.9,mg/L,1,mg/L,,11/30/2025
PR0025283,001,00665,"Phosphorus, total [as P]",7.6,C3,MAX,Concentration3,mg/L,7.6,mg/L,1,mg/L,,12/31/2025
PR0025283,001,00665,"Phosphorus, total [as P]",6.48,C3,MAX,Concentration3,mg/L,6.48,mg/L,1,mg/L,,01/31/2026
PR0025283,001,00745,"Sulfide, total [as S]",2,C3,MAX,Concentration3,ug/L,.002,mg/L,2,ug/L,,01/31/2020
PR0025283,001,00745,"Sulfide, total [as S]",2,C3,MAX,Concentration3,ug/L,.002,mg/L,2,ug/L,,02/29/2020
PR0025283,001,00745,"Sulfide, total [as S]",2,C3,MAX,Concentration3,ug/L,.002,mg/L,2,ug/L,,03/31/2020
PR0025283,001,00745,"Sulfide, total [as S]",2,C3,MAX,Concentration3,ug/L,.002,mg/L,2,ug/L,,04/30/2020
PR0025283,001,00745,"Sulfide, total [as S]",2,C3,MAX,Concentration3,ug/L,.002,mg/L,2,ug/L,,05/31/2020
PR0025283,001,00745,"Sulfide, total [as S]",132,C3,MAX,Concentration3,ug/L,.13200001,mg/L,2,ug/L,,06/30/2020
PR0025283,001,00745,"Sulfide, total [as S]",2,C3,MAX,Concentration3,ug/L,.002,mg/L,2,ug/L,,07/31/2020
PR0025283,001,00745,"Sulfide, total [as S]",2,C3,MAX,Concentration3,ug/L,.002,mg/L,2,ug/L,,08/31/2020
PR0025283,001,00745,"Sulfide, total [as S]",2,C3,MAX,Concentration3,ug/L,.002,mg/L,2,ug/L,,09/30/2020
PR0025283,001,00745,"Sulfide, total [as S]",2,C3,MAX,Concentration3,ug/L,.002,mg/L,2,ug/L,,10/31/2020
PR0025283,001,00745,"Sulfide, total [as S]",2,C3,MAX,Concentration3,ug/L,.002,mg/L,2,ug/L,,11/30/2020
PR0025283,001,00745,"Sulfide, total [as S]",2,C3,MAX,Concentration3,ug/L,.002,mg/L,2,ug/L,,12/31/2020
PR0025283,001,00745,"Sulfide, total [as S]",2,C3,MAX,Concentration3,ug/L,.002,mg/L,2,ug/L,,01/31/2021
PR0025283,001,00745,"Sulfide, total [as S]",2,C3,MAX,Concentration3,ug/L,.002,mg/L,2,ug/L,,02/28/2021
PR0025283,001,00745,"Sulfide, total [as S]",2,C3,MAX,Concentration3,ug/L,.002,mg/L,2,ug/L,,03/31/2021
PR0025283,001,00745,"Sulfide, total [as S]",2,C3,MAX,Concentration3,ug/L,.002,mg/L,2,ug/L,,04/30/2021
PR0025283,001,00745,"Sulfide, total [as S]",2,C3,MAX,Concentration3,ug/L,.002,mg/L,2,ug/L,,05/31/2021
PR0025283,001,00745,"Sulfide, total [as S]",2,C3,MAX,Concentration3,ug/L,.002,mg/L,2,ug/L,,06/30/2021
PR0025283,001,00745,"Sulfide, total [as S]",2,C3,MAX,Concentration3,ug/L,.002,mg/L,2,ug/L,,07/31/2021
PR0025283,001,00745,"Sulfide, total [as S]",2,C3,MAX,Concentration3,ug/L,.002,mg/L,2,ug/L,,08/31/2021
PR0025283,001,00745,"Sulfide, total [as S]",2,C3,MAX,Concentration3,ug/L,.002,mg/L,2,ug/L,,09/30/2021
PR0025283,001,00745,"Sulfide, total [as S]",2,C3,MAX,Concentration3,ug/L,.002,mg/L,2,ug/L,,10/31/2021
PR0025283,001,00745,"Sulfide, total [as S]",2,C3,MAX,Concentration3,ug/L,.002,mg/L,2,ug/L,,11/30/2021
PR0025283,001,00745,"Sulfide, total [as S]",2,C3,MAX,Concentration3,ug/L,.002,mg/L,2,ug/L,,12/31/2021
PR0025283,001,00745,"Sulfide, total [as S]",2,C3,MAX,Concentration3,ug/L,.002,mg/L,2,ug/L,,01/31/2022
PR0025283,001,00745,"Sulfide, total [as S]",2,C3,MAX,Concentration3,ug/L,.002,mg/L,2,ug/L,,02/28/2022
PR0025283,001,00745,"Sulfide, total [as S]",2,C3,MAX,Concentration3,ug/L,.002,mg/L,2,ug/L,,03/31/2022
PR0025283,001,00745,"Sulfide, total [as S]",2,C3,MAX,Concentration3,ug/L,.002,mg/L,2,ug/L,,04/30/2022
PR0025283,001,00745,"Sulfide, total [as S]",2,C3,MAX,Concentration3,ug/L,.002,mg/L,2,ug/L,,05/31/2022
PR0025283,001,00745,"Sulfide, total [as S]",2,C3,MAX,Concentration3,ug/L,.002,mg/L,2,ug/L,,06/30/2022
PR0025283,001,00745,"Sulfide, total [as S]",2,C3,MAX,Concentration3,ug/L,.002,mg/L,2,ug/L,,07/31/2022
PR0025283,001,00745,"Sulfide, total [as S]",2,C3,MAX,Concentration3,ug/L,.002,mg/L,2,ug/L,,08/31/2022
PR0025283,001,00745,"Sulfide, total [as S]",2,C3,MAX,Concentration3,ug/L,.002,mg/L,2,ug/L,,09/30/2022
PR0025283,001,00745,"Sulfide, total [as S]",2,C3,MAX,Concentration3,ug/L,.002,mg/L,2,ug/L,,10/31/2022
PR0025283,001,00745,"Sulfide, total [as S]",2,C3,MAX,Concentration3,ug/L,.002,mg/L,2,ug/L,,11/30/2022
PR0025283,001,00745,"Sulfide, total [as S]",96,C3,MAX,Concentration3,ug/L,.096,mg/L,2,ug/L,,12/31/2022
PR0025283,001,00745,"Sulfide, total [as S]",2,C3,MAX,Concentration3,ug/L,.002,mg/L,2,ug/L,,01/31/2023
PR0025283,001,00745,"Sulfide, total [as S]",2,C3,MAX,Concentration3,ug/L,.002,mg/L,2,ug/L,,02/28/2023
PR0025283,001,00745,"Sulfide, total [as S]",2,C3,MAX,Concentration3,ug/L,.002,mg/L,2,ug/L,,03/31/2023
PR0025283,001,00745,"Sulfide, total [as S]",2,C3,MAX,Concentration3,ug/L,.002,mg/L,2,ug/L,,04/30/2023
PR0025283,001,00745,"Sulfide, total [as S]",2,C3,MAX,Concentration3,ug/L,.002,mg/L,2,ug/L,,05/31/2023
PR0025283,001,00745,"Sulfide, total [as S]",2,C3,MAX,Concentration3,ug/L,.002,mg/L,2,ug/L,,06/30/2023
PR0025283,001,00745,"Sulfide, total [as S]",2,C3,MAX,Concentration3,ug/L,.002,mg/L,2,ug/L,,07/31/2023
PR0025283,001,00745,"Sulfide, total [as S]",2,C3,MAX,Concentration3,ug/L,.002,mg/L,2,ug/L,,08/31/2023
PR0025283,001,00745,"Sulfide, total [as S]",2,C3,MAX,Concentration3,ug/L,.002,mg/L,2,ug/L,,09/30/2023
PR0025283,001,00745,"Sulfide, total [as S]",2,C3,MAX,Concentration3,ug/L,.002,mg/L,2,ug/L,,10/31/2023
PR0025283,001,00745,"Sulfide, total [as S]",2,C3,MAX,Concentration3,ug/L,.002,mg/L,2,ug/L,,11/30/2023
PR0025283,001,00745,"Sulfide, total [as S]",2,C3,MAX,Concentration3,ug/L,.002,mg/L,2,ug/L,,12/31/2023
PR0025283,001,00745,"Sulfide, total [as S]",2,C3,MAX,Concentration3,ug/L,.002,mg/L,2,ug/L,,01/31/2024
PR0025283,001,00745,"Sulfide, total [as S]",2,C3,MAX,Concentration3,ug/L,.002,mg/L,2,ug/L,,02/29/2024
PR0025283,001,00745,"Sulfide, total [as S]",2,C3,MAX,Concentration3,ug/L,.002,mg/L,2,ug/L,,03/31/2024
PR0025283,001,00745,"Sulfide, total [as S]",2,C3,MAX,Concentration3,ug/L,.002,mg/L,2,ug/L,,04/30/2024
PR0025283,001,00745,"Sulfide, total [as S]",2,C3,MAX,Concentration3,ug/L,.002,mg/L,2,ug/L,,05/31/2024
PR0025283,001,00745,"Sulfide, total [as S]",2,C3,MAX,Concentration3,ug/L,.002,mg/L,2,ug/L,,06/30/2024
PR0025283,001,00745,"Sulfide, total [as S]",2,C3,MAX,Concentration3,ug/L,.002,mg/L,2,ug/L,,07/31/2024
PR0025283,001,00745,"Sulfide, total [as S]",2,C3,MAX,Concentration3,ug/L,.002,mg/L,2,ug/L,,08/31/2024
PR0025283,001,00745,"Sulfide, total [as S]",7.4,C3,MAX,Concentration3,ug/L,.0074,mg/L,2,ug/L,,09/30/2024
PR0025283,001,00745,"Sulfide, total [as S]",2,C3,MAX,Concentration3,ug/L,.002,mg/L,2,ug/L,,10/31/2024
PR0025283,001,00745,"Sulfide, total [as S]",252,C3,MAX,Concentration3,ug/L,.25200001,mg/L,2,ug/L,,11/30/2024
PR0025283,001,00745,"Sulfide, total [as S]",2,C3,MAX,Concentration3,ug/L,.002,mg/L,2,ug/L,,12/31/2024
PR0025283,001,00745,"Sulfide, total [as S]",2,C3,MAX,Concentration3,ug/L,.002,mg/L,2,ug/L,,01/31/2025
PR0025283,001,00745,"Sulfide, total [as S]",2,C3,MAX,Concentration3,ug/L,.002,mg/L,2,ug/L,,02/28/2025
PR0025283,001,00745,"Sulfide, total [as S]",2,C3,MAX,Concentration3,ug/L,.002,mg/L,2,ug/L,,03/31/2025
PR0025283,001,00745,"Sulfide, total [as S]",2,C3,MAX,Concentration3,ug/L,.002,mg/L,2,ug/L,,04/30/2025
PR0025283,001,00745,"Sulfide, total [as S]",2,C3,MAX,Concentration3,ug/L,.002,mg/L,2,ug/L,,05/31/2025
PR0025283,001,00745,"Sulfide, total [as S]",2,C3,MAX,Concentration3,ug/L,.002,mg/L,2,ug/L,,06/30/2025
PR0025283,001,00745,"Sulfide, total [as S]",2,C3,MAX,Concentration3,ug/L,.002,mg/L,2,ug/L,,07/31/2025
PR0025283,001,00745,"Sulfide, total [as S]",2,C3,MAX,Concentration3,ug/L,.002,mg/L,2,ug/L,,08/31/2025
PR0025283,001,00745,"Sulfide, total [as S]",2,C3,MAX,Concentration3,ug/L,.002,mg/L,2,ug/L,,09/30/2025
PR0025283,001,00745,"Sulfide, total [as S]",2,C3,MAX,Concentration3,ug/L,.002,mg/L,2,ug/L,,10/31/2025
PR0025283,001,00745,"Sulfide, total [as S]",2,C3,MAX,Concentration3,ug/L,.002,mg/L,2,ug/L,,11/30/2025
PR0025283,001,00745,"Sulfide, total [as S]",2,C3,MAX,Concentration3,ug/L,.002,mg/L,2,ug/L,,12/31/2025
PR0025283,001,00745,"Sulfide, total [as S]",2,C3,MAX,Concentration3,ug/L,.002,mg/L,2,ug/L,,01/31/2026
PR0025283,001,00951,"Fluoride, total [as F]",21,C3,MAX,Concentration3,ug/L,.021,mg/L,700,ug/L,,01/31/2020
PR0025283,001,00951,"Fluoride, total [as F]",0,C3,MAX,Concentration3,ug/L,0,mg/L,700,ug/L,,02/29/2020
PR0025283,001,00951,"Fluoride, total [as F]",0,C3,MAX,Concentration3,ug/L,0,mg/L,700,ug/L,,03/31/2020
PR0025283,001,00951,"Fluoride, total [as F]",60,C3,MAX,Concentration3,ug/L,.06,mg/L,700,ug/L,,04/30/2020
PR0025283,001,00951,"Fluoride, total [as F]",0,C3,MAX,Concentration3,ug/L,0,mg/L,700,ug/L,,05/31/2020
PR0025283,001,00951,"Fluoride, total [as F]",0,C3,MAX,Concentration3,ug/L,0,mg/L,700,ug/L,,06/30/2020
PR0025283,001,00951,"Fluoride, total [as F]",84,C3,MAX,Concentration3,ug/L,.084,mg/L,700,ug/L,,07/31/2020
PR0025283,001,00951,"Fluoride, total [as F]",NA,C3,MAX,Concentration3,,,mg/L,700,ug/L,C,08/31/2020
PR0025283,001,00951,"Fluoride, total [as F]",0,C3,MAX,Concentration3,ug/L,0,mg/L,700,ug/L,,09/30/2020
PR0025283,001,00951,"Fluoride, total [as F]",81,C3,MAX,Concentration3,ug/L,.081,mg/L,700,ug/L,,10/31/2020
PR0025283,001,00951,"Fluoride, total [as F]",0,C3,MAX,Concentration3,ug/L,0,mg/L,700,ug/L,,11/30/2020
PR0025283,001,00951,"Fluoride, total [as F]",0,C3,MAX,Concentration3,ug/L,0,mg/L,700,ug/L,,12/31/2020
PR0025283,001,00951,"Fluoride, total [as F]",0,C3,MAX,Concentration3,ug/L,0,mg/L,700,ug/L,,01/31/2021
PR0025283,001,00951,"Fluoride, total [as F]",0,C3,MAX,Concentration3,ug/L,0,mg/L,700,ug/L,,02/28/2021
PR0025283,001,00951,"Fluoride, total [as F]",0,C3,MAX,Concentration3,ug/L,0,mg/L,700,ug/L,,03/31/2021
PR0025283,001,00951,"Fluoride, total [as F]",121,C3,MAX,Concentration3,ug/L,.12100001,mg/L,700,ug/L,,04/30/2021
PR0025283,001,00951,"Fluoride, total [as F]",0,C3,MAX,Concentration3,ug/L,0,mg/L,700,ug/L,,05/31/2021
PR0025283,001,00951,"Fluoride, total [as F]",0,C3,MAX,Concentration3,ug/L,0,mg/L,700,ug/L,,06/30/2021
PR0025283,001,00951,"Fluoride, total [as F]",101,C3,MAX,Concentration3,ug/L,.101,mg/L,700,ug/L,,07/31/2021
PR0025283,001,00951,"Fluoride, total [as F]",0,C3,MAX,Concentration3,ug/L,0,mg/L,700,ug/L,,08/31/2021
PR0025283,001,00951,"Fluoride, total [as F]",0,C3,MAX,Concentration3,ug/L,0,mg/L,700,ug/L,,09/30/2021
PR0025283,001,00951,"Fluoride, total [as F]",694,C3,MAX,Concentration3,ug/L,.69400003,mg/L,700,ug/L,,10/31/2021
PR0025283,001,00951,"Fluoride, total [as F]",0,C3,MAX,Concentration3,ug/L,0,mg/L,700,ug/L,,11/30/2021
PR0025283,001,00951,"Fluoride, total [as F]",0,C3,MAX,Concentration3,ug/L,0,mg/L,700,ug/L,,12/31/2021
PR0025283,001,00951,"Fluoride, total [as F]",70,C3,MAX,Concentration3,ug/L,.07,mg/L,700,ug/L,,01/31/2022
PR0025283,001,00951,"Fluoride, total [as F]",0,C3,MAX,Concentration3,ug/L,0,mg/L,700,ug/L,,02/28/2022
PR0025283,001,00951,"Fluoride, total [as F]",0,C3,MAX,Concentration3,ug/L,0,mg/L,700,ug/L,,03/31/2022
PR0025283,001,00951,"Fluoride, total [as F]",700,C3,MAX,Concentration3,ug/L,.70000003,mg/L,700,ug/L,,04/30/2022
PR0025283,001,00951,"Fluoride, total [as F]",0,C3,MAX,Concentration3,ug/L,0,mg/L,700,ug/L,,05/31/2022
PR0025283,001,00951,"Fluoride, total [as F]",0,C3,MAX,Concentration3,ug/L,0,mg/L,700,ug/L,,06/30/2022
PR0025283,001,00951,"Fluoride, total [as F]",200,C3,MAX,Concentration3,ug/L,.20000001,mg/L,700,ug/L,,07/31/2022
PR0025283,001,00951,"Fluoride, total [as F]",0,C3,MAX,Concentration3,ug/L,0,mg/L,700,ug/L,,08/31/2022
PR0025283,001,00951,"Fluoride, total [as F]",0,C3,MAX,Concentration3,ug/L,0,mg/L,700,ug/L,,09/30/2022
PR0025283,001,00951,"Fluoride, total [as F]",45,C3,MAX,Concentration3,ug/L,.045,mg/L,700,ug/L,,10/31/2022
PR0025283,001,00951,"Fluoride, total [as F]",0,C3,MAX,Concentration3,ug/L,0,mg/L,700,ug/L,,11/30/2022
PR0025283,001,00951,"Fluoride, total [as F]",0,C3,MAX,Concentration3,ug/L,0,mg/L,700,ug/L,,12/31/2022
PR0025283,001,00951,"Fluoride, total [as F]",0,C3,MAX,Concentration3,ug/L,0,mg/L,700,ug/L,,01/31/2023
PR0025283,001,00951,"Fluoride, total [as F]",NA,C3,MAX,Concentration3,,,mg/L,700,ug/L,9,02/28/2023
PR0025283,001,00951,"Fluoride, total [as F]",NA,C3,MAX,Concentration3,,,mg/L,700,ug/L,9,03/31/2023
PR0025283,001,00951,"Fluoride, total [as F]",119,C3,MAX,Concentration3,ug/L,.11900001,mg/L,700,ug/L,,04/30/2023
PR0025283,001,00951,"Fluoride, total [as F]",NA,C3,MAX,Concentration3,,,mg/L,700,ug/L,9,05/31/2023
PR0025283,001,00951,"Fluoride, total [as F]",NA,C3,MAX,Concentration3,,,mg/L,700,ug/L,9,06/30/2023
PR0025283,001,00951,"Fluoride, total [as F]",200,C3,MAX,Concentration3,ug/L,.20000001,mg/L,700,ug/L,,07/31/2023
PR0025283,001,00951,"Fluoride, total [as F]",NA,C3,MAX,Concentration3,,,mg/L,700,ug/L,9,08/31/2023
PR0025283,001,00951,"Fluoride, total [as F]",NA,C3,MAX,Concentration3,,,mg/L,700,ug/L,9,09/30/2023
PR0025283,001,00951,"Fluoride, total [as F]",79,C3,MAX,Concentration3,ug/L,.079,mg/L,700,ug/L,,10/31/2023
PR0025283,001,00951,"Fluoride, total [as F]",NA,C3,MAX,Concentration3,,,mg/L,700,ug/L,9,11/30/2023
PR0025283,001,00951,"Fluoride, total [as F]",NA,C3,MAX,Concentration3,,,mg/L,700,ug/L,9,12/31/2023
PR0025283,001,00951,"Fluoride, total [as F]",200,C3,MAX,Concentration3,ug/L,.20000001,mg/L,700,ug/L,,01/31/2024
PR0025283,001,00951,"Fluoride, total [as F]",NA,C3,MAX,Concentration3,,,mg/L,700,ug/L,9,02/29/2024
PR0025283,001,00951,"Fluoride, total [as F]",NA,C3,MAX,Concentration3,,,mg/L,700,ug/L,9,03/31/2024
PR0025283,001,00951,"Fluoride, total [as F]",NA,C3,MAX,Concentration3,,,mg/L,700,ug/L,9,04/30/2024
PR0025283,001,00951,"Fluoride, total [as F]",NA,C3,MAX,Concentration3,,,mg/L,700,ug/L,9,05/31/2024
PR0025283,001,00951,"Fluoride, total [as F]",NA,C3,MAX,Concentration3,,,mg/L,700,ug/L,9,06/30/2024
PR0025283,001,00951,"Fluoride, total [as F]",14,C3,MAX,Concentration3,ug/L,.014,mg/L,700,ug/L,,07/31/2024
PR0025283,001,00951,"Fluoride, total [as F]",NA,C3,MAX,Concentration3,,,mg/L,700,ug/L,9,08/31/2024
PR0025283,001,00951,"Fluoride, total [as F]",NA,C3,MAX,Concentration3,,,mg/L,700,ug/L,9,09/30/2024
PR0025283,001,00951,"Fluoride, total [as F]",48,C3,MAX,Concentration3,ug/L,.048,mg/L,700,ug/L,,10/31/2024
PR0025283,001,00951,"Fluoride, total [as F]",0,C3,MAX,Concentration3,ug/L,0,mg/L,700,ug/L,,11/30/2024
PR0025283,001,00951,"Fluoride, total [as F]",NA,C3,MAX,Concentration3,,,mg/L,700,ug/L,9,12/31/2024
PR0025283,001,00951,"Fluoride, total [as F]",52,C3,MAX,Concentration3,ug/L,.052,mg/L,700,ug/L,,01/31/2025
PR0025283,001,00951,"Fluoride, total [as F]",0,C3,MAX,Concentration3,ug/L,0,mg/L,700,ug/L,,02/28/2025
PR0025283,001,00951,"Fluoride, total [as F]",NA,C3,MAX,Concentration3,,,mg/L,700,ug/L,9,03/31/2025
PR0025283,001,00951,"Fluoride, total [as F]",71,C3,MAX,Concentration3,ug/L,.071,mg/L,700,ug/L,,04/30/2025
PR0025283,001,00951,"Fluoride, total [as F]",NA,C3,MAX,Concentration3,,,mg/L,700,ug/L,9,05/31/2025
PR0025283,001,00951,"Fluoride, total [as F]",52,C3,MAX,Concentration3,ug/L,.052,mg/L,700,ug/L,,06/30/2025
PR0025283,001,00951,"Fluoride, total [as F]",52,C3,MAX,Concentration3,ug/L,.052,mg/L,700,ug/L,,07/31/2025
PR0025283,001,00951,"Fluoride, total [as F]",NA,C3,MAX,Concentration3,,,mg/L,700,ug/L,9,08/31/2025
PR0025283,001,00951,"Fluoride, total [as F]",NA,C3,MAX,Concentration3,,,mg/L,700,ug/L,9,09/30/2025
PR0025283,001,00951,"Fluoride, total [as F]",NA,C3,MAX,Concentration3,,,mg/L,700,ug/L,9,10/31/2025
PR0025283,001,00951,"Fluoride, total [as F]",NA,C3,MAX,Concentration3,,,mg/L,700,ug/L,9,11/30/2025
PR0025283,001,00951,"Fluoride, total [as F]",NA,C3,MAX,Concentration3,,,mg/L,700,ug/L,9,12/31/2025
PR0025283,001,00951,"Fluoride, total [as F]",94.3,C3,MAX,Concentration3,ug/L,.0943,mg/L,700,ug/L,,01/31/2026
PR0025283,001,01002,"Arsenic, total [as As]",0,C3,MAX,Concentration3,ug/L,0,mg/L,.18,ug/L,,01/31/2020
PR0025283,001,01002,"Arsenic, total [as As]",0,C3,MAX,Concentration3,ug/L,0,mg/L,.18,ug/L,,02/29/2020
PR0025283,001,01002,"Arsenic, total [as As]",0,C3,MAX,Concentration3,ug/L,0,mg/L,.18,ug/L,,03/31/2020
PR0025283,001,01002,"Arsenic, total [as As]",0,C3,MAX,Concentration3,ug/L,0,mg/L,.18,ug/L,,04/30/2020
PR0025283,001,01002,"Arsenic, total [as As]",0,C3,MAX,Concentration3,ug/L,0,mg/L,.18,ug/L,,05/31/2020
PR0025283,001,01002,"Arsenic, total [as As]",0,C3,MAX,Concentration3,ug/L,0,mg/L,.18,ug/L,,06/30/2020
PR0025283,001,01002,"Arsenic, total [as As]",NA,C3,MAX,Concentration3,,,mg/L,.18,ug/L,,07/31/2020
PR0025283,001,01002,"Arsenic, total [as As]",NA,C3,MAX,Concentration3,,,mg/L,.18,ug/L,C,08/31/2020
PR0025283,001,01002,"Arsenic, total [as As]",0,C3,MAX,Concentration3,ug/L,0,mg/L,.18,ug/L,,09/30/2020
PR0025283,001,01002,"Arsenic, total [as As]",0,C3,MAX,Concentration3,ug/L,0,mg/L,.18,ug/L,,10/31/2020
PR0025283,001,01002,"Arsenic, total [as As]",0,C3,MAX,Concentration3,ug/L,0,mg/L,.18,ug/L,,11/30/2020
PR0025283,001,01002,"Arsenic, total [as As]",0,C3,MAX,Concentration3,ug/L,0,mg/L,.18,ug/L,,12/31/2020
PR0025283,001,01002,"Arsenic, total [as As]",0,C3,MAX,Concentration3,ug/L,0,mg/L,.18,ug/L,,01/31/2021
PR0025283,001,01002,"Arsenic, total [as As]",0,C3,MAX,Concentration3,ug/L,0,mg/L,.18,ug/L,,02/28/2021
PR0025283,001,01002,"Arsenic, total [as As]",0,C3,MAX,Concentration3,ug/L,0,mg/L,.18,ug/L,,03/31/2021
PR0025283,001,01002,"Arsenic, total [as As]",0,C3,MAX,Concentration3,ug/L,0,mg/L,.18,ug/L,,04/30/2021
PR0025283,001,01002,"Arsenic, total [as As]",0,C3,MAX,Concentration3,ug/L,0,mg/L,.18,ug/L,,05/31/2021
PR0025283,001,01002,"Arsenic, total [as As]",0,C3,MAX,Concentration3,ug/L,0,mg/L,.18,ug/L,,06/30/2021
PR0025283,001,01002,"Arsenic, total [as As]",0,C3,MAX,Concentration3,ug/L,0,mg/L,.18,ug/L,,07/31/2021
PR0025283,001,01002,"Arsenic, total [as As]",0,C3,MAX,Concentration3,ug/L,0,mg/L,.18,ug/L,,08/31/2021
PR0025283,001,01002,"Arsenic, total [as As]",0,C3,MAX,Concentration3,ug/L,0,mg/L,.18,ug/L,,09/30/2021
PR0025283,001,01002,"Arsenic, total [as As]",0,C3,MAX,Concentration3,ug/L,0,mg/L,.18,ug/L,,10/31/2021
PR0025283,001,01002,"Arsenic, total [as As]",0,C3,MAX,Concentration3,ug/L,0,mg/L,.18,ug/L,,11/30/2021
PR0025283,001,01002,"Arsenic, total [as As]",0,C3,MAX,Concentration3,ug/L,0,mg/L,.18,ug/L,,12/31/2021
PR0025283,001,01002,"Arsenic, total [as As]",0,C3,MAX,Concentration3,ug/L,0,mg/L,.18,ug/L,,01/31/2022
PR0025283,001,01002,"Arsenic, total [as As]",0,C3,MAX,Concentration3,ug/L,0,mg/L,.18,ug/L,,02/28/2022
PR0025283,001,01002,"Arsenic, total [as As]",0,C3,MAX,Concentration3,ug/L,0,mg/L,.18,ug/L,,03/31/2022
PR0025283,001,01002,"Arsenic, total [as As]",0,C3,MAX,Concentration3,ug/L,0,mg/L,.18,ug/L,,04/30/2022
PR0025283,001,01002,"Arsenic, total [as As]",0,C3,MAX,Concentration3,ug/L,0,mg/L,.18,ug/L,,05/31/2022
PR0025283,001,01002,"Arsenic, total [as As]",0,C3,MAX,Concentration3,ug/L,0,mg/L,.18,ug/L,,06/30/2022
PR0025283,001,01002,"Arsenic, total [as As]",0,C3,MAX,Concentration3,ug/L,0,mg/L,.18,ug/L,,07/31/2022
PR0025283,001,01002,"Arsenic, total [as As]",0,C3,MAX,Concentration3,ug/L,0,mg/L,.18,ug/L,,08/31/2022
PR0025283,001,01002,"Arsenic, total [as As]",0,C3,MAX,Concentration3,ug/L,0,mg/L,.18,ug/L,,09/30/2022
PR0025283,001,01002,"Arsenic, total [as As]",0,C3,MAX,Concentration3,ug/L,0,mg/L,.18,ug/L,,10/31/2022
PR0025283,001,01002,"Arsenic, total [as As]",0,C3,MAX,Concentration3,ug/L,0,mg/L,.18,ug/L,,11/30/2022
PR0025283,001,01002,"Arsenic, total [as As]",0,C3,MAX,Concentration3,ug/L,0,mg/L,.18,ug/L,,12/31/2022
PR0025283,001,01002,"Arsenic, total [as As]",0,C3,MAX,Concentration3,ug/L,0,mg/L,.18,ug/L,,01/31/2023
PR0025283,001,01002,"Arsenic, total [as As]",NA,C3,MAX,Concentration3,,,mg/L,.18,ug/L,9,02/28/2023
PR0025283,001,01002,"Arsenic, total [as As]",NA,C3,MAX,Concentration3,,,mg/L,.18,ug/L,9,03/31/2023
PR0025283,001,01002,"Arsenic, total [as As]",NA,C3,MAX,Concentration3,,,mg/L,.18,ug/L,9,04/30/2023
PR0025283,001,01002,"Arsenic, total [as As]",NA,C3,MAX,Concentration3,,,mg/L,.18,ug/L,9,05/31/2023
PR0025283,001,01002,"Arsenic, total [as As]",NA,C3,MAX,Concentration3,,,mg/L,.18,ug/L,9,06/30/2023
PR0025283,001,01002,"Arsenic, total [as As]",0.58,C3,MAX,Concentration3,ug/L,.00058,mg/L,.18,ug/L,,07/31/2023
PR0025283,001,01002,"Arsenic, total [as As]",NA,C3,MAX,Concentration3,,,mg/L,.18,ug/L,9,08/31/2023
PR0025283,001,01002,"Arsenic, total [as As]",NA,C3,MAX,Concentration3,,,mg/L,.18,ug/L,9,09/30/2023
PR0025283,001,01002,"Arsenic, total [as As]",NA,C3,MAX,Concentration3,,,mg/L,.18,ug/L,9,10/31/2023
PR0025283,001,01002,"Arsenic, total [as As]",NA,C3,MAX,Concentration3,,,mg/L,.18,ug/L,9,11/30/2023
PR0025283,001,01002,"Arsenic, total [as As]",NA,C3,MAX,Concentration3,,,mg/L,.18,ug/L,9,12/31/2023
PR0025283,001,01002,"Arsenic, total [as As]",NA,C3,MAX,Concentration3,,,mg/L,.18,ug/L,9,01/31/2024
PR0025283,001,01002,"Arsenic, total [as As]",NA,C3,MAX,Concentration3,,,mg/L,.18,ug/L,9,02/29/2024
PR0025283,001,01002,"Arsenic, total [as As]",NA,C3,MAX,Concentration3,,,mg/L,.18,ug/L,9,03/31/2024
PR0025283,001,01002,"Arsenic, total [as As]",NA,C3,MAX,Concentration3,,,mg/L,.18,ug/L,9,04/30/2024
PR0025283,001,01002,"Arsenic, total [as As]",NA,C3,MAX,Concentration3,,,mg/L,.18,ug/L,9,05/31/2024
PR0025283,001,01002,"Arsenic, total [as As]",NA,C3,MAX,Concentration3,,,mg/L,.18,ug/L,9,06/30/2024
PR0025283,001,01002,"Arsenic, total [as As]",0.83,C3,MAX,Concentration3,ug/L,.00083,mg/L,.18,ug/L,,07/31/2024
PR0025283,001,01002,"Arsenic, total [as As]",NA,C3,MAX,Concentration3,,,mg/L,.18,ug/L,9,08/31/2024
PR0025283,001,01002,"Arsenic, total [as As]",NA,C3,MAX,Concentration3,,,mg/L,.18,ug/L,9,09/30/2024
PR0025283,001,01002,"Arsenic, total [as As]",NA,C3,MAX,Concentration3,,,mg/L,.18,ug/L,9,10/31/2024
PR0025283,001,01002,"Arsenic, total [as As]",0,C3,MAX,Concentration3,ug/L,0,mg/L,.18,ug/L,,11/30/2024
PR0025283,001,01002,"Arsenic, total [as As]",NA,C3,MAX,Concentration3,,,mg/L,.18,ug/L,9,12/31/2024
PR0025283,001,01002,"Arsenic, total [as As]",NA,C3,MAX,Concentration3,,,mg/L,.18,ug/L,9,01/31/2025
PR0025283,001,01002,"Arsenic, total [as As]",NA,C3,MAX,Concentration3,,,mg/L,.18,ug/L,9,02/28/2025
PR0025283,001,01002,"Arsenic, total [as As]",NA,C3,MAX,Concentration3,,,mg/L,.18,ug/L,9,03/31/2025
PR0025283,001,01002,"Arsenic, total [as As]",NA,C3,MAX,Concentration3,,,mg/L,.18,ug/L,9,04/30/2025
PR0025283,001,01002,"Arsenic, total [as As]",NA,C3,MAX,Concentration3,,,mg/L,.18,ug/L,9,05/31/2025
PR0025283,001,01002,"Arsenic, total [as As]",4.1,C3,MAX,Concentration3,ug/L,.0041,mg/L,.18,ug/L,,06/30/2025
PR0025283,001,01002,"Arsenic, total [as As]",4.1,C3,MAX,Concentration3,ug/L,.0041,mg/L,.18,ug/L,,07/31/2025
PR0025283,001,01002,"Arsenic, total [as As]",NA,C3,MAX,Concentration3,,,mg/L,.18,ug/L,9,08/31/2025
PR0025283,001,01002,"Arsenic, total [as As]",NA,C3,MAX,Concentration3,,,mg/L,.18,ug/L,9,09/30/2025
PR0025283,001,01002,"Arsenic, total [as As]",NA,C3,MAX,Concentration3,,,mg/L,.18,ug/L,9,10/31/2025
PR0025283,001,01002,"Arsenic, total [as As]",NA,C3,MAX,Concentration3,,,mg/L,.18,ug/L,9,11/30/2025
PR0025283,001,01002,"Arsenic, total [as As]",NA,C3,MAX,Concentration3,,,mg/L,.18,ug/L,9,12/31/2025
PR0025283,001,01002,"Arsenic, total [as As]",NA,C3,MAX,Concentration3,,,mg/L,.18,ug/L,9,01/31/2026
PR0025283,001,01042,"Copper, total [as Cu]",0,C3,MAX,Concentration3,ug/L,0,mg/L,7,ug/L,,01/31/2020
PR0025283,001,01042,"Copper, total [as Cu]",0,C3,MAX,Concentration3,ug/L,0,mg/L,7,ug/L,,02/29/2020
PR0025283,001,01042,"Copper, total [as Cu]",0,C3,MAX,Concentration3,ug/L,0,mg/L,7,ug/L,,03/31/2020
PR0025283,001,01042,"Copper, total [as Cu]",0,C3,MAX,Concentration3,ug/L,0,mg/L,7,ug/L,,04/30/2020
PR0025283,001,01042,"Copper, total [as Cu]",0,C3,MAX,Concentration3,ug/L,0,mg/L,7,ug/L,,05/31/2020
PR0025283,001,01042,"Copper, total [as Cu]",0,C3,MAX,Concentration3,ug/L,0,mg/L,7,ug/L,,06/30/2020
PR0025283,001,01042,"Copper, total [as Cu]",62.2,C3,MAX,Concentration3,ug/L,.0622,mg/L,7,ug/L,,07/31/2020
PR0025283,001,01042,"Copper, total [as Cu]",NA,C3,MAX,Concentration3,,,mg/L,7,ug/L,C,08/31/2020
PR0025283,001,01042,"Copper, total [as Cu]",0,C3,MAX,Concentration3,ug/L,0,mg/L,7,ug/L,,09/30/2020
PR0025283,001,01042,"Copper, total [as Cu]",0,C3,MAX,Concentration3,ug/L,0,mg/L,7,ug/L,,10/31/2020
PR0025283,001,01042,"Copper, total [as Cu]",0,C3,MAX,Concentration3,ug/L,0,mg/L,7,ug/L,,11/30/2020
PR0025283,001,01042,"Copper, total [as Cu]",0,C3,MAX,Concentration3,ug/L,0,mg/L,7,ug/L,,12/31/2020
PR0025283,001,01042,"Copper, total [as Cu]",0,C3,MAX,Concentration3,ug/L,0,mg/L,7,ug/L,,01/31/2021
PR0025283,001,01042,"Copper, total [as Cu]",0,C3,MAX,Concentration3,ug/L,0,mg/L,7,ug/L,,02/28/2021
PR0025283,001,01042,"Copper, total [as Cu]",0,C3,MAX,Concentration3,ug/L,0,mg/L,7,ug/L,,03/31/2021
PR0025283,001,01042,"Copper, total [as Cu]",0,C3,MAX,Concentration3,ug/L,0,mg/L,7,ug/L,,04/30/2021
PR0025283,001,01042,"Copper, total [as Cu]",0,C3,MAX,Concentration3,ug/L,0,mg/L,7,ug/L,,05/31/2021
PR0025283,001,01042,"Copper, total [as Cu]",0,C3,MAX,Concentration3,ug/L,0,mg/L,7,ug/L,,06/30/2021
PR0025283,001,01042,"Copper, total [as Cu]",44.5,C3,MAX,Concentration3,ug/L,.0445,mg/L,7,ug/L,,07/31/2021
PR0025283,001,01042,"Copper, total [as Cu]",0,C3,MAX,Concentration3,ug/L,0,mg/L,7,ug/L,,08/31/2021
PR0025283,001,01042,"Copper, total [as Cu]",0,C3,MAX,Concentration3,ug/L,0,mg/L,7,ug/L,,09/30/2021
PR0025283,001,01042,"Copper, total [as Cu]",NA,C3,MAX,Concentration3,,,mg/L,7,ug/L,9,10/31/2021
PR0025283,001,01042,"Copper, total [as Cu]",0,C3,MAX,Concentration3,ug/L,0,mg/L,7,ug/L,,11/30/2021
PR0025283,001,01042,"Copper, total [as Cu]",0,C3,MAX,Concentration3,ug/L,0,mg/L,7,ug/L,,12/31/2021
PR0025283,001,01042,"Copper, total [as Cu]",0,C3,MAX,Concentration3,ug/L,0,mg/L,7,ug/L,,01/31/2022
PR0025283,001,01042,"Copper, total [as Cu]",0,C3,MAX,Concentration3,ug/L,0,mg/L,7,ug/L,,02/28/2022
PR0025283,001,01042,"Copper, total [as Cu]",0,C3,MAX,Concentration3,ug/L,0,mg/L,7,ug/L,,03/31/2022
PR0025283,001,01042,"Copper, total [as Cu]",0,C3,MAX,Concentration3,ug/L,0,mg/L,7,ug/L,,04/30/2022
PR0025283,001,01042,"Copper, total [as Cu]",0,C3,MAX,Concentration3,ug/L,0,mg/L,7,ug/L,,05/31/2022
PR0025283,001,01042,"Copper, total [as Cu]",0,C3,MAX,Concentration3,ug/L,0,mg/L,7,ug/L,,06/30/2022
PR0025283,001,01042,"Copper, total [as Cu]",5,C3,MAX,Concentration3,ug/L,.005,mg/L,7,ug/L,,07/31/2022
PR0025283,001,01042,"Copper, total [as Cu]",0,C3,MAX,Concentration3,ug/L,0,mg/L,7,ug/L,,08/31/2022
PR0025283,001,01042,"Copper, total [as Cu]",0,C3,MAX,Concentration3,ug/L,0,mg/L,7,ug/L,,09/30/2022
PR0025283,001,01042,"Copper, total [as Cu]",0,C3,MAX,Concentration3,ug/L,0,mg/L,7,ug/L,,10/31/2022
PR0025283,001,01042,"Copper, total [as Cu]",0,C3,MAX,Concentration3,ug/L,0,mg/L,7,ug/L,,11/30/2022
PR0025283,001,01042,"Copper, total [as Cu]",0,C3,MAX,Concentration3,ug/L,0,mg/L,7,ug/L,,12/31/2022
PR0025283,001,01042,"Copper, total [as Cu]",0,C3,MAX,Concentration3,ug/L,0,mg/L,7,ug/L,,01/31/2023
PR0025283,001,01042,"Copper, total [as Cu]",NA,C3,MAX,Concentration3,,,mg/L,7,ug/L,9,02/28/2023
PR0025283,001,01042,"Copper, total [as Cu]",NA,C3,MAX,Concentration3,,,mg/L,7,ug/L,9,03/31/2023
PR0025283,001,01042,"Copper, total [as Cu]",NA,C3,MAX,Concentration3,,,mg/L,7,ug/L,9,04/30/2023
PR0025283,001,01042,"Copper, total [as Cu]",NA,C3,MAX,Concentration3,,,mg/L,7,ug/L,9,05/31/2023
PR0025283,001,01042,"Copper, total [as Cu]",NA,C3,MAX,Concentration3,,,mg/L,7,ug/L,9,06/30/2023
PR0025283,001,01042,"Copper, total [as Cu]",36.3,C3,MAX,Concentration3,ug/L,.0363,mg/L,7,ug/L,,07/31/2023
PR0025283,001,01042,"Copper, total [as Cu]",NA,C3,MAX,Concentration3,,,mg/L,7,ug/L,9,08/31/2023
PR0025283,001,01042,"Copper, total [as Cu]",NA,C3,MAX,Concentration3,,,mg/L,7,ug/L,9,09/30/2023
PR0025283,001,01042,"Copper, total [as Cu]",NA,C3,MAX,Concentration3,,,mg/L,7,ug/L,9,10/31/2023
PR0025283,001,01042,"Copper, total [as Cu]",NA,C3,MAX,Concentration3,,,mg/L,7,ug/L,9,11/30/2023
PR0025283,001,01042,"Copper, total [as Cu]",NA,C3,MAX,Concentration3,,,mg/L,7,ug/L,9,12/31/2023
PR0025283,001,01042,"Copper, total [as Cu]",NA,C3,MAX,Concentration3,,,mg/L,7,ug/L,9,01/31/2024
PR0025283,001,01042,"Copper, total [as Cu]",NA,C3,MAX,Concentration3,,,mg/L,7,ug/L,9,02/29/2024
PR0025283,001,01042,"Copper, total [as Cu]",NA,C3,MAX,Concentration3,,,mg/L,7,ug/L,9,03/31/2024
PR0025283,001,01042,"Copper, total [as Cu]",NA,C3,MAX,Concentration3,,,mg/L,7,ug/L,9,04/30/2024
PR0025283,001,01042,"Copper, total [as Cu]",NA,C3,MAX,Concentration3,,,mg/L,7,ug/L,9,05/31/2024
PR0025283,001,01042,"Copper, total [as Cu]",NA,C3,MAX,Concentration3,,,mg/L,7,ug/L,9,06/30/2024
PR0025283,001,01042,"Copper, total [as Cu]",28,C3,MAX,Concentration3,ug/L,.028,mg/L,7,ug/L,,07/31/2024
PR0025283,001,01042,"Copper, total [as Cu]",NA,C3,MAX,Concentration3,,,mg/L,7,ug/L,9,08/31/2024
PR0025283,001,01042,"Copper, total [as Cu]",NA,C3,MAX,Concentration3,,,mg/L,7,ug/L,9,09/30/2024
PR0025283,001,01042,"Copper, total [as Cu]",NA,C3,MAX,Concentration3,,,mg/L,7,ug/L,9,10/31/2024
PR0025283,001,01042,"Copper, total [as Cu]",0,C3,MAX,Concentration3,ug/L,0,mg/L,7,ug/L,,11/30/2024
PR0025283,001,01042,"Copper, total [as Cu]",NA,C3,MAX,Concentration3,,,mg/L,7,ug/L,9,12/31/2024
PR0025283,001,01042,"Copper, total [as Cu]",NA,C3,MAX,Concentration3,,,mg/L,7,ug/L,9,01/31/2025
PR0025283,001,01042,"Copper, total [as Cu]",NA,C3,MAX,Concentration3,,,mg/L,7,ug/L,9,02/28/2025
PR0025283,001,01042,"Copper, total [as Cu]",NA,C3,MAX,Concentration3,,,mg/L,7,ug/L,9,03/31/2025
PR0025283,001,01042,"Copper, total [as Cu]",NA,C3,MAX,Concentration3,,,mg/L,7,ug/L,9,04/30/2025
PR0025283,001,01042,"Copper, total [as Cu]",NA,C3,MAX,Concentration3,,,mg/L,7,ug/L,9,05/31/2025
PR0025283,001,01042,"Copper, total [as Cu]",37.7,C3,MAX,Concentration3,ug/L,.0377,mg/L,7,ug/L,,06/30/2025
PR0025283,001,01042,"Copper, total [as Cu]",37.7,C3,MAX,Concentration3,ug/L,.0377,mg/L,7,ug/L,,07/31/2025
PR0025283,001,01042,"Copper, total [as Cu]",NA,C3,MAX,Concentration3,,,mg/L,7,ug/L,9,08/31/2025
PR0025283,001,01042,"Copper, total [as Cu]",NA,C3,MAX,Concentration3,,,mg/L,7,ug/L,9,09/30/2025
PR0025283,001,01042,"Copper, total [as Cu]",NA,C3,MAX,Concentration3,,,mg/L,7,ug/L,9,10/31/2025
PR0025283,001,01042,"Copper, total [as Cu]",NA,C3,MAX,Concentration3,,,mg/L,7,ug/L,9,11/30/2025
PR0025283,001,01042,"Copper, total [as Cu]",NA,C3,MAX,Concentration3,,,mg/L,7,ug/L,9,12/31/2025
PR0025283,001,01042,"Copper, total [as Cu]",NA,C3,MAX,Concentration3,,,mg/L,7,ug/L,9,01/31/2026
PR0025283,001,01051,"Lead, total [as Pb]",0,C3,MAX,Concentration3,ug/L,0,mg/L,2.3,ug/L,,01/31/2020
PR0025283,001,01051,"Lead, total [as Pb]",0,C3,MAX,Concentration3,ug/L,0,mg/L,2.3,ug/L,,02/29/2020
PR0025283,001,01051,"Lead, total [as Pb]",0,C3,MAX,Concentration3,ug/L,0,mg/L,2.3,ug/L,,03/31/2020
PR0025283,001,01051,"Lead, total [as Pb]",0,C3,MAX,Concentration3,ug/L,0,mg/L,2.3,ug/L,,04/30/2020
PR0025283,001,01051,"Lead, total [as Pb]",0,C3,MAX,Concentration3,ug/L,0,mg/L,2.3,ug/L,,05/31/2020
PR0025283,001,01051,"Lead, total [as Pb]",0,C3,MAX,Concentration3,ug/L,0,mg/L,2.3,ug/L,,06/30/2020
PR0025283,001,01051,"Lead, total [as Pb]",NA,C3,MAX,Concentration3,,,mg/L,2.3,ug/L,,07/31/2020
PR0025283,001,01051,"Lead, total [as Pb]",NA,C3,MAX,Concentration3,,,mg/L,2.3,ug/L,C,08/31/2020
PR0025283,001,01051,"Lead, total [as Pb]",0,C3,MAX,Concentration3,ug/L,0,mg/L,2.3,ug/L,,09/30/2020
PR0025283,001,01051,"Lead, total [as Pb]",0,C3,MAX,Concentration3,ug/L,0,mg/L,2.3,ug/L,,10/31/2020
PR0025283,001,01051,"Lead, total [as Pb]",0,C3,MAX,Concentration3,ug/L,0,mg/L,2.3,ug/L,,11/30/2020
PR0025283,001,01051,"Lead, total [as Pb]",0,C3,MAX,Concentration3,ug/L,0,mg/L,2.3,ug/L,,12/31/2020
PR0025283,001,01051,"Lead, total [as Pb]",0,C3,MAX,Concentration3,ug/L,0,mg/L,2.3,ug/L,,01/31/2021
PR0025283,001,01051,"Lead, total [as Pb]",0,C3,MAX,Concentration3,ug/L,0,mg/L,2.3,ug/L,,02/28/2021
PR0025283,001,01051,"Lead, total [as Pb]",0,C3,MAX,Concentration3,ug/L,0,mg/L,2.3,ug/L,,03/31/2021
PR0025283,001,01051,"Lead, total [as Pb]",0,C3,MAX,Concentration3,ug/L,0,mg/L,2.3,ug/L,,04/30/2021
PR0025283,001,01051,"Lead, total [as Pb]",0,C3,MAX,Concentration3,ug/L,0,mg/L,2.3,ug/L,,05/31/2021
PR0025283,001,01051,"Lead, total [as Pb]",0,C3,MAX,Concentration3,ug/L,0,mg/L,2.3,ug/L,,06/30/2021
PR0025283,001,01051,"Lead, total [as Pb]",0,C3,MAX,Concentration3,ug/L,0,mg/L,2.3,ug/L,,07/31/2021
PR0025283,001,01051,"Lead, total [as Pb]",0,C3,MAX,Concentration3,ug/L,0,mg/L,2.3,ug/L,,08/31/2021
PR0025283,001,01051,"Lead, total [as Pb]",0,C3,MAX,Concentration3,ug/L,0,mg/L,2.3,ug/L,,09/30/2021
PR0025283,001,01051,"Lead, total [as Pb]",NA,C3,MAX,Concentration3,,,mg/L,2.3,ug/L,9,10/31/2021
PR0025283,001,01051,"Lead, total [as Pb]",0,C3,MAX,Concentration3,ug/L,0,mg/L,2.3,ug/L,,11/30/2021
PR0025283,001,01051,"Lead, total [as Pb]",0,C3,MAX,Concentration3,ug/L,0,mg/L,2.3,ug/L,,12/31/2021
PR0025283,001,01051,"Lead, total [as Pb]",0,C3,MAX,Concentration3,ug/L,0,mg/L,2.3,ug/L,,01/31/2022
PR0025283,001,01051,"Lead, total [as Pb]",0,C3,MAX,Concentration3,ug/L,0,mg/L,2.3,ug/L,,02/28/2022
PR0025283,001,01051,"Lead, total [as Pb]",0,C3,MAX,Concentration3,ug/L,0,mg/L,2.3,ug/L,,03/31/2022
PR0025283,001,01051,"Lead, total [as Pb]",0,C3,MAX,Concentration3,ug/L,0,mg/L,2.3,ug/L,,04/30/2022
PR0025283,001,01051,"Lead, total [as Pb]",0,C3,MAX,Concentration3,ug/L,0,mg/L,2.3,ug/L,,05/31/2022
PR0025283,001,01051,"Lead, total [as Pb]",0,C3,MAX,Concentration3,ug/L,0,mg/L,2.3,ug/L,,06/30/2022
PR0025283,001,01051,"Lead, total [as Pb]",2.3,C3,MAX,Concentration3,ug/L,.0023,mg/L,2.3,ug/L,,07/31/2022
PR0025283,001,01051,"Lead, total [as Pb]",0,C3,MAX,Concentration3,ug/L,0,mg/L,2.3,ug/L,,08/31/2022
PR0025283,001,01051,"Lead, total [as Pb]",0,C3,MAX,Concentration3,ug/L,0,mg/L,2.3,ug/L,,09/30/2022
PR0025283,001,01051,"Lead, total [as Pb]",0,C3,MAX,Concentration3,ug/L,0,mg/L,2.3,ug/L,,10/31/2022
PR0025283,001,01051,"Lead, total [as Pb]",0,C3,MAX,Concentration3,ug/L,0,mg/L,2.3,ug/L,,11/30/2022
PR0025283,001,01051,"Lead, total [as Pb]",0,C3,MAX,Concentration3,ug/L,0,mg/L,2.3,ug/L,,12/31/2022
PR0025283,001,01051,"Lead, total [as Pb]",0,C3,MAX,Concentration3,ug/L,0,mg/L,2.3,ug/L,,01/31/2023
PR0025283,001,01051,"Lead, total [as Pb]",NA,C3,MAX,Concentration3,,,mg/L,2.3,ug/L,9,02/28/2023
PR0025283,001,01051,"Lead, total [as Pb]",NA,C3,MAX,Concentration3,,,mg/L,2.3,ug/L,9,03/31/2023
PR0025283,001,01051,"Lead, total [as Pb]",NA,C3,MAX,Concentration3,,,mg/L,2.3,ug/L,9,04/30/2023
PR0025283,001,01051,"Lead, total [as Pb]",NA,C3,MAX,Concentration3,,,mg/L,2.3,ug/L,9,05/31/2023
PR0025283,001,01051,"Lead, total [as Pb]",NA,C3,MAX,Concentration3,,,mg/L,2.3,ug/L,9,06/30/2023
PR0025283,001,01051,"Lead, total [as Pb]",3.5,C3,MAX,Concentration3,ug/L,.0035,mg/L,2.3,ug/L,,07/31/2023
PR0025283,001,01051,"Lead, total [as Pb]",NA,C3,MAX,Concentration3,,,mg/L,2.3,ug/L,9,08/31/2023
PR0025283,001,01051,"Lead, total [as Pb]",NA,C3,MAX,Concentration3,,,mg/L,2.3,ug/L,9,09/30/2023
PR0025283,001,01051,"Lead, total [as Pb]",NA,C3,MAX,Concentration3,,,mg/L,2.3,ug/L,9,10/31/2023
PR0025283,001,01051,"Lead, total [as Pb]",NA,C3,MAX,Concentration3,,,mg/L,2.3,ug/L,9,11/30/2023
PR0025283,001,01051,"Lead, total [as Pb]",NA,C3,MAX,Concentration3,,,mg/L,2.3,ug/L,9,12/31/2023
PR0025283,001,01051,"Lead, total [as Pb]",NA,C3,MAX,Concentration3,,,mg/L,2.3,ug/L,9,01/31/2024
PR0025283,001,01051,"Lead, total [as Pb]",NA,C3,MAX,Concentration3,,,mg/L,2.3,ug/L,9,02/29/2024
PR0025283,001,01051,"Lead, total [as Pb]",NA,C3,MAX,Concentration3,,,mg/L,2.3,ug/L,9,03/31/2024
PR0025283,001,01051,"Lead, total [as Pb]",NA,C3,MAX,Concentration3,,,mg/L,2.3,ug/L,9,04/30/2024
PR0025283,001,01051,"Lead, total [as Pb]",NA,C3,MAX,Concentration3,,,mg/L,2.3,ug/L,9,05/31/2024
PR0025283,001,01051,"Lead, total [as Pb]",NA,C3,MAX,Concentration3,,,mg/L,2.3,ug/L,9,06/30/2024
PR0025283,001,01051,"Lead, total [as Pb]",1.6,C3,MAX,Concentration3,ug/L,.0016,mg/L,2.3,ug/L,,07/31/2024
PR0025283,001,01051,"Lead, total [as Pb]",NA,C3,MAX,Concentration3,,,mg/L,2.3,ug/L,9,08/31/2024
PR0025283,001,01051,"Lead, total [as Pb]",NA,C3,MAX,Concentration3,,,mg/L,2.3,ug/L,9,09/30/2024
PR0025283,001,01051,"Lead, total [as Pb]",NA,C3,MAX,Concentration3,,,mg/L,2.3,ug/L,9,10/31/2024
PR0025283,001,01051,"Lead, total [as Pb]",0,C3,MAX,Concentration3,ug/L,0,mg/L,2.3,ug/L,,11/30/2024
PR0025283,001,01051,"Lead, total [as Pb]",NA,C3,MAX,Concentration3,,,mg/L,2.3,ug/L,9,12/31/2024
PR0025283,001,01051,"Lead, total [as Pb]",NA,C3,MAX,Concentration3,,,mg/L,2.3,ug/L,9,01/31/2025
PR0025283,001,01051,"Lead, total [as Pb]",NA,C3,MAX,Concentration3,,,mg/L,2.3,ug/L,9,02/28/2025
PR0025283,001,01051,"Lead, total [as Pb]",NA,C3,MAX,Concentration3,,,mg/L,2.3,ug/L,9,03/31/2025
PR0025283,001,01051,"Lead, total [as Pb]",NA,C3,MAX,Concentration3,,,mg/L,2.3,ug/L,9,04/30/2025
PR0025283,001,01051,"Lead, total [as Pb]",NA,C3,MAX,Concentration3,,,mg/L,2.3,ug/L,9,05/31/2025
PR0025283,001,01051,"Lead, total [as Pb]",7.4,C3,MAX,Concentration3,ug/L,.0074,mg/L,2.3,ug/L,,06/30/2025
PR0025283,001,01051,"Lead, total [as Pb]",7.4,C3,MAX,Concentration3,ug/L,.0074,mg/L,2.3,ug/L,,07/31/2025
PR0025283,001,01051,"Lead, total [as Pb]",NA,C3,MAX,Concentration3,,,mg/L,2.3,ug/L,9,08/31/2025
PR0025283,001,01051,"Lead, total [as Pb]",NA,C3,MAX,Concentration3,,,mg/L,2.3,ug/L,9,09/30/2025
PR0025283,001,01051,"Lead, total [as Pb]",NA,C3,MAX,Concentration3,,,mg/L,2.3,ug/L,9,10/31/2025
PR0025283,001,01051,"Lead, total [as Pb]",NA,C3,MAX,Concentration3,,,mg/L,2.3,ug/L,9,11/30/2025
PR0025283,001,01051,"Lead, total [as Pb]",NA,C3,MAX,Concentration3,,,mg/L,2.3,ug/L,9,12/31/2025
PR0025283,001,01051,"Lead, total [as Pb]",NA,C3,MAX,Concentration3,,,mg/L,2.3,ug/L,9,01/31/2026
PR0025283,001,30500,"Coliform, fecal - % samples exceeding limit",20,C2,MAX,Concentration2,%,20,%,20,%,,01/31/2020
PR0025283,001,30500,"Coliform, fecal - % samples exceeding limit",0,C2,MAX,Concentration2,%,0,%,20,%,,02/29/2020
PR0025283,001,30500,"Coliform, fecal - % samples exceeding limit",20,C2,MAX,Concentration2,%,20,%,20,%,,03/31/2020
PR0025283,001,30500,"Coliform, fecal - % samples exceeding limit",0,C2,MAX,Concentration2,%,0,%,20,%,,04/30/2020
PR0025283,001,30500,"Coliform, fecal - % samples exceeding limit",0,C2,MAX,Concentration2,%,0,%,20,%,,05/31/2020
PR0025283,001,30500,"Coliform, fecal - % samples exceeding limit",0,C2,MAX,Concentration2,%,0,%,20,%,,06/30/2020
PR0025283,001,30500,"Coliform, fecal - % samples exceeding limit",0,C2,MAX,Concentration2,%,0,%,20,%,,07/31/2020
PR0025283,001,30500,"Coliform, fecal - % samples exceeding limit",NA,C2,MAX,Concentration2,,,%,20,%,C,08/31/2020
PR0025283,001,30500,"Coliform, fecal - % samples exceeding limit",20,C2,MAX,Concentration2,%,20,%,20,%,,09/30/2020
PR0025283,001,30500,"Coliform, fecal - % samples exceeding limit",20,C2,MAX,Concentration2,%,20,%,20,%,,10/31/2020
PR0025283,001,30500,"Coliform, fecal - % samples exceeding limit",20,C2,MAX,Concentration2,%,20,%,20,%,,11/30/2020
PR0025283,001,30500,"Coliform, fecal - % samples exceeding limit",20,C2,MAX,Concentration2,%,20,%,20,%,,12/31/2020
PR0025283,001,30500,"Coliform, fecal - % samples exceeding limit",0,C2,MAX,Concentration2,%,0,%,20,%,,01/31/2021
PR0025283,001,30500,"Coliform, fecal - % samples exceeding limit",20,C2,MAX,Concentration2,%,20,%,20,%,,02/28/2021
PR0025283,001,30500,"Coliform, fecal - % samples exceeding limit",20,C2,MAX,Concentration2,%,20,%,20,%,,03/31/2021
PR0025283,001,30500,"Coliform, fecal - % samples exceeding limit",20,C2,MAX,Concentration2,%,20,%,20,%,,04/30/2021
PR0025283,001,30500,"Coliform, fecal - % samples exceeding limit",20,C2,MAX,Concentration2,%,20,%,20,%,,05/31/2021
PR0025283,001,30500,"Coliform, fecal - % samples exceeding limit",2,C2,MAX,Concentration2,%,2,%,20,%,,06/30/2021
PR0025283,001,30500,"Coliform, fecal - % samples exceeding limit",20,C2,MAX,Concentration2,%,20,%,20,%,,07/31/2021
PR0025283,001,30500,"Coliform, fecal - % samples exceeding limit",20,C2,MAX,Concentration2,%,20,%,20,%,,08/31/2021
PR0025283,001,30500,"Coliform, fecal - % samples exceeding limit",20,C2,MAX,Concentration2,%,20,%,20,%,,09/30/2021
PR0025283,001,30500,"Coliform, fecal - % samples exceeding limit",20,C2,MAX,Concentration2,%,20,%,20,%,,10/31/2021
PR0025283,001,30500,"Coliform, fecal - % samples exceeding limit",20,C2,MAX,Concentration2,%,20,%,20,%,,11/30/2021
PR0025283,001,30500,"Coliform, fecal - % samples exceeding limit",20,C2,MAX,Concentration2,%,20,%,20,%,,12/31/2021
PR0025283,001,30500,"Coliform, fecal - % samples exceeding limit",20,C2,MAX,Concentration2,%,20,%,20,%,,01/31/2022
PR0025283,001,30500,"Coliform, fecal - % samples exceeding limit",20,C2,MAX,Concentration2,%,20,%,20,%,,02/28/2022
PR0025283,001,30500,"Coliform, fecal - % samples exceeding limit",20,C2,MAX,Concentration2,%,20,%,20,%,,03/31/2022
PR0025283,001,30500,"Coliform, fecal - % samples exceeding limit",20,C2,MAX,Concentration2,%,20,%,20,%,,04/30/2022
PR0025283,001,30500,"Coliform, fecal - % samples exceeding limit",20,C2,MAX,Concentration2,%,20,%,20,%,,05/31/2022
PR0025283,001,30500,"Coliform, fecal - % samples exceeding limit",20,C2,MAX,Concentration2,%,20,%,20,%,,06/30/2022
PR0025283,001,30500,"Coliform, fecal - % samples exceeding limit",20,C2,MAX,Concentration2,%,20,%,20,%,,07/31/2022
PR0025283,001,30500,"Coliform, fecal - % samples exceeding limit",20,C2,MAX,Concentration2,%,20,%,20,%,,08/31/2022
PR0025283,001,30500,"Coliform, fecal - % samples exceeding limit",20,C2,MAX,Concentration2,%,20,%,20,%,,09/30/2022
PR0025283,001,30500,"Coliform, fecal - % samples exceeding limit",20,C2,MAX,Concentration2,%,20,%,20,%,,10/31/2022
PR0025283,001,30500,"Coliform, fecal - % samples exceeding limit",20,C2,MAX,Concentration2,%,20,%,20,%,,11/30/2022
PR0025283,001,30500,"Coliform, fecal - % samples exceeding limit",20,C2,MAX,Concentration2,%,20,%,20,%,,12/31/2022
PR0025283,001,30500,"Coliform, fecal - % samples exceeding limit",20,C2,MAX,Concentration2,%,20,%,20,%,,01/31/2023
PR0025283,001,30500,"Coliform, fecal - % samples exceeding limit",20,C2,MAX,Concentration2,%,20,%,20,%,,02/28/2023
PR0025283,001,30500,"Coliform, fecal - % samples exceeding limit",20,C2,MAX,Concentration2,%,20,%,20,%,,03/31/2023
PR0025283,001,30500,"Coliform, fecal - % samples exceeding limit",20,C2,MAX,Concentration2,%,20,%,20,%,,04/30/2023
PR0025283,001,30500,"Coliform, fecal - % samples exceeding limit",20,C2,MAX,Concentration2,%,20,%,20,%,,05/31/2023
PR0025283,001,30500,"Coliform, fecal - % samples exceeding limit",20,C2,MAX,Concentration2,%,20,%,20,%,,06/30/2023
PR0025283,001,30500,"Coliform, fecal - % samples exceeding limit",20,C2,MAX,Concentration2,%,20,%,20,%,,07/31/2023
PR0025283,001,30500,"Coliform, fecal - % samples exceeding limit",20,C2,MAX,Concentration2,%,20,%,20,%,,08/31/2023
PR0025283,001,30500,"Coliform, fecal - % samples exceeding limit",20,C2,MAX,Concentration2,%,20,%,20,%,,09/30/2023
PR0025283,001,30500,"Coliform, fecal - % samples exceeding limit",20,C2,MAX,Concentration2,%,20,%,20,%,,10/31/2023
PR0025283,001,30500,"Coliform, fecal - % samples exceeding limit",20,C2,MAX,Concentration2,%,20,%,20,%,,11/30/2023
PR0025283,001,30500,"Coliform, fecal - % samples exceeding limit",20,C2,MAX,Concentration2,%,20,%,20,%,,12/31/2023
PR0025283,001,30500,"Coliform, fecal - % samples exceeding limit",20,C2,MAX,Concentration2,%,20,%,20,%,,01/31/2024
PR0025283,001,30500,"Coliform, fecal - % samples exceeding limit",20,C2,MAX,Concentration2,%,20,%,20,%,,02/29/2024
PR0025283,001,30500,"Coliform, fecal - % samples exceeding limit",2,C2,MAX,Concentration2,%,2,%,20,%,,03/31/2024
PR0025283,001,30500,"Coliform, fecal - % samples exceeding limit",20,C2,MAX,Concentration2,%,20,%,20,%,,04/30/2024
PR0025283,001,30500,"Coliform, fecal - % samples exceeding limit",20,C2,MAX,Concentration2,%,20,%,20,%,,05/31/2024
PR0025283,001,30500,"Coliform, fecal - % samples exceeding limit",20,C2,MAX,Concentration2,%,20,%,20,%,,06/30/2024
PR0025283,001,30500,"Coliform, fecal - % samples exceeding limit",20,C2,MAX,Concentration2,%,20,%,20,%,,07/31/2024
PR0025283,001,30500,"Coliform, fecal - % samples exceeding limit",2,C2,MAX,Concentration2,%,2,%,20,%,,08/31/2024
PR0025283,001,30500,"Coliform, fecal - % samples exceeding limit",20,C2,MAX,Concentration2,%,20,%,20,%,,09/30/2024
PR0025283,001,30500,"Coliform, fecal - % samples exceeding limit",20,C2,MAX,Concentration2,%,20,%,20,%,,10/31/2024
PR0025283,001,30500,"Coliform, fecal - % samples exceeding limit",20,C2,MAX,Concentration2,%,20,%,20,%,,11/30/2024
PR0025283,001,30500,"Coliform, fecal - % samples exceeding limit",20,C2,MAX,Concentration2,%,20,%,20,%,,12/31/2024
PR0025283,001,30500,"Coliform, fecal - % samples exceeding limit",20,C2,MAX,Concentration2,%,20,%,20,%,,01/31/2025
PR0025283,001,30500,"Coliform, fecal - % samples exceeding limit",20,C2,MAX,Concentration2,%,20,%,20,%,,02/28/2025
PR0025283,001,30500,"Coliform, fecal - % samples exceeding limit",20,C2,MAX,Concentration2,%,20,%,20,%,,03/31/2025
PR0025283,001,30500,"Coliform, fecal - % samples exceeding limit",20,C2,MAX,Concentration2,%,20,%,20,%,,04/30/2025
PR0025283,001,30500,"Coliform, fecal - % samples exceeding limit",20,C2,MAX,Concentration2,%,20,%,20,%,,05/31/2025
PR0025283,001,30500,"Coliform, fecal - % samples exceeding limit",20,C2,MAX,Concentration2,%,20,%,20,%,,06/30/2025
PR0025283,001,30500,"Coliform, fecal - % samples exceeding limit",20,C2,MAX,Concentration2,%,20,%,20,%,,07/31/2025
PR0025283,001,30500,"Coliform, fecal - % samples exceeding limit",20,C2,MAX,Concentration2,%,20,%,20,%,,08/31/2025
PR0025283,001,30500,"Coliform, fecal - % samples exceeding limit",20,C2,MAX,Concentration2,%,20,%,20,%,,09/30/2025
PR0025283,001,30500,"Coliform, fecal - % samples exceeding limit",20,C2,MAX,Concentration2,%,20,%,20,%,,10/31/2025
PR0025283,001,30500,"Coliform, fecal - % samples exceeding limit",20,C2,MAX,Concentration2,%,20,%,20,%,,11/30/2025
PR0025283,001,30500,"Coliform, fecal - % samples exceeding limit",20,C2,MAX,Concentration2,%,20,%,20,%,,12/31/2025
PR0025283,001,30500,"Coliform, fecal - % samples exceeding limit",20,C2,MAX,Concentration2,%,20,%,20,%,,01/31/2026
PR0025283,001,38260,Surfactants [MBAS],16,C3,MAX,Concentration3,ug/L,.016,mg/L,100,ug/L,,01/31/2020
PR0025283,001,38260,Surfactants [MBAS],0,C3,MAX,Concentration3,ug/L,0,mg/L,100,ug/L,,02/29/2020
PR0025283,001,38260,Surfactants [MBAS],0,C3,MAX,Concentration3,ug/L,0,mg/L,100,ug/L,,03/31/2020
PR0025283,001,38260,Surfactants [MBAS],53,C3,MAX,Concentration3,ug/L,.053,mg/L,100,ug/L,,04/30/2020
PR0025283,001,38260,Surfactants [MBAS],0,C3,MAX,Concentration3,ug/L,0,mg/L,100,ug/L,,05/31/2020
PR0025283,001,38260,Surfactants [MBAS],0,C3,MAX,Concentration3,ug/L,0,mg/L,100,ug/L,,06/30/2020
PR0025283,001,38260,Surfactants [MBAS],226,C3,MAX,Concentration3,ug/L,.22600001,mg/L,100,ug/L,,07/31/2020
PR0025283,001,38260,Surfactants [MBAS],NA,C3,MAX,Concentration3,,,mg/L,100,ug/L,C,08/31/2020
PR0025283,001,38260,Surfactants [MBAS],0,C3,MAX,Concentration3,ug/L,0,mg/L,100,ug/L,,09/30/2020
PR0025283,001,38260,Surfactants [MBAS],15,C3,MAX,Concentration3,ug/L,.015,mg/L,100,ug/L,,10/31/2020
PR0025283,001,38260,Surfactants [MBAS],0,C3,MAX,Concentration3,ug/L,0,mg/L,100,ug/L,,11/30/2020
PR0025283,001,38260,Surfactants [MBAS],0,C3,MAX,Concentration3,ug/L,0,mg/L,100,ug/L,,12/31/2020
PR0025283,001,38260,Surfactants [MBAS],41,C3,MAX,Concentration3,ug/L,.041,mg/L,100,ug/L,,01/31/2021
PR0025283,001,38260,Surfactants [MBAS],0,C3,MAX,Concentration3,ug/L,0,mg/L,100,ug/L,,02/28/2021
PR0025283,001,38260,Surfactants [MBAS],0,C3,MAX,Concentration3,ug/L,0,mg/L,100,ug/L,,03/31/2021
PR0025283,001,38260,Surfactants [MBAS],84,C3,MAX,Concentration3,ug/L,.084,mg/L,100,ug/L,,04/30/2021
PR0025283,001,38260,Surfactants [MBAS],0,C3,MAX,Concentration3,ug/L,0,mg/L,100,ug/L,,05/31/2021
PR0025283,001,38260,Surfactants [MBAS],0,C3,MAX,Concentration3,ug/L,0,mg/L,100,ug/L,,06/30/2021
PR0025283,001,38260,Surfactants [MBAS],298,C3,MAX,Concentration3,ug/L,.29800001,mg/L,100,ug/L,,07/31/2021
PR0025283,001,38260,Surfactants [MBAS],0,C3,MAX,Concentration3,ug/L,0,mg/L,100,ug/L,,08/31/2021
PR0025283,001,38260,Surfactants [MBAS],0,C3,MAX,Concentration3,ug/L,0,mg/L,100,ug/L,,09/30/2021
PR0025283,001,38260,Surfactants [MBAS],63,C3,MAX,Concentration3,ug/L,.063,mg/L,100,ug/L,,10/31/2021
PR0025283,001,38260,Surfactants [MBAS],0,C3,MAX,Concentration3,ug/L,0,mg/L,100,ug/L,,11/30/2021
PR0025283,001,38260,Surfactants [MBAS],0,C3,MAX,Concentration3,ug/L,0,mg/L,100,ug/L,,12/31/2021
PR0025283,001,38260,Surfactants [MBAS],15,C3,MAX,Concentration3,ug/L,.015,mg/L,100,ug/L,,01/31/2022
PR0025283,001,38260,Surfactants [MBAS],0,C3,MAX,Concentration3,ug/L,0,mg/L,100,ug/L,,02/28/2022
PR0025283,001,38260,Surfactants [MBAS],0,C3,MAX,Concentration3,ug/L,0,mg/L,100,ug/L,,03/31/2022
PR0025283,001,38260,Surfactants [MBAS],15,C3,MAX,Concentration3,ug/L,.015,mg/L,100,ug/L,,04/30/2022
PR0025283,001,38260,Surfactants [MBAS],0,C3,MAX,Concentration3,ug/L,0,mg/L,100,ug/L,,05/31/2022
PR0025283,001,38260,Surfactants [MBAS],0,C3,MAX,Concentration3,ug/L,0,mg/L,100,ug/L,,06/30/2022
PR0025283,001,38260,Surfactants [MBAS],30,C3,MAX,Concentration3,ug/L,.03,mg/L,100,ug/L,,07/31/2022
PR0025283,001,38260,Surfactants [MBAS],0,C3,MAX,Concentration3,ug/L,0,mg/L,100,ug/L,,08/31/2022
PR0025283,001,38260,Surfactants [MBAS],0,C3,MAX,Concentration3,ug/L,0,mg/L,100,ug/L,,09/30/2022
PR0025283,001,38260,Surfactants [MBAS],0,C3,MAX,Concentration3,ug/L,0,mg/L,100,ug/L,,10/31/2022
PR0025283,001,38260,Surfactants [MBAS],0,C3,MAX,Concentration3,ug/L,0,mg/L,100,ug/L,,11/30/2022
PR0025283,001,38260,Surfactants [MBAS],0,C3,MAX,Concentration3,ug/L,0,mg/L,100,ug/L,,12/31/2022
PR0025283,001,38260,Surfactants [MBAS],0,C3,MAX,Concentration3,ug/L,0,mg/L,100,ug/L,,01/31/2023
PR0025283,001,38260,Surfactants [MBAS],NA,C3,MAX,Concentration3,,,mg/L,100,ug/L,9,02/28/2023
PR0025283,001,38260,Surfactants [MBAS],NA,C3,MAX,Concentration3,,,mg/L,100,ug/L,9,03/31/2023
PR0025283,001,38260,Surfactants [MBAS],21,C3,MAX,Concentration3,ug/L,.021,mg/L,100,ug/L,,04/30/2023
PR0025283,001,38260,Surfactants [MBAS],NA,C3,MAX,Concentration3,,,mg/L,100,ug/L,9,05/31/2023
PR0025283,001,38260,Surfactants [MBAS],NA,C3,MAX,Concentration3,,,mg/L,100,ug/L,9,06/30/2023
PR0025283,001,38260,Surfactants [MBAS],333,C3,MAX,Concentration3,ug/L,.33300002,mg/L,100,ug/L,,07/31/2023
PR0025283,001,38260,Surfactants [MBAS],NA,C3,MAX,Concentration3,,,mg/L,100,ug/L,9,08/31/2023
PR0025283,001,38260,Surfactants [MBAS],NA,C3,MAX,Concentration3,,,mg/L,100,ug/L,9,09/30/2023
PR0025283,001,38260,Surfactants [MBAS],198,C3,MAX,Concentration3,ug/L,.19800001,mg/L,100,ug/L,,10/31/2023
PR0025283,001,38260,Surfactants [MBAS],NA,C3,MAX,Concentration3,,,mg/L,100,ug/L,9,11/30/2023
PR0025283,001,38260,Surfactants [MBAS],NA,C3,MAX,Concentration3,,,mg/L,100,ug/L,9,12/31/2023
PR0025283,001,38260,Surfactants [MBAS],98,C3,MAX,Concentration3,ug/L,.098,mg/L,100,ug/L,,01/31/2024
PR0025283,001,38260,Surfactants [MBAS],NA,C3,MAX,Concentration3,,,mg/L,100,ug/L,9,02/29/2024
PR0025283,001,38260,Surfactants [MBAS],NA,C3,MAX,Concentration3,,,mg/L,100,ug/L,9,03/31/2024
PR0025283,001,38260,Surfactants [MBAS],51,C3,MAX,Concentration3,ug/L,.051,mg/L,100,ug/L,,04/30/2024
PR0025283,001,38260,Surfactants [MBAS],NA,C3,MAX,Concentration3,,,mg/L,100,ug/L,9,05/31/2024
PR0025283,001,38260,Surfactants [MBAS],NA,C3,MAX,Concentration3,,,mg/L,100,ug/L,9,06/30/2024
PR0025283,001,38260,Surfactants [MBAS],137,C3,MAX,Concentration3,ug/L,.13700001,mg/L,100,ug/L,,07/31/2024
PR0025283,001,38260,Surfactants [MBAS],NA,C3,MAX,Concentration3,,,mg/L,100,ug/L,9,08/31/2024
PR0025283,001,38260,Surfactants [MBAS],NA,C3,MAX,Concentration3,,,mg/L,100,ug/L,9,09/30/2024
PR0025283,001,38260,Surfactants [MBAS],215,C3,MAX,Concentration3,ug/L,.21500001,mg/L,100,ug/L,,10/31/2024
PR0025283,001,38260,Surfactants [MBAS],0,C3,MAX,Concentration3,ug/L,0,mg/L,100,ug/L,,11/30/2024
PR0025283,001,38260,Surfactants [MBAS],NA,C3,MAX,Concentration3,,,mg/L,100,ug/L,9,12/31/2024
PR0025283,001,38260,Surfactants [MBAS],220,C3,MAX,Concentration3,ug/L,.22000001,mg/L,100,ug/L,,01/31/2025
PR0025283,001,38260,Surfactants [MBAS],NA,C3,MAX,Concentration3,,,mg/L,100,ug/L,9,02/28/2025
PR0025283,001,38260,Surfactants [MBAS],NA,C3,MAX,Concentration3,,,mg/L,100,ug/L,9,03/31/2025
PR0025283,001,38260,Surfactants [MBAS],694,C3,MAX,Concentration3,ug/L,.69400003,mg/L,100,ug/L,,04/30/2025
PR0025283,001,38260,Surfactants [MBAS],NA,C3,MAX,Concentration3,,,mg/L,100,ug/L,9,05/31/2025
PR0025283,001,38260,Surfactants [MBAS],466,C3,MAX,Concentration3,ug/L,.46600002,mg/L,100,ug/L,,06/30/2025
PR0025283,001,38260,Surfactants [MBAS],466,C3,MAX,Concentration3,ug/L,.46600002,mg/L,100,ug/L,,07/31/2025
PR0025283,001,38260,Surfactants [MBAS],NA,C3,MAX,Concentration3,,,mg/L,100,ug/L,9,08/31/2025
PR0025283,001,38260,Surfactants [MBAS],NA,C3,MAX,Concentration3,,,mg/L,100,ug/L,9,09/30/2025
PR0025283,001,38260,Surfactants [MBAS],NA,C3,MAX,Concentration3,,,mg/L,100,ug/L,9,10/31/2025
PR0025283,001,38260,Surfactants [MBAS],NA,C3,MAX,Concentration3,,,mg/L,100,ug/L,9,11/30/2025
PR0025283,001,38260,Surfactants [MBAS],NA,C3,MAX,Concentration3,,,mg/L,100,ug/L,9,12/31/2025
PR0025283,001,38260,Surfactants [MBAS],414,C3,MAX,Concentration3,ug/L,.41400002,mg/L,100,ug/L,,01/31/2026
PR0025283,001,50050,"Flow, in conduit or thru treatment plant",0.0064,Q2,MAX,Quantity2,MGD,.0064,MGD,.0085,MGD,,01/31/2020
PR0025283,001,50050,"Flow, in conduit or thru treatment plant",0.0079,Q2,MAX,Quantity2,MGD,.0079,MGD,.0085,MGD,,02/29/2020
PR0025283,001,50050,"Flow, in conduit or thru treatment plant",0.0078,Q2,MAX,Quantity2,MGD,.0078,MGD,.0085,MGD,,03/31/2020
PR0025283,001,50050,"Flow, in conduit or thru treatment plant",0.0056,Q2,MAX,Quantity2,MGD,.0056,MGD,.0085,MGD,,04/30/2020
PR0025283,001,50050,"Flow, in conduit or thru treatment plant",0.0064,Q2,MAX,Quantity2,MGD,.0064,MGD,.0085,MGD,,05/31/2020
PR0025283,001,50050,"Flow, in conduit or thru treatment plant",0.0064,Q2,MAX,Quantity2,MGD,.0064,MGD,.0085,MGD,,06/30/2020
PR0025283,001,50050,"Flow, in conduit or thru treatment plant",0.0078,Q2,MAX,Quantity2,MGD,.0078,MGD,.0085,MGD,,07/31/2020
PR0025283,001,50050,"Flow, in conduit or thru treatment plant",0.0074,Q2,MAX,Quantity2,MGD,.0074,MGD,.0085,MGD,,08/31/2020
PR0025283,001,50050,"Flow, in conduit or thru treatment plant",0.0072,Q2,MAX,Quantity2,MGD,.0072,MGD,.0085,MGD,,09/30/2020
PR0025283,001,50050,"Flow, in conduit or thru treatment plant",0.0067,Q2,MAX,Quantity2,MGD,.0067,MGD,.0085,MGD,,10/31/2020
PR0025283,001,50050,"Flow, in conduit or thru treatment plant",0.0047,Q2,MAX,Quantity2,MGD,.0047,MGD,.0085,MGD,,11/30/2020
PR0025283,001,50050,"Flow, in conduit or thru treatment plant",0.0039,Q2,MAX,Quantity2,MGD,.0039,MGD,.0085,MGD,,12/31/2020
PR0025283,001,50050,"Flow, in conduit or thru treatment plant",0.0053,Q2,MAX,Quantity2,MGD,.0053,MGD,.0085,MGD,,01/31/2021
PR0025283,001,50050,"Flow, in conduit or thru treatment plant",0.0058,Q2,MAX,Quantity2,MGD,.0058,MGD,.0085,MGD,,02/28/2021
PR0025283,001,50050,"Flow, in conduit or thru treatment plant",0.0068,Q2,MAX,Quantity2,MGD,.0068,MGD,.0085,MGD,,03/31/2021
PR0025283,001,50050,"Flow, in conduit or thru treatment plant",0.0073,Q2,MAX,Quantity2,MGD,.0073,MGD,.0085,MGD,,04/30/2021
PR0025283,001,50050,"Flow, in conduit or thru treatment plant",0.0058,Q2,MAX,Quantity2,MGD,.0058,MGD,.0085,MGD,,05/31/2021
PR0025283,001,50050,"Flow, in conduit or thru treatment plant",0.0052,Q2,MAX,Quantity2,MGD,.0052,MGD,.0085,MGD,,06/30/2021
PR0025283,001,50050,"Flow, in conduit or thru treatment plant",0.00847,Q2,MAX,Quantity2,MGD,.00847,MGD,.0085,MGD,,07/31/2021
PR0025283,001,50050,"Flow, in conduit or thru treatment plant",0.0067,Q2,MAX,Quantity2,MGD,.0067,MGD,.0085,MGD,,08/31/2021
PR0025283,001,50050,"Flow, in conduit or thru treatment plant",0.0067,Q2,MAX,Quantity2,MGD,.0067,MGD,.0085,MGD,,09/30/2021
PR0025283,001,50050,"Flow, in conduit or thru treatment plant",0.0055,Q2,MAX,Quantity2,MGD,.0055,MGD,.0085,MGD,,10/31/2021
PR0025283,001,50050,"Flow, in conduit or thru treatment plant",0.0046,Q2,MAX,Quantity2,MGD,.0046,MGD,.0085,MGD,,11/30/2021
PR0025283,001,50050,"Flow, in conduit or thru treatment plant",0.0037,Q2,MAX,Quantity2,MGD,.0037,MGD,.0085,MGD,,12/31/2021
PR0025283,001,50050,"Flow, in conduit or thru treatment plant",0.0039,Q2,MAX,Quantity2,MGD,.0039,MGD,.0085,MGD,,01/31/2022
PR0025283,001,50050,"Flow, in conduit or thru treatment plant",0.0056,Q2,MAX,Quantity2,MGD,.0056,MGD,.0085,MGD,,02/28/2022
PR0025283,001,50050,"Flow, in conduit or thru treatment plant",0.0049,Q2,MAX,Quantity2,MGD,.0049,MGD,.0085,MGD,,03/31/2022
PR0025283,001,50050,"Flow, in conduit or thru treatment plant",0.0054,Q2,MAX,Quantity2,MGD,.0054,MGD,.0085,MGD,,04/30/2022
PR0025283,001,50050,"Flow, in conduit or thru treatment plant",0.0058,Q2,MAX,Quantity2,MGD,.0058,MGD,.0085,MGD,,05/31/2022
PR0025283,001,50050,"Flow, in conduit or thru treatment plant",0.0071,Q2,MAX,Quantity2,MGD,.0071,MGD,.0085,MGD,,06/30/2022
PR0025283,001,50050,"Flow, in conduit or thru treatment plant",0.007,Q2,MAX,Quantity2,MGD,.007,MGD,.0085,MGD,,07/31/2022
PR0025283,001,50050,"Flow, in conduit or thru treatment plant",0.0064,Q2,MAX,Quantity2,MGD,.0064,MGD,.0085,MGD,,08/31/2022
PR0025283,001,50050,"Flow, in conduit or thru treatment plant",0.0082,Q2,MAX,Quantity2,MGD,.0082,MGD,.0085,MGD,,09/30/2022
PR0025283,001,50050,"Flow, in conduit or thru treatment plant",0.0082,Q2,MAX,Quantity2,MGD,.0082,MGD,.0085,MGD,,10/31/2022
PR0025283,001,50050,"Flow, in conduit or thru treatment plant",0.0082,Q2,MAX,Quantity2,MGD,.0082,MGD,.0085,MGD,,11/30/2022
PR0025283,001,50050,"Flow, in conduit or thru treatment plant",0.0038,Q2,MAX,Quantity2,MGD,.0038,MGD,.0085,MGD,,12/31/2022
PR0025283,001,50050,"Flow, in conduit or thru treatment plant",0.0061,Q2,MAX,Quantity2,MGD,.0061,MGD,.0085,MGD,,01/31/2023
PR0025283,001,50050,"Flow, in conduit or thru treatment plant",0.0047,Q2,MAX,Quantity2,MGD,.0047,MGD,.0085,MGD,,02/28/2023
PR0025283,001,50050,"Flow, in conduit or thru treatment plant",0.0049,Q2,MAX,Quantity2,MGD,.0049,MGD,.0085,MGD,,03/31/2023
PR0025283,001,50050,"Flow, in conduit or thru treatment plant",0.0078,Q2,MAX,Quantity2,MGD,.0078,MGD,.0085,MGD,,04/30/2023
PR0025283,001,50050,"Flow, in conduit or thru treatment plant",0.0057,Q2,MAX,Quantity2,MGD,.0057,MGD,.0085,MGD,,05/31/2023
PR0025283,001,50050,"Flow, in conduit or thru treatment plant",NA,Q2,MAX,Quantity2,,,MGD,.0085,MGD,9,06/30/2023
PR0025283,001,50050,"Flow, in conduit or thru treatment plant",0.0065,Q2,MAX,Quantity2,MGD,.0065,MGD,.0085,MGD,,07/31/2023
PR0025283,001,50050,"Flow, in conduit or thru treatment plant",0.0061,Q2,MAX,Quantity2,MGD,.0061,MGD,.0085,MGD,,08/31/2023
PR0025283,001,50050,"Flow, in conduit or thru treatment plant",0.0038,Q2,MAX,Quantity2,MGD,.0038,MGD,.0085,MGD,,09/30/2023
PR0025283,001,50050,"Flow, in conduit or thru treatment plant",0.0084,Q2,MAX,Quantity2,MGD,.0084,MGD,.0085,MGD,,10/31/2023
PR0025283,001,50050,"Flow, in conduit or thru treatment plant",0.0079,Q2,MAX,Quantity2,MGD,.0079,MGD,.0085,MGD,,11/30/2023
PR0025283,001,50050,"Flow, in conduit or thru treatment plant",0.0047,Q2,MAX,Quantity2,MGD,.0047,MGD,.0085,MGD,,12/31/2023
PR0025283,001,50050,"Flow, in conduit or thru treatment plant",0.0085,Q2,MAX,Quantity2,MGD,.0085,MGD,.0085,MGD,,01/31/2024
PR0025283,001,50050,"Flow, in conduit or thru treatment plant",0.0085,Q2,MAX,Quantity2,MGD,.0085,MGD,.0085,MGD,,02/29/2024
PR0025283,001,50050,"Flow, in conduit or thru treatment plant",0.0085,Q2,MAX,Quantity2,MGD,.0085,MGD,.0085,MGD,,03/31/2024
PR0025283,001,50050,"Flow, in conduit or thru treatment plant",0.0085,Q2,MAX,Quantity2,MGD,.0085,MGD,.0085,MGD,,04/30/2024
PR0025283,001,50050,"Flow, in conduit or thru treatment plant",0.0084,Q2,MAX,Quantity2,MGD,.0084,MGD,.0085,MGD,,05/31/2024
PR0025283,001,50050,"Flow, in conduit or thru treatment plant",0.008,Q2,MAX,Quantity2,MGD,.008,MGD,.0085,MGD,,06/30/2024
PR0025283,001,50050,"Flow, in conduit or thru treatment plant",0.0084,Q2,MAX,Quantity2,MGD,.0084,MGD,.0085,MGD,,07/31/2024
PR0025283,001,50050,"Flow, in conduit or thru treatment plant",0.0075,Q2,MAX,Quantity2,MGD,.0075,MGD,.0085,MGD,,08/31/2024
PR0025283,001,50050,"Flow, in conduit or thru treatment plant",0.0084,Q2,MAX,Quantity2,MGD,.0084,MGD,.0085,MGD,,09/30/2024
PR0025283,001,50050,"Flow, in conduit or thru treatment plant",0.0084,Q2,MAX,Quantity2,MGD,.0084,MGD,.0085,MGD,,10/31/2024
PR0025283,001,50050,"Flow, in conduit or thru treatment plant",0.0075,Q2,MAX,Quantity2,MGD,.0075,MGD,.0085,MGD,,11/30/2024
PR0025283,001,50050,"Flow, in conduit or thru treatment plant",NA,Q2,MAX,Quantity2,,,MGD,.0085,MGD,9,12/31/2024
PR0025283,001,50050,"Flow, in conduit or thru treatment plant",0.0043,Q2,MAX,Quantity2,MGD,.0043,MGD,.0085,MGD,,01/31/2025
PR0025283,001,50050,"Flow, in conduit or thru treatment plant",0.0069,Q2,MAX,Quantity2,MGD,.0069,MGD,.0085,MGD,,02/28/2025
PR0025283,001,50050,"Flow, in conduit or thru treatment plant",0.0064,Q2,MAX,Quantity2,MGD,.0064,MGD,.0085,MGD,,03/31/2025
PR0025283,001,50050,"Flow, in conduit or thru treatment plant",0.008,Q2,MAX,Quantity2,MGD,.008,MGD,.0085,MGD,,04/30/2025
PR0025283,001,50050,"Flow, in conduit or thru treatment plant",0.0085,Q2,MAX,Quantity2,MGD,.0085,MGD,.0085,MGD,,05/31/2025
PR0025283,001,50050,"Flow, in conduit or thru treatment plant",0.008,Q2,MAX,Quantity2,MGD,.008,MGD,.0085,MGD,,06/30/2025
PR0025283,001,50050,"Flow, in conduit or thru treatment plant",0.008,Q2,MAX,Quantity2,MGD,.008,MGD,.0085,MGD,,07/31/2025
PR0025283,001,50050,"Flow, in conduit or thru treatment plant",0.008,Q2,MAX,Quantity2,MGD,.008,MGD,.0085,MGD,,08/31/2025
PR0025283,001,50050,"Flow, in conduit or thru treatment plant",0.008,Q2,MAX,Quantity2,MGD,.008,MGD,.0085,MGD,,09/30/2025
PR0025283,001,50050,"Flow, in conduit or thru treatment plant",0.008,Q2,MAX,Quantity2,MGD,.008,MGD,.0085,MGD,,10/31/2025
PR0025283,001,50050,"Flow, in conduit or thru treatment plant",0.0081,Q2,MAX,Quantity2,MGD,.0081,MGD,.0085,MGD,,11/30/2025
PR0025283,001,50050,"Flow, in conduit or thru treatment plant",0.0082,Q2,MAX,Quantity2,MGD,.0082,MGD,.0085,MGD,,12/31/2025
PR0025283,001,50050,"Flow, in conduit or thru treatment plant",NA,Q2,MAX,Quantity2,,,MGD,.0085,MGD,9,01/31/2026
PR0025283,001,50060,"Chlorine, total residual",0.5,C3,MAX,Concentration3,mg/L,.5,mg/L,.5,mg/L,,01/31/2020
PR0025283,001,50060,"Chlorine, total residual",0.5,C3,MAX,Concentration3,mg/L,.5,mg/L,.5,mg/L,,02/29/2020
PR0025283,001,50060,"Chlorine, total residual",0.5,C3,MAX,Concentration3,mg/L,.5,mg/L,.5,mg/L,,03/31/2020
PR0025283,001,50060,"Chlorine, total residual",0.5,C3,MAX,Concentration3,mg/L,.5,mg/L,.5,mg/L,,04/30/2020
PR0025283,001,50060,"Chlorine, total residual",0.5,C3,MAX,Concentration3,mg/L,.5,mg/L,.5,mg/L,,05/31/2020
PR0025283,001,50060,"Chlorine, total residual",0.5,C3,MAX,Concentration3,mg/L,.5,mg/L,.5,mg/L,,06/30/2020
PR0025283,001,50060,"Chlorine, total residual",0.5,C3,MAX,Concentration3,mg/L,.5,mg/L,.5,mg/L,,07/31/2020
PR0025283,001,50060,"Chlorine, total residual",0.5,C3,MAX,Concentration3,mg/L,.5,mg/L,.5,mg/L,,08/31/2020
PR0025283,001,50060,"Chlorine, total residual",0.5,C3,MAX,Concentration3,mg/L,.5,mg/L,.5,mg/L,,09/30/2020
PR0025283,001,50060,"Chlorine, total residual",0.5,C3,MAX,Concentration3,mg/L,.5,mg/L,.5,mg/L,,10/31/2020
PR0025283,001,50060,"Chlorine, total residual",0.5,C3,MAX,Concentration3,mg/L,.5,mg/L,.5,mg/L,,11/30/2020
PR0025283,001,50060,"Chlorine, total residual",0.5,C3,MAX,Concentration3,mg/L,.5,mg/L,.5,mg/L,,12/31/2020
PR0025283,001,50060,"Chlorine, total residual",0.5,C3,MAX,Concentration3,mg/L,.5,mg/L,.5,mg/L,,01/31/2021
PR0025283,001,50060,"Chlorine, total residual",0.5,C3,MAX,Concentration3,mg/L,.5,mg/L,.5,mg/L,,02/28/2021
PR0025283,001,50060,"Chlorine, total residual",0.5,C3,MAX,Concentration3,mg/L,.5,mg/L,.5,mg/L,,03/31/2021
PR0025283,001,50060,"Chlorine, total residual",0.5,C3,MAX,Concentration3,mg/L,.5,mg/L,.5,mg/L,,04/30/2021
PR0025283,001,50060,"Chlorine, total residual",0.5,C3,MAX,Concentration3,mg/L,.5,mg/L,.5,mg/L,,05/31/2021
PR0025283,001,50060,"Chlorine, total residual",0.5,C3,MAX,Concentration3,mg/L,.5,mg/L,.5,mg/L,,06/30/2021
PR0025283,001,50060,"Chlorine, total residual",0.5,C3,MAX,Concentration3,mg/L,.5,mg/L,.5,mg/L,,07/31/2021
PR0025283,001,50060,"Chlorine, total residual",0.5,C3,MAX,Concentration3,mg/L,.5,mg/L,.5,mg/L,,08/31/2021
PR0025283,001,50060,"Chlorine, total residual",0.5,C3,MAX,Concentration3,mg/L,.5,mg/L,.5,mg/L,,09/30/2021
PR0025283,001,50060,"Chlorine, total residual",0.5,C3,MAX,Concentration3,mg/L,.5,mg/L,.5,mg/L,,10/31/2021
PR0025283,001,50060,"Chlorine, total residual",0.5,C3,MAX,Concentration3,mg/L,.5,mg/L,.5,mg/L,,11/30/2021
PR0025283,001,50060,"Chlorine, total residual",0.5,C3,MAX,Concentration3,mg/L,.5,mg/L,.5,mg/L,,12/31/2021
PR0025283,001,50060,"Chlorine, total residual",0.5,C3,MAX,Concentration3,mg/L,.5,mg/L,.5,mg/L,,01/31/2022
PR0025283,001,50060,"Chlorine, total residual",0.5,C3,MAX,Concentration3,mg/L,.5,mg/L,.5,mg/L,,02/28/2022
PR0025283,001,50060,"Chlorine, total residual",0.5,C3,MAX,Concentration3,mg/L,.5,mg/L,.5,mg/L,,03/31/2022
PR0025283,001,50060,"Chlorine, total residual",0.5,C3,MAX,Concentration3,mg/L,.5,mg/L,.5,mg/L,,04/30/2022
PR0025283,001,50060,"Chlorine, total residual",0.5,C3,MAX,Concentration3,mg/L,.5,mg/L,.5,mg/L,,05/31/2022
PR0025283,001,50060,"Chlorine, total residual",0.5,C3,MAX,Concentration3,mg/L,.5,mg/L,.5,mg/L,,06/30/2022
PR0025283,001,50060,"Chlorine, total residual",0.5,C3,MAX,Concentration3,mg/L,.5,mg/L,.5,mg/L,,07/31/2022
PR0025283,001,50060,"Chlorine, total residual",0.5,C3,MAX,Concentration3,mg/L,.5,mg/L,.5,mg/L,,08/31/2022
PR0025283,001,50060,"Chlorine, total residual",0.5,C3,MAX,Concentration3,mg/L,.5,mg/L,.5,mg/L,,09/30/2022
PR0025283,001,50060,"Chlorine, total residual",0.4,C3,MAX,Concentration3,mg/L,.4,mg/L,.5,mg/L,,10/31/2022
PR0025283,001,50060,"Chlorine, total residual",0.4,C3,MAX,Concentration3,mg/L,.4,mg/L,.5,mg/L,,11/30/2022
PR0025283,001,50060,"Chlorine, total residual",0.5,C3,MAX,Concentration3,mg/L,.5,mg/L,.5,mg/L,,12/31/2022
PR0025283,001,50060,"Chlorine, total residual",0.5,C3,MAX,Concentration3,mg/L,.5,mg/L,.5,mg/L,,01/31/2023
PR0025283,001,50060,"Chlorine, total residual",0.1,C3,MAX,Concentration3,mg/L,.1,mg/L,.5,mg/L,,02/28/2023
PR0025283,001,50060,"Chlorine, total residual",0.5,C3,MAX,Concentration3,mg/L,.5,mg/L,.5,mg/L,,03/31/2023
PR0025283,001,50060,"Chlorine, total residual",0.5,C3,MAX,Concentration3,mg/L,.5,mg/L,.5,mg/L,,04/30/2023
PR0025283,001,50060,"Chlorine, total residual",0.5,C3,MAX,Concentration3,mg/L,.5,mg/L,.5,mg/L,,05/31/2023
PR0025283,001,50060,"Chlorine, total residual",0.5,C3,MAX,Concentration3,mg/L,.5,mg/L,.5,mg/L,,06/30/2023
PR0025283,001,50060,"Chlorine, total residual",0.5,C3,MAX,Concentration3,mg/L,.5,mg/L,.5,mg/L,,07/31/2023
PR0025283,001,50060,"Chlorine, total residual",0.5,C3,MAX,Concentration3,mg/L,.5,mg/L,.5,mg/L,,08/31/2023
PR0025283,001,50060,"Chlorine, total residual",0.5,C3,MAX,Concentration3,mg/L,.5,mg/L,.5,mg/L,,09/30/2023
PR0025283,001,50060,"Chlorine, total residual",0.5,C3,MAX,Concentration3,mg/L,.5,mg/L,.5,mg/L,,10/31/2023
PR0025283,001,50060,"Chlorine, total residual",0.5,C3,MAX,Concentration3,mg/L,.5,mg/L,.5,mg/L,,11/30/2023
PR0025283,001,50060,"Chlorine, total residual",0.45,C3,MAX,Concentration3,mg/L,.45,mg/L,.5,mg/L,,12/31/2023
PR0025283,001,50060,"Chlorine, total residual",0.5,C3,MAX,Concentration3,mg/L,.5,mg/L,.5,mg/L,,01/31/2024
PR0025283,001,50060,"Chlorine, total residual",0.4,C3,MAX,Concentration3,mg/L,.4,mg/L,.5,mg/L,,02/29/2024
PR0025283,001,50060,"Chlorine, total residual",0.5,C3,MAX,Concentration3,mg/L,.5,mg/L,.5,mg/L,,03/31/2024
PR0025283,001,50060,"Chlorine, total residual",0.5,C3,MAX,Concentration3,mg/L,.5,mg/L,.5,mg/L,,04/30/2024
PR0025283,001,50060,"Chlorine, total residual",NA,C3,MAX,Concentration3,,,mg/L,.5,mg/L,9,05/31/2024
PR0025283,001,50060,"Chlorine, total residual",0.5,C3,MAX,Concentration3,mg/L,.5,mg/L,.5,mg/L,,06/30/2024
PR0025283,001,50060,"Chlorine, total residual",0.5,C3,MAX,Concentration3,mg/L,.5,mg/L,.5,mg/L,,07/31/2024
PR0025283,001,50060,"Chlorine, total residual",0.4,C3,MAX,Concentration3,mg/L,.4,mg/L,.5,mg/L,,08/31/2024
PR0025283,001,50060,"Chlorine, total residual",0.5,C3,MAX,Concentration3,mg/L,.5,mg/L,.5,mg/L,,09/30/2024
PR0025283,001,50060,"Chlorine, total residual",0.5,C3,MAX,Concentration3,mg/L,.5,mg/L,.5,mg/L,,10/31/2024
PR0025283,001,50060,"Chlorine, total residual",0.5,C3,MAX,Concentration3,mg/L,.5,mg/L,.5,mg/L,,11/30/2024
PR0025283,001,50060,"Chlorine, total residual",0.5,C3,MAX,Concentration3,mg/L,.5,mg/L,.5,mg/L,,12/31/2024
PR0025283,001,50060,"Chlorine, total residual",0.5,C3,MAX,Concentration3,mg/L,.5,mg/L,.5,mg/L,,01/31/2025
PR0025283,001,50060,"Chlorine, total residual",0.4,C3,MAX,Concentration3,mg/L,.4,mg/L,.5,mg/L,,02/28/2025
PR0025283,001,50060,"Chlorine, total residual",0.5,C3,MAX,Concentration3,mg/L,.5,mg/L,.5,mg/L,,03/31/2025
PR0025283,001,50060,"Chlorine, total residual",0.5,C3,MAX,Concentration3,mg/L,.5,mg/L,.5,mg/L,,04/30/2025
PR0025283,001,50060,"Chlorine, total residual",4.5,C3,MAX,Concentration3,mg/L,4.5,mg/L,.5,mg/L,,05/31/2025
PR0025283,001,50060,"Chlorine, total residual",0.5,C3,MAX,Concentration3,mg/L,.5,mg/L,.5,mg/L,,06/30/2025
PR0025283,001,50060,"Chlorine, total residual",0.5,C3,MAX,Concentration3,mg/L,.5,mg/L,.5,mg/L,,07/31/2025
PR0025283,001,50060,"Chlorine, total residual",0.5,C3,MAX,Concentration3,mg/L,.5,mg/L,.5,mg/L,,08/31/2025
PR0025283,001,50060,"Chlorine, total residual",0.45,C3,MAX,Concentration3,mg/L,.45,mg/L,.5,mg/L,,09/30/2025
PR0025283,001,50060,"Chlorine, total residual",0.5,C3,MAX,Concentration3,mg/L,.5,mg/L,.5,mg/L,,10/31/2025
PR0025283,001,50060,"Chlorine, total residual",0.4,C3,MAX,Concentration3,mg/L,.4,mg/L,.5,mg/L,,11/30/2025
PR0025283,001,50060,"Chlorine, total residual",0.5,C3,MAX,Concentration3,mg/L,.5,mg/L,.5,mg/L,,12/31/2025
PR0025283,001,50060,"Chlorine, total residual",NA,C3,MAX,Concentration3,,,mg/L,.5,mg/L,9,01/31/2026
PR0025283,001,74055,"Coliform, fecal general",100,C3,AVG,Concentration3,#/100mL,100,MPN/100mL,400,#/100mL,,01/31/2020
PR0025283,001,74055,"Coliform, fecal general",100,C3,AVG,Concentration3,#/100mL,100,MPN/100mL,400,#/100mL,,02/29/2020
PR0025283,001,74055,"Coliform, fecal general",100,C3,AVG,Concentration3,#/100mL,100,MPN/100mL,400,#/100mL,,03/31/2020
PR0025283,001,74055,"Coliform, fecal general",100,C3,AVG,Concentration3,#/100mL,100,MPN/100mL,400,#/100mL,,04/30/2020
PR0025283,001,74055,"Coliform, fecal general",100,C3,AVG,Concentration3,#/100mL,100,MPN/100mL,400,#/100mL,,05/31/2020
PR0025283,001,74055,"Coliform, fecal general",100,C3,AVG,Concentration3,#/100mL,100,MPN/100mL,400,#/100mL,,06/30/2020
PR0025283,001,74055,"Coliform, fecal general",100,C3,AVG,Concentration3,#/100mL,100,MPN/100mL,400,#/100mL,,07/31/2020
PR0025283,001,74055,"Coliform, fecal general",100,C3,AVG,Concentration3,#/100mL,100,MPN/100mL,400,#/100mL,,08/31/2020
PR0025283,001,74055,"Coliform, fecal general",100,C3,AVG,Concentration3,#/100mL,100,MPN/100mL,400,#/100mL,,09/30/2020
PR0025283,001,74055,"Coliform, fecal general",11.5,C3,AVG,Concentration3,#/100mL,11.5,MPN/100mL,400,#/100mL,,10/31/2020
PR0025283,001,74055,"Coliform, fecal general",100,C3,AVG,Concentration3,#/100mL,100,MPN/100mL,400,#/100mL,,11/30/2020
PR0025283,001,74055,"Coliform, fecal general",100,C3,AVG,Concentration3,#/100mL,100,MPN/100mL,400,#/100mL,,12/31/2020
PR0025283,001,74055,"Coliform, fecal general",100,C3,AVG,Concentration3,#/100mL,100,MPN/100mL,400,#/100mL,,01/31/2021
PR0025283,001,74055,"Coliform, fecal general",100,C3,AVG,Concentration3,#/100mL,100,MPN/100mL,400,#/100mL,,02/28/2021
PR0025283,001,74055,"Coliform, fecal general",100,C3,AVG,Concentration3,#/100mL,100,MPN/100mL,400,#/100mL,,03/31/2021
PR0025283,001,74055,"Coliform, fecal general",100,C3,AVG,Concentration3,#/100mL,100,MPN/100mL,400,#/100mL,,04/30/2021
PR0025283,001,74055,"Coliform, fecal general",6000,C3,AVG,Concentration3,#/100mL,6000,MPN/100mL,400,#/100mL,,05/31/2021
PR0025283,001,74055,"Coliform, fecal general",100,C3,AVG,Concentration3,#/100mL,100,MPN/100mL,400,#/100mL,,06/30/2021
PR0025283,001,74055,"Coliform, fecal general",100,C3,AVG,Concentration3,#/100mL,100,MPN/100mL,400,#/100mL,,07/31/2021
PR0025283,001,74055,"Coliform, fecal general",100,C3,AVG,Concentration3,#/100mL,100,MPN/100mL,400,#/100mL,,08/31/2021
PR0025283,001,74055,"Coliform, fecal general",100,C3,AVG,Concentration3,#/100mL,100,MPN/100mL,400,#/100mL,,09/30/2021
PR0025283,001,74055,"Coliform, fecal general",100,C3,AVG,Concentration3,#/100mL,100,MPN/100mL,400,#/100mL,,10/31/2021
PR0025283,001,74055,"Coliform, fecal general",400,C3,AVG,Concentration3,#/100mL,400,MPN/100mL,400,#/100mL,,11/30/2021
PR0025283,001,74055,"Coliform, fecal general",100,C3,AVG,Concentration3,#/100mL,100,MPN/100mL,400,#/100mL,,12/31/2021
PR0025283,001,74055,"Coliform, fecal general",350,C3,AVG,Concentration3,#/100mL,350,MPN/100mL,400,#/100mL,,01/31/2022
PR0025283,001,74055,"Coliform, fecal general",400,C3,AVG,Concentration3,#/100mL,400,MPN/100mL,400,#/100mL,,02/28/2022
PR0025283,001,74055,"Coliform, fecal general",100,C3,AVG,Concentration3,#/100mL,100,MPN/100mL,400,#/100mL,,03/31/2022
PR0025283,001,74055,"Coliform, fecal general",100,C3,AVG,Concentration3,#/100mL,100,MPN/100mL,400,#/100mL,,04/30/2022
PR0025283,001,74055,"Coliform, fecal general",100,C3,AVG,Concentration3,#/100mL,100,MPN/100mL,400,#/100mL,,05/31/2022
PR0025283,001,74055,"Coliform, fecal general",100,C3,AVG,Concentration3,#/100mL,100,MPN/100mL,400,#/100mL,,06/30/2022
PR0025283,001,74055,"Coliform, fecal general",200,C3,AVG,Concentration3,#/100mL,200,MPN/100mL,400,#/100mL,,07/31/2022
PR0025283,001,74055,"Coliform, fecal general",100,C3,AVG,Concentration3,#/100mL,100,MPN/100mL,400,#/100mL,,08/31/2022
PR0025283,001,74055,"Coliform, fecal general",100,C3,AVG,Concentration3,#/100mL,100,MPN/100mL,400,#/100mL,,09/30/2022
PR0025283,001,74055,"Coliform, fecal general",100,C3,AVG,Concentration3,#/100mL,100,MPN/100mL,400,#/100mL,,10/31/2022
PR0025283,001,74055,"Coliform, fecal general",100,C3,AVG,Concentration3,#/100mL,100,MPN/100mL,400,#/100mL,,11/30/2022
PR0025283,001,74055,"Coliform, fecal general",100,C3,AVG,Concentration3,#/100mL,100,MPN/100mL,400,#/100mL,,12/31/2022
PR0025283,001,74055,"Coliform, fecal general",100,C3,AVG,Concentration3,#/100mL,100,MPN/100mL,400,#/100mL,,01/31/2023
PR0025283,001,74055,"Coliform, fecal general",100,C3,AVG,Concentration3,#/100mL,100,MPN/100mL,400,#/100mL,,02/28/2023
PR0025283,001,74055,"Coliform, fecal general",100,C3,AVG,Concentration3,#/100mL,100,MPN/100mL,400,#/100mL,,03/31/2023
PR0025283,001,74055,"Coliform, fecal general",100,C3,AVG,Concentration3,#/100mL,100,MPN/100mL,400,#/100mL,,04/30/2023
PR0025283,001,74055,"Coliform, fecal general",100,C3,AVG,Concentration3,#/100mL,100,MPN/100mL,400,#/100mL,,05/31/2023
PR0025283,001,74055,"Coliform, fecal general",100,C3,AVG,Concentration3,#/100mL,100,MPN/100mL,400,#/100mL,,06/30/2023
PR0025283,001,74055,"Coliform, fecal general",100,C3,AVG,Concentration3,#/100mL,100,MPN/100mL,400,#/100mL,,07/31/2023
PR0025283,001,74055,"Coliform, fecal general",2423,C3,AVG,Concentration3,#/100mL,2423,MPN/100mL,400,#/100mL,,08/31/2023
PR0025283,001,74055,"Coliform, fecal general",4800,C3,AVG,Concentration3,#/100mL,4800,MPN/100mL,400,#/100mL,,09/30/2023
PR0025283,001,74055,"Coliform, fecal general",100,C3,AVG,Concentration3,#/100mL,100,MPN/100mL,400,#/100mL,,10/31/2023
PR0025283,001,74055,"Coliform, fecal general",NA,C3,AVG,Concentration3,,,MPN/100mL,400,#/100mL,9,11/30/2023
PR0025283,001,74055,"Coliform, fecal general",100,C3,AVG,Concentration3,#/100mL,100,MPN/100mL,400,#/100mL,,12/31/2023
PR0025283,001,74055,"Coliform, fecal general",100,C3,AVG,Concentration3,#/100mL,100,MPN/100mL,400,#/100mL,,01/31/2024
PR0025283,001,74055,"Coliform, fecal general",100,C3,AVG,Concentration3,#/100mL,100,MPN/100mL,400,#/100mL,,02/29/2024
PR0025283,001,74055,"Coliform, fecal general",100,C3,AVG,Concentration3,#/100mL,100,MPN/100mL,400,#/100mL,,03/31/2024
PR0025283,001,74055,"Coliform, fecal general",100,C3,AVG,Concentration3,#/100mL,100,MPN/100mL,400,#/100mL,,04/30/2024
PR0025283,001,74055,"Coliform, fecal general",100,C3,AVG,Concentration3,#/100mL,100,MPN/100mL,400,#/100mL,,05/31/2024
PR0025283,001,74055,"Coliform, fecal general",12.99,C3,AVG,Concentration3,#/100mL,12.99,MPN/100mL,400,#/100mL,,06/30/2024
PR0025283,001,74055,"Coliform, fecal general",100,C3,AVG,Concentration3,#/100mL,100,MPN/100mL,400,#/100mL,,07/31/2024
PR0025283,001,74055,"Coliform, fecal general",100,C3,AVG,Concentration3,#/100mL,100,MPN/100mL,400,#/100mL,,08/31/2024
PR0025283,001,74055,"Coliform, fecal general",100,C3,AVG,Concentration3,#/100mL,100,MPN/100mL,400,#/100mL,,09/30/2024
PR0025283,001,74055,"Coliform, fecal general",100,C3,AVG,Concentration3,#/100mL,100,MPN/100mL,400,#/100mL,,10/31/2024
PR0025283,001,74055,"Coliform, fecal general",100,C3,AVG,Concentration3,#/100mL,100,MPN/100mL,400,#/100mL,,11/30/2024
PR0025283,001,74055,"Coliform, fecal general",100,C3,AVG,Concentration3,#/100mL,100,MPN/100mL,400,#/100mL,,12/31/2024
PR0025283,001,74055,"Coliform, fecal general",100,C3,AVG,Concentration3,#/100mL,100,MPN/100mL,400,#/100mL,,01/31/2025
PR0025283,001,74055,"Coliform, fecal general",100,C3,AVG,Concentration3,#/100mL,100,MPN/100mL,400,#/100mL,,02/28/2025
PR0025283,001,74055,"Coliform, fecal general",100,C3,AVG,Concentration3,#/100mL,100,MPN/100mL,400,#/100mL,,03/31/2025
PR0025283,001,74055,"Coliform, fecal general",100,C3,AVG,Concentration3,#/100mL,100,MPN/100mL,400,#/100mL,,04/30/2025
PR0025283,001,74055,"Coliform, fecal general",6000,C3,AVG,Concentration3,#/100mL,6000,MPN/100mL,400,#/100mL,,05/31/2025
PR0025283,001,74055,"Coliform, fecal general",100,C3,AVG,Concentration3,#/100mL,100,MPN/100mL,400,#/100mL,,06/30/2025
PR0025283,001,74055,"Coliform, fecal general",100,C3,AVG,Concentration3,#/100mL,100,MPN/100mL,400,#/100mL,,07/31/2025
PR0025283,001,74055,"Coliform, fecal general",226,C3,AVG,Concentration3,#/100mL,226,MPN/100mL,400,#/100mL,,08/31/2025
PR0025283,001,74055,"Coliform, fecal general",100,C3,AVG,Concentration3,#/100mL,100,MPN/100mL,400,#/100mL,,09/30/2025
PR0025283,001,74055,"Coliform, fecal general",100,C3,AVG,Concentration3,#/100mL,100,MPN/100mL,400,#/100mL,,10/31/2025
PR0025283,001,74055,"Coliform, fecal general",100,C3,AVG,Concentration3,#/100mL,100,MPN/100mL,400,#/100mL,,11/30/2025
PR0025283,001,74055,"Coliform, fecal general",100,C3,AVG,Concentration3,#/100mL,100,MPN/100mL,400,#/100mL,,12/31/2025
PR0025283,001,74055,"Coliform, fecal general",100,C3,AVG,Concentration3,#/100mL,100,MPN/100mL,400,#/100mL,,01/31/2026
PR0025283,001,74056,"Coliform, total general",1000,C3,AVG,Concentration3,#/100mL,1000,MPN/100mL,10000,#/100mL,,01/31/2020
PR0025283,001,74056,"Coliform, total general",1000,C3,AVG,Concentration3,#/100mL,1000,MPN/100mL,10000,#/100mL,,02/29/2020
PR0025283,001,74056,"Coliform, total general",10000,C3,AVG,Concentration3,#/100mL,10000,MPN/100mL,10000,#/100mL,,03/31/2020
PR0025283,001,74056,"Coliform, total general",1000,C3,AVG,Concentration3,#/100mL,1000,MPN/100mL,10000,#/100mL,,04/30/2020
PR0025283,001,74056,"Coliform, total general",1000,C3,AVG,Concentration3,#/100mL,1000,MPN/100mL,10000,#/100mL,,05/31/2020
PR0025283,001,74056,"Coliform, total general",1000,C3,AVG,Concentration3,#/100mL,1000,MPN/100mL,10000,#/100mL,,06/30/2020
PR0025283,001,74056,"Coliform, total general",1000,C3,AVG,Concentration3,#/100mL,1000,MPN/100mL,10000,#/100mL,,07/31/2020
PR0025283,001,74056,"Coliform, total general",1000,C3,AVG,Concentration3,#/100mL,1000,MPN/100mL,10000,#/100mL,,08/31/2020
PR0025283,001,74056,"Coliform, total general",1000,C3,AVG,Concentration3,#/100mL,1000,MPN/100mL,10000,#/100mL,,09/30/2020
PR0025283,001,74056,"Coliform, total general",9779,C3,AVG,Concentration3,#/100mL,9779,MPN/100mL,10000,#/100mL,,10/31/2020
PR0025283,001,74056,"Coliform, total general",1000,C3,AVG,Concentration3,#/100mL,1000,MPN/100mL,10000,#/100mL,,11/30/2020
PR0025283,001,74056,"Coliform, total general",80000,C3,AVG,Concentration3,#/100mL,80000,MPN/100mL,10000,#/100mL,,12/31/2020
PR0025283,001,74056,"Coliform, total general",1000,C3,AVG,Concentration3,#/100mL,1000,MPN/100mL,10000,#/100mL,,01/31/2021
PR0025283,001,74056,"Coliform, total general",10000,C3,AVG,Concentration3,#/100mL,10000,MPN/100mL,10000,#/100mL,,02/28/2021
PR0025283,001,74056,"Coliform, total general",1000,C3,AVG,Concentration3,#/100mL,1000,MPN/100mL,10000,#/100mL,,03/31/2021
PR0025283,001,74056,"Coliform, total general",80000,C3,AVG,Concentration3,#/100mL,80000,MPN/100mL,10000,#/100mL,,04/30/2021
PR0025283,001,74056,"Coliform, total general",80000,C3,AVG,Concentration3,#/100mL,80000,MPN/100mL,10000,#/100mL,,05/31/2021
PR0025283,001,74056,"Coliform, total general",1000,C3,AVG,Concentration3,#/100mL,1000,MPN/100mL,10000,#/100mL,,06/30/2021
PR0025283,001,74056,"Coliform, total general",10000,C3,AVG,Concentration3,#/100mL,10000,MPN/100mL,10000,#/100mL,,07/31/2021
PR0025283,001,74056,"Coliform, total general",1000,C3,AVG,Concentration3,#/100mL,1000,MPN/100mL,10000,#/100mL,,08/31/2021
PR0025283,001,74056,"Coliform, total general",33000,C3,AVG,Concentration3,#/100mL,33000,MPN/100mL,10000,#/100mL,,09/30/2021
PR0025283,001,74056,"Coliform, total general",1000,C3,AVG,Concentration3,#/100mL,1000,MPN/100mL,10000,#/100mL,,10/31/2021
PR0025283,001,74056,"Coliform, total general",8000,C3,AVG,Concentration3,#/100mL,8000,MPN/100mL,10000,#/100mL,,11/30/2021
PR0025283,001,74056,"Coliform, total general",1000,C3,AVG,Concentration3,#/100mL,1000,MPN/100mL,10000,#/100mL,,12/31/2021
PR0025283,001,74056,"Coliform, total general",10000,C3,AVG,Concentration3,#/100mL,10000,MPN/100mL,10000,#/100mL,,01/31/2022
PR0025283,001,74056,"Coliform, total general",8000,C3,AVG,Concentration3,#/100mL,8000,MPN/100mL,10000,#/100mL,,02/28/2022
PR0025283,001,74056,"Coliform, total general",1000,C3,AVG,Concentration3,#/100mL,1000,MPN/100mL,10000,#/100mL,,03/31/2022
PR0025283,001,74056,"Coliform, total general",1000,C3,AVG,Concentration3,#/100mL,1000,MPN/100mL,10000,#/100mL,,04/30/2022
PR0025283,001,74056,"Coliform, total general",1000,C3,AVG,Concentration3,#/100mL,1000,MPN/100mL,10000,#/100mL,,05/31/2022
PR0025283,001,74056,"Coliform, total general",1000,C3,AVG,Concentration3,#/100mL,1000,MPN/100mL,10000,#/100mL,,06/30/2022
PR0025283,001,74056,"Coliform, total general",12.4,C3,AVG,Concentration3,#/100mL,12.4,MPN/100mL,10000,#/100mL,,07/31/2022
PR0025283,001,74056,"Coliform, total general",1000,C3,AVG,Concentration3,#/100mL,1000,MPN/100mL,10000,#/100mL,,08/31/2022
PR0025283,001,74056,"Coliform, total general",1000,C3,AVG,Concentration3,#/100mL,1000,MPN/100mL,10000,#/100mL,,09/30/2022
PR0025283,001,74056,"Coliform, total general",1000,C3,AVG,Concentration3,#/100mL,1000,MPN/100mL,10000,#/100mL,,10/31/2022
PR0025283,001,74056,"Coliform, total general",1000,C3,AVG,Concentration3,#/100mL,1000,MPN/100mL,10000,#/100mL,,11/30/2022
PR0025283,001,74056,"Coliform, total general",1000,C3,AVG,Concentration3,#/100mL,1000,MPN/100mL,10000,#/100mL,,12/31/2022
PR0025283,001,74056,"Coliform, total general",1000,C3,AVG,Concentration3,#/100mL,1000,MPN/100mL,10000,#/100mL,,01/31/2023
PR0025283,001,74056,"Coliform, total general",1000,C3,AVG,Concentration3,#/100mL,1000,MPN/100mL,10000,#/100mL,,02/28/2023
PR0025283,001,74056,"Coliform, total general",1000,C3,AVG,Concentration3,#/100mL,1000,MPN/100mL,10000,#/100mL,,03/31/2023
PR0025283,001,74056,"Coliform, total general",1000,C3,AVG,Concentration3,#/100mL,1000,MPN/100mL,10000,#/100mL,,04/30/2023
PR0025283,001,74056,"Coliform, total general",3000,C3,AVG,Concentration3,#/100mL,3000,MPN/100mL,10000,#/100mL,,05/31/2023
PR0025283,001,74056,"Coliform, total general",1000,C3,AVG,Concentration3,#/100mL,1000,MPN/100mL,10000,#/100mL,,06/30/2023
PR0025283,001,74056,"Coliform, total general",1000,C3,AVG,Concentration3,#/100mL,1000,MPN/100mL,10000,#/100mL,,07/31/2023
PR0025283,001,74056,"Coliform, total general",4.35,C3,AVG,Concentration3,#/100mL,4.35,MPN/100mL,10000,#/100mL,,08/31/2023
PR0025283,001,74056,"Coliform, total general",1000,C3,AVG,Concentration3,#/100mL,1000,MPN/100mL,10000,#/100mL,,09/30/2023
PR0025283,001,74056,"Coliform, total general",1000,C3,AVG,Concentration3,#/100mL,1000,MPN/100mL,10000,#/100mL,,10/31/2023
PR0025283,001,74056,"Coliform, total general",1000,C3,AVG,Concentration3,#/100mL,1000,MPN/100mL,10000,#/100mL,,11/30/2023
PR0025283,001,74056,"Coliform, total general",1000,C3,AVG,Concentration3,#/100mL,1000,MPN/100mL,10000,#/100mL,,12/31/2023
PR0025283,001,74056,"Coliform, total general",1000,C3,AVG,Concentration3,#/100mL,1000,MPN/100mL,10000,#/100mL,,01/31/2024
PR0025283,001,74056,"Coliform, total general",1000,C3,AVG,Concentration3,#/100mL,1000,MPN/100mL,10000,#/100mL,,02/29/2024
PR0025283,001,74056,"Coliform, total general",1000,C3,AVG,Concentration3,#/100mL,1000,MPN/100mL,10000,#/100mL,,03/31/2024
PR0025283,001,74056,"Coliform, total general",1000,C3,AVG,Concentration3,#/100mL,1000,MPN/100mL,10000,#/100mL,,04/30/2024
PR0025283,001,74056,"Coliform, total general",1000,C3,AVG,Concentration3,#/100mL,1000,MPN/100mL,10000,#/100mL,,05/31/2024
PR0025283,001,74056,"Coliform, total general",10000,C3,AVG,Concentration3,#/100mL,10000,MPN/100mL,10000,#/100mL,,06/30/2024
PR0025283,001,74056,"Coliform, total general",1000,C3,AVG,Concentration3,#/100mL,1000,MPN/100mL,10000,#/100mL,,07/31/2024
PR0025283,001,74056,"Coliform, total general",1000,C3,AVG,Concentration3,#/100mL,1000,MPN/100mL,10000,#/100mL,,08/31/2024
PR0025283,001,74056,"Coliform, total general",1000,C3,AVG,Concentration3,#/100mL,1000,MPN/100mL,10000,#/100mL,,09/30/2024
PR0025283,001,74056,"Coliform, total general",1000,C3,AVG,Concentration3,#/100mL,1000,MPN/100mL,10000,#/100mL,,10/31/2024
PR0025283,001,74056,"Coliform, total general",1000,C3,AVG,Concentration3,#/100mL,1000,MPN/100mL,10000,#/100mL,,11/30/2024
PR0025283,001,74056,"Coliform, total general",1000,C3,AVG,Concentration3,#/100mL,1000,MPN/100mL,10000,#/100mL,,12/31/2024
PR0025283,001,74056,"Coliform, total general",1000,C3,AVG,Concentration3,#/100mL,1000,MPN/100mL,10000,#/100mL,,01/31/2025
PR0025283,001,74056,"Coliform, total general",1000,C3,AVG,Concentration3,#/100mL,1000,MPN/100mL,10000,#/100mL,,02/28/2025
PR0025283,001,74056,"Coliform, total general",1000,C3,AVG,Concentration3,#/100mL,1000,MPN/100mL,10000,#/100mL,,03/31/2025
PR0025283,001,74056,"Coliform, total general",1000,C3,AVG,Concentration3,#/100mL,1000,MPN/100mL,10000,#/100mL,,04/30/2025
PR0025283,001,74056,"Coliform, total general",10000,C3,AVG,Concentration3,#/100mL,10000,MPN/100mL,10000,#/100mL,,05/31/2025
PR0025283,001,74056,"Coliform, total general",1000,C3,AVG,Concentration3,#/100mL,1000,MPN/100mL,10000,#/100mL,,06/30/2025
PR0025283,001,74056,"Coliform, total general",1000,C3,AVG,Concentration3,#/100mL,1000,MPN/100mL,10000,#/100mL,,07/31/2025
PR0025283,001,74056,"Coliform, total general",23.62,C3,AVG,Concentration3,#/100mL,23.62,MPN/100mL,10000,#/100mL,,08/31/2025
PR0025283,001,74056,"Coliform, total general",1150,C3,AVG,Concentration3,#/100mL,1150,MPN/100mL,10000,#/100mL,,09/30/2025
PR0025283,001,74056,"Coliform, total general",1000,C3,AVG,Concentration3,#/100mL,1000,MPN/100mL,10000,#/100mL,,10/31/2025
PR0025283,001,74056,"Coliform, total general",1000,C3,AVG,Concentration3,#/100mL,1000,MPN/100mL,10000,#/100mL,,11/30/2025
PR0025283,001,74056,"Coliform, total general",1000,C3,AVG,Concentration3,#/100mL,1000,MPN/100mL,10000,#/100mL,,12/31/2025
PR0025283,001,74056,"Coliform, total general",1000,C3,AVG,Concentration3,#/100mL,1000,MPN/100mL,10000,#/100mL,,01/31/2026
PR0025283,001,82230,Ammonia & ammonium- total,4.9,C3,MAX,Concentration3,mg/L,4.9,mg/L,,mg/L,,01/31/2020
PR0025283,001,82230,Ammonia & ammonium- total,19.7,C3,MAX,Concentration3,mg/L,19.7,mg/L,,mg/L,,02/29/2020
PR0025283,001,82230,Ammonia & ammonium- total,0.4,C3,MAX,Concentration3,mg/L,.4,mg/L,,mg/L,,03/31/2020
PR0025283,001,82230,Ammonia & ammonium- total,27,C3,MAX,Concentration3,mg/L,27,mg/L,,mg/L,,04/30/2020
PR0025283,001,82230,Ammonia & ammonium- total,1.71,C3,MAX,Concentration3,mg/L,1.71,mg/L,,mg/L,,05/31/2020
PR0025283,001,82230,Ammonia & ammonium- total,0.94,C3,MAX,Concentration3,mg/L,.94,mg/L,,mg/L,,06/30/2020
PR0025283,001,82230,Ammonia & ammonium- total,0.24,C3,MAX,Concentration3,mg/L,.24,mg/L,,mg/L,,07/31/2020
PR0025283,001,82230,Ammonia & ammonium- total,0.53,C3,MAX,Concentration3,mg/L,.53,mg/L,,mg/L,,08/31/2020
PR0025283,001,82230,Ammonia & ammonium- total,1.54,C3,MAX,Concentration3,mg/L,1.54,mg/L,,mg/L,,09/30/2020
PR0025283,001,82230,Ammonia & ammonium- total,2,C3,MAX,Concentration3,mg/L,2,mg/L,,mg/L,,10/31/2020
PR0025283,001,82230,Ammonia & ammonium- total,0.5,C3,MAX,Concentration3,mg/L,.5,mg/L,,mg/L,,11/30/2020
PR0025283,001,82230,Ammonia & ammonium- total,18.4,C3,MAX,Concentration3,mg/L,18.4,mg/L,,mg/L,,12/31/2020
PR0025283,001,82230,Ammonia & ammonium- total,20.4,C3,MAX,Concentration3,mg/L,20.4,mg/L,,mg/L,,01/31/2021
PR0025283,001,82230,Ammonia & ammonium- total,13.8,C3,MAX,Concentration3,mg/L,13.8,mg/L,,mg/L,,02/28/2021
PR0025283,001,82230,Ammonia & ammonium- total,13.2,C3,MAX,Concentration3,mg/L,13.2,mg/L,,mg/L,,03/31/2021
PR0025283,001,82230,Ammonia & ammonium- total,30,C3,MAX,Concentration3,mg/L,30,mg/L,,mg/L,,04/30/2021
PR0025283,001,82230,Ammonia & ammonium- total,0.57,C3,MAX,Concentration3,mg/L,.57,mg/L,,mg/L,,05/31/2021
PR0025283,001,82230,Ammonia & ammonium- total,2.3,C3,MAX,Concentration3,mg/L,2.3,mg/L,,mg/L,,06/30/2021
PR0025283,001,82230,Ammonia & ammonium- total,0.2,C3,MAX,Concentration3,mg/L,.2,mg/L,,mg/L,,07/31/2021
PR0025283,001,82230,Ammonia & ammonium- total,1.1,C3,MAX,Concentration3,mg/L,1.1,mg/L,,mg/L,,08/31/2021
PR0025283,001,82230,Ammonia & ammonium- total,115,C3,MAX,Concentration3,mg/L,115,mg/L,,mg/L,,09/30/2021
PR0025283,001,82230,Ammonia & ammonium- total,8,C3,MAX,Concentration3,mg/L,8,mg/L,,mg/L,,10/31/2021
PR0025283,001,82230,Ammonia & ammonium- total,35.8,C3,MAX,Concentration3,mg/L,35.8,mg/L,,mg/L,,11/30/2021
PR0025283,001,82230,Ammonia & ammonium- total,2.87,C3,MAX,Concentration3,mg/L,2.87,mg/L,,mg/L,,12/31/2021
PR0025283,001,82230,Ammonia & ammonium- total,10.9,C3,MAX,Concentration3,mg/L,10.9,mg/L,,mg/L,,01/31/2022
PR0025283,001,82230,Ammonia & ammonium- total,0.2,C3,MAX,Concentration3,mg/L,.2,mg/L,,mg/L,,02/28/2022
PR0025283,001,82230,Ammonia & ammonium- total,2.9,C3,MAX,Concentration3,mg/L,2.9,mg/L,,mg/L,,03/31/2022
PR0025283,001,82230,Ammonia & ammonium- total,1.72,C3,MAX,Concentration3,mg/L,1.72,mg/L,,mg/L,,04/30/2022
PR0025283,001,82230,Ammonia & ammonium- total,6.31,C3,MAX,Concentration3,mg/L,6.31,mg/L,,mg/L,,05/31/2022
PR0025283,001,82230,Ammonia & ammonium- total,6.89,C3,MAX,Concentration3,mg/L,6.89,mg/L,,mg/L,,06/30/2022
PR0025283,001,82230,Ammonia & ammonium- total,13.8,C3,MAX,Concentration3,mg/L,13.8,mg/L,,mg/L,,07/31/2022
PR0025283,001,82230,Ammonia & ammonium- total,11.7,C3,MAX,Concentration3,mg/L,11.7,mg/L,,mg/L,,08/31/2022
PR0025283,001,82230,Ammonia & ammonium- total,19.6,C3,MAX,Concentration3,mg/L,19.6,mg/L,,mg/L,,09/30/2022
PR0025283,001,82230,Ammonia & ammonium- total,1,C3,MAX,Concentration3,mg/L,1,mg/L,,mg/L,,10/31/2022
PR0025283,001,82230,Ammonia & ammonium- total,1,C3,MAX,Concentration3,mg/L,1,mg/L,,mg/L,,11/30/2022
PR0025283,001,82230,Ammonia & ammonium- total,8.8,C3,MAX,Concentration3,mg/L,8.8,mg/L,,mg/L,,12/31/2022
PR0025283,001,82230,Ammonia & ammonium- total,10,C3,MAX,Concentration3,mg/L,10,mg/L,,mg/L,,01/31/2023
PR0025283,001,82230,Ammonia & ammonium- total,5.68,C3,MAX,Concentration3,mg/L,5.68,mg/L,,mg/L,,02/28/2023
PR0025283,001,82230,Ammonia & ammonium- total,24.4,C3,MAX,Concentration3,mg/L,24.4,mg/L,,mg/L,,03/31/2023
PR0025283,001,82230,Ammonia & ammonium- total,2.27,C3,MAX,Concentration3,mg/L,2.27,mg/L,,mg/L,,04/30/2023
PR0025283,001,82230,Ammonia & ammonium- total,3.4,C3,MAX,Concentration3,mg/L,3.4,mg/L,,mg/L,,05/31/2023
PR0025283,001,82230,Ammonia & ammonium- total,10.2,C3,MAX,Concentration3,mg/L,10.2,mg/L,,mg/L,,06/30/2023
PR0025283,001,82230,Ammonia & ammonium- total,2.27,C3,MAX,Concentration3,mg/L,2.27,mg/L,,mg/L,,07/31/2023
PR0025283,001,82230,Ammonia & ammonium- total,7.9,C3,MAX,Concentration3,mg/L,7.9,mg/L,,mg/L,,08/31/2023
PR0025283,001,82230,Ammonia & ammonium- total,40.9,C3,MAX,Concentration3,mg/L,40.9,mg/L,,mg/L,,09/30/2023
PR0025283,001,82230,Ammonia & ammonium- total,8.53,C3,MAX,Concentration3,mg/L,8.53,mg/L,,mg/L,,10/31/2023
PR0025283,001,82230,Ammonia & ammonium- total,2.27,C3,MAX,Concentration3,mg/L,2.27,mg/L,,mg/L,,11/30/2023
PR0025283,001,82230,Ammonia & ammonium- total,4.55,C3,MAX,Concentration3,mg/L,4.55,mg/L,,mg/L,,12/31/2023
PR0025283,001,82230,Ammonia & ammonium- total,8.5,C3,MAX,Concentration3,mg/L,8.5,mg/L,,mg/L,,01/31/2024
PR0025283,001,82230,Ammonia & ammonium- total,5.11,C3,MAX,Concentration3,mg/L,5.11,mg/L,,mg/L,,02/29/2024
PR0025283,001,82230,Ammonia & ammonium- total,9.7,C3,MAX,Concentration3,mg/L,9.7,mg/L,,mg/L,,03/31/2024
PR0025283,001,82230,Ammonia & ammonium- total,1.14,C3,MAX,Concentration3,mg/L,1.14,mg/L,,mg/L,,04/30/2024
PR0025283,001,82230,Ammonia & ammonium- total,14.8,C3,MAX,Concentration3,mg/L,14.8,mg/L,,mg/L,,05/31/2024
PR0025283,001,82230,Ammonia & ammonium- total,2.84,C3,MAX,Concentration3,mg/L,2.84,mg/L,,mg/L,,06/30/2024
PR0025283,001,82230,Ammonia & ammonium- total,1,C3,MAX,Concentration3,mg/L,1,mg/L,,mg/L,,07/31/2024
PR0025283,001,82230,Ammonia & ammonium- total,3.4,C3,MAX,Concentration3,mg/L,3.4,mg/L,,mg/L,,08/31/2024
PR0025283,001,82230,Ammonia & ammonium- total,3.4,C3,MAX,Concentration3,mg/L,3.4,mg/L,,mg/L,,09/30/2024
PR0025283,001,82230,Ammonia & ammonium- total,9.7,C3,MAX,Concentration3,mg/L,9.7,mg/L,,mg/L,,10/31/2024
PR0025283,001,82230,Ammonia & ammonium- total,16.7,C3,MAX,Concentration3,mg/L,16.7,mg/L,,mg/L,,11/30/2024
PR0025283,001,82230,Ammonia & ammonium- total,15.9,C3,MAX,Concentration3,mg/L,15.9,mg/L,,mg/L,,12/31/2024
PR0025283,001,82230,Ammonia & ammonium- total,39,C3,MAX,Concentration3,mg/L,39,mg/L,,mg/L,,01/31/2025
PR0025283,001,82230,Ammonia & ammonium- total,1.14,C3,MAX,Concentration3,mg/L,1.14,mg/L,,mg/L,,02/28/2025
PR0025283,001,82230,Ammonia & ammonium- total,33,C3,MAX,Concentration3,mg/L,33,mg/L,,mg/L,,03/31/2025
PR0025283,001,82230,Ammonia & ammonium- total,122,C3,MAX,Concentration3,mg/L,122,mg/L,,mg/L,,04/30/2025
PR0025283,001,82230,Ammonia & ammonium- total,25,C3,MAX,Concentration3,mg/L,25,mg/L,,mg/L,,05/31/2025
PR0025283,001,82230,Ammonia & ammonium- total,27.8,C3,MAX,Concentration3,mg/L,27.8,mg/L,,mg/L,,06/30/2025
PR0025283,001,82230,Ammonia & ammonium- total,27.8,C3,MAX,Concentration3,mg/L,27.8,mg/L,,mg/L,,07/31/2025
PR0025283,001,82230,Ammonia & ammonium- total,3.98,C3,MAX,Concentration3,mg/L,3.98,mg/L,,mg/L,,08/31/2025
PR0025283,001,82230,Ammonia & ammonium- total,15.3,C3,MAX,Concentration3,mg/L,15.3,mg/L,,mg/L,,09/30/2025
PR0025283,001,82230,Ammonia & ammonium- total,1.22,C3,MAX,Concentration3,mg/L,1.22,mg/L,,mg/L,,10/31/2025
PR0025283,001,82230,Ammonia & ammonium- total,31.8,C3,MAX,Concentration3,mg/L,31.8,mg/L,,mg/L,,11/30/2025
PR0025283,001,82230,Ammonia & ammonium- total,45.5,C3,MAX,Concentration3,mg/L,45.5,mg/L,,mg/L,,12/31/2025
PR0025283,001,82230,Ammonia & ammonium- total,1,C3,MAX,Concentration3,mg/L,1,mg/L,,mg/L,,01/31/2026
