npdes_id,perm_feature_nmbr,parameter_code,parameter_desc,dmr_value_nmbr,value_type_code,statistical_base_type_code,value_type_desc,dmr_unit_desc,dmr_value_standard_units,standard_unit_desc,limit_value_nmbr,limit_unit_desc,nodi_code,monitoring_period_end_date
PR0023710,001,00010,"Temperature, water deg. centigrade",28.5,C3,MAX,Concentration3,deg C,28.5,deg C,32.2,deg C,,01/31/2020
PR0023710,001,00010,"Temperature, water deg. centigrade",27.6,C3,MAX,Concentration3,deg C,27.6,deg C,32.2,deg C,,02/29/2020
PR0023710,001,00010,"Temperature, water deg. centigrade",27.9,C3,MAX,Concentration3,deg C,27.9,deg C,32.2,deg C,,03/31/2020
PR0023710,001,00010,"Temperature, water deg. centigrade",28.6,C3,MAX,Concentration3,deg C,28.6,deg C,32.2,deg C,,04/30/2020
PR0023710,001,00010,"Temperature, water deg. centigrade",28.3,C3,MAX,Concentration3,deg C,28.3,deg C,32.2,deg C,,05/31/2020
PR0023710,001,00010,"Temperature, water deg. centigrade",29.3,C3,MAX,Concentration3,deg C,29.3,deg C,32.2,deg C,,06/30/2020
PR0023710,001,00010,"Temperature, water deg. centigrade",29.9,C3,MAX,Concentration3,deg C,29.9,deg C,32.2,deg C,,07/31/2020
PR0023710,001,00010,"Temperature, water deg. centigrade",29.6,C3,MAX,Concentration3,deg C,29.6,deg C,32.2,deg C,,08/31/2020
PR0023710,001,00010,"Temperature, water deg. centigrade",29.5,C3,MAX,Concentration3,deg C,29.5,deg C,32.2,deg C,,09/30/2020
PR0023710,001,00010,"Temperature, water deg. centigrade",30.1,C3,MAX,Concentration3,deg C,30.1,deg C,32.2,deg C,,10/31/2020
PR0023710,001,00010,"Temperature, water deg. centigrade",28.8,C3,MAX,Concentration3,deg C,28.8,deg C,32.2,deg C,,11/30/2020
PR0023710,001,00010,"Temperature, water deg. centigrade",28.6,C3,MAX,Concentration3,deg C,28.6,deg C,32.2,deg C,,12/31/2020
PR0023710,001,00010,"Temperature, water deg. centigrade",29.7,C3,MAX,Concentration3,deg C,29.7,deg C,32.2,deg C,,01/31/2021
PR0023710,001,00010,"Temperature, water deg. centigrade",28.1,C3,MAX,Concentration3,deg C,28.1,deg C,32.2,deg C,,02/28/2021
PR0023710,001,00010,"Temperature, water deg. centigrade",28.4,C3,MAX,Concentration3,deg C,28.4,deg C,32.2,deg C,,03/31/2021
PR0023710,001,00010,"Temperature, water deg. centigrade",30.4,C3,MAX,Concentration3,deg C,30.4,deg C,32.2,deg C,,04/30/2021
PR0023710,001,00010,"Temperature, water deg. centigrade",30.1,C3,MAX,Concentration3,deg C,30.1,deg C,32.2,deg C,,05/31/2021
PR0023710,001,00010,"Temperature, water deg. centigrade",29.1,C3,MAX,Concentration3,deg C,29.1,deg C,32.2,deg C,,06/30/2021
PR0023710,001,00010,"Temperature, water deg. centigrade",30.7,C3,MAX,Concentration3,deg C,30.7,deg C,32.2,deg C,,07/31/2021
PR0023710,001,00010,"Temperature, water deg. centigrade",30.9,C3,MAX,Concentration3,deg C,30.9,deg C,32.2,deg C,,08/31/2021
PR0023710,001,00010,"Temperature, water deg. centigrade",30.9,C3,MAX,Concentration3,deg C,30.9,deg C,32.2,deg C,,09/30/2021
PR0023710,001,00010,"Temperature, water deg. centigrade",30.1,C3,MAX,Concentration3,deg C,30.1,deg C,32.2,deg C,,10/31/2021
PR0023710,001,00010,"Temperature, water deg. centigrade",30.5,C3,MAX,Concentration3,deg C,30.5,deg C,32.2,deg C,,11/30/2021
PR0023710,001,00010,"Temperature, water deg. centigrade",28.9,C3,MAX,Concentration3,deg C,28.9,deg C,32.2,deg C,,12/31/2021
PR0023710,001,00010,"Temperature, water deg. centigrade",28.6,C3,MAX,Concentration3,deg C,28.6,deg C,32.2,deg C,,01/31/2022
PR0023710,001,00010,"Temperature, water deg. centigrade",28.4,C3,MAX,Concentration3,deg C,28.4,deg C,32.2,deg C,,02/28/2022
PR0023710,001,00010,"Temperature, water deg. centigrade",28.4,C3,MAX,Concentration3,deg C,28.4,deg C,32.2,deg C,,03/31/2022
PR0023710,001,00010,"Temperature, water deg. centigrade",28.2,C3,MAX,Concentration3,deg C,28.2,deg C,32.2,deg C,,04/30/2022
PR0023710,001,00010,"Temperature, water deg. centigrade",29.1,C3,MAX,Concentration3,deg C,29.1,deg C,32.2,deg C,,05/31/2022
PR0023710,001,00010,"Temperature, water deg. centigrade",30.8,C3,MAX,Concentration3,deg C,30.8,deg C,32.2,deg C,,06/30/2022
PR0023710,001,00010,"Temperature, water deg. centigrade",31.4,C3,MAX,Concentration3,deg C,31.4,deg C,32.2,deg C,,07/31/2022
PR0023710,001,00010,"Temperature, water deg. centigrade",29.9,C3,MAX,Concentration3,deg C,29.9,deg C,32.2,deg C,,08/31/2022
PR0023710,001,00010,"Temperature, water deg. centigrade",30.9,C3,MAX,Concentration3,deg C,30.9,deg C,32.2,deg C,,09/30/2022
PR0023710,001,00010,"Temperature, water deg. centigrade",29.8,C3,MAX,Concentration3,deg C,29.8,deg C,32.2,deg C,,10/31/2022
PR0023710,001,00010,"Temperature, water deg. centigrade",28.6,C3,MAX,Concentration3,deg C,28.6,deg C,32.2,deg C,,11/30/2022
PR0023710,001,00010,"Temperature, water deg. centigrade",27.7,C3,MAX,Concentration3,deg C,27.7,deg C,32.2,deg C,,12/31/2022
PR0023710,001,00010,"Temperature, water deg. centigrade",26.8,C3,MAX,Concentration3,deg C,26.8,deg C,32.2,deg C,,01/31/2023
PR0023710,001,00010,"Temperature, water deg. centigrade",28.1,C3,MAX,Concentration3,deg C,28.1,deg C,32.2,deg C,,02/28/2023
PR0023710,001,00010,"Temperature, water deg. centigrade",27.5,C3,MAX,Concentration3,deg C,27.5,deg C,32.2,deg C,,03/31/2023
PR0023710,001,00010,"Temperature, water deg. centigrade",27.8,C3,MAX,Concentration3,deg C,27.8,deg C,32.2,deg C,,04/30/2023
PR0023710,001,00010,"Temperature, water deg. centigrade",29.1,C3,MAX,Concentration3,deg C,29.1,deg C,32.2,deg C,,05/31/2023
PR0023710,001,00010,"Temperature, water deg. centigrade",30.3,C3,MAX,Concentration3,deg C,30.3,deg C,32.2,deg C,,06/30/2023
PR0023710,001,00010,"Temperature, water deg. centigrade",30.4,C3,MAX,Concentration3,deg C,30.4,deg C,32.2,deg C,,07/31/2023
PR0023710,001,00010,"Temperature, water deg. centigrade",29.6,C3,MAX,Concentration3,deg C,29.6,deg C,32.2,deg C,,08/31/2023
PR0023710,001,00010,"Temperature, water deg. centigrade",30.6,C3,MAX,Concentration3,deg C,30.6,deg C,32.2,deg C,,09/30/2023
PR0023710,001,00010,"Temperature, water deg. centigrade",29.4,C3,MAX,Concentration3,deg C,29.4,deg C,32.2,deg C,,10/31/2023
PR0023710,001,00010,"Temperature, water deg. centigrade",28.8,C3,MAX,Concentration3,deg C,28.8,deg C,32.2,deg C,,11/30/2023
PR0023710,001,00010,"Temperature, water deg. centigrade",27.8,C3,MAX,Concentration3,deg C,27.8,deg C,32.2,deg C,,12/31/2023
PR0023710,001,00010,"Temperature, water deg. centigrade",27.4,C3,MAX,Concentration3,deg C,27.4,deg C,32.2,deg C,,01/31/2024
PR0023710,001,00010,"Temperature, water deg. centigrade",26.6,C3,MAX,Concentration3,deg C,26.6,deg C,32.2,deg C,,02/29/2024
PR0023710,001,00010,"Temperature, water deg. centigrade",26.4,C3,MAX,Concentration3,deg C,26.4,deg C,32.2,deg C,,03/31/2024
PR0023710,001,00010,"Temperature, water deg. centigrade",27.1,C3,MAX,Concentration3,deg C,27.1,deg C,32.2,deg C,,04/30/2024
PR0023710,001,00010,"Temperature, water deg. centigrade",27.1,C3,MAX,Concentration3,deg C,27.1,deg C,32.2,deg C,,05/31/2024
PR0023710,001,00010,"Temperature, water deg. centigrade",28.2,C3,MAX,Concentration3,deg C,28.2,deg C,32.2,deg C,,06/30/2024
PR0023710,001,00010,"Temperature, water deg. centigrade",28.7,C3,MAX,Concentration3,deg C,28.7,deg C,32.2,deg C,,07/31/2024
PR0023710,001,00010,"Temperature, water deg. centigrade",28.4,C3,MAX,Concentration3,deg C,28.4,deg C,32.2,deg C,,08/31/2024
PR0023710,001,00010,"Temperature, water deg. centigrade",29.5,C3,MAX,Concentration3,deg C,29.5,deg C,32.2,deg C,,09/30/2024
PR0023710,001,00010,"Temperature, water deg. centigrade",29.4,C3,MAX,Concentration3,deg C,29.4,deg C,32.2,deg C,,10/31/2024
PR0023710,001,00010,"Temperature, water deg. centigrade",27.5,C3,MAX,Concentration3,deg C,27.5,deg C,32.2,deg C,,11/30/2024
PR0023710,001,00010,"Temperature, water deg. centigrade",28.4,C3,MAX,Concentration3,deg C,28.4,deg C,32.2,deg C,,12/31/2024
PR0023710,001,00010,"Temperature, water deg. centigrade",26.3,C3,MAX,Concentration3,deg C,26.3,deg C,32.2,deg C,,01/31/2025
PR0023710,001,00010,"Temperature, water deg. centigrade",27.4,C3,MAX,Concentration3,deg C,27.4,deg C,32.2,deg C,,02/28/2025
PR0023710,001,00010,"Temperature, water deg. centigrade",28.2,C3,MAX,Concentration3,deg C,28.2,deg C,32.2,deg C,,03/31/2025
PR0023710,001,00010,"Temperature, water deg. centigrade",27.5,C3,MAX,Concentration3,deg C,27.5,deg C,32.2,deg C,,04/30/2025
PR0023710,001,00010,"Temperature, water deg. centigrade",28,C3,MAX,Concentration3,deg C,28,deg C,32.2,deg C,,05/31/2025
PR0023710,001,00010,"Temperature, water deg. centigrade",29.5,C3,MAX,Concentration3,deg C,29.5,deg C,32.2,deg C,,06/30/2025
PR0023710,001,00010,"Temperature, water deg. centigrade",28.5,C3,MAX,Concentration3,deg C,28.5,deg C,32.2,deg C,,07/31/2025
PR0023710,001,00010,"Temperature, water deg. centigrade",28.8,C3,MAX,Concentration3,deg C,28.8,deg C,32.2,deg C,,08/31/2025
PR0023710,001,00010,"Temperature, water deg. centigrade",28,C3,MAX,Concentration3,deg C,28,deg C,32.2,deg C,,09/30/2025
PR0023710,001,00010,"Temperature, water deg. centigrade",28.9,C3,MAX,Concentration3,deg C,28.9,deg C,32.2,deg C,,10/31/2025
PR0023710,001,00010,"Temperature, water deg. centigrade",29.5,C3,MAX,Concentration3,deg C,29.5,deg C,32.2,deg C,,11/30/2025
PR0023710,001,00010,"Temperature, water deg. centigrade",28.2,C3,MAX,Concentration3,deg C,28.2,deg C,32.2,deg C,,12/31/2025
PR0023710,001,00010,"Temperature, water deg. centigrade",27.4,C3,MAX,Concentration3,deg C,27.4,deg C,32.2,deg C,,01/31/2026
PR0023710,001,00070,Turbidity,26,C3,MAX,Concentration3,NTU,26,NTU,57,NTU,,01/31/2020
PR0023710,001,00070,Turbidity,36,C3,MAX,Concentration3,NTU,36,NTU,57,NTU,,02/29/2020
PR0023710,001,00070,Turbidity,14,C3,MAX,Concentration3,NTU,14,NTU,57,NTU,,03/31/2020
PR0023710,001,00070,Turbidity,20,C3,MAX,Concentration3,NTU,20,NTU,57,NTU,,04/30/2020
PR0023710,001,00070,Turbidity,22,C3,MAX,Concentration3,NTU,22,NTU,57,NTU,,05/31/2020
PR0023710,001,00070,Turbidity,9.4,C3,MAX,Concentration3,NTU,9.4,NTU,57,NTU,,06/30/2020
PR0023710,001,00070,Turbidity,16,C3,MAX,Concentration3,NTU,16,NTU,57,NTU,,07/31/2020
PR0023710,001,00070,Turbidity,10,C3,MAX,Concentration3,NTU,10,NTU,57,NTU,,08/31/2020
PR0023710,001,00070,Turbidity,13,C3,MAX,Concentration3,NTU,13,NTU,57,NTU,,09/30/2020
PR0023710,001,00070,Turbidity,19,C3,MAX,Concentration3,NTU,19,NTU,57,NTU,,10/31/2020
PR0023710,001,00070,Turbidity,12,C3,MAX,Concentration3,NTU,12,NTU,57,NTU,,11/30/2020
PR0023710,001,00070,Turbidity,28,C3,MAX,Concentration3,NTU,28,NTU,57,NTU,,12/31/2020
PR0023710,001,00070,Turbidity,15,C3,MAX,Concentration3,NTU,15,NTU,57,NTU,,01/31/2021
PR0023710,001,00070,Turbidity,19,C3,MAX,Concentration3,NTU,19,NTU,57,NTU,,02/28/2021
PR0023710,001,00070,Turbidity,29,C3,MAX,Concentration3,NTU,29,NTU,57,NTU,,03/31/2021
PR0023710,001,00070,Turbidity,23,C3,MAX,Concentration3,NTU,23,NTU,57,NTU,,04/30/2021
PR0023710,001,00070,Turbidity,27,C3,MAX,Concentration3,NTU,27,NTU,57,NTU,,05/31/2021
PR0023710,001,00070,Turbidity,45,C3,MAX,Concentration3,NTU,45,NTU,57,NTU,,06/30/2021
PR0023710,001,00070,Turbidity,18,C3,MAX,Concentration3,NTU,18,NTU,57,NTU,,07/31/2021
PR0023710,001,00070,Turbidity,35,C3,MAX,Concentration3,NTU,35,NTU,57,NTU,,08/31/2021
PR0023710,001,00070,Turbidity,29,C3,MAX,Concentration3,NTU,29,NTU,57,NTU,,09/30/2021
PR0023710,001,00070,Turbidity,45,C3,MAX,Concentration3,NTU,45,NTU,57,NTU,,10/31/2021
PR0023710,001,00070,Turbidity,32,C3,MAX,Concentration3,NTU,32,NTU,57,NTU,,11/30/2021
PR0023710,001,00070,Turbidity,50,C3,MAX,Concentration3,NTU,50,NTU,57,NTU,,12/31/2021
PR0023710,001,00070,Turbidity,39,C3,MAX,Concentration3,NTU,39,NTU,57,NTU,,01/31/2022
PR0023710,001,00070,Turbidity,17,C3,MAX,Concentration3,NTU,17,NTU,57,NTU,,02/28/2022
PR0023710,001,00070,Turbidity,40,C3,MAX,Concentration3,NTU,40,NTU,57,NTU,,03/31/2022
PR0023710,001,00070,Turbidity,90,C3,MAX,Concentration3,NTU,90,NTU,57,NTU,,04/30/2022
PR0023710,001,00070,Turbidity,85,C3,MAX,Concentration3,NTU,85,NTU,57,NTU,,05/31/2022
PR0023710,001,00070,Turbidity,160,C3,MAX,Concentration3,NTU,160,NTU,57,NTU,,06/30/2022
PR0023710,001,00070,Turbidity,45,C3,MAX,Concentration3,NTU,45,NTU,57,NTU,,07/31/2022
PR0023710,001,00070,Turbidity,50,C3,MAX,Concentration3,NTU,50,NTU,57,NTU,,08/31/2022
PR0023710,001,00070,Turbidity,28,C3,MAX,Concentration3,NTU,28,NTU,57,NTU,,09/30/2022
PR0023710,001,00070,Turbidity,35,C3,MAX,Concentration3,NTU,35,NTU,57,NTU,,10/31/2022
PR0023710,001,00070,Turbidity,18,C3,MAX,Concentration3,NTU,18,NTU,57,NTU,,11/30/2022
PR0023710,001,00070,Turbidity,55,C3,MAX,Concentration3,NTU,55,NTU,57,NTU,,12/31/2022
PR0023710,001,00070,Turbidity,60,C3,MAX,Concentration3,NTU,60,NTU,57,NTU,,01/31/2023
PR0023710,001,00070,Turbidity,24,C3,MAX,Concentration3,NTU,24,NTU,57,NTU,,02/28/2023
PR0023710,001,00070,Turbidity,110,C3,MAX,Concentration3,NTU,110,NTU,57,NTU,,03/31/2023
PR0023710,001,00070,Turbidity,39,C3,MAX,Concentration3,NTU,39,NTU,57,NTU,,04/30/2023
PR0023710,001,00070,Turbidity,38,C3,MAX,Concentration3,NTU,38,NTU,57,NTU,,05/31/2023
PR0023710,001,00070,Turbidity,65,C3,MAX,Concentration3,NTU,65,NTU,57,NTU,,06/30/2023
PR0023710,001,00070,Turbidity,55,C3,MAX,Concentration3,NTU,55,NTU,57,NTU,,07/31/2023
PR0023710,001,00070,Turbidity,65,C3,MAX,Concentration3,NTU,65,NTU,57,NTU,,08/31/2023
PR0023710,001,00070,Turbidity,30,C3,MAX,Concentration3,NTU,30,NTU,57,NTU,,09/30/2023
PR0023710,001,00070,Turbidity,70,C3,MAX,Concentration3,NTU,70,NTU,57,NTU,,10/31/2023
PR0023710,001,00070,Turbidity,16,C3,MAX,Concentration3,NTU,16,NTU,57,NTU,,11/30/2023
PR0023710,001,00070,Turbidity,80,C3,MAX,Concentration3,NTU,80,NTU,57,NTU,,12/31/2023
PR0023710,001,00070,Turbidity,38,C3,MAX,Concentration3,NTU,38,NTU,57,NTU,,01/31/2024
PR0023710,001,00070,Turbidity,35,C3,MAX,Concentration3,NTU,35,NTU,57,NTU,,02/29/2024
PR0023710,001,00070,Turbidity,18,C3,MAX,Concentration3,NTU,18,NTU,57,NTU,,03/31/2024
PR0023710,001,00070,Turbidity,45,C3,MAX,Concentration3,NTU,45,NTU,57,NTU,,04/30/2024
PR0023710,001,00070,Turbidity,12,C3,MAX,Concentration3,NTU,12,NTU,57,NTU,,05/31/2024
PR0023710,001,00070,Turbidity,27,C3,MAX,Concentration3,NTU,27,NTU,57,NTU,,06/30/2024
PR0023710,001,00070,Turbidity,27,C3,MAX,Concentration3,NTU,27,NTU,57,NTU,,07/31/2024
PR0023710,001,00070,Turbidity,28,C3,MAX,Concentration3,NTU,28,NTU,57,NTU,,08/31/2024
PR0023710,001,00070,Turbidity,29,C3,MAX,Concentration3,NTU,29,NTU,57,NTU,,09/30/2024
PR0023710,001,00070,Turbidity,29,C3,MAX,Concentration3,NTU,29,NTU,57,NTU,,10/31/2024
PR0023710,001,00070,Turbidity,19,C3,MAX,Concentration3,NTU,19,NTU,57,NTU,,11/30/2024
PR0023710,001,00070,Turbidity,35,C3,MAX,Concentration3,NTU,35,NTU,57,NTU,,12/31/2024
PR0023710,001,00070,Turbidity,17,C3,MAX,Concentration3,NTU,17,NTU,57,NTU,,01/31/2025
PR0023710,001,00070,Turbidity,65,C3,MAX,Concentration3,NTU,65,NTU,57,NTU,,02/28/2025
PR0023710,001,00070,Turbidity,34,C3,MAX,Concentration3,NTU,34,NTU,57,NTU,,03/31/2025
PR0023710,001,00070,Turbidity,20,C3,MAX,Concentration3,NTU,20,NTU,57,NTU,,04/30/2025
PR0023710,001,00070,Turbidity,30,C3,MAX,Concentration3,NTU,30,NTU,57,NTU,,05/31/2025
PR0023710,001,00070,Turbidity,22,C3,MAX,Concentration3,NTU,22,NTU,57,NTU,,06/30/2025
PR0023710,001,00070,Turbidity,45,C3,MAX,Concentration3,NTU,45,NTU,57,NTU,,07/31/2025
PR0023710,001,00070,Turbidity,34,C3,MAX,Concentration3,NTU,34,NTU,57,NTU,,08/31/2025
PR0023710,001,00070,Turbidity,28,C3,MAX,Concentration3,NTU,28,NTU,57,NTU,,09/30/2025
PR0023710,001,00070,Turbidity,19,C3,MAX,Concentration3,NTU,19,NTU,57,NTU,,10/31/2025
PR0023710,001,00070,Turbidity,50,C3,MAX,Concentration3,NTU,50,NTU,57,NTU,,11/30/2025
PR0023710,001,00070,Turbidity,70,C3,MAX,Concentration3,NTU,70,NTU,57,NTU,,12/31/2025
PR0023710,001,00070,Turbidity,39,C3,MAX,Concentration3,NTU,39,NTU,57,NTU,,01/31/2026
PR0023710,001,00080,Color [PT-CO units],15,C3,MAX,Concentration3,col unit (pc),15,col unit (pc),,col unit (pc),,01/31/2020
PR0023710,001,00080,Color [PT-CO units],15,C3,MAX,Concentration3,col unit (pc),15,col unit (pc),,col unit (pc),,02/29/2020
PR0023710,001,00080,Color [PT-CO units],10,C3,MAX,Concentration3,col unit (pc),10,col unit (pc),,col unit (pc),,03/31/2020
PR0023710,001,00080,Color [PT-CO units],10,C3,MAX,Concentration3,col unit (pc),10,col unit (pc),,col unit (pc),,04/30/2020
PR0023710,001,00080,Color [PT-CO units],15,C3,MAX,Concentration3,col unit (pc),15,col unit (pc),,col unit (pc),,05/31/2020
PR0023710,001,00080,Color [PT-CO units],15,C3,MAX,Concentration3,col unit (pc),15,col unit (pc),,col unit (pc),,06/30/2020
PR0023710,001,00080,Color [PT-CO units],10,C3,MAX,Concentration3,col unit (pc),10,col unit (pc),,col unit (pc),,07/31/2020
PR0023710,001,00080,Color [PT-CO units],10,C3,MAX,Concentration3,col unit (pc),10,col unit (pc),,col unit (pc),,08/31/2020
PR0023710,001,00080,Color [PT-CO units],15,C3,MAX,Concentration3,col unit (pc),15,col unit (pc),,col unit (pc),,09/30/2020
PR0023710,001,00080,Color [PT-CO units],10,C3,MAX,Concentration3,col unit (pc),10,col unit (pc),,col unit (pc),,10/31/2020
PR0023710,001,00080,Color [PT-CO units],15,C3,MAX,Concentration3,col unit (pc),15,col unit (pc),,col unit (pc),,11/30/2020
PR0023710,001,00080,Color [PT-CO units],15,C3,MAX,Concentration3,col unit (pc),15,col unit (pc),,col unit (pc),,12/31/2020
PR0023710,001,00080,Color [PT-CO units],20,C3,MAX,Concentration3,col unit (pc),20,col unit (pc),,col unit (pc),,01/31/2021
PR0023710,001,00080,Color [PT-CO units],20,C3,MAX,Concentration3,col unit (pc),20,col unit (pc),,col unit (pc),,02/28/2021
PR0023710,001,00080,Color [PT-CO units],15,C3,MAX,Concentration3,col unit (pc),15,col unit (pc),,col unit (pc),,03/31/2021
PR0023710,001,00080,Color [PT-CO units],30,C3,MAX,Concentration3,col unit (pc),30,col unit (pc),,col unit (pc),,04/30/2021
PR0023710,001,00080,Color [PT-CO units],30,C3,MAX,Concentration3,col unit (pc),30,col unit (pc),,col unit (pc),,05/31/2021
PR0023710,001,00080,Color [PT-CO units],20,C3,MAX,Concentration3,col unit (pc),20,col unit (pc),,col unit (pc),,06/30/2021
PR0023710,001,00080,Color [PT-CO units],15,C3,MAX,Concentration3,col unit (pc),15,col unit (pc),,col unit (pc),,07/31/2021
PR0023710,001,00080,Color [PT-CO units],15,C3,MAX,Concentration3,col unit (pc),15,col unit (pc),,col unit (pc),,08/31/2021
PR0023710,001,00080,Color [PT-CO units],10,C3,MAX,Concentration3,col unit (pc),10,col unit (pc),,col unit (pc),,09/30/2021
PR0023710,001,00080,Color [PT-CO units],10,C3,MAX,Concentration3,col unit (pc),10,col unit (pc),,col unit (pc),,10/31/2021
PR0023710,001,00080,Color [PT-CO units],20,C3,MAX,Concentration3,col unit (pc),20,col unit (pc),,col unit (pc),,11/30/2021
PR0023710,001,00080,Color [PT-CO units],20,C3,MAX,Concentration3,col unit (pc),20,col unit (pc),,col unit (pc),,12/31/2021
PR0023710,001,00080,Color [PT-CO units],20,C3,MAX,Concentration3,col unit (pc),20,col unit (pc),,col unit (pc),,01/31/2022
PR0023710,001,00080,Color [PT-CO units],5,C3,MAX,Concentration3,col unit (pc),5,col unit (pc),,col unit (pc),,02/28/2022
PR0023710,001,00080,Color [PT-CO units],20,C3,MAX,Concentration3,col unit (pc),20,col unit (pc),,col unit (pc),,03/31/2022
PR0023710,001,00080,Color [PT-CO units],15,C3,MAX,Concentration3,col unit (pc),15,col unit (pc),,col unit (pc),,04/30/2022
PR0023710,001,00080,Color [PT-CO units],15,C3,MAX,Concentration3,col unit (pc),15,col unit (pc),,col unit (pc),,05/31/2022
PR0023710,001,00080,Color [PT-CO units],10,C3,MAX,Concentration3,col unit (pc),10,col unit (pc),,col unit (pc),,06/30/2022
PR0023710,001,00080,Color [PT-CO units],10,C3,MAX,Concentration3,col unit (pc),10,col unit (pc),,col unit (pc),,07/31/2022
PR0023710,001,00080,Color [PT-CO units],5,C3,MAX,Concentration3,col unit (pc),5,col unit (pc),,col unit (pc),,08/31/2022
PR0023710,001,00080,Color [PT-CO units],10,C3,MAX,Concentration3,col unit (pc),10,col unit (pc),,col unit (pc),,09/30/2022
PR0023710,001,00080,Color [PT-CO units],15,C3,MAX,Concentration3,col unit (pc),15,col unit (pc),,col unit (pc),,10/31/2022
PR0023710,001,00080,Color [PT-CO units],5,C3,MAX,Concentration3,col unit (pc),5,col unit (pc),,col unit (pc),,11/30/2022
PR0023710,001,00080,Color [PT-CO units],15,C3,MAX,Concentration3,col unit (pc),15,col unit (pc),,col unit (pc),,12/31/2022
PR0023710,001,00080,Color [PT-CO units],15,C3,MAX,Concentration3,col unit (pc),15,col unit (pc),,col unit (pc),,01/31/2023
PR0023710,001,00080,Color [PT-CO units],5,C3,MAX,Concentration3,col unit (pc),5,col unit (pc),,col unit (pc),,02/28/2023
PR0023710,001,00080,Color [PT-CO units],15,C3,MAX,Concentration3,col unit (pc),15,col unit (pc),,col unit (pc),,03/31/2023
PR0023710,001,00080,Color [PT-CO units],15,C3,MAX,Concentration3,col unit (pc),15,col unit (pc),,col unit (pc),,04/30/2023
PR0023710,001,00080,Color [PT-CO units],5,C3,MAX,Concentration3,col unit (pc),5,col unit (pc),,col unit (pc),,05/31/2023
PR0023710,001,00080,Color [PT-CO units],10,C3,MAX,Concentration3,col unit (pc),10,col unit (pc),,col unit (pc),,06/30/2023
PR0023710,001,00080,Color [PT-CO units],15,C3,MAX,Concentration3,col unit (pc),15,col unit (pc),,col unit (pc),,07/31/2023
PR0023710,001,00080,Color [PT-CO units],10,C3,MAX,Concentration3,col unit (pc),10,col unit (pc),,col unit (pc),,08/31/2023
PR0023710,001,00080,Color [PT-CO units],5,C3,MAX,Concentration3,col unit (pc),5,col unit (pc),,col unit (pc),,09/30/2023
PR0023710,001,00080,Color [PT-CO units],20,C3,MAX,Concentration3,col unit (pc),20,col unit (pc),,col unit (pc),,10/31/2023
PR0023710,001,00080,Color [PT-CO units],10,C3,MAX,Concentration3,col unit (pc),10,col unit (pc),,col unit (pc),,11/30/2023
PR0023710,001,00080,Color [PT-CO units],10,C3,MAX,Concentration3,col unit (pc),10,col unit (pc),,col unit (pc),,12/31/2023
PR0023710,001,00080,Color [PT-CO units],10,C3,MAX,Concentration3,col unit (pc),10,col unit (pc),,col unit (pc),,01/31/2024
PR0023710,001,00080,Color [PT-CO units],10,C3,MAX,Concentration3,col unit (pc),10,col unit (pc),,col unit (pc),,02/29/2024
PR0023710,001,00080,Color [PT-CO units],10,C3,MAX,Concentration3,col unit (pc),10,col unit (pc),,col unit (pc),,03/31/2024
PR0023710,001,00080,Color [PT-CO units],5,C3,MAX,Concentration3,col unit (pc),5,col unit (pc),,col unit (pc),,04/30/2024
PR0023710,001,00080,Color [PT-CO units],15,C3,MAX,Concentration3,col unit (pc),15,col unit (pc),,col unit (pc),,05/31/2024
PR0023710,001,00080,Color [PT-CO units],0,C3,MAX,Concentration3,col unit (pc),0,col unit (pc),,col unit (pc),,06/30/2024
PR0023710,001,00080,Color [PT-CO units],5,C3,MAX,Concentration3,col unit (pc),5,col unit (pc),,col unit (pc),,07/31/2024
PR0023710,001,00080,Color [PT-CO units],15,C3,MAX,Concentration3,col unit (pc),15,col unit (pc),,col unit (pc),,08/31/2024
PR0023710,001,00080,Color [PT-CO units],5,C3,MAX,Concentration3,col unit (pc),5,col unit (pc),,col unit (pc),,09/30/2024
PR0023710,001,00080,Color [PT-CO units],10,C3,MAX,Concentration3,col unit (pc),10,col unit (pc),,col unit (pc),,10/31/2024
PR0023710,001,00080,Color [PT-CO units],0,C3,MAX,Concentration3,col unit (pc),0,col unit (pc),,col unit (pc),,11/30/2024
PR0023710,001,00080,Color [PT-CO units],15,C3,MAX,Concentration3,col unit (pc),15,col unit (pc),,col unit (pc),,12/31/2024
PR0023710,001,00080,Color [PT-CO units],10,C3,MAX,Concentration3,col unit (pc),10,col unit (pc),,col unit (pc),,01/31/2025
PR0023710,001,00080,Color [PT-CO units],10,C3,MAX,Concentration3,col unit (pc),10,col unit (pc),,col unit (pc),,02/28/2025
PR0023710,001,00080,Color [PT-CO units],15,C3,MAX,Concentration3,col unit (pc),15,col unit (pc),,col unit (pc),,03/31/2025
PR0023710,001,00080,Color [PT-CO units],10,C3,MAX,Concentration3,col unit (pc),10,col unit (pc),,col unit (pc),,04/30/2025
PR0023710,001,00080,Color [PT-CO units],15,C3,MAX,Concentration3,col unit (pc),15,col unit (pc),,col unit (pc),,05/31/2025
PR0023710,001,00080,Color [PT-CO units],15,C3,MAX,Concentration3,col unit (pc),15,col unit (pc),,col unit (pc),,06/30/2025
PR0023710,001,00080,Color [PT-CO units],30,C3,MAX,Concentration3,col unit (pc),30,col unit (pc),,col unit (pc),,07/31/2025
PR0023710,001,00080,Color [PT-CO units],10,C3,MAX,Concentration3,col unit (pc),10,col unit (pc),,col unit (pc),,08/31/2025
PR0023710,001,00080,Color [PT-CO units],10,C3,MAX,Concentration3,col unit (pc),10,col unit (pc),,col unit (pc),,09/30/2025
PR0023710,001,00080,Color [PT-CO units],10,C3,MAX,Concentration3,col unit (pc),10,col unit (pc),,col unit (pc),,10/31/2025
PR0023710,001,00080,Color [PT-CO units],15,C3,MAX,Concentration3,col unit (pc),15,col unit (pc),,col unit (pc),,11/30/2025
PR0023710,001,00080,Color [PT-CO units],15,C3,MAX,Concentration3,col unit (pc),15,col unit (pc),,col unit (pc),,12/31/2025
PR0023710,001,00080,Color [PT-CO units],15,C3,MAX,Concentration3,col unit (pc),15,col unit (pc),,col unit (pc),,01/31/2026
PR0023710,001,00300,"Oxygen, dissolved [DO]",5.14,C1,MIN,Concentration1,mg/L,5.14,mg/L,,mg/L,,01/31/2020
PR0023710,001,00300,"Oxygen, dissolved [DO]",4.93,C1,MIN,Concentration1,mg/L,4.93,mg/L,,mg/L,,02/29/2020
PR0023710,001,00300,"Oxygen, dissolved [DO]",5.37,C1,MIN,Concentration1,mg/L,5.37,mg/L,,mg/L,,03/31/2020
PR0023710,001,00300,"Oxygen, dissolved [DO]",5.29,C1,MIN,Concentration1,mg/L,5.29,mg/L,,mg/L,,04/30/2020
PR0023710,001,00300,"Oxygen, dissolved [DO]",4.43,C1,MIN,Concentration1,mg/L,4.43,mg/L,,mg/L,,05/31/2020
PR0023710,001,00300,"Oxygen, dissolved [DO]",4.63,C1,MIN,Concentration1,mg/L,4.63,mg/L,,mg/L,,06/30/2020
PR0023710,001,00300,"Oxygen, dissolved [DO]",5.04,C1,MIN,Concentration1,mg/L,5.04,mg/L,,mg/L,,07/31/2020
PR0023710,001,00300,"Oxygen, dissolved [DO]",4.77,C1,MIN,Concentration1,mg/L,4.77,mg/L,,mg/L,,08/31/2020
PR0023710,001,00300,"Oxygen, dissolved [DO]",4.41,C1,MIN,Concentration1,mg/L,4.41,mg/L,,mg/L,,09/30/2020
PR0023710,001,00300,"Oxygen, dissolved [DO]",5.56,C1,MIN,Concentration1,mg/L,5.56,mg/L,,mg/L,,10/31/2020
PR0023710,001,00300,"Oxygen, dissolved [DO]",5.19,C1,MIN,Concentration1,mg/L,5.19,mg/L,,mg/L,,11/30/2020
PR0023710,001,00300,"Oxygen, dissolved [DO]",4.08,C1,MIN,Concentration1,mg/L,4.08,mg/L,,mg/L,,12/31/2020
PR0023710,001,00300,"Oxygen, dissolved [DO]",5.41,C1,MIN,Concentration1,mg/L,5.41,mg/L,,mg/L,,01/31/2021
PR0023710,001,00300,"Oxygen, dissolved [DO]",5.19,C1,MIN,Concentration1,mg/L,5.19,mg/L,,mg/L,,02/28/2021
PR0023710,001,00300,"Oxygen, dissolved [DO]",5.02,C1,MIN,Concentration1,mg/L,5.02,mg/L,,mg/L,,03/31/2021
PR0023710,001,00300,"Oxygen, dissolved [DO]",5.63,C1,MIN,Concentration1,mg/L,5.63,mg/L,,mg/L,,04/30/2021
PR0023710,001,00300,"Oxygen, dissolved [DO]",4,C1,MIN,Concentration1,mg/L,4,mg/L,,mg/L,,05/31/2021
PR0023710,001,00300,"Oxygen, dissolved [DO]",4.35,C1,MIN,Concentration1,mg/L,4.35,mg/L,,mg/L,,06/30/2021
PR0023710,001,00300,"Oxygen, dissolved [DO]",4,C1,MIN,Concentration1,mg/L,4,mg/L,,mg/L,,07/31/2021
PR0023710,001,00300,"Oxygen, dissolved [DO]",4.07,C1,MIN,Concentration1,mg/L,4.07,mg/L,,mg/L,,08/31/2021
PR0023710,001,00300,"Oxygen, dissolved [DO]",4,C1,MIN,Concentration1,mg/L,4,mg/L,,mg/L,,09/30/2021
PR0023710,001,00300,"Oxygen, dissolved [DO]",4.09,C1,MIN,Concentration1,mg/L,4.09,mg/L,,mg/L,,10/31/2021
PR0023710,001,00300,"Oxygen, dissolved [DO]",4.01,C1,MIN,Concentration1,mg/L,4.01,mg/L,,mg/L,,11/30/2021
PR0023710,001,00300,"Oxygen, dissolved [DO]",4.02,C1,MIN,Concentration1,mg/L,4.02,mg/L,,mg/L,,12/31/2021
PR0023710,001,00300,"Oxygen, dissolved [DO]",3.66,C1,MIN,Concentration1,mg/L,3.66,mg/L,,mg/L,,01/31/2022
PR0023710,001,00300,"Oxygen, dissolved [DO]",4.06,C1,MIN,Concentration1,mg/L,4.06,mg/L,,mg/L,,02/28/2022
PR0023710,001,00300,"Oxygen, dissolved [DO]",2.09,C1,MIN,Concentration1,mg/L,2.09,mg/L,,mg/L,,03/31/2022
PR0023710,001,00300,"Oxygen, dissolved [DO]",1.25,C1,MIN,Concentration1,mg/L,1.25,mg/L,,mg/L,,04/30/2022
PR0023710,001,00300,"Oxygen, dissolved [DO]",0.35,C1,MIN,Concentration1,mg/L,.35,mg/L,,mg/L,,05/31/2022
PR0023710,001,00300,"Oxygen, dissolved [DO]",1.45,C1,MIN,Concentration1,mg/L,1.45,mg/L,,mg/L,,06/30/2022
PR0023710,001,00300,"Oxygen, dissolved [DO]",0.71,C1,MIN,Concentration1,mg/L,.71,mg/L,,mg/L,,07/31/2022
PR0023710,001,00300,"Oxygen, dissolved [DO]",0.61,C1,MIN,Concentration1,mg/L,.61,mg/L,,mg/L,,08/31/2022
PR0023710,001,00300,"Oxygen, dissolved [DO]",2.1,C1,MIN,Concentration1,mg/L,2.1,mg/L,,mg/L,,09/30/2022
PR0023710,001,00300,"Oxygen, dissolved [DO]",2.31,C1,MIN,Concentration1,mg/L,2.31,mg/L,,mg/L,,10/31/2022
PR0023710,001,00300,"Oxygen, dissolved [DO]",0.33,C1,MIN,Concentration1,mg/L,.33,mg/L,,mg/L,,11/30/2022
PR0023710,001,00300,"Oxygen, dissolved [DO]",1.74,C1,MIN,Concentration1,mg/L,1.74,mg/L,,mg/L,,12/31/2022
PR0023710,001,00300,"Oxygen, dissolved [DO]",2.1,C1,MIN,Concentration1,mg/L,2.1,mg/L,,mg/L,,01/31/2023
PR0023710,001,00300,"Oxygen, dissolved [DO]",2.96,C1,MIN,Concentration1,mg/L,2.96,mg/L,,mg/L,,02/28/2023
PR0023710,001,00300,"Oxygen, dissolved [DO]",2.6,C1,MIN,Concentration1,mg/L,2.6,mg/L,,mg/L,,03/31/2023
PR0023710,001,00300,"Oxygen, dissolved [DO]",1.01,C1,MIN,Concentration1,mg/L,1.01,mg/L,,mg/L,,04/30/2023
PR0023710,001,00300,"Oxygen, dissolved [DO]",3.05,C1,MIN,Concentration1,mg/L,3.05,mg/L,,mg/L,,05/31/2023
PR0023710,001,00300,"Oxygen, dissolved [DO]",0.96,C1,MIN,Concentration1,mg/L,.96,mg/L,,mg/L,,06/30/2023
PR0023710,001,00300,"Oxygen, dissolved [DO]",1.62,C1,MIN,Concentration1,mg/L,1.62,mg/L,,mg/L,,07/31/2023
PR0023710,001,00300,"Oxygen, dissolved [DO]",1.51,C1,MIN,Concentration1,mg/L,1.51,mg/L,,mg/L,,08/31/2023
PR0023710,001,00300,"Oxygen, dissolved [DO]",2.39,C1,MIN,Concentration1,mg/L,2.39,mg/L,,mg/L,,09/30/2023
PR0023710,001,00300,"Oxygen, dissolved [DO]",1.77,C1,MIN,Concentration1,mg/L,1.77,mg/L,,mg/L,,10/31/2023
PR0023710,001,00300,"Oxygen, dissolved [DO]",4.01,C1,MIN,Concentration1,mg/L,4.01,mg/L,,mg/L,,11/30/2023
PR0023710,001,00300,"Oxygen, dissolved [DO]",3.14,C1,MIN,Concentration1,mg/L,3.14,mg/L,,mg/L,,12/31/2023
PR0023710,001,00300,"Oxygen, dissolved [DO]",3.38,C1,MIN,Concentration1,mg/L,3.38,mg/L,,mg/L,,01/31/2024
PR0023710,001,00300,"Oxygen, dissolved [DO]",4.11,C1,MIN,Concentration1,mg/L,4.11,mg/L,,mg/L,,02/29/2024
PR0023710,001,00300,"Oxygen, dissolved [DO]",4.06,C1,MIN,Concentration1,mg/L,4.06,mg/L,,mg/L,,03/31/2024
PR0023710,001,00300,"Oxygen, dissolved [DO]",3.08,C1,MIN,Concentration1,mg/L,3.08,mg/L,,mg/L,,04/30/2024
PR0023710,001,00300,"Oxygen, dissolved [DO]",1.82,C1,MIN,Concentration1,mg/L,1.82,mg/L,,mg/L,,05/31/2024
PR0023710,001,00300,"Oxygen, dissolved [DO]",2.76,C1,MIN,Concentration1,mg/L,2.76,mg/L,,mg/L,,06/30/2024
PR0023710,001,00300,"Oxygen, dissolved [DO]",2.44,C1,MIN,Concentration1,mg/L,2.44,mg/L,,mg/L,,07/31/2024
PR0023710,001,00300,"Oxygen, dissolved [DO]",3.11,C1,MIN,Concentration1,mg/L,3.11,mg/L,,mg/L,,08/31/2024
PR0023710,001,00300,"Oxygen, dissolved [DO]",2.1,C1,MIN,Concentration1,mg/L,2.1,mg/L,,mg/L,,09/30/2024
PR0023710,001,00300,"Oxygen, dissolved [DO]",3.18,C1,MIN,Concentration1,mg/L,3.18,mg/L,,mg/L,,10/31/2024
PR0023710,001,00300,"Oxygen, dissolved [DO]",3.82,C1,MIN,Concentration1,mg/L,3.82,mg/L,,mg/L,,11/30/2024
PR0023710,001,00300,"Oxygen, dissolved [DO]",2.44,C1,MIN,Concentration1,mg/L,2.44,mg/L,,mg/L,,12/31/2024
PR0023710,001,00300,"Oxygen, dissolved [DO]",2.58,C1,MIN,Concentration1,mg/L,2.58,mg/L,,mg/L,,01/31/2025
PR0023710,001,00300,"Oxygen, dissolved [DO]",4,C1,MIN,Concentration1,mg/L,4,mg/L,,mg/L,,02/28/2025
PR0023710,001,00300,"Oxygen, dissolved [DO]",3.83,C1,MIN,Concentration1,mg/L,3.83,mg/L,,mg/L,,03/31/2025
PR0023710,001,00300,"Oxygen, dissolved [DO]",4.12,C1,MIN,Concentration1,mg/L,4.12,mg/L,,mg/L,,04/30/2025
PR0023710,001,00300,"Oxygen, dissolved [DO]",2.76,C1,MIN,Concentration1,mg/L,2.76,mg/L,,mg/L,,05/31/2025
PR0023710,001,00300,"Oxygen, dissolved [DO]",0.31,C1,MIN,Concentration1,mg/L,.31,mg/L,,mg/L,,06/30/2025
PR0023710,001,00300,"Oxygen, dissolved [DO]",1.05,C1,MIN,Concentration1,mg/L,1.05,mg/L,,mg/L,,07/31/2025
PR0023710,001,00300,"Oxygen, dissolved [DO]",2,C1,MIN,Concentration1,mg/L,2,mg/L,,mg/L,,08/31/2025
PR0023710,001,00300,"Oxygen, dissolved [DO]",1.13,C1,MIN,Concentration1,mg/L,1.13,mg/L,,mg/L,,09/30/2025
PR0023710,001,00300,"Oxygen, dissolved [DO]",2.73,C1,MIN,Concentration1,mg/L,2.73,mg/L,,mg/L,,10/31/2025
PR0023710,001,00300,"Oxygen, dissolved [DO]",2.01,C1,MIN,Concentration1,mg/L,2.01,mg/L,,mg/L,,11/30/2025
PR0023710,001,00300,"Oxygen, dissolved [DO]",2.41,C1,MIN,Concentration1,mg/L,2.41,mg/L,,mg/L,,12/31/2025
PR0023710,001,00300,"Oxygen, dissolved [DO]",2.3,C1,MIN,Concentration1,mg/L,2.3,mg/L,,mg/L,,01/31/2026
PR0023710,001,00310,"BOD, 5-day, 20 deg. C",30,C2,AVG,Concentration2,mg/L,30,mg/L,120,mg/L,,01/31/2020
PR0023710,001,00310,"BOD, 5-day, 20 deg. C",646,Q1,AVG,Quantity1,kg/d,646,kg/d,9085,kg/d,,01/31/2020
PR0023710,001,00310,"BOD, 5-day, 20 deg. C",32,C2,AVG,Concentration2,mg/L,32,mg/L,120,mg/L,,02/29/2020
PR0023710,001,00310,"BOD, 5-day, 20 deg. C",784,Q1,AVG,Quantity1,kg/d,784,kg/d,9085,kg/d,,02/29/2020
PR0023710,001,00310,"BOD, 5-day, 20 deg. C",26,C2,AVG,Concentration2,mg/L,26,mg/L,120,mg/L,,03/31/2020
PR0023710,001,00310,"BOD, 5-day, 20 deg. C",599,Q1,AVG,Quantity1,kg/d,599,kg/d,9085,kg/d,,03/31/2020
PR0023710,001,00310,"BOD, 5-day, 20 deg. C",37,C2,AVG,Concentration2,mg/L,37,mg/L,120,mg/L,,04/30/2020
PR0023710,001,00310,"BOD, 5-day, 20 deg. C",756,Q1,AVG,Quantity1,kg/d,756,kg/d,9085,kg/d,,04/30/2020
PR0023710,001,00310,"BOD, 5-day, 20 deg. C",26,C2,AVG,Concentration2,mg/L,26,mg/L,120,mg/L,,05/31/2020
PR0023710,001,00310,"BOD, 5-day, 20 deg. C",512,Q1,AVG,Quantity1,kg/d,512,kg/d,9085,kg/d,,05/31/2020
PR0023710,001,00310,"BOD, 5-day, 20 deg. C",29,C2,AVG,Concentration2,mg/L,29,mg/L,120,mg/L,,06/30/2020
PR0023710,001,00310,"BOD, 5-day, 20 deg. C",499,Q1,AVG,Quantity1,kg/d,499,kg/d,9085,kg/d,,06/30/2020
PR0023710,001,00310,"BOD, 5-day, 20 deg. C",473,Q1,AVG,Quantity1,kg/d,473,kg/d,9085,kg/d,,07/31/2020
PR0023710,001,00310,"BOD, 5-day, 20 deg. C",24,C2,AVG,Concentration2,mg/L,24,mg/L,120,mg/L,,07/31/2020
PR0023710,001,00310,"BOD, 5-day, 20 deg. C",42,C2,AVG,Concentration2,mg/L,42,mg/L,120,mg/L,,08/31/2020
PR0023710,001,00310,"BOD, 5-day, 20 deg. C",782,Q1,AVG,Quantity1,kg/d,782,kg/d,9085,kg/d,,08/31/2020
PR0023710,001,00310,"BOD, 5-day, 20 deg. C",619,Q1,AVG,Quantity1,kg/d,619,kg/d,9085,kg/d,,09/30/2020
PR0023710,001,00310,"BOD, 5-day, 20 deg. C",32,C2,AVG,Concentration2,mg/L,32,mg/L,120,mg/L,,09/30/2020
PR0023710,001,00310,"BOD, 5-day, 20 deg. C",498,Q1,AVG,Quantity1,kg/d,498,kg/d,9085,kg/d,,10/31/2020
PR0023710,001,00310,"BOD, 5-day, 20 deg. C",23,C2,AVG,Concentration2,mg/L,23,mg/L,120,mg/L,,10/31/2020
PR0023710,001,00310,"BOD, 5-day, 20 deg. C",22,C2,AVG,Concentration2,mg/L,22,mg/L,120,mg/L,,11/30/2020
PR0023710,001,00310,"BOD, 5-day, 20 deg. C",486,Q1,AVG,Quantity1,kg/d,486,kg/d,9085,kg/d,,11/30/2020
PR0023710,001,00310,"BOD, 5-day, 20 deg. C",490,Q1,AVG,Quantity1,kg/d,490,kg/d,9085,kg/d,,12/31/2020
PR0023710,001,00310,"BOD, 5-day, 20 deg. C",24,C2,AVG,Concentration2,mg/L,24,mg/L,120,mg/L,,12/31/2020
PR0023710,001,00310,"BOD, 5-day, 20 deg. C",31,C2,AVG,Concentration2,mg/L,31,mg/L,120,mg/L,,01/31/2021
PR0023710,001,00310,"BOD, 5-day, 20 deg. C",643,Q1,AVG,Quantity1,kg/d,643,kg/d,9085,kg/d,,01/31/2021
PR0023710,001,00310,"BOD, 5-day, 20 deg. C",683,Q1,AVG,Quantity1,kg/d,683,kg/d,9085,kg/d,,02/28/2021
PR0023710,001,00310,"BOD, 5-day, 20 deg. C",33,C2,AVG,Concentration2,mg/L,33,mg/L,120,mg/L,,02/28/2021
PR0023710,001,00310,"BOD, 5-day, 20 deg. C",28,C2,AVG,Concentration2,mg/L,28,mg/L,120,mg/L,,03/31/2021
PR0023710,001,00310,"BOD, 5-day, 20 deg. C",553,Q1,AVG,Quantity1,kg/d,553,kg/d,9085,kg/d,,03/31/2021
PR0023710,001,00310,"BOD, 5-day, 20 deg. C",638,Q1,AVG,Quantity1,kg/d,638,kg/d,9085,kg/d,,04/30/2021
PR0023710,001,00310,"BOD, 5-day, 20 deg. C",34,C2,AVG,Concentration2,mg/L,34,mg/L,120,mg/L,,04/30/2021
PR0023710,001,00310,"BOD, 5-day, 20 deg. C",35,C2,AVG,Concentration2,mg/L,35,mg/L,120,mg/L,,05/31/2021
PR0023710,001,00310,"BOD, 5-day, 20 deg. C",650,Q1,AVG,Quantity1,kg/d,650,kg/d,9085,kg/d,,05/31/2021
PR0023710,001,00310,"BOD, 5-day, 20 deg. C",33,C2,AVG,Concentration2,mg/L,33,mg/L,120,mg/L,,06/30/2021
PR0023710,001,00310,"BOD, 5-day, 20 deg. C",645,Q1,AVG,Quantity1,kg/d,645,kg/d,9085,kg/d,,06/30/2021
PR0023710,001,00310,"BOD, 5-day, 20 deg. C",598,Q1,AVG,Quantity1,kg/d,598,kg/d,9085,kg/d,,07/31/2021
PR0023710,001,00310,"BOD, 5-day, 20 deg. C",31,C2,AVG,Concentration2,mg/L,31,mg/L,120,mg/L,,07/31/2021
PR0023710,001,00310,"BOD, 5-day, 20 deg. C",936,Q1,AVG,Quantity1,kg/d,936,kg/d,9085,kg/d,,08/31/2021
PR0023710,001,00310,"BOD, 5-day, 20 deg. C",50,C2,AVG,Concentration2,mg/L,50,mg/L,120,mg/L,,08/31/2021
PR0023710,001,00310,"BOD, 5-day, 20 deg. C",36,C2,AVG,Concentration2,mg/L,36,mg/L,120,mg/L,,09/30/2021
PR0023710,001,00310,"BOD, 5-day, 20 deg. C",694,Q1,AVG,Quantity1,kg/d,694,kg/d,9085,kg/d,,09/30/2021
PR0023710,001,00310,"BOD, 5-day, 20 deg. C",31,C2,AVG,Concentration2,mg/L,31,mg/L,120,mg/L,,10/31/2021
PR0023710,001,00310,"BOD, 5-day, 20 deg. C",672,Q1,AVG,Quantity1,kg/d,672,kg/d,9085,kg/d,,10/31/2021
PR0023710,001,00310,"BOD, 5-day, 20 deg. C",24,C2,AVG,Concentration2,mg/L,24,mg/L,120,mg/L,,11/30/2021
PR0023710,001,00310,"BOD, 5-day, 20 deg. C",518,Q1,AVG,Quantity1,kg/d,518,kg/d,9085,kg/d,,11/30/2021
PR0023710,001,00310,"BOD, 5-day, 20 deg. C",889,Q1,AVG,Quantity1,kg/d,889,kg/d,9085,kg/d,,12/31/2021
PR0023710,001,00310,"BOD, 5-day, 20 deg. C",39,C2,AVG,Concentration2,mg/L,39,mg/L,120,mg/L,,12/31/2021
PR0023710,001,00310,"BOD, 5-day, 20 deg. C",788,Q1,AVG,Quantity1,kg/d,788,kg/d,9085,kg/d,,01/31/2022
PR0023710,001,00310,"BOD, 5-day, 20 deg. C",39,C2,AVG,Concentration2,mg/L,39,mg/L,120,mg/L,,01/31/2022
PR0023710,001,00310,"BOD, 5-day, 20 deg. C",860,Q1,AVG,Quantity1,kg/d,860,kg/d,9085,kg/d,,02/28/2022
PR0023710,001,00310,"BOD, 5-day, 20 deg. C",41,C2,AVG,Concentration2,mg/L,41,mg/L,120,mg/L,,02/28/2022
PR0023710,001,00310,"BOD, 5-day, 20 deg. C",42,C2,AVG,Concentration2,mg/L,42,mg/L,120,mg/L,,03/31/2022
PR0023710,001,00310,"BOD, 5-day, 20 deg. C",877,Q1,AVG,Quantity1,kg/d,877,kg/d,9085,kg/d,,03/31/2022
PR0023710,001,00310,"BOD, 5-day, 20 deg. C",969,Q1,AVG,Quantity1,kg/d,969,kg/d,9085,kg/d,,04/30/2022
PR0023710,001,00310,"BOD, 5-day, 20 deg. C",47,C2,AVG,Concentration2,mg/L,47,mg/L,120,mg/L,,04/30/2022
PR0023710,001,00310,"BOD, 5-day, 20 deg. C",81,C2,AVG,Concentration2,mg/L,81,mg/L,120,mg/L,,05/31/2022
PR0023710,001,00310,"BOD, 5-day, 20 deg. C",1420,Q1,AVG,Quantity1,kg/d,1420,kg/d,9085,kg/d,,05/31/2022
PR0023710,001,00310,"BOD, 5-day, 20 deg. C",851,Q1,AVG,Quantity1,kg/d,851,kg/d,9085,kg/d,,06/30/2022
PR0023710,001,00310,"BOD, 5-day, 20 deg. C",48,C2,AVG,Concentration2,mg/L,48,mg/L,120,mg/L,,06/30/2022
PR0023710,001,00310,"BOD, 5-day, 20 deg. C",35,C2,AVG,Concentration2,mg/L,35,mg/L,120,mg/L,,07/31/2022
PR0023710,001,00310,"BOD, 5-day, 20 deg. C",650,Q1,AVG,Quantity1,kg/d,650,kg/d,9085,kg/d,,07/31/2022
PR0023710,001,00310,"BOD, 5-day, 20 deg. C",854,Q1,AVG,Quantity1,kg/d,854,kg/d,9085,kg/d,,08/31/2022
PR0023710,001,00310,"BOD, 5-day, 20 deg. C",45,C2,AVG,Concentration2,mg/L,45,mg/L,120,mg/L,,08/31/2022
PR0023710,001,00310,"BOD, 5-day, 20 deg. C",550,Q1,AVG,Quantity1,kg/d,550,kg/d,9085,kg/d,,09/30/2022
PR0023710,001,00310,"BOD, 5-day, 20 deg. C",27,C2,AVG,Concentration2,mg/L,27,mg/L,120,mg/L,,09/30/2022
PR0023710,001,00310,"BOD, 5-day, 20 deg. C",885,Q1,AVG,Quantity1,kg/d,885,kg/d,9085,kg/d,,10/31/2022
PR0023710,001,00310,"BOD, 5-day, 20 deg. C",44,C2,AVG,Concentration2,mg/L,44,mg/L,120,mg/L,,10/31/2022
PR0023710,001,00310,"BOD, 5-day, 20 deg. C",620,Q1,AVG,Quantity1,kg/d,620,kg/d,9085,kg/d,,11/30/2022
PR0023710,001,00310,"BOD, 5-day, 20 deg. C",30,C2,AVG,Concentration2,mg/L,30,mg/L,120,mg/L,,11/30/2022
PR0023710,001,00310,"BOD, 5-day, 20 deg. C",81,C2,AVG,Concentration2,mg/L,81,mg/L,120,mg/L,,12/31/2022
PR0023710,001,00310,"BOD, 5-day, 20 deg. C",1731,Q1,AVG,Quantity1,kg/d,1731,kg/d,9085,kg/d,,12/31/2022
PR0023710,001,00310,"BOD, 5-day, 20 deg. C",1081,Q1,AVG,Quantity1,kg/d,1081,kg/d,9085,kg/d,,01/31/2023
PR0023710,001,00310,"BOD, 5-day, 20 deg. C",41,C2,AVG,Concentration2,mg/L,41,mg/L,120,mg/L,,01/31/2023
PR0023710,001,00310,"BOD, 5-day, 20 deg. C",677,Q1,AVG,Quantity1,kg/d,677,kg/d,9085,kg/d,,02/28/2023
PR0023710,001,00310,"BOD, 5-day, 20 deg. C",34,C2,AVG,Concentration2,mg/L,34,mg/L,120,mg/L,,02/28/2023
PR0023710,001,00310,"BOD, 5-day, 20 deg. C",602,Q1,AVG,Quantity1,kg/d,602,kg/d,9085,kg/d,,03/31/2023
PR0023710,001,00310,"BOD, 5-day, 20 deg. C",36,C2,AVG,Concentration2,mg/L,36,mg/L,120,mg/L,,03/31/2023
PR0023710,001,00310,"BOD, 5-day, 20 deg. C",732,Q1,AVG,Quantity1,kg/d,732,kg/d,9085,kg/d,,04/30/2023
PR0023710,001,00310,"BOD, 5-day, 20 deg. C",36,C2,AVG,Concentration2,mg/L,36,mg/L,120,mg/L,,04/30/2023
PR0023710,001,00310,"BOD, 5-day, 20 deg. C",458,Q1,AVG,Quantity1,kg/d,458,kg/d,9085,kg/d,,05/31/2023
PR0023710,001,00310,"BOD, 5-day, 20 deg. C",22,C2,AVG,Concentration2,mg/L,22,mg/L,120,mg/L,,05/31/2023
PR0023710,001,00310,"BOD, 5-day, 20 deg. C",35,C2,AVG,Concentration2,mg/L,35,mg/L,120,mg/L,,06/30/2023
PR0023710,001,00310,"BOD, 5-day, 20 deg. C",663,Q1,AVG,Quantity1,kg/d,663,kg/d,9085,kg/d,,06/30/2023
PR0023710,001,00310,"BOD, 5-day, 20 deg. C",39,C2,AVG,Concentration2,mg/L,39,mg/L,120,mg/L,,07/31/2023
PR0023710,001,00310,"BOD, 5-day, 20 deg. C",753,Q1,AVG,Quantity1,kg/d,753,kg/d,9085,kg/d,,07/31/2023
PR0023710,001,00310,"BOD, 5-day, 20 deg. C",749,Q1,AVG,Quantity1,kg/d,749,kg/d,9085,kg/d,,08/31/2023
PR0023710,001,00310,"BOD, 5-day, 20 deg. C",35,C2,AVG,Concentration2,mg/L,35,mg/L,120,mg/L,,08/31/2023
PR0023710,001,00310,"BOD, 5-day, 20 deg. C",584,Q1,AVG,Quantity1,kg/d,584,kg/d,9085,kg/d,,09/30/2023
PR0023710,001,00310,"BOD, 5-day, 20 deg. C",30,C2,AVG,Concentration2,mg/L,30,mg/L,120,mg/L,,09/30/2023
PR0023710,001,00310,"BOD, 5-day, 20 deg. C",28,C2,AVG,Concentration2,mg/L,28,mg/L,120,mg/L,,10/31/2023
PR0023710,001,00310,"BOD, 5-day, 20 deg. C",567,Q1,AVG,Quantity1,kg/d,567,kg/d,9085,kg/d,,10/31/2023
PR0023710,001,00310,"BOD, 5-day, 20 deg. C",779,Q1,AVG,Quantity1,kg/d,779,kg/d,9085,kg/d,,11/30/2023
PR0023710,001,00310,"BOD, 5-day, 20 deg. C",39,C2,AVG,Concentration2,mg/L,39,mg/L,120,mg/L,,11/30/2023
PR0023710,001,00310,"BOD, 5-day, 20 deg. C",29,C2,AVG,Concentration2,mg/L,29,mg/L,120,mg/L,,12/31/2023
PR0023710,001,00310,"BOD, 5-day, 20 deg. C",662,Q1,AVG,Quantity1,kg/d,662,kg/d,9085,kg/d,,12/31/2023
PR0023710,001,00310,"BOD, 5-day, 20 deg. C",45,C2,AVG,Concentration2,mg/L,45,mg/L,120,mg/L,,01/31/2024
PR0023710,001,00310,"BOD, 5-day, 20 deg. C",1049,Q1,AVG,Quantity1,kg/d,1049,kg/d,9085,kg/d,,01/31/2024
PR0023710,001,00310,"BOD, 5-day, 20 deg. C",28,C2,AVG,Concentration2,mg/L,28,mg/L,120,mg/L,,02/29/2024
PR0023710,001,00310,"BOD, 5-day, 20 deg. C",731,Q1,AVG,Quantity1,kg/d,731,kg/d,9085,kg/d,,02/29/2024
PR0023710,001,00310,"BOD, 5-day, 20 deg. C",901,Q1,AVG,Quantity1,kg/d,901,kg/d,9085,kg/d,,03/31/2024
PR0023710,001,00310,"BOD, 5-day, 20 deg. C",34,C2,AVG,Concentration2,mg/L,34,mg/L,120,mg/L,,03/31/2024
PR0023710,001,00310,"BOD, 5-day, 20 deg. C",27,C2,AVG,Concentration2,mg/L,27,mg/L,120,mg/L,,04/30/2024
PR0023710,001,00310,"BOD, 5-day, 20 deg. C",716,Q1,AVG,Quantity1,kg/d,716,kg/d,9085,kg/d,,04/30/2024
PR0023710,001,00310,"BOD, 5-day, 20 deg. C",1095,Q1,AVG,Quantity1,kg/d,1095,kg/d,9085,kg/d,,05/31/2024
PR0023710,001,00310,"BOD, 5-day, 20 deg. C",48,C2,AVG,Concentration2,mg/L,48,mg/L,120,mg/L,,05/31/2024
PR0023710,001,00310,"BOD, 5-day, 20 deg. C",40,C2,AVG,Concentration2,mg/L,40,mg/L,120,mg/L,,06/30/2024
PR0023710,001,00310,"BOD, 5-day, 20 deg. C",1105,Q1,AVG,Quantity1,kg/d,1105,kg/d,9085,kg/d,,06/30/2024
PR0023710,001,00310,"BOD, 5-day, 20 deg. C",26,C2,AVG,Concentration2,mg/L,26,mg/L,120,mg/L,,07/31/2024
PR0023710,001,00310,"BOD, 5-day, 20 deg. C",697,Q1,AVG,Quantity1,kg/d,697,kg/d,9085,kg/d,,07/31/2024
PR0023710,001,00310,"BOD, 5-day, 20 deg. C",28,C2,AVG,Concentration2,mg/L,28,mg/L,120,mg/L,,08/31/2024
PR0023710,001,00310,"BOD, 5-day, 20 deg. C",745,Q1,AVG,Quantity1,kg/d,745,kg/d,9085,kg/d,,08/31/2024
PR0023710,001,00310,"BOD, 5-day, 20 deg. C",692,Q1,AVG,Quantity1,kg/d,692,kg/d,9085,kg/d,,09/30/2024
PR0023710,001,00310,"BOD, 5-day, 20 deg. C",23,C2,AVG,Concentration2,mg/L,23,mg/L,120,mg/L,,09/30/2024
PR0023710,001,00310,"BOD, 5-day, 20 deg. C",33,C2,AVG,Concentration2,mg/L,33,mg/L,120,mg/L,,10/31/2024
PR0023710,001,00310,"BOD, 5-day, 20 deg. C",967,Q1,AVG,Quantity1,kg/d,967,kg/d,9085,kg/d,,10/31/2024
PR0023710,001,00310,"BOD, 5-day, 20 deg. C",22,C2,AVG,Concentration2,mg/L,22,mg/L,120,mg/L,,11/30/2024
PR0023710,001,00310,"BOD, 5-day, 20 deg. C",590,Q1,AVG,Quantity1,kg/d,590,kg/d,9085,kg/d,,11/30/2024
PR0023710,001,00310,"BOD, 5-day, 20 deg. C",36,C2,AVG,Concentration2,mg/L,36,mg/L,120,mg/L,,12/31/2024
PR0023710,001,00310,"BOD, 5-day, 20 deg. C",855,Q1,AVG,Quantity1,kg/d,855,kg/d,9085,kg/d,,12/31/2024
PR0023710,001,00310,"BOD, 5-day, 20 deg. C",2014,Q1,AVG,Quantity1,kg/d,2014,kg/d,9085,kg/d,,01/31/2025
PR0023710,001,00310,"BOD, 5-day, 20 deg. C",69,C2,AVG,Concentration2,mg/L,69,mg/L,120,mg/L,,01/31/2025
PR0023710,001,00310,"BOD, 5-day, 20 deg. C",2311,Q1,AVG,Quantity1,kg/d,2311,kg/d,9085,kg/d,,02/28/2025
PR0023710,001,00310,"BOD, 5-day, 20 deg. C",58,C2,AVG,Concentration2,mg/L,58,mg/L,120,mg/L,,02/28/2025
PR0023710,001,00310,"BOD, 5-day, 20 deg. C",986,Q1,AVG,Quantity1,kg/d,986,kg/d,9085,kg/d,,03/31/2025
PR0023710,001,00310,"BOD, 5-day, 20 deg. C",37,C2,AVG,Concentration2,mg/L,37,mg/L,120,mg/L,,03/31/2025
PR0023710,001,00310,"BOD, 5-day, 20 deg. C",711,Q1,AVG,Quantity1,kg/d,711,kg/d,9085,kg/d,,04/30/2025
PR0023710,001,00310,"BOD, 5-day, 20 deg. C",25,C2,AVG,Concentration2,mg/L,25,mg/L,120,mg/L,,04/30/2025
PR0023710,001,00310,"BOD, 5-day, 20 deg. C",41,C2,AVG,Concentration2,mg/L,41,mg/L,120,mg/L,,05/31/2025
PR0023710,001,00310,"BOD, 5-day, 20 deg. C",958,Q1,AVG,Quantity1,kg/d,958,kg/d,9085,kg/d,,05/31/2025
PR0023710,001,00310,"BOD, 5-day, 20 deg. C",35,C2,AVG,Concentration2,mg/L,35,mg/L,120,mg/L,,06/30/2025
PR0023710,001,00310,"BOD, 5-day, 20 deg. C",678,Q1,AVG,Quantity1,kg/d,678,kg/d,9085,kg/d,,06/30/2025
PR0023710,001,00310,"BOD, 5-day, 20 deg. C",1177,Q1,AVG,Quantity1,kg/d,1177,kg/d,9085,kg/d,,07/31/2025
PR0023710,001,00310,"BOD, 5-day, 20 deg. C",48,C2,AVG,Concentration2,mg/L,48,mg/L,120,mg/L,,07/31/2025
PR0023710,001,00310,"BOD, 5-day, 20 deg. C",967,Q1,AVG,Quantity1,kg/d,967,kg/d,9085,kg/d,,08/31/2025
PR0023710,001,00310,"BOD, 5-day, 20 deg. C",36,C2,AVG,Concentration2,mg/L,36,mg/L,120,mg/L,,08/31/2025
PR0023710,001,00310,"BOD, 5-day, 20 deg. C",643,Q1,AVG,Quantity1,kg/d,643,kg/d,9085,kg/d,,09/30/2025
PR0023710,001,00310,"BOD, 5-day, 20 deg. C",34,C2,AVG,Concentration2,mg/L,34,mg/L,120,mg/L,,09/30/2025
PR0023710,001,00310,"BOD, 5-day, 20 deg. C",26,C2,AVG,Concentration2,mg/L,26,mg/L,120,mg/L,,10/31/2025
PR0023710,001,00310,"BOD, 5-day, 20 deg. C",482,Q1,AVG,Quantity1,kg/d,482,kg/d,9085,kg/d,,10/31/2025
PR0023710,001,00310,"BOD, 5-day, 20 deg. C",34,C2,AVG,Concentration2,mg/L,34,mg/L,120,mg/L,,11/30/2025
PR0023710,001,00310,"BOD, 5-day, 20 deg. C",685,Q1,AVG,Quantity1,kg/d,685,kg/d,9085,kg/d,,11/30/2025
PR0023710,001,00310,"BOD, 5-day, 20 deg. C",33,C2,AVG,Concentration2,mg/L,33,mg/L,120,mg/L,,12/31/2025
PR0023710,001,00310,"BOD, 5-day, 20 deg. C",567,Q1,AVG,Quantity1,kg/d,567,kg/d,9085,kg/d,,12/31/2025
PR0023710,001,00310,"BOD, 5-day, 20 deg. C",54,C2,AVG,Concentration2,mg/L,54,mg/L,120,mg/L,,01/31/2026
PR0023710,001,00310,"BOD, 5-day, 20 deg. C",859,Q1,AVG,Quantity1,kg/d,859,kg/d,9085,kg/d,,01/31/2026
PR0023710,001,00400,pH,6.7,C1,MIN,Concentration1,SU,6.7,SU,6,SU,,01/31/2020
PR0023710,001,00400,pH,7.58,C3,MAX,Concentration3,SU,7.58,SU,9,SU,,01/31/2020
PR0023710,001,00400,pH,7.46,C3,MAX,Concentration3,SU,7.46,SU,9,SU,,02/29/2020
PR0023710,001,00400,pH,6.37,C1,MIN,Concentration1,SU,6.37,SU,6,SU,,02/29/2020
PR0023710,001,00400,pH,6.94,C1,MIN,Concentration1,SU,6.94,SU,6,SU,,03/31/2020
PR0023710,001,00400,pH,7.52,C3,MAX,Concentration3,SU,7.52,SU,9,SU,,03/31/2020
PR0023710,001,00400,pH,7.57,C3,MAX,Concentration3,SU,7.57,SU,9,SU,,04/30/2020
PR0023710,001,00400,pH,6.71,C1,MIN,Concentration1,SU,6.71,SU,6,SU,,04/30/2020
PR0023710,001,00400,pH,7.07,C1,MIN,Concentration1,SU,7.07,SU,6,SU,,05/31/2020
PR0023710,001,00400,pH,7.5,C3,MAX,Concentration3,SU,7.5,SU,9,SU,,05/31/2020
PR0023710,001,00400,pH,7.32,C3,MAX,Concentration3,SU,7.32,SU,9,SU,,06/30/2020
PR0023710,001,00400,pH,7.15,C1,MIN,Concentration1,SU,7.15,SU,6,SU,,06/30/2020
PR0023710,001,00400,pH,6.83,C1,MIN,Concentration1,SU,6.83,SU,6,SU,,07/31/2020
PR0023710,001,00400,pH,7.46,C3,MAX,Concentration3,SU,7.46,SU,9,SU,,07/31/2020
PR0023710,001,00400,pH,7.42,C3,MAX,Concentration3,SU,7.42,SU,9,SU,,08/31/2020
PR0023710,001,00400,pH,6.75,C1,MIN,Concentration1,SU,6.75,SU,6,SU,,08/31/2020
PR0023710,001,00400,pH,6.73,C1,MIN,Concentration1,SU,6.73,SU,6,SU,,09/30/2020
PR0023710,001,00400,pH,7.42,C3,MAX,Concentration3,SU,7.42,SU,9,SU,,09/30/2020
PR0023710,001,00400,pH,7.44,C3,MAX,Concentration3,SU,7.44,SU,9,SU,,10/31/2020
PR0023710,001,00400,pH,6.72,C1,MIN,Concentration1,SU,6.72,SU,6,SU,,10/31/2020
PR0023710,001,00400,pH,6.86,C1,MIN,Concentration1,SU,6.86,SU,6,SU,,11/30/2020
PR0023710,001,00400,pH,7.45,C3,MAX,Concentration3,SU,7.45,SU,9,SU,,11/30/2020
PR0023710,001,00400,pH,7.59,C3,MAX,Concentration3,SU,7.59,SU,9,SU,,12/31/2020
PR0023710,001,00400,pH,6.67,C1,MIN,Concentration1,SU,6.67,SU,6,SU,,12/31/2020
PR0023710,001,00400,pH,6.77,C1,MIN,Concentration1,SU,6.77,SU,6,SU,,01/31/2021
PR0023710,001,00400,pH,7.46,C3,MAX,Concentration3,SU,7.46,SU,9,SU,,01/31/2021
PR0023710,001,00400,pH,7.46,C3,MAX,Concentration3,SU,7.46,SU,9,SU,,02/28/2021
PR0023710,001,00400,pH,6.85,C1,MIN,Concentration1,SU,6.85,SU,6,SU,,02/28/2021
PR0023710,001,00400,pH,6.92,C1,MIN,Concentration1,SU,6.92,SU,6,SU,,03/31/2021
PR0023710,001,00400,pH,7.4,C3,MAX,Concentration3,SU,7.4,SU,9,SU,,03/31/2021
PR0023710,001,00400,pH,7.41,C3,MAX,Concentration3,SU,7.41,SU,9,SU,,04/30/2021
PR0023710,001,00400,pH,6.95,C1,MIN,Concentration1,SU,6.95,SU,6,SU,,04/30/2021
PR0023710,001,00400,pH,7.06,C1,MIN,Concentration1,SU,7.06,SU,6,SU,,05/31/2021
PR0023710,001,00400,pH,7.61,C3,MAX,Concentration3,SU,7.61,SU,9,SU,,05/31/2021
PR0023710,001,00400,pH,7.58,C3,MAX,Concentration3,SU,7.58,SU,9,SU,,06/30/2021
PR0023710,001,00400,pH,6.84,C1,MIN,Concentration1,SU,6.84,SU,6,SU,,06/30/2021
PR0023710,001,00400,pH,6.9,C1,MIN,Concentration1,SU,6.9,SU,6,SU,,07/31/2021
PR0023710,001,00400,pH,7.41,C3,MAX,Concentration3,SU,7.41,SU,9,SU,,07/31/2021
PR0023710,001,00400,pH,7.42,C3,MAX,Concentration3,SU,7.42,SU,9,SU,,08/31/2021
PR0023710,001,00400,pH,6.8,C1,MIN,Concentration1,SU,6.8,SU,6,SU,,08/31/2021
PR0023710,001,00400,pH,6.66,C1,MIN,Concentration1,SU,6.66,SU,6,SU,,09/30/2021
PR0023710,001,00400,pH,7.37,C3,MAX,Concentration3,SU,7.37,SU,9,SU,,09/30/2021
PR0023710,001,00400,pH,7.38,C3,MAX,Concentration3,SU,7.38,SU,9,SU,,10/31/2021
PR0023710,001,00400,pH,6.46,C1,MIN,Concentration1,SU,6.46,SU,6,SU,,10/31/2021
PR0023710,001,00400,pH,6.65,C1,MIN,Concentration1,SU,6.65,SU,6,SU,,11/30/2021
PR0023710,001,00400,pH,7.29,C3,MAX,Concentration3,SU,7.29,SU,9,SU,,11/30/2021
PR0023710,001,00400,pH,7.26,C3,MAX,Concentration3,SU,7.26,SU,9,SU,,12/31/2021
PR0023710,001,00400,pH,6.33,C1,MIN,Concentration1,SU,6.33,SU,6,SU,,12/31/2021
PR0023710,001,00400,pH,7.42,C3,MAX,Concentration3,SU,7.42,SU,9,SU,,01/31/2022
PR0023710,001,00400,pH,6.85,C1,MIN,Concentration1,SU,6.85,SU,6,SU,,01/31/2022
PR0023710,001,00400,pH,6.72,C1,MIN,Concentration1,SU,6.72,SU,6,SU,,02/28/2022
PR0023710,001,00400,pH,7.45,C3,MAX,Concentration3,SU,7.45,SU,9,SU,,02/28/2022
PR0023710,001,00400,pH,6.58,C1,MIN,Concentration1,SU,6.58,SU,6,SU,,03/31/2022
PR0023710,001,00400,pH,7.33,C3,MAX,Concentration3,SU,7.33,SU,9,SU,,03/31/2022
PR0023710,001,00400,pH,6.74,C1,MIN,Concentration1,SU,6.74,SU,6,SU,,04/30/2022
PR0023710,001,00400,pH,7.3,C3,MAX,Concentration3,SU,7.3,SU,9,SU,,04/30/2022
PR0023710,001,00400,pH,7.39,C3,MAX,Concentration3,SU,7.39,SU,9,SU,,05/31/2022
PR0023710,001,00400,pH,6.74,C1,MIN,Concentration1,SU,6.74,SU,6,SU,,05/31/2022
PR0023710,001,00400,pH,7.63,C3,MAX,Concentration3,SU,7.63,SU,9,SU,,06/30/2022
PR0023710,001,00400,pH,6.81,C1,MIN,Concentration1,SU,6.81,SU,6,SU,,06/30/2022
PR0023710,001,00400,pH,6.72,C1,MIN,Concentration1,SU,6.72,SU,6,SU,,07/31/2022
PR0023710,001,00400,pH,7.39,C3,MAX,Concentration3,SU,7.39,SU,9,SU,,07/31/2022
PR0023710,001,00400,pH,7.46,C3,MAX,Concentration3,SU,7.46,SU,9,SU,,08/31/2022
PR0023710,001,00400,pH,6.63,C1,MIN,Concentration1,SU,6.63,SU,6,SU,,08/31/2022
PR0023710,001,00400,pH,7.37,C3,MAX,Concentration3,SU,7.37,SU,9,SU,,09/30/2022
PR0023710,001,00400,pH,6.12,C1,MIN,Concentration1,SU,6.12,SU,6,SU,,09/30/2022
PR0023710,001,00400,pH,6.78,C1,MIN,Concentration1,SU,6.78,SU,6,SU,,10/31/2022
PR0023710,001,00400,pH,7.31,C3,MAX,Concentration3,SU,7.31,SU,9,SU,,10/31/2022
PR0023710,001,00400,pH,7.31,C3,MAX,Concentration3,SU,7.31,SU,9,SU,,11/30/2022
PR0023710,001,00400,pH,6.78,C1,MIN,Concentration1,SU,6.78,SU,6,SU,,11/30/2022
PR0023710,001,00400,pH,7.62,C3,MAX,Concentration3,SU,7.62,SU,9,SU,,12/31/2022
PR0023710,001,00400,pH,6.76,C1,MIN,Concentration1,SU,6.76,SU,6,SU,,12/31/2022
PR0023710,001,00400,pH,6.62,C1,MIN,Concentration1,SU,6.62,SU,6,SU,,01/31/2023
PR0023710,001,00400,pH,7.57,C3,MAX,Concentration3,SU,7.57,SU,9,SU,,01/31/2023
PR0023710,001,00400,pH,7.53,C3,MAX,Concentration3,SU,7.53,SU,9,SU,,02/28/2023
PR0023710,001,00400,pH,6.69,C1,MIN,Concentration1,SU,6.69,SU,6,SU,,02/28/2023
PR0023710,001,00400,pH,6.77,C1,MIN,Concentration1,SU,6.77,SU,6,SU,,03/31/2023
PR0023710,001,00400,pH,7.53,C3,MAX,Concentration3,SU,7.53,SU,9,SU,,03/31/2023
PR0023710,001,00400,pH,7.58,C3,MAX,Concentration3,SU,7.58,SU,9,SU,,04/30/2023
PR0023710,001,00400,pH,6.72,C1,MIN,Concentration1,SU,6.72,SU,6,SU,,04/30/2023
PR0023710,001,00400,pH,6.76,C1,MIN,Concentration1,SU,6.76,SU,6,SU,,05/31/2023
PR0023710,001,00400,pH,7.43,C3,MAX,Concentration3,SU,7.43,SU,9,SU,,05/31/2023
PR0023710,001,00400,pH,7.4,C3,MAX,Concentration3,SU,7.4,SU,9,SU,,06/30/2023
PR0023710,001,00400,pH,6.74,C1,MIN,Concentration1,SU,6.74,SU,6,SU,,06/30/2023
PR0023710,001,00400,pH,7.41,C3,MAX,Concentration3,SU,7.41,SU,9,SU,,07/31/2023
PR0023710,001,00400,pH,6.73,C1,MIN,Concentration1,SU,6.73,SU,6,SU,,07/31/2023
PR0023710,001,00400,pH,6.64,C1,MIN,Concentration1,SU,6.64,SU,6,SU,,08/31/2023
PR0023710,001,00400,pH,7.6,C3,MAX,Concentration3,SU,7.6,SU,9,SU,,08/31/2023
PR0023710,001,00400,pH,6.76,C1,MIN,Concentration1,SU,6.76,SU,6,SU,,09/30/2023
PR0023710,001,00400,pH,7.43,C3,MAX,Concentration3,SU,7.43,SU,9,SU,,09/30/2023
PR0023710,001,00400,pH,6.76,C1,MIN,Concentration1,SU,6.76,SU,6,SU,,10/31/2023
PR0023710,001,00400,pH,7.58,C3,MAX,Concentration3,SU,7.58,SU,9,SU,,10/31/2023
PR0023710,001,00400,pH,6.8,C1,MIN,Concentration1,SU,6.8,SU,6,SU,,11/30/2023
PR0023710,001,00400,pH,7.46,C3,MAX,Concentration3,SU,7.46,SU,9,SU,,11/30/2023
PR0023710,001,00400,pH,6.72,C1,MIN,Concentration1,SU,6.72,SU,6,SU,,12/31/2023
PR0023710,001,00400,pH,7.5,C3,MAX,Concentration3,SU,7.5,SU,9,SU,,12/31/2023
PR0023710,001,00400,pH,6.11,C1,MIN,Concentration1,SU,6.11,SU,6,SU,,01/31/2024
PR0023710,001,00400,pH,7.76,C3,MAX,Concentration3,SU,7.76,SU,9,SU,,01/31/2024
PR0023710,001,00400,pH,7.56,C3,MAX,Concentration3,SU,7.56,SU,9,SU,,02/29/2024
PR0023710,001,00400,pH,6.68,C1,MIN,Concentration1,SU,6.68,SU,6,SU,,02/29/2024
PR0023710,001,00400,pH,6.62,C1,MIN,Concentration1,SU,6.62,SU,6,SU,,03/31/2024
PR0023710,001,00400,pH,7.56,C3,MAX,Concentration3,SU,7.56,SU,9,SU,,03/31/2024
PR0023710,001,00400,pH,6.85,C1,MIN,Concentration1,SU,6.85,SU,6,SU,,04/30/2024
PR0023710,001,00400,pH,7.88,C3,MAX,Concentration3,SU,7.88,SU,9,SU,,04/30/2024
PR0023710,001,00400,pH,6.72,C1,MIN,Concentration1,SU,6.72,SU,6,SU,,05/31/2024
PR0023710,001,00400,pH,7.65,C3,MAX,Concentration3,SU,7.65,SU,9,SU,,05/31/2024
PR0023710,001,00400,pH,7.48,C3,MAX,Concentration3,SU,7.48,SU,9,SU,,06/30/2024
PR0023710,001,00400,pH,6.77,C1,MIN,Concentration1,SU,6.77,SU,6,SU,,06/30/2024
PR0023710,001,00400,pH,7.65,C3,MAX,Concentration3,SU,7.65,SU,9,SU,,07/31/2024
PR0023710,001,00400,pH,6.86,C1,MIN,Concentration1,SU,6.86,SU,6,SU,,07/31/2024
PR0023710,001,00400,pH,7.47,C3,MAX,Concentration3,SU,7.47,SU,9,SU,,08/31/2024
PR0023710,001,00400,pH,6.79,C1,MIN,Concentration1,SU,6.79,SU,6,SU,,08/31/2024
PR0023710,001,00400,pH,6.82,C1,MIN,Concentration1,SU,6.82,SU,6,SU,,09/30/2024
PR0023710,001,00400,pH,7.48,C3,MAX,Concentration3,SU,7.48,SU,9,SU,,09/30/2024
PR0023710,001,00400,pH,6.66,C1,MIN,Concentration1,SU,6.66,SU,6,SU,,10/31/2024
PR0023710,001,00400,pH,7.72,C3,MAX,Concentration3,SU,7.72,SU,9,SU,,10/31/2024
PR0023710,001,00400,pH,6.93,C1,MIN,Concentration1,SU,6.93,SU,6,SU,,11/30/2024
PR0023710,001,00400,pH,7.48,C3,MAX,Concentration3,SU,7.48,SU,9,SU,,11/30/2024
PR0023710,001,00400,pH,7.43,C3,MAX,Concentration3,SU,7.43,SU,9,SU,,12/31/2024
PR0023710,001,00400,pH,6.74,C1,MIN,Concentration1,SU,6.74,SU,6,SU,,12/31/2024
PR0023710,001,00400,pH,7.38,C3,MAX,Concentration3,SU,7.38,SU,9,SU,,01/31/2025
PR0023710,001,00400,pH,6.79,C1,MIN,Concentration1,SU,6.79,SU,6,SU,,01/31/2025
PR0023710,001,00400,pH,7.56,C3,MAX,Concentration3,SU,7.56,SU,9,SU,,02/28/2025
PR0023710,001,00400,pH,6.84,C1,MIN,Concentration1,SU,6.84,SU,6,SU,,02/28/2025
PR0023710,001,00400,pH,6.9,C1,MIN,Concentration1,SU,6.9,SU,6,SU,,03/31/2025
PR0023710,001,00400,pH,7.49,C3,MAX,Concentration3,SU,7.49,SU,9,SU,,03/31/2025
PR0023710,001,00400,pH,7.45,C3,MAX,Concentration3,SU,7.45,SU,9,SU,,04/30/2025
PR0023710,001,00400,pH,6.86,C1,MIN,Concentration1,SU,6.86,SU,6,SU,,04/30/2025
PR0023710,001,00400,pH,6.84,C1,MIN,Concentration1,SU,6.84,SU,6,SU,,05/31/2025
PR0023710,001,00400,pH,7.67,C3,MAX,Concentration3,SU,7.67,SU,9,SU,,05/31/2025
PR0023710,001,00400,pH,6.86,C1,MIN,Concentration1,SU,6.86,SU,6,SU,,06/30/2025
PR0023710,001,00400,pH,7.33,C3,MAX,Concentration3,SU,7.33,SU,9,SU,,06/30/2025
PR0023710,001,00400,pH,6.79,C1,MIN,Concentration1,SU,6.79,SU,6,SU,,07/31/2025
PR0023710,001,00400,pH,7.38,C3,MAX,Concentration3,SU,7.38,SU,9,SU,,07/31/2025
PR0023710,001,00400,pH,6.95,C1,MIN,Concentration1,SU,6.95,SU,6,SU,,08/31/2025
PR0023710,001,00400,pH,7.49,C3,MAX,Concentration3,SU,7.49,SU,9,SU,,08/31/2025
PR0023710,001,00400,pH,6.9,C1,MIN,Concentration1,SU,6.9,SU,6,SU,,09/30/2025
PR0023710,001,00400,pH,7.47,C3,MAX,Concentration3,SU,7.47,SU,9,SU,,09/30/2025
PR0023710,001,00400,pH,6.89,C1,MIN,Concentration1,SU,6.89,SU,6,SU,,10/31/2025
PR0023710,001,00400,pH,7.69,C3,MAX,Concentration3,SU,7.69,SU,9,SU,,10/31/2025
PR0023710,001,00400,pH,6.7,C1,MIN,Concentration1,SU,6.7,SU,6,SU,,11/30/2025
PR0023710,001,00400,pH,7.32,C3,MAX,Concentration3,SU,7.32,SU,9,SU,,11/30/2025
PR0023710,001,00400,pH,6.71,C1,MIN,Concentration1,SU,6.71,SU,6,SU,,12/31/2025
PR0023710,001,00400,pH,7.4,C3,MAX,Concentration3,SU,7.4,SU,9,SU,,12/31/2025
PR0023710,001,00400,pH,6.68,C1,MIN,Concentration1,SU,6.68,SU,6,SU,,01/31/2026
PR0023710,001,00400,pH,7.61,C3,MAX,Concentration3,SU,7.61,SU,9,SU,,01/31/2026
PR0023710,001,00530,"Solids, total suspended",38,C2,AVG,Concentration2,mg/L,38,mg/L,110,mg/L,,01/31/2020
PR0023710,001,00530,"Solids, total suspended",820,Q1,AVG,Quantity1,kg/d,820,kg/d,8326,kg/d,,01/31/2020
PR0023710,001,00530,"Solids, total suspended",24,C2,AVG,Concentration2,mg/L,24,mg/L,110,mg/L,,02/29/2020
PR0023710,001,00530,"Solids, total suspended",641,Q1,AVG,Quantity1,kg/d,641,kg/d,8326,kg/d,,02/29/2020
PR0023710,001,00530,"Solids, total suspended",548,Q1,AVG,Quantity1,kg/d,548,kg/d,8326,kg/d,,03/31/2020
PR0023710,001,00530,"Solids, total suspended",24,C2,AVG,Concentration2,mg/L,24,mg/L,110,mg/L,,03/31/2020
PR0023710,001,00530,"Solids, total suspended",26,C2,AVG,Concentration2,mg/L,26,mg/L,110,mg/L,,04/30/2020
PR0023710,001,00530,"Solids, total suspended",533,Q1,AVG,Quantity1,kg/d,533,kg/d,8326,kg/d,,04/30/2020
PR0023710,001,00530,"Solids, total suspended",617,Q1,AVG,Quantity1,kg/d,617,kg/d,8326,kg/d,,05/31/2020
PR0023710,001,00530,"Solids, total suspended",32,C2,AVG,Concentration2,mg/L,32,mg/L,110,mg/L,,05/31/2020
PR0023710,001,00530,"Solids, total suspended",28,C2,AVG,Concentration2,mg/L,28,mg/L,110,mg/L,,06/30/2020
PR0023710,001,00530,"Solids, total suspended",497,Q1,AVG,Quantity1,kg/d,497,kg/d,8326,kg/d,,06/30/2020
PR0023710,001,00530,"Solids, total suspended",29,C2,AVG,Concentration2,mg/L,29,mg/L,110,mg/L,,07/31/2020
PR0023710,001,00530,"Solids, total suspended",574,Q1,AVG,Quantity1,kg/d,574,kg/d,8326,kg/d,,07/31/2020
PR0023710,001,00530,"Solids, total suspended",29,C2,AVG,Concentration2,mg/L,29,mg/L,110,mg/L,,08/31/2020
PR0023710,001,00530,"Solids, total suspended",548,Q1,AVG,Quantity1,kg/d,548,kg/d,8326,kg/d,,08/31/2020
PR0023710,001,00530,"Solids, total suspended",21,C2,AVG,Concentration2,mg/L,21,mg/L,110,mg/L,,09/30/2020
PR0023710,001,00530,"Solids, total suspended",422,Q1,AVG,Quantity1,kg/d,422,kg/d,8326,kg/d,,09/30/2020
PR0023710,001,00530,"Solids, total suspended",21,C2,AVG,Concentration2,mg/L,21,mg/L,110,mg/L,,10/31/2020
PR0023710,001,00530,"Solids, total suspended",501,Q1,AVG,Quantity1,kg/d,501,kg/d,8326,kg/d,,10/31/2020
PR0023710,001,00530,"Solids, total suspended",447,Q1,AVG,Quantity1,kg/d,447,kg/d,8326,kg/d,,11/30/2020
PR0023710,001,00530,"Solids, total suspended",21,C2,AVG,Concentration2,mg/L,21,mg/L,110,mg/L,,11/30/2020
PR0023710,001,00530,"Solids, total suspended",420,Q1,AVG,Quantity1,kg/d,420,kg/d,8326,kg/d,,12/31/2020
PR0023710,001,00530,"Solids, total suspended",21,C2,AVG,Concentration2,mg/L,21,mg/L,110,mg/L,,12/31/2020
PR0023710,001,00530,"Solids, total suspended",17,C2,AVG,Concentration2,mg/L,17,mg/L,110,mg/L,,01/31/2021
PR0023710,001,00530,"Solids, total suspended",356,Q1,AVG,Quantity1,kg/d,356,kg/d,8326,kg/d,,01/31/2021
PR0023710,001,00530,"Solids, total suspended",13,C2,AVG,Concentration2,mg/L,13,mg/L,110,mg/L,,02/28/2021
PR0023710,001,00530,"Solids, total suspended",262,Q1,AVG,Quantity1,kg/d,262,kg/d,8326,kg/d,,02/28/2021
PR0023710,001,00530,"Solids, total suspended",265,Q1,AVG,Quantity1,kg/d,265,kg/d,8326,kg/d,,03/31/2021
PR0023710,001,00530,"Solids, total suspended",14,C2,AVG,Concentration2,mg/L,14,mg/L,110,mg/L,,03/31/2021
PR0023710,001,00530,"Solids, total suspended",18,C2,AVG,Concentration2,mg/L,18,mg/L,110,mg/L,,04/30/2021
PR0023710,001,00530,"Solids, total suspended",335,Q1,AVG,Quantity1,kg/d,335,kg/d,8326,kg/d,,04/30/2021
PR0023710,001,00530,"Solids, total suspended",397,Q1,AVG,Quantity1,kg/d,397,kg/d,8326,kg/d,,05/31/2021
PR0023710,001,00530,"Solids, total suspended",21,C2,AVG,Concentration2,mg/L,21,mg/L,110,mg/L,,05/31/2021
PR0023710,001,00530,"Solids, total suspended",30,C2,AVG,Concentration2,mg/L,30,mg/L,110,mg/L,,06/30/2021
PR0023710,001,00530,"Solids, total suspended",598,Q1,AVG,Quantity1,kg/d,598,kg/d,8326,kg/d,,06/30/2021
PR0023710,001,00530,"Solids, total suspended",743,Q1,AVG,Quantity1,kg/d,743,kg/d,8326,kg/d,,07/31/2021
PR0023710,001,00530,"Solids, total suspended",37,C2,AVG,Concentration2,mg/L,37,mg/L,110,mg/L,,07/31/2021
PR0023710,001,00530,"Solids, total suspended",1443,Q1,AVG,Quantity1,kg/d,1443,kg/d,8326,kg/d,,08/31/2021
PR0023710,001,00530,"Solids, total suspended",81,C2,AVG,Concentration2,mg/L,81,mg/L,110,mg/L,,08/31/2021
PR0023710,001,00530,"Solids, total suspended",688,Q1,AVG,Quantity1,kg/d,688,kg/d,8326,kg/d,,09/30/2021
PR0023710,001,00530,"Solids, total suspended",33,C2,AVG,Concentration2,mg/L,33,mg/L,110,mg/L,,09/30/2021
PR0023710,001,00530,"Solids, total suspended",33,C2,AVG,Concentration2,mg/L,33,mg/L,110,mg/L,,10/31/2021
PR0023710,001,00530,"Solids, total suspended",726,Q1,AVG,Quantity1,kg/d,726,kg/d,8326,kg/d,,10/31/2021
PR0023710,001,00530,"Solids, total suspended",538,Q1,AVG,Quantity1,kg/d,538,kg/d,8326,kg/d,,11/30/2021
PR0023710,001,00530,"Solids, total suspended",24,C2,AVG,Concentration2,mg/L,24,mg/L,110,mg/L,,11/30/2021
PR0023710,001,00530,"Solids, total suspended",25,C2,AVG,Concentration2,mg/L,25,mg/L,110,mg/L,,12/31/2021
PR0023710,001,00530,"Solids, total suspended",585,Q1,AVG,Quantity1,kg/d,585,kg/d,8326,kg/d,,12/31/2021
PR0023710,001,00530,"Solids, total suspended",425,Q1,AVG,Quantity1,kg/d,425,kg/d,8326,kg/d,,01/31/2022
PR0023710,001,00530,"Solids, total suspended",21,C2,AVG,Concentration2,mg/L,21,mg/L,110,mg/L,,01/31/2022
PR0023710,001,00530,"Solids, total suspended",1375,Q1,AVG,Quantity1,kg/d,1375,kg/d,8326,kg/d,,02/28/2022
PR0023710,001,00530,"Solids, total suspended",66,C2,AVG,Concentration2,mg/L,66,mg/L,110,mg/L,,02/28/2022
PR0023710,001,00530,"Solids, total suspended",48,C2,AVG,Concentration2,mg/L,48,mg/L,110,mg/L,,03/31/2022
PR0023710,001,00530,"Solids, total suspended",968,Q1,AVG,Quantity1,kg/d,968,kg/d,8326,kg/d,,03/31/2022
PR0023710,001,00530,"Solids, total suspended",470,Q1,AVG,Quantity1,kg/d,470,kg/d,8326,kg/d,,04/30/2022
PR0023710,001,00530,"Solids, total suspended",22,C2,AVG,Concentration2,mg/L,22,mg/L,110,mg/L,,04/30/2022
PR0023710,001,00530,"Solids, total suspended",133,C2,AVG,Concentration2,mg/L,133,mg/L,110,mg/L,,05/31/2022
PR0023710,001,00530,"Solids, total suspended",2331,Q1,AVG,Quantity1,kg/d,2331,kg/d,8326,kg/d,,05/31/2022
PR0023710,001,00530,"Solids, total suspended",1154,Q1,AVG,Quantity1,kg/d,1154,kg/d,8326,kg/d,,06/30/2022
PR0023710,001,00530,"Solids, total suspended",65,C2,AVG,Concentration2,mg/L,65,mg/L,110,mg/L,,06/30/2022
PR0023710,001,00530,"Solids, total suspended",29,C2,AVG,Concentration2,mg/L,29,mg/L,110,mg/L,,07/31/2022
PR0023710,001,00530,"Solids, total suspended",548,Q1,AVG,Quantity1,kg/d,548,kg/d,8326,kg/d,,07/31/2022
PR0023710,001,00530,"Solids, total suspended",1357,Q1,AVG,Quantity1,kg/d,1357,kg/d,8326,kg/d,,08/31/2022
PR0023710,001,00530,"Solids, total suspended",73,C2,AVG,Concentration2,mg/L,73,mg/L,110,mg/L,,08/31/2022
PR0023710,001,00530,"Solids, total suspended",709,Q1,AVG,Quantity1,kg/d,709,kg/d,8326,kg/d,,09/30/2022
PR0023710,001,00530,"Solids, total suspended",34,C2,AVG,Concentration2,mg/L,34,mg/L,110,mg/L,,09/30/2022
PR0023710,001,00530,"Solids, total suspended",22,C2,AVG,Concentration2,mg/L,22,mg/L,110,mg/L,,10/31/2022
PR0023710,001,00530,"Solids, total suspended",459,Q1,AVG,Quantity1,kg/d,459,kg/d,8326,kg/d,,10/31/2022
PR0023710,001,00530,"Solids, total suspended",564,Q1,AVG,Quantity1,kg/d,564,kg/d,8326,kg/d,,11/30/2022
PR0023710,001,00530,"Solids, total suspended",27,C2,AVG,Concentration2,mg/L,27,mg/L,110,mg/L,,11/30/2022
PR0023710,001,00530,"Solids, total suspended",100,C2,AVG,Concentration2,mg/L,100,mg/L,110,mg/L,,12/31/2022
PR0023710,001,00530,"Solids, total suspended",2151,Q1,AVG,Quantity1,kg/d,2151,kg/d,8326,kg/d,,12/31/2022
PR0023710,001,00530,"Solids, total suspended",1088,Q1,AVG,Quantity1,kg/d,1088,kg/d,8326,kg/d,,01/31/2023
PR0023710,001,00530,"Solids, total suspended",41,C2,AVG,Concentration2,mg/L,41,mg/L,110,mg/L,,01/31/2023
PR0023710,001,00530,"Solids, total suspended",27,C2,AVG,Concentration2,mg/L,27,mg/L,110,mg/L,,02/28/2023
PR0023710,001,00530,"Solids, total suspended",575,Q1,AVG,Quantity1,kg/d,575,kg/d,8326,kg/d,,02/28/2023
PR0023710,001,00530,"Solids, total suspended",57,C2,AVG,Concentration2,mg/L,57,mg/L,110,mg/L,,03/31/2023
PR0023710,001,00530,"Solids, total suspended",936,Q1,AVG,Quantity1,kg/d,936,kg/d,8326,kg/d,,03/31/2023
PR0023710,001,00530,"Solids, total suspended",44,C2,AVG,Concentration2,mg/L,44,mg/L,110,mg/L,,04/30/2023
PR0023710,001,00530,"Solids, total suspended",890,Q1,AVG,Quantity1,kg/d,890,kg/d,8326,kg/d,,04/30/2023
PR0023710,001,00530,"Solids, total suspended",329,Q1,AVG,Quantity1,kg/d,329,kg/d,8326,kg/d,,05/31/2023
PR0023710,001,00530,"Solids, total suspended",16,C2,AVG,Concentration2,mg/L,16,mg/L,110,mg/L,,05/31/2023
PR0023710,001,00530,"Solids, total suspended",474,Q1,AVG,Quantity1,kg/d,474,kg/d,8326,kg/d,,06/30/2023
PR0023710,001,00530,"Solids, total suspended",24,C2,AVG,Concentration2,mg/L,24,mg/L,110,mg/L,,06/30/2023
PR0023710,001,00530,"Solids, total suspended",559,Q1,AVG,Quantity1,kg/d,559,kg/d,8326,kg/d,,07/31/2023
PR0023710,001,00530,"Solids, total suspended",29,C2,AVG,Concentration2,mg/L,29,mg/L,110,mg/L,,07/31/2023
PR0023710,001,00530,"Solids, total suspended",52,C2,AVG,Concentration2,mg/L,52,mg/L,110,mg/L,,08/31/2023
PR0023710,001,00530,"Solids, total suspended",1103,Q1,AVG,Quantity1,kg/d,1103,kg/d,8326,kg/d,,08/31/2023
PR0023710,001,00530,"Solids, total suspended",25,C2,AVG,Concentration2,mg/L,25,mg/L,110,mg/L,,09/30/2023
PR0023710,001,00530,"Solids, total suspended",478,Q1,AVG,Quantity1,kg/d,478,kg/d,8326,kg/d,,09/30/2023
PR0023710,001,00530,"Solids, total suspended",36,C2,AVG,Concentration2,mg/L,36,mg/L,110,mg/L,,10/31/2023
PR0023710,001,00530,"Solids, total suspended",738,Q1,AVG,Quantity1,kg/d,738,kg/d,8326,kg/d,,10/31/2023
PR0023710,001,00530,"Solids, total suspended",427,Q1,AVG,Quantity1,kg/d,427,kg/d,8326,kg/d,,11/30/2023
PR0023710,001,00530,"Solids, total suspended",20,C2,AVG,Concentration2,mg/L,20,mg/L,110,mg/L,,11/30/2023
PR0023710,001,00530,"Solids, total suspended",24,C2,AVG,Concentration2,mg/L,24,mg/L,110,mg/L,,12/31/2023
PR0023710,001,00530,"Solids, total suspended",540,Q1,AVG,Quantity1,kg/d,540,kg/d,8326,kg/d,,12/31/2023
PR0023710,001,00530,"Solids, total suspended",993,Q1,AVG,Quantity1,kg/d,993,kg/d,8326,kg/d,,01/31/2024
PR0023710,001,00530,"Solids, total suspended",41,C2,AVG,Concentration2,mg/L,41,mg/L,110,mg/L,,01/31/2024
PR0023710,001,00530,"Solids, total suspended",25,C2,AVG,Concentration2,mg/L,25,mg/L,110,mg/L,,02/29/2024
PR0023710,001,00530,"Solids, total suspended",723,Q1,AVG,Quantity1,kg/d,723,kg/d,8326,kg/d,,02/29/2024
PR0023710,001,00530,"Solids, total suspended",30,C2,AVG,Concentration2,mg/L,30,mg/L,110,mg/L,,03/31/2024
PR0023710,001,00530,"Solids, total suspended",808,Q1,AVG,Quantity1,kg/d,808,kg/d,8326,kg/d,,03/31/2024
PR0023710,001,00530,"Solids, total suspended",895,Q1,AVG,Quantity1,kg/d,895,kg/d,8326,kg/d,,04/30/2024
PR0023710,001,00530,"Solids, total suspended",35,C2,AVG,Concentration2,mg/L,35,mg/L,110,mg/L,,04/30/2024
PR0023710,001,00530,"Solids, total suspended",74,C2,AVG,Concentration2,mg/L,74,mg/L,110,mg/L,,05/31/2024
PR0023710,001,00530,"Solids, total suspended",1650,Q1,AVG,Quantity1,kg/d,1650,kg/d,8326,kg/d,,05/31/2024
PR0023710,001,00530,"Solids, total suspended",726,Q1,AVG,Quantity1,kg/d,726,kg/d,8326,kg/d,,06/30/2024
PR0023710,001,00530,"Solids, total suspended",25,C2,AVG,Concentration2,mg/L,25,mg/L,110,mg/L,,06/30/2024
PR0023710,001,00530,"Solids, total suspended",762,Q1,AVG,Quantity1,kg/d,762,kg/d,8326,kg/d,,07/31/2024
PR0023710,001,00530,"Solids, total suspended",31,C2,AVG,Concentration2,mg/L,31,mg/L,110,mg/L,,07/31/2024
PR0023710,001,00530,"Solids, total suspended",795,Q1,AVG,Quantity1,kg/d,795,kg/d,8326,kg/d,,08/31/2024
PR0023710,001,00530,"Solids, total suspended",29,C2,AVG,Concentration2,mg/L,29,mg/L,110,mg/L,,08/31/2024
PR0023710,001,00530,"Solids, total suspended",1019,Q1,AVG,Quantity1,kg/d,1019,kg/d,8326,kg/d,,09/30/2024
PR0023710,001,00530,"Solids, total suspended",34,C2,AVG,Concentration2,mg/L,34,mg/L,110,mg/L,,09/30/2024
PR0023710,001,00530,"Solids, total suspended",817,Q1,AVG,Quantity1,kg/d,817,kg/d,8326,kg/d,,10/31/2024
PR0023710,001,00530,"Solids, total suspended",28,C2,AVG,Concentration2,mg/L,28,mg/L,110,mg/L,,10/31/2024
PR0023710,001,00530,"Solids, total suspended",22,C2,AVG,Concentration2,mg/L,22,mg/L,110,mg/L,,11/30/2024
PR0023710,001,00530,"Solids, total suspended",588,Q1,AVG,Quantity1,kg/d,588,kg/d,8326,kg/d,,11/30/2024
PR0023710,001,00530,"Solids, total suspended",495,Q1,AVG,Quantity1,kg/d,495,kg/d,8326,kg/d,,12/31/2024
PR0023710,001,00530,"Solids, total suspended",21,C2,AVG,Concentration2,mg/L,21,mg/L,110,mg/L,,12/31/2024
PR0023710,001,00530,"Solids, total suspended",1576,Q1,AVG,Quantity1,kg/d,1576,kg/d,8326,kg/d,,01/31/2025
PR0023710,001,00530,"Solids, total suspended",53,C2,AVG,Concentration2,mg/L,53,mg/L,110,mg/L,,01/31/2025
PR0023710,001,00530,"Solids, total suspended",4170,Q1,AVG,Quantity1,kg/d,4170,kg/d,8326,kg/d,,02/28/2025
PR0023710,001,00530,"Solids, total suspended",113,C2,AVG,Concentration2,mg/L,113,mg/L,110,mg/L,,02/28/2025
PR0023710,001,00530,"Solids, total suspended",23,C2,AVG,Concentration2,mg/L,23,mg/L,110,mg/L,,03/31/2025
PR0023710,001,00530,"Solids, total suspended",603,Q1,AVG,Quantity1,kg/d,603,kg/d,8326,kg/d,,03/31/2025
PR0023710,001,00530,"Solids, total suspended",639,Q1,AVG,Quantity1,kg/d,639,kg/d,8326,kg/d,,04/30/2025
PR0023710,001,00530,"Solids, total suspended",22,C2,AVG,Concentration2,mg/L,22,mg/L,110,mg/L,,04/30/2025
PR0023710,001,00530,"Solids, total suspended",36,C2,AVG,Concentration2,mg/L,36,mg/L,110,mg/L,,05/31/2025
PR0023710,001,00530,"Solids, total suspended",880,Q1,AVG,Quantity1,kg/d,880,kg/d,8326,kg/d,,05/31/2025
PR0023710,001,00530,"Solids, total suspended",37,C2,AVG,Concentration2,mg/L,37,mg/L,110,mg/L,,06/30/2025
PR0023710,001,00530,"Solids, total suspended",707,Q1,AVG,Quantity1,kg/d,707,kg/d,8326,kg/d,,06/30/2025
PR0023710,001,00530,"Solids, total suspended",69,C2,AVG,Concentration2,mg/L,69,mg/L,110,mg/L,,07/31/2025
PR0023710,001,00530,"Solids, total suspended",1775,Q1,AVG,Quantity1,kg/d,1775,kg/d,8326,kg/d,,07/31/2025
PR0023710,001,00530,"Solids, total suspended",56,C2,AVG,Concentration2,mg/L,56,mg/L,110,mg/L,,08/31/2025
PR0023710,001,00530,"Solids, total suspended",1523,Q1,AVG,Quantity1,kg/d,1523,kg/d,8326,kg/d,,08/31/2025
PR0023710,001,00530,"Solids, total suspended",30,C2,AVG,Concentration2,mg/L,30,mg/L,110,mg/L,,09/30/2025
PR0023710,001,00530,"Solids, total suspended",584,Q1,AVG,Quantity1,kg/d,584,kg/d,8326,kg/d,,09/30/2025
PR0023710,001,00530,"Solids, total suspended",807,Q1,AVG,Quantity1,kg/d,807,kg/d,8326,kg/d,,10/31/2025
PR0023710,001,00530,"Solids, total suspended",42,C2,AVG,Concentration2,mg/L,42,mg/L,110,mg/L,,10/31/2025
PR0023710,001,00530,"Solids, total suspended",755,Q1,AVG,Quantity1,kg/d,755,kg/d,8326,kg/d,,11/30/2025
PR0023710,001,00530,"Solids, total suspended",37,C2,AVG,Concentration2,mg/L,37,mg/L,110,mg/L,,11/30/2025
PR0023710,001,00530,"Solids, total suspended",582,Q1,AVG,Quantity1,kg/d,582,kg/d,8326,kg/d,,12/31/2025
PR0023710,001,00530,"Solids, total suspended",35,C2,AVG,Concentration2,mg/L,35,mg/L,110,mg/L,,12/31/2025
PR0023710,001,00530,"Solids, total suspended",786,Q1,AVG,Quantity1,kg/d,786,kg/d,8326,kg/d,,01/31/2026
PR0023710,001,00530,"Solids, total suspended",50,C2,AVG,Concentration2,mg/L,50,mg/L,110,mg/L,,01/31/2026
PR0023710,001,00545,"Solids, settleable",0,C3,MAX,Concentration3,mL/L,0,mg/L,,mL/L,,01/31/2020
PR0023710,001,00545,"Solids, settleable",0,C3,MAX,Concentration3,mL/L,0,mg/L,,mL/L,,02/29/2020
PR0023710,001,00545,"Solids, settleable",0,C3,MAX,Concentration3,mL/L,0,mg/L,,mL/L,,03/31/2020
PR0023710,001,00545,"Solids, settleable",0,C3,MAX,Concentration3,mL/L,0,mg/L,,mL/L,,04/30/2020
PR0023710,001,00545,"Solids, settleable",0,C3,MAX,Concentration3,mL/L,0,mg/L,,mL/L,,05/31/2020
PR0023710,001,00545,"Solids, settleable",0,C3,MAX,Concentration3,mL/L,0,mg/L,,mL/L,,06/30/2020
PR0023710,001,00545,"Solids, settleable",0,C3,MAX,Concentration3,mL/L,0,mg/L,,mL/L,,07/31/2020
PR0023710,001,00545,"Solids, settleable",0,C3,MAX,Concentration3,mL/L,0,mg/L,,mL/L,,08/31/2020
PR0023710,001,00545,"Solids, settleable",0,C3,MAX,Concentration3,mL/L,0,mg/L,,mL/L,,09/30/2020
PR0023710,001,00545,"Solids, settleable",0,C3,MAX,Concentration3,mL/L,0,mg/L,,mL/L,,10/31/2020
PR0023710,001,00545,"Solids, settleable",0,C3,MAX,Concentration3,mL/L,0,mg/L,,mL/L,,11/30/2020
PR0023710,001,00545,"Solids, settleable",0,C3,MAX,Concentration3,mL/L,0,mg/L,,mL/L,,12/31/2020
PR0023710,001,00545,"Solids, settleable",0,C3,MAX,Concentration3,mL/L,0,mg/L,,mL/L,,01/31/2021
PR0023710,001,00545,"Solids, settleable",0,C3,MAX,Concentration3,mL/L,0,mg/L,,mL/L,,02/28/2021
PR0023710,001,00545,"Solids, settleable",0,C3,MAX,Concentration3,mL/L,0,mg/L,,mL/L,,03/31/2021
PR0023710,001,00545,"Solids, settleable",0,C3,MAX,Concentration3,mL/L,0,mg/L,,mL/L,,04/30/2021
PR0023710,001,00545,"Solids, settleable",0,C3,MAX,Concentration3,mL/L,0,mg/L,,mL/L,,05/31/2021
PR0023710,001,00545,"Solids, settleable",0,C3,MAX,Concentration3,mL/L,0,mg/L,,mL/L,,06/30/2021
PR0023710,001,00545,"Solids, settleable",0,C3,MAX,Concentration3,mL/L,0,mg/L,,mL/L,,07/31/2021
PR0023710,001,00545,"Solids, settleable",0,C3,MAX,Concentration3,mL/L,0,mg/L,,mL/L,,08/31/2021
PR0023710,001,00545,"Solids, settleable",0,C3,MAX,Concentration3,mL/L,0,mg/L,,mL/L,,09/30/2021
PR0023710,001,00545,"Solids, settleable",0,C3,MAX,Concentration3,mL/L,0,mg/L,,mL/L,,10/31/2021
PR0023710,001,00545,"Solids, settleable",0,C3,MAX,Concentration3,mL/L,0,mg/L,,mL/L,,11/30/2021
PR0023710,001,00545,"Solids, settleable",0,C3,MAX,Concentration3,mL/L,0,mg/L,,mL/L,,12/31/2021
PR0023710,001,00545,"Solids, settleable",0,C3,MAX,Concentration3,mL/L,0,mg/L,,mL/L,,01/31/2022
PR0023710,001,00545,"Solids, settleable",54,C3,MAX,Concentration3,mL/L,.054,mg/L,,mL/L,,02/28/2022
PR0023710,001,00545,"Solids, settleable",4,C3,MAX,Concentration3,mL/L,.004,mg/L,,mL/L,,03/31/2022
PR0023710,001,00545,"Solids, settleable",4,C3,MAX,Concentration3,mL/L,.004,mg/L,,mL/L,,04/30/2022
PR0023710,001,00545,"Solids, settleable",50,C3,MAX,Concentration3,mL/L,.05,mg/L,,mL/L,,05/31/2022
PR0023710,001,00545,"Solids, settleable",50,C3,MAX,Concentration3,mL/L,.05,mg/L,,mL/L,,06/30/2022
PR0023710,001,00545,"Solids, settleable",65,C3,MAX,Concentration3,mL/L,.065,mg/L,,mL/L,,07/31/2022
PR0023710,001,00545,"Solids, settleable",40,C3,MAX,Concentration3,mL/L,.04,mg/L,,mL/L,,08/31/2022
PR0023710,001,00545,"Solids, settleable",0,C3,MAX,Concentration3,mL/L,0,mg/L,,mL/L,,09/30/2022
PR0023710,001,00545,"Solids, settleable",0,C3,MAX,Concentration3,mL/L,0,mg/L,,mL/L,,10/31/2022
PR0023710,001,00545,"Solids, settleable",0.5,C3,MAX,Concentration3,mL/L,.0005,mg/L,,mL/L,,11/30/2022
PR0023710,001,00545,"Solids, settleable",10,C3,MAX,Concentration3,mL/L,.01,mg/L,,mL/L,,12/31/2022
PR0023710,001,00545,"Solids, settleable",0.09,C3,MAX,Concentration3,mL/L,.00009,mg/L,,mL/L,,01/31/2023
PR0023710,001,00545,"Solids, settleable",10,C3,MAX,Concentration3,mL/L,.01,mg/L,,mL/L,,02/28/2023
PR0023710,001,00545,"Solids, settleable",6,C3,MAX,Concentration3,mL/L,.006,mg/L,,mL/L,,03/31/2023
PR0023710,001,00545,"Solids, settleable",0.5,C3,MAX,Concentration3,mL/L,.0005,mg/L,,mL/L,,04/30/2023
PR0023710,001,00545,"Solids, settleable",0,C3,MAX,Concentration3,mL/L,0,mg/L,,mL/L,,05/31/2023
PR0023710,001,00545,"Solids, settleable",1,C3,MAX,Concentration3,mL/L,.001,mg/L,,mL/L,,06/30/2023
PR0023710,001,00545,"Solids, settleable",0,C3,MAX,Concentration3,mL/L,0,mg/L,,mL/L,,07/31/2023
PR0023710,001,00545,"Solids, settleable",2,C3,MAX,Concentration3,mL/L,.002,mg/L,,mL/L,,08/31/2023
PR0023710,001,00545,"Solids, settleable",0,C3,MAX,Concentration3,mL/L,0,mg/L,,mL/L,,09/30/2023
PR0023710,001,00545,"Solids, settleable",0,C3,MAX,Concentration3,mL/L,0,mg/L,,mL/L,,10/31/2023
PR0023710,001,00545,"Solids, settleable",0,C3,MAX,Concentration3,mL/L,0,mg/L,,mL/L,,11/30/2023
PR0023710,001,00545,"Solids, settleable",0,C3,MAX,Concentration3,mL/L,0,mg/L,,mL/L,,12/31/2023
PR0023710,001,00545,"Solids, settleable",0.1,C3,MAX,Concentration3,mL/L,.0001,mg/L,,mL/L,,01/31/2024
PR0023710,001,00545,"Solids, settleable",0,C3,MAX,Concentration3,mL/L,0,mg/L,,mL/L,,02/29/2024
PR0023710,001,00545,"Solids, settleable",0.1,C3,MAX,Concentration3,mL/L,.0001,mg/L,,mL/L,,03/31/2024
PR0023710,001,00545,"Solids, settleable",0,C3,MAX,Concentration3,mL/L,0,mg/L,,mL/L,,04/30/2024
PR0023710,001,00545,"Solids, settleable",0,C3,MAX,Concentration3,mL/L,0,mg/L,,mL/L,,05/31/2024
PR0023710,001,00545,"Solids, settleable",0,C3,MAX,Concentration3,mL/L,0,mg/L,,mL/L,,06/30/2024
PR0023710,001,00545,"Solids, settleable",0,C3,MAX,Concentration3,mL/L,0,mg/L,,mL/L,,07/31/2024
PR0023710,001,00545,"Solids, settleable",0,C3,MAX,Concentration3,mL/L,0,mg/L,,mL/L,,08/31/2024
PR0023710,001,00545,"Solids, settleable",0,C3,MAX,Concentration3,mL/L,0,mg/L,,mL/L,,09/30/2024
PR0023710,001,00545,"Solids, settleable",0,C3,MAX,Concentration3,mL/L,0,mg/L,,mL/L,,10/31/2024
PR0023710,001,00545,"Solids, settleable",0,C3,MAX,Concentration3,mL/L,0,mg/L,,mL/L,,11/30/2024
PR0023710,001,00545,"Solids, settleable",1.5,C3,MAX,Concentration3,mL/L,.0015,mg/L,,mL/L,,12/31/2024
PR0023710,001,00545,"Solids, settleable",0.5,C3,MAX,Concentration3,mL/L,.0005,mg/L,,mL/L,,01/31/2025
PR0023710,001,00545,"Solids, settleable",0,C3,MAX,Concentration3,mL/L,0,mg/L,,mL/L,,02/28/2025
PR0023710,001,00545,"Solids, settleable",0,C3,MAX,Concentration3,mL/L,0,mg/L,,mL/L,,03/31/2025
PR0023710,001,00545,"Solids, settleable",0,C3,MAX,Concentration3,mL/L,0,mg/L,,mL/L,,04/30/2025
PR0023710,001,00545,"Solids, settleable",0,C3,MAX,Concentration3,mL/L,0,mg/L,,mL/L,,05/31/2025
PR0023710,001,00545,"Solids, settleable",0,C3,MAX,Concentration3,mL/L,0,mg/L,,mL/L,,06/30/2025
PR0023710,001,00545,"Solids, settleable",0,C3,MAX,Concentration3,mL/L,0,mg/L,,mL/L,,07/31/2025
PR0023710,001,00545,"Solids, settleable",0,C3,MAX,Concentration3,mL/L,0,mg/L,,mL/L,,08/31/2025
PR0023710,001,00545,"Solids, settleable",0,C3,MAX,Concentration3,mL/L,0,mg/L,,mL/L,,09/30/2025
PR0023710,001,00545,"Solids, settleable",0,C3,MAX,Concentration3,mL/L,0,mg/L,,mL/L,,10/31/2025
PR0023710,001,00545,"Solids, settleable",0,C3,MAX,Concentration3,mL/L,0,mg/L,,mL/L,,11/30/2025
PR0023710,001,00545,"Solids, settleable",0,C3,MAX,Concentration3,mL/L,0,mg/L,,mL/L,,12/31/2025
PR0023710,001,00545,"Solids, settleable",0,C3,MAX,Concentration3,mL/L,0,mg/L,,mL/L,,01/31/2026
PR0023710,001,00556,Oil & Grease,NA,C2,AVG,Concentration2,mg/L,,mg/L,,mg/L,,01/31/2020
PR0023710,001,00556,Oil & Grease,4.7,C3,MAX,Concentration3,mg/L,4.7,mg/L,,mg/L,,01/31/2020
PR0023710,001,00556,Oil & Grease,5.7,C3,MAX,Concentration3,mg/L,5.7,mg/L,,mg/L,,02/29/2020
PR0023710,001,00556,Oil & Grease,NA,C2,AVG,Concentration2,mg/L,,mg/L,,mg/L,,02/29/2020
PR0023710,001,00556,Oil & Grease,NA,C2,AVG,Concentration2,mg/L,,mg/L,,mg/L,,03/31/2020
PR0023710,001,00556,Oil & Grease,8.6,C3,MAX,Concentration3,mg/L,8.6,mg/L,,mg/L,,03/31/2020
PR0023710,001,00556,Oil & Grease,5.7,C3,MAX,Concentration3,mg/L,5.7,mg/L,,mg/L,,04/30/2020
PR0023710,001,00556,Oil & Grease,NA,C2,AVG,Concentration2,mg/L,,mg/L,,mg/L,,04/30/2020
PR0023710,001,00556,Oil & Grease,NA,C2,AVG,Concentration2,mg/L,,mg/L,,mg/L,,05/31/2020
PR0023710,001,00556,Oil & Grease,4.3,C3,MAX,Concentration3,mg/L,4.3,mg/L,,mg/L,,05/31/2020
PR0023710,001,00556,Oil & Grease,6.3,C3,MAX,Concentration3,mg/L,6.3,mg/L,,mg/L,,06/30/2020
PR0023710,001,00556,Oil & Grease,NA,C2,AVG,Concentration2,mg/L,,mg/L,,mg/L,,06/30/2020
PR0023710,001,00556,Oil & Grease,NA,C2,AVG,Concentration2,mg/L,,mg/L,,mg/L,,07/31/2020
PR0023710,001,00556,Oil & Grease,5.7,C3,MAX,Concentration3,mg/L,5.7,mg/L,,mg/L,,07/31/2020
PR0023710,001,00556,Oil & Grease,7.4,C3,MAX,Concentration3,mg/L,7.4,mg/L,,mg/L,,08/31/2020
PR0023710,001,00556,Oil & Grease,NA,C2,AVG,Concentration2,mg/L,,mg/L,,mg/L,,08/31/2020
PR0023710,001,00556,Oil & Grease,NA,C2,AVG,Concentration2,mg/L,,mg/L,,mg/L,,09/30/2020
PR0023710,001,00556,Oil & Grease,4.7,C3,MAX,Concentration3,mg/L,4.7,mg/L,,mg/L,,09/30/2020
PR0023710,001,00556,Oil & Grease,5.3,C3,MAX,Concentration3,mg/L,5.3,mg/L,,mg/L,,10/31/2020
PR0023710,001,00556,Oil & Grease,NA,C2,AVG,Concentration2,mg/L,,mg/L,,mg/L,,10/31/2020
PR0023710,001,00556,Oil & Grease,NA,C2,AVG,Concentration2,mg/L,,mg/L,,mg/L,,11/30/2020
PR0023710,001,00556,Oil & Grease,3.5,C3,MAX,Concentration3,mg/L,3.5,mg/L,,mg/L,,11/30/2020
PR0023710,001,00556,Oil & Grease,7.3,C3,MAX,Concentration3,mg/L,7.3,mg/L,,mg/L,,12/31/2020
PR0023710,001,00556,Oil & Grease,NA,C2,AVG,Concentration2,mg/L,,mg/L,,mg/L,,12/31/2020
PR0023710,001,00556,Oil & Grease,NA,C2,AVG,Concentration2,mg/L,,mg/L,,mg/L,,01/31/2021
PR0023710,001,00556,Oil & Grease,3.4,C3,MAX,Concentration3,mg/L,3.4,mg/L,,mg/L,,01/31/2021
PR0023710,001,00556,Oil & Grease,5.5,C3,MAX,Concentration3,mg/L,5.5,mg/L,,mg/L,,02/28/2021
PR0023710,001,00556,Oil & Grease,NA,C2,AVG,Concentration2,mg/L,,mg/L,,mg/L,,02/28/2021
PR0023710,001,00556,Oil & Grease,NA,C2,AVG,Concentration2,mg/L,,mg/L,,mg/L,,03/31/2021
PR0023710,001,00556,Oil & Grease,7.1,C3,MAX,Concentration3,mg/L,7.1,mg/L,,mg/L,,03/31/2021
PR0023710,001,00556,Oil & Grease,5.6,C3,MAX,Concentration3,mg/L,5.6,mg/L,,mg/L,,04/30/2021
PR0023710,001,00556,Oil & Grease,NA,C2,AVG,Concentration2,mg/L,,mg/L,,mg/L,,04/30/2021
PR0023710,001,00556,Oil & Grease,NA,C2,AVG,Concentration2,mg/L,,mg/L,,mg/L,,05/31/2021
PR0023710,001,00556,Oil & Grease,5.2,C3,MAX,Concentration3,mg/L,5.2,mg/L,,mg/L,,05/31/2021
PR0023710,001,00556,Oil & Grease,3.7,C3,MAX,Concentration3,mg/L,3.7,mg/L,,mg/L,,06/30/2021
PR0023710,001,00556,Oil & Grease,NA,C2,AVG,Concentration2,mg/L,,mg/L,,mg/L,,06/30/2021
PR0023710,001,00556,Oil & Grease,NA,C2,AVG,Concentration2,mg/L,,mg/L,,mg/L,,07/31/2021
PR0023710,001,00556,Oil & Grease,6.9,C3,MAX,Concentration3,mg/L,6.9,mg/L,,mg/L,,07/31/2021
PR0023710,001,00556,Oil & Grease,4.6,C3,MAX,Concentration3,mg/L,4.6,mg/L,,mg/L,,08/31/2021
PR0023710,001,00556,Oil & Grease,NA,C2,AVG,Concentration2,mg/L,,mg/L,,mg/L,,08/31/2021
PR0023710,001,00556,Oil & Grease,NA,C2,AVG,Concentration2,mg/L,,mg/L,,mg/L,,09/30/2021
PR0023710,001,00556,Oil & Grease,4,C3,MAX,Concentration3,mg/L,4,mg/L,,mg/L,,09/30/2021
PR0023710,001,00556,Oil & Grease,3.5,C3,MAX,Concentration3,mg/L,3.5,mg/L,,mg/L,,10/31/2021
PR0023710,001,00556,Oil & Grease,NA,C2,AVG,Concentration2,mg/L,,mg/L,,mg/L,,10/31/2021
PR0023710,001,00556,Oil & Grease,NA,C2,AVG,Concentration2,mg/L,,mg/L,,mg/L,,11/30/2021
PR0023710,001,00556,Oil & Grease,6.3,C3,MAX,Concentration3,mg/L,6.3,mg/L,,mg/L,,11/30/2021
PR0023710,001,00556,Oil & Grease,6.8,C3,MAX,Concentration3,mg/L,6.8,mg/L,,mg/L,,12/31/2021
PR0023710,001,00556,Oil & Grease,NA,C2,AVG,Concentration2,mg/L,,mg/L,,mg/L,,12/31/2021
PR0023710,001,00556,Oil & Grease,NA,C2,AVG,Concentration2,mg/L,,mg/L,,mg/L,,01/31/2022
PR0023710,001,00556,Oil & Grease,5.9,C3,MAX,Concentration3,mg/L,5.9,mg/L,,mg/L,,01/31/2022
PR0023710,001,00556,Oil & Grease,7.1,C3,MAX,Concentration3,mg/L,7.1,mg/L,,mg/L,,02/28/2022
PR0023710,001,00556,Oil & Grease,NA,C2,AVG,Concentration2,mg/L,,mg/L,,mg/L,,02/28/2022
PR0023710,001,00556,Oil & Grease,NA,C2,AVG,Concentration2,mg/L,,mg/L,,mg/L,,03/31/2022
PR0023710,001,00556,Oil & Grease,4.7,C3,MAX,Concentration3,mg/L,4.7,mg/L,,mg/L,,03/31/2022
PR0023710,001,00556,Oil & Grease,9.4,C3,MAX,Concentration3,mg/L,9.4,mg/L,,mg/L,,04/30/2022
PR0023710,001,00556,Oil & Grease,NA,C2,AVG,Concentration2,mg/L,,mg/L,,mg/L,,04/30/2022
PR0023710,001,00556,Oil & Grease,NA,C2,AVG,Concentration2,mg/L,,mg/L,,mg/L,,05/31/2022
PR0023710,001,00556,Oil & Grease,5.2,C3,MAX,Concentration3,mg/L,5.2,mg/L,,mg/L,,05/31/2022
PR0023710,001,00556,Oil & Grease,8.7,C3,MAX,Concentration3,mg/L,8.7,mg/L,,mg/L,,06/30/2022
PR0023710,001,00556,Oil & Grease,NA,C2,AVG,Concentration2,mg/L,,mg/L,,mg/L,,06/30/2022
PR0023710,001,00556,Oil & Grease,NA,C2,AVG,Concentration2,mg/L,,mg/L,,mg/L,,07/31/2022
PR0023710,001,00556,Oil & Grease,5.4,C3,MAX,Concentration3,mg/L,5.4,mg/L,,mg/L,,07/31/2022
PR0023710,001,00556,Oil & Grease,5.7,C3,MAX,Concentration3,mg/L,5.7,mg/L,,mg/L,,08/31/2022
PR0023710,001,00556,Oil & Grease,NA,C2,AVG,Concentration2,mg/L,,mg/L,,mg/L,,08/31/2022
PR0023710,001,00556,Oil & Grease,NA,C2,AVG,Concentration2,mg/L,,mg/L,,mg/L,,09/30/2022
PR0023710,001,00556,Oil & Grease,4.4,C3,MAX,Concentration3,mg/L,4.4,mg/L,,mg/L,,09/30/2022
PR0023710,001,00556,Oil & Grease,6.8,C3,MAX,Concentration3,mg/L,6.8,mg/L,,mg/L,,10/31/2022
PR0023710,001,00556,Oil & Grease,NA,C2,AVG,Concentration2,mg/L,,mg/L,,mg/L,,10/31/2022
PR0023710,001,00556,Oil & Grease,NA,C2,AVG,Concentration2,mg/L,,mg/L,,mg/L,,11/30/2022
PR0023710,001,00556,Oil & Grease,4.7,C3,MAX,Concentration3,mg/L,4.7,mg/L,,mg/L,,11/30/2022
PR0023710,001,00556,Oil & Grease,13.1,C3,MAX,Concentration3,mg/L,13.1,mg/L,,mg/L,,12/31/2022
PR0023710,001,00556,Oil & Grease,NA,C2,AVG,Concentration2,mg/L,,mg/L,,mg/L,,12/31/2022
PR0023710,001,00556,Oil & Grease,NA,C2,AVG,Concentration2,mg/L,,mg/L,,mg/L,,01/31/2023
PR0023710,001,00556,Oil & Grease,10.3,C3,MAX,Concentration3,mg/L,10.3,mg/L,,mg/L,,01/31/2023
PR0023710,001,00556,Oil & Grease,4.7,C3,MAX,Concentration3,mg/L,4.7,mg/L,,mg/L,,02/28/2023
PR0023710,001,00556,Oil & Grease,NA,C2,AVG,Concentration2,mg/L,,mg/L,,mg/L,,02/28/2023
PR0023710,001,00556,Oil & Grease,NA,C2,AVG,Concentration2,mg/L,,mg/L,,mg/L,,03/31/2023
PR0023710,001,00556,Oil & Grease,18,C3,MAX,Concentration3,mg/L,18,mg/L,,mg/L,,03/31/2023
PR0023710,001,00556,Oil & Grease,22.2,C3,MAX,Concentration3,mg/L,22.2,mg/L,,mg/L,,04/30/2023
PR0023710,001,00556,Oil & Grease,NA,C2,AVG,Concentration2,mg/L,,mg/L,,mg/L,,04/30/2023
PR0023710,001,00556,Oil & Grease,NA,C2,AVG,Concentration2,mg/L,,mg/L,,mg/L,,05/31/2023
PR0023710,001,00556,Oil & Grease,12.1,C3,MAX,Concentration3,mg/L,12.1,mg/L,,mg/L,,05/31/2023
PR0023710,001,00556,Oil & Grease,18.8,C3,MAX,Concentration3,mg/L,18.8,mg/L,,mg/L,,06/30/2023
PR0023710,001,00556,Oil & Grease,NA,C2,AVG,Concentration2,mg/L,,mg/L,,mg/L,,06/30/2023
PR0023710,001,00556,Oil & Grease,NA,C2,AVG,Concentration2,mg/L,,mg/L,,mg/L,,07/31/2023
PR0023710,001,00556,Oil & Grease,16.8,C3,MAX,Concentration3,mg/L,16.8,mg/L,,mg/L,,07/31/2023
PR0023710,001,00556,Oil & Grease,15.9,C3,MAX,Concentration3,mg/L,15.9,mg/L,,mg/L,,08/31/2023
PR0023710,001,00556,Oil & Grease,NA,C2,AVG,Concentration2,mg/L,,mg/L,,mg/L,,08/31/2023
PR0023710,001,00556,Oil & Grease,NA,C2,AVG,Concentration2,mg/L,,mg/L,,mg/L,,09/30/2023
PR0023710,001,00556,Oil & Grease,16.1,C3,MAX,Concentration3,mg/L,16.1,mg/L,,mg/L,,09/30/2023
PR0023710,001,00556,Oil & Grease,17.1,C3,MAX,Concentration3,mg/L,17.1,mg/L,,mg/L,,10/31/2023
PR0023710,001,00556,Oil & Grease,NA,C2,AVG,Concentration2,mg/L,,mg/L,,mg/L,,10/31/2023
PR0023710,001,00556,Oil & Grease,NA,C2,AVG,Concentration2,mg/L,,mg/L,,mg/L,,11/30/2023
PR0023710,001,00556,Oil & Grease,18.9,C3,MAX,Concentration3,mg/L,18.9,mg/L,,mg/L,,11/30/2023
PR0023710,001,00556,Oil & Grease,18.7,C3,MAX,Concentration3,mg/L,18.7,mg/L,,mg/L,,12/31/2023
PR0023710,001,00556,Oil & Grease,NA,C2,AVG,Concentration2,mg/L,,mg/L,,mg/L,,12/31/2023
PR0023710,001,00556,Oil & Grease,NA,C2,AVG,Concentration2,mg/L,,mg/L,,mg/L,,01/31/2024
PR0023710,001,00556,Oil & Grease,14.8,C3,MAX,Concentration3,mg/L,14.8,mg/L,,mg/L,,01/31/2024
PR0023710,001,00556,Oil & Grease,7.5,C3,MAX,Concentration3,mg/L,7.5,mg/L,,mg/L,,02/29/2024
PR0023710,001,00556,Oil & Grease,NA,C2,AVG,Concentration2,mg/L,,mg/L,,mg/L,,02/29/2024
PR0023710,001,00556,Oil & Grease,NA,C2,AVG,Concentration2,mg/L,,mg/L,,mg/L,,03/31/2024
PR0023710,001,00556,Oil & Grease,15.2,C3,MAX,Concentration3,mg/L,15.2,mg/L,,mg/L,,03/31/2024
PR0023710,001,00556,Oil & Grease,15.9,C3,MAX,Concentration3,mg/L,15.9,mg/L,,mg/L,,04/30/2024
PR0023710,001,00556,Oil & Grease,NA,C2,AVG,Concentration2,mg/L,,mg/L,,mg/L,,04/30/2024
PR0023710,001,00556,Oil & Grease,NA,C2,AVG,Concentration2,mg/L,,mg/L,,mg/L,,05/31/2024
PR0023710,001,00556,Oil & Grease,7,C3,MAX,Concentration3,mg/L,7,mg/L,,mg/L,,05/31/2024
PR0023710,001,00556,Oil & Grease,15.5,C3,MAX,Concentration3,mg/L,15.5,mg/L,,mg/L,,06/30/2024
PR0023710,001,00556,Oil & Grease,NA,C2,AVG,Concentration2,mg/L,,mg/L,,mg/L,,06/30/2024
PR0023710,001,00556,Oil & Grease,NA,C2,AVG,Concentration2,mg/L,,mg/L,,mg/L,,07/31/2024
PR0023710,001,00556,Oil & Grease,12.1,C3,MAX,Concentration3,mg/L,12.1,mg/L,,mg/L,,07/31/2024
PR0023710,001,00556,Oil & Grease,12.5,C3,MAX,Concentration3,mg/L,12.5,mg/L,,mg/L,,08/31/2024
PR0023710,001,00556,Oil & Grease,NA,C2,AVG,Concentration2,mg/L,,mg/L,,mg/L,,08/31/2024
PR0023710,001,00556,Oil & Grease,NA,C2,AVG,Concentration2,mg/L,,mg/L,,mg/L,,09/30/2024
PR0023710,001,00556,Oil & Grease,13.7,C3,MAX,Concentration3,mg/L,13.7,mg/L,,mg/L,,09/30/2024
PR0023710,001,00556,Oil & Grease,13.3,C3,MAX,Concentration3,mg/L,13.3,mg/L,,mg/L,,10/31/2024
PR0023710,001,00556,Oil & Grease,NA,C2,AVG,Concentration2,mg/L,,mg/L,,mg/L,,10/31/2024
PR0023710,001,00556,Oil & Grease,NA,C2,AVG,Concentration2,mg/L,,mg/L,,mg/L,,11/30/2024
PR0023710,001,00556,Oil & Grease,13.3,C3,MAX,Concentration3,mg/L,13.3,mg/L,,mg/L,,11/30/2024
PR0023710,001,00556,Oil & Grease,8.4,C3,MAX,Concentration3,mg/L,8.4,mg/L,,mg/L,,12/31/2024
PR0023710,001,00556,Oil & Grease,NA,C2,AVG,Concentration2,mg/L,,mg/L,,mg/L,,12/31/2024
PR0023710,001,00556,Oil & Grease,NA,C2,AVG,Concentration2,mg/L,,mg/L,,mg/L,,01/31/2025
PR0023710,001,00556,Oil & Grease,11.9,C3,MAX,Concentration3,mg/L,11.9,mg/L,,mg/L,,01/31/2025
PR0023710,001,00556,Oil & Grease,16.4,C3,MAX,Concentration3,mg/L,16.4,mg/L,,mg/L,,02/28/2025
PR0023710,001,00556,Oil & Grease,NA,C2,AVG,Concentration2,mg/L,,mg/L,,mg/L,,02/28/2025
PR0023710,001,00556,Oil & Grease,NA,C2,AVG,Concentration2,mg/L,,mg/L,,mg/L,,03/31/2025
PR0023710,001,00556,Oil & Grease,15.3,C3,MAX,Concentration3,mg/L,15.3,mg/L,,mg/L,,03/31/2025
PR0023710,001,00556,Oil & Grease,NA,C2,AVG,Concentration2,mg/L,,mg/L,,mg/L,,04/30/2025
PR0023710,001,00556,Oil & Grease,7.6,C3,MAX,Concentration3,mg/L,7.6,mg/L,,mg/L,,04/30/2025
PR0023710,001,00556,Oil & Grease,17,C3,MAX,Concentration3,mg/L,17,mg/L,,mg/L,,05/31/2025
PR0023710,001,00556,Oil & Grease,NA,C2,AVG,Concentration2,mg/L,,mg/L,,mg/L,,05/31/2025
PR0023710,001,00556,Oil & Grease,14.3,C3,MAX,Concentration3,mg/L,14.3,mg/L,,mg/L,,06/30/2025
PR0023710,001,00556,Oil & Grease,NA,C2,AVG,Concentration2,mg/L,,mg/L,,mg/L,,06/30/2025
PR0023710,001,00556,Oil & Grease,NA,C2,AVG,Concentration2,mg/L,,mg/L,,mg/L,,07/31/2025
PR0023710,001,00556,Oil & Grease,22.8,C3,MAX,Concentration3,mg/L,22.8,mg/L,,mg/L,,07/31/2025
PR0023710,001,00556,Oil & Grease,16.1,C3,MAX,Concentration3,mg/L,16.1,mg/L,,mg/L,,08/31/2025
PR0023710,001,00556,Oil & Grease,NA,C2,AVG,Concentration2,mg/L,,mg/L,,mg/L,,08/31/2025
PR0023710,001,00556,Oil & Grease,15.8,C3,MAX,Concentration3,mg/L,15.8,mg/L,,mg/L,,09/30/2025
PR0023710,001,00556,Oil & Grease,NA,C2,AVG,Concentration2,mg/L,,mg/L,,mg/L,,09/30/2025
PR0023710,001,00556,Oil & Grease,NA,C2,AVG,Concentration2,mg/L,,mg/L,,mg/L,,10/31/2025
PR0023710,001,00556,Oil & Grease,16.8,C3,MAX,Concentration3,mg/L,16.8,mg/L,,mg/L,,10/31/2025
PR0023710,001,00556,Oil & Grease,NA,C2,AVG,Concentration2,mg/L,,mg/L,,mg/L,,11/30/2025
PR0023710,001,00556,Oil & Grease,17.3,C3,MAX,Concentration3,mg/L,17.3,mg/L,,mg/L,,11/30/2025
PR0023710,001,00556,Oil & Grease,20.1,C3,MAX,Concentration3,mg/L,20.1,mg/L,,mg/L,,12/31/2025
PR0023710,001,00556,Oil & Grease,NA,C2,AVG,Concentration2,mg/L,,mg/L,,mg/L,,12/31/2025
PR0023710,001,00556,Oil & Grease,18.2,C3,MAX,Concentration3,mg/L,18.2,mg/L,,mg/L,,01/31/2026
PR0023710,001,00556,Oil & Grease,NA,C2,AVG,Concentration2,mg/L,,mg/L,,mg/L,,01/31/2026
PR0023710,001,00600,"Nitrogen, total [as N]",19129,C3,MAX,Concentration3,ug/L,19.12900091,mg/L,39752,ug/L,,01/31/2020
PR0023710,001,00600,"Nitrogen, total [as N]",21729,C3,MAX,Concentration3,ug/L,21.72900103,mg/L,39752,ug/L,,02/29/2020
PR0023710,001,00600,"Nitrogen, total [as N]",5570,C3,MAX,Concentration3,ug/L,5.57000026,mg/L,39752,ug/L,,03/31/2020
PR0023710,001,00600,"Nitrogen, total [as N]",17129,C3,MAX,Concentration3,ug/L,17.12900081,mg/L,39752,ug/L,,04/30/2020
PR0023710,001,00600,"Nitrogen, total [as N]",19029,C3,MAX,Concentration3,ug/L,19.0290009,mg/L,39752,ug/L,,05/31/2020
PR0023710,001,00600,"Nitrogen, total [as N]",17229,C3,MAX,Concentration3,ug/L,17.22900082,mg/L,39752,ug/L,,06/30/2020
PR0023710,001,00600,"Nitrogen, total [as N]",17529,C3,MAX,Concentration3,ug/L,17.52900083,mg/L,39752,ug/L,,07/31/2020
PR0023710,001,00600,"Nitrogen, total [as N]",16329,C3,MAX,Concentration3,ug/L,16.32900078,mg/L,39752,ug/L,,08/31/2020
PR0023710,001,00600,"Nitrogen, total [as N]",13829,C3,MAX,Concentration3,ug/L,13.82900066,mg/L,39752,ug/L,,09/30/2020
PR0023710,001,00600,"Nitrogen, total [as N]",20229,C3,MAX,Concentration3,ug/L,20.22900096,mg/L,39752,ug/L,,10/31/2020
PR0023710,001,00600,"Nitrogen, total [as N]",16529,C3,MAX,Concentration3,ug/L,16.52900079,mg/L,39752,ug/L,,11/30/2020
PR0023710,001,00600,"Nitrogen, total [as N]",20629,C3,MAX,Concentration3,ug/L,20.62900098,mg/L,39752,ug/L,,12/31/2020
PR0023710,001,00600,"Nitrogen, total [as N]",26670,C3,MAX,Concentration3,ug/L,26.67000127,mg/L,39752,ug/L,,01/31/2021
PR0023710,001,00600,"Nitrogen, total [as N]",19029,C3,MAX,Concentration3,ug/L,19.0290009,mg/L,39752,ug/L,,02/28/2021
PR0023710,001,00600,"Nitrogen, total [as N]",17129,C3,MAX,Concentration3,ug/L,17.12900081,mg/L,39752,ug/L,,03/31/2021
PR0023710,001,00600,"Nitrogen, total [as N]",20729,C3,MAX,Concentration3,ug/L,20.72900098,mg/L,39752,ug/L,,04/30/2021
PR0023710,001,00600,"Nitrogen, total [as N]",21429,C3,MAX,Concentration3,ug/L,21.42900102,mg/L,39752,ug/L,,05/31/2021
PR0023710,001,00600,"Nitrogen, total [as N]",20329,C3,MAX,Concentration3,ug/L,20.32900097,mg/L,39752,ug/L,,06/30/2021
PR0023710,001,00600,"Nitrogen, total [as N]",18829,C3,MAX,Concentration3,ug/L,18.82900089,mg/L,39752,ug/L,,07/31/2021
PR0023710,001,00600,"Nitrogen, total [as N]",17229,C3,MAX,Concentration3,ug/L,17.22900082,mg/L,39752,ug/L,,08/31/2021
PR0023710,001,00600,"Nitrogen, total [as N]",16129,C3,MAX,Concentration3,ug/L,16.12900077,mg/L,39752,ug/L,,09/30/2021
PR0023710,001,00600,"Nitrogen, total [as N]",16929,C3,MAX,Concentration3,ug/L,16.9290008,mg/L,39752,ug/L,,10/31/2021
PR0023710,001,00600,"Nitrogen, total [as N]",20029,C3,MAX,Concentration3,ug/L,20.02900095,mg/L,39752,ug/L,,11/30/2021
PR0023710,001,00600,"Nitrogen, total [as N]",16900,C3,MAX,Concentration3,ug/L,16.9000008,mg/L,39752,ug/L,,12/31/2021
PR0023710,001,00600,"Nitrogen, total [as N]",19729,C3,MAX,Concentration3,ug/L,19.72900094,mg/L,39752,ug/L,,01/31/2022
PR0023710,001,00600,"Nitrogen, total [as N]",11929,C3,MAX,Concentration3,ug/L,11.92900057,mg/L,39752,ug/L,,02/28/2022
PR0023710,001,00600,"Nitrogen, total [as N]",17850,C3,MAX,Concentration3,ug/L,17.85000085,mg/L,39752,ug/L,,03/31/2022
PR0023710,001,00600,"Nitrogen, total [as N]",18829,C3,MAX,Concentration3,ug/L,18.82900089,mg/L,39752,ug/L,,04/30/2022
PR0023710,001,00600,"Nitrogen, total [as N]",17970,C3,MAX,Concentration3,ug/L,17.97000085,mg/L,39752,ug/L,,05/31/2022
PR0023710,001,00600,"Nitrogen, total [as N]",21710,C3,MAX,Concentration3,ug/L,21.71000103,mg/L,39752,ug/L,,06/30/2022
PR0023710,001,00600,"Nitrogen, total [as N]",20090,C3,MAX,Concentration3,ug/L,20.09000095,mg/L,39752,ug/L,,07/31/2022
PR0023710,001,00600,"Nitrogen, total [as N]",17229,C3,MAX,Concentration3,ug/L,17.22900082,mg/L,39752,ug/L,,08/31/2022
PR0023710,001,00600,"Nitrogen, total [as N]",15650,C3,MAX,Concentration3,ug/L,15.65000074,mg/L,39752,ug/L,,09/30/2022
PR0023710,001,00600,"Nitrogen, total [as N]",17060,C3,MAX,Concentration3,ug/L,17.06000081,mg/L,39752,ug/L,,10/31/2022
PR0023710,001,00600,"Nitrogen, total [as N]",12129,C3,MAX,Concentration3,ug/L,12.12900058,mg/L,39752,ug/L,,11/30/2022
PR0023710,001,00600,"Nitrogen, total [as N]",14560,C3,MAX,Concentration3,ug/L,14.56000069,mg/L,39752,ug/L,,12/31/2022
PR0023710,001,00600,"Nitrogen, total [as N]",12290,C3,MAX,Concentration3,ug/L,12.29000058,mg/L,39752,ug/L,,01/31/2023
PR0023710,001,00600,"Nitrogen, total [as N]",21929,C3,MAX,Concentration3,ug/L,21.92900104,mg/L,39752,ug/L,,02/28/2023
PR0023710,001,00600,"Nitrogen, total [as N]",17029,C3,MAX,Concentration3,ug/L,17.02900081,mg/L,39752,ug/L,,03/31/2023
PR0023710,001,00600,"Nitrogen, total [as N]",23210,C3,MAX,Concentration3,ug/L,23.2100011,mg/L,39752,ug/L,,04/30/2023
PR0023710,001,00600,"Nitrogen, total [as N]",19029,C3,MAX,Concentration3,ug/L,19.0290009,mg/L,39752,ug/L,,05/31/2023
PR0023710,001,00600,"Nitrogen, total [as N]",19000,C3,MAX,Concentration3,ug/L,19.0000009,mg/L,39752,ug/L,,06/30/2023
PR0023710,001,00600,"Nitrogen, total [as N]",15050,C3,MAX,Concentration3,ug/L,15.05000071,mg/L,39752,ug/L,,07/31/2023
PR0023710,001,00600,"Nitrogen, total [as N]",20340,C3,MAX,Concentration3,ug/L,20.34000097,mg/L,39752,ug/L,,08/31/2023
PR0023710,001,00600,"Nitrogen, total [as N]",16440,C3,MAX,Concentration3,ug/L,16.44000078,mg/L,39752,ug/L,,09/30/2023
PR0023710,001,00600,"Nitrogen, total [as N]",27740,C3,MAX,Concentration3,ug/L,27.74000132,mg/L,39752,ug/L,,10/31/2023
PR0023710,001,00600,"Nitrogen, total [as N]",16729,C3,MAX,Concentration3,ug/L,16.72900079,mg/L,39752,ug/L,,11/30/2023
PR0023710,001,00600,"Nitrogen, total [as N]",17670,C3,MAX,Concentration3,ug/L,17.67000084,mg/L,39752,ug/L,,12/31/2023
PR0023710,001,00600,"Nitrogen, total [as N]",18220,C3,MAX,Concentration3,ug/L,18.22000087,mg/L,39752,ug/L,,01/31/2024
PR0023710,001,00600,"Nitrogen, total [as N]",16891,C3,MAX,Concentration3,ug/L,16.8910008,mg/L,39752,ug/L,,02/29/2024
PR0023710,001,00600,"Nitrogen, total [as N]",16791,C3,MAX,Concentration3,ug/L,16.7910008,mg/L,39752,ug/L,,03/31/2024
PR0023710,001,00600,"Nitrogen, total [as N]",20991,C3,MAX,Concentration3,ug/L,20.991001,mg/L,39752,ug/L,,04/30/2024
PR0023710,001,00600,"Nitrogen, total [as N]",10691,C3,MAX,Concentration3,ug/L,10.69100051,mg/L,39752,ug/L,,05/31/2024
PR0023710,001,00600,"Nitrogen, total [as N]",12591,C3,MAX,Concentration3,ug/L,12.5910006,mg/L,39752,ug/L,,06/30/2024
PR0023710,001,00600,"Nitrogen, total [as N]",16090,C3,MAX,Concentration3,ug/L,16.09000076,mg/L,39752,ug/L,,07/31/2024
PR0023710,001,00600,"Nitrogen, total [as N]",10000,C3,MAX,Concentration3,ug/L,10.00000047,mg/L,39752,ug/L,,08/31/2024
PR0023710,001,00600,"Nitrogen, total [as N]",10151,C3,MAX,Concentration3,ug/L,10.15100048,mg/L,39752,ug/L,,09/30/2024
PR0023710,001,00600,"Nitrogen, total [as N]",14491,C3,MAX,Concentration3,ug/L,14.49100069,mg/L,39752,ug/L,,10/31/2024
PR0023710,001,00600,"Nitrogen, total [as N]",13110,C3,MAX,Concentration3,ug/L,13.11000062,mg/L,39752,ug/L,,11/30/2024
PR0023710,001,00600,"Nitrogen, total [as N]",11180,C3,MAX,Concentration3,ug/L,11.18000053,mg/L,39752,ug/L,,12/31/2024
PR0023710,001,00600,"Nitrogen, total [as N]",9127,C3,MAX,Concentration3,ug/L,9.12700043,mg/L,39752,ug/L,,01/31/2025
PR0023710,001,00600,"Nitrogen, total [as N]",10727,C3,MAX,Concentration3,ug/L,10.72700051,mg/L,39752,ug/L,,02/28/2025
PR0023710,001,00600,"Nitrogen, total [as N]",8367,C3,MAX,Concentration3,ug/L,8.3670004,mg/L,39752,ug/L,,03/31/2025
PR0023710,001,00600,"Nitrogen, total [as N]",8487,C3,MAX,Concentration3,ug/L,8.4870004,mg/L,39752,ug/L,,04/30/2025
PR0023710,001,00600,"Nitrogen, total [as N]",16107,C3,MAX,Concentration3,ug/L,16.10700077,mg/L,39752,ug/L,,05/31/2025
PR0023710,001,00600,"Nitrogen, total [as N]",15547,C3,MAX,Concentration3,ug/L,15.54700074,mg/L,39752,ug/L,,06/30/2025
PR0023710,001,00600,"Nitrogen, total [as N]",12427,C3,MAX,Concentration3,ug/L,12.42700059,mg/L,39752,ug/L,,07/31/2025
PR0023710,001,00600,"Nitrogen, total [as N]",15100,C3,MAX,Concentration3,ug/L,15.10000072,mg/L,39752,ug/L,,08/31/2025
PR0023710,001,00600,"Nitrogen, total [as N]",15987,C3,MAX,Concentration3,ug/L,15.98700076,mg/L,39752,ug/L,,09/30/2025
PR0023710,001,00600,"Nitrogen, total [as N]",14127,C3,MAX,Concentration3,ug/L,14.12700067,mg/L,39752,ug/L,,10/31/2025
PR0023710,001,00600,"Nitrogen, total [as N]",9020,C3,MAX,Concentration3,ug/L,9.02000043,mg/L,39752,ug/L,,11/30/2025
PR0023710,001,00600,"Nitrogen, total [as N]",13350,C3,MAX,Concentration3,ug/L,13.35000063,mg/L,39752,ug/L,,12/31/2025
PR0023710,001,00600,"Nitrogen, total [as N]",12037,C3,MAX,Concentration3,ug/L,12.03700057,mg/L,39752,ug/L,,01/31/2026
PR0023710,001,00625,"Nitrogen, Kjeldahl, total [as N]",17500,C3,MAX,Concentration3,ug/L,17.50000083,mg/L,,ug/L,,01/31/2020
PR0023710,001,00625,"Nitrogen, Kjeldahl, total [as N]",15700,C3,MAX,Concentration3,ug/L,15.70000075,mg/L,,ug/L,,02/29/2020
PR0023710,001,00625,"Nitrogen, Kjeldahl, total [as N]",6150,C3,MAX,Concentration3,ug/L,6.15000029,mg/L,,ug/L,,03/31/2020
PR0023710,001,00625,"Nitrogen, Kjeldahl, total [as N]",1400,C3,MAX,Concentration3,ug/L,1.40000007,mg/L,,ug/L,,04/30/2020
PR0023710,001,00625,"Nitrogen, Kjeldahl, total [as N]",18200,C3,MAX,Concentration3,ug/L,18.20000086,mg/L,,ug/L,,05/31/2020
PR0023710,001,00625,"Nitrogen, Kjeldahl, total [as N]",18500,C3,MAX,Concentration3,ug/L,18.50000088,mg/L,,ug/L,,06/30/2020
PR0023710,001,00625,"Nitrogen, Kjeldahl, total [as N]",16700,C3,MAX,Concentration3,ug/L,16.70000079,mg/L,,ug/L,,07/31/2020
PR0023710,001,00625,"Nitrogen, Kjeldahl, total [as N]",15800,C3,MAX,Concentration3,ug/L,15.80000075,mg/L,,ug/L,,08/31/2020
PR0023710,001,00625,"Nitrogen, Kjeldahl, total [as N]",12300,C3,MAX,Concentration3,ug/L,12.30000058,mg/L,,ug/L,,09/30/2020
PR0023710,001,00625,"Nitrogen, Kjeldahl, total [as N]",18900,C3,MAX,Concentration3,ug/L,18.9000009,mg/L,,ug/L,,10/31/2020
PR0023710,001,00625,"Nitrogen, Kjeldahl, total [as N]",15200,C3,MAX,Concentration3,ug/L,15.20000072,mg/L,,ug/L,,11/30/2020
PR0023710,001,00625,"Nitrogen, Kjeldahl, total [as N]",19000,C3,MAX,Concentration3,ug/L,19.0000009,mg/L,,ug/L,,12/31/2020
PR0023710,001,00625,"Nitrogen, Kjeldahl, total [as N]",17100,C3,MAX,Concentration3,ug/L,17.10000081,mg/L,,ug/L,,01/31/2021
PR0023710,001,00625,"Nitrogen, Kjeldahl, total [as N]",19100,C3,MAX,Concentration3,ug/L,19.10000091,mg/L,,ug/L,,02/28/2021
PR0023710,001,00625,"Nitrogen, Kjeldahl, total [as N]",15500,C3,MAX,Concentration3,ug/L,15.50000074,mg/L,,ug/L,,03/31/2021
PR0023710,001,00625,"Nitrogen, Kjeldahl, total [as N]",21500,C3,MAX,Concentration3,ug/L,21.50000102,mg/L,,ug/L,,04/30/2021
PR0023710,001,00625,"Nitrogen, Kjeldahl, total [as N]",18500,C3,MAX,Concentration3,ug/L,18.50000088,mg/L,,ug/L,,05/31/2021
PR0023710,001,00625,"Nitrogen, Kjeldahl, total [as N]",26800,C3,MAX,Concentration3,ug/L,26.80000127,mg/L,,ug/L,,06/30/2021
PR0023710,001,00625,"Nitrogen, Kjeldahl, total [as N]",18200,C3,MAX,Concentration3,ug/L,18.20000086,mg/L,,ug/L,,07/31/2021
PR0023710,001,00625,"Nitrogen, Kjeldahl, total [as N]",12100,C3,MAX,Concentration3,ug/L,12.10000057,mg/L,,ug/L,,08/31/2021
PR0023710,001,00625,"Nitrogen, Kjeldahl, total [as N]",14500,C3,MAX,Concentration3,ug/L,14.50000069,mg/L,,ug/L,,09/30/2021
PR0023710,001,00625,"Nitrogen, Kjeldahl, total [as N]",15200,C3,MAX,Concentration3,ug/L,15.20000072,mg/L,,ug/L,,10/31/2021
PR0023710,001,00625,"Nitrogen, Kjeldahl, total [as N]",19500,C3,MAX,Concentration3,ug/L,19.50000093,mg/L,,ug/L,,11/30/2021
PR0023710,001,00625,"Nitrogen, Kjeldahl, total [as N]",15200,C3,MAX,Concentration3,ug/L,15.20000072,mg/L,,ug/L,,12/31/2021
PR0023710,001,00625,"Nitrogen, Kjeldahl, total [as N]",17500,C3,MAX,Concentration3,ug/L,17.50000083,mg/L,,ug/L,,01/31/2022
PR0023710,001,00625,"Nitrogen, Kjeldahl, total [as N]",10400,C3,MAX,Concentration3,ug/L,10.40000049,mg/L,,ug/L,,02/28/2022
PR0023710,001,00625,"Nitrogen, Kjeldahl, total [as N]",17600,C3,MAX,Concentration3,ug/L,17.60000084,mg/L,,ug/L,,03/31/2022
PR0023710,001,00625,"Nitrogen, Kjeldahl, total [as N]",22200,C3,MAX,Concentration3,ug/L,22.20000105,mg/L,,ug/L,,04/30/2022
PR0023710,001,00625,"Nitrogen, Kjeldahl, total [as N]",18400,C3,MAX,Concentration3,ug/L,18.40000087,mg/L,,ug/L,,05/31/2022
PR0023710,001,00625,"Nitrogen, Kjeldahl, total [as N]",23000,C3,MAX,Concentration3,ug/L,23.00000109,mg/L,,ug/L,,06/30/2022
PR0023710,001,00625,"Nitrogen, Kjeldahl, total [as N]",16800,C3,MAX,Concentration3,ug/L,16.8000008,mg/L,,ug/L,,07/31/2022
PR0023710,001,00625,"Nitrogen, Kjeldahl, total [as N]",13800,C3,MAX,Concentration3,ug/L,13.80000066,mg/L,,ug/L,,08/31/2022
PR0023710,001,00625,"Nitrogen, Kjeldahl, total [as N]",7960,C3,MAX,Concentration3,ug/L,7.96000038,mg/L,,ug/L,,09/30/2022
PR0023710,001,00625,"Nitrogen, Kjeldahl, total [as N]",14800,C3,MAX,Concentration3,ug/L,14.8000007,mg/L,,ug/L,,10/31/2022
PR0023710,001,00625,"Nitrogen, Kjeldahl, total [as N]",10400,C3,MAX,Concentration3,ug/L,10.40000049,mg/L,,ug/L,,11/30/2022
PR0023710,001,00625,"Nitrogen, Kjeldahl, total [as N]",15600,C3,MAX,Concentration3,ug/L,15.60000074,mg/L,,ug/L,,12/31/2022
PR0023710,001,00625,"Nitrogen, Kjeldahl, total [as N]",12400,C3,MAX,Concentration3,ug/L,12.40000059,mg/L,,ug/L,,01/31/2023
PR0023710,001,00625,"Nitrogen, Kjeldahl, total [as N]",28500,C3,MAX,Concentration3,ug/L,28.50000135,mg/L,,ug/L,,02/28/2023
PR0023710,001,00625,"Nitrogen, Kjeldahl, total [as N]",19900,C3,MAX,Concentration3,ug/L,19.90000095,mg/L,,ug/L,,03/31/2023
PR0023710,001,00625,"Nitrogen, Kjeldahl, total [as N]",17600,C3,MAX,Concentration3,ug/L,17.60000084,mg/L,,ug/L,,04/30/2023
PR0023710,001,00625,"Nitrogen, Kjeldahl, total [as N]",25200,C3,MAX,Concentration3,ug/L,25.2000012,mg/L,,ug/L,,05/31/2023
PR0023710,001,00625,"Nitrogen, Kjeldahl, total [as N]",30400,C3,MAX,Concentration3,ug/L,30.40000144,mg/L,,ug/L,,06/30/2023
PR0023710,001,00625,"Nitrogen, Kjeldahl, total [as N]",16300,C3,MAX,Concentration3,ug/L,16.30000077,mg/L,,ug/L,,07/31/2023
PR0023710,001,00625,"Nitrogen, Kjeldahl, total [as N]",24800,C3,MAX,Concentration3,ug/L,24.80000118,mg/L,,ug/L,,08/31/2023
PR0023710,001,00625,"Nitrogen, Kjeldahl, total [as N]",16500,C3,MAX,Concentration3,ug/L,16.50000078,mg/L,,ug/L,,09/30/2023
PR0023710,001,00625,"Nitrogen, Kjeldahl, total [as N]",24400,C3,MAX,Concentration3,ug/L,24.40000116,mg/L,,ug/L,,10/31/2023
PR0023710,001,00625,"Nitrogen, Kjeldahl, total [as N]",18000,C3,MAX,Concentration3,ug/L,18.00000085,mg/L,,ug/L,,11/30/2023
PR0023710,001,00625,"Nitrogen, Kjeldahl, total [as N]",18800,C3,MAX,Concentration3,ug/L,18.80000089,mg/L,,ug/L,,12/31/2023
PR0023710,001,00625,"Nitrogen, Kjeldahl, total [as N]",16500,C3,MAX,Concentration3,ug/L,16.50000078,mg/L,,ug/L,,01/31/2024
PR0023710,001,00625,"Nitrogen, Kjeldahl, total [as N]",18400,C3,MAX,Concentration3,ug/L,18.40000087,mg/L,,ug/L,,02/29/2024
PR0023710,001,00625,"Nitrogen, Kjeldahl, total [as N]",17500,C3,MAX,Concentration3,ug/L,17.50000083,mg/L,,ug/L,,03/31/2024
PR0023710,001,00625,"Nitrogen, Kjeldahl, total [as N]",24500,C3,MAX,Concentration3,ug/L,24.50000116,mg/L,,ug/L,,04/30/2024
PR0023710,001,00625,"Nitrogen, Kjeldahl, total [as N]",12200,C3,MAX,Concentration3,ug/L,12.20000058,mg/L,,ug/L,,05/31/2024
PR0023710,001,00625,"Nitrogen, Kjeldahl, total [as N]",15000,C3,MAX,Concentration3,ug/L,15.00000071,mg/L,,ug/L,,06/30/2024
PR0023710,001,00625,"Nitrogen, Kjeldahl, total [as N]",16100,C3,MAX,Concentration3,ug/L,16.10000076,mg/L,,ug/L,,07/31/2024
PR0023710,001,00625,"Nitrogen, Kjeldahl, total [as N]",15200,C3,MAX,Concentration3,ug/L,15.20000072,mg/L,,ug/L,,08/31/2024
PR0023710,001,00625,"Nitrogen, Kjeldahl, total [as N]",9840,C3,MAX,Concentration3,ug/L,9.84000047,mg/L,,ug/L,,09/30/2024
PR0023710,001,00625,"Nitrogen, Kjeldahl, total [as N]",14800,C3,MAX,Concentration3,ug/L,14.8000007,mg/L,,ug/L,,10/31/2024
PR0023710,001,00625,"Nitrogen, Kjeldahl, total [as N]",13700,C3,MAX,Concentration3,ug/L,13.70000065,mg/L,,ug/L,,11/30/2024
PR0023710,001,00625,"Nitrogen, Kjeldahl, total [as N]",14800,C3,MAX,Concentration3,ug/L,14.8000007,mg/L,,ug/L,,12/31/2024
PR0023710,001,00625,"Nitrogen, Kjeldahl, total [as N]",12200,C3,MAX,Concentration3,ug/L,12.20000058,mg/L,,ug/L,,01/31/2025
PR0023710,001,00625,"Nitrogen, Kjeldahl, total [as N]",14700,C3,MAX,Concentration3,ug/L,14.7000007,mg/L,,ug/L,,02/28/2025
PR0023710,001,00625,"Nitrogen, Kjeldahl, total [as N]",12600,C3,MAX,Concentration3,ug/L,12.6000006,mg/L,,ug/L,,03/31/2025
PR0023710,001,00625,"Nitrogen, Kjeldahl, total [as N]",9980,C3,MAX,Concentration3,ug/L,9.98000047,mg/L,,ug/L,,04/30/2025
PR0023710,001,00625,"Nitrogen, Kjeldahl, total [as N]",20600,C3,MAX,Concentration3,ug/L,20.60000098,mg/L,,ug/L,,05/31/2025
PR0023710,001,00625,"Nitrogen, Kjeldahl, total [as N]",14500,C3,MAX,Concentration3,ug/L,14.50000069,mg/L,,ug/L,,06/30/2025
PR0023710,001,00625,"Nitrogen, Kjeldahl, total [as N]",15500,C3,MAX,Concentration3,ug/L,15.50000074,mg/L,,ug/L,,07/31/2025
PR0023710,001,00625,"Nitrogen, Kjeldahl, total [as N]",13300,C3,MAX,Concentration3,ug/L,13.30000063,mg/L,,ug/L,,08/31/2025
PR0023710,001,00625,"Nitrogen, Kjeldahl, total [as N]",13300,C3,MAX,Concentration3,ug/L,13.30000063,mg/L,,ug/L,,09/30/2025
PR0023710,001,00625,"Nitrogen, Kjeldahl, total [as N]",14900,C3,MAX,Concentration3,ug/L,14.90000071,mg/L,,ug/L,,10/31/2025
PR0023710,001,00625,"Nitrogen, Kjeldahl, total [as N]",15000,C3,MAX,Concentration3,ug/L,15.00000071,mg/L,,ug/L,,11/30/2025
PR0023710,001,00625,"Nitrogen, Kjeldahl, total [as N]",14800,C3,MAX,Concentration3,ug/L,14.8000007,mg/L,,ug/L,,12/31/2025
PR0023710,001,00625,"Nitrogen, Kjeldahl, total [as N]",20300,C3,MAX,Concentration3,ug/L,20.30000096,mg/L,,ug/L,,01/31/2026
PR0023710,001,01042,"Copper, total [as Cu]",10,C3,MAX,Concentration3,ug/L,.01,mg/L,55.26,ug/L,,01/31/2020
PR0023710,001,01042,"Copper, total [as Cu]",7,C3,MAX,Concentration3,ug/L,.007,mg/L,55.26,ug/L,,02/29/2020
PR0023710,001,01042,"Copper, total [as Cu]",6,C3,MAX,Concentration3,ug/L,.006,mg/L,55.26,ug/L,,03/31/2020
PR0023710,001,01042,"Copper, total [as Cu]",5,C3,MAX,Concentration3,ug/L,.005,mg/L,55.26,ug/L,,04/30/2020
PR0023710,001,01042,"Copper, total [as Cu]",7,C3,MAX,Concentration3,ug/L,.007,mg/L,55.26,ug/L,,05/31/2020
PR0023710,001,01042,"Copper, total [as Cu]",6,C3,MAX,Concentration3,ug/L,.006,mg/L,55.26,ug/L,,06/30/2020
PR0023710,001,01042,"Copper, total [as Cu]",5,C3,MAX,Concentration3,ug/L,.005,mg/L,55.26,ug/L,,07/31/2020
PR0023710,001,01042,"Copper, total [as Cu]",5,C3,MAX,Concentration3,ug/L,.005,mg/L,55.26,ug/L,,08/31/2020
PR0023710,001,01042,"Copper, total [as Cu]",6,C3,MAX,Concentration3,ug/L,.006,mg/L,55.26,ug/L,,09/30/2020
PR0023710,001,01042,"Copper, total [as Cu]",7,C3,MAX,Concentration3,ug/L,.007,mg/L,55.26,ug/L,,10/31/2020
PR0023710,001,01042,"Copper, total [as Cu]",6,C3,MAX,Concentration3,ug/L,.006,mg/L,55.26,ug/L,,11/30/2020
PR0023710,001,01042,"Copper, total [as Cu]",6,C3,MAX,Concentration3,ug/L,.006,mg/L,55.26,ug/L,,12/31/2020
PR0023710,001,01042,"Copper, total [as Cu]",6,C3,MAX,Concentration3,ug/L,.006,mg/L,55.26,ug/L,,01/31/2021
PR0023710,001,01042,"Copper, total [as Cu]",6,C3,MAX,Concentration3,ug/L,.006,mg/L,55.26,ug/L,,02/28/2021
PR0023710,001,01042,"Copper, total [as Cu]",6,C3,MAX,Concentration3,ug/L,.006,mg/L,55.26,ug/L,,03/31/2021
PR0023710,001,01042,"Copper, total [as Cu]",6,C3,MAX,Concentration3,ug/L,.006,mg/L,55.26,ug/L,,04/30/2021
PR0023710,001,01042,"Copper, total [as Cu]",6,C3,MAX,Concentration3,ug/L,.006,mg/L,55.26,ug/L,,05/31/2021
PR0023710,001,01042,"Copper, total [as Cu]",6,C3,MAX,Concentration3,ug/L,.006,mg/L,55.26,ug/L,,06/30/2021
PR0023710,001,01042,"Copper, total [as Cu]",6,C3,MAX,Concentration3,ug/L,.006,mg/L,55.26,ug/L,,07/31/2021
PR0023710,001,01042,"Copper, total [as Cu]",6,C3,MAX,Concentration3,ug/L,.006,mg/L,55.26,ug/L,,08/31/2021
PR0023710,001,01042,"Copper, total [as Cu]",6,C3,MAX,Concentration3,ug/L,.006,mg/L,55.26,ug/L,,09/30/2021
PR0023710,001,01042,"Copper, total [as Cu]",6,C3,MAX,Concentration3,ug/L,.006,mg/L,55.26,ug/L,,10/31/2021
PR0023710,001,01042,"Copper, total [as Cu]",6,C3,MAX,Concentration3,ug/L,.006,mg/L,55.26,ug/L,,11/30/2021
PR0023710,001,01042,"Copper, total [as Cu]",6,C3,MAX,Concentration3,ug/L,.006,mg/L,55.26,ug/L,,12/31/2021
PR0023710,001,01042,"Copper, total [as Cu]",15,C3,MAX,Concentration3,ug/L,.015,mg/L,55.26,ug/L,,01/31/2022
PR0023710,001,01042,"Copper, total [as Cu]",6,C3,MAX,Concentration3,ug/L,.006,mg/L,55.26,ug/L,,02/28/2022
PR0023710,001,01042,"Copper, total [as Cu]",7,C3,MAX,Concentration3,ug/L,.007,mg/L,55.26,ug/L,,03/31/2022
PR0023710,001,01042,"Copper, total [as Cu]",7,C3,MAX,Concentration3,ug/L,.007,mg/L,55.26,ug/L,,04/30/2022
PR0023710,001,01042,"Copper, total [as Cu]",17,C3,MAX,Concentration3,ug/L,.017,mg/L,55.26,ug/L,,05/31/2022
PR0023710,001,01042,"Copper, total [as Cu]",34,C3,MAX,Concentration3,ug/L,.034,mg/L,55.26,ug/L,,06/30/2022
PR0023710,001,01042,"Copper, total [as Cu]",14,C3,MAX,Concentration3,ug/L,.014,mg/L,55.26,ug/L,,07/31/2022
PR0023710,001,01042,"Copper, total [as Cu]",6,C3,MAX,Concentration3,ug/L,.006,mg/L,55.26,ug/L,,08/31/2022
PR0023710,001,01042,"Copper, total [as Cu]",13,C3,MAX,Concentration3,ug/L,.013,mg/L,55.26,ug/L,,09/30/2022
PR0023710,001,01042,"Copper, total [as Cu]",6,C3,MAX,Concentration3,ug/L,.006,mg/L,55.26,ug/L,,10/31/2022
PR0023710,001,01042,"Copper, total [as Cu]",8,C3,MAX,Concentration3,ug/L,.008,mg/L,55.26,ug/L,,11/30/2022
PR0023710,001,01042,"Copper, total [as Cu]",27,C3,MAX,Concentration3,ug/L,.027,mg/L,55.26,ug/L,,12/31/2022
PR0023710,001,01042,"Copper, total [as Cu]",47,C3,MAX,Concentration3,ug/L,.047,mg/L,55.26,ug/L,,01/31/2023
PR0023710,001,01042,"Copper, total [as Cu]",13,C3,MAX,Concentration3,ug/L,.013,mg/L,55.26,ug/L,,02/28/2023
PR0023710,001,01042,"Copper, total [as Cu]",39,C3,MAX,Concentration3,ug/L,.039,mg/L,55.26,ug/L,,03/31/2023
PR0023710,001,01042,"Copper, total [as Cu]",6,C3,MAX,Concentration3,ug/L,.006,mg/L,55.26,ug/L,,04/30/2023
PR0023710,001,01042,"Copper, total [as Cu]",6,C3,MAX,Concentration3,ug/L,.006,mg/L,55.26,ug/L,,05/31/2023
PR0023710,001,01042,"Copper, total [as Cu]",6,C3,MAX,Concentration3,ug/L,.006,mg/L,55.26,ug/L,,06/30/2023
PR0023710,001,01042,"Copper, total [as Cu]",6,C3,MAX,Concentration3,ug/L,.006,mg/L,55.26,ug/L,,07/31/2023
PR0023710,001,01042,"Copper, total [as Cu]",13,C3,MAX,Concentration3,ug/L,.013,mg/L,55.26,ug/L,,08/31/2023
PR0023710,001,01042,"Copper, total [as Cu]",6,C3,MAX,Concentration3,ug/L,.006,mg/L,55.26,ug/L,,09/30/2023
PR0023710,001,01042,"Copper, total [as Cu]",10,C3,MAX,Concentration3,ug/L,.01,mg/L,55.26,ug/L,,10/31/2023
PR0023710,001,01042,"Copper, total [as Cu]",6,C3,MAX,Concentration3,ug/L,.006,mg/L,55.26,ug/L,,11/30/2023
PR0023710,001,01042,"Copper, total [as Cu]",27,C3,MAX,Concentration3,ug/L,.027,mg/L,55.26,ug/L,,12/31/2023
PR0023710,001,01042,"Copper, total [as Cu]",14,C3,MAX,Concentration3,ug/L,.014,mg/L,55.26,ug/L,,01/31/2024
PR0023710,001,01042,"Copper, total [as Cu]",6,C3,MAX,Concentration3,ug/L,.006,mg/L,55.26,ug/L,,02/29/2024
PR0023710,001,01042,"Copper, total [as Cu]",2.58,C3,MAX,Concentration3,ug/L,.00258,mg/L,55.26,ug/L,,03/31/2024
PR0023710,001,01042,"Copper, total [as Cu]",7.52,C3,MAX,Concentration3,ug/L,.00752,mg/L,55.26,ug/L,,04/30/2024
PR0023710,001,01042,"Copper, total [as Cu]",5.95,C3,MAX,Concentration3,ug/L,.00595,mg/L,55.26,ug/L,,05/31/2024
PR0023710,001,01042,"Copper, total [as Cu]",2.11,C3,MAX,Concentration3,ug/L,.00211,mg/L,55.26,ug/L,,06/30/2024
PR0023710,001,01042,"Copper, total [as Cu]",5.02,C3,MAX,Concentration3,ug/L,.00502,mg/L,55.26,ug/L,,07/31/2024
PR0023710,001,01042,"Copper, total [as Cu]",8.02,C3,MAX,Concentration3,ug/L,.00802,mg/L,55.26,ug/L,,08/31/2024
PR0023710,001,01042,"Copper, total [as Cu]",7.03,C3,MAX,Concentration3,ug/L,.00703,mg/L,55.26,ug/L,,09/30/2024
PR0023710,001,01042,"Copper, total [as Cu]",4.37,C3,MAX,Concentration3,ug/L,.00437,mg/L,55.26,ug/L,,10/31/2024
PR0023710,001,01042,"Copper, total [as Cu]",8.69,C3,MAX,Concentration3,ug/L,.00869,mg/L,55.26,ug/L,,11/30/2024
PR0023710,001,01042,"Copper, total [as Cu]",7.7,C3,MAX,Concentration3,ug/L,.0077,mg/L,55.26,ug/L,,12/31/2024
PR0023710,001,01042,"Copper, total [as Cu]",7.39,C3,MAX,Concentration3,ug/L,.00739,mg/L,55.26,ug/L,,01/31/2025
PR0023710,001,01042,"Copper, total [as Cu]",25.27,C3,MAX,Concentration3,ug/L,.02527,mg/L,55.26,ug/L,,02/28/2025
PR0023710,001,01042,"Copper, total [as Cu]",11.89,C3,MAX,Concentration3,ug/L,.01189,mg/L,55.26,ug/L,,03/31/2025
PR0023710,001,01042,"Copper, total [as Cu]",11.17,C3,MAX,Concentration3,ug/L,.01117,mg/L,55.26,ug/L,,04/30/2025
PR0023710,001,01042,"Copper, total [as Cu]",10.6,C3,MAX,Concentration3,ug/L,.0106,mg/L,55.26,ug/L,,05/31/2025
PR0023710,001,01042,"Copper, total [as Cu]",3.09,C3,MAX,Concentration3,ug/L,.00309,mg/L,55.26,ug/L,,06/30/2025
PR0023710,001,01042,"Copper, total [as Cu]",19.2,C3,MAX,Concentration3,ug/L,.0192,mg/L,55.26,ug/L,,07/31/2025
PR0023710,001,01042,"Copper, total [as Cu]",10.21,C3,MAX,Concentration3,ug/L,.01021,mg/L,55.26,ug/L,,08/31/2025
PR0023710,001,01042,"Copper, total [as Cu]",4.01,C3,MAX,Concentration3,ug/L,.00401,mg/L,55.26,ug/L,,09/30/2025
PR0023710,001,01042,"Copper, total [as Cu]",2.67,C3,MAX,Concentration3,ug/L,.00267,mg/L,55.26,ug/L,,10/31/2025
PR0023710,001,01042,"Copper, total [as Cu]",13.77,C3,MAX,Concentration3,ug/L,.01377,mg/L,55.26,ug/L,,11/30/2025
PR0023710,001,01042,"Copper, total [as Cu]",9.81,C3,MAX,Concentration3,ug/L,.00981,mg/L,55.26,ug/L,,12/31/2025
PR0023710,001,01042,"Copper, total [as Cu]",20.87,C3,MAX,Concentration3,ug/L,.02087,mg/L,55.26,ug/L,,01/31/2026
PR0023710,001,01059,"Thallium, total [as Tl]",NA,C3,MAX,Concentration3,,,mg/L,1.24,ug/L,B,01/31/2020
PR0023710,001,01059,"Thallium, total [as Tl]",NA,C3,MAX,Concentration3,,,mg/L,1.24,ug/L,B,02/29/2020
PR0023710,001,01059,"Thallium, total [as Tl]",NA,C3,MAX,Concentration3,,,mg/L,1.24,ug/L,B,03/31/2020
PR0023710,001,01059,"Thallium, total [as Tl]",NA,C3,MAX,Concentration3,,,mg/L,1.24,ug/L,B,04/30/2020
PR0023710,001,01059,"Thallium, total [as Tl]",NA,C3,MAX,Concentration3,,,mg/L,1.24,ug/L,B,05/31/2020
PR0023710,001,01059,"Thallium, total [as Tl]",NA,C3,MAX,Concentration3,,,mg/L,1.24,ug/L,B,06/30/2020
PR0023710,001,01059,"Thallium, total [as Tl]",0.5,C3,MAX,Concentration3,ug/L,.0005,mg/L,1.24,ug/L,,07/31/2020
PR0023710,001,01059,"Thallium, total [as Tl]",0.6,C3,MAX,Concentration3,ug/L,.0006,mg/L,1.24,ug/L,,08/31/2020
PR0023710,001,01059,"Thallium, total [as Tl]",0.6,C3,MAX,Concentration3,ug/L,.0006,mg/L,1.24,ug/L,,09/30/2020
PR0023710,001,01059,"Thallium, total [as Tl]",0.6,C3,MAX,Concentration3,ug/L,.0006,mg/L,1.24,ug/L,,10/31/2020
PR0023710,001,01059,"Thallium, total [as Tl]",0.6,C3,MAX,Concentration3,ug/L,.0006,mg/L,1.24,ug/L,,11/30/2020
PR0023710,001,01059,"Thallium, total [as Tl]",0.6,C3,MAX,Concentration3,ug/L,.0006,mg/L,1.24,ug/L,,12/31/2020
PR0023710,001,01059,"Thallium, total [as Tl]",0.6,C3,MAX,Concentration3,ug/L,.0006,mg/L,1.24,ug/L,,01/31/2021
PR0023710,001,01059,"Thallium, total [as Tl]",0.6,C3,MAX,Concentration3,ug/L,.0006,mg/L,1.24,ug/L,,02/28/2021
PR0023710,001,01059,"Thallium, total [as Tl]",0.6,C3,MAX,Concentration3,ug/L,.0006,mg/L,1.24,ug/L,,03/31/2021
PR0023710,001,01059,"Thallium, total [as Tl]",0.6,C3,MAX,Concentration3,ug/L,.0006,mg/L,1.24,ug/L,,04/30/2021
PR0023710,001,01059,"Thallium, total [as Tl]",0.6,C3,MAX,Concentration3,ug/L,.0006,mg/L,1.24,ug/L,,05/31/2021
PR0023710,001,01059,"Thallium, total [as Tl]",0.6,C3,MAX,Concentration3,ug/L,.0006,mg/L,1.24,ug/L,,06/30/2021
PR0023710,001,01059,"Thallium, total [as Tl]",NA,C3,MAX,Concentration3,,,mg/L,1.24,ug/L,B,07/31/2021
PR0023710,001,01059,"Thallium, total [as Tl]",NA,C3,MAX,Concentration3,,,mg/L,1.24,ug/L,B,08/31/2021
PR0023710,001,01059,"Thallium, total [as Tl]",NA,C3,MAX,Concentration3,,,mg/L,1.24,ug/L,B,09/30/2021
PR0023710,001,01059,"Thallium, total [as Tl]",NA,C3,MAX,Concentration3,,,mg/L,1.24,ug/L,B,10/31/2021
PR0023710,001,01059,"Thallium, total [as Tl]",NA,C3,MAX,Concentration3,,,mg/L,1.24,ug/L,B,11/30/2021
PR0023710,001,01059,"Thallium, total [as Tl]",NA,C3,MAX,Concentration3,,,mg/L,1.24,ug/L,B,12/31/2021
PR0023710,001,01059,"Thallium, total [as Tl]",NA,C3,MAX,Concentration3,,,mg/L,1.24,ug/L,B,01/31/2022
PR0023710,001,01059,"Thallium, total [as Tl]",NA,C3,MAX,Concentration3,,,mg/L,1.24,ug/L,B,02/28/2022
PR0023710,001,01059,"Thallium, total [as Tl]",NA,C3,MAX,Concentration3,,,mg/L,1.24,ug/L,B,03/31/2022
PR0023710,001,01059,"Thallium, total [as Tl]",NA,C3,MAX,Concentration3,,,mg/L,1.24,ug/L,B,04/30/2022
PR0023710,001,01059,"Thallium, total [as Tl]",NA,C3,MAX,Concentration3,,,mg/L,1.24,ug/L,B,05/31/2022
PR0023710,001,01059,"Thallium, total [as Tl]",NA,C3,MAX,Concentration3,,,mg/L,1.24,ug/L,B,06/30/2022
PR0023710,001,01059,"Thallium, total [as Tl]",1.1,C3,MAX,Concentration3,ug/L,.0011,mg/L,1.24,ug/L,,07/31/2022
PR0023710,001,01059,"Thallium, total [as Tl]",1.1,C3,MAX,Concentration3,ug/L,.0011,mg/L,1.24,ug/L,,08/31/2022
PR0023710,001,01059,"Thallium, total [as Tl]",1.1,C3,MAX,Concentration3,ug/L,.0011,mg/L,1.24,ug/L,,09/30/2022
PR0023710,001,01059,"Thallium, total [as Tl]",1.2,C3,MAX,Concentration3,ug/L,.0012,mg/L,1.24,ug/L,,10/31/2022
PR0023710,001,01059,"Thallium, total [as Tl]",0.65,C3,MAX,Concentration3,ug/L,.00065,mg/L,1.24,ug/L,,11/30/2022
PR0023710,001,01059,"Thallium, total [as Tl]",0.65,C3,MAX,Concentration3,ug/L,.00065,mg/L,1.24,ug/L,,12/31/2022
PR0023710,001,01059,"Thallium, total [as Tl]",0.65,C3,MAX,Concentration3,ug/L,.00065,mg/L,1.24,ug/L,,01/31/2023
PR0023710,001,01059,"Thallium, total [as Tl]",0.65,C3,MAX,Concentration3,ug/L,.00065,mg/L,1.24,ug/L,,02/28/2023
PR0023710,001,01059,"Thallium, total [as Tl]",NA,C3,MAX,Concentration3,,,mg/L,1.24,ug/L,B,03/31/2023
PR0023710,001,01059,"Thallium, total [as Tl]",0.8,C3,MAX,Concentration3,ug/L,.0008,mg/L,1.24,ug/L,,04/30/2023
PR0023710,001,01059,"Thallium, total [as Tl]",NA,C3,MAX,Concentration3,,,mg/L,1.24,ug/L,B,05/31/2023
PR0023710,001,01059,"Thallium, total [as Tl]",0.8,C3,MAX,Concentration3,ug/L,.0008,mg/L,1.24,ug/L,,06/30/2023
PR0023710,001,01059,"Thallium, total [as Tl]",0.85,C3,MAX,Concentration3,ug/L,.00085,mg/L,1.24,ug/L,,07/31/2023
PR0023710,001,01059,"Thallium, total [as Tl]",0.8,C3,MAX,Concentration3,ug/L,.0008,mg/L,1.24,ug/L,,08/31/2023
PR0023710,001,01059,"Thallium, total [as Tl]",0.85,C3,MAX,Concentration3,ug/L,.00085,mg/L,1.24,ug/L,,09/30/2023
PR0023710,001,01059,"Thallium, total [as Tl]",0.7,C3,MAX,Concentration3,ug/L,.0007,mg/L,1.24,ug/L,,10/31/2023
PR0023710,001,01059,"Thallium, total [as Tl]",0.7,C3,MAX,Concentration3,ug/L,.0007,mg/L,1.24,ug/L,,11/30/2023
PR0023710,001,01059,"Thallium, total [as Tl]",0.7,C3,MAX,Concentration3,ug/L,.0007,mg/L,1.24,ug/L,,12/31/2023
PR0023710,001,01059,"Thallium, total [as Tl]",0.7,C3,MAX,Concentration3,ug/L,.0007,mg/L,1.24,ug/L,,01/31/2024
PR0023710,001,01059,"Thallium, total [as Tl]",0.7,C3,MAX,Concentration3,ug/L,.0007,mg/L,1.24,ug/L,,02/29/2024
PR0023710,001,01059,"Thallium, total [as Tl]",0.7,C3,MAX,Concentration3,ug/L,.0007,mg/L,1.24,ug/L,,03/31/2024
PR0023710,001,01059,"Thallium, total [as Tl]",7e-4,C3,MAX,Concentration3,ug/L,.0000007,mg/L,1.24,ug/L,,04/30/2024
PR0023710,001,01059,"Thallium, total [as Tl]",0.7,C3,MAX,Concentration3,ug/L,.0007,mg/L,1.24,ug/L,,05/31/2024
PR0023710,001,01059,"Thallium, total [as Tl]",0.7,C3,MAX,Concentration3,ug/L,.0007,mg/L,1.24,ug/L,,06/30/2024
PR0023710,001,01059,"Thallium, total [as Tl]",0.7,C3,MAX,Concentration3,ug/L,.0007,mg/L,1.24,ug/L,,07/31/2024
PR0023710,001,01059,"Thallium, total [as Tl]",0.7,C3,MAX,Concentration3,ug/L,.0007,mg/L,1.24,ug/L,,08/31/2024
PR0023710,001,01059,"Thallium, total [as Tl]",0.7,C3,MAX,Concentration3,ug/L,.0007,mg/L,1.24,ug/L,,09/30/2024
PR0023710,001,01059,"Thallium, total [as Tl]",0.7,C3,MAX,Concentration3,ug/L,.0007,mg/L,1.24,ug/L,,10/31/2024
PR0023710,001,01059,"Thallium, total [as Tl]",0.7,C3,MAX,Concentration3,ug/L,.0007,mg/L,1.24,ug/L,,11/30/2024
PR0023710,001,01059,"Thallium, total [as Tl]",0.7,C3,MAX,Concentration3,ug/L,.0007,mg/L,1.24,ug/L,,12/31/2024
PR0023710,001,01059,"Thallium, total [as Tl]",0.7,C3,MAX,Concentration3,ug/L,.0007,mg/L,1.24,ug/L,,01/31/2025
PR0023710,001,01059,"Thallium, total [as Tl]",0.7,C3,MAX,Concentration3,ug/L,.0007,mg/L,1.24,ug/L,,02/28/2025
PR0023710,001,01059,"Thallium, total [as Tl]",0.7,C3,MAX,Concentration3,ug/L,.0007,mg/L,1.24,ug/L,,03/31/2025
PR0023710,001,01059,"Thallium, total [as Tl]",0.7,C3,MAX,Concentration3,ug/L,.0007,mg/L,1.24,ug/L,,04/30/2025
PR0023710,001,01059,"Thallium, total [as Tl]",0.7,C3,MAX,Concentration3,ug/L,.0007,mg/L,1.24,ug/L,,05/31/2025
PR0023710,001,01059,"Thallium, total [as Tl]",0.005,C3,MAX,Concentration3,ug/L,.000005,mg/L,1.24,ug/L,,06/30/2025
PR0023710,001,01059,"Thallium, total [as Tl]",0.005,C3,MAX,Concentration3,ug/L,.000005,mg/L,1.24,ug/L,,07/31/2025
PR0023710,001,01059,"Thallium, total [as Tl]",0.005,C3,MAX,Concentration3,ug/L,.000005,mg/L,1.24,ug/L,,08/31/2025
PR0023710,001,01059,"Thallium, total [as Tl]",0.005,C3,MAX,Concentration3,ug/L,.000005,mg/L,1.24,ug/L,,09/30/2025
PR0023710,001,01059,"Thallium, total [as Tl]",0.005,C3,MAX,Concentration3,ug/L,.000005,mg/L,1.24,ug/L,,10/31/2025
PR0023710,001,01059,"Thallium, total [as Tl]",0.005,C3,MAX,Concentration3,ug/L,.000005,mg/L,1.24,ug/L,,11/30/2025
PR0023710,001,01059,"Thallium, total [as Tl]",0.005,C3,MAX,Concentration3,ug/L,.000005,mg/L,1.24,ug/L,,12/31/2025
PR0023710,001,01059,"Thallium, total [as Tl]",0.016,C3,MAX,Concentration3,ug/L,.000016,mg/L,1.24,ug/L,,01/31/2026
PR0023710,001,01067,"Nickel, total [as Ni]",5,C3,MAX,Concentration3,ug/L,.005,mg/L,9.48,ug/L,,01/31/2020
PR0023710,001,01067,"Nickel, total [as Ni]",7,C3,MAX,Concentration3,ug/L,.007,mg/L,9.48,ug/L,,02/29/2020
PR0023710,001,01067,"Nickel, total [as Ni]",7,C3,MAX,Concentration3,ug/L,.007,mg/L,9.48,ug/L,,03/31/2020
PR0023710,001,01067,"Nickel, total [as Ni]",5,C3,MAX,Concentration3,ug/L,.005,mg/L,9.48,ug/L,,04/30/2020
PR0023710,001,01067,"Nickel, total [as Ni]",5,C3,MAX,Concentration3,ug/L,.005,mg/L,9.48,ug/L,,05/31/2020
PR0023710,001,01067,"Nickel, total [as Ni]",5,C3,MAX,Concentration3,ug/L,.005,mg/L,9.48,ug/L,,06/30/2020
PR0023710,001,01067,"Nickel, total [as Ni]",5,C3,MAX,Concentration3,ug/L,.005,mg/L,9.48,ug/L,,07/31/2020
PR0023710,001,01067,"Nickel, total [as Ni]",5,C3,MAX,Concentration3,ug/L,.005,mg/L,9.48,ug/L,,08/31/2020
PR0023710,001,01067,"Nickel, total [as Ni]",5,C3,MAX,Concentration3,ug/L,.005,mg/L,9.48,ug/L,,09/30/2020
PR0023710,001,01067,"Nickel, total [as Ni]",5,C3,MAX,Concentration3,ug/L,.005,mg/L,9.48,ug/L,,10/31/2020
PR0023710,001,01067,"Nickel, total [as Ni]",5,C3,MAX,Concentration3,ug/L,.005,mg/L,9.48,ug/L,,11/30/2020
PR0023710,001,01067,"Nickel, total [as Ni]",5,C3,MAX,Concentration3,ug/L,.005,mg/L,9.48,ug/L,,12/31/2020
PR0023710,001,01067,"Nickel, total [as Ni]",5,C3,MAX,Concentration3,ug/L,.005,mg/L,9.48,ug/L,,01/31/2021
PR0023710,001,01067,"Nickel, total [as Ni]",5,C3,MAX,Concentration3,ug/L,.005,mg/L,9.48,ug/L,,02/28/2021
PR0023710,001,01067,"Nickel, total [as Ni]",5,C3,MAX,Concentration3,ug/L,.005,mg/L,9.48,ug/L,,03/31/2021
PR0023710,001,01067,"Nickel, total [as Ni]",5,C3,MAX,Concentration3,ug/L,.005,mg/L,9.48,ug/L,,04/30/2021
PR0023710,001,01067,"Nickel, total [as Ni]",5,C3,MAX,Concentration3,ug/L,.005,mg/L,9.48,ug/L,,05/31/2021
PR0023710,001,01067,"Nickel, total [as Ni]",5,C3,MAX,Concentration3,ug/L,.005,mg/L,9.48,ug/L,,06/30/2021
PR0023710,001,01067,"Nickel, total [as Ni]",2.2,C3,MAX,Concentration3,ug/L,.0022,mg/L,9.48,ug/L,,07/31/2021
PR0023710,001,01067,"Nickel, total [as Ni]",3.1,C3,MAX,Concentration3,ug/L,.0031,mg/L,9.48,ug/L,,08/31/2021
PR0023710,001,01067,"Nickel, total [as Ni]",2.16,C3,MAX,Concentration3,ug/L,.00216,mg/L,9.48,ug/L,,09/30/2021
PR0023710,001,01067,"Nickel, total [as Ni]",3,C3,MAX,Concentration3,ug/L,.003,mg/L,9.48,ug/L,,10/31/2021
PR0023710,001,01067,"Nickel, total [as Ni]",1.8,C3,MAX,Concentration3,ug/L,.0018,mg/L,9.48,ug/L,,11/30/2021
PR0023710,001,01067,"Nickel, total [as Ni]",1.32,C3,MAX,Concentration3,ug/L,.00132,mg/L,9.48,ug/L,,12/31/2021
PR0023710,001,01067,"Nickel, total [as Ni]",6.5,C3,MAX,Concentration3,ug/L,.0065,mg/L,9.48,ug/L,,01/31/2022
PR0023710,001,01067,"Nickel, total [as Ni]",3.94,C3,MAX,Concentration3,ug/L,.00394,mg/L,9.48,ug/L,,02/28/2022
PR0023710,001,01067,"Nickel, total [as Ni]",3.8,C3,MAX,Concentration3,ug/L,.0038,mg/L,9.48,ug/L,,03/31/2022
PR0023710,001,01067,"Nickel, total [as Ni]",4.82,C3,MAX,Concentration3,ug/L,.00482,mg/L,9.48,ug/L,,04/30/2022
PR0023710,001,01067,"Nickel, total [as Ni]",4.46,C3,MAX,Concentration3,ug/L,.00446,mg/L,9.48,ug/L,,05/31/2022
PR0023710,001,01067,"Nickel, total [as Ni]",2.78,C3,MAX,Concentration3,ug/L,.00278,mg/L,9.48,ug/L,,06/30/2022
PR0023710,001,01067,"Nickel, total [as Ni]",0.927,C3,MAX,Concentration3,ug/L,.000927,mg/L,9.48,ug/L,,07/31/2022
PR0023710,001,01067,"Nickel, total [as Ni]",1.76,C3,MAX,Concentration3,ug/L,.00176,mg/L,9.48,ug/L,,08/31/2022
PR0023710,001,01067,"Nickel, total [as Ni]",3.36,C3,MAX,Concentration3,ug/L,.00336,mg/L,9.48,ug/L,,09/30/2022
PR0023710,001,01067,"Nickel, total [as Ni]",5,C3,MAX,Concentration3,ug/L,.005,mg/L,9.48,ug/L,,10/31/2022
PR0023710,001,01067,"Nickel, total [as Ni]",5,C3,MAX,Concentration3,ug/L,.005,mg/L,9.48,ug/L,,11/30/2022
PR0023710,001,01067,"Nickel, total [as Ni]",5,C3,MAX,Concentration3,ug/L,.005,mg/L,9.48,ug/L,,12/31/2022
PR0023710,001,01067,"Nickel, total [as Ni]",NA,C3,MAX,Concentration3,,,mg/L,9.48,ug/L,B,01/31/2023
PR0023710,001,01067,"Nickel, total [as Ni]",5,C3,MAX,Concentration3,ug/L,.005,mg/L,9.48,ug/L,,02/28/2023
PR0023710,001,01067,"Nickel, total [as Ni]",5,C3,MAX,Concentration3,ug/L,.005,mg/L,9.48,ug/L,,03/31/2023
PR0023710,001,01067,"Nickel, total [as Ni]",5,C3,MAX,Concentration3,ug/L,.005,mg/L,9.48,ug/L,,04/30/2023
PR0023710,001,01067,"Nickel, total [as Ni]",5,C3,MAX,Concentration3,ug/L,.005,mg/L,9.48,ug/L,,05/31/2023
PR0023710,001,01067,"Nickel, total [as Ni]",5,C3,MAX,Concentration3,ug/L,.005,mg/L,9.48,ug/L,,06/30/2023
PR0023710,001,01067,"Nickel, total [as Ni]",5,C3,MAX,Concentration3,ug/L,.005,mg/L,9.48,ug/L,,07/31/2023
PR0023710,001,01067,"Nickel, total [as Ni]",8,C3,MAX,Concentration3,ug/L,.008,mg/L,9.48,ug/L,,08/31/2023
PR0023710,001,01067,"Nickel, total [as Ni]",5,C3,MAX,Concentration3,ug/L,.005,mg/L,9.48,ug/L,,09/30/2023
PR0023710,001,01067,"Nickel, total [as Ni]",9,C3,MAX,Concentration3,ug/L,.009,mg/L,9.48,ug/L,,10/31/2023
PR0023710,001,01067,"Nickel, total [as Ni]",5,C3,MAX,Concentration3,ug/L,.005,mg/L,9.48,ug/L,,11/30/2023
PR0023710,001,01067,"Nickel, total [as Ni]",5,C3,MAX,Concentration3,ug/L,.005,mg/L,9.48,ug/L,,12/31/2023
PR0023710,001,01067,"Nickel, total [as Ni]",5,C3,MAX,Concentration3,ug/L,.005,mg/L,9.48,ug/L,,01/31/2024
PR0023710,001,01067,"Nickel, total [as Ni]",5,C3,MAX,Concentration3,ug/L,.005,mg/L,9.48,ug/L,,02/29/2024
PR0023710,001,01067,"Nickel, total [as Ni]",0.78,C3,MAX,Concentration3,ug/L,.00078,mg/L,9.48,ug/L,,03/31/2024
PR0023710,001,01067,"Nickel, total [as Ni]",4.78,C3,MAX,Concentration3,ug/L,.00478,mg/L,9.48,ug/L,,04/30/2024
PR0023710,001,01067,"Nickel, total [as Ni]",1.61,C3,MAX,Concentration3,ug/L,.00161,mg/L,9.48,ug/L,,05/31/2024
PR0023710,001,01067,"Nickel, total [as Ni]",1.28,C3,MAX,Concentration3,ug/L,.00128,mg/L,9.48,ug/L,,06/30/2024
PR0023710,001,01067,"Nickel, total [as Ni]",1.41,C3,MAX,Concentration3,ug/L,.00141,mg/L,9.48,ug/L,,07/31/2024
PR0023710,001,01067,"Nickel, total [as Ni]",2.05,C3,MAX,Concentration3,ug/L,.00205,mg/L,9.48,ug/L,,08/31/2024
PR0023710,001,01067,"Nickel, total [as Ni]",1.47,C3,MAX,Concentration3,ug/L,.00147,mg/L,9.48,ug/L,,09/30/2024
PR0023710,001,01067,"Nickel, total [as Ni]",1.01,C3,MAX,Concentration3,ug/L,.00101,mg/L,9.48,ug/L,,10/31/2024
PR0023710,001,01067,"Nickel, total [as Ni]",1.61,C3,MAX,Concentration3,ug/L,.00161,mg/L,9.48,ug/L,,11/30/2024
PR0023710,001,01067,"Nickel, total [as Ni]",2.04,C3,MAX,Concentration3,ug/L,.00204,mg/L,9.48,ug/L,,12/31/2024
PR0023710,001,01067,"Nickel, total [as Ni]",2.14,C3,MAX,Concentration3,ug/L,.00214,mg/L,9.48,ug/L,,01/31/2025
PR0023710,001,01067,"Nickel, total [as Ni]",2.94,C3,MAX,Concentration3,ug/L,.00294,mg/L,9.48,ug/L,,02/28/2025
PR0023710,001,01067,"Nickel, total [as Ni]",2.21,C3,MAX,Concentration3,ug/L,.00221,mg/L,9.48,ug/L,,03/31/2025
PR0023710,001,01067,"Nickel, total [as Ni]",4.64,C3,MAX,Concentration3,ug/L,.00464,mg/L,9.48,ug/L,,04/30/2025
PR0023710,001,01067,"Nickel, total [as Ni]",4.75,C3,MAX,Concentration3,ug/L,.00475,mg/L,9.48,ug/L,,05/31/2025
PR0023710,001,01067,"Nickel, total [as Ni]",4.85,C3,MAX,Concentration3,ug/L,.00485,mg/L,9.48,ug/L,,06/30/2025
PR0023710,001,01067,"Nickel, total [as Ni]",27.6,C3,MAX,Concentration3,ug/L,.0276,mg/L,9.48,ug/L,,07/31/2025
PR0023710,001,01067,"Nickel, total [as Ni]",1.85,C3,MAX,Concentration3,ug/L,.00185,mg/L,9.48,ug/L,,08/31/2025
PR0023710,001,01067,"Nickel, total [as Ni]",4.6,C3,MAX,Concentration3,ug/L,.0046,mg/L,9.48,ug/L,,09/30/2025
PR0023710,001,01067,"Nickel, total [as Ni]",4.5,C3,MAX,Concentration3,ug/L,.0045,mg/L,9.48,ug/L,,10/31/2025
PR0023710,001,01067,"Nickel, total [as Ni]",8.5,C3,MAX,Concentration3,ug/L,.0085,mg/L,9.48,ug/L,,11/30/2025
PR0023710,001,01067,"Nickel, total [as Ni]",5.62,C3,MAX,Concentration3,ug/L,.00562,mg/L,9.48,ug/L,,12/31/2025
PR0023710,001,01067,"Nickel, total [as Ni]",4.6,C3,MAX,Concentration3,ug/L,.0046,mg/L,9.48,ug/L,,01/31/2026
PR0023710,001,01077,"Silver, total [as Ag]",2,C3,MAX,Concentration3,ug/L,.002,mg/L,6.61,ug/L,,01/31/2020
PR0023710,001,01077,"Silver, total [as Ag]",2.7,C3,MAX,Concentration3,ug/L,.0027,mg/L,6.61,ug/L,,02/29/2020
PR0023710,001,01077,"Silver, total [as Ag]",1.28,C3,MAX,Concentration3,ug/L,.00128,mg/L,6.61,ug/L,,03/31/2020
PR0023710,001,01077,"Silver, total [as Ag]",0.5,C3,MAX,Concentration3,ug/L,.0005,mg/L,6.61,ug/L,,04/30/2020
PR0023710,001,01077,"Silver, total [as Ag]",0.5,C3,MAX,Concentration3,ug/L,.0005,mg/L,6.61,ug/L,,05/31/2020
PR0023710,001,01077,"Silver, total [as Ag]",0.5,C3,MAX,Concentration3,ug/L,.0005,mg/L,6.61,ug/L,,06/30/2020
PR0023710,001,01077,"Silver, total [as Ag]",2,C3,MAX,Concentration3,ug/L,.002,mg/L,6.61,ug/L,,07/31/2020
PR0023710,001,01077,"Silver, total [as Ag]",2,C3,MAX,Concentration3,ug/L,.002,mg/L,6.61,ug/L,,08/31/2020
PR0023710,001,01077,"Silver, total [as Ag]",2,C3,MAX,Concentration3,ug/L,.002,mg/L,6.61,ug/L,,09/30/2020
PR0023710,001,01077,"Silver, total [as Ag]",2,C3,MAX,Concentration3,ug/L,.002,mg/L,6.61,ug/L,,10/31/2020
PR0023710,001,01077,"Silver, total [as Ag]",2,C3,MAX,Concentration3,ug/L,.002,mg/L,6.61,ug/L,,11/30/2020
PR0023710,001,01077,"Silver, total [as Ag]",2,C3,MAX,Concentration3,ug/L,.002,mg/L,6.61,ug/L,,12/31/2020
PR0023710,001,01077,"Silver, total [as Ag]",2,C3,MAX,Concentration3,ug/L,.002,mg/L,6.61,ug/L,,01/31/2021
PR0023710,001,01077,"Silver, total [as Ag]",2,C3,MAX,Concentration3,ug/L,.002,mg/L,6.61,ug/L,,02/28/2021
PR0023710,001,01077,"Silver, total [as Ag]",2,C3,MAX,Concentration3,ug/L,.002,mg/L,6.61,ug/L,,03/31/2021
PR0023710,001,01077,"Silver, total [as Ag]",2,C3,MAX,Concentration3,ug/L,.002,mg/L,6.61,ug/L,,04/30/2021
PR0023710,001,01077,"Silver, total [as Ag]",2,C3,MAX,Concentration3,ug/L,.002,mg/L,6.61,ug/L,,05/31/2021
PR0023710,001,01077,"Silver, total [as Ag]",2,C3,MAX,Concentration3,ug/L,.002,mg/L,6.61,ug/L,,06/30/2021
PR0023710,001,01077,"Silver, total [as Ag]",2,C3,MAX,Concentration3,ug/L,.002,mg/L,6.61,ug/L,,07/31/2021
PR0023710,001,01077,"Silver, total [as Ag]",2,C3,MAX,Concentration3,ug/L,.002,mg/L,6.61,ug/L,,08/31/2021
PR0023710,001,01077,"Silver, total [as Ag]",5,C3,MAX,Concentration3,ug/L,.005,mg/L,6.61,ug/L,,09/30/2021
PR0023710,001,01077,"Silver, total [as Ag]",5,C3,MAX,Concentration3,ug/L,.005,mg/L,6.61,ug/L,,10/31/2021
PR0023710,001,01077,"Silver, total [as Ag]",5,C3,MAX,Concentration3,ug/L,.005,mg/L,6.61,ug/L,,11/30/2021
PR0023710,001,01077,"Silver, total [as Ag]",5,C3,MAX,Concentration3,ug/L,.005,mg/L,6.61,ug/L,,12/31/2021
PR0023710,001,01077,"Silver, total [as Ag]",5,C3,MAX,Concentration3,ug/L,.005,mg/L,6.61,ug/L,,01/31/2022
PR0023710,001,01077,"Silver, total [as Ag]",5,C3,MAX,Concentration3,ug/L,.005,mg/L,6.61,ug/L,,02/28/2022
PR0023710,001,01077,"Silver, total [as Ag]",5,C3,MAX,Concentration3,ug/L,.005,mg/L,6.61,ug/L,,03/31/2022
PR0023710,001,01077,"Silver, total [as Ag]",5,C3,MAX,Concentration3,ug/L,.005,mg/L,6.61,ug/L,,04/30/2022
PR0023710,001,01077,"Silver, total [as Ag]",5,C3,MAX,Concentration3,ug/L,.005,mg/L,6.61,ug/L,,05/31/2022
PR0023710,001,01077,"Silver, total [as Ag]",5,C3,MAX,Concentration3,ug/L,.005,mg/L,6.61,ug/L,,06/30/2022
PR0023710,001,01077,"Silver, total [as Ag]",5,C3,MAX,Concentration3,ug/L,.005,mg/L,6.61,ug/L,,07/31/2022
PR0023710,001,01077,"Silver, total [as Ag]",5,C3,MAX,Concentration3,ug/L,.005,mg/L,6.61,ug/L,,08/31/2022
PR0023710,001,01077,"Silver, total [as Ag]",5,C3,MAX,Concentration3,ug/L,.005,mg/L,6.61,ug/L,,09/30/2022
PR0023710,001,01077,"Silver, total [as Ag]",5,C3,MAX,Concentration3,ug/L,.005,mg/L,6.61,ug/L,,10/31/2022
PR0023710,001,01077,"Silver, total [as Ag]",5,C3,MAX,Concentration3,ug/L,.005,mg/L,6.61,ug/L,,11/30/2022
PR0023710,001,01077,"Silver, total [as Ag]",5,C3,MAX,Concentration3,ug/L,.005,mg/L,6.61,ug/L,,12/31/2022
PR0023710,001,01077,"Silver, total [as Ag]",NA,C3,MAX,Concentration3,,,mg/L,6.61,ug/L,B,01/31/2023
PR0023710,001,01077,"Silver, total [as Ag]",5,C3,MAX,Concentration3,ug/L,.005,mg/L,6.61,ug/L,,02/28/2023
PR0023710,001,01077,"Silver, total [as Ag]",5,C3,MAX,Concentration3,ug/L,.005,mg/L,6.61,ug/L,,03/31/2023
PR0023710,001,01077,"Silver, total [as Ag]",5,C3,MAX,Concentration3,ug/L,.005,mg/L,6.61,ug/L,,04/30/2023
PR0023710,001,01077,"Silver, total [as Ag]",5,C3,MAX,Concentration3,ug/L,.005,mg/L,6.61,ug/L,,05/31/2023
PR0023710,001,01077,"Silver, total [as Ag]",5,C3,MAX,Concentration3,ug/L,.005,mg/L,6.61,ug/L,,06/30/2023
PR0023710,001,01077,"Silver, total [as Ag]",5,C3,MAX,Concentration3,ug/L,.005,mg/L,6.61,ug/L,,07/31/2023
PR0023710,001,01077,"Silver, total [as Ag]",5,C3,MAX,Concentration3,ug/L,.005,mg/L,6.61,ug/L,,08/31/2023
PR0023710,001,01077,"Silver, total [as Ag]",5,C3,MAX,Concentration3,ug/L,.005,mg/L,6.61,ug/L,,09/30/2023
PR0023710,001,01077,"Silver, total [as Ag]",5,C3,MAX,Concentration3,ug/L,.005,mg/L,6.61,ug/L,,10/31/2023
PR0023710,001,01077,"Silver, total [as Ag]",5,C3,MAX,Concentration3,ug/L,.005,mg/L,6.61,ug/L,,11/30/2023
PR0023710,001,01077,"Silver, total [as Ag]",5,C3,MAX,Concentration3,ug/L,.005,mg/L,6.61,ug/L,,12/31/2023
PR0023710,001,01077,"Silver, total [as Ag]",5,C3,MAX,Concentration3,ug/L,.005,mg/L,6.61,ug/L,,01/31/2024
PR0023710,001,01077,"Silver, total [as Ag]",8,C3,MAX,Concentration3,ug/L,.008,mg/L,6.61,ug/L,,02/29/2024
PR0023710,001,01077,"Silver, total [as Ag]",0.025,C3,MAX,Concentration3,ug/L,.000025,mg/L,6.61,ug/L,,03/31/2024
PR0023710,001,01077,"Silver, total [as Ag]",0.038,C3,MAX,Concentration3,ug/L,.000038,mg/L,6.61,ug/L,,04/30/2024
PR0023710,001,01077,"Silver, total [as Ag]",0.025,C3,MAX,Concentration3,ug/L,.000025,mg/L,6.61,ug/L,,05/31/2024
PR0023710,001,01077,"Silver, total [as Ag]",0.025,C3,MAX,Concentration3,ug/L,.000025,mg/L,6.61,ug/L,,06/30/2024
PR0023710,001,01077,"Silver, total [as Ag]",0.025,C3,MAX,Concentration3,ug/L,.000025,mg/L,6.61,ug/L,,07/31/2024
PR0023710,001,01077,"Silver, total [as Ag]",0.03,C3,MAX,Concentration3,ug/L,.00003,mg/L,6.61,ug/L,,08/31/2024
PR0023710,001,01077,"Silver, total [as Ag]",0.025,C3,MAX,Concentration3,ug/L,.000025,mg/L,6.61,ug/L,,09/30/2024
PR0023710,001,01077,"Silver, total [as Ag]",0.025,C3,MAX,Concentration3,ug/L,.000025,mg/L,6.61,ug/L,,10/31/2024
PR0023710,001,01077,"Silver, total [as Ag]",0.025,C3,MAX,Concentration3,ug/L,.000025,mg/L,6.61,ug/L,,11/30/2024
PR0023710,001,01077,"Silver, total [as Ag]",0.025,C3,MAX,Concentration3,ug/L,.000025,mg/L,6.61,ug/L,,12/31/2024
PR0023710,001,01077,"Silver, total [as Ag]",0.025,C3,MAX,Concentration3,ug/L,.000025,mg/L,6.61,ug/L,,01/31/2025
PR0023710,001,01077,"Silver, total [as Ag]",0.122,C3,MAX,Concentration3,ug/L,.000122,mg/L,6.61,ug/L,,02/28/2025
PR0023710,001,01077,"Silver, total [as Ag]",0.029,C3,MAX,Concentration3,ug/L,.000029,mg/L,6.61,ug/L,,03/31/2025
PR0023710,001,01077,"Silver, total [as Ag]",0.031,C3,MAX,Concentration3,ug/L,.000031,mg/L,6.61,ug/L,,04/30/2025
PR0023710,001,01077,"Silver, total [as Ag]",0.025,C3,MAX,Concentration3,ug/L,.000025,mg/L,6.61,ug/L,,05/31/2025
PR0023710,001,01077,"Silver, total [as Ag]",0.025,C3,MAX,Concentration3,ug/L,.000025,mg/L,6.61,ug/L,,06/30/2025
PR0023710,001,01077,"Silver, total [as Ag]",0.036,C3,MAX,Concentration3,ug/L,.000036,mg/L,6.61,ug/L,,07/31/2025
PR0023710,001,01077,"Silver, total [as Ag]",0.025,C3,MAX,Concentration3,ug/L,.000025,mg/L,6.61,ug/L,,08/31/2025
PR0023710,001,01077,"Silver, total [as Ag]",0.025,C3,MAX,Concentration3,ug/L,.000025,mg/L,6.61,ug/L,,09/30/2025
PR0023710,001,01077,"Silver, total [as Ag]",0.01,C3,MAX,Concentration3,ug/L,.00001,mg/L,6.61,ug/L,,10/31/2025
PR0023710,001,01077,"Silver, total [as Ag]",0.037,C3,MAX,Concentration3,ug/L,.000037,mg/L,6.61,ug/L,,11/30/2025
PR0023710,001,01077,"Silver, total [as Ag]",0.062,C3,MAX,Concentration3,ug/L,.000062,mg/L,6.61,ug/L,,12/31/2025
PR0023710,001,01077,"Silver, total [as Ag]",0.163,C3,MAX,Concentration3,ug/L,.000163,mg/L,6.61,ug/L,,01/31/2026
PR0023710,001,01092,"Zinc, total [as Zn]",30,C3,MAX,Concentration3,ug/L,.03,mg/L,85.62,ug/L,,02/29/2020
PR0023710,001,01092,"Zinc, total [as Zn]",29,C3,MAX,Concentration3,ug/L,.029,mg/L,85.62,ug/L,,05/31/2020
PR0023710,001,01092,"Zinc, total [as Zn]",35,C3,MAX,Concentration3,ug/L,.035,mg/L,85.62,ug/L,,08/31/2020
PR0023710,001,01092,"Zinc, total [as Zn]",20,C3,MAX,Concentration3,ug/L,.02,mg/L,85.62,ug/L,,11/30/2020
PR0023710,001,01092,"Zinc, total [as Zn]",20,C3,MAX,Concentration3,ug/L,.02,mg/L,85.62,ug/L,,02/28/2021
PR0023710,001,01092,"Zinc, total [as Zn]",38,C3,MAX,Concentration3,ug/L,.038,mg/L,85.62,ug/L,,05/31/2021
PR0023710,001,01092,"Zinc, total [as Zn]",39,C3,MAX,Concentration3,ug/L,.039,mg/L,85.62,ug/L,,08/31/2021
PR0023710,001,01092,"Zinc, total [as Zn]",46,C3,MAX,Concentration3,ug/L,.046,mg/L,85.62,ug/L,,11/30/2021
PR0023710,001,01092,"Zinc, total [as Zn]",41,C3,MAX,Concentration3,ug/L,.041,mg/L,85.62,ug/L,,02/28/2022
PR0023710,001,01092,"Zinc, total [as Zn]",56,C3,MAX,Concentration3,ug/L,.056,mg/L,85.62,ug/L,,05/31/2022
PR0023710,001,01092,"Zinc, total [as Zn]",144,C3,MAX,Concentration3,ug/L,.14400001,mg/L,85.62,ug/L,,08/31/2022
PR0023710,001,01092,"Zinc, total [as Zn]",50,C3,MAX,Concentration3,ug/L,.05,mg/L,85.62,ug/L,,11/30/2022
PR0023710,001,01092,"Zinc, total [as Zn]",84,C3,MAX,Concentration3,ug/L,.084,mg/L,85.62,ug/L,,02/28/2023
PR0023710,001,01092,"Zinc, total [as Zn]",157,C3,MAX,Concentration3,ug/L,.15700001,mg/L,85.62,ug/L,,05/31/2023
PR0023710,001,01092,"Zinc, total [as Zn]",57,C3,MAX,Concentration3,ug/L,.057,mg/L,85.62,ug/L,,08/31/2023
PR0023710,001,01092,"Zinc, total [as Zn]",79,C3,MAX,Concentration3,ug/L,.079,mg/L,85.62,ug/L,,11/30/2023
PR0023710,001,01092,"Zinc, total [as Zn]",60,C3,MAX,Concentration3,ug/L,.06,mg/L,85.62,ug/L,,02/29/2024
PR0023710,001,01092,"Zinc, total [as Zn]",6,C3,MAX,Concentration3,ug/L,.006,mg/L,85.62,ug/L,,05/31/2024
PR0023710,001,01092,"Zinc, total [as Zn]",6.41,C3,MAX,Concentration3,ug/L,.00641,mg/L,85.62,ug/L,,08/31/2024
PR0023710,001,01092,"Zinc, total [as Zn]",11.24,C3,MAX,Concentration3,ug/L,.01124,mg/L,85.62,ug/L,,11/30/2024
PR0023710,001,01092,"Zinc, total [as Zn]",18.69,C3,MAX,Concentration3,ug/L,.01869,mg/L,85.62,ug/L,,02/28/2025
PR0023710,001,01092,"Zinc, total [as Zn]",12.9,C3,MAX,Concentration3,ug/L,.0129,mg/L,85.62,ug/L,,05/31/2025
PR0023710,001,01092,"Zinc, total [as Zn]",22.2,C3,MAX,Concentration3,ug/L,.0222,mg/L,85.62,ug/L,,08/31/2025
PR0023710,001,01092,"Zinc, total [as Zn]",29.5,C3,MAX,Concentration3,ug/L,.0295,mg/L,85.62,ug/L,,11/30/2025
PR0023710,001,03615,"2-Methyl-4,6-dinitrophenol",1.2,C3,MAX,Concentration3,ug/L,.0012,mg/L,,ug/L,,11/30/2020
PR0023710,001,03615,"2-Methyl-4,6-dinitrophenol",1.2,C3,MAX,Concentration3,ug/L,.0012,mg/L,,ug/L,,11/30/2021
PR0023710,001,03615,"2-Methyl-4,6-dinitrophenol",1.2,C3,MAX,Concentration3,ug/L,.0012,mg/L,,ug/L,,11/30/2022
PR0023710,001,03615,"2-Methyl-4,6-dinitrophenol",1.2,C3,MAX,Concentration3,ug/L,.0012,mg/L,,ug/L,,11/30/2023
PR0023710,001,03615,"2-Methyl-4,6-dinitrophenol",12,C3,MAX,Concentration3,ug/L,.012,mg/L,,ug/L,,11/30/2024
PR0023710,001,03615,"2-Methyl-4,6-dinitrophenol",1.2,C3,MAX,Concentration3,ug/L,.0012,mg/L,,ug/L,,11/30/2025
PR0023710,001,30500,"Coliform, fecal - % samples exceeding limit",100,C2,MAX,Concentration2,%,100,%,20,%,,01/31/2020
PR0023710,001,30500,"Coliform, fecal - % samples exceeding limit",0,C2,MAX,Concentration2,%,0,%,20,%,,02/29/2020
PR0023710,001,30500,"Coliform, fecal - % samples exceeding limit",100,C2,MAX,Concentration2,%,100,%,20,%,,03/31/2020
PR0023710,001,30500,"Coliform, fecal - % samples exceeding limit",100,C2,MAX,Concentration2,%,100,%,20,%,,04/30/2020
PR0023710,001,30500,"Coliform, fecal - % samples exceeding limit",0,C2,MAX,Concentration2,%,0,%,20,%,,05/31/2020
PR0023710,001,30500,"Coliform, fecal - % samples exceeding limit",0,C2,MAX,Concentration2,%,0,%,20,%,,06/30/2020
PR0023710,001,30500,"Coliform, fecal - % samples exceeding limit",100,C2,MAX,Concentration2,%,100,%,20,%,,07/31/2020
PR0023710,001,30500,"Coliform, fecal - % samples exceeding limit",0,C2,MAX,Concentration2,%,0,%,20,%,,08/31/2020
PR0023710,001,30500,"Coliform, fecal - % samples exceeding limit",100,C2,MAX,Concentration2,%,100,%,20,%,,09/30/2020
PR0023710,001,30500,"Coliform, fecal - % samples exceeding limit",0,C2,MAX,Concentration2,%,0,%,20,%,,10/31/2020
PR0023710,001,30500,"Coliform, fecal - % samples exceeding limit",100,C2,MAX,Concentration2,%,100,%,20,%,,11/30/2020
PR0023710,001,30500,"Coliform, fecal - % samples exceeding limit",40,C2,MAX,Concentration2,%,40,%,20,%,,12/31/2020
PR0023710,001,30500,"Coliform, fecal - % samples exceeding limit",0,C2,MAX,Concentration2,%,0,%,20,%,,01/31/2021
PR0023710,001,30500,"Coliform, fecal - % samples exceeding limit",20,C2,MAX,Concentration2,%,20,%,20,%,,02/28/2021
PR0023710,001,30500,"Coliform, fecal - % samples exceeding limit",0,C2,MAX,Concentration2,%,0,%,20,%,,03/31/2021
PR0023710,001,30500,"Coliform, fecal - % samples exceeding limit",100,C2,MAX,Concentration2,%,100,%,20,%,,04/30/2021
PR0023710,001,30500,"Coliform, fecal - % samples exceeding limit",0,C2,MAX,Concentration2,%,0,%,20,%,,05/31/2021
PR0023710,001,30500,"Coliform, fecal - % samples exceeding limit",100,C2,MAX,Concentration2,%,100,%,20,%,,06/30/2021
PR0023710,001,30500,"Coliform, fecal - % samples exceeding limit",100,C2,MAX,Concentration2,%,100,%,20,%,,07/31/2021
PR0023710,001,30500,"Coliform, fecal - % samples exceeding limit",100,C2,MAX,Concentration2,%,100,%,20,%,,08/31/2021
PR0023710,001,30500,"Coliform, fecal - % samples exceeding limit",100,C2,MAX,Concentration2,%,100,%,20,%,,09/30/2021
PR0023710,001,30500,"Coliform, fecal - % samples exceeding limit",100,C2,MAX,Concentration2,%,100,%,20,%,,10/31/2021
PR0023710,001,30500,"Coliform, fecal - % samples exceeding limit",0,C2,MAX,Concentration2,%,0,%,20,%,,11/30/2021
PR0023710,001,30500,"Coliform, fecal - % samples exceeding limit",0,C2,MAX,Concentration2,%,0,%,20,%,,12/31/2021
PR0023710,001,30500,"Coliform, fecal - % samples exceeding limit",100,C2,MAX,Concentration2,%,100,%,20,%,,01/31/2022
PR0023710,001,30500,"Coliform, fecal - % samples exceeding limit",100,C2,MAX,Concentration2,%,100,%,20,%,,02/28/2022
PR0023710,001,30500,"Coliform, fecal - % samples exceeding limit",100,C2,MAX,Concentration2,%,100,%,20,%,,03/31/2022
PR0023710,001,30500,"Coliform, fecal - % samples exceeding limit",100,C2,MAX,Concentration2,%,100,%,20,%,,04/30/2022
PR0023710,001,30500,"Coliform, fecal - % samples exceeding limit",100,C2,MAX,Concentration2,%,100,%,20,%,,05/31/2022
PR0023710,001,30500,"Coliform, fecal - % samples exceeding limit",100,C2,MAX,Concentration2,%,100,%,20,%,,06/30/2022
PR0023710,001,30500,"Coliform, fecal - % samples exceeding limit",100,C2,MAX,Concentration2,%,100,%,20,%,,07/31/2022
PR0023710,001,30500,"Coliform, fecal - % samples exceeding limit",100,C2,MAX,Concentration2,%,100,%,20,%,,08/31/2022
PR0023710,001,30500,"Coliform, fecal - % samples exceeding limit",100,C2,MAX,Concentration2,%,100,%,20,%,,09/30/2022
PR0023710,001,30500,"Coliform, fecal - % samples exceeding limit",100,C2,MAX,Concentration2,%,100,%,20,%,,10/31/2022
PR0023710,001,30500,"Coliform, fecal - % samples exceeding limit",0,C2,MAX,Concentration2,%,0,%,20,%,,11/30/2022
PR0023710,001,30500,"Coliform, fecal - % samples exceeding limit",100,C2,MAX,Concentration2,%,100,%,20,%,,12/31/2022
PR0023710,001,30500,"Coliform, fecal - % samples exceeding limit",100,C2,MAX,Concentration2,%,100,%,20,%,,01/31/2023
PR0023710,001,30500,"Coliform, fecal - % samples exceeding limit",100,C2,MAX,Concentration2,%,100,%,20,%,,02/28/2023
PR0023710,001,30500,"Coliform, fecal - % samples exceeding limit",100,C2,MAX,Concentration2,%,100,%,20,%,,03/31/2023
PR0023710,001,30500,"Coliform, fecal - % samples exceeding limit",100,C2,MAX,Concentration2,%,100,%,20,%,,04/30/2023
PR0023710,001,30500,"Coliform, fecal - % samples exceeding limit",100,C2,MAX,Concentration2,%,100,%,20,%,,05/31/2023
PR0023710,001,30500,"Coliform, fecal - % samples exceeding limit",100,C2,MAX,Concentration2,%,100,%,20,%,,06/30/2023
PR0023710,001,30500,"Coliform, fecal - % samples exceeding limit",100,C2,MAX,Concentration2,%,100,%,20,%,,07/31/2023
PR0023710,001,30500,"Coliform, fecal - % samples exceeding limit",100,C2,MAX,Concentration2,%,100,%,20,%,,08/31/2023
PR0023710,001,30500,"Coliform, fecal - % samples exceeding limit",100,C2,MAX,Concentration2,%,100,%,20,%,,09/30/2023
PR0023710,001,30500,"Coliform, fecal - % samples exceeding limit",100,C2,MAX,Concentration2,%,100,%,20,%,,10/31/2023
PR0023710,001,30500,"Coliform, fecal - % samples exceeding limit",0,C2,MAX,Concentration2,%,0,%,20,%,,11/30/2023
PR0023710,001,30500,"Coliform, fecal - % samples exceeding limit",100,C2,MAX,Concentration2,%,100,%,20,%,,12/31/2023
PR0023710,001,30500,"Coliform, fecal - % samples exceeding limit",100,C2,MAX,Concentration2,%,100,%,20,%,,01/31/2024
PR0023710,001,30500,"Coliform, fecal - % samples exceeding limit",100,C2,MAX,Concentration2,%,100,%,20,%,,02/29/2024
PR0023710,001,30500,"Coliform, fecal - % samples exceeding limit",80,C2,MAX,Concentration2,%,80,%,20,%,,03/31/2024
PR0023710,001,30500,"Coliform, fecal - % samples exceeding limit",60,C2,MAX,Concentration2,%,60,%,20,%,,04/30/2024
PR0023710,001,30500,"Coliform, fecal - % samples exceeding limit",100,C2,MAX,Concentration2,%,100,%,20,%,,05/31/2024
PR0023710,001,30500,"Coliform, fecal - % samples exceeding limit",100,C2,MAX,Concentration2,%,100,%,20,%,,06/30/2024
PR0023710,001,30500,"Coliform, fecal - % samples exceeding limit",100,C2,MAX,Concentration2,%,100,%,20,%,,07/31/2024
PR0023710,001,30500,"Coliform, fecal - % samples exceeding limit",100,C2,MAX,Concentration2,%,100,%,20,%,,08/31/2024
PR0023710,001,30500,"Coliform, fecal - % samples exceeding limit",20,C2,MAX,Concentration2,%,20,%,20,%,,09/30/2024
PR0023710,001,30500,"Coliform, fecal - % samples exceeding limit",100,C2,MAX,Concentration2,%,100,%,20,%,,10/31/2024
PR0023710,001,30500,"Coliform, fecal - % samples exceeding limit",0,C2,MAX,Concentration2,%,0,%,20,%,,11/30/2024
PR0023710,001,30500,"Coliform, fecal - % samples exceeding limit",40,C2,MAX,Concentration2,%,40,%,20,%,,12/31/2024
PR0023710,001,30500,"Coliform, fecal - % samples exceeding limit",100,C2,MAX,Concentration2,%,100,%,20,%,,01/31/2025
PR0023710,001,30500,"Coliform, fecal - % samples exceeding limit",100,C2,MAX,Concentration2,%,100,%,20,%,,02/28/2025
PR0023710,001,30500,"Coliform, fecal - % samples exceeding limit",0,C2,MAX,Concentration2,%,0,%,20,%,,03/31/2025
PR0023710,001,30500,"Coliform, fecal - % samples exceeding limit",0,C2,MAX,Concentration2,%,0,%,20,%,,04/30/2025
PR0023710,001,30500,"Coliform, fecal - % samples exceeding limit",0,C2,MAX,Concentration2,%,0,%,20,%,,05/31/2025
PR0023710,001,30500,"Coliform, fecal - % samples exceeding limit",0,C2,MAX,Concentration2,%,0,%,20,%,,06/30/2025
PR0023710,001,30500,"Coliform, fecal - % samples exceeding limit",100,C2,MAX,Concentration2,%,100,%,20,%,,07/31/2025
PR0023710,001,30500,"Coliform, fecal - % samples exceeding limit",60,C2,MAX,Concentration2,%,60,%,20,%,,08/31/2025
PR0023710,001,30500,"Coliform, fecal - % samples exceeding limit",80,C2,MAX,Concentration2,%,80,%,20,%,,09/30/2025
PR0023710,001,30500,"Coliform, fecal - % samples exceeding limit",20,C2,MAX,Concentration2,%,20,%,20,%,,10/31/2025
PR0023710,001,30500,"Coliform, fecal - % samples exceeding limit",100,C2,MAX,Concentration2,%,100,%,20,%,,11/30/2025
PR0023710,001,30500,"Coliform, fecal - % samples exceeding limit",100,C2,MAX,Concentration2,%,100,%,20,%,,12/31/2025
PR0023710,001,30500,"Coliform, fecal - % samples exceeding limit",100,C2,MAX,Concentration2,%,100,%,20,%,,01/31/2026
PR0023710,001,34586,2-Chlorophenol,0.2,C3,MAX,Concentration3,ug/L,.0002,mg/L,,ug/L,,11/30/2020
PR0023710,001,34586,2-Chlorophenol,0.2,C3,MAX,Concentration3,ug/L,.0002,mg/L,,ug/L,,11/30/2021
PR0023710,001,34586,2-Chlorophenol,0.2,C3,MAX,Concentration3,ug/L,.0002,mg/L,,ug/L,,11/30/2022
PR0023710,001,34586,2-Chlorophenol,0.2,C3,MAX,Concentration3,ug/L,.0002,mg/L,,ug/L,,11/30/2023
PR0023710,001,34586,2-Chlorophenol,2,C3,MAX,Concentration3,ug/L,.002,mg/L,,ug/L,,11/30/2024
PR0023710,001,34586,2-Chlorophenol,0.2,C3,MAX,Concentration3,ug/L,.0002,mg/L,,ug/L,,11/30/2025
PR0023710,001,34601,"2,4-Dichlorophenol",0.2,C3,MAX,Concentration3,ug/L,.0002,mg/L,,ug/L,,11/30/2020
PR0023710,001,34601,"2,4-Dichlorophenol",0.2,C3,MAX,Concentration3,ug/L,.0002,mg/L,,ug/L,,11/30/2021
PR0023710,001,34601,"2,4-Dichlorophenol",0.2,C3,MAX,Concentration3,ug/L,.0002,mg/L,,ug/L,,11/30/2022
PR0023710,001,34601,"2,4-Dichlorophenol",0.2,C3,MAX,Concentration3,ug/L,.0002,mg/L,,ug/L,,11/30/2023
PR0023710,001,34601,"2,4-Dichlorophenol",2,C3,MAX,Concentration3,ug/L,.002,mg/L,,ug/L,,11/30/2024
PR0023710,001,34601,"2,4-Dichlorophenol",0.2,C3,MAX,Concentration3,ug/L,.0002,mg/L,,ug/L,,11/30/2025
PR0023710,001,34621,"2,4,6-Trichlorophenol",0.2,C3,MAX,Concentration3,ug/L,.0002,mg/L,,ug/L,,11/30/2020
PR0023710,001,34621,"2,4,6-Trichlorophenol",0.2,C3,MAX,Concentration3,ug/L,.0002,mg/L,,ug/L,,11/30/2021
PR0023710,001,34621,"2,4,6-Trichlorophenol",0.2,C3,MAX,Concentration3,ug/L,.0002,mg/L,,ug/L,,11/30/2022
PR0023710,001,34621,"2,4,6-Trichlorophenol",0.2,C3,MAX,Concentration3,ug/L,.0002,mg/L,,ug/L,,11/30/2023
PR0023710,001,34621,"2,4,6-Trichlorophenol",2,C3,MAX,Concentration3,ug/L,.002,mg/L,,ug/L,,11/30/2024
PR0023710,001,34621,"2,4,6-Trichlorophenol",0.2,C3,MAX,Concentration3,ug/L,.0002,mg/L,,ug/L,,11/30/2025
PR0023710,001,38260,Surfactants [MBAS],2070,C3,MAX,Concentration3,ug/L,2.0700001,mg/L,7969,ug/L,,01/31/2020
PR0023710,001,38260,Surfactants [MBAS],1930,C3,MAX,Concentration3,ug/L,1.93000009,mg/L,7969,ug/L,,02/29/2020
PR0023710,001,38260,Surfactants [MBAS],636,C3,MAX,Concentration3,ug/L,.63600003,mg/L,7969,ug/L,,03/31/2020
PR0023710,001,38260,Surfactants [MBAS],2120,C3,MAX,Concentration3,ug/L,2.1200001,mg/L,7969,ug/L,,04/30/2020
PR0023710,001,38260,Surfactants [MBAS],1950,C3,MAX,Concentration3,ug/L,1.95000009,mg/L,7969,ug/L,,05/31/2020
PR0023710,001,38260,Surfactants [MBAS],2060,C3,MAX,Concentration3,ug/L,2.0600001,mg/L,7969,ug/L,,06/30/2020
PR0023710,001,38260,Surfactants [MBAS],1910,C3,MAX,Concentration3,ug/L,1.91000009,mg/L,7969,ug/L,,07/31/2020
PR0023710,001,38260,Surfactants [MBAS],1550,C3,MAX,Concentration3,ug/L,1.55000007,mg/L,7969,ug/L,,08/31/2020
PR0023710,001,38260,Surfactants [MBAS],1280,C3,MAX,Concentration3,ug/L,1.28000006,mg/L,7969,ug/L,,09/30/2020
PR0023710,001,38260,Surfactants [MBAS],81,C3,MAX,Concentration3,ug/L,.081,mg/L,7969,ug/L,,10/31/2020
PR0023710,001,38260,Surfactants [MBAS],118,C3,MAX,Concentration3,ug/L,.11800001,mg/L,7969,ug/L,,11/30/2020
PR0023710,001,38260,Surfactants [MBAS],1240,C3,MAX,Concentration3,ug/L,1.24000006,mg/L,7969,ug/L,,12/31/2020
PR0023710,001,38260,Surfactants [MBAS],275,C3,MAX,Concentration3,ug/L,.27500001,mg/L,7969,ug/L,,01/31/2021
PR0023710,001,38260,Surfactants [MBAS],934,C3,MAX,Concentration3,ug/L,.93400004,mg/L,7969,ug/L,,02/28/2021
PR0023710,001,38260,Surfactants [MBAS],1450,C3,MAX,Concentration3,ug/L,1.45000007,mg/L,7969,ug/L,,03/31/2021
PR0023710,001,38260,Surfactants [MBAS],2180,C3,MAX,Concentration3,ug/L,2.1800001,mg/L,7969,ug/L,,04/30/2021
PR0023710,001,38260,Surfactants [MBAS],1040,C3,MAX,Concentration3,ug/L,1.04000005,mg/L,7969,ug/L,,05/31/2021
PR0023710,001,38260,Surfactants [MBAS],1260,C3,MAX,Concentration3,ug/L,1.26000006,mg/L,7969,ug/L,,06/30/2021
PR0023710,001,38260,Surfactants [MBAS],998,C3,MAX,Concentration3,ug/L,.99800005,mg/L,7969,ug/L,,07/31/2021
PR0023710,001,38260,Surfactants [MBAS],657,C3,MAX,Concentration3,ug/L,.65700003,mg/L,7969,ug/L,,08/31/2021
PR0023710,001,38260,Surfactants [MBAS],1400,C3,MAX,Concentration3,ug/L,1.40000007,mg/L,7969,ug/L,,09/30/2021
PR0023710,001,38260,Surfactants [MBAS],2420,C3,MAX,Concentration3,ug/L,2.42000011,mg/L,7969,ug/L,,10/31/2021
PR0023710,001,38260,Surfactants [MBAS],1020,C3,MAX,Concentration3,ug/L,1.02000005,mg/L,7969,ug/L,,11/30/2021
PR0023710,001,38260,Surfactants [MBAS],1440,C3,MAX,Concentration3,ug/L,1.44000007,mg/L,7969,ug/L,,12/31/2021
PR0023710,001,38260,Surfactants [MBAS],2420,C3,MAX,Concentration3,ug/L,2.42000011,mg/L,7969,ug/L,,01/31/2022
PR0023710,001,38260,Surfactants [MBAS],1250,C3,MAX,Concentration3,ug/L,1.25000006,mg/L,7969,ug/L,,02/28/2022
PR0023710,001,38260,Surfactants [MBAS],3210,C3,MAX,Concentration3,ug/L,3.21000015,mg/L,7969,ug/L,,03/31/2022
PR0023710,001,38260,Surfactants [MBAS],4290,C3,MAX,Concentration3,ug/L,4.2900002,mg/L,7969,ug/L,,04/30/2022
PR0023710,001,38260,Surfactants [MBAS],1010,C3,MAX,Concentration3,ug/L,1.01000005,mg/L,7969,ug/L,,05/31/2022
PR0023710,001,38260,Surfactants [MBAS],5040,C3,MAX,Concentration3,ug/L,5.04000024,mg/L,7969,ug/L,,06/30/2022
PR0023710,001,38260,Surfactants [MBAS],1130,C3,MAX,Concentration3,ug/L,1.13000005,mg/L,7969,ug/L,,07/31/2022
PR0023710,001,38260,Surfactants [MBAS],1980,C3,MAX,Concentration3,ug/L,1.98000009,mg/L,7969,ug/L,,08/31/2022
PR0023710,001,38260,Surfactants [MBAS],1000,C3,MAX,Concentration3,ug/L,1.00000005,mg/L,7969,ug/L,,09/30/2022
PR0023710,001,38260,Surfactants [MBAS],1890,C3,MAX,Concentration3,ug/L,1.89000009,mg/L,7969,ug/L,,10/31/2022
PR0023710,001,38260,Surfactants [MBAS],106,C3,MAX,Concentration3,ug/L,.10600001,mg/L,7969,ug/L,,11/30/2022
PR0023710,001,38260,Surfactants [MBAS],1710,C3,MAX,Concentration3,ug/L,1.71000008,mg/L,7969,ug/L,,12/31/2022
PR0023710,001,38260,Surfactants [MBAS],2080,C3,MAX,Concentration3,ug/L,2.0800001,mg/L,7969,ug/L,,01/31/2023
PR0023710,001,38260,Surfactants [MBAS],568,C3,MAX,Concentration3,ug/L,.56800003,mg/L,7969,ug/L,,02/28/2023
PR0023710,001,38260,Surfactants [MBAS],2320,C3,MAX,Concentration3,ug/L,2.32000011,mg/L,7969,ug/L,,03/31/2023
PR0023710,001,38260,Surfactants [MBAS],1180,C3,MAX,Concentration3,ug/L,1.18000006,mg/L,7969,ug/L,,04/30/2023
PR0023710,001,38260,Surfactants [MBAS],1340,C3,MAX,Concentration3,ug/L,1.34000006,mg/L,7969,ug/L,,05/31/2023
PR0023710,001,38260,Surfactants [MBAS],1180,C3,MAX,Concentration3,ug/L,1.18000006,mg/L,7969,ug/L,,06/30/2023
PR0023710,001,38260,Surfactants [MBAS],1610,C3,MAX,Concentration3,ug/L,1.61000008,mg/L,7969,ug/L,,07/31/2023
PR0023710,001,38260,Surfactants [MBAS],1380,C3,MAX,Concentration3,ug/L,1.38000007,mg/L,7969,ug/L,,08/31/2023
PR0023710,001,38260,Surfactants [MBAS],1280,C3,MAX,Concentration3,ug/L,1.28000006,mg/L,7969,ug/L,,09/30/2023
PR0023710,001,38260,Surfactants [MBAS],2320,C3,MAX,Concentration3,ug/L,2.32000011,mg/L,7969,ug/L,,10/31/2023
PR0023710,001,38260,Surfactants [MBAS],927,C3,MAX,Concentration3,ug/L,.92700004,mg/L,7969,ug/L,,11/30/2023
PR0023710,001,38260,Surfactants [MBAS],1670,C3,MAX,Concentration3,ug/L,1.67000008,mg/L,7969,ug/L,,12/31/2023
PR0023710,001,38260,Surfactants [MBAS],1140,C3,MAX,Concentration3,ug/L,1.14000005,mg/L,7969,ug/L,,01/31/2024
PR0023710,001,38260,Surfactants [MBAS],1380,C3,MAX,Concentration3,ug/L,1.38000007,mg/L,7969,ug/L,,02/29/2024
PR0023710,001,38260,Surfactants [MBAS],1360,C3,MAX,Concentration3,ug/L,1.36000006,mg/L,7969,ug/L,,03/31/2024
PR0023710,001,38260,Surfactants [MBAS],1700,C3,MAX,Concentration3,ug/L,1.70000008,mg/L,7969,ug/L,,04/30/2024
PR0023710,001,38260,Surfactants [MBAS],1510,C3,MAX,Concentration3,ug/L,1.51000007,mg/L,7969,ug/L,,05/31/2024
PR0023710,001,38260,Surfactants [MBAS],1680,C3,MAX,Concentration3,ug/L,1.68000008,mg/L,7969,ug/L,,06/30/2024
PR0023710,001,38260,Surfactants [MBAS],1870,C3,MAX,Concentration3,ug/L,1.87000009,mg/L,7969,ug/L,,07/31/2024
PR0023710,001,38260,Surfactants [MBAS],1810,C3,MAX,Concentration3,ug/L,1.81000009,mg/L,7969,ug/L,,08/31/2024
PR0023710,001,38260,Surfactants [MBAS],1290,C3,MAX,Concentration3,ug/L,1.29000006,mg/L,7969,ug/L,,09/30/2024
PR0023710,001,38260,Surfactants [MBAS],1000,C3,MAX,Concentration3,ug/L,1.00000005,mg/L,7969,ug/L,,10/31/2024
PR0023710,001,38260,Surfactants [MBAS],1940,C3,MAX,Concentration3,ug/L,1.94000009,mg/L,7969,ug/L,,11/30/2024
PR0023710,001,38260,Surfactants [MBAS],1130,C3,MAX,Concentration3,ug/L,1.13000005,mg/L,7969,ug/L,,12/31/2024
PR0023710,001,38260,Surfactants [MBAS],1100,C3,MAX,Concentration3,ug/L,1.10000005,mg/L,7969,ug/L,,01/31/2025
PR0023710,001,38260,Surfactants [MBAS],2000,C3,MAX,Concentration3,ug/L,2.00000009,mg/L,7969,ug/L,,02/28/2025
PR0023710,001,38260,Surfactants [MBAS],1080,C3,MAX,Concentration3,ug/L,1.08000005,mg/L,7969,ug/L,,03/31/2025
PR0023710,001,38260,Surfactants [MBAS],1120,C3,MAX,Concentration3,ug/L,1.12000005,mg/L,7969,ug/L,,04/30/2025
PR0023710,001,38260,Surfactants [MBAS],2310,C3,MAX,Concentration3,ug/L,2.31000011,mg/L,7969,ug/L,,05/31/2025
PR0023710,001,38260,Surfactants [MBAS],1260,C3,MAX,Concentration3,ug/L,1.26000006,mg/L,7969,ug/L,,06/30/2025
PR0023710,001,38260,Surfactants [MBAS],1490,C3,MAX,Concentration3,ug/L,1.49000007,mg/L,7969,ug/L,,07/31/2025
PR0023710,001,38260,Surfactants [MBAS],1120,C3,MAX,Concentration3,ug/L,1.12000005,mg/L,7969,ug/L,,08/31/2025
PR0023710,001,38260,Surfactants [MBAS],1780,C3,MAX,Concentration3,ug/L,1.78000008,mg/L,7969,ug/L,,09/30/2025
PR0023710,001,38260,Surfactants [MBAS],939,C3,MAX,Concentration3,ug/L,.93900004,mg/L,7969,ug/L,,10/31/2025
PR0023710,001,38260,Surfactants [MBAS],1770,C3,MAX,Concentration3,ug/L,1.77000008,mg/L,7969,ug/L,,11/30/2025
PR0023710,001,38260,Surfactants [MBAS],1080,C3,MAX,Concentration3,ug/L,1.08000005,mg/L,7969,ug/L,,12/31/2025
PR0023710,001,38260,Surfactants [MBAS],2850,C3,MAX,Concentration3,ug/L,2.85000014,mg/L,7969,ug/L,,01/31/2026
PR0023710,001,39032,Pentachlorophenol,1.1,C3,MAX,Concentration3,ug/L,.0011,mg/L,,ug/L,,11/30/2020
PR0023710,001,39032,Pentachlorophenol,1.1,C3,MAX,Concentration3,ug/L,.0011,mg/L,,ug/L,,11/30/2021
PR0023710,001,39032,Pentachlorophenol,1.1,C3,MAX,Concentration3,ug/L,.0011,mg/L,,ug/L,,11/30/2022
PR0023710,001,39032,Pentachlorophenol,1.1,C3,MAX,Concentration3,ug/L,.0011,mg/L,,ug/L,,11/30/2023
PR0023710,001,39032,Pentachlorophenol,11,C3,MAX,Concentration3,ug/L,.011,mg/L,,ug/L,,11/30/2024
PR0023710,001,39032,Pentachlorophenol,1.1,C3,MAX,Concentration3,ug/L,.0011,mg/L,,ug/L,,11/30/2025
PR0023710,001,50050,"Flow, in conduit or thru treatment plant",5.84,Q1,AVG,Quantity1,MGD,5.84,MGD,,MGD,,01/31/2020
PR0023710,001,50050,"Flow, in conduit or thru treatment plant",7,Q2,MAX,Quantity2,MGD,7,MGD,,MGD,,01/31/2020
PR0023710,001,50050,"Flow, in conduit or thru treatment plant",9,Q2,MAX,Quantity2,MGD,9,MGD,,MGD,,02/29/2020
PR0023710,001,50050,"Flow, in conduit or thru treatment plant",5.93,Q1,AVG,Quantity1,MGD,5.93,MGD,,MGD,,02/29/2020
PR0023710,001,50050,"Flow, in conduit or thru treatment plant",12.2,Q2,MAX,Quantity2,MGD,12.2,MGD,,MGD,,03/31/2020
PR0023710,001,50050,"Flow, in conduit or thru treatment plant",6.07,Q1,AVG,Quantity1,MGD,6.07,MGD,,MGD,,03/31/2020
PR0023710,001,50050,"Flow, in conduit or thru treatment plant",5.53,Q1,AVG,Quantity1,MGD,5.53,MGD,,MGD,,04/30/2020
PR0023710,001,50050,"Flow, in conduit or thru treatment plant",10.23,Q2,MAX,Quantity2,MGD,10.23,MGD,,MGD,,04/30/2020
PR0023710,001,50050,"Flow, in conduit or thru treatment plant",7.2,Q2,MAX,Quantity2,MGD,7.2,MGD,,MGD,,05/31/2020
PR0023710,001,50050,"Flow, in conduit or thru treatment plant",4.84,Q1,AVG,Quantity1,MGD,4.84,MGD,,MGD,,05/31/2020
PR0023710,001,50050,"Flow, in conduit or thru treatment plant",4.9,Q1,AVG,Quantity1,MGD,4.9,MGD,,MGD,,06/30/2020
PR0023710,001,50050,"Flow, in conduit or thru treatment plant",6.6,Q2,MAX,Quantity2,MGD,6.6,MGD,,MGD,,06/30/2020
PR0023710,001,50050,"Flow, in conduit or thru treatment plant",6,Q1,AVG,Quantity1,MGD,6,MGD,,MGD,,07/31/2020
PR0023710,001,50050,"Flow, in conduit or thru treatment plant",13.5,Q2,MAX,Quantity2,MGD,13.5,MGD,,MGD,,07/31/2020
PR0023710,001,50050,"Flow, in conduit or thru treatment plant",5.3,Q1,AVG,Quantity1,MGD,5.3,MGD,,MGD,,08/31/2020
PR0023710,001,50050,"Flow, in conduit or thru treatment plant",7.7,Q2,MAX,Quantity2,MGD,7.7,MGD,,MGD,,08/31/2020
PR0023710,001,50050,"Flow, in conduit or thru treatment plant",9.4,Q2,MAX,Quantity2,MGD,9.4,MGD,,MGD,,09/30/2020
PR0023710,001,50050,"Flow, in conduit or thru treatment plant",5.45,Q1,AVG,Quantity1,MGD,5.45,MGD,,MGD,,09/30/2020
PR0023710,001,50050,"Flow, in conduit or thru treatment plant",10,Q2,MAX,Quantity2,MGD,10,MGD,,MGD,,10/31/2020
PR0023710,001,50050,"Flow, in conduit or thru treatment plant",5.72,Q1,AVG,Quantity1,MGD,5.72,MGD,,MGD,,10/31/2020
PR0023710,001,50050,"Flow, in conduit or thru treatment plant",7,Q2,MAX,Quantity2,MGD,7,MGD,,MGD,,11/30/2020
PR0023710,001,50050,"Flow, in conduit or thru treatment plant",5.7,Q1,AVG,Quantity1,MGD,5.7,MGD,,MGD,,11/30/2020
PR0023710,001,50050,"Flow, in conduit or thru treatment plant",7.9,Q2,MAX,Quantity2,MGD,7.9,MGD,,MGD,,12/31/2020
PR0023710,001,50050,"Flow, in conduit or thru treatment plant",5.21,Q1,AVG,Quantity1,MGD,5.21,MGD,,MGD,,12/31/2020
PR0023710,001,50050,"Flow, in conduit or thru treatment plant",5.67,Q1,AVG,Quantity1,MGD,5.67,MGD,,MGD,,01/31/2021
PR0023710,001,50050,"Flow, in conduit or thru treatment plant",10.02,Q2,MAX,Quantity2,MGD,10.02,MGD,,MGD,,01/31/2021
PR0023710,001,50050,"Flow, in conduit or thru treatment plant",6.2,Q2,MAX,Quantity2,MGD,6.2,MGD,,MGD,,02/28/2021
PR0023710,001,50050,"Flow, in conduit or thru treatment plant",5.3,Q1,AVG,Quantity1,MGD,5.3,MGD,,MGD,,02/28/2021
PR0023710,001,50050,"Flow, in conduit or thru treatment plant",5.2,Q1,AVG,Quantity1,MGD,5.2,MGD,,MGD,,03/31/2021
PR0023710,001,50050,"Flow, in conduit or thru treatment plant",6.9,Q2,MAX,Quantity2,MGD,6.9,MGD,,MGD,,03/31/2021
PR0023710,001,50050,"Flow, in conduit or thru treatment plant",6.8,Q2,MAX,Quantity2,MGD,6.8,MGD,,MGD,,04/30/2021
PR0023710,001,50050,"Flow, in conduit or thru treatment plant",5.05,Q1,AVG,Quantity1,MGD,5.05,MGD,,MGD,,04/30/2021
PR0023710,001,50050,"Flow, in conduit or thru treatment plant",5.02,Q1,AVG,Quantity1,MGD,5.02,MGD,,MGD,,05/31/2021
PR0023710,001,50050,"Flow, in conduit or thru treatment plant",5.9,Q2,MAX,Quantity2,MGD,5.9,MGD,,MGD,,05/31/2021
PR0023710,001,50050,"Flow, in conduit or thru treatment plant",8.4,Q2,MAX,Quantity2,MGD,8.4,MGD,,MGD,,06/30/2021
PR0023710,001,50050,"Flow, in conduit or thru treatment plant",5.36,Q1,AVG,Quantity1,MGD,5.36,MGD,,MGD,,06/30/2021
PR0023710,001,50050,"Flow, in conduit or thru treatment plant",6.5,Q2,MAX,Quantity2,MGD,6.5,MGD,,MGD,,07/31/2021
PR0023710,001,50050,"Flow, in conduit or thru treatment plant",4.99,Q1,AVG,Quantity1,MGD,4.99,MGD,,MGD,,07/31/2021
PR0023710,001,50050,"Flow, in conduit or thru treatment plant",8.2,Q2,MAX,Quantity2,MGD,8.2,MGD,,MGD,,08/31/2021
PR0023710,001,50050,"Flow, in conduit or thru treatment plant",5.36,Q1,AVG,Quantity1,MGD,5.36,MGD,,MGD,,08/31/2021
PR0023710,001,50050,"Flow, in conduit or thru treatment plant",4.98,Q1,AVG,Quantity1,MGD,4.98,MGD,,MGD,,09/30/2021
PR0023710,001,50050,"Flow, in conduit or thru treatment plant",8.1,Q2,MAX,Quantity2,MGD,8.1,MGD,,MGD,,09/30/2021
PR0023710,001,50050,"Flow, in conduit or thru treatment plant",6.23,Q1,AVG,Quantity1,MGD,6.23,MGD,,MGD,,10/31/2021
PR0023710,001,50050,"Flow, in conduit or thru treatment plant",9,Q2,MAX,Quantity2,MGD,9,MGD,,MGD,,10/31/2021
PR0023710,001,50050,"Flow, in conduit or thru treatment plant",5.67,Q1,AVG,Quantity1,MGD,5.67,MGD,,MGD,,11/30/2021
PR0023710,001,50050,"Flow, in conduit or thru treatment plant",7,Q2,MAX,Quantity2,MGD,7,MGD,,MGD,,11/30/2021
PR0023710,001,50050,"Flow, in conduit or thru treatment plant",7,Q2,MAX,Quantity2,MGD,7,MGD,,MGD,,12/31/2021
PR0023710,001,50050,"Flow, in conduit or thru treatment plant",5.9,Q1,AVG,Quantity1,MGD,5.9,MGD,,MGD,,12/31/2021
PR0023710,001,50050,"Flow, in conduit or thru treatment plant",6,Q2,MAX,Quantity2,MGD,6,MGD,,MGD,,01/31/2022
PR0023710,001,50050,"Flow, in conduit or thru treatment plant",5.23,Q1,AVG,Quantity1,MGD,5.23,MGD,,MGD,,01/31/2022
PR0023710,001,50050,"Flow, in conduit or thru treatment plant",7,Q2,MAX,Quantity2,MGD,7,MGD,,MGD,,02/28/2022
PR0023710,001,50050,"Flow, in conduit or thru treatment plant",5.16,Q1,AVG,Quantity1,MGD,5.16,MGD,,MGD,,02/28/2022
PR0023710,001,50050,"Flow, in conduit or thru treatment plant",5.71,Q1,AVG,Quantity1,MGD,5.71,MGD,,MGD,,03/31/2022
PR0023710,001,50050,"Flow, in conduit or thru treatment plant",7,Q2,MAX,Quantity2,MGD,7,MGD,,MGD,,03/31/2022
PR0023710,001,50050,"Flow, in conduit or thru treatment plant",6,Q2,MAX,Quantity2,MGD,6,MGD,,MGD,,04/30/2022
PR0023710,001,50050,"Flow, in conduit or thru treatment plant",5.42,Q1,AVG,Quantity1,MGD,5.42,MGD,,MGD,,04/30/2022
PR0023710,001,50050,"Flow, in conduit or thru treatment plant",4.68,Q1,AVG,Quantity1,MGD,4.68,MGD,,MGD,,05/31/2022
PR0023710,001,50050,"Flow, in conduit or thru treatment plant",7.7,Q2,MAX,Quantity2,MGD,7.7,MGD,,MGD,,05/31/2022
PR0023710,001,50050,"Flow, in conduit or thru treatment plant",11.3,Q2,MAX,Quantity2,MGD,11.3,MGD,,MGD,,06/30/2022
PR0023710,001,50050,"Flow, in conduit or thru treatment plant",5.3,Q1,AVG,Quantity1,MGD,5.3,MGD,,MGD,,06/30/2022
PR0023710,001,50050,"Flow, in conduit or thru treatment plant",5.18,Q1,AVG,Quantity1,MGD,5.18,MGD,,MGD,,07/31/2022
PR0023710,001,50050,"Flow, in conduit or thru treatment plant",8.9,Q2,MAX,Quantity2,MGD,8.9,MGD,,MGD,,07/31/2022
PR0023710,001,50050,"Flow, in conduit or thru treatment plant",4.98,Q1,AVG,Quantity1,MGD,4.98,MGD,,MGD,,08/31/2022
PR0023710,001,50050,"Flow, in conduit or thru treatment plant",6.9,Q2,MAX,Quantity2,MGD,6.9,MGD,,MGD,,08/31/2022
PR0023710,001,50050,"Flow, in conduit or thru treatment plant",11.2,Q2,MAX,Quantity2,MGD,11.2,MGD,,MGD,,09/30/2022
PR0023710,001,50050,"Flow, in conduit or thru treatment plant",6.05,Q1,AVG,Quantity1,MGD,6.05,MGD,,MGD,,09/30/2022
PR0023710,001,50050,"Flow, in conduit or thru treatment plant",8.1,Q2,MAX,Quantity2,MGD,8.1,MGD,,MGD,,10/31/2022
PR0023710,001,50050,"Flow, in conduit or thru treatment plant",5.18,Q1,AVG,Quantity1,MGD,5.18,MGD,,MGD,,10/31/2022
PR0023710,001,50050,"Flow, in conduit or thru treatment plant",5.67,Q1,AVG,Quantity1,MGD,5.67,MGD,,MGD,,11/30/2022
PR0023710,001,50050,"Flow, in conduit or thru treatment plant",8.5,Q2,MAX,Quantity2,MGD,8.5,MGD,,MGD,,11/30/2022
PR0023710,001,50050,"Flow, in conduit or thru treatment plant",5.95,Q1,AVG,Quantity1,MGD,5.95,MGD,,MGD,,12/31/2022
PR0023710,001,50050,"Flow, in conduit or thru treatment plant",8,Q2,MAX,Quantity2,MGD,8,MGD,,MGD,,12/31/2022
PR0023710,001,50050,"Flow, in conduit or thru treatment plant",8.1,Q2,MAX,Quantity2,MGD,8.1,MGD,,MGD,,01/31/2023
PR0023710,001,50050,"Flow, in conduit or thru treatment plant",6.68,Q1,AVG,Quantity1,MGD,6.68,MGD,,MGD,,01/31/2023
PR0023710,001,50050,"Flow, in conduit or thru treatment plant",8.2,Q2,MAX,Quantity2,MGD,8.2,MGD,,MGD,,02/28/2023
PR0023710,001,50050,"Flow, in conduit or thru treatment plant",5.42,Q1,AVG,Quantity1,MGD,5.42,MGD,,MGD,,02/28/2023
PR0023710,001,50050,"Flow, in conduit or thru treatment plant",4.64,Q1,AVG,Quantity1,MGD,4.64,MGD,,MGD,,03/31/2023
PR0023710,001,50050,"Flow, in conduit or thru treatment plant",5.8,Q2,MAX,Quantity2,MGD,5.8,MGD,,MGD,,03/31/2023
PR0023710,001,50050,"Flow, in conduit or thru treatment plant",6.2,Q2,MAX,Quantity2,MGD,6.2,MGD,,MGD,,04/30/2023
PR0023710,001,50050,"Flow, in conduit or thru treatment plant",5.14,Q1,AVG,Quantity1,MGD,5.14,MGD,,MGD,,04/30/2023
PR0023710,001,50050,"Flow, in conduit or thru treatment plant",5.17,Q1,AVG,Quantity1,MGD,5.17,MGD,,MGD,,05/31/2023
PR0023710,001,50050,"Flow, in conduit or thru treatment plant",6.6,Q2,MAX,Quantity2,MGD,6.6,MGD,,MGD,,05/31/2023
PR0023710,001,50050,"Flow, in conduit or thru treatment plant",5.23,Q1,AVG,Quantity1,MGD,5.23,MGD,,MGD,,06/30/2023
PR0023710,001,50050,"Flow, in conduit or thru treatment plant",7.5,Q2,MAX,Quantity2,MGD,7.5,MGD,,MGD,,06/30/2023
PR0023710,001,50050,"Flow, in conduit or thru treatment plant",5.8,Q2,MAX,Quantity2,MGD,5.8,MGD,,MGD,,07/31/2023
PR0023710,001,50050,"Flow, in conduit or thru treatment plant",5.31,Q1,AVG,Quantity1,MGD,5.31,MGD,,MGD,,07/31/2023
PR0023710,001,50050,"Flow, in conduit or thru treatment plant",6.26,Q1,AVG,Quantity1,MGD,6.26,MGD,,MGD,,08/31/2023
PR0023710,001,50050,"Flow, in conduit or thru treatment plant",12.4,Q2,MAX,Quantity2,MGD,12.4,MGD,,MGD,,08/31/2023
PR0023710,001,50050,"Flow, in conduit or thru treatment plant",5.14,Q1,AVG,Quantity1,MGD,5.14,MGD,,MGD,,09/30/2023
PR0023710,001,50050,"Flow, in conduit or thru treatment plant",6.6,Q2,MAX,Quantity2,MGD,6.6,MGD,,MGD,,09/30/2023
PR0023710,001,50050,"Flow, in conduit or thru treatment plant",10.5,Q2,MAX,Quantity2,MGD,10.5,MGD,,MGD,,10/31/2023
PR0023710,001,50050,"Flow, in conduit or thru treatment plant",6.04,Q1,AVG,Quantity1,MGD,6.04,MGD,,MGD,,10/31/2023
PR0023710,001,50050,"Flow, in conduit or thru treatment plant",7,Q2,MAX,Quantity2,MGD,7,MGD,,MGD,,11/30/2023
PR0023710,001,50050,"Flow, in conduit or thru treatment plant",5.6,Q1,AVG,Quantity1,MGD,5.6,MGD,,MGD,,11/30/2023
PR0023710,001,50050,"Flow, in conduit or thru treatment plant",5.94,Q1,AVG,Quantity1,MGD,5.94,MGD,,MGD,,12/31/2023
PR0023710,001,50050,"Flow, in conduit or thru treatment plant",7,Q2,MAX,Quantity2,MGD,7,MGD,,MGD,,12/31/2023
PR0023710,001,50050,"Flow, in conduit or thru treatment plant",6.06,Q1,AVG,Quantity1,MGD,6.06,MGD,,MGD,,01/31/2024
PR0023710,001,50050,"Flow, in conduit or thru treatment plant",8,Q2,MAX,Quantity2,MGD,8,MGD,,MGD,,01/31/2024
PR0023710,001,50050,"Flow, in conduit or thru treatment plant",11,Q2,MAX,Quantity2,MGD,11,MGD,,MGD,,02/29/2024
PR0023710,001,50050,"Flow, in conduit or thru treatment plant",6.97,Q1,AVG,Quantity1,MGD,6.97,MGD,,MGD,,02/29/2024
PR0023710,001,50050,"Flow, in conduit or thru treatment plant",7.39,Q1,AVG,Quantity1,MGD,7.39,MGD,,MGD,,03/31/2024
PR0023710,001,50050,"Flow, in conduit or thru treatment plant",10,Q2,MAX,Quantity2,MGD,10,MGD,,MGD,,03/31/2024
PR0023710,001,50050,"Flow, in conduit or thru treatment plant",6.67,Q1,AVG,Quantity1,MGD,6.67,MGD,,MGD,,04/30/2024
PR0023710,001,50050,"Flow, in conduit or thru treatment plant",10.6,Q2,MAX,Quantity2,MGD,10.6,MGD,,MGD,,04/30/2024
PR0023710,001,50050,"Flow, in conduit or thru treatment plant",6.43,Q1,AVG,Quantity1,MGD,6.43,MGD,,MGD,,05/31/2024
PR0023710,001,50050,"Flow, in conduit or thru treatment plant",8.2,Q2,MAX,Quantity2,MGD,8.2,MGD,,MGD,,05/31/2024
PR0023710,001,50050,"Flow, in conduit or thru treatment plant",9.6,Q2,MAX,Quantity2,MGD,9.6,MGD,,MGD,,06/30/2024
PR0023710,001,50050,"Flow, in conduit or thru treatment plant",7.14,Q1,AVG,Quantity1,MGD,7.14,MGD,,MGD,,06/30/2024
PR0023710,001,50050,"Flow, in conduit or thru treatment plant",6.19,Q1,AVG,Quantity1,MGD,6.19,MGD,,MGD,,07/31/2024
PR0023710,001,50050,"Flow, in conduit or thru treatment plant",9.4,Q2,MAX,Quantity2,MGD,9.4,MGD,,MGD,,07/31/2024
PR0023710,001,50050,"Flow, in conduit or thru treatment plant",9.5,Q2,MAX,Quantity2,MGD,9.5,MGD,,MGD,,08/31/2024
PR0023710,001,50050,"Flow, in conduit or thru treatment plant",6.95,Q1,AVG,Quantity1,MGD,6.95,MGD,,MGD,,08/31/2024
PR0023710,001,50050,"Flow, in conduit or thru treatment plant",9.1,Q2,MAX,Quantity2,MGD,9.1,MGD,,MGD,,09/30/2024
PR0023710,001,50050,"Flow, in conduit or thru treatment plant",7.91,Q1,AVG,Quantity1,MGD,7.91,MGD,,MGD,,09/30/2024
PR0023710,001,50050,"Flow, in conduit or thru treatment plant",7.07,Q1,AVG,Quantity1,MGD,7.07,MGD,,MGD,,10/31/2024
PR0023710,001,50050,"Flow, in conduit or thru treatment plant",10,Q2,MAX,Quantity2,MGD,10,MGD,,MGD,,10/31/2024
PR0023710,001,50050,"Flow, in conduit or thru treatment plant",6.98,Q1,AVG,Quantity1,MGD,6.98,MGD,,MGD,,11/30/2024
PR0023710,001,50050,"Flow, in conduit or thru treatment plant",8.5,Q2,MAX,Quantity2,MGD,8.5,MGD,,MGD,,11/30/2024
PR0023710,001,50050,"Flow, in conduit or thru treatment plant",6.29,Q1,AVG,Quantity1,MGD,6.29,MGD,,MGD,,12/31/2024
PR0023710,001,50050,"Flow, in conduit or thru treatment plant",9.5,Q2,MAX,Quantity2,MGD,9.5,MGD,,MGD,,12/31/2024
PR0023710,001,50050,"Flow, in conduit or thru treatment plant",7.06,Q1,AVG,Quantity1,MGD,7.06,MGD,,MGD,,01/31/2025
PR0023710,001,50050,"Flow, in conduit or thru treatment plant",10.9,Q2,MAX,Quantity2,MGD,10.9,MGD,,MGD,,01/31/2025
PR0023710,001,50050,"Flow, in conduit or thru treatment plant",8.91,Q1,AVG,Quantity1,MGD,8.91,MGD,,MGD,,02/28/2025
PR0023710,001,50050,"Flow, in conduit or thru treatment plant",17.1,Q2,MAX,Quantity2,MGD,17.1,MGD,,MGD,,02/28/2025
PR0023710,001,50050,"Flow, in conduit or thru treatment plant",6.75,Q1,AVG,Quantity1,MGD,6.75,MGD,,MGD,,03/31/2025
PR0023710,001,50050,"Flow, in conduit or thru treatment plant",7.9,Q2,MAX,Quantity2,MGD,7.9,MGD,,MGD,,03/31/2025
PR0023710,001,50050,"Flow, in conduit or thru treatment plant",7.89,Q1,AVG,Quantity1,MGD,7.89,MGD,,MGD,,04/30/2025
PR0023710,001,50050,"Flow, in conduit or thru treatment plant",15.2,Q2,MAX,Quantity2,MGD,15.2,MGD,,MGD,,04/30/2025
PR0023710,001,50050,"Flow, in conduit or thru treatment plant",9.9,Q2,MAX,Quantity2,MGD,9.9,MGD,,MGD,,05/31/2025
PR0023710,001,50050,"Flow, in conduit or thru treatment plant",6.46,Q1,AVG,Quantity1,MGD,6.46,MGD,,MGD,,05/31/2025
PR0023710,001,50050,"Flow, in conduit or thru treatment plant",6.1,Q2,MAX,Quantity2,MGD,6.1,MGD,,MGD,,06/30/2025
PR0023710,001,50050,"Flow, in conduit or thru treatment plant",5.01,Q1,AVG,Quantity1,MGD,5.01,MGD,,MGD,,06/30/2025
PR0023710,001,50050,"Flow, in conduit or thru treatment plant",9.3,Q2,MAX,Quantity2,MGD,9.3,MGD,,MGD,,07/31/2025
PR0023710,001,50050,"Flow, in conduit or thru treatment plant",5.87,Q1,AVG,Quantity1,MGD,5.87,MGD,,MGD,,07/31/2025
PR0023710,001,50050,"Flow, in conduit or thru treatment plant",10.4,Q2,MAX,Quantity2,MGD,10.4,MGD,,MGD,,08/31/2025
PR0023710,001,50050,"Flow, in conduit or thru treatment plant",6.09,Q1,AVG,Quantity1,MGD,6.09,MGD,,MGD,,08/31/2025
PR0023710,001,50050,"Flow, in conduit or thru treatment plant",6.3,Q2,MAX,Quantity2,MGD,6.3,MGD,,MGD,,09/30/2025
PR0023710,001,50050,"Flow, in conduit or thru treatment plant",5,Q1,AVG,Quantity1,MGD,5,MGD,,MGD,,09/30/2025
PR0023710,001,50050,"Flow, in conduit or thru treatment plant",7.9,Q2,MAX,Quantity2,MGD,7.9,MGD,,MGD,,10/31/2025
PR0023710,001,50050,"Flow, in conduit or thru treatment plant",5.67,Q1,AVG,Quantity1,MGD,5.67,MGD,,MGD,,10/31/2025
PR0023710,001,50050,"Flow, in conduit or thru treatment plant",10.8,Q2,MAX,Quantity2,MGD,10.8,MGD,,MGD,,11/30/2025
PR0023710,001,50050,"Flow, in conduit or thru treatment plant",5.55,Q1,AVG,Quantity1,MGD,5.55,MGD,,MGD,,11/30/2025
PR0023710,001,50050,"Flow, in conduit or thru treatment plant",5.4,Q2,MAX,Quantity2,MGD,5.4,MGD,,MGD,,12/31/2025
PR0023710,001,50050,"Flow, in conduit or thru treatment plant",4.15,Q1,AVG,Quantity1,MGD,4.15,MGD,,MGD,,12/31/2025
PR0023710,001,50050,"Flow, in conduit or thru treatment plant",5.7,Q2,MAX,Quantity2,MGD,5.7,MGD,,MGD,,01/31/2026
PR0023710,001,50050,"Flow, in conduit or thru treatment plant",4.32,Q1,AVG,Quantity1,MGD,4.32,MGD,,MGD,,01/31/2026
PR0023710,001,50060,"Chlorine, total residual",NA,C3,MAX,Concentration3,,,mg/L,50,ug/L,B,01/31/2020
PR0023710,001,50060,"Chlorine, total residual",0,C3,MAX,Concentration3,ug/L,0,mg/L,50,ug/L,,02/29/2020
PR0023710,001,50060,"Chlorine, total residual",NA,C3,MAX,Concentration3,,,mg/L,50,ug/L,B,03/31/2020
PR0023710,001,50060,"Chlorine, total residual",NA,C3,MAX,Concentration3,,,mg/L,50,ug/L,B,04/30/2020
PR0023710,001,50060,"Chlorine, total residual",NA,C3,MAX,Concentration3,,,mg/L,50,ug/L,B,05/31/2020
PR0023710,001,50060,"Chlorine, total residual",NA,C3,MAX,Concentration3,,,mg/L,50,ug/L,B,06/30/2020
PR0023710,001,50060,"Chlorine, total residual",NA,C3,MAX,Concentration3,,,mg/L,50,ug/L,B,07/31/2020
PR0023710,001,50060,"Chlorine, total residual",NA,C3,MAX,Concentration3,,,mg/L,50,ug/L,B,08/31/2020
PR0023710,001,50060,"Chlorine, total residual",NA,C3,MAX,Concentration3,,,mg/L,50,ug/L,B,09/30/2020
PR0023710,001,50060,"Chlorine, total residual",NA,C3,MAX,Concentration3,,,mg/L,50,ug/L,B,10/31/2020
PR0023710,001,50060,"Chlorine, total residual",NA,C3,MAX,Concentration3,,,mg/L,50,ug/L,B,11/30/2020
PR0023710,001,50060,"Chlorine, total residual",880,C3,MAX,Concentration3,ug/L,.88000004,mg/L,50,ug/L,,12/31/2020
PR0023710,001,50060,"Chlorine, total residual",1780,C3,MAX,Concentration3,ug/L,1.78000008,mg/L,50,ug/L,,01/31/2021
PR0023710,001,50060,"Chlorine, total residual",1470,C3,MAX,Concentration3,ug/L,1.47000007,mg/L,50,ug/L,,02/28/2021
PR0023710,001,50060,"Chlorine, total residual",2000,C3,MAX,Concentration3,ug/L,2.00000009,mg/L,50,ug/L,,03/31/2021
PR0023710,001,50060,"Chlorine, total residual",900,C3,MAX,Concentration3,ug/L,.90000004,mg/L,50,ug/L,,04/30/2021
PR0023710,001,50060,"Chlorine, total residual",200,C3,MAX,Concentration3,ug/L,.20000001,mg/L,50,ug/L,,05/31/2021
PR0023710,001,50060,"Chlorine, total residual",560,C3,MAX,Concentration3,ug/L,.56000003,mg/L,50,ug/L,,06/30/2021
PR0023710,001,50060,"Chlorine, total residual",950,C3,MAX,Concentration3,ug/L,.95000005,mg/L,50,ug/L,,07/31/2021
PR0023710,001,50060,"Chlorine, total residual",580,C3,MAX,Concentration3,ug/L,.58000003,mg/L,50,ug/L,,08/31/2021
PR0023710,001,50060,"Chlorine, total residual",810,C3,MAX,Concentration3,ug/L,.81000004,mg/L,50,ug/L,,09/30/2021
PR0023710,001,50060,"Chlorine, total residual",810,C3,MAX,Concentration3,ug/L,.81000004,mg/L,50,ug/L,,10/31/2021
PR0023710,001,50060,"Chlorine, total residual",1170,C3,MAX,Concentration3,ug/L,1.17000006,mg/L,50,ug/L,,11/30/2021
PR0023710,001,50060,"Chlorine, total residual",820,C3,MAX,Concentration3,ug/L,.82000004,mg/L,50,ug/L,,12/31/2021
PR0023710,001,50060,"Chlorine, total residual",460,C3,MAX,Concentration3,ug/L,.46000002,mg/L,50,ug/L,,01/31/2022
PR0023710,001,50060,"Chlorine, total residual",NA,C3,MAX,Concentration3,,,mg/L,50,ug/L,B,02/28/2022
PR0023710,001,50060,"Chlorine, total residual",NA,C3,MAX,Concentration3,,,mg/L,50,ug/L,B,03/31/2022
PR0023710,001,50060,"Chlorine, total residual",40,C3,MAX,Concentration3,ug/L,.04,mg/L,50,ug/L,,04/30/2022
PR0023710,001,50060,"Chlorine, total residual",NA,C3,MAX,Concentration3,,,mg/L,50,ug/L,B,05/31/2022
PR0023710,001,50060,"Chlorine, total residual",NA,C3,MAX,Concentration3,,,mg/L,50,ug/L,B,06/30/2022
PR0023710,001,50060,"Chlorine, total residual",NA,C3,MAX,Concentration3,,,mg/L,50,ug/L,B,07/31/2022
PR0023710,001,50060,"Chlorine, total residual",NA,C3,MAX,Concentration3,,,mg/L,50,ug/L,B,08/31/2022
PR0023710,001,50060,"Chlorine, total residual",950,C3,MAX,Concentration3,ug/L,.95000005,mg/L,50,ug/L,,09/30/2022
PR0023710,001,50060,"Chlorine, total residual",NA,C3,MAX,Concentration3,,,mg/L,50,ug/L,B,10/31/2022
PR0023710,001,50060,"Chlorine, total residual",NA,C3,MAX,Concentration3,,,mg/L,50,ug/L,B,11/30/2022
PR0023710,001,50060,"Chlorine, total residual",30,C3,MAX,Concentration3,ug/L,.03,mg/L,50,ug/L,,12/31/2022
PR0023710,001,50060,"Chlorine, total residual",NA,C3,MAX,Concentration3,,,mg/L,50,ug/L,B,01/31/2023
PR0023710,001,50060,"Chlorine, total residual",NA,C3,MAX,Concentration3,,,mg/L,50,ug/L,B,02/28/2023
PR0023710,001,50060,"Chlorine, total residual",NA,C3,MAX,Concentration3,,,mg/L,50,ug/L,B,03/31/2023
PR0023710,001,50060,"Chlorine, total residual",NA,C3,MAX,Concentration3,,,mg/L,50,ug/L,B,04/30/2023
PR0023710,001,50060,"Chlorine, total residual",330,C3,MAX,Concentration3,ug/L,.33000002,mg/L,50,ug/L,,05/31/2023
PR0023710,001,50060,"Chlorine, total residual",NA,C3,MAX,Concentration3,,,mg/L,50,ug/L,B,06/30/2023
PR0023710,001,50060,"Chlorine, total residual",NA,C3,MAX,Concentration3,,,mg/L,50,ug/L,B,07/31/2023
PR0023710,001,50060,"Chlorine, total residual",NA,C3,MAX,Concentration3,,,mg/L,50,ug/L,B,08/31/2023
PR0023710,001,50060,"Chlorine, total residual",NA,C3,MAX,Concentration3,,,mg/L,50,ug/L,B,09/30/2023
PR0023710,001,50060,"Chlorine, total residual",NA,C3,MAX,Concentration3,,,mg/L,50,ug/L,B,10/31/2023
PR0023710,001,50060,"Chlorine, total residual",NA,C3,MAX,Concentration3,,,mg/L,50,ug/L,B,11/30/2023
PR0023710,001,50060,"Chlorine, total residual",NA,C3,MAX,Concentration3,,,mg/L,50,ug/L,B,12/31/2023
PR0023710,001,50060,"Chlorine, total residual",NA,C3,MAX,Concentration3,,,mg/L,50,ug/L,B,01/31/2024
PR0023710,001,50060,"Chlorine, total residual",NA,C3,MAX,Concentration3,,,mg/L,50,ug/L,B,02/29/2024
PR0023710,001,50060,"Chlorine, total residual",NA,C3,MAX,Concentration3,,,mg/L,50,ug/L,B,03/31/2024
PR0023710,001,50060,"Chlorine, total residual",NA,C3,MAX,Concentration3,,,mg/L,50,ug/L,B,04/30/2024
PR0023710,001,50060,"Chlorine, total residual",NA,C3,MAX,Concentration3,,,mg/L,50,ug/L,B,05/31/2024
PR0023710,001,50060,"Chlorine, total residual",NA,C3,MAX,Concentration3,,,mg/L,50,ug/L,B,06/30/2024
PR0023710,001,50060,"Chlorine, total residual",NA,C3,MAX,Concentration3,,,mg/L,50,ug/L,B,07/31/2024
PR0023710,001,50060,"Chlorine, total residual",NA,C3,MAX,Concentration3,,,mg/L,50,ug/L,B,08/31/2024
PR0023710,001,50060,"Chlorine, total residual",NA,C3,MAX,Concentration3,,,mg/L,50,ug/L,B,09/30/2024
PR0023710,001,50060,"Chlorine, total residual",NA,C3,MAX,Concentration3,,,mg/L,50,ug/L,B,10/31/2024
PR0023710,001,50060,"Chlorine, total residual",NA,C3,MAX,Concentration3,,,mg/L,50,ug/L,B,11/30/2024
PR0023710,001,50060,"Chlorine, total residual",NA,C3,MAX,Concentration3,,,mg/L,50,ug/L,B,12/31/2024
PR0023710,001,50060,"Chlorine, total residual",NA,C3,MAX,Concentration3,,,mg/L,50,ug/L,B,01/31/2025
PR0023710,001,50060,"Chlorine, total residual",NA,C3,MAX,Concentration3,,,mg/L,50,ug/L,B,02/28/2025
PR0023710,001,50060,"Chlorine, total residual",NA,C3,MAX,Concentration3,,,mg/L,50,ug/L,B,03/31/2025
PR0023710,001,50060,"Chlorine, total residual",NA,C3,MAX,Concentration3,,,mg/L,50,ug/L,B,04/30/2025
PR0023710,001,50060,"Chlorine, total residual",NA,C3,MAX,Concentration3,,,mg/L,50,ug/L,B,05/31/2025
PR0023710,001,50060,"Chlorine, total residual",NA,C3,MAX,Concentration3,,,mg/L,50,ug/L,B,06/30/2025
PR0023710,001,50060,"Chlorine, total residual",NA,C3,MAX,Concentration3,,,mg/L,50,ug/L,B,07/31/2025
PR0023710,001,50060,"Chlorine, total residual",NA,C3,MAX,Concentration3,,,mg/L,50,ug/L,B,08/31/2025
PR0023710,001,50060,"Chlorine, total residual",NA,C3,MAX,Concentration3,,,mg/L,50,ug/L,B,09/30/2025
PR0023710,001,50060,"Chlorine, total residual",NA,C3,MAX,Concentration3,,,mg/L,50,ug/L,B,10/31/2025
PR0023710,001,50060,"Chlorine, total residual",NA,C3,MAX,Concentration3,,,mg/L,50,ug/L,B,11/30/2025
PR0023710,001,50060,"Chlorine, total residual",NA,C3,MAX,Concentration3,,,mg/L,50,ug/L,B,12/31/2025
PR0023710,001,50060,"Chlorine, total residual",NA,C3,MAX,Concentration3,,,mg/L,50,ug/L,B,01/31/2026
PR0023710,001,51173,"Cyanide, free available",1.01,C3,MAX,Concentration3,ug/L,.00101,mg/L,10.2,ug/L,,01/31/2020
PR0023710,001,51173,"Cyanide, free available",0.7957,C3,MAX,Concentration3,ug/L,.0007957,mg/L,10.2,ug/L,,02/29/2020
PR0023710,001,51173,"Cyanide, free available",0.5,C3,MAX,Concentration3,ug/L,.0005,mg/L,10.2,ug/L,,03/31/2020
PR0023710,001,51173,"Cyanide, free available",0.7013,C3,MAX,Concentration3,ug/L,.0007013,mg/L,10.2,ug/L,,04/30/2020
PR0023710,001,51173,"Cyanide, free available",0.5,C3,MAX,Concentration3,ug/L,.0005,mg/L,10.2,ug/L,,05/31/2020
PR0023710,001,51173,"Cyanide, free available",0.5,C3,MAX,Concentration3,ug/L,.0005,mg/L,10.2,ug/L,,06/30/2020
PR0023710,001,51173,"Cyanide, free available",0.685,C3,MAX,Concentration3,ug/L,.000685,mg/L,10.2,ug/L,,07/31/2020
PR0023710,001,51173,"Cyanide, free available",0.5362,C3,MAX,Concentration3,ug/L,.0005362,mg/L,10.2,ug/L,,08/31/2020
PR0023710,001,51173,"Cyanide, free available",1.7,C3,MAX,Concentration3,ug/L,.0017,mg/L,10.2,ug/L,,09/30/2020
PR0023710,001,51173,"Cyanide, free available",0.5,C3,MAX,Concentration3,ug/L,.0005,mg/L,10.2,ug/L,,10/31/2020
PR0023710,001,51173,"Cyanide, free available",30.4,C3,MAX,Concentration3,ug/L,.0304,mg/L,10.2,ug/L,,11/30/2020
PR0023710,001,51173,"Cyanide, free available",1.64,C3,MAX,Concentration3,ug/L,.00164,mg/L,10.2,ug/L,,12/31/2020
PR0023710,001,51173,"Cyanide, free available",0.7338,C3,MAX,Concentration3,ug/L,.0007338,mg/L,10.2,ug/L,,01/31/2021
PR0023710,001,51173,"Cyanide, free available",1.33,C3,MAX,Concentration3,ug/L,.00133,mg/L,10.2,ug/L,,02/28/2021
PR0023710,001,51173,"Cyanide, free available",0.5,C3,MAX,Concentration3,ug/L,.0005,mg/L,10.2,ug/L,,03/31/2021
PR0023710,001,51173,"Cyanide, free available",0.922,C3,MAX,Concentration3,ug/L,.000922,mg/L,10.2,ug/L,,04/30/2021
PR0023710,001,51173,"Cyanide, free available",1.01,C3,MAX,Concentration3,ug/L,.00101,mg/L,10.2,ug/L,,05/31/2021
PR0023710,001,51173,"Cyanide, free available",0.5,C3,MAX,Concentration3,ug/L,.0005,mg/L,10.2,ug/L,,06/30/2021
PR0023710,001,51173,"Cyanide, free available",0.5,C3,MAX,Concentration3,ug/L,.0005,mg/L,10.2,ug/L,,07/31/2021
PR0023710,001,51173,"Cyanide, free available",0.6,C3,MAX,Concentration3,ug/L,.0006,mg/L,10.2,ug/L,,08/31/2021
PR0023710,001,51173,"Cyanide, free available",10.4,C3,MAX,Concentration3,ug/L,.0104,mg/L,10.2,ug/L,,09/30/2021
PR0023710,001,51173,"Cyanide, free available",1.6,C3,MAX,Concentration3,ug/L,.0016,mg/L,10.2,ug/L,,10/31/2021
PR0023710,001,51173,"Cyanide, free available",0.6,C3,MAX,Concentration3,ug/L,.0006,mg/L,10.2,ug/L,,11/30/2021
PR0023710,001,51173,"Cyanide, free available",2.1,C3,MAX,Concentration3,ug/L,.0021,mg/L,10.2,ug/L,,12/31/2021
PR0023710,001,51173,"Cyanide, free available",0.5,C3,MAX,Concentration3,ug/L,.0005,mg/L,10.2,ug/L,,01/31/2022
PR0023710,001,51173,"Cyanide, free available",0.5,C3,MAX,Concentration3,ug/L,.0005,mg/L,10.2,ug/L,,02/28/2022
PR0023710,001,51173,"Cyanide, free available",0.5,C3,MAX,Concentration3,ug/L,.0005,mg/L,10.2,ug/L,,03/31/2022
PR0023710,001,51173,"Cyanide, free available",0.9,C3,MAX,Concentration3,ug/L,.0009,mg/L,10.2,ug/L,,04/30/2022
PR0023710,001,51173,"Cyanide, free available",0.5,C3,MAX,Concentration3,ug/L,.0005,mg/L,10.2,ug/L,,05/31/2022
PR0023710,001,51173,"Cyanide, free available",0.5,C3,MAX,Concentration3,ug/L,.0005,mg/L,10.2,ug/L,,06/30/2022
PR0023710,001,51173,"Cyanide, free available",0.6,C3,MAX,Concentration3,ug/L,.0006,mg/L,10.2,ug/L,,07/31/2022
PR0023710,001,51173,"Cyanide, free available",0.8,C3,MAX,Concentration3,ug/L,.0008,mg/L,10.2,ug/L,,08/31/2022
PR0023710,001,51173,"Cyanide, free available",0.8,C3,MAX,Concentration3,ug/L,.0008,mg/L,10.2,ug/L,,09/30/2022
PR0023710,001,51173,"Cyanide, free available",0.9,C3,MAX,Concentration3,ug/L,.0009,mg/L,10.2,ug/L,,10/31/2022
PR0023710,001,51173,"Cyanide, free available",2.2,C3,MAX,Concentration3,ug/L,.0022,mg/L,10.2,ug/L,,11/30/2022
PR0023710,001,51173,"Cyanide, free available",1.2,C3,MAX,Concentration3,ug/L,.0012,mg/L,10.2,ug/L,,12/31/2022
PR0023710,001,51173,"Cyanide, free available",0.8,C3,MAX,Concentration3,ug/L,.0008,mg/L,10.2,ug/L,,01/31/2023
PR0023710,001,51173,"Cyanide, free available",0.5,C3,MAX,Concentration3,ug/L,.0005,mg/L,10.2,ug/L,,02/28/2023
PR0023710,001,51173,"Cyanide, free available",0.8,C3,MAX,Concentration3,ug/L,.0008,mg/L,10.2,ug/L,,03/31/2023
PR0023710,001,51173,"Cyanide, free available",0.5,C3,MAX,Concentration3,ug/L,.0005,mg/L,10.2,ug/L,,04/30/2023
PR0023710,001,51173,"Cyanide, free available",0.5,C3,MAX,Concentration3,ug/L,.0005,mg/L,10.2,ug/L,,05/31/2023
PR0023710,001,51173,"Cyanide, free available",0.5,C3,MAX,Concentration3,ug/L,.0005,mg/L,10.2,ug/L,,06/30/2023
PR0023710,001,51173,"Cyanide, free available",0.6,C3,MAX,Concentration3,ug/L,.0006,mg/L,10.2,ug/L,,07/31/2023
PR0023710,001,51173,"Cyanide, free available",0.5,C3,MAX,Concentration3,ug/L,.0005,mg/L,10.2,ug/L,,08/31/2023
PR0023710,001,51173,"Cyanide, free available",0.5,C3,MAX,Concentration3,ug/L,.0005,mg/L,10.2,ug/L,,09/30/2023
PR0023710,001,51173,"Cyanide, free available",0.5,C3,MAX,Concentration3,ug/L,.0005,mg/L,10.2,ug/L,,10/31/2023
PR0023710,001,51173,"Cyanide, free available",0.5,C3,MAX,Concentration3,ug/L,.0005,mg/L,10.2,ug/L,,11/30/2023
PR0023710,001,51173,"Cyanide, free available",0.5,C3,MAX,Concentration3,ug/L,.0005,mg/L,10.2,ug/L,,12/31/2023
PR0023710,001,51173,"Cyanide, free available",0.7,C3,MAX,Concentration3,ug/L,.0007,mg/L,10.2,ug/L,,01/31/2024
PR0023710,001,51173,"Cyanide, free available",0.5,C3,MAX,Concentration3,ug/L,.0005,mg/L,10.2,ug/L,,02/29/2024
PR0023710,001,51173,"Cyanide, free available",3.2,C3,MAX,Concentration3,ug/L,.0032,mg/L,10.2,ug/L,,03/31/2024
PR0023710,001,51173,"Cyanide, free available",1,C3,MAX,Concentration3,ug/L,.001,mg/L,10.2,ug/L,,04/30/2024
PR0023710,001,51173,"Cyanide, free available",0.5,C3,MAX,Concentration3,ug/L,.0005,mg/L,10.2,ug/L,,05/31/2024
PR0023710,001,51173,"Cyanide, free available",0.6,C3,MAX,Concentration3,ug/L,.0006,mg/L,10.2,ug/L,,06/30/2024
PR0023710,001,51173,"Cyanide, free available",1,C3,MAX,Concentration3,ug/L,.001,mg/L,10.2,ug/L,,07/31/2024
PR0023710,001,51173,"Cyanide, free available",0.5,C3,MAX,Concentration3,ug/L,.0005,mg/L,10.2,ug/L,,08/31/2024
PR0023710,001,51173,"Cyanide, free available",0.8,C3,MAX,Concentration3,ug/L,.0008,mg/L,10.2,ug/L,,09/30/2024
PR0023710,001,51173,"Cyanide, free available",2.7,C3,MAX,Concentration3,ug/L,.0027,mg/L,10.2,ug/L,,10/31/2024
PR0023710,001,51173,"Cyanide, free available",0.5,C3,MAX,Concentration3,ug/L,.0005,mg/L,10.2,ug/L,,11/30/2024
PR0023710,001,51173,"Cyanide, free available",0.5,C3,MAX,Concentration3,ug/L,.0005,mg/L,10.2,ug/L,,12/31/2024
PR0023710,001,51173,"Cyanide, free available",8.6,C3,MAX,Concentration3,ug/L,.0086,mg/L,10.2,ug/L,,01/31/2025
PR0023710,001,51173,"Cyanide, free available",0.9,C3,MAX,Concentration3,ug/L,.0009,mg/L,10.2,ug/L,,02/28/2025
PR0023710,001,51173,"Cyanide, free available",0.5,C3,MAX,Concentration3,ug/L,.0005,mg/L,10.2,ug/L,,03/31/2025
PR0023710,001,51173,"Cyanide, free available",0.7,C3,MAX,Concentration3,ug/L,.0007,mg/L,10.2,ug/L,,04/30/2025
PR0023710,001,51173,"Cyanide, free available",1.8,C3,MAX,Concentration3,ug/L,.0018,mg/L,10.2,ug/L,,05/31/2025
PR0023710,001,51173,"Cyanide, free available",1.1,C3,MAX,Concentration3,ug/L,.0011,mg/L,10.2,ug/L,,06/30/2025
PR0023710,001,51173,"Cyanide, free available",2.9,C3,MAX,Concentration3,ug/L,.0029,mg/L,10.2,ug/L,,07/31/2025
PR0023710,001,51173,"Cyanide, free available",0.9,C3,MAX,Concentration3,ug/L,.0009,mg/L,10.2,ug/L,,08/31/2025
PR0023710,001,51173,"Cyanide, free available",3,C3,MAX,Concentration3,ug/L,.003,mg/L,10.2,ug/L,,09/30/2025
PR0023710,001,51173,"Cyanide, free available",3.5,C3,MAX,Concentration3,ug/L,.0035,mg/L,10.2,ug/L,,10/31/2025
PR0023710,001,51173,"Cyanide, free available",0.7,C3,MAX,Concentration3,ug/L,.0007,mg/L,10.2,ug/L,,11/30/2025
PR0023710,001,51173,"Cyanide, free available",0.5,C3,MAX,Concentration3,ug/L,.0005,mg/L,10.2,ug/L,,12/31/2025
PR0023710,001,51173,"Cyanide, free available",1.4,C3,MAX,Concentration3,ug/L,.0014,mg/L,10.2,ug/L,,01/31/2026
PR0023710,001,51202,Sulfide-hydrogen sulfide [undissociated],22.1,C3,MAX,Concentration3,ug/L,.0221,mg/L,54.82,ug/L,,01/31/2020
PR0023710,001,51202,Sulfide-hydrogen sulfide [undissociated],9.6,C3,MAX,Concentration3,ug/L,.0096,mg/L,54.82,ug/L,,02/29/2020
PR0023710,001,51202,Sulfide-hydrogen sulfide [undissociated],7.9,C3,MAX,Concentration3,ug/L,.0079,mg/L,54.82,ug/L,,03/31/2020
PR0023710,001,51202,Sulfide-hydrogen sulfide [undissociated],0.1,C3,MAX,Concentration3,ug/L,.0001,mg/L,54.82,ug/L,,04/30/2020
PR0023710,001,51202,Sulfide-hydrogen sulfide [undissociated],49.2,C3,MAX,Concentration3,ug/L,.0492,mg/L,54.82,ug/L,,05/31/2020
PR0023710,001,51202,Sulfide-hydrogen sulfide [undissociated],36.7,C3,MAX,Concentration3,ug/L,.0367,mg/L,54.82,ug/L,,06/30/2020
PR0023710,001,51202,Sulfide-hydrogen sulfide [undissociated],18.5,C3,MAX,Concentration3,ug/L,.0185,mg/L,54.82,ug/L,,07/31/2020
PR0023710,001,51202,Sulfide-hydrogen sulfide [undissociated],0.1,C3,MAX,Concentration3,ug/L,.0001,mg/L,54.82,ug/L,,08/31/2020
PR0023710,001,51202,Sulfide-hydrogen sulfide [undissociated],35.2,C3,MAX,Concentration3,ug/L,.0352,mg/L,54.82,ug/L,,09/30/2020
PR0023710,001,51202,Sulfide-hydrogen sulfide [undissociated],11.5,C3,MAX,Concentration3,ug/L,.0115,mg/L,54.82,ug/L,,10/31/2020
PR0023710,001,51202,Sulfide-hydrogen sulfide [undissociated],0.1,C3,MAX,Concentration3,ug/L,.0001,mg/L,54.82,ug/L,,11/30/2020
PR0023710,001,51202,Sulfide-hydrogen sulfide [undissociated],10.5,C3,MAX,Concentration3,ug/L,.0105,mg/L,54.82,ug/L,,12/31/2020
PR0023710,001,51202,Sulfide-hydrogen sulfide [undissociated],0.1,C3,MAX,Concentration3,ug/L,.0001,mg/L,54.82,ug/L,,01/31/2021
PR0023710,001,51202,Sulfide-hydrogen sulfide [undissociated],8.8,C3,MAX,Concentration3,ug/L,.0088,mg/L,54.82,ug/L,,02/28/2021
PR0023710,001,51202,Sulfide-hydrogen sulfide [undissociated],106.3,C3,MAX,Concentration3,ug/L,.10630001,mg/L,54.82,ug/L,,03/31/2021
PR0023710,001,51202,Sulfide-hydrogen sulfide [undissociated],5,C3,MAX,Concentration3,ug/L,.005,mg/L,54.82,ug/L,,04/30/2021
PR0023710,001,51202,Sulfide-hydrogen sulfide [undissociated],3.6,C3,MAX,Concentration3,ug/L,.0036,mg/L,54.82,ug/L,,05/31/2021
PR0023710,001,51202,Sulfide-hydrogen sulfide [undissociated],31.2,C3,MAX,Concentration3,ug/L,.0312,mg/L,54.82,ug/L,,06/30/2021
PR0023710,001,51202,Sulfide-hydrogen sulfide [undissociated],0.1,C3,MAX,Concentration3,ug/L,.0001,mg/L,54.82,ug/L,,07/31/2021
PR0023710,001,51202,Sulfide-hydrogen sulfide [undissociated],315.6,C3,MAX,Concentration3,ug/L,.31560001,mg/L,54.82,ug/L,,08/31/2021
PR0023710,001,51202,Sulfide-hydrogen sulfide [undissociated],9.4,C3,MAX,Concentration3,ug/L,.0094,mg/L,54.82,ug/L,,09/30/2021
PR0023710,001,51202,Sulfide-hydrogen sulfide [undissociated],17.5,C3,MAX,Concentration3,ug/L,.0175,mg/L,54.82,ug/L,,10/31/2021
PR0023710,001,51202,Sulfide-hydrogen sulfide [undissociated],106.3,C3,MAX,Concentration3,ug/L,.10630001,mg/L,54.82,ug/L,,11/30/2021
PR0023710,001,51202,Sulfide-hydrogen sulfide [undissociated],98.2,C3,MAX,Concentration3,ug/L,.0982,mg/L,54.82,ug/L,,12/31/2021
PR0023710,001,51202,Sulfide-hydrogen sulfide [undissociated],118.7,C3,MAX,Concentration3,ug/L,.11870001,mg/L,54.82,ug/L,,01/31/2022
PR0023710,001,51202,Sulfide-hydrogen sulfide [undissociated],4.6,C3,MAX,Concentration3,ug/L,.0046,mg/L,54.82,ug/L,,02/28/2022
PR0023710,001,51202,Sulfide-hydrogen sulfide [undissociated],4.5,C3,MAX,Concentration3,ug/L,.0045,mg/L,131,ug/L,,03/31/2022
PR0023710,001,51202,Sulfide-hydrogen sulfide [undissociated],34.5,C3,MAX,Concentration3,ug/L,.0345,mg/L,131,ug/L,,04/30/2022
PR0023710,001,51202,Sulfide-hydrogen sulfide [undissociated],834.4,C3,MAX,Concentration3,ug/L,.83440004,mg/L,131,ug/L,,05/31/2022
PR0023710,001,51202,Sulfide-hydrogen sulfide [undissociated],9.6,C3,MAX,Concentration3,ug/L,.0096,mg/L,131,ug/L,,06/30/2022
PR0023710,001,51202,Sulfide-hydrogen sulfide [undissociated],0.9,C3,MAX,Concentration3,ug/L,.0009,mg/L,131,ug/L,,07/31/2022
PR0023710,001,51202,Sulfide-hydrogen sulfide [undissociated],11.6,C3,MAX,Concentration3,ug/L,.0116,mg/L,131,ug/L,,08/31/2022
PR0023710,001,51202,Sulfide-hydrogen sulfide [undissociated],2,C3,MAX,Concentration3,ug/L,.002,mg/L,131,ug/L,,09/30/2022
PR0023710,001,51202,Sulfide-hydrogen sulfide [undissociated],164,C3,MAX,Concentration3,ug/L,.16400001,mg/L,131,ug/L,,10/31/2022
PR0023710,001,51202,Sulfide-hydrogen sulfide [undissociated],1.2,C3,MAX,Concentration3,ug/L,.0012,mg/L,131,ug/L,,11/30/2022
PR0023710,001,51202,Sulfide-hydrogen sulfide [undissociated],4.3,C3,MAX,Concentration3,ug/L,.0043,mg/L,131,ug/L,,12/31/2022
PR0023710,001,51202,Sulfide-hydrogen sulfide [undissociated],30.8,C3,MAX,Concentration3,ug/L,.0308,mg/L,131,ug/L,,01/31/2023
PR0023710,001,51202,Sulfide-hydrogen sulfide [undissociated],161.4,C3,MAX,Concentration3,ug/L,.16140001,mg/L,131,ug/L,,02/28/2023
PR0023710,001,51202,Sulfide-hydrogen sulfide [undissociated],140.7,C3,MAX,Concentration3,ug/L,.14070001,mg/L,131,ug/L,,03/31/2023
PR0023710,001,51202,Sulfide-hydrogen sulfide [undissociated],352.7,C3,MAX,Concentration3,ug/L,.35270002,mg/L,131,ug/L,,04/30/2023
PR0023710,001,51202,Sulfide-hydrogen sulfide [undissociated],2.9,C3,MAX,Concentration3,ug/L,.0029,mg/L,131,ug/L,,05/31/2023
PR0023710,001,51202,Sulfide-hydrogen sulfide [undissociated],77.2,C3,MAX,Concentration3,ug/L,.0772,mg/L,131,ug/L,,06/30/2023
PR0023710,001,51202,Sulfide-hydrogen sulfide [undissociated],7.7,C3,MAX,Concentration3,ug/L,.0077,mg/L,131,ug/L,,07/31/2023
PR0023710,001,51202,Sulfide-hydrogen sulfide [undissociated],192.8,C3,MAX,Concentration3,ug/L,.19280001,mg/L,131,ug/L,,08/31/2023
PR0023710,001,51202,Sulfide-hydrogen sulfide [undissociated],40.5,C3,MAX,Concentration3,ug/L,.0405,mg/L,131,ug/L,,09/30/2023
PR0023710,001,51202,Sulfide-hydrogen sulfide [undissociated],49.2,C3,MAX,Concentration3,ug/L,.0492,mg/L,131,ug/L,,10/31/2023
PR0023710,001,51202,Sulfide-hydrogen sulfide [undissociated],0.1,C3,MAX,Concentration3,ug/L,.0001,mg/L,131,ug/L,,11/30/2023
PR0023710,001,51202,Sulfide-hydrogen sulfide [undissociated],102.2,C3,MAX,Concentration3,ug/L,.1022,mg/L,131,ug/L,,12/31/2023
PR0023710,001,51202,Sulfide-hydrogen sulfide [undissociated],0.1,C3,MAX,Concentration3,ug/L,.0001,mg/L,131,ug/L,,01/31/2024
PR0023710,001,51202,Sulfide-hydrogen sulfide [undissociated],5.7,C3,MAX,Concentration3,ug/L,.0057,mg/L,131,ug/L,,02/29/2024
PR0023710,001,51202,Sulfide-hydrogen sulfide [undissociated],0.1,C3,MAX,Concentration3,ug/L,.0001,mg/L,131,ug/L,,03/31/2024
PR0023710,001,51202,Sulfide-hydrogen sulfide [undissociated],9.5,C3,MAX,Concentration3,ug/L,.0095,mg/L,131,ug/L,,04/30/2024
PR0023710,001,51202,Sulfide-hydrogen sulfide [undissociated],0.1,C3,MAX,Concentration3,ug/L,.0001,mg/L,131,ug/L,,05/31/2024
PR0023710,001,51202,Sulfide-hydrogen sulfide [undissociated],16.2,C3,MAX,Concentration3,ug/L,.0162,mg/L,131,ug/L,,06/30/2024
PR0023710,001,51202,Sulfide-hydrogen sulfide [undissociated],9.3,C3,MAX,Concentration3,ug/L,.0093,mg/L,131,ug/L,,07/31/2024
PR0023710,001,51202,Sulfide-hydrogen sulfide [undissociated],52.9,C3,MAX,Concentration3,ug/L,.0529,mg/L,131,ug/L,,08/31/2024
PR0023710,001,51202,Sulfide-hydrogen sulfide [undissociated],3,C3,MAX,Concentration3,ug/L,.003,mg/L,131,ug/L,,09/30/2024
PR0023710,001,51202,Sulfide-hydrogen sulfide [undissociated],2.9,C3,MAX,Concentration3,ug/L,.0029,mg/L,131,ug/L,,10/31/2024
PR0023710,001,51202,Sulfide-hydrogen sulfide [undissociated],0.1,C3,MAX,Concentration3,ug/L,.0001,mg/L,131,ug/L,,11/30/2024
PR0023710,001,51202,Sulfide-hydrogen sulfide [undissociated],0.1,C3,MAX,Concentration3,ug/L,.0001,mg/L,131,ug/L,,12/31/2024
PR0023710,001,51202,Sulfide-hydrogen sulfide [undissociated],13.5,C3,MAX,Concentration3,ug/L,.0135,mg/L,131,ug/L,,01/31/2025
PR0023710,001,51202,Sulfide-hydrogen sulfide [undissociated],0.1,C3,MAX,Concentration3,ug/L,.0001,mg/L,131,ug/L,,02/28/2025
PR0023710,001,51202,Sulfide-hydrogen sulfide [undissociated],0.1,C3,MAX,Concentration3,ug/L,.0001,mg/L,131,ug/L,,03/31/2025
PR0023710,001,51202,Sulfide-hydrogen sulfide [undissociated],2.1,C3,MAX,Concentration3,ug/L,.0021,mg/L,131,ug/L,,04/30/2025
PR0023710,001,51202,Sulfide-hydrogen sulfide [undissociated],3.3,C3,MAX,Concentration3,ug/L,.0033,mg/L,131,ug/L,,05/31/2025
PR0023710,001,51202,Sulfide-hydrogen sulfide [undissociated],2.9,C3,MAX,Concentration3,ug/L,.0029,mg/L,131,ug/L,,06/30/2025
PR0023710,001,51202,Sulfide-hydrogen sulfide [undissociated],21.7,C3,MAX,Concentration3,ug/L,.0217,mg/L,131,ug/L,,07/31/2025
PR0023710,001,51202,Sulfide-hydrogen sulfide [undissociated],3.2,C3,MAX,Concentration3,ug/L,.0032,mg/L,131,ug/L,,08/31/2025
PR0023710,001,51202,Sulfide-hydrogen sulfide [undissociated],0.1,C3,MAX,Concentration3,ug/L,.0001,mg/L,131,ug/L,,09/30/2025
PR0023710,001,51202,Sulfide-hydrogen sulfide [undissociated],0.1,C3,MAX,Concentration3,ug/L,.0001,mg/L,131,ug/L,,10/31/2025
PR0023710,001,51202,Sulfide-hydrogen sulfide [undissociated],0.6,C3,MAX,Concentration3,ug/L,.0006,mg/L,131,ug/L,,11/30/2025
PR0023710,001,51202,Sulfide-hydrogen sulfide [undissociated],319.9,C3,MAX,Concentration3,ug/L,.31990002,mg/L,131,ug/L,,12/31/2025
PR0023710,001,51202,Sulfide-hydrogen sulfide [undissociated],0.4,C3,MAX,Concentration3,ug/L,.0004,mg/L,131,ug/L,,01/31/2026
PR0023710,001,51618,Enterococci - % of upper confidence limit,0,C2,AVG,Concentration2,%,0,%,75,%,,01/31/2020
PR0023710,001,51618,Enterococci - % of upper confidence limit,0,C2,AVG,Concentration2,%,0,%,75,%,,02/29/2020
PR0023710,001,51618,Enterococci - % of upper confidence limit,20,C2,AVG,Concentration2,%,20,%,75,%,,03/31/2020
PR0023710,001,51618,Enterococci - % of upper confidence limit,0,C2,AVG,Concentration2,%,0,%,75,%,,04/30/2020
PR0023710,001,51618,Enterococci - % of upper confidence limit,0,C2,AVG,Concentration2,%,0,%,75,%,,05/31/2020
PR0023710,001,51618,Enterococci - % of upper confidence limit,0,C2,AVG,Concentration2,%,0,%,75,%,,06/30/2020
PR0023710,001,51618,Enterococci - % of upper confidence limit,0,C2,AVG,Concentration2,%,0,%,75,%,,07/31/2020
PR0023710,001,51618,Enterococci - % of upper confidence limit,0,C2,AVG,Concentration2,%,0,%,75,%,,08/31/2020
PR0023710,001,51618,Enterococci - % of upper confidence limit,0,C2,AVG,Concentration2,%,0,%,75,%,,09/30/2020
PR0023710,001,51618,Enterococci - % of upper confidence limit,0,C2,AVG,Concentration2,%,0,%,75,%,,10/31/2020
PR0023710,001,51618,Enterococci - % of upper confidence limit,100,C2,AVG,Concentration2,%,100,%,75,%,,11/30/2020
PR0023710,001,51618,Enterococci - % of upper confidence limit,0,C2,AVG,Concentration2,%,0,%,75,%,,12/31/2020
PR0023710,001,51618,Enterococci - % of upper confidence limit,0,C2,AVG,Concentration2,%,0,%,75,%,,01/31/2021
PR0023710,001,51618,Enterococci - % of upper confidence limit,0,C2,AVG,Concentration2,%,0,%,75,%,,02/28/2021
PR0023710,001,51618,Enterococci - % of upper confidence limit,0,C2,AVG,Concentration2,%,0,%,75,%,,03/31/2021
PR0023710,001,51618,Enterococci - % of upper confidence limit,60,C2,AVG,Concentration2,%,60,%,75,%,,04/30/2021
PR0023710,001,51618,Enterococci - % of upper confidence limit,0,C2,AVG,Concentration2,%,0,%,75,%,,05/31/2021
PR0023710,001,51618,Enterococci - % of upper confidence limit,100,C2,AVG,Concentration2,%,100,%,75,%,,06/30/2021
PR0023710,001,51618,Enterococci - % of upper confidence limit,0,C2,AVG,Concentration2,%,0,%,75,%,,07/31/2021
PR0023710,001,51618,Enterococci - % of upper confidence limit,40,C2,AVG,Concentration2,%,40,%,75,%,,08/31/2021
PR0023710,001,51618,Enterococci - % of upper confidence limit,0,C2,AVG,Concentration2,%,0,%,75,%,,09/30/2021
PR0023710,001,51618,Enterococci - % of upper confidence limit,0,C2,AVG,Concentration2,%,0,%,75,%,,10/31/2021
PR0023710,001,51618,Enterococci - % of upper confidence limit,0,C2,AVG,Concentration2,%,0,%,75,%,,11/30/2021
PR0023710,001,51618,Enterococci - % of upper confidence limit,0,C2,AVG,Concentration2,%,0,%,75,%,,12/31/2021
PR0023710,001,51618,Enterococci - % of upper confidence limit,100,C2,AVG,Concentration2,%,100,%,75,%,,01/31/2022
PR0023710,001,51618,Enterococci - % of upper confidence limit,100,C2,AVG,Concentration2,%,100,%,75,%,,02/28/2022
PR0023710,001,51618,Enterococci - % of upper confidence limit,100,C2,AVG,Concentration2,%,100,%,75,%,,03/31/2022
PR0023710,001,51618,Enterococci - % of upper confidence limit,100,C2,AVG,Concentration2,%,100,%,75,%,,04/30/2022
PR0023710,001,51618,Enterococci - % of upper confidence limit,0,C2,AVG,Concentration2,%,0,%,75,%,,05/31/2022
PR0023710,001,51618,Enterococci - % of upper confidence limit,100,C2,AVG,Concentration2,%,100,%,75,%,,06/30/2022
PR0023710,001,51618,Enterococci - % of upper confidence limit,100,C2,AVG,Concentration2,%,100,%,75,%,,07/31/2022
PR0023710,001,51618,Enterococci - % of upper confidence limit,0,C2,AVG,Concentration2,%,0,%,75,%,,08/31/2022
PR0023710,001,51618,Enterococci - % of upper confidence limit,100,C2,AVG,Concentration2,%,100,%,75,%,,09/30/2022
PR0023710,001,51618,Enterococci - % of upper confidence limit,0,C2,AVG,Concentration2,%,0,%,75,%,,10/31/2022
PR0023710,001,51618,Enterococci - % of upper confidence limit,0,C2,AVG,Concentration2,%,0,%,75,%,,11/30/2022
PR0023710,001,51618,Enterococci - % of upper confidence limit,100,C2,AVG,Concentration2,%,100,%,75,%,,12/31/2022
PR0023710,001,51618,Enterococci - % of upper confidence limit,100,C2,AVG,Concentration2,%,100,%,75,%,,01/31/2023
PR0023710,001,51618,Enterococci - % of upper confidence limit,100,C2,AVG,Concentration2,%,100,%,75,%,,02/28/2023
PR0023710,001,51618,Enterococci - % of upper confidence limit,100,C2,AVG,Concentration2,%,100,%,75,%,,03/31/2023
PR0023710,001,51618,Enterococci - % of upper confidence limit,0,C2,AVG,Concentration2,%,0,%,75,%,,04/30/2023
PR0023710,001,51618,Enterococci - % of upper confidence limit,0,C2,AVG,Concentration2,%,0,%,75,%,,05/31/2023
PR0023710,001,51618,Enterococci - % of upper confidence limit,100,C2,AVG,Concentration2,%,100,%,75,%,,06/30/2023
PR0023710,001,51618,Enterococci - % of upper confidence limit,0,C2,AVG,Concentration2,%,0,%,75,%,,07/31/2023
PR0023710,001,51618,Enterococci - % of upper confidence limit,40,C2,AVG,Concentration2,%,40,%,75,%,,08/31/2023
PR0023710,001,51618,Enterococci - % of upper confidence limit,80,C2,AVG,Concentration2,%,80,%,75,%,,09/30/2023
PR0023710,001,51618,Enterococci - % of upper confidence limit,20,C2,AVG,Concentration2,%,20,%,75,%,,10/31/2023
PR0023710,001,51618,Enterococci - % of upper confidence limit,0,C2,AVG,Concentration2,%,0,%,75,%,,11/30/2023
PR0023710,001,51618,Enterococci - % of upper confidence limit,100,C2,AVG,Concentration2,%,100,%,75,%,,12/31/2023
PR0023710,001,51618,Enterococci - % of upper confidence limit,100,C2,AVG,Concentration2,%,100,%,75,%,,01/31/2024
PR0023710,001,51618,Enterococci - % of upper confidence limit,0,C2,AVG,Concentration2,%,0,%,75,%,,02/29/2024
PR0023710,001,51618,Enterococci - % of upper confidence limit,0,C2,AVG,Concentration2,%,0,%,75,%,,03/31/2024
PR0023710,001,51618,Enterococci - % of upper confidence limit,0,C2,AVG,Concentration2,%,0,%,75,%,,04/30/2024
PR0023710,001,51618,Enterococci - % of upper confidence limit,100,C2,AVG,Concentration2,%,100,%,75,%,,05/31/2024
PR0023710,001,51618,Enterococci - % of upper confidence limit,100,C2,AVG,Concentration2,%,100,%,75,%,,06/30/2024
PR0023710,001,51618,Enterococci - % of upper confidence limit,100,C2,AVG,Concentration2,%,100,%,75,%,,07/31/2024
PR0023710,001,51618,Enterococci - % of upper confidence limit,100,C2,AVG,Concentration2,%,100,%,75,%,,08/31/2024
PR0023710,001,51618,Enterococci - % of upper confidence limit,0,C2,AVG,Concentration2,%,0,%,75,%,,09/30/2024
PR0023710,001,51618,Enterococci - % of upper confidence limit,100,C2,AVG,Concentration2,%,100,%,75,%,,10/31/2024
PR0023710,001,51618,Enterococci - % of upper confidence limit,0,C2,AVG,Concentration2,%,0,%,75,%,,11/30/2024
PR0023710,001,51618,Enterococci - % of upper confidence limit,0,C2,AVG,Concentration2,%,0,%,75,%,,12/31/2024
PR0023710,001,51618,Enterococci - % of upper confidence limit,100,C2,AVG,Concentration2,%,100,%,75,%,,01/31/2025
PR0023710,001,51618,Enterococci - % of upper confidence limit,0,C2,AVG,Concentration2,%,0,%,75,%,,02/28/2025
PR0023710,001,51618,Enterococci - % of upper confidence limit,0,C2,AVG,Concentration2,%,0,%,75,%,,03/31/2025
PR0023710,001,51618,Enterococci - % of upper confidence limit,0,C2,AVG,Concentration2,%,0,%,75,%,,04/30/2025
PR0023710,001,51618,Enterococci - % of upper confidence limit,0,C2,AVG,Concentration2,%,0,%,75,%,,05/31/2025
PR0023710,001,51618,Enterococci - % of upper confidence limit,0,C2,AVG,Concentration2,%,0,%,75,%,,06/30/2025
PR0023710,001,51618,Enterococci - % of upper confidence limit,100,C2,AVG,Concentration2,%,100,%,75,%,,07/31/2025
PR0023710,001,51618,Enterococci - % of upper confidence limit,20,C2,AVG,Concentration2,%,20,%,75,%,,08/31/2025
PR0023710,001,51618,Enterococci - % of upper confidence limit,100,C2,AVG,Concentration2,%,100,%,75,%,,09/30/2025
PR0023710,001,51618,Enterococci - % of upper confidence limit,0,C2,AVG,Concentration2,%,0,%,75,%,,10/31/2025
PR0023710,001,51618,Enterococci - % of upper confidence limit,100,C2,AVG,Concentration2,%,100,%,75,%,,11/30/2025
PR0023710,001,51618,Enterococci - % of upper confidence limit,100,C2,AVG,Concentration2,%,100,%,75,%,,12/31/2025
PR0023710,001,51618,Enterococci - % of upper confidence limit,100,C2,AVG,Concentration2,%,100,%,75,%,,01/31/2026
PR0023710,001,51713,Whole Effluent Toxicity [WET] - Americamysis bahia (formerly Mysidopsis bahia),1,C1,MIN,Concentration1,%,1,%,,%,,02/29/2020
PR0023710,001,51713,Whole Effluent Toxicity [WET] - Americamysis bahia (formerly Mysidopsis bahia),NA,C1,MIN,Concentration1,,,%,,%,,05/31/2020
PR0023710,001,51713,Whole Effluent Toxicity [WET] - Americamysis bahia (formerly Mysidopsis bahia),1,C1,MIN,Concentration1,%,1,%,,%,,08/31/2020
PR0023710,001,51713,Whole Effluent Toxicity [WET] - Americamysis bahia (formerly Mysidopsis bahia),1,C1,MIN,Concentration1,%,1,%,,%,,11/30/2020
PR0023710,001,51713,Whole Effluent Toxicity [WET] - Americamysis bahia (formerly Mysidopsis bahia),1,C1,MIN,Concentration1,%,1,%,,%,,02/28/2021
PR0023710,001,51713,Whole Effluent Toxicity [WET] - Americamysis bahia (formerly Mysidopsis bahia),1,C1,MIN,Concentration1,%,1,%,,%,,05/31/2021
PR0023710,001,51713,Whole Effluent Toxicity [WET] - Americamysis bahia (formerly Mysidopsis bahia),1.34,C1,MIN,Concentration1,%,1.34,%,,%,,08/31/2021
PR0023710,001,51713,Whole Effluent Toxicity [WET] - Americamysis bahia (formerly Mysidopsis bahia),1,C1,MIN,Concentration1,%,1,%,,%,,11/30/2021
PR0023710,001,51713,Whole Effluent Toxicity [WET] - Americamysis bahia (formerly Mysidopsis bahia),17.7,C1,MIN,Concentration1,%,17.7,%,,%,,02/28/2022
PR0023710,001,51713,Whole Effluent Toxicity [WET] - Americamysis bahia (formerly Mysidopsis bahia),17.7,C1,MIN,Concentration1,%,17.7,%,,%,,05/31/2022
PR0023710,001,51713,Whole Effluent Toxicity [WET] - Americamysis bahia (formerly Mysidopsis bahia),17.7,C1,MIN,Concentration1,%,17.7,%,,%,,08/31/2022
PR0023710,001,51713,Whole Effluent Toxicity [WET] - Americamysis bahia (formerly Mysidopsis bahia),17.7,C1,MIN,Concentration1,%,17.7,%,,%,,11/30/2022
PR0023710,001,51713,Whole Effluent Toxicity [WET] - Americamysis bahia (formerly Mysidopsis bahia),17.7,C1,MIN,Concentration1,%,17.7,%,,%,,02/28/2023
PR0023710,001,51713,Whole Effluent Toxicity [WET] - Americamysis bahia (formerly Mysidopsis bahia),17.7,C1,MIN,Concentration1,%,17.7,%,,%,,05/31/2023
PR0023710,001,51713,Whole Effluent Toxicity [WET] - Americamysis bahia (formerly Mysidopsis bahia),17.7,C1,MIN,Concentration1,%,17.7,%,,%,,08/31/2023
PR0023710,001,51713,Whole Effluent Toxicity [WET] - Americamysis bahia (formerly Mysidopsis bahia),NA,C1,MIN,Concentration1,,,%,,%,E,11/30/2023
PR0023710,001,51713,Whole Effluent Toxicity [WET] - Americamysis bahia (formerly Mysidopsis bahia),17.7,C1,MIN,Concentration1,%,17.7,%,,%,,02/29/2024
PR0023710,001,51713,Whole Effluent Toxicity [WET] - Americamysis bahia (formerly Mysidopsis bahia),17.7,C1,MIN,Concentration1,%,17.7,%,,%,,05/31/2024
PR0023710,001,51713,Whole Effluent Toxicity [WET] - Americamysis bahia (formerly Mysidopsis bahia),17.7,C1,MIN,Concentration1,%,17.7,%,,%,,08/31/2024
PR0023710,001,51713,Whole Effluent Toxicity [WET] - Americamysis bahia (formerly Mysidopsis bahia),17.7,C1,MIN,Concentration1,%,17.7,%,,%,,11/30/2024
PR0023710,001,51713,Whole Effluent Toxicity [WET] - Americamysis bahia (formerly Mysidopsis bahia),17.7,C1,MIN,Concentration1,%,17.7,%,,%,,02/28/2025
PR0023710,001,51713,Whole Effluent Toxicity [WET] - Americamysis bahia (formerly Mysidopsis bahia),17.7,C1,MIN,Concentration1,%,17.7,%,,%,,05/31/2025
PR0023710,001,51713,Whole Effluent Toxicity [WET] - Americamysis bahia (formerly Mysidopsis bahia),NA,C1,MIN,Concentration1,,,%,,%,E,08/31/2025
PR0023710,001,51713,Whole Effluent Toxicity [WET] - Americamysis bahia (formerly Mysidopsis bahia),17.7,C1,MIN,Concentration1,%,17.7,%,,%,,11/30/2025
PR0023710,001,61211,Enterococci,74,C2,AVG,Concentration2,#/100mL,74,MPN/100mL,,#/100mL,,01/31/2020
PR0023710,001,61211,Enterococci,6,C2,AVG,Concentration2,#/100mL,6,MPN/100mL,,#/100mL,,02/29/2020
PR0023710,001,61211,Enterococci,144,C2,AVG,Concentration2,#/100mL,144,MPN/100mL,,#/100mL,,03/31/2020
PR0023710,001,61211,Enterococci,1,C2,AVG,Concentration2,#/100mL,1,MPN/100mL,,#/100mL,,04/30/2020
PR0023710,001,61211,Enterococci,1,C2,AVG,Concentration2,#/100mL,1,MPN/100mL,,#/100mL,,05/31/2020
PR0023710,001,61211,Enterococci,2,C2,AVG,Concentration2,#/100mL,2,MPN/100mL,,#/100mL,,06/30/2020
PR0023710,001,61211,Enterococci,1,C2,AVG,Concentration2,#/100mL,1,MPN/100mL,,#/100mL,,07/31/2020
PR0023710,001,61211,Enterococci,1,C2,AVG,Concentration2,#/100mL,1,MPN/100mL,,#/100mL,,08/31/2020
PR0023710,001,61211,Enterococci,6,C2,AVG,Concentration2,#/100mL,6,MPN/100mL,,#/100mL,,09/30/2020
PR0023710,001,61211,Enterococci,1,C2,AVG,Concentration2,#/100mL,1,MPN/100mL,,#/100mL,,10/31/2020
PR0023710,001,61211,Enterococci,2420,C2,AVG,Concentration2,#/100mL,2420,MPN/100mL,,#/100mL,,11/30/2020
PR0023710,001,61211,Enterococci,1,C2,AVG,Concentration2,#/100mL,1,MPN/100mL,,#/100mL,,12/31/2020
PR0023710,001,61211,Enterococci,1,C2,AVG,Concentration2,#/100mL,1,MPN/100mL,,#/100mL,,01/31/2021
PR0023710,001,61211,Enterococci,1,C2,AVG,Concentration2,#/100mL,1,MPN/100mL,,#/100mL,,02/28/2021
PR0023710,001,61211,Enterococci,1,C2,AVG,Concentration2,#/100mL,1,MPN/100mL,,#/100mL,,03/31/2021
PR0023710,001,61211,Enterococci,647,C2,AVG,Concentration2,#/100mL,647,MPN/100mL,,#/100mL,,04/30/2021
PR0023710,001,61211,Enterococci,1,C2,AVG,Concentration2,#/100mL,1,MPN/100mL,,#/100mL,,05/31/2021
PR0023710,001,61211,Enterococci,2420,C2,AVG,Concentration2,#/100mL,2420,MPN/100mL,,#/100mL,,06/30/2021
PR0023710,001,61211,Enterococci,133,C2,AVG,Concentration2,#/100mL,133,MPN/100mL,,#/100mL,,07/31/2021
PR0023710,001,61211,Enterococci,337,C2,AVG,Concentration2,#/100mL,337,MPN/100mL,,#/100mL,,08/31/2021
PR0023710,001,61211,Enterococci,26,C2,AVG,Concentration2,#/100mL,26,MPN/100mL,,#/100mL,,09/30/2021
PR0023710,001,61211,Enterococci,2,C2,AVG,Concentration2,#/100mL,2,MPN/100mL,,#/100mL,,10/31/2021
PR0023710,001,61211,Enterococci,5,C2,AVG,Concentration2,#/100mL,5,MPN/100mL,,#/100mL,,11/30/2021
PR0023710,001,61211,Enterococci,2,C2,AVG,Concentration2,#/100mL,2,MPN/100mL,,#/100mL,,12/31/2021
PR0023710,001,61211,Enterococci,2420,C2,AVG,Concentration2,#/100mL,2420,MPN/100mL,,#/100mL,,01/31/2022
PR0023710,001,61211,Enterococci,2420,C2,AVG,Concentration2,#/100mL,2420,MPN/100mL,,#/100mL,,02/28/2022
PR0023710,001,61211,Enterococci,2420,C2,AVG,Concentration2,#/100mL,2420,MPN/100mL,2688,#/100mL,,03/31/2022
PR0023710,001,61211,Enterococci,2420,C2,AVG,Concentration2,#/100mL,2420,MPN/100mL,2688,#/100mL,,04/30/2022
PR0023710,001,61211,Enterococci,72,C2,AVG,Concentration2,#/100mL,72,MPN/100mL,2688,#/100mL,,05/31/2022
PR0023710,001,61211,Enterococci,383,C2,AVG,Concentration2,#/100mL,383,MPN/100mL,2688,#/100mL,,06/30/2022
PR0023710,001,61211,Enterococci,1934,C2,AVG,Concentration2,#/100mL,1934,MPN/100mL,2688,#/100mL,,07/31/2022
PR0023710,001,61211,Enterococci,39,C2,AVG,Concentration2,#/100mL,39,MPN/100mL,2688,#/100mL,,08/31/2022
PR0023710,001,61211,Enterococci,686,C2,AVG,Concentration2,#/100mL,686,MPN/100mL,2688,#/100mL,,09/30/2022
PR0023710,001,61211,Enterococci,35,C2,AVG,Concentration2,#/100mL,35,MPN/100mL,2688,#/100mL,,10/31/2022
PR0023710,001,61211,Enterococci,1,C2,AVG,Concentration2,#/100mL,1,MPN/100mL,2688,#/100mL,,11/30/2022
PR0023710,001,61211,Enterococci,2420,C2,AVG,Concentration2,#/100mL,2420,MPN/100mL,2688,#/100mL,,12/31/2022
PR0023710,001,61211,Enterococci,2420,C2,AVG,Concentration2,#/100mL,2420,MPN/100mL,2688,#/100mL,,01/31/2023
PR0023710,001,61211,Enterococci,2420,C2,AVG,Concentration2,#/100mL,2420,MPN/100mL,2688,#/100mL,,02/28/2023
PR0023710,001,61211,Enterococci,2420,C2,AVG,Concentration2,#/100mL,2420,MPN/100mL,2688,#/100mL,,03/31/2023
PR0023710,001,61211,Enterococci,69,C2,AVG,Concentration2,#/100mL,69,MPN/100mL,2688,#/100mL,,04/30/2023
PR0023710,001,61211,Enterococci,5,C2,AVG,Concentration2,#/100mL,5,MPN/100mL,2688,#/100mL,,05/31/2023
PR0023710,001,61211,Enterococci,1994,C2,AVG,Concentration2,#/100mL,1994,MPN/100mL,2688,#/100mL,,06/30/2023
PR0023710,001,61211,Enterococci,11,C2,AVG,Concentration2,#/100mL,11,MPN/100mL,2688,#/100mL,,07/31/2023
PR0023710,001,61211,Enterococci,189,C2,AVG,Concentration2,#/100mL,189,MPN/100mL,2688,#/100mL,,08/31/2023
PR0023710,001,61211,Enterococci,636,C2,AVG,Concentration2,#/100mL,636,MPN/100mL,2688,#/100mL,,09/30/2023
PR0023710,001,61211,Enterococci,144,C2,AVG,Concentration2,#/100mL,144,MPN/100mL,2688,#/100mL,,10/31/2023
PR0023710,001,61211,Enterococci,42,C2,AVG,Concentration2,#/100mL,42,MPN/100mL,2688,#/100mL,,11/30/2023
PR0023710,001,61211,Enterococci,940,C2,AVG,Concentration2,#/100mL,940,MPN/100mL,2688,#/100mL,,12/31/2023
PR0023710,001,61211,Enterococci,2326,C2,AVG,Concentration2,#/100mL,2326,MPN/100mL,2688,#/100mL,,01/31/2024
PR0023710,001,61211,Enterococci,2,C2,AVG,Concentration2,#/100mL,2,MPN/100mL,2688,#/100mL,,02/29/2024
PR0023710,001,61211,Enterococci,12,C2,AVG,Concentration2,#/100mL,12,MPN/100mL,2688,#/100mL,,03/31/2024
PR0023710,001,61211,Enterococci,2,C2,AVG,Concentration2,#/100mL,2,MPN/100mL,2688,#/100mL,,04/30/2024
PR0023710,001,61211,Enterococci,2420,C2,AVG,Concentration2,#/100mL,2420,MPN/100mL,2688,#/100mL,,05/31/2024
PR0023710,001,61211,Enterococci,171,C2,AVG,Concentration2,#/100mL,171,MPN/100mL,2688,#/100mL,,06/30/2024
PR0023710,001,61211,Enterococci,2420,C2,AVG,Concentration2,#/100mL,2420,MPN/100mL,2688,#/100mL,,07/31/2024
PR0023710,001,61211,Enterococci,2420,C2,AVG,Concentration2,#/100mL,2420,MPN/100mL,2688,#/100mL,,08/31/2024
PR0023710,001,61211,Enterococci,2,C2,AVG,Concentration2,#/100mL,2,MPN/100mL,2688,#/100mL,,09/30/2024
PR0023710,001,61211,Enterococci,2420,C2,AVG,Concentration2,#/100mL,2420,MPN/100mL,2688,#/100mL,,10/31/2024
PR0023710,001,61211,Enterococci,2,C2,AVG,Concentration2,#/100mL,2,MPN/100mL,2688,#/100mL,,11/30/2024
PR0023710,001,61211,Enterococci,6,C2,AVG,Concentration2,#/100mL,6,MPN/100mL,2688,#/100mL,,12/31/2024
PR0023710,001,61211,Enterococci,2420,C2,AVG,Concentration2,#/100mL,2420,MPN/100mL,2688,#/100mL,,01/31/2025
PR0023710,001,61211,Enterococci,25,C2,AVG,Concentration2,#/100mL,25,MPN/100mL,2688,#/100mL,,02/28/2025
PR0023710,001,61211,Enterococci,1,C2,AVG,Concentration2,#/100mL,1,MPN/100mL,2688,#/100mL,,03/31/2025
PR0023710,001,61211,Enterococci,52,C2,AVG,Concentration2,#/100mL,52,MPN/100mL,2688,#/100mL,,04/30/2025
PR0023710,001,61211,Enterococci,1,C2,AVG,Concentration2,#/100mL,1,MPN/100mL,2688,#/100mL,,05/31/2025
PR0023710,001,61211,Enterococci,11,C2,AVG,Concentration2,#/100mL,11,MPN/100mL,2688,#/100mL,,06/30/2025
PR0023710,001,61211,Enterococci,2420,C2,AVG,Concentration2,#/100mL,2420,MPN/100mL,2688,#/100mL,,07/31/2025
PR0023710,001,61211,Enterococci,68,C2,AVG,Concentration2,#/100mL,68,MPN/100mL,2688,#/100mL,,08/31/2025
PR0023710,001,61211,Enterococci,2420,C2,AVG,Concentration2,#/100mL,2420,MPN/100mL,2688,#/100mL,,09/30/2025
PR0023710,001,61211,Enterococci,2,C2,AVG,Concentration2,#/100mL,2,MPN/100mL,2688,#/100mL,,10/31/2025
PR0023710,001,61211,Enterococci,2264,C2,AVG,Concentration2,#/100mL,2264,MPN/100mL,2688,#/100mL,,11/30/2025
PR0023710,001,61211,Enterococci,2420,C2,AVG,Concentration2,#/100mL,2420,MPN/100mL,2688,#/100mL,,12/31/2025
PR0023710,001,61211,Enterococci,2420,C2,AVG,Concentration2,#/100mL,2420,MPN/100mL,2688,#/100mL,,01/31/2026
PR0023710,001,74055,"Coliform, fecal general",1388,C2,AVG,Concentration2,#/100mL,1388,MPN/100mL,200,#/100mL,,01/31/2020
PR0023710,001,74055,"Coliform, fecal general",103,C2,AVG,Concentration2,#/100mL,103,MPN/100mL,200,#/100mL,,02/29/2020
PR0023710,001,74055,"Coliform, fecal general",1934,C2,AVG,Concentration2,#/100mL,1934,MPN/100mL,200,#/100mL,,03/31/2020
PR0023710,001,74055,"Coliform, fecal general",613,C2,AVG,Concentration2,#/100mL,613,MPN/100mL,200,#/100mL,,04/30/2020
PR0023710,001,74055,"Coliform, fecal general",24,C2,AVG,Concentration2,#/100mL,24,MPN/100mL,200,#/100mL,,05/31/2020
PR0023710,001,74055,"Coliform, fecal general",124,C2,AVG,Concentration2,#/100mL,124,MPN/100mL,200,#/100mL,,06/30/2020
PR0023710,001,74055,"Coliform, fecal general",886,C2,AVG,Concentration2,#/100mL,886,MPN/100mL,200,#/100mL,,07/31/2020
PR0023710,001,74055,"Coliform, fecal general",1,C2,AVG,Concentration2,#/100mL,1,MPN/100mL,200,#/100mL,,08/31/2020
PR0023710,001,74055,"Coliform, fecal general",645,C2,AVG,Concentration2,#/100mL,645,MPN/100mL,200,#/100mL,,09/30/2020
PR0023710,001,74055,"Coliform, fecal general",1,C2,AVG,Concentration2,#/100mL,1,MPN/100mL,200,#/100mL,,10/31/2020
PR0023710,001,74055,"Coliform, fecal general",2420,C2,AVG,Concentration2,#/100mL,2420,MPN/100mL,200,#/100mL,,11/30/2020
PR0023710,001,74055,"Coliform, fecal general",275,C2,AVG,Concentration2,#/100mL,275,MPN/100mL,200,#/100mL,,12/31/2020
PR0023710,001,74055,"Coliform, fecal general",2,C2,AVG,Concentration2,#/100mL,2,MPN/100mL,200,#/100mL,,01/31/2021
PR0023710,001,74055,"Coliform, fecal general",24,C2,AVG,Concentration2,#/100mL,24,MPN/100mL,200,#/100mL,,02/28/2021
PR0023710,001,74055,"Coliform, fecal general",2,C2,AVG,Concentration2,#/100mL,2,MPN/100mL,200,#/100mL,,03/31/2021
PR0023710,001,74055,"Coliform, fecal general",2420,C2,AVG,Concentration2,#/100mL,2420,MPN/100mL,200,#/100mL,,04/30/2021
PR0023710,001,74055,"Coliform, fecal general",9,C2,AVG,Concentration2,#/100mL,9,MPN/100mL,200,#/100mL,,05/31/2021
PR0023710,001,74055,"Coliform, fecal general",2420,C2,AVG,Concentration2,#/100mL,2420,MPN/100mL,200,#/100mL,,06/30/2021
PR0023710,001,74055,"Coliform, fecal general",2420,C2,AVG,Concentration2,#/100mL,2420,MPN/100mL,200,#/100mL,,07/31/2021
PR0023710,001,74055,"Coliform, fecal general",2420,C2,AVG,Concentration2,#/100mL,2420,MPN/100mL,200,#/100mL,,08/31/2021
PR0023710,001,74055,"Coliform, fecal general",2420,C2,AVG,Concentration2,#/100mL,2420,MPN/100mL,200,#/100mL,,09/30/2021
PR0023710,001,74055,"Coliform, fecal general",1878,C2,AVG,Concentration2,#/100mL,1878,MPN/100mL,200,#/100mL,,10/31/2021
PR0023710,001,74055,"Coliform, fecal general",129,C2,AVG,Concentration2,#/100mL,129,MPN/100mL,200,#/100mL,,11/30/2021
PR0023710,001,74055,"Coliform, fecal general",17,C2,AVG,Concentration2,#/100mL,17,MPN/100mL,200,#/100mL,,12/31/2021
PR0023710,001,74055,"Coliform, fecal general",2420,C2,AVG,Concentration2,#/100mL,2420,MPN/100mL,200,#/100mL,,01/31/2022
PR0023710,001,74055,"Coliform, fecal general",2420,C2,AVG,Concentration2,#/100mL,2420,MPN/100mL,200,#/100mL,,02/28/2022
PR0023710,001,74055,"Coliform, fecal general",2420,C2,AVG,Concentration2,#/100mL,2420,MPN/100mL,200,#/100mL,,03/31/2022
PR0023710,001,74055,"Coliform, fecal general",2420,C2,AVG,Concentration2,#/100mL,2420,MPN/100mL,200,#/100mL,,04/30/2022
PR0023710,001,74055,"Coliform, fecal general",2420,C2,AVG,Concentration2,#/100mL,2420,MPN/100mL,200,#/100mL,,05/31/2022
PR0023710,001,74055,"Coliform, fecal general",2420,C2,AVG,Concentration2,#/100mL,2420,MPN/100mL,200,#/100mL,,06/30/2022
PR0023710,001,74055,"Coliform, fecal general",2420,C2,AVG,Concentration2,#/100mL,2420,MPN/100mL,200,#/100mL,,07/31/2022
PR0023710,001,74055,"Coliform, fecal general",2420,C2,AVG,Concentration2,#/100mL,2420,MPN/100mL,200,#/100mL,,08/31/2022
PR0023710,001,74055,"Coliform, fecal general",2420,C2,AVG,Concentration2,#/100mL,2420,MPN/100mL,200,#/100mL,,09/30/2022
PR0023710,001,74055,"Coliform, fecal general",2420,C2,AVG,Concentration2,#/100mL,2420,MPN/100mL,200,#/100mL,,10/31/2022
PR0023710,001,74055,"Coliform, fecal general",47,C2,AVG,Concentration2,#/100mL,47,MPN/100mL,200,#/100mL,,11/30/2022
PR0023710,001,74055,"Coliform, fecal general",2420,C2,AVG,Concentration2,#/100mL,2420,MPN/100mL,200,#/100mL,,12/31/2022
PR0023710,001,74055,"Coliform, fecal general",2420,C2,AVG,Concentration2,#/100mL,2420,MPN/100mL,200,#/100mL,,01/31/2023
PR0023710,001,74055,"Coliform, fecal general",2420,C2,AVG,Concentration2,#/100mL,2420,MPN/100mL,200,#/100mL,,02/28/2023
PR0023710,001,74055,"Coliform, fecal general",2420,C2,AVG,Concentration2,#/100mL,2420,MPN/100mL,200,#/100mL,,03/31/2023
PR0023710,001,74055,"Coliform, fecal general",2420,C2,AVG,Concentration2,#/100mL,2420,MPN/100mL,200,#/100mL,,04/30/2023
PR0023710,001,74055,"Coliform, fecal general",1237,C2,AVG,Concentration2,#/100mL,1237,MPN/100mL,200,#/100mL,,05/31/2023
PR0023710,001,74055,"Coliform, fecal general",2420,C2,AVG,Concentration2,#/100mL,2420,MPN/100mL,200,#/100mL,,06/30/2023
PR0023710,001,74055,"Coliform, fecal general",2420,C2,AVG,Concentration2,#/100mL,2420,MPN/100mL,200,#/100mL,,07/31/2023
PR0023710,001,74055,"Coliform, fecal general",2420,C2,AVG,Concentration2,#/100mL,2420,MPN/100mL,200,#/100mL,,08/31/2023
PR0023710,001,74055,"Coliform, fecal general",2420,C2,AVG,Concentration2,#/100mL,2420,MPN/100mL,200,#/100mL,,09/30/2023
PR0023710,001,74055,"Coliform, fecal general",2420,C2,AVG,Concentration2,#/100mL,2420,MPN/100mL,200,#/100mL,,10/31/2023
PR0023710,001,74055,"Coliform, fecal general",14,C2,AVG,Concentration2,#/100mL,14,MPN/100mL,200,#/100mL,,11/30/2023
PR0023710,001,74055,"Coliform, fecal general",2420,C2,AVG,Concentration2,#/100mL,2420,MPN/100mL,200,#/100mL,,12/31/2023
PR0023710,001,74055,"Coliform, fecal general",2420,C2,AVG,Concentration2,#/100mL,2420,MPN/100mL,200,#/100mL,,01/31/2024
PR0023710,001,74055,"Coliform, fecal general",613,C2,AVG,Concentration2,#/100mL,613,MPN/100mL,200,#/100mL,,02/29/2024
PR0023710,001,74055,"Coliform, fecal general",637,C2,AVG,Concentration2,#/100mL,637,MPN/100mL,200,#/100mL,,03/31/2024
PR0023710,001,74055,"Coliform, fecal general",549,C2,AVG,Concentration2,#/100mL,549,MPN/100mL,200,#/100mL,,04/30/2024
PR0023710,001,74055,"Coliform, fecal general",2420,C2,AVG,Concentration2,#/100mL,2420,MPN/100mL,200,#/100mL,,05/31/2024
PR0023710,001,74055,"Coliform, fecal general",2420,C2,AVG,Concentration2,#/100mL,2420,MPN/100mL,200,#/100mL,,06/30/2024
PR0023710,001,74055,"Coliform, fecal general",2420,C2,AVG,Concentration2,#/100mL,2420,MPN/100mL,200,#/100mL,,07/31/2024
PR0023710,001,74055,"Coliform, fecal general",2420,C2,AVG,Concentration2,#/100mL,2420,MPN/100mL,200,#/100mL,,08/31/2024
PR0023710,001,74055,"Coliform, fecal general",163,C2,AVG,Concentration2,#/100mL,163,MPN/100mL,200,#/100mL,,09/30/2024
PR0023710,001,74055,"Coliform, fecal general",2420,C2,AVG,Concentration2,#/100mL,2420,MPN/100mL,200,#/100mL,,10/31/2024
PR0023710,001,74055,"Coliform, fecal general",103,C2,AVG,Concentration2,#/100mL,103,MPN/100mL,200,#/100mL,,11/30/2024
PR0023710,001,74055,"Coliform, fecal general",307,C2,AVG,Concentration2,#/100mL,307,MPN/100mL,200,#/100mL,,12/31/2024
PR0023710,001,74055,"Coliform, fecal general",2420,C2,AVG,Concentration2,#/100mL,2420,MPN/100mL,200,#/100mL,,01/31/2025
PR0023710,001,74055,"Coliform, fecal general",1021,C2,AVG,Concentration2,#/100mL,1021,MPN/100mL,200,#/100mL,,02/28/2025
PR0023710,001,74055,"Coliform, fecal general",28,C2,AVG,Concentration2,#/100mL,28,MPN/100mL,200,#/100mL,,03/31/2025
PR0023710,001,74055,"Coliform, fecal general",130,C2,AVG,Concentration2,#/100mL,130,MPN/100mL,200,#/100mL,,04/30/2025
PR0023710,001,74055,"Coliform, fecal general",2,C2,AVG,Concentration2,#/100mL,2,MPN/100mL,200,#/100mL,,05/31/2025
PR0023710,001,74055,"Coliform, fecal general",41,C2,AVG,Concentration2,#/100mL,41,MPN/100mL,200,#/100mL,,06/30/2025
PR0023710,001,74055,"Coliform, fecal general",1096,C2,AVG,Concentration2,#/100mL,1096,MPN/100mL,200,#/100mL,,07/31/2025
PR0023710,001,74055,"Coliform, fecal general",429,C2,AVG,Concentration2,#/100mL,429,MPN/100mL,200,#/100mL,,08/31/2025
PR0023710,001,74055,"Coliform, fecal general",1333,C2,AVG,Concentration2,#/100mL,1333,MPN/100mL,200,#/100mL,,09/30/2025
PR0023710,001,74055,"Coliform, fecal general",52,C2,AVG,Concentration2,#/100mL,52,MPN/100mL,200,#/100mL,,10/31/2025
PR0023710,001,74055,"Coliform, fecal general",2420,C2,AVG,Concentration2,#/100mL,2420,MPN/100mL,200,#/100mL,,11/30/2025
PR0023710,001,74055,"Coliform, fecal general",2420,C2,AVG,Concentration2,#/100mL,2420,MPN/100mL,200,#/100mL,,12/31/2025
PR0023710,001,74055,"Coliform, fecal general",2420,C2,AVG,Concentration2,#/100mL,2420,MPN/100mL,200,#/100mL,,01/31/2026
PR0023710,001,TCP3A,% Effect Static Chronic Arbacia punctulata,4.35,C1,MIN,Concentration1,%,4.35,%,,%,,02/29/2020
PR0023710,001,TCP3A,% Effect Static Chronic Arbacia punctulata,NA,C1,MIN,Concentration1,,,%,,%,,05/31/2020
PR0023710,001,TCP3A,% Effect Static Chronic Arbacia punctulata,4.35,C1,MIN,Concentration1,%,4.35,%,,%,,08/31/2020
PR0023710,001,TCP3A,% Effect Static Chronic Arbacia punctulata,17.7,C1,MIN,Concentration1,%,17.7,%,,%,,11/30/2020
PR0023710,001,TCP3A,% Effect Static Chronic Arbacia punctulata,17.7,C1,MIN,Concentration1,%,17.7,%,,%,,02/28/2021
PR0023710,001,TCP3A,% Effect Static Chronic Arbacia punctulata,17.7,C1,MIN,Concentration1,%,17.7,%,,%,,05/31/2021
PR0023710,001,TCP3A,% Effect Static Chronic Arbacia punctulata,70.9,C1,MIN,Concentration1,%,70.9,%,,%,,08/31/2021
PR0023710,001,TCP3A,% Effect Static Chronic Arbacia punctulata,17.7,C1,MIN,Concentration1,%,17.7,%,,%,,11/30/2021
PR0023710,001,TCP3A,% Effect Static Chronic Arbacia punctulata,59.17,C1,MIN,Concentration1,%,59.17,%,,%,,02/28/2022
PR0023710,001,TCP3A,% Effect Static Chronic Arbacia punctulata,59.17,C1,MIN,Concentration1,%,59.17,%,,%,,05/31/2022
PR0023710,001,TCP3A,% Effect Static Chronic Arbacia punctulata,117.65,C1,MIN,Concentration1,%,117.65,%,,%,,08/31/2022
PR0023710,001,TCP3A,% Effect Static Chronic Arbacia punctulata,59.17,C1,MIN,Concentration1,%,59.17,%,,%,,11/30/2022
PR0023710,001,TCP3A,% Effect Static Chronic Arbacia punctulata,117.6,C1,MIN,Concentration1,%,117.6,%,,%,,02/28/2023
PR0023710,001,TCP3A,% Effect Static Chronic Arbacia punctulata,59.17,C1,MIN,Concentration1,%,59.17,%,,%,,05/31/2023
PR0023710,001,TCP3A,% Effect Static Chronic Arbacia punctulata,59.17,C1,MIN,Concentration1,%,59.17,%,,%,,08/31/2023
PR0023710,001,TCP3A,% Effect Static Chronic Arbacia punctulata,NA,C1,MIN,Concentration1,,,%,,%,E,11/30/2023
PR0023710,001,TCP3A,% Effect Static Chronic Arbacia punctulata,59.17,C1,MIN,Concentration1,%,59.17,%,,%,,02/29/2024
PR0023710,001,TCP3A,% Effect Static Chronic Arbacia punctulata,59.17,C1,MIN,Concentration1,%,59.17,%,,%,,05/31/2024
PR0023710,001,TCP3A,% Effect Static Chronic Arbacia punctulata,59.17,C1,MIN,Concentration1,%,59.17,%,,%,,08/31/2024
PR0023710,001,TCP3A,% Effect Static Chronic Arbacia punctulata,59.17,C1,MIN,Concentration1,%,59.17,%,,%,,11/30/2024
PR0023710,001,TCP3A,% Effect Static Chronic Arbacia punctulata,59.17,C1,MIN,Concentration1,%,59.17,%,,%,,02/28/2025
PR0023710,001,TCP3A,% Effect Static Chronic Arbacia punctulata,59.17,C1,MIN,Concentration1,%,59.17,%,,%,,05/31/2025
PR0023710,001,TCP3A,% Effect Static Chronic Arbacia punctulata,NA,C1,MIN,Concentration1,,,%,,%,E,08/31/2025
PR0023710,001,TCP3A,% Effect Static Chronic Arbacia punctulata,59.17,C1,MIN,Concentration1,%,59.17,%,,%,,11/30/2025
PR0023710,001,TDA6A,NOAEL Static 48Hr Acute Cyprinodon variegatus,2.07,C1,MIN,Concentration1,%,2.07,%,,%,,02/29/2020
PR0023710,001,TDA6A,NOAEL Static 48Hr Acute Cyprinodon variegatus,NA,C1,MIN,Concentration1,,,%,,%,,05/31/2020
PR0023710,001,TDA6A,NOAEL Static 48Hr Acute Cyprinodon variegatus,2.01,C1,MIN,Concentration1,%,2.01,%,,%,,08/31/2020
PR0023710,001,TDA6A,NOAEL Static 48Hr Acute Cyprinodon variegatus,2.61,C1,MIN,Concentration1,%,2.61,%,,%,,11/30/2020
PR0023710,001,TDA6A,NOAEL Static 48Hr Acute Cyprinodon variegatus,2.32,C1,MIN,Concentration1,%,2.32,%,,%,,02/28/2021
PR0023710,001,TDA6A,NOAEL Static 48Hr Acute Cyprinodon variegatus,3.8,C1,MIN,Concentration1,%,3.8,%,,%,,05/31/2021
PR0023710,001,TDA6A,NOAEL Static 48Hr Acute Cyprinodon variegatus,2.13,C1,MIN,Concentration1,%,2.13,%,,%,,08/31/2021
PR0023710,001,TDA6A,NOAEL Static 48Hr Acute Cyprinodon variegatus,1.92,C1,MIN,Concentration1,%,1.92,%,,%,,11/30/2021
PR0023710,001,TDA6A,NOAEL Static 48Hr Acute Cyprinodon variegatus,17.7,C1,MIN,Concentration1,%,17.7,%,,%,,02/28/2022
PR0023710,001,TDA6A,NOAEL Static 48Hr Acute Cyprinodon variegatus,17.7,C1,MIN,Concentration1,%,17.7,%,,%,,05/31/2022
PR0023710,001,TDA6A,NOAEL Static 48Hr Acute Cyprinodon variegatus,17.7,C1,MIN,Concentration1,%,17.7,%,,%,,08/31/2022
PR0023710,001,TDA6A,NOAEL Static 48Hr Acute Cyprinodon variegatus,17.7,C1,MIN,Concentration1,%,17.7,%,,%,,11/30/2022
PR0023710,001,TDA6A,NOAEL Static 48Hr Acute Cyprinodon variegatus,17.7,C1,MIN,Concentration1,%,17.7,%,,%,,02/28/2023
PR0023710,001,TDA6A,NOAEL Static 48Hr Acute Cyprinodon variegatus,17.7,C1,MIN,Concentration1,%,17.7,%,,%,,05/31/2023
PR0023710,001,TDA6A,NOAEL Static 48Hr Acute Cyprinodon variegatus,17.7,C1,MIN,Concentration1,%,17.7,%,,%,,08/31/2023
PR0023710,001,TDA6A,NOAEL Static 48Hr Acute Cyprinodon variegatus,NA,C1,MIN,Concentration1,,,%,,%,E,11/30/2023
PR0023710,001,TDA6A,NOAEL Static 48Hr Acute Cyprinodon variegatus,17.7,C1,MIN,Concentration1,%,17.7,%,,%,,02/29/2024
PR0023710,001,TDA6A,NOAEL Static 48Hr Acute Cyprinodon variegatus,17.7,C1,MIN,Concentration1,%,17.7,%,,%,,05/31/2024
PR0023710,001,TDA6A,NOAEL Static 48Hr Acute Cyprinodon variegatus,17.7,C1,MIN,Concentration1,%,17.7,%,,%,,08/31/2024
PR0023710,001,TDA6A,NOAEL Static 48Hr Acute Cyprinodon variegatus,17.7,C1,MIN,Concentration1,%,17.7,%,,%,,11/30/2024
PR0023710,001,TDA6A,NOAEL Static 48Hr Acute Cyprinodon variegatus,17.7,C1,MIN,Concentration1,%,17.7,%,,%,,02/28/2025
PR0023710,001,TDA6A,NOAEL Static 48Hr Acute Cyprinodon variegatus,17.7,C1,MIN,Concentration1,%,17.7,%,,%,,05/31/2025
PR0023710,001,TDA6A,NOAEL Static 48Hr Acute Cyprinodon variegatus,NA,C1,MIN,Concentration1,,,%,,%,E,08/31/2025
PR0023710,001,TDA6A,NOAEL Static 48Hr Acute Cyprinodon variegatus,17.7,C1,MIN,Concentration1,%,17.7,%,,%,,11/30/2025
PR0023710,001,TPP6A,NOEC Sub-Lethal Static Renewal 7 Day Chronic Cyprinodeon variegatus,4.35,C1,MIN,Concentration1,%,4.35,%,,%,,02/29/2020
PR0023710,001,TPP6A,NOEC Sub-Lethal Static Renewal 7 Day Chronic Cyprinodeon variegatus,NA,C1,MIN,Concentration1,,,%,,%,,05/31/2020
PR0023710,001,TPP6A,NOEC Sub-Lethal Static Renewal 7 Day Chronic Cyprinodeon variegatus,4.35,C1,MIN,Concentration1,%,4.35,%,,%,,08/31/2020
PR0023710,001,TPP6A,NOEC Sub-Lethal Static Renewal 7 Day Chronic Cyprinodeon variegatus,4.35,C1,MIN,Concentration1,%,4.35,%,,%,,11/30/2020
PR0023710,001,TPP6A,NOEC Sub-Lethal Static Renewal 7 Day Chronic Cyprinodeon variegatus,4.35,C1,MIN,Concentration1,%,4.35,%,,%,,02/28/2021
PR0023710,001,TPP6A,NOEC Sub-Lethal Static Renewal 7 Day Chronic Cyprinodeon variegatus,4.35,C1,MIN,Concentration1,%,4.35,%,,%,,05/31/2021
PR0023710,001,TPP6A,NOEC Sub-Lethal Static Renewal 7 Day Chronic Cyprinodeon variegatus,70.9,C1,MIN,Concentration1,%,70.9,%,,%,,08/31/2021
PR0023710,001,TPP6A,NOEC Sub-Lethal Static Renewal 7 Day Chronic Cyprinodeon variegatus,4.4,C1,MIN,Concentration1,%,4.4,%,,%,,11/30/2021
PR0023710,001,TPP6A,NOEC Sub-Lethal Static Renewal 7 Day Chronic Cyprinodeon variegatus,59.17,C1,MIN,Concentration1,%,59.17,%,,%,,02/28/2022
PR0023710,001,TPP6A,NOEC Sub-Lethal Static Renewal 7 Day Chronic Cyprinodeon variegatus,59.17,C1,MIN,Concentration1,%,59.17,%,,%,,05/31/2022
PR0023710,001,TPP6A,NOEC Sub-Lethal Static Renewal 7 Day Chronic Cyprinodeon variegatus,59.17,C1,MIN,Concentration1,%,59.17,%,,%,,08/31/2022
PR0023710,001,TPP6A,NOEC Sub-Lethal Static Renewal 7 Day Chronic Cyprinodeon variegatus,59.17,C1,MIN,Concentration1,%,59.17,%,,%,,11/30/2022
PR0023710,001,TPP6A,NOEC Sub-Lethal Static Renewal 7 Day Chronic Cyprinodeon variegatus,59.17,C1,MIN,Concentration1,%,59.17,%,,%,,02/28/2023
PR0023710,001,TPP6A,NOEC Sub-Lethal Static Renewal 7 Day Chronic Cyprinodeon variegatus,59.17,C1,MIN,Concentration1,%,59.17,%,,%,,05/31/2023
PR0023710,001,TPP6A,NOEC Sub-Lethal Static Renewal 7 Day Chronic Cyprinodeon variegatus,59.17,C1,MIN,Concentration1,%,59.17,%,,%,,08/31/2023
PR0023710,001,TPP6A,NOEC Sub-Lethal Static Renewal 7 Day Chronic Cyprinodeon variegatus,NA,C1,MIN,Concentration1,,,%,,%,E,11/30/2023
PR0023710,001,TPP6A,NOEC Sub-Lethal Static Renewal 7 Day Chronic Cyprinodeon variegatus,476.2,C1,MIN,Concentration1,%,476.2,%,,%,,02/29/2024
PR0023710,001,TPP6A,NOEC Sub-Lethal Static Renewal 7 Day Chronic Cyprinodeon variegatus,59.17,C1,MIN,Concentration1,%,59.17,%,,%,,05/31/2024
PR0023710,001,TPP6A,NOEC Sub-Lethal Static Renewal 7 Day Chronic Cyprinodeon variegatus,59.17,C1,MIN,Concentration1,%,59.17,%,,%,,08/31/2024
PR0023710,001,TPP6A,NOEC Sub-Lethal Static Renewal 7 Day Chronic Cyprinodeon variegatus,59.17,C1,MIN,Concentration1,%,59.17,%,,%,,11/30/2024
PR0023710,001,TPP6A,NOEC Sub-Lethal Static Renewal 7 Day Chronic Cyprinodeon variegatus,59.17,C1,MIN,Concentration1,%,59.17,%,,%,,02/28/2025
PR0023710,001,TPP6A,NOEC Sub-Lethal Static Renewal 7 Day Chronic Cyprinodeon variegatus,59.17,C1,MIN,Concentration1,%,59.17,%,,%,,05/31/2025
PR0023710,001,TPP6A,NOEC Sub-Lethal Static Renewal 7 Day Chronic Cyprinodeon variegatus,NA,C1,MIN,Concentration1,,,%,,%,E,08/31/2025
PR0023710,001,TPP6A,NOEC Sub-Lethal Static Renewal 7 Day Chronic Cyprinodeon variegatus,59.17,C1,MIN,Concentration1,%,59.17,%,,%,,11/30/2025
PR0023710,001,TZP3E,% Growth Reduction Static Renewal 7 Day Chronic Americamysis bahia (formerly Mysidopsis bahia),17.7,C1,MIN,Concentration1,%,17.7,%,,%,,02/29/2020
PR0023710,001,TZP3E,% Growth Reduction Static Renewal 7 Day Chronic Americamysis bahia (formerly Mysidopsis bahia),NA,C1,MIN,Concentration1,,,%,,%,,05/31/2020
PR0023710,001,TZP3E,% Growth Reduction Static Renewal 7 Day Chronic Americamysis bahia (formerly Mysidopsis bahia),17.7,C1,MIN,Concentration1,%,17.7,%,,%,,08/31/2020
PR0023710,001,TZP3E,% Growth Reduction Static Renewal 7 Day Chronic Americamysis bahia (formerly Mysidopsis bahia),4.35,C1,MIN,Concentration1,%,4.35,%,,%,,11/30/2020
PR0023710,001,TZP3E,% Growth Reduction Static Renewal 7 Day Chronic Americamysis bahia (formerly Mysidopsis bahia),17.7,C1,MIN,Concentration1,%,17.7,%,,%,,02/28/2021
PR0023710,001,TZP3E,% Growth Reduction Static Renewal 7 Day Chronic Americamysis bahia (formerly Mysidopsis bahia),70.9,C1,MIN,Concentration1,%,70.9,%,,%,,05/31/2021
PR0023710,001,TZP3E,% Growth Reduction Static Renewal 7 Day Chronic Americamysis bahia (formerly Mysidopsis bahia),4.35,C1,MIN,Concentration1,%,4.35,%,,%,,08/31/2021
PR0023710,001,TZP3E,% Growth Reduction Static Renewal 7 Day Chronic Americamysis bahia (formerly Mysidopsis bahia),4.4,C1,MIN,Concentration1,%,4.4,%,,%,,11/30/2021
PR0023710,001,TZP3E,% Growth Reduction Static Renewal 7 Day Chronic Americamysis bahia (formerly Mysidopsis bahia),117.65,C1,MIN,Concentration1,%,117.65,%,,%,,02/28/2022
PR0023710,001,TZP3E,% Growth Reduction Static Renewal 7 Day Chronic Americamysis bahia (formerly Mysidopsis bahia),59.17,C1,MIN,Concentration1,%,59.17,%,,%,,05/31/2022
PR0023710,001,TZP3E,% Growth Reduction Static Renewal 7 Day Chronic Americamysis bahia (formerly Mysidopsis bahia),59.17,C1,MIN,Concentration1,%,59.17,%,,%,,08/31/2022
PR0023710,001,TZP3E,% Growth Reduction Static Renewal 7 Day Chronic Americamysis bahia (formerly Mysidopsis bahia),59.17,C1,MIN,Concentration1,%,59.17,%,,%,,11/30/2022
PR0023710,001,TZP3E,% Growth Reduction Static Renewal 7 Day Chronic Americamysis bahia (formerly Mysidopsis bahia),59.17,C1,MIN,Concentration1,%,59.17,%,,%,,02/28/2023
PR0023710,001,TZP3E,% Growth Reduction Static Renewal 7 Day Chronic Americamysis bahia (formerly Mysidopsis bahia),59.17,C1,MIN,Concentration1,%,59.17,%,,%,,05/31/2023
PR0023710,001,TZP3E,% Growth Reduction Static Renewal 7 Day Chronic Americamysis bahia (formerly Mysidopsis bahia),59.17,C1,MIN,Concentration1,%,59.17,%,,%,,08/31/2023
PR0023710,001,TZP3E,% Growth Reduction Static Renewal 7 Day Chronic Americamysis bahia (formerly Mysidopsis bahia),NA,C1,MIN,Concentration1,,,%,,%,E,11/30/2023
PR0023710,001,TZP3E,% Growth Reduction Static Renewal 7 Day Chronic Americamysis bahia (formerly Mysidopsis bahia),59.17,C1,MIN,Concentration1,%,59.17,%,,%,,02/29/2024
PR0023710,001,TZP3E,% Growth Reduction Static Renewal 7 Day Chronic Americamysis bahia (formerly Mysidopsis bahia),59.17,C1,MIN,Concentration1,%,59.17,%,,%,,05/31/2024
PR0023710,001,TZP3E,% Growth Reduction Static Renewal 7 Day Chronic Americamysis bahia (formerly Mysidopsis bahia),59.17,C1,MIN,Concentration1,%,59.17,%,,%,,08/31/2024
PR0023710,001,TZP3E,% Growth Reduction Static Renewal 7 Day Chronic Americamysis bahia (formerly Mysidopsis bahia),59.17,C1,MIN,Concentration1,%,59.17,%,,%,,11/30/2024
PR0023710,001,TZP3E,% Growth Reduction Static Renewal 7 Day Chronic Americamysis bahia (formerly Mysidopsis bahia),59.17,C1,MIN,Concentration1,%,59.17,%,,%,,02/28/2025
PR0023710,001,TZP3E,% Growth Reduction Static Renewal 7 Day Chronic Americamysis bahia (formerly Mysidopsis bahia),59.17,C1,MIN,Concentration1,%,59.17,%,,%,,05/31/2025
PR0023710,001,TZP3E,% Growth Reduction Static Renewal 7 Day Chronic Americamysis bahia (formerly Mysidopsis bahia),NA,C1,MIN,Concentration1,,,%,,%,E,08/31/2025
PR0023710,001,TZP3E,% Growth Reduction Static Renewal 7 Day Chronic Americamysis bahia (formerly Mysidopsis bahia),59.17,C1,MIN,Concentration1,%,59.17,%,,%,,11/30/2025
