npdes_id,perm_feature_nmbr,parameter_code,parameter_desc,dmr_value_nmbr,value_type_code,statistical_base_type_code,value_type_desc,dmr_unit_desc,dmr_value_standard_units,standard_unit_desc,limit_value_nmbr,limit_unit_desc,nodi_code,monitoring_period_end_date
PR0000370,001,00011,"Temperature, water deg. fahrenheit",NA,C3,MAX,Concentration3,,,deg F,90,deg F,C,01/31/2020
PR0000370,001,00011,"Temperature, water deg. fahrenheit",NA,C3,MAX,Concentration3,,,deg F,90,deg F,C,02/29/2020
PR0000370,001,00011,"Temperature, water deg. fahrenheit",NA,C3,MAX,Concentration3,,,deg F,90,deg F,C,03/31/2020
PR0000370,001,00011,"Temperature, water deg. fahrenheit",NA,C3,MAX,Concentration3,,,deg F,90,deg F,C,04/30/2020
PR0000370,001,00011,"Temperature, water deg. fahrenheit",NA,C3,MAX,Concentration3,,,deg F,90,deg F,C,05/31/2020
PR0000370,001,00011,"Temperature, water deg. fahrenheit",NA,C3,MAX,Concentration3,,,deg F,90,deg F,C,06/30/2020
PR0000370,001,00011,"Temperature, water deg. fahrenheit",NA,C3,MAX,Concentration3,,,deg F,90,deg F,C,07/31/2020
PR0000370,001,00011,"Temperature, water deg. fahrenheit",NA,C3,MAX,Concentration3,,,deg F,90,deg F,C,08/31/2020
PR0000370,001,00011,"Temperature, water deg. fahrenheit",NA,C3,MAX,Concentration3,,,deg F,90,deg F,C,09/30/2020
PR0000370,001,00011,"Temperature, water deg. fahrenheit",NA,C3,MAX,Concentration3,,,deg F,90,deg F,C,10/31/2020
PR0000370,001,00011,"Temperature, water deg. fahrenheit",NA,C3,MAX,Concentration3,,,deg F,90,deg F,C,11/30/2020
PR0000370,001,00011,"Temperature, water deg. fahrenheit",NA,C3,MAX,Concentration3,,,deg F,90,deg F,C,12/31/2020
PR0000370,001,00011,"Temperature, water deg. fahrenheit",NA,C3,MAX,Concentration3,,,deg F,90,deg F,C,01/31/2021
PR0000370,001,00011,"Temperature, water deg. fahrenheit",NA,C3,MAX,Concentration3,,,deg F,90,deg F,C,02/28/2021
PR0000370,001,00011,"Temperature, water deg. fahrenheit",NA,C3,MAX,Concentration3,,,deg F,90,deg F,C,03/31/2021
PR0000370,001,00011,"Temperature, water deg. fahrenheit",NA,C3,MAX,Concentration3,,,deg F,90,deg F,C,04/30/2021
PR0000370,001,00011,"Temperature, water deg. fahrenheit",NA,C3,MAX,Concentration3,,,deg F,90,deg F,C,05/31/2021
PR0000370,001,00011,"Temperature, water deg. fahrenheit",NA,C3,MAX,Concentration3,,,deg F,90,deg F,C,06/30/2021
PR0000370,001,00011,"Temperature, water deg. fahrenheit",NA,C3,MAX,Concentration3,,,deg F,90,deg F,C,07/31/2021
PR0000370,001,00011,"Temperature, water deg. fahrenheit",NA,C3,MAX,Concentration3,,,deg F,90,deg F,C,08/31/2021
PR0000370,001,00011,"Temperature, water deg. fahrenheit",NA,C3,MAX,Concentration3,,,deg F,90,deg F,C,09/30/2021
PR0000370,001,00011,"Temperature, water deg. fahrenheit",NA,C3,MAX,Concentration3,,,deg F,90,deg F,C,10/31/2021
PR0000370,001,00011,"Temperature, water deg. fahrenheit",NA,C3,MAX,Concentration3,,,deg F,90,deg F,C,11/30/2021
PR0000370,001,00011,"Temperature, water deg. fahrenheit",NA,C3,MAX,Concentration3,,,deg F,90,deg F,C,12/31/2021
PR0000370,001,00011,"Temperature, water deg. fahrenheit",NA,C3,MAX,Concentration3,,,deg F,90,deg F,C,01/31/2022
PR0000370,001,00011,"Temperature, water deg. fahrenheit",NA,C3,MAX,Concentration3,,,deg F,90,deg F,C,02/28/2022
PR0000370,001,00011,"Temperature, water deg. fahrenheit",NA,C3,MAX,Concentration3,,,deg F,90,deg F,C,03/31/2022
PR0000370,001,00011,"Temperature, water deg. fahrenheit",NA,C3,MAX,Concentration3,,,deg F,90,deg F,C,04/30/2022
PR0000370,001,00011,"Temperature, water deg. fahrenheit",NA,C3,MAX,Concentration3,,,deg F,90,deg F,C,05/31/2022
PR0000370,001,00011,"Temperature, water deg. fahrenheit",NA,C3,MAX,Concentration3,,,deg F,90,deg F,C,06/30/2022
PR0000370,001,00011,"Temperature, water deg. fahrenheit",NA,C3,MAX,Concentration3,,,deg F,90,deg F,C,07/31/2022
PR0000370,001,00011,"Temperature, water deg. fahrenheit",NA,C3,MAX,Concentration3,,,deg F,90,deg F,C,08/31/2022
PR0000370,001,00011,"Temperature, water deg. fahrenheit",NA,C3,MAX,Concentration3,,,deg F,90,deg F,C,09/30/2022
PR0000370,001,00011,"Temperature, water deg. fahrenheit",NA,C3,MAX,Concentration3,,,deg F,90,deg F,C,10/31/2022
PR0000370,001,00011,"Temperature, water deg. fahrenheit",NA,C3,MAX,Concentration3,,,deg F,90,deg F,C,11/30/2022
PR0000370,001,00011,"Temperature, water deg. fahrenheit",NA,C3,MAX,Concentration3,,,deg F,90,deg F,C,12/31/2022
PR0000370,001,00011,"Temperature, water deg. fahrenheit",NA,C3,MAX,Concentration3,,,deg F,90,deg F,C,01/31/2023
PR0000370,001,00011,"Temperature, water deg. fahrenheit",NA,C3,MAX,Concentration3,,,deg F,90,deg F,C,02/28/2023
PR0000370,001,00011,"Temperature, water deg. fahrenheit",NA,C3,MAX,Concentration3,,,deg F,90,deg F,C,03/31/2023
PR0000370,001,00011,"Temperature, water deg. fahrenheit",NA,C3,MAX,Concentration3,,,deg F,90,deg F,C,04/30/2023
PR0000370,001,00011,"Temperature, water deg. fahrenheit",NA,C3,MAX,Concentration3,,,deg F,90,deg F,C,05/31/2023
PR0000370,001,00011,"Temperature, water deg. fahrenheit",NA,C3,MAX,Concentration3,,,deg F,90,deg F,C,06/30/2023
PR0000370,001,00011,"Temperature, water deg. fahrenheit",NA,C3,MAX,Concentration3,,,deg F,90,deg F,C,07/31/2023
PR0000370,001,00011,"Temperature, water deg. fahrenheit",NA,C3,MAX,Concentration3,,,deg F,90,deg F,C,08/31/2023
PR0000370,001,00011,"Temperature, water deg. fahrenheit",NA,C3,MAX,Concentration3,,,deg F,90,deg F,C,09/30/2023
PR0000370,001,00011,"Temperature, water deg. fahrenheit",NA,C3,MAX,Concentration3,,,deg F,90,deg F,C,10/31/2023
PR0000370,001,00011,"Temperature, water deg. fahrenheit",NA,C3,MAX,Concentration3,,,deg F,90,deg F,C,11/30/2023
PR0000370,001,00011,"Temperature, water deg. fahrenheit",NA,C3,MAX,Concentration3,,,deg F,90,deg F,C,12/31/2023
PR0000370,001,00011,"Temperature, water deg. fahrenheit",NA,C3,MAX,Concentration3,,,deg F,90,deg F,C,01/31/2024
PR0000370,001,00011,"Temperature, water deg. fahrenheit",NA,C3,MAX,Concentration3,,,deg F,90,deg F,C,02/29/2024
PR0000370,001,00011,"Temperature, water deg. fahrenheit",NA,C3,MAX,Concentration3,,,deg F,90,deg F,C,03/31/2024
PR0000370,001,00011,"Temperature, water deg. fahrenheit",NA,C3,MAX,Concentration3,,,deg F,90,deg F,C,04/30/2024
PR0000370,001,00011,"Temperature, water deg. fahrenheit",NA,C3,MAX,Concentration3,,,deg F,90,deg F,C,05/31/2024
PR0000370,001,00011,"Temperature, water deg. fahrenheit",NA,C3,MAX,Concentration3,,,deg F,90,deg F,C,06/30/2024
PR0000370,001,00011,"Temperature, water deg. fahrenheit",NA,C3,MAX,Concentration3,,,deg F,90,deg F,C,07/31/2024
PR0000370,001,00011,"Temperature, water deg. fahrenheit",NA,C3,MAX,Concentration3,,,deg F,90,deg F,C,08/31/2024
PR0000370,001,00011,"Temperature, water deg. fahrenheit",NA,C3,MAX,Concentration3,,,deg F,90,deg F,C,09/30/2024
PR0000370,001,00011,"Temperature, water deg. fahrenheit",NA,C3,MAX,Concentration3,,,deg F,90,deg F,C,10/31/2024
PR0000370,001,00011,"Temperature, water deg. fahrenheit",NA,C3,MAX,Concentration3,,,deg F,90,deg F,C,11/30/2024
PR0000370,001,00011,"Temperature, water deg. fahrenheit",NA,C3,MAX,Concentration3,,,deg F,90,deg F,C,12/31/2024
PR0000370,001,00011,"Temperature, water deg. fahrenheit",NA,C3,MAX,Concentration3,,,deg F,90,deg F,C,01/31/2025
PR0000370,001,00011,"Temperature, water deg. fahrenheit",NA,C3,MAX,Concentration3,,,deg F,90,deg F,C,02/28/2025
PR0000370,001,00011,"Temperature, water deg. fahrenheit",NA,C3,MAX,Concentration3,,,deg F,90,deg F,C,03/31/2025
PR0000370,001,00011,"Temperature, water deg. fahrenheit",NA,C3,MAX,Concentration3,,,deg F,90,deg F,C,04/30/2025
PR0000370,001,00011,"Temperature, water deg. fahrenheit",NA,C3,MAX,Concentration3,,,deg F,90,deg F,C,05/31/2025
PR0000370,001,00011,"Temperature, water deg. fahrenheit",NA,C3,MAX,Concentration3,,,deg F,90,deg F,C,06/30/2025
PR0000370,001,00011,"Temperature, water deg. fahrenheit",NA,C3,MAX,Concentration3,,,deg F,90,deg F,C,07/31/2025
PR0000370,001,00011,"Temperature, water deg. fahrenheit",NA,C3,MAX,Concentration3,,,deg F,90,deg F,C,08/31/2025
PR0000370,001,00011,"Temperature, water deg. fahrenheit",NA,C3,MAX,Concentration3,,,deg F,90,deg F,C,09/30/2025
PR0000370,001,00011,"Temperature, water deg. fahrenheit",NA,C3,MAX,Concentration3,,,deg F,90,deg F,C,10/31/2025
PR0000370,001,00011,"Temperature, water deg. fahrenheit",NA,C3,MAX,Concentration3,,,deg F,90,deg F,C,11/30/2025
PR0000370,001,00011,"Temperature, water deg. fahrenheit",NA,C3,MAX,Concentration3,,,deg F,90,deg F,C,12/31/2025
PR0000370,001,00011,"Temperature, water deg. fahrenheit",NA,C3,MAX,Concentration3,,,deg F,90,deg F,C,01/31/2026
PR0000370,001,00070,Turbidity,NA,C3,MAX,Concentration3,,,NTU,75,NTU,C,01/31/2020
PR0000370,001,00070,Turbidity,NA,C3,MAX,Concentration3,,,NTU,75,NTU,C,02/29/2020
PR0000370,001,00070,Turbidity,NA,C3,MAX,Concentration3,,,NTU,75,NTU,C,03/31/2020
PR0000370,001,00070,Turbidity,NA,C3,MAX,Concentration3,,,NTU,75,NTU,C,04/30/2020
PR0000370,001,00070,Turbidity,NA,C3,MAX,Concentration3,,,NTU,75,NTU,C,05/31/2020
PR0000370,001,00070,Turbidity,NA,C3,MAX,Concentration3,,,NTU,75,NTU,C,06/30/2020
PR0000370,001,00070,Turbidity,NA,C3,MAX,Concentration3,,,NTU,75,NTU,C,07/31/2020
PR0000370,001,00070,Turbidity,NA,C3,MAX,Concentration3,,,NTU,75,NTU,C,08/31/2020
PR0000370,001,00070,Turbidity,NA,C3,MAX,Concentration3,,,NTU,75,NTU,C,09/30/2020
PR0000370,001,00070,Turbidity,NA,C3,MAX,Concentration3,,,NTU,75,NTU,C,10/31/2020
PR0000370,001,00070,Turbidity,NA,C3,MAX,Concentration3,,,NTU,75,NTU,C,11/30/2020
PR0000370,001,00070,Turbidity,NA,C3,MAX,Concentration3,,,NTU,75,NTU,C,12/31/2020
PR0000370,001,00070,Turbidity,NA,C3,MAX,Concentration3,,,NTU,75,NTU,C,01/31/2021
PR0000370,001,00070,Turbidity,NA,C3,MAX,Concentration3,,,NTU,75,NTU,C,02/28/2021
PR0000370,001,00070,Turbidity,NA,C3,MAX,Concentration3,,,NTU,75,NTU,C,03/31/2021
PR0000370,001,00070,Turbidity,NA,C3,MAX,Concentration3,,,NTU,75,NTU,C,04/30/2021
PR0000370,001,00070,Turbidity,NA,C3,MAX,Concentration3,,,NTU,75,NTU,C,05/31/2021
PR0000370,001,00070,Turbidity,NA,C3,MAX,Concentration3,,,NTU,75,NTU,C,06/30/2021
PR0000370,001,00070,Turbidity,NA,C3,MAX,Concentration3,,,NTU,75,NTU,C,07/31/2021
PR0000370,001,00070,Turbidity,NA,C3,MAX,Concentration3,,,NTU,75,NTU,C,08/31/2021
PR0000370,001,00070,Turbidity,NA,C3,MAX,Concentration3,,,NTU,75,NTU,C,09/30/2021
PR0000370,001,00070,Turbidity,NA,C3,MAX,Concentration3,,,NTU,75,NTU,C,10/31/2021
PR0000370,001,00070,Turbidity,NA,C3,MAX,Concentration3,,,NTU,75,NTU,C,11/30/2021
PR0000370,001,00070,Turbidity,NA,C3,MAX,Concentration3,,,NTU,75,NTU,C,12/31/2021
PR0000370,001,00070,Turbidity,NA,C3,MAX,Concentration3,,,NTU,75,NTU,C,01/31/2022
PR0000370,001,00070,Turbidity,NA,C3,MAX,Concentration3,,,NTU,75,NTU,C,02/28/2022
PR0000370,001,00070,Turbidity,NA,C3,MAX,Concentration3,,,NTU,75,NTU,C,03/31/2022
PR0000370,001,00070,Turbidity,NA,C3,MAX,Concentration3,,,NTU,75,NTU,C,04/30/2022
PR0000370,001,00070,Turbidity,NA,C3,MAX,Concentration3,,,NTU,75,NTU,C,05/31/2022
PR0000370,001,00070,Turbidity,NA,C3,MAX,Concentration3,,,NTU,75,NTU,C,06/30/2022
PR0000370,001,00070,Turbidity,NA,C3,MAX,Concentration3,,,NTU,75,NTU,C,07/31/2022
PR0000370,001,00070,Turbidity,NA,C3,MAX,Concentration3,,,NTU,75,NTU,C,08/31/2022
PR0000370,001,00070,Turbidity,NA,C3,MAX,Concentration3,,,NTU,75,NTU,C,09/30/2022
PR0000370,001,00070,Turbidity,NA,C3,MAX,Concentration3,,,NTU,75,NTU,C,10/31/2022
PR0000370,001,00070,Turbidity,NA,C3,MAX,Concentration3,,,NTU,75,NTU,C,11/30/2022
PR0000370,001,00070,Turbidity,NA,C3,MAX,Concentration3,,,NTU,75,NTU,C,12/31/2022
PR0000370,001,00070,Turbidity,NA,C3,MAX,Concentration3,,,NTU,75,NTU,C,01/31/2023
PR0000370,001,00070,Turbidity,NA,C3,MAX,Concentration3,,,NTU,75,NTU,C,02/28/2023
PR0000370,001,00070,Turbidity,NA,C3,MAX,Concentration3,,,NTU,75,NTU,C,03/31/2023
PR0000370,001,00070,Turbidity,NA,C3,MAX,Concentration3,,,NTU,75,NTU,C,04/30/2023
PR0000370,001,00070,Turbidity,NA,C3,MAX,Concentration3,,,NTU,75,NTU,C,05/31/2023
PR0000370,001,00070,Turbidity,NA,C3,MAX,Concentration3,,,NTU,75,NTU,C,06/30/2023
PR0000370,001,00070,Turbidity,NA,C3,MAX,Concentration3,,,NTU,75,NTU,C,07/31/2023
PR0000370,001,00070,Turbidity,NA,C3,MAX,Concentration3,,,NTU,75,NTU,C,08/31/2023
PR0000370,001,00070,Turbidity,NA,C3,MAX,Concentration3,,,NTU,75,NTU,C,09/30/2023
PR0000370,001,00070,Turbidity,NA,C3,MAX,Concentration3,,,NTU,75,NTU,C,10/31/2023
PR0000370,001,00070,Turbidity,NA,C3,MAX,Concentration3,,,NTU,75,NTU,C,11/30/2023
PR0000370,001,00070,Turbidity,NA,C3,MAX,Concentration3,,,NTU,75,NTU,C,12/31/2023
PR0000370,001,00070,Turbidity,NA,C3,MAX,Concentration3,,,NTU,75,NTU,C,01/31/2024
PR0000370,001,00070,Turbidity,NA,C3,MAX,Concentration3,,,NTU,75,NTU,C,02/29/2024
PR0000370,001,00070,Turbidity,NA,C3,MAX,Concentration3,,,NTU,75,NTU,C,03/31/2024
PR0000370,001,00070,Turbidity,NA,C3,MAX,Concentration3,,,NTU,75,NTU,C,04/30/2024
PR0000370,001,00070,Turbidity,NA,C3,MAX,Concentration3,,,NTU,75,NTU,C,05/31/2024
PR0000370,001,00070,Turbidity,NA,C3,MAX,Concentration3,,,NTU,75,NTU,C,06/30/2024
PR0000370,001,00070,Turbidity,NA,C3,MAX,Concentration3,,,NTU,75,NTU,C,07/31/2024
PR0000370,001,00070,Turbidity,NA,C3,MAX,Concentration3,,,NTU,75,NTU,C,08/31/2024
PR0000370,001,00070,Turbidity,NA,C3,MAX,Concentration3,,,NTU,75,NTU,C,09/30/2024
PR0000370,001,00070,Turbidity,NA,C3,MAX,Concentration3,,,NTU,75,NTU,C,10/31/2024
PR0000370,001,00070,Turbidity,NA,C3,MAX,Concentration3,,,NTU,75,NTU,C,11/30/2024
PR0000370,001,00070,Turbidity,NA,C3,MAX,Concentration3,,,NTU,75,NTU,C,12/31/2024
PR0000370,001,00070,Turbidity,NA,C3,MAX,Concentration3,,,NTU,75,NTU,C,01/31/2025
PR0000370,001,00070,Turbidity,NA,C3,MAX,Concentration3,,,NTU,75,NTU,C,02/28/2025
PR0000370,001,00070,Turbidity,NA,C3,MAX,Concentration3,,,NTU,75,NTU,C,03/31/2025
PR0000370,001,00070,Turbidity,NA,C3,MAX,Concentration3,,,NTU,75,NTU,C,04/30/2025
PR0000370,001,00070,Turbidity,NA,C3,MAX,Concentration3,,,NTU,75,NTU,C,05/31/2025
PR0000370,001,00070,Turbidity,NA,C3,MAX,Concentration3,,,NTU,75,NTU,C,06/30/2025
PR0000370,001,00070,Turbidity,NA,C3,MAX,Concentration3,,,NTU,75,NTU,C,07/31/2025
PR0000370,001,00070,Turbidity,NA,C3,MAX,Concentration3,,,NTU,75,NTU,C,08/31/2025
PR0000370,001,00070,Turbidity,NA,C3,MAX,Concentration3,,,NTU,75,NTU,C,09/30/2025
PR0000370,001,00070,Turbidity,NA,C3,MAX,Concentration3,,,NTU,75,NTU,C,10/31/2025
PR0000370,001,00070,Turbidity,NA,C3,MAX,Concentration3,,,NTU,75,NTU,C,11/30/2025
PR0000370,001,00070,Turbidity,NA,C3,MAX,Concentration3,,,NTU,75,NTU,C,12/31/2025
PR0000370,001,00070,Turbidity,NA,C3,MAX,Concentration3,,,NTU,75,NTU,C,01/31/2026
PR0000370,001,00080,Color [PT-CO units],NA,C3,MAX,Concentration3,,,col unit (pc),,col unit (pc),C,01/31/2020
PR0000370,001,00080,Color [PT-CO units],NA,C3,MAX,Concentration3,,,col unit (pc),,col unit (pc),C,02/29/2020
PR0000370,001,00080,Color [PT-CO units],NA,C3,MAX,Concentration3,,,col unit (pc),,col unit (pc),C,03/31/2020
PR0000370,001,00080,Color [PT-CO units],NA,C3,MAX,Concentration3,,,col unit (pc),,col unit (pc),C,04/30/2020
PR0000370,001,00080,Color [PT-CO units],NA,C3,MAX,Concentration3,,,col unit (pc),,col unit (pc),C,05/31/2020
PR0000370,001,00080,Color [PT-CO units],NA,C3,MAX,Concentration3,,,col unit (pc),,col unit (pc),C,06/30/2020
PR0000370,001,00080,Color [PT-CO units],NA,C3,MAX,Concentration3,,,col unit (pc),,col unit (pc),C,07/31/2020
PR0000370,001,00080,Color [PT-CO units],NA,C3,MAX,Concentration3,,,col unit (pc),,col unit (pc),C,08/31/2020
PR0000370,001,00080,Color [PT-CO units],NA,C3,MAX,Concentration3,,,col unit (pc),,col unit (pc),C,09/30/2020
PR0000370,001,00080,Color [PT-CO units],NA,C3,MAX,Concentration3,,,col unit (pc),,col unit (pc),C,10/31/2020
PR0000370,001,00080,Color [PT-CO units],NA,C3,MAX,Concentration3,,,col unit (pc),,col unit (pc),C,11/30/2020
PR0000370,001,00080,Color [PT-CO units],NA,C3,MAX,Concentration3,,,col unit (pc),,col unit (pc),C,12/31/2020
PR0000370,001,00080,Color [PT-CO units],NA,C3,MAX,Concentration3,,,col unit (pc),,col unit (pc),C,01/31/2021
PR0000370,001,00080,Color [PT-CO units],NA,C3,MAX,Concentration3,,,col unit (pc),,col unit (pc),C,02/28/2021
PR0000370,001,00080,Color [PT-CO units],NA,C3,MAX,Concentration3,,,col unit (pc),,col unit (pc),C,03/31/2021
PR0000370,001,00080,Color [PT-CO units],NA,C3,MAX,Concentration3,,,col unit (pc),,col unit (pc),C,04/30/2021
PR0000370,001,00080,Color [PT-CO units],NA,C3,MAX,Concentration3,,,col unit (pc),,col unit (pc),C,05/31/2021
PR0000370,001,00080,Color [PT-CO units],NA,C3,MAX,Concentration3,,,col unit (pc),,col unit (pc),C,06/30/2021
PR0000370,001,00080,Color [PT-CO units],NA,C3,MAX,Concentration3,,,col unit (pc),,col unit (pc),C,07/31/2021
PR0000370,001,00080,Color [PT-CO units],NA,C3,MAX,Concentration3,,,col unit (pc),,col unit (pc),C,08/31/2021
PR0000370,001,00080,Color [PT-CO units],NA,C3,MAX,Concentration3,,,col unit (pc),,col unit (pc),C,09/30/2021
PR0000370,001,00080,Color [PT-CO units],NA,C3,MAX,Concentration3,,,col unit (pc),,col unit (pc),C,10/31/2021
PR0000370,001,00080,Color [PT-CO units],NA,C3,MAX,Concentration3,,,col unit (pc),,col unit (pc),C,11/30/2021
PR0000370,001,00080,Color [PT-CO units],NA,C3,MAX,Concentration3,,,col unit (pc),,col unit (pc),C,12/31/2021
PR0000370,001,00080,Color [PT-CO units],NA,C3,MAX,Concentration3,,,col unit (pc),,col unit (pc),C,01/31/2022
PR0000370,001,00080,Color [PT-CO units],NA,C3,MAX,Concentration3,,,col unit (pc),,col unit (pc),C,02/28/2022
PR0000370,001,00080,Color [PT-CO units],NA,C3,MAX,Concentration3,,,col unit (pc),,col unit (pc),C,03/31/2022
PR0000370,001,00080,Color [PT-CO units],NA,C3,MAX,Concentration3,,,col unit (pc),,col unit (pc),C,04/30/2022
PR0000370,001,00080,Color [PT-CO units],NA,C3,MAX,Concentration3,,,col unit (pc),,col unit (pc),C,05/31/2022
PR0000370,001,00080,Color [PT-CO units],NA,C3,MAX,Concentration3,,,col unit (pc),,col unit (pc),C,06/30/2022
PR0000370,001,00080,Color [PT-CO units],NA,C3,MAX,Concentration3,,,col unit (pc),,col unit (pc),C,07/31/2022
PR0000370,001,00080,Color [PT-CO units],NA,C3,MAX,Concentration3,,,col unit (pc),,col unit (pc),C,08/31/2022
PR0000370,001,00080,Color [PT-CO units],NA,C3,MAX,Concentration3,,,col unit (pc),,col unit (pc),C,09/30/2022
PR0000370,001,00080,Color [PT-CO units],NA,C3,MAX,Concentration3,,,col unit (pc),,col unit (pc),C,10/31/2022
PR0000370,001,00080,Color [PT-CO units],NA,C3,MAX,Concentration3,,,col unit (pc),,col unit (pc),C,11/30/2022
PR0000370,001,00080,Color [PT-CO units],NA,C3,MAX,Concentration3,,,col unit (pc),,col unit (pc),C,12/31/2022
PR0000370,001,00080,Color [PT-CO units],NA,C3,MAX,Concentration3,,,col unit (pc),,col unit (pc),C,01/31/2023
PR0000370,001,00080,Color [PT-CO units],NA,C3,MAX,Concentration3,,,col unit (pc),,col unit (pc),C,02/28/2023
PR0000370,001,00080,Color [PT-CO units],NA,C3,MAX,Concentration3,,,col unit (pc),,col unit (pc),C,03/31/2023
PR0000370,001,00080,Color [PT-CO units],NA,C3,MAX,Concentration3,,,col unit (pc),,col unit (pc),C,04/30/2023
PR0000370,001,00080,Color [PT-CO units],NA,C3,MAX,Concentration3,,,col unit (pc),,col unit (pc),C,05/31/2023
PR0000370,001,00080,Color [PT-CO units],NA,C3,MAX,Concentration3,,,col unit (pc),,col unit (pc),C,06/30/2023
PR0000370,001,00080,Color [PT-CO units],NA,C3,MAX,Concentration3,,,col unit (pc),,col unit (pc),C,07/31/2023
PR0000370,001,00080,Color [PT-CO units],NA,C3,MAX,Concentration3,,,col unit (pc),,col unit (pc),C,08/31/2023
PR0000370,001,00080,Color [PT-CO units],NA,C3,MAX,Concentration3,,,col unit (pc),,col unit (pc),C,09/30/2023
PR0000370,001,00080,Color [PT-CO units],NA,C3,MAX,Concentration3,,,col unit (pc),,col unit (pc),C,10/31/2023
PR0000370,001,00080,Color [PT-CO units],NA,C3,MAX,Concentration3,,,col unit (pc),,col unit (pc),C,11/30/2023
PR0000370,001,00080,Color [PT-CO units],NA,C3,MAX,Concentration3,,,col unit (pc),,col unit (pc),C,12/31/2023
PR0000370,001,00080,Color [PT-CO units],NA,C3,MAX,Concentration3,,,col unit (pc),,col unit (pc),C,01/31/2024
PR0000370,001,00080,Color [PT-CO units],NA,C3,MAX,Concentration3,,,col unit (pc),,col unit (pc),C,02/29/2024
PR0000370,001,00080,Color [PT-CO units],NA,C3,MAX,Concentration3,,,col unit (pc),,col unit (pc),C,03/31/2024
PR0000370,001,00080,Color [PT-CO units],NA,C3,MAX,Concentration3,,,col unit (pc),,col unit (pc),C,04/30/2024
PR0000370,001,00080,Color [PT-CO units],NA,C3,MAX,Concentration3,,,col unit (pc),,col unit (pc),C,05/31/2024
PR0000370,001,00080,Color [PT-CO units],NA,C3,MAX,Concentration3,,,col unit (pc),,col unit (pc),C,06/30/2024
PR0000370,001,00080,Color [PT-CO units],NA,C3,MAX,Concentration3,,,col unit (pc),,col unit (pc),C,07/31/2024
PR0000370,001,00080,Color [PT-CO units],NA,C3,MAX,Concentration3,,,col unit (pc),,col unit (pc),C,08/31/2024
PR0000370,001,00080,Color [PT-CO units],NA,C3,MAX,Concentration3,,,col unit (pc),,col unit (pc),C,09/30/2024
PR0000370,001,00080,Color [PT-CO units],NA,C3,MAX,Concentration3,,,col unit (pc),,col unit (pc),C,10/31/2024
PR0000370,001,00080,Color [PT-CO units],NA,C3,MAX,Concentration3,,,col unit (pc),,col unit (pc),C,11/30/2024
PR0000370,001,00080,Color [PT-CO units],NA,C3,MAX,Concentration3,,,col unit (pc),,col unit (pc),C,12/31/2024
PR0000370,001,00080,Color [PT-CO units],NA,C3,MAX,Concentration3,,,col unit (pc),,col unit (pc),C,01/31/2025
PR0000370,001,00080,Color [PT-CO units],NA,C3,MAX,Concentration3,,,col unit (pc),,col unit (pc),C,02/28/2025
PR0000370,001,00080,Color [PT-CO units],NA,C3,MAX,Concentration3,,,col unit (pc),,col unit (pc),C,03/31/2025
PR0000370,001,00080,Color [PT-CO units],NA,C3,MAX,Concentration3,,,col unit (pc),,col unit (pc),C,04/30/2025
PR0000370,001,00080,Color [PT-CO units],NA,C3,MAX,Concentration3,,,col unit (pc),,col unit (pc),C,05/31/2025
PR0000370,001,00080,Color [PT-CO units],NA,C3,MAX,Concentration3,,,col unit (pc),,col unit (pc),C,06/30/2025
PR0000370,001,00080,Color [PT-CO units],NA,C3,MAX,Concentration3,,,col unit (pc),,col unit (pc),C,07/31/2025
PR0000370,001,00080,Color [PT-CO units],NA,C3,MAX,Concentration3,,,col unit (pc),,col unit (pc),C,08/31/2025
PR0000370,001,00080,Color [PT-CO units],NA,C3,MAX,Concentration3,,,col unit (pc),,col unit (pc),C,09/30/2025
PR0000370,001,00080,Color [PT-CO units],NA,C3,MAX,Concentration3,,,col unit (pc),,col unit (pc),C,10/31/2025
PR0000370,001,00080,Color [PT-CO units],NA,C3,MAX,Concentration3,,,col unit (pc),,col unit (pc),C,11/30/2025
PR0000370,001,00080,Color [PT-CO units],NA,C3,MAX,Concentration3,,,col unit (pc),,col unit (pc),C,12/31/2025
PR0000370,001,00080,Color [PT-CO units],NA,C3,MAX,Concentration3,,,col unit (pc),,col unit (pc),C,01/31/2026
PR0000370,001,00300,"Oxygen, dissolved [DO]",NA,C1,MIN,Concentration1,,,mg/L,4,mg/L,C,01/31/2020
PR0000370,001,00300,"Oxygen, dissolved [DO]",NA,C1,MIN,Concentration1,,,mg/L,4,mg/L,C,02/29/2020
PR0000370,001,00300,"Oxygen, dissolved [DO]",NA,C1,MIN,Concentration1,,,mg/L,4,mg/L,C,03/31/2020
PR0000370,001,00300,"Oxygen, dissolved [DO]",NA,C1,MIN,Concentration1,,,mg/L,4,mg/L,C,04/30/2020
PR0000370,001,00300,"Oxygen, dissolved [DO]",NA,C1,MIN,Concentration1,,,mg/L,4,mg/L,C,05/31/2020
PR0000370,001,00300,"Oxygen, dissolved [DO]",NA,C1,MIN,Concentration1,,,mg/L,4,mg/L,C,06/30/2020
PR0000370,001,00300,"Oxygen, dissolved [DO]",NA,C1,MIN,Concentration1,,,mg/L,4,mg/L,C,07/31/2020
PR0000370,001,00300,"Oxygen, dissolved [DO]",NA,C1,MIN,Concentration1,,,mg/L,4,mg/L,C,08/31/2020
PR0000370,001,00300,"Oxygen, dissolved [DO]",NA,C1,MIN,Concentration1,,,mg/L,4,mg/L,C,09/30/2020
PR0000370,001,00300,"Oxygen, dissolved [DO]",NA,C1,MIN,Concentration1,,,mg/L,4,mg/L,C,10/31/2020
PR0000370,001,00300,"Oxygen, dissolved [DO]",NA,C1,MIN,Concentration1,,,mg/L,4,mg/L,C,11/30/2020
PR0000370,001,00300,"Oxygen, dissolved [DO]",NA,C1,MIN,Concentration1,,,mg/L,4,mg/L,C,12/31/2020
PR0000370,001,00300,"Oxygen, dissolved [DO]",NA,C1,MIN,Concentration1,,,mg/L,4,mg/L,C,01/31/2021
PR0000370,001,00300,"Oxygen, dissolved [DO]",NA,C1,MIN,Concentration1,,,mg/L,4,mg/L,C,02/28/2021
PR0000370,001,00300,"Oxygen, dissolved [DO]",NA,C1,MIN,Concentration1,,,mg/L,4,mg/L,C,03/31/2021
PR0000370,001,00300,"Oxygen, dissolved [DO]",NA,C1,MIN,Concentration1,,,mg/L,4,mg/L,C,04/30/2021
PR0000370,001,00300,"Oxygen, dissolved [DO]",NA,C1,MIN,Concentration1,,,mg/L,4,mg/L,C,05/31/2021
PR0000370,001,00300,"Oxygen, dissolved [DO]",NA,C1,MIN,Concentration1,,,mg/L,4,mg/L,C,06/30/2021
PR0000370,001,00300,"Oxygen, dissolved [DO]",NA,C1,MIN,Concentration1,,,mg/L,4,mg/L,C,07/31/2021
PR0000370,001,00300,"Oxygen, dissolved [DO]",NA,C1,MIN,Concentration1,,,mg/L,4,mg/L,C,08/31/2021
PR0000370,001,00300,"Oxygen, dissolved [DO]",NA,C1,MIN,Concentration1,,,mg/L,4,mg/L,C,09/30/2021
PR0000370,001,00300,"Oxygen, dissolved [DO]",NA,C1,MIN,Concentration1,,,mg/L,4,mg/L,C,10/31/2021
PR0000370,001,00300,"Oxygen, dissolved [DO]",NA,C1,MIN,Concentration1,,,mg/L,4,mg/L,C,11/30/2021
PR0000370,001,00300,"Oxygen, dissolved [DO]",NA,C1,MIN,Concentration1,,,mg/L,4,mg/L,C,12/31/2021
PR0000370,001,00300,"Oxygen, dissolved [DO]",NA,C1,MIN,Concentration1,,,mg/L,4,mg/L,C,01/31/2022
PR0000370,001,00300,"Oxygen, dissolved [DO]",NA,C1,MIN,Concentration1,,,mg/L,4,mg/L,C,02/28/2022
PR0000370,001,00300,"Oxygen, dissolved [DO]",NA,C1,MIN,Concentration1,,,mg/L,4,mg/L,C,03/31/2022
PR0000370,001,00300,"Oxygen, dissolved [DO]",NA,C1,MIN,Concentration1,,,mg/L,4,mg/L,C,04/30/2022
PR0000370,001,00300,"Oxygen, dissolved [DO]",NA,C1,MIN,Concentration1,,,mg/L,4,mg/L,C,05/31/2022
PR0000370,001,00300,"Oxygen, dissolved [DO]",NA,C1,MIN,Concentration1,,,mg/L,4,mg/L,C,06/30/2022
PR0000370,001,00300,"Oxygen, dissolved [DO]",NA,C1,MIN,Concentration1,,,mg/L,4,mg/L,C,07/31/2022
PR0000370,001,00300,"Oxygen, dissolved [DO]",NA,C1,MIN,Concentration1,,,mg/L,4,mg/L,C,08/31/2022
PR0000370,001,00300,"Oxygen, dissolved [DO]",NA,C1,MIN,Concentration1,,,mg/L,4,mg/L,C,09/30/2022
PR0000370,001,00300,"Oxygen, dissolved [DO]",NA,C1,MIN,Concentration1,,,mg/L,4,mg/L,C,10/31/2022
PR0000370,001,00300,"Oxygen, dissolved [DO]",NA,C1,MIN,Concentration1,,,mg/L,4,mg/L,C,11/30/2022
PR0000370,001,00300,"Oxygen, dissolved [DO]",NA,C1,MIN,Concentration1,,,mg/L,4,mg/L,C,12/31/2022
PR0000370,001,00300,"Oxygen, dissolved [DO]",NA,C1,MIN,Concentration1,,,mg/L,4,mg/L,C,01/31/2023
PR0000370,001,00300,"Oxygen, dissolved [DO]",NA,C1,MIN,Concentration1,,,mg/L,4,mg/L,C,02/28/2023
PR0000370,001,00300,"Oxygen, dissolved [DO]",NA,C1,MIN,Concentration1,,,mg/L,4,mg/L,C,03/31/2023
PR0000370,001,00300,"Oxygen, dissolved [DO]",NA,C1,MIN,Concentration1,,,mg/L,4,mg/L,C,04/30/2023
PR0000370,001,00300,"Oxygen, dissolved [DO]",NA,C1,MIN,Concentration1,,,mg/L,4,mg/L,C,05/31/2023
PR0000370,001,00300,"Oxygen, dissolved [DO]",NA,C1,MIN,Concentration1,,,mg/L,4,mg/L,C,06/30/2023
PR0000370,001,00300,"Oxygen, dissolved [DO]",NA,C1,MIN,Concentration1,,,mg/L,4,mg/L,C,07/31/2023
PR0000370,001,00300,"Oxygen, dissolved [DO]",NA,C1,MIN,Concentration1,,,mg/L,4,mg/L,C,08/31/2023
PR0000370,001,00300,"Oxygen, dissolved [DO]",NA,C1,MIN,Concentration1,,,mg/L,4,mg/L,C,09/30/2023
PR0000370,001,00300,"Oxygen, dissolved [DO]",NA,C1,MIN,Concentration1,,,mg/L,4,mg/L,C,10/31/2023
PR0000370,001,00300,"Oxygen, dissolved [DO]",NA,C1,MIN,Concentration1,,,mg/L,4,mg/L,C,11/30/2023
PR0000370,001,00300,"Oxygen, dissolved [DO]",NA,C1,MIN,Concentration1,,,mg/L,4,mg/L,C,12/31/2023
PR0000370,001,00300,"Oxygen, dissolved [DO]",NA,C1,MIN,Concentration1,,,mg/L,4,mg/L,C,01/31/2024
PR0000370,001,00300,"Oxygen, dissolved [DO]",NA,C1,MIN,Concentration1,,,mg/L,4,mg/L,C,02/29/2024
PR0000370,001,00300,"Oxygen, dissolved [DO]",NA,C1,MIN,Concentration1,,,mg/L,4,mg/L,C,03/31/2024
PR0000370,001,00300,"Oxygen, dissolved [DO]",NA,C1,MIN,Concentration1,,,mg/L,4,mg/L,C,04/30/2024
PR0000370,001,00300,"Oxygen, dissolved [DO]",NA,C1,MIN,Concentration1,,,mg/L,4,mg/L,C,05/31/2024
PR0000370,001,00300,"Oxygen, dissolved [DO]",NA,C1,MIN,Concentration1,,,mg/L,4,mg/L,C,06/30/2024
PR0000370,001,00300,"Oxygen, dissolved [DO]",NA,C1,MIN,Concentration1,,,mg/L,4,mg/L,C,07/31/2024
PR0000370,001,00300,"Oxygen, dissolved [DO]",NA,C1,MIN,Concentration1,,,mg/L,4,mg/L,C,08/31/2024
PR0000370,001,00300,"Oxygen, dissolved [DO]",NA,C1,MIN,Concentration1,,,mg/L,4,mg/L,C,09/30/2024
PR0000370,001,00300,"Oxygen, dissolved [DO]",NA,C1,MIN,Concentration1,,,mg/L,4,mg/L,C,10/31/2024
PR0000370,001,00300,"Oxygen, dissolved [DO]",NA,C1,MIN,Concentration1,,,mg/L,4,mg/L,C,11/30/2024
PR0000370,001,00300,"Oxygen, dissolved [DO]",NA,C1,MIN,Concentration1,,,mg/L,4,mg/L,C,12/31/2024
PR0000370,001,00300,"Oxygen, dissolved [DO]",NA,C1,MIN,Concentration1,,,mg/L,4,mg/L,C,01/31/2025
PR0000370,001,00300,"Oxygen, dissolved [DO]",NA,C1,MIN,Concentration1,,,mg/L,4,mg/L,C,02/28/2025
PR0000370,001,00300,"Oxygen, dissolved [DO]",NA,C1,MIN,Concentration1,,,mg/L,4,mg/L,C,03/31/2025
PR0000370,001,00300,"Oxygen, dissolved [DO]",NA,C1,MIN,Concentration1,,,mg/L,4,mg/L,C,04/30/2025
PR0000370,001,00300,"Oxygen, dissolved [DO]",NA,C1,MIN,Concentration1,,,mg/L,4,mg/L,C,05/31/2025
PR0000370,001,00300,"Oxygen, dissolved [DO]",NA,C1,MIN,Concentration1,,,mg/L,4,mg/L,C,06/30/2025
PR0000370,001,00300,"Oxygen, dissolved [DO]",NA,C1,MIN,Concentration1,,,mg/L,4,mg/L,C,07/31/2025
PR0000370,001,00300,"Oxygen, dissolved [DO]",NA,C1,MIN,Concentration1,,,mg/L,4,mg/L,C,08/31/2025
PR0000370,001,00300,"Oxygen, dissolved [DO]",NA,C1,MIN,Concentration1,,,mg/L,4,mg/L,C,09/30/2025
PR0000370,001,00300,"Oxygen, dissolved [DO]",NA,C1,MIN,Concentration1,,,mg/L,4,mg/L,C,10/31/2025
PR0000370,001,00300,"Oxygen, dissolved [DO]",NA,C1,MIN,Concentration1,,,mg/L,4,mg/L,C,11/30/2025
PR0000370,001,00300,"Oxygen, dissolved [DO]",NA,C1,MIN,Concentration1,,,mg/L,4,mg/L,C,12/31/2025
PR0000370,001,00300,"Oxygen, dissolved [DO]",NA,C1,MIN,Concentration1,,,mg/L,4,mg/L,C,01/31/2026
PR0000370,001,00400,pH,NA,C3,MAX,Concentration3,,,SU,8.5,SU,C,01/31/2020
PR0000370,001,00400,pH,NA,C1,MIN,Concentration1,,,SU,7.3,SU,C,01/31/2020
PR0000370,001,00400,pH,NA,C1,MIN,Concentration1,,,SU,7.3,SU,C,02/29/2020
PR0000370,001,00400,pH,NA,C3,MAX,Concentration3,,,SU,8.5,SU,C,02/29/2020
PR0000370,001,00400,pH,NA,C1,MIN,Concentration1,,,SU,7.3,SU,C,03/31/2020
PR0000370,001,00400,pH,NA,C3,MAX,Concentration3,,,SU,8.5,SU,C,03/31/2020
PR0000370,001,00400,pH,NA,C3,MAX,Concentration3,,,SU,8.5,SU,C,04/30/2020
PR0000370,001,00400,pH,NA,C1,MIN,Concentration1,,,SU,7.3,SU,C,04/30/2020
PR0000370,001,00400,pH,NA,C1,MIN,Concentration1,,,SU,7.3,SU,C,05/31/2020
PR0000370,001,00400,pH,NA,C3,MAX,Concentration3,,,SU,8.5,SU,C,05/31/2020
PR0000370,001,00400,pH,NA,C1,MIN,Concentration1,,,SU,7.3,SU,C,06/30/2020
PR0000370,001,00400,pH,NA,C3,MAX,Concentration3,,,SU,8.5,SU,C,06/30/2020
PR0000370,001,00400,pH,NA,C3,MAX,Concentration3,,,SU,8.5,SU,C,07/31/2020
PR0000370,001,00400,pH,NA,C1,MIN,Concentration1,,,SU,7.3,SU,C,07/31/2020
PR0000370,001,00400,pH,NA,C1,MIN,Concentration1,,,SU,7.3,SU,C,08/31/2020
PR0000370,001,00400,pH,NA,C3,MAX,Concentration3,,,SU,8.5,SU,C,08/31/2020
PR0000370,001,00400,pH,NA,C3,MAX,Concentration3,,,SU,8.5,SU,C,09/30/2020
PR0000370,001,00400,pH,NA,C1,MIN,Concentration1,,,SU,7.3,SU,C,09/30/2020
PR0000370,001,00400,pH,NA,C1,MIN,Concentration1,,,SU,7.3,SU,C,10/31/2020
PR0000370,001,00400,pH,NA,C3,MAX,Concentration3,,,SU,8.5,SU,C,10/31/2020
PR0000370,001,00400,pH,NA,C3,MAX,Concentration3,,,SU,8.5,SU,C,11/30/2020
PR0000370,001,00400,pH,NA,C1,MIN,Concentration1,,,SU,7.3,SU,C,11/30/2020
PR0000370,001,00400,pH,NA,C3,MAX,Concentration3,,,SU,8.5,SU,C,12/31/2020
PR0000370,001,00400,pH,NA,C1,MIN,Concentration1,,,SU,7.3,SU,C,12/31/2020
PR0000370,001,00400,pH,NA,C1,MIN,Concentration1,,,SU,7.3,SU,C,01/31/2021
PR0000370,001,00400,pH,NA,C3,MAX,Concentration3,,,SU,8.5,SU,C,01/31/2021
PR0000370,001,00400,pH,NA,C3,MAX,Concentration3,,,SU,8.5,SU,C,02/28/2021
PR0000370,001,00400,pH,NA,C1,MIN,Concentration1,,,SU,7.3,SU,C,02/28/2021
PR0000370,001,00400,pH,NA,C3,MAX,Concentration3,,,SU,8.5,SU,C,03/31/2021
PR0000370,001,00400,pH,NA,C1,MIN,Concentration1,,,SU,7.3,SU,C,03/31/2021
PR0000370,001,00400,pH,NA,C3,MAX,Concentration3,,,SU,8.5,SU,C,04/30/2021
PR0000370,001,00400,pH,NA,C1,MIN,Concentration1,,,SU,7.3,SU,C,04/30/2021
PR0000370,001,00400,pH,NA,C1,MIN,Concentration1,,,SU,7.3,SU,C,05/31/2021
PR0000370,001,00400,pH,NA,C3,MAX,Concentration3,,,SU,8.5,SU,C,05/31/2021
PR0000370,001,00400,pH,NA,C3,MAX,Concentration3,,,SU,8.5,SU,C,06/30/2021
PR0000370,001,00400,pH,NA,C1,MIN,Concentration1,,,SU,7.3,SU,C,06/30/2021
PR0000370,001,00400,pH,NA,C1,MIN,Concentration1,,,SU,7.3,SU,C,07/31/2021
PR0000370,001,00400,pH,NA,C3,MAX,Concentration3,,,SU,8.5,SU,C,07/31/2021
PR0000370,001,00400,pH,NA,C3,MAX,Concentration3,,,SU,8.5,SU,C,08/31/2021
PR0000370,001,00400,pH,NA,C1,MIN,Concentration1,,,SU,7.3,SU,C,08/31/2021
PR0000370,001,00400,pH,NA,C1,MIN,Concentration1,,,SU,7.3,SU,C,09/30/2021
PR0000370,001,00400,pH,NA,C3,MAX,Concentration3,,,SU,8.5,SU,C,09/30/2021
PR0000370,001,00400,pH,NA,C3,MAX,Concentration3,,,SU,8.5,SU,C,10/31/2021
PR0000370,001,00400,pH,NA,C1,MIN,Concentration1,,,SU,7.3,SU,C,10/31/2021
PR0000370,001,00400,pH,NA,C1,MIN,Concentration1,,,SU,7.3,SU,C,11/30/2021
PR0000370,001,00400,pH,NA,C3,MAX,Concentration3,,,SU,8.5,SU,C,11/30/2021
PR0000370,001,00400,pH,NA,C1,MIN,Concentration1,,,SU,7.3,SU,C,12/31/2021
PR0000370,001,00400,pH,NA,C3,MAX,Concentration3,,,SU,8.5,SU,C,12/31/2021
PR0000370,001,00400,pH,NA,C1,MIN,Concentration1,,,SU,7.3,SU,C,01/31/2022
PR0000370,001,00400,pH,NA,C3,MAX,Concentration3,,,SU,8.5,SU,C,01/31/2022
PR0000370,001,00400,pH,NA,C1,MIN,Concentration1,,,SU,7.3,SU,C,02/28/2022
PR0000370,001,00400,pH,NA,C3,MAX,Concentration3,,,SU,8.5,SU,C,02/28/2022
PR0000370,001,00400,pH,NA,C3,MAX,Concentration3,,,SU,8.5,SU,C,03/31/2022
PR0000370,001,00400,pH,NA,C1,MIN,Concentration1,,,SU,7.3,SU,C,03/31/2022
PR0000370,001,00400,pH,NA,C3,MAX,Concentration3,,,SU,8.5,SU,C,04/30/2022
PR0000370,001,00400,pH,NA,C1,MIN,Concentration1,,,SU,7.3,SU,C,04/30/2022
PR0000370,001,00400,pH,NA,C1,MIN,Concentration1,,,SU,7.3,SU,C,05/31/2022
PR0000370,001,00400,pH,NA,C3,MAX,Concentration3,,,SU,8.5,SU,C,05/31/2022
PR0000370,001,00400,pH,NA,C1,MIN,Concentration1,,,SU,7.3,SU,C,06/30/2022
PR0000370,001,00400,pH,NA,C3,MAX,Concentration3,,,SU,8.5,SU,C,06/30/2022
PR0000370,001,00400,pH,NA,C3,MAX,Concentration3,,,SU,8.5,SU,C,07/31/2022
PR0000370,001,00400,pH,NA,C1,MIN,Concentration1,,,SU,7.3,SU,C,07/31/2022
PR0000370,001,00400,pH,NA,C1,MIN,Concentration1,,,SU,7.3,SU,C,08/31/2022
PR0000370,001,00400,pH,NA,C3,MAX,Concentration3,,,SU,8.5,SU,C,08/31/2022
PR0000370,001,00400,pH,NA,C3,MAX,Concentration3,,,SU,8.5,SU,C,09/30/2022
PR0000370,001,00400,pH,NA,C1,MIN,Concentration1,,,SU,7.3,SU,C,09/30/2022
PR0000370,001,00400,pH,NA,C3,MAX,Concentration3,,,SU,8.5,SU,C,10/31/2022
PR0000370,001,00400,pH,NA,C1,MIN,Concentration1,,,SU,7.3,SU,C,10/31/2022
PR0000370,001,00400,pH,NA,C3,MAX,Concentration3,,,SU,8.5,SU,C,11/30/2022
PR0000370,001,00400,pH,NA,C1,MIN,Concentration1,,,SU,7.3,SU,C,11/30/2022
PR0000370,001,00400,pH,NA,C3,MAX,Concentration3,,,SU,8.5,SU,C,12/31/2022
PR0000370,001,00400,pH,NA,C1,MIN,Concentration1,,,SU,7.3,SU,C,12/31/2022
PR0000370,001,00400,pH,NA,C1,MIN,Concentration1,,,SU,7.3,SU,C,01/31/2023
PR0000370,001,00400,pH,NA,C3,MAX,Concentration3,,,SU,8.5,SU,C,01/31/2023
PR0000370,001,00400,pH,NA,C1,MIN,Concentration1,,,SU,7.3,SU,C,02/28/2023
PR0000370,001,00400,pH,NA,C3,MAX,Concentration3,,,SU,8.5,SU,C,02/28/2023
PR0000370,001,00400,pH,NA,C1,MIN,Concentration1,,,SU,7.3,SU,C,03/31/2023
PR0000370,001,00400,pH,NA,C3,MAX,Concentration3,,,SU,8.5,SU,C,03/31/2023
PR0000370,001,00400,pH,NA,C3,MAX,Concentration3,,,SU,8.5,SU,C,04/30/2023
PR0000370,001,00400,pH,NA,C1,MIN,Concentration1,,,SU,7.3,SU,C,04/30/2023
PR0000370,001,00400,pH,NA,C1,MIN,Concentration1,,,SU,7.3,SU,C,05/31/2023
PR0000370,001,00400,pH,NA,C3,MAX,Concentration3,,,SU,8.5,SU,C,05/31/2023
PR0000370,001,00400,pH,NA,C3,MAX,Concentration3,,,SU,8.5,SU,C,06/30/2023
PR0000370,001,00400,pH,NA,C1,MIN,Concentration1,,,SU,7.3,SU,C,06/30/2023
PR0000370,001,00400,pH,NA,C3,MAX,Concentration3,,,SU,8.5,SU,C,07/31/2023
PR0000370,001,00400,pH,NA,C1,MIN,Concentration1,,,SU,7.3,SU,C,07/31/2023
PR0000370,001,00400,pH,NA,C1,MIN,Concentration1,,,SU,7.3,SU,C,08/31/2023
PR0000370,001,00400,pH,NA,C3,MAX,Concentration3,,,SU,8.5,SU,C,08/31/2023
PR0000370,001,00400,pH,NA,C1,MIN,Concentration1,,,SU,7.3,SU,C,09/30/2023
PR0000370,001,00400,pH,NA,C3,MAX,Concentration3,,,SU,8.5,SU,C,09/30/2023
PR0000370,001,00400,pH,NA,C3,MAX,Concentration3,,,SU,8.5,SU,C,10/31/2023
PR0000370,001,00400,pH,NA,C1,MIN,Concentration1,,,SU,7.3,SU,C,10/31/2023
PR0000370,001,00400,pH,NA,C1,MIN,Concentration1,,,SU,7.3,SU,C,11/30/2023
PR0000370,001,00400,pH,NA,C3,MAX,Concentration3,,,SU,8.5,SU,C,11/30/2023
PR0000370,001,00400,pH,NA,C3,MAX,Concentration3,,,SU,8.5,SU,C,12/31/2023
PR0000370,001,00400,pH,NA,C1,MIN,Concentration1,,,SU,7.3,SU,C,12/31/2023
PR0000370,001,00400,pH,NA,C1,MIN,Concentration1,,,SU,7.3,SU,C,01/31/2024
PR0000370,001,00400,pH,NA,C3,MAX,Concentration3,,,SU,8.5,SU,C,01/31/2024
PR0000370,001,00400,pH,NA,C1,MIN,Concentration1,,,SU,7.3,SU,C,02/29/2024
PR0000370,001,00400,pH,NA,C3,MAX,Concentration3,,,SU,8.5,SU,C,02/29/2024
PR0000370,001,00400,pH,NA,C1,MIN,Concentration1,,,SU,7.3,SU,C,03/31/2024
PR0000370,001,00400,pH,NA,C3,MAX,Concentration3,,,SU,8.5,SU,C,03/31/2024
PR0000370,001,00400,pH,NA,C1,MIN,Concentration1,,,SU,7.3,SU,C,04/30/2024
PR0000370,001,00400,pH,NA,C3,MAX,Concentration3,,,SU,8.5,SU,C,04/30/2024
PR0000370,001,00400,pH,NA,C3,MAX,Concentration3,,,SU,8.5,SU,C,05/31/2024
PR0000370,001,00400,pH,NA,C1,MIN,Concentration1,,,SU,7.3,SU,C,05/31/2024
PR0000370,001,00400,pH,NA,C1,MIN,Concentration1,,,SU,7.3,SU,C,06/30/2024
PR0000370,001,00400,pH,NA,C3,MAX,Concentration3,,,SU,8.5,SU,C,06/30/2024
PR0000370,001,00400,pH,NA,C1,MIN,Concentration1,,,SU,7.3,SU,C,07/31/2024
PR0000370,001,00400,pH,NA,C3,MAX,Concentration3,,,SU,8.5,SU,C,07/31/2024
PR0000370,001,00400,pH,NA,C3,MAX,Concentration3,,,SU,8.5,SU,C,08/31/2024
PR0000370,001,00400,pH,NA,C1,MIN,Concentration1,,,SU,7.3,SU,C,08/31/2024
PR0000370,001,00400,pH,NA,C3,MAX,Concentration3,,,SU,8.5,SU,C,09/30/2024
PR0000370,001,00400,pH,NA,C1,MIN,Concentration1,,,SU,7.3,SU,C,09/30/2024
PR0000370,001,00400,pH,NA,C3,MAX,Concentration3,,,SU,8.5,SU,C,10/31/2024
PR0000370,001,00400,pH,NA,C1,MIN,Concentration1,,,SU,7.3,SU,C,10/31/2024
PR0000370,001,00400,pH,NA,C1,MIN,Concentration1,,,SU,7.3,SU,C,11/30/2024
PR0000370,001,00400,pH,NA,C3,MAX,Concentration3,,,SU,8.5,SU,C,11/30/2024
PR0000370,001,00400,pH,NA,C1,MIN,Concentration1,,,SU,7.3,SU,C,12/31/2024
PR0000370,001,00400,pH,NA,C3,MAX,Concentration3,,,SU,8.5,SU,C,12/31/2024
PR0000370,001,00400,pH,NA,C3,MAX,Concentration3,,,SU,8.5,SU,C,01/31/2025
PR0000370,001,00400,pH,NA,C1,MIN,Concentration1,,,SU,7.3,SU,C,01/31/2025
PR0000370,001,00400,pH,NA,C3,MAX,Concentration3,,,SU,8.5,SU,C,02/28/2025
PR0000370,001,00400,pH,NA,C1,MIN,Concentration1,,,SU,7.3,SU,C,02/28/2025
PR0000370,001,00400,pH,NA,C3,MAX,Concentration3,,,SU,8.5,SU,C,03/31/2025
PR0000370,001,00400,pH,NA,C1,MIN,Concentration1,,,SU,7.3,SU,C,03/31/2025
PR0000370,001,00400,pH,NA,C1,MIN,Concentration1,,,SU,7.3,SU,C,04/30/2025
PR0000370,001,00400,pH,NA,C3,MAX,Concentration3,,,SU,8.5,SU,C,04/30/2025
PR0000370,001,00400,pH,NA,C1,MIN,Concentration1,,,SU,7.3,SU,C,05/31/2025
PR0000370,001,00400,pH,NA,C3,MAX,Concentration3,,,SU,8.5,SU,C,05/31/2025
PR0000370,001,00400,pH,NA,C3,MAX,Concentration3,,,SU,8.5,SU,C,06/30/2025
PR0000370,001,00400,pH,NA,C1,MIN,Concentration1,,,SU,7.3,SU,C,06/30/2025
PR0000370,001,00400,pH,NA,C3,MAX,Concentration3,,,SU,8.5,SU,C,07/31/2025
PR0000370,001,00400,pH,NA,C1,MIN,Concentration1,,,SU,7.3,SU,C,07/31/2025
PR0000370,001,00400,pH,NA,C1,MIN,Concentration1,,,SU,7.3,SU,C,08/31/2025
PR0000370,001,00400,pH,NA,C3,MAX,Concentration3,,,SU,8.5,SU,C,08/31/2025
PR0000370,001,00400,pH,NA,C1,MIN,Concentration1,,,SU,7.3,SU,C,09/30/2025
PR0000370,001,00400,pH,NA,C3,MAX,Concentration3,,,SU,8.5,SU,C,09/30/2025
PR0000370,001,00400,pH,NA,C1,MIN,Concentration1,,,SU,7.3,SU,C,10/31/2025
PR0000370,001,00400,pH,NA,C3,MAX,Concentration3,,,SU,8.5,SU,C,10/31/2025
PR0000370,001,00400,pH,NA,C1,MIN,Concentration1,,,SU,7.3,SU,C,11/30/2025
PR0000370,001,00400,pH,NA,C3,MAX,Concentration3,,,SU,8.5,SU,C,11/30/2025
PR0000370,001,00400,pH,NA,C1,MIN,Concentration1,,,SU,7.3,SU,C,12/31/2025
PR0000370,001,00400,pH,NA,C3,MAX,Concentration3,,,SU,8.5,SU,C,12/31/2025
PR0000370,001,00400,pH,NA,C3,MAX,Concentration3,,,SU,8.5,SU,C,01/31/2026
PR0000370,001,00400,pH,NA,C1,MIN,Concentration1,,,SU,7.3,SU,C,01/31/2026
PR0000370,001,00530,"Solids, total suspended",NA,Q2,MAX,Quantity2,,,kg/d,122.47,kg/d,C,01/31/2020
PR0000370,001,00530,"Solids, total suspended",NA,C2,AVG,Concentration2,,,mg/L,30,mg/L,C,01/31/2020
PR0000370,001,00530,"Solids, total suspended",NA,Q1,AVG,Quantity1,,,kg/d,81.65,kg/d,C,01/31/2020
PR0000370,001,00530,"Solids, total suspended",NA,C3,MAX,Concentration3,,,mg/L,45,mg/L,C,01/31/2020
PR0000370,001,00530,"Solids, total suspended",NA,C2,AVG,Concentration2,,,mg/L,30,mg/L,C,02/29/2020
PR0000370,001,00530,"Solids, total suspended",NA,Q2,MAX,Quantity2,,,kg/d,122.47,kg/d,C,02/29/2020
PR0000370,001,00530,"Solids, total suspended",NA,Q1,AVG,Quantity1,,,kg/d,81.65,kg/d,C,02/29/2020
PR0000370,001,00530,"Solids, total suspended",NA,C3,MAX,Concentration3,,,mg/L,45,mg/L,C,02/29/2020
PR0000370,001,00530,"Solids, total suspended",NA,Q2,MAX,Quantity2,,,kg/d,122.47,kg/d,C,03/31/2020
PR0000370,001,00530,"Solids, total suspended",NA,Q1,AVG,Quantity1,,,kg/d,81.65,kg/d,C,03/31/2020
PR0000370,001,00530,"Solids, total suspended",NA,C2,AVG,Concentration2,,,mg/L,30,mg/L,C,03/31/2020
PR0000370,001,00530,"Solids, total suspended",NA,C3,MAX,Concentration3,,,mg/L,45,mg/L,C,03/31/2020
PR0000370,001,00530,"Solids, total suspended",NA,C3,MAX,Concentration3,,,mg/L,45,mg/L,C,04/30/2020
PR0000370,001,00530,"Solids, total suspended",NA,C2,AVG,Concentration2,,,mg/L,30,mg/L,C,04/30/2020
PR0000370,001,00530,"Solids, total suspended",NA,Q2,MAX,Quantity2,,,kg/d,122.47,kg/d,C,04/30/2020
PR0000370,001,00530,"Solids, total suspended",NA,Q1,AVG,Quantity1,,,kg/d,81.65,kg/d,C,04/30/2020
PR0000370,001,00530,"Solids, total suspended",NA,Q1,AVG,Quantity1,,,kg/d,81.65,kg/d,C,05/31/2020
PR0000370,001,00530,"Solids, total suspended",NA,Q2,MAX,Quantity2,,,kg/d,122.47,kg/d,C,05/31/2020
PR0000370,001,00530,"Solids, total suspended",NA,C2,AVG,Concentration2,,,mg/L,30,mg/L,C,05/31/2020
PR0000370,001,00530,"Solids, total suspended",NA,C3,MAX,Concentration3,,,mg/L,45,mg/L,C,05/31/2020
PR0000370,001,00530,"Solids, total suspended",NA,Q2,MAX,Quantity2,,,kg/d,122.47,kg/d,C,06/30/2020
PR0000370,001,00530,"Solids, total suspended",NA,C2,AVG,Concentration2,,,mg/L,30,mg/L,C,06/30/2020
PR0000370,001,00530,"Solids, total suspended",NA,C3,MAX,Concentration3,,,mg/L,45,mg/L,C,06/30/2020
PR0000370,001,00530,"Solids, total suspended",NA,Q1,AVG,Quantity1,,,kg/d,81.65,kg/d,C,06/30/2020
PR0000370,001,00530,"Solids, total suspended",NA,C2,AVG,Concentration2,,,mg/L,30,mg/L,C,07/31/2020
PR0000370,001,00530,"Solids, total suspended",NA,Q2,MAX,Quantity2,,,kg/d,122.47,kg/d,C,07/31/2020
PR0000370,001,00530,"Solids, total suspended",NA,Q1,AVG,Quantity1,,,kg/d,81.65,kg/d,C,07/31/2020
PR0000370,001,00530,"Solids, total suspended",NA,C3,MAX,Concentration3,,,mg/L,45,mg/L,C,07/31/2020
PR0000370,001,00530,"Solids, total suspended",NA,C3,MAX,Concentration3,,,mg/L,45,mg/L,C,08/31/2020
PR0000370,001,00530,"Solids, total suspended",NA,C2,AVG,Concentration2,,,mg/L,30,mg/L,C,08/31/2020
PR0000370,001,00530,"Solids, total suspended",NA,Q2,MAX,Quantity2,,,kg/d,122.47,kg/d,C,08/31/2020
PR0000370,001,00530,"Solids, total suspended",NA,Q1,AVG,Quantity1,,,kg/d,81.65,kg/d,C,08/31/2020
PR0000370,001,00530,"Solids, total suspended",NA,C3,MAX,Concentration3,,,mg/L,45,mg/L,C,09/30/2020
PR0000370,001,00530,"Solids, total suspended",NA,C2,AVG,Concentration2,,,mg/L,30,mg/L,C,09/30/2020
PR0000370,001,00530,"Solids, total suspended",NA,Q2,MAX,Quantity2,,,kg/d,122.47,kg/d,C,09/30/2020
PR0000370,001,00530,"Solids, total suspended",NA,Q1,AVG,Quantity1,,,kg/d,81.65,kg/d,C,09/30/2020
PR0000370,001,00530,"Solids, total suspended",NA,C3,MAX,Concentration3,,,mg/L,45,mg/L,C,10/31/2020
PR0000370,001,00530,"Solids, total suspended",NA,C2,AVG,Concentration2,,,mg/L,30,mg/L,C,10/31/2020
PR0000370,001,00530,"Solids, total suspended",NA,Q2,MAX,Quantity2,,,kg/d,122.47,kg/d,C,10/31/2020
PR0000370,001,00530,"Solids, total suspended",NA,Q1,AVG,Quantity1,,,kg/d,81.65,kg/d,C,10/31/2020
PR0000370,001,00530,"Solids, total suspended",NA,Q1,AVG,Quantity1,,,kg/d,81.65,kg/d,C,11/30/2020
PR0000370,001,00530,"Solids, total suspended",NA,Q2,MAX,Quantity2,,,kg/d,122.47,kg/d,C,11/30/2020
PR0000370,001,00530,"Solids, total suspended",NA,C3,MAX,Concentration3,,,mg/L,45,mg/L,C,11/30/2020
PR0000370,001,00530,"Solids, total suspended",NA,C2,AVG,Concentration2,,,mg/L,30,mg/L,C,11/30/2020
PR0000370,001,00530,"Solids, total suspended",NA,C3,MAX,Concentration3,,,mg/L,45,mg/L,C,12/31/2020
PR0000370,001,00530,"Solids, total suspended",NA,C2,AVG,Concentration2,,,mg/L,30,mg/L,C,12/31/2020
PR0000370,001,00530,"Solids, total suspended",NA,Q1,AVG,Quantity1,,,kg/d,81.65,kg/d,C,12/31/2020
PR0000370,001,00530,"Solids, total suspended",NA,Q2,MAX,Quantity2,,,kg/d,122.47,kg/d,C,12/31/2020
PR0000370,001,00530,"Solids, total suspended",NA,Q2,MAX,Quantity2,,,kg/d,122.47,kg/d,C,01/31/2021
PR0000370,001,00530,"Solids, total suspended",NA,C2,AVG,Concentration2,,,mg/L,30,mg/L,C,01/31/2021
PR0000370,001,00530,"Solids, total suspended",NA,C3,MAX,Concentration3,,,mg/L,45,mg/L,C,01/31/2021
PR0000370,001,00530,"Solids, total suspended",NA,Q1,AVG,Quantity1,,,kg/d,81.65,kg/d,C,01/31/2021
PR0000370,001,00530,"Solids, total suspended",NA,C3,MAX,Concentration3,,,mg/L,45,mg/L,C,02/28/2021
PR0000370,001,00530,"Solids, total suspended",NA,C2,AVG,Concentration2,,,mg/L,30,mg/L,C,02/28/2021
PR0000370,001,00530,"Solids, total suspended",NA,Q2,MAX,Quantity2,,,kg/d,122.47,kg/d,C,02/28/2021
PR0000370,001,00530,"Solids, total suspended",NA,Q1,AVG,Quantity1,,,kg/d,81.65,kg/d,C,02/28/2021
PR0000370,001,00530,"Solids, total suspended",NA,Q1,AVG,Quantity1,,,kg/d,81.65,kg/d,C,03/31/2021
PR0000370,001,00530,"Solids, total suspended",NA,Q2,MAX,Quantity2,,,kg/d,122.47,kg/d,C,03/31/2021
PR0000370,001,00530,"Solids, total suspended",NA,C2,AVG,Concentration2,,,mg/L,30,mg/L,C,03/31/2021
PR0000370,001,00530,"Solids, total suspended",NA,C3,MAX,Concentration3,,,mg/L,45,mg/L,C,03/31/2021
PR0000370,001,00530,"Solids, total suspended",NA,C3,MAX,Concentration3,,,mg/L,45,mg/L,C,04/30/2021
PR0000370,001,00530,"Solids, total suspended",NA,C2,AVG,Concentration2,,,mg/L,30,mg/L,C,04/30/2021
PR0000370,001,00530,"Solids, total suspended",NA,Q1,AVG,Quantity1,,,kg/d,81.65,kg/d,C,04/30/2021
PR0000370,001,00530,"Solids, total suspended",NA,Q2,MAX,Quantity2,,,kg/d,122.47,kg/d,C,04/30/2021
PR0000370,001,00530,"Solids, total suspended",NA,Q1,AVG,Quantity1,,,kg/d,81.65,kg/d,C,05/31/2021
PR0000370,001,00530,"Solids, total suspended",NA,Q2,MAX,Quantity2,,,kg/d,122.47,kg/d,C,05/31/2021
PR0000370,001,00530,"Solids, total suspended",NA,C2,AVG,Concentration2,,,mg/L,30,mg/L,C,05/31/2021
PR0000370,001,00530,"Solids, total suspended",NA,C3,MAX,Concentration3,,,mg/L,45,mg/L,C,05/31/2021
PR0000370,001,00530,"Solids, total suspended",NA,C3,MAX,Concentration3,,,mg/L,45,mg/L,C,06/30/2021
PR0000370,001,00530,"Solids, total suspended",NA,Q2,MAX,Quantity2,,,kg/d,122.47,kg/d,C,06/30/2021
PR0000370,001,00530,"Solids, total suspended",NA,C2,AVG,Concentration2,,,mg/L,30,mg/L,C,06/30/2021
PR0000370,001,00530,"Solids, total suspended",NA,Q1,AVG,Quantity1,,,kg/d,81.65,kg/d,C,06/30/2021
PR0000370,001,00530,"Solids, total suspended",NA,Q2,MAX,Quantity2,,,kg/d,122.47,kg/d,C,07/31/2021
PR0000370,001,00530,"Solids, total suspended",NA,Q1,AVG,Quantity1,,,kg/d,81.65,kg/d,C,07/31/2021
PR0000370,001,00530,"Solids, total suspended",NA,C2,AVG,Concentration2,,,mg/L,30,mg/L,C,07/31/2021
PR0000370,001,00530,"Solids, total suspended",NA,C3,MAX,Concentration3,,,mg/L,45,mg/L,C,07/31/2021
PR0000370,001,00530,"Solids, total suspended",NA,Q1,AVG,Quantity1,,,kg/d,81.65,kg/d,C,08/31/2021
PR0000370,001,00530,"Solids, total suspended",NA,Q2,MAX,Quantity2,,,kg/d,122.47,kg/d,C,08/31/2021
PR0000370,001,00530,"Solids, total suspended",NA,C3,MAX,Concentration3,,,mg/L,45,mg/L,C,08/31/2021
PR0000370,001,00530,"Solids, total suspended",NA,C2,AVG,Concentration2,,,mg/L,30,mg/L,C,08/31/2021
PR0000370,001,00530,"Solids, total suspended",NA,Q1,AVG,Quantity1,,,kg/d,81.65,kg/d,C,09/30/2021
PR0000370,001,00530,"Solids, total suspended",NA,Q2,MAX,Quantity2,,,kg/d,122.47,kg/d,C,09/30/2021
PR0000370,001,00530,"Solids, total suspended",NA,C2,AVG,Concentration2,,,mg/L,30,mg/L,C,09/30/2021
PR0000370,001,00530,"Solids, total suspended",NA,C3,MAX,Concentration3,,,mg/L,45,mg/L,C,09/30/2021
PR0000370,001,00530,"Solids, total suspended",NA,C2,AVG,Concentration2,,,mg/L,30,mg/L,C,10/31/2021
PR0000370,001,00530,"Solids, total suspended",NA,C3,MAX,Concentration3,,,mg/L,45,mg/L,C,10/31/2021
PR0000370,001,00530,"Solids, total suspended",NA,Q2,MAX,Quantity2,,,kg/d,122.47,kg/d,C,10/31/2021
PR0000370,001,00530,"Solids, total suspended",NA,Q1,AVG,Quantity1,,,kg/d,81.65,kg/d,C,10/31/2021
PR0000370,001,00530,"Solids, total suspended",NA,Q1,AVG,Quantity1,,,kg/d,81.65,kg/d,C,11/30/2021
PR0000370,001,00530,"Solids, total suspended",NA,Q2,MAX,Quantity2,,,kg/d,122.47,kg/d,C,11/30/2021
PR0000370,001,00530,"Solids, total suspended",NA,C2,AVG,Concentration2,,,mg/L,30,mg/L,C,11/30/2021
PR0000370,001,00530,"Solids, total suspended",NA,C3,MAX,Concentration3,,,mg/L,45,mg/L,C,11/30/2021
PR0000370,001,00530,"Solids, total suspended",NA,C3,MAX,Concentration3,,,mg/L,45,mg/L,C,12/31/2021
PR0000370,001,00530,"Solids, total suspended",NA,C2,AVG,Concentration2,,,mg/L,30,mg/L,C,12/31/2021
PR0000370,001,00530,"Solids, total suspended",NA,Q2,MAX,Quantity2,,,kg/d,122.47,kg/d,C,12/31/2021
PR0000370,001,00530,"Solids, total suspended",NA,Q1,AVG,Quantity1,,,kg/d,81.65,kg/d,C,12/31/2021
PR0000370,001,00530,"Solids, total suspended",NA,Q1,AVG,Quantity1,,,kg/d,81.65,kg/d,C,01/31/2022
PR0000370,001,00530,"Solids, total suspended",NA,Q2,MAX,Quantity2,,,kg/d,122.47,kg/d,C,01/31/2022
PR0000370,001,00530,"Solids, total suspended",NA,C2,AVG,Concentration2,,,mg/L,30,mg/L,C,01/31/2022
PR0000370,001,00530,"Solids, total suspended",NA,C3,MAX,Concentration3,,,mg/L,45,mg/L,C,01/31/2022
PR0000370,001,00530,"Solids, total suspended",NA,Q1,AVG,Quantity1,,,kg/d,81.65,kg/d,C,02/28/2022
PR0000370,001,00530,"Solids, total suspended",NA,Q2,MAX,Quantity2,,,kg/d,122.47,kg/d,C,02/28/2022
PR0000370,001,00530,"Solids, total suspended",NA,C3,MAX,Concentration3,,,mg/L,45,mg/L,C,02/28/2022
PR0000370,001,00530,"Solids, total suspended",NA,C2,AVG,Concentration2,,,mg/L,30,mg/L,C,02/28/2022
PR0000370,001,00530,"Solids, total suspended",NA,C3,MAX,Concentration3,,,mg/L,45,mg/L,C,03/31/2022
PR0000370,001,00530,"Solids, total suspended",NA,C2,AVG,Concentration2,,,mg/L,30,mg/L,C,03/31/2022
PR0000370,001,00530,"Solids, total suspended",NA,Q2,MAX,Quantity2,,,kg/d,122.47,kg/d,C,03/31/2022
PR0000370,001,00530,"Solids, total suspended",NA,Q1,AVG,Quantity1,,,kg/d,81.65,kg/d,C,03/31/2022
PR0000370,001,00530,"Solids, total suspended",NA,Q1,AVG,Quantity1,,,kg/d,81.65,kg/d,C,04/30/2022
PR0000370,001,00530,"Solids, total suspended",NA,C3,MAX,Concentration3,,,mg/L,45,mg/L,C,04/30/2022
PR0000370,001,00530,"Solids, total suspended",NA,C2,AVG,Concentration2,,,mg/L,30,mg/L,C,04/30/2022
PR0000370,001,00530,"Solids, total suspended",NA,Q2,MAX,Quantity2,,,kg/d,122.47,kg/d,C,04/30/2022
PR0000370,001,00530,"Solids, total suspended",NA,C3,MAX,Concentration3,,,mg/L,45,mg/L,C,05/31/2022
PR0000370,001,00530,"Solids, total suspended",NA,Q1,AVG,Quantity1,,,kg/d,81.65,kg/d,C,05/31/2022
PR0000370,001,00530,"Solids, total suspended",NA,Q2,MAX,Quantity2,,,kg/d,122.47,kg/d,C,05/31/2022
PR0000370,001,00530,"Solids, total suspended",NA,C2,AVG,Concentration2,,,mg/L,30,mg/L,C,05/31/2022
PR0000370,001,00530,"Solids, total suspended",NA,C3,MAX,Concentration3,,,mg/L,45,mg/L,C,06/30/2022
PR0000370,001,00530,"Solids, total suspended",NA,Q1,AVG,Quantity1,,,kg/d,81.65,kg/d,C,06/30/2022
PR0000370,001,00530,"Solids, total suspended",NA,Q2,MAX,Quantity2,,,kg/d,122.47,kg/d,C,06/30/2022
PR0000370,001,00530,"Solids, total suspended",NA,C2,AVG,Concentration2,,,mg/L,30,mg/L,C,06/30/2022
PR0000370,001,00530,"Solids, total suspended",NA,Q1,AVG,Quantity1,,,kg/d,81.65,kg/d,C,07/31/2022
PR0000370,001,00530,"Solids, total suspended",NA,Q2,MAX,Quantity2,,,kg/d,122.47,kg/d,C,07/31/2022
PR0000370,001,00530,"Solids, total suspended",NA,C2,AVG,Concentration2,,,mg/L,30,mg/L,C,07/31/2022
PR0000370,001,00530,"Solids, total suspended",NA,C3,MAX,Concentration3,,,mg/L,45,mg/L,C,07/31/2022
PR0000370,001,00530,"Solids, total suspended",NA,Q2,MAX,Quantity2,,,kg/d,122.47,kg/d,C,08/31/2022
PR0000370,001,00530,"Solids, total suspended",NA,C2,AVG,Concentration2,,,mg/L,30,mg/L,C,08/31/2022
PR0000370,001,00530,"Solids, total suspended",NA,C3,MAX,Concentration3,,,mg/L,45,mg/L,C,08/31/2022
PR0000370,001,00530,"Solids, total suspended",NA,Q1,AVG,Quantity1,,,kg/d,81.65,kg/d,C,08/31/2022
PR0000370,001,00530,"Solids, total suspended",NA,Q1,AVG,Quantity1,,,kg/d,81.65,kg/d,C,09/30/2022
PR0000370,001,00530,"Solids, total suspended",NA,Q2,MAX,Quantity2,,,kg/d,122.47,kg/d,C,09/30/2022
PR0000370,001,00530,"Solids, total suspended",NA,C2,AVG,Concentration2,,,mg/L,30,mg/L,C,09/30/2022
PR0000370,001,00530,"Solids, total suspended",NA,C3,MAX,Concentration3,,,mg/L,45,mg/L,C,09/30/2022
PR0000370,001,00530,"Solids, total suspended",NA,Q1,AVG,Quantity1,,,kg/d,81.65,kg/d,C,10/31/2022
PR0000370,001,00530,"Solids, total suspended",NA,Q2,MAX,Quantity2,,,kg/d,122.47,kg/d,C,10/31/2022
PR0000370,001,00530,"Solids, total suspended",NA,C3,MAX,Concentration3,,,mg/L,45,mg/L,C,10/31/2022
PR0000370,001,00530,"Solids, total suspended",NA,C2,AVG,Concentration2,,,mg/L,30,mg/L,C,10/31/2022
PR0000370,001,00530,"Solids, total suspended",NA,C3,MAX,Concentration3,,,mg/L,45,mg/L,C,11/30/2022
PR0000370,001,00530,"Solids, total suspended",NA,Q1,AVG,Quantity1,,,kg/d,81.65,kg/d,C,11/30/2022
PR0000370,001,00530,"Solids, total suspended",NA,Q2,MAX,Quantity2,,,kg/d,122.47,kg/d,C,11/30/2022
PR0000370,001,00530,"Solids, total suspended",NA,C2,AVG,Concentration2,,,mg/L,30,mg/L,C,11/30/2022
PR0000370,001,00530,"Solids, total suspended",NA,C3,MAX,Concentration3,,,mg/L,45,mg/L,C,12/31/2022
PR0000370,001,00530,"Solids, total suspended",NA,C2,AVG,Concentration2,,,mg/L,30,mg/L,C,12/31/2022
PR0000370,001,00530,"Solids, total suspended",NA,Q2,MAX,Quantity2,,,kg/d,122.47,kg/d,C,12/31/2022
PR0000370,001,00530,"Solids, total suspended",NA,Q1,AVG,Quantity1,,,kg/d,81.65,kg/d,C,12/31/2022
PR0000370,001,00530,"Solids, total suspended",NA,C2,AVG,Concentration2,,,mg/L,30,mg/L,C,01/31/2023
PR0000370,001,00530,"Solids, total suspended",NA,Q1,AVG,Quantity1,,,kg/d,81.65,kg/d,C,01/31/2023
PR0000370,001,00530,"Solids, total suspended",NA,Q2,MAX,Quantity2,,,kg/d,122.47,kg/d,C,01/31/2023
PR0000370,001,00530,"Solids, total suspended",NA,C3,MAX,Concentration3,,,mg/L,45,mg/L,C,01/31/2023
PR0000370,001,00530,"Solids, total suspended",NA,Q1,AVG,Quantity1,,,kg/d,81.65,kg/d,C,02/28/2023
PR0000370,001,00530,"Solids, total suspended",NA,Q2,MAX,Quantity2,,,kg/d,122.47,kg/d,C,02/28/2023
PR0000370,001,00530,"Solids, total suspended",NA,C2,AVG,Concentration2,,,mg/L,30,mg/L,C,02/28/2023
PR0000370,001,00530,"Solids, total suspended",NA,C3,MAX,Concentration3,,,mg/L,45,mg/L,C,02/28/2023
PR0000370,001,00530,"Solids, total suspended",NA,Q1,AVG,Quantity1,,,kg/d,81.65,kg/d,C,03/31/2023
PR0000370,001,00530,"Solids, total suspended",NA,Q2,MAX,Quantity2,,,kg/d,122.47,kg/d,C,03/31/2023
PR0000370,001,00530,"Solids, total suspended",NA,C2,AVG,Concentration2,,,mg/L,30,mg/L,C,03/31/2023
PR0000370,001,00530,"Solids, total suspended",NA,C3,MAX,Concentration3,,,mg/L,45,mg/L,C,03/31/2023
PR0000370,001,00530,"Solids, total suspended",NA,C3,MAX,Concentration3,,,mg/L,45,mg/L,C,04/30/2023
PR0000370,001,00530,"Solids, total suspended",NA,C2,AVG,Concentration2,,,mg/L,30,mg/L,C,04/30/2023
PR0000370,001,00530,"Solids, total suspended",NA,Q2,MAX,Quantity2,,,kg/d,122.47,kg/d,C,04/30/2023
PR0000370,001,00530,"Solids, total suspended",NA,Q1,AVG,Quantity1,,,kg/d,81.65,kg/d,C,04/30/2023
PR0000370,001,00530,"Solids, total suspended",NA,Q2,MAX,Quantity2,,,kg/d,122.47,kg/d,C,05/31/2023
PR0000370,001,00530,"Solids, total suspended",NA,Q1,AVG,Quantity1,,,kg/d,81.65,kg/d,C,05/31/2023
PR0000370,001,00530,"Solids, total suspended",NA,C3,MAX,Concentration3,,,mg/L,45,mg/L,C,05/31/2023
PR0000370,001,00530,"Solids, total suspended",NA,C2,AVG,Concentration2,,,mg/L,30,mg/L,C,05/31/2023
PR0000370,001,00530,"Solids, total suspended",NA,Q1,AVG,Quantity1,,,kg/d,81.65,kg/d,C,06/30/2023
PR0000370,001,00530,"Solids, total suspended",NA,Q2,MAX,Quantity2,,,kg/d,122.47,kg/d,C,06/30/2023
PR0000370,001,00530,"Solids, total suspended",NA,C2,AVG,Concentration2,,,mg/L,30,mg/L,C,06/30/2023
PR0000370,001,00530,"Solids, total suspended",NA,C3,MAX,Concentration3,,,mg/L,45,mg/L,C,06/30/2023
PR0000370,001,00530,"Solids, total suspended",NA,C3,MAX,Concentration3,,,mg/L,45,mg/L,C,07/31/2023
PR0000370,001,00530,"Solids, total suspended",NA,C2,AVG,Concentration2,,,mg/L,30,mg/L,C,07/31/2023
PR0000370,001,00530,"Solids, total suspended",NA,Q1,AVG,Quantity1,,,kg/d,81.65,kg/d,C,07/31/2023
PR0000370,001,00530,"Solids, total suspended",NA,Q2,MAX,Quantity2,,,kg/d,122.47,kg/d,C,07/31/2023
PR0000370,001,00530,"Solids, total suspended",NA,Q2,MAX,Quantity2,,,kg/d,122.47,kg/d,C,08/31/2023
PR0000370,001,00530,"Solids, total suspended",NA,C2,AVG,Concentration2,,,mg/L,30,mg/L,C,08/31/2023
PR0000370,001,00530,"Solids, total suspended",NA,C3,MAX,Concentration3,,,mg/L,45,mg/L,C,08/31/2023
PR0000370,001,00530,"Solids, total suspended",NA,Q1,AVG,Quantity1,,,kg/d,81.65,kg/d,C,08/31/2023
PR0000370,001,00530,"Solids, total suspended",NA,Q1,AVG,Quantity1,,,kg/d,81.65,kg/d,C,09/30/2023
PR0000370,001,00530,"Solids, total suspended",NA,Q2,MAX,Quantity2,,,kg/d,122.47,kg/d,C,09/30/2023
PR0000370,001,00530,"Solids, total suspended",NA,C2,AVG,Concentration2,,,mg/L,30,mg/L,C,09/30/2023
PR0000370,001,00530,"Solids, total suspended",NA,C3,MAX,Concentration3,,,mg/L,45,mg/L,C,09/30/2023
PR0000370,001,00530,"Solids, total suspended",NA,Q1,AVG,Quantity1,,,kg/d,81.65,kg/d,C,10/31/2023
PR0000370,001,00530,"Solids, total suspended",NA,C2,AVG,Concentration2,,,mg/L,30,mg/L,C,10/31/2023
PR0000370,001,00530,"Solids, total suspended",NA,Q2,MAX,Quantity2,,,kg/d,122.47,kg/d,C,10/31/2023
PR0000370,001,00530,"Solids, total suspended",NA,C3,MAX,Concentration3,,,mg/L,45,mg/L,C,10/31/2023
PR0000370,001,00530,"Solids, total suspended",NA,Q1,AVG,Quantity1,,,kg/d,81.65,kg/d,C,11/30/2023
PR0000370,001,00530,"Solids, total suspended",NA,Q2,MAX,Quantity2,,,kg/d,122.47,kg/d,C,11/30/2023
PR0000370,001,00530,"Solids, total suspended",NA,C2,AVG,Concentration2,,,mg/L,30,mg/L,C,11/30/2023
PR0000370,001,00530,"Solids, total suspended",NA,C3,MAX,Concentration3,,,mg/L,45,mg/L,C,11/30/2023
PR0000370,001,00530,"Solids, total suspended",NA,Q1,AVG,Quantity1,,,kg/d,81.65,kg/d,C,12/31/2023
PR0000370,001,00530,"Solids, total suspended",NA,Q2,MAX,Quantity2,,,kg/d,122.47,kg/d,C,12/31/2023
PR0000370,001,00530,"Solids, total suspended",NA,C3,MAX,Concentration3,,,mg/L,45,mg/L,C,12/31/2023
PR0000370,001,00530,"Solids, total suspended",NA,C2,AVG,Concentration2,,,mg/L,30,mg/L,C,12/31/2023
PR0000370,001,00530,"Solids, total suspended",NA,Q1,AVG,Quantity1,,,kg/d,81.65,kg/d,C,01/31/2024
PR0000370,001,00530,"Solids, total suspended",NA,Q2,MAX,Quantity2,,,kg/d,122.47,kg/d,C,01/31/2024
PR0000370,001,00530,"Solids, total suspended",NA,C3,MAX,Concentration3,,,mg/L,45,mg/L,C,01/31/2024
PR0000370,001,00530,"Solids, total suspended",NA,C2,AVG,Concentration2,,,mg/L,30,mg/L,C,01/31/2024
PR0000370,001,00530,"Solids, total suspended",NA,C3,MAX,Concentration3,,,mg/L,45,mg/L,C,02/29/2024
PR0000370,001,00530,"Solids, total suspended",NA,C2,AVG,Concentration2,,,mg/L,30,mg/L,C,02/29/2024
PR0000370,001,00530,"Solids, total suspended",NA,Q2,MAX,Quantity2,,,kg/d,122.47,kg/d,C,02/29/2024
PR0000370,001,00530,"Solids, total suspended",NA,Q1,AVG,Quantity1,,,kg/d,81.65,kg/d,C,02/29/2024
PR0000370,001,00530,"Solids, total suspended",NA,Q2,MAX,Quantity2,,,kg/d,122.47,kg/d,C,03/31/2024
PR0000370,001,00530,"Solids, total suspended",NA,Q1,AVG,Quantity1,,,kg/d,81.65,kg/d,C,03/31/2024
PR0000370,001,00530,"Solids, total suspended",NA,C2,AVG,Concentration2,,,mg/L,30,mg/L,C,03/31/2024
PR0000370,001,00530,"Solids, total suspended",NA,C3,MAX,Concentration3,,,mg/L,45,mg/L,C,03/31/2024
PR0000370,001,00530,"Solids, total suspended",NA,C3,MAX,Concentration3,,,mg/L,45,mg/L,C,04/30/2024
PR0000370,001,00530,"Solids, total suspended",NA,C2,AVG,Concentration2,,,mg/L,30,mg/L,C,04/30/2024
PR0000370,001,00530,"Solids, total suspended",NA,Q2,MAX,Quantity2,,,kg/d,122.47,kg/d,C,04/30/2024
PR0000370,001,00530,"Solids, total suspended",NA,Q1,AVG,Quantity1,,,kg/d,81.65,kg/d,C,04/30/2024
PR0000370,001,00530,"Solids, total suspended",NA,Q1,AVG,Quantity1,,,kg/d,81.65,kg/d,C,05/31/2024
PR0000370,001,00530,"Solids, total suspended",NA,Q2,MAX,Quantity2,,,kg/d,122.47,kg/d,C,05/31/2024
PR0000370,001,00530,"Solids, total suspended",NA,C2,AVG,Concentration2,,,mg/L,30,mg/L,C,05/31/2024
PR0000370,001,00530,"Solids, total suspended",NA,C3,MAX,Concentration3,,,mg/L,45,mg/L,C,05/31/2024
PR0000370,001,00530,"Solids, total suspended",NA,C3,MAX,Concentration3,,,mg/L,45,mg/L,C,06/30/2024
PR0000370,001,00530,"Solids, total suspended",NA,Q1,AVG,Quantity1,,,kg/d,81.65,kg/d,C,06/30/2024
PR0000370,001,00530,"Solids, total suspended",NA,C2,AVG,Concentration2,,,mg/L,30,mg/L,C,06/30/2024
PR0000370,001,00530,"Solids, total suspended",NA,Q2,MAX,Quantity2,,,kg/d,122.47,kg/d,C,06/30/2024
PR0000370,001,00530,"Solids, total suspended",NA,C2,AVG,Concentration2,,,mg/L,30,mg/L,C,07/31/2024
PR0000370,001,00530,"Solids, total suspended",NA,Q2,MAX,Quantity2,,,kg/d,122.47,kg/d,C,07/31/2024
PR0000370,001,00530,"Solids, total suspended",NA,Q1,AVG,Quantity1,,,kg/d,81.65,kg/d,C,07/31/2024
PR0000370,001,00530,"Solids, total suspended",NA,C3,MAX,Concentration3,,,mg/L,45,mg/L,C,07/31/2024
PR0000370,001,00530,"Solids, total suspended",NA,Q1,AVG,Quantity1,,,kg/d,81.65,kg/d,C,08/31/2024
PR0000370,001,00530,"Solids, total suspended",NA,Q2,MAX,Quantity2,,,kg/d,122.47,kg/d,C,08/31/2024
PR0000370,001,00530,"Solids, total suspended",NA,C2,AVG,Concentration2,,,mg/L,30,mg/L,C,08/31/2024
PR0000370,001,00530,"Solids, total suspended",NA,C3,MAX,Concentration3,,,mg/L,45,mg/L,C,08/31/2024
PR0000370,001,00530,"Solids, total suspended",NA,Q1,AVG,Quantity1,,,kg/d,81.65,kg/d,C,09/30/2024
PR0000370,001,00530,"Solids, total suspended",NA,C3,MAX,Concentration3,,,mg/L,45,mg/L,C,09/30/2024
PR0000370,001,00530,"Solids, total suspended",NA,C2,AVG,Concentration2,,,mg/L,30,mg/L,C,09/30/2024
PR0000370,001,00530,"Solids, total suspended",NA,Q2,MAX,Quantity2,,,kg/d,122.47,kg/d,C,09/30/2024
PR0000370,001,00530,"Solids, total suspended",NA,Q1,AVG,Quantity1,,,kg/d,81.65,kg/d,C,10/31/2024
PR0000370,001,00530,"Solids, total suspended",NA,C3,MAX,Concentration3,,,mg/L,45,mg/L,C,10/31/2024
PR0000370,001,00530,"Solids, total suspended",NA,Q2,MAX,Quantity2,,,kg/d,122.47,kg/d,C,10/31/2024
PR0000370,001,00530,"Solids, total suspended",NA,C2,AVG,Concentration2,,,mg/L,30,mg/L,C,10/31/2024
PR0000370,001,00530,"Solids, total suspended",NA,C3,MAX,Concentration3,,,mg/L,45,mg/L,C,11/30/2024
PR0000370,001,00530,"Solids, total suspended",NA,Q2,MAX,Quantity2,,,kg/d,122.47,kg/d,C,11/30/2024
PR0000370,001,00530,"Solids, total suspended",NA,C2,AVG,Concentration2,,,mg/L,30,mg/L,C,11/30/2024
PR0000370,001,00530,"Solids, total suspended",NA,Q1,AVG,Quantity1,,,kg/d,81.65,kg/d,C,11/30/2024
PR0000370,001,00530,"Solids, total suspended",NA,C2,AVG,Concentration2,,,mg/L,30,mg/L,C,12/31/2024
PR0000370,001,00530,"Solids, total suspended",NA,C3,MAX,Concentration3,,,mg/L,45,mg/L,C,12/31/2024
PR0000370,001,00530,"Solids, total suspended",NA,Q2,MAX,Quantity2,,,kg/d,122.47,kg/d,C,12/31/2024
PR0000370,001,00530,"Solids, total suspended",NA,Q1,AVG,Quantity1,,,kg/d,81.65,kg/d,C,12/31/2024
PR0000370,001,00530,"Solids, total suspended",NA,Q1,AVG,Quantity1,,,kg/d,81.65,kg/d,C,01/31/2025
PR0000370,001,00530,"Solids, total suspended",NA,Q2,MAX,Quantity2,,,kg/d,122.47,kg/d,C,01/31/2025
PR0000370,001,00530,"Solids, total suspended",NA,C2,AVG,Concentration2,,,mg/L,30,mg/L,C,01/31/2025
PR0000370,001,00530,"Solids, total suspended",NA,C3,MAX,Concentration3,,,mg/L,45,mg/L,C,01/31/2025
PR0000370,001,00530,"Solids, total suspended",NA,Q1,AVG,Quantity1,,,kg/d,81.65,kg/d,C,02/28/2025
PR0000370,001,00530,"Solids, total suspended",NA,Q2,MAX,Quantity2,,,kg/d,122.47,kg/d,C,02/28/2025
PR0000370,001,00530,"Solids, total suspended",NA,C2,AVG,Concentration2,,,mg/L,30,mg/L,C,02/28/2025
PR0000370,001,00530,"Solids, total suspended",NA,C3,MAX,Concentration3,,,mg/L,45,mg/L,C,02/28/2025
PR0000370,001,00530,"Solids, total suspended",NA,Q1,AVG,Quantity1,,,kg/d,81.65,kg/d,C,03/31/2025
PR0000370,001,00530,"Solids, total suspended",NA,Q2,MAX,Quantity2,,,kg/d,122.47,kg/d,C,03/31/2025
PR0000370,001,00530,"Solids, total suspended",NA,C2,AVG,Concentration2,,,mg/L,30,mg/L,C,03/31/2025
PR0000370,001,00530,"Solids, total suspended",NA,C3,MAX,Concentration3,,,mg/L,45,mg/L,C,03/31/2025
PR0000370,001,00530,"Solids, total suspended",NA,C3,MAX,Concentration3,,,mg/L,45,mg/L,C,04/30/2025
PR0000370,001,00530,"Solids, total suspended",NA,C2,AVG,Concentration2,,,mg/L,30,mg/L,C,04/30/2025
PR0000370,001,00530,"Solids, total suspended",NA,Q2,MAX,Quantity2,,,kg/d,122.47,kg/d,C,04/30/2025
PR0000370,001,00530,"Solids, total suspended",NA,Q1,AVG,Quantity1,,,kg/d,81.65,kg/d,C,04/30/2025
PR0000370,001,00530,"Solids, total suspended",NA,C2,AVG,Concentration2,,,mg/L,30,mg/L,C,05/31/2025
PR0000370,001,00530,"Solids, total suspended",NA,Q2,MAX,Quantity2,,,kg/d,122.47,kg/d,C,05/31/2025
PR0000370,001,00530,"Solids, total suspended",NA,Q1,AVG,Quantity1,,,kg/d,81.65,kg/d,C,05/31/2025
PR0000370,001,00530,"Solids, total suspended",NA,C3,MAX,Concentration3,,,mg/L,45,mg/L,C,05/31/2025
PR0000370,001,00530,"Solids, total suspended",NA,C3,MAX,Concentration3,,,mg/L,45,mg/L,C,06/30/2025
PR0000370,001,00530,"Solids, total suspended",NA,C2,AVG,Concentration2,,,mg/L,30,mg/L,C,06/30/2025
PR0000370,001,00530,"Solids, total suspended",NA,Q2,MAX,Quantity2,,,kg/d,122.47,kg/d,C,06/30/2025
PR0000370,001,00530,"Solids, total suspended",NA,Q1,AVG,Quantity1,,,kg/d,81.65,kg/d,C,06/30/2025
PR0000370,001,00530,"Solids, total suspended",NA,C3,MAX,Concentration3,,,mg/L,45,mg/L,C,07/31/2025
PR0000370,001,00530,"Solids, total suspended",NA,C2,AVG,Concentration2,,,mg/L,30,mg/L,C,07/31/2025
PR0000370,001,00530,"Solids, total suspended",NA,Q2,MAX,Quantity2,,,kg/d,122.47,kg/d,C,07/31/2025
PR0000370,001,00530,"Solids, total suspended",NA,Q1,AVG,Quantity1,,,kg/d,81.65,kg/d,C,07/31/2025
PR0000370,001,00530,"Solids, total suspended",NA,Q1,AVG,Quantity1,,,kg/d,81.65,kg/d,C,08/31/2025
PR0000370,001,00530,"Solids, total suspended",NA,Q2,MAX,Quantity2,,,kg/d,122.47,kg/d,C,08/31/2025
PR0000370,001,00530,"Solids, total suspended",NA,C2,AVG,Concentration2,,,mg/L,30,mg/L,C,08/31/2025
PR0000370,001,00530,"Solids, total suspended",NA,C3,MAX,Concentration3,,,mg/L,45,mg/L,C,08/31/2025
PR0000370,001,00530,"Solids, total suspended",NA,C3,MAX,Concentration3,,,mg/L,45,mg/L,C,09/30/2025
PR0000370,001,00530,"Solids, total suspended",NA,C2,AVG,Concentration2,,,mg/L,30,mg/L,C,09/30/2025
PR0000370,001,00530,"Solids, total suspended",NA,Q2,MAX,Quantity2,,,kg/d,122.47,kg/d,C,09/30/2025
PR0000370,001,00530,"Solids, total suspended",NA,Q1,AVG,Quantity1,,,kg/d,81.65,kg/d,C,09/30/2025
PR0000370,001,00530,"Solids, total suspended",NA,Q1,AVG,Quantity1,,,kg/d,81.65,kg/d,C,10/31/2025
PR0000370,001,00530,"Solids, total suspended",NA,Q2,MAX,Quantity2,,,kg/d,122.47,kg/d,C,10/31/2025
PR0000370,001,00530,"Solids, total suspended",NA,C2,AVG,Concentration2,,,mg/L,30,mg/L,C,10/31/2025
PR0000370,001,00530,"Solids, total suspended",NA,C3,MAX,Concentration3,,,mg/L,45,mg/L,C,10/31/2025
PR0000370,001,00530,"Solids, total suspended",NA,Q1,AVG,Quantity1,,,kg/d,81.65,kg/d,C,11/30/2025
PR0000370,001,00530,"Solids, total suspended",NA,Q2,MAX,Quantity2,,,kg/d,122.47,kg/d,C,11/30/2025
PR0000370,001,00530,"Solids, total suspended",NA,C2,AVG,Concentration2,,,mg/L,30,mg/L,C,11/30/2025
PR0000370,001,00530,"Solids, total suspended",NA,C3,MAX,Concentration3,,,mg/L,45,mg/L,C,11/30/2025
PR0000370,001,00530,"Solids, total suspended",NA,C3,MAX,Concentration3,,,mg/L,45,mg/L,C,12/31/2025
PR0000370,001,00530,"Solids, total suspended",NA,C2,AVG,Concentration2,,,mg/L,30,mg/L,C,12/31/2025
PR0000370,001,00530,"Solids, total suspended",NA,Q2,MAX,Quantity2,,,kg/d,122.47,kg/d,C,12/31/2025
PR0000370,001,00530,"Solids, total suspended",NA,Q1,AVG,Quantity1,,,kg/d,81.65,kg/d,C,12/31/2025
PR0000370,001,00530,"Solids, total suspended",NA,Q1,AVG,Quantity1,,,kg/d,81.65,kg/d,C,01/31/2026
PR0000370,001,00530,"Solids, total suspended",NA,Q2,MAX,Quantity2,,,kg/d,122.47,kg/d,C,01/31/2026
PR0000370,001,00530,"Solids, total suspended",NA,C2,AVG,Concentration2,,,mg/L,30,mg/L,C,01/31/2026
PR0000370,001,00530,"Solids, total suspended",NA,C3,MAX,Concentration3,,,mg/L,45,mg/L,C,01/31/2026
PR0000370,001,00545,"Solids, settleable",NA,C3,MAX,Concentration3,,,mg/L,,mL/L,C,01/31/2020
PR0000370,001,00545,"Solids, settleable",NA,C3,MAX,Concentration3,,,mg/L,,mL/L,C,02/29/2020
PR0000370,001,00545,"Solids, settleable",NA,C3,MAX,Concentration3,,,mg/L,,mL/L,C,03/31/2020
PR0000370,001,00545,"Solids, settleable",NA,C3,MAX,Concentration3,,,mg/L,,mL/L,C,04/30/2020
PR0000370,001,00545,"Solids, settleable",NA,C3,MAX,Concentration3,,,mg/L,,mL/L,C,05/31/2020
PR0000370,001,00545,"Solids, settleable",NA,C3,MAX,Concentration3,,,mg/L,,mL/L,C,06/30/2020
PR0000370,001,00545,"Solids, settleable",NA,C3,MAX,Concentration3,,,mg/L,,mL/L,C,07/31/2020
PR0000370,001,00545,"Solids, settleable",NA,C3,MAX,Concentration3,,,mg/L,,mL/L,C,08/31/2020
PR0000370,001,00545,"Solids, settleable",NA,C3,MAX,Concentration3,,,mg/L,,mL/L,C,09/30/2020
PR0000370,001,00545,"Solids, settleable",NA,C3,MAX,Concentration3,,,mg/L,,mL/L,C,10/31/2020
PR0000370,001,00545,"Solids, settleable",NA,C3,MAX,Concentration3,,,mg/L,,mL/L,C,11/30/2020
PR0000370,001,00545,"Solids, settleable",NA,C3,MAX,Concentration3,,,mg/L,,mL/L,C,12/31/2020
PR0000370,001,00545,"Solids, settleable",NA,C3,MAX,Concentration3,,,mg/L,,mL/L,C,01/31/2021
PR0000370,001,00545,"Solids, settleable",NA,C3,MAX,Concentration3,,,mg/L,,mL/L,C,02/28/2021
PR0000370,001,00545,"Solids, settleable",NA,C3,MAX,Concentration3,,,mg/L,,mL/L,C,03/31/2021
PR0000370,001,00545,"Solids, settleable",NA,C3,MAX,Concentration3,,,mg/L,,mL/L,C,04/30/2021
PR0000370,001,00545,"Solids, settleable",NA,C3,MAX,Concentration3,,,mg/L,,mL/L,C,05/31/2021
PR0000370,001,00545,"Solids, settleable",NA,C3,MAX,Concentration3,,,mg/L,,mL/L,C,06/30/2021
PR0000370,001,00545,"Solids, settleable",NA,C3,MAX,Concentration3,,,mg/L,,mL/L,C,07/31/2021
PR0000370,001,00545,"Solids, settleable",NA,C3,MAX,Concentration3,,,mg/L,,mL/L,C,08/31/2021
PR0000370,001,00545,"Solids, settleable",NA,C3,MAX,Concentration3,,,mg/L,,mL/L,C,09/30/2021
PR0000370,001,00545,"Solids, settleable",NA,C3,MAX,Concentration3,,,mg/L,,mL/L,C,10/31/2021
PR0000370,001,00545,"Solids, settleable",NA,C3,MAX,Concentration3,,,mg/L,,mL/L,C,11/30/2021
PR0000370,001,00545,"Solids, settleable",NA,C3,MAX,Concentration3,,,mg/L,,mL/L,C,12/31/2021
PR0000370,001,00545,"Solids, settleable",NA,C3,MAX,Concentration3,,,mg/L,,mL/L,C,01/31/2022
PR0000370,001,00545,"Solids, settleable",NA,C3,MAX,Concentration3,,,mg/L,,mL/L,C,02/28/2022
PR0000370,001,00545,"Solids, settleable",NA,C3,MAX,Concentration3,,,mg/L,,mL/L,C,03/31/2022
PR0000370,001,00545,"Solids, settleable",NA,C3,MAX,Concentration3,,,mg/L,,mL/L,C,04/30/2022
PR0000370,001,00545,"Solids, settleable",NA,C3,MAX,Concentration3,,,mg/L,,mL/L,C,05/31/2022
PR0000370,001,00545,"Solids, settleable",NA,C3,MAX,Concentration3,,,mg/L,,mL/L,C,06/30/2022
PR0000370,001,00545,"Solids, settleable",NA,C3,MAX,Concentration3,,,mg/L,,mL/L,C,07/31/2022
PR0000370,001,00545,"Solids, settleable",NA,C3,MAX,Concentration3,,,mg/L,,mL/L,C,08/31/2022
PR0000370,001,00545,"Solids, settleable",NA,C3,MAX,Concentration3,,,mg/L,,mL/L,C,09/30/2022
PR0000370,001,00545,"Solids, settleable",NA,C3,MAX,Concentration3,,,mg/L,,mL/L,C,10/31/2022
PR0000370,001,00545,"Solids, settleable",NA,C3,MAX,Concentration3,,,mg/L,,mL/L,C,11/30/2022
PR0000370,001,00545,"Solids, settleable",NA,C3,MAX,Concentration3,,,mg/L,,mL/L,C,12/31/2022
PR0000370,001,00545,"Solids, settleable",NA,C3,MAX,Concentration3,,,mg/L,,mL/L,C,01/31/2023
PR0000370,001,00545,"Solids, settleable",NA,C3,MAX,Concentration3,,,mg/L,,mL/L,C,02/28/2023
PR0000370,001,00545,"Solids, settleable",NA,C3,MAX,Concentration3,,,mg/L,,mL/L,C,03/31/2023
PR0000370,001,00545,"Solids, settleable",NA,C3,MAX,Concentration3,,,mg/L,,mL/L,C,04/30/2023
PR0000370,001,00545,"Solids, settleable",NA,C3,MAX,Concentration3,,,mg/L,,mL/L,C,05/31/2023
PR0000370,001,00545,"Solids, settleable",NA,C3,MAX,Concentration3,,,mg/L,,mL/L,C,06/30/2023
PR0000370,001,00545,"Solids, settleable",NA,C3,MAX,Concentration3,,,mg/L,,mL/L,C,07/31/2023
PR0000370,001,00545,"Solids, settleable",NA,C3,MAX,Concentration3,,,mg/L,,mL/L,C,08/31/2023
PR0000370,001,00545,"Solids, settleable",NA,C3,MAX,Concentration3,,,mg/L,,mL/L,C,09/30/2023
PR0000370,001,00545,"Solids, settleable",NA,C3,MAX,Concentration3,,,mg/L,,mL/L,C,10/31/2023
PR0000370,001,00545,"Solids, settleable",NA,C3,MAX,Concentration3,,,mg/L,,mL/L,C,11/30/2023
PR0000370,001,00545,"Solids, settleable",NA,C3,MAX,Concentration3,,,mg/L,,mL/L,C,12/31/2023
PR0000370,001,00545,"Solids, settleable",NA,C3,MAX,Concentration3,,,mg/L,,mL/L,C,01/31/2024
PR0000370,001,00545,"Solids, settleable",NA,C3,MAX,Concentration3,,,mg/L,,mL/L,C,02/29/2024
PR0000370,001,00545,"Solids, settleable",NA,C3,MAX,Concentration3,,,mg/L,,mL/L,C,03/31/2024
PR0000370,001,00545,"Solids, settleable",NA,C3,MAX,Concentration3,,,mg/L,,mL/L,C,04/30/2024
PR0000370,001,00545,"Solids, settleable",NA,C3,MAX,Concentration3,,,mg/L,,mL/L,C,05/31/2024
PR0000370,001,00545,"Solids, settleable",NA,C3,MAX,Concentration3,,,mg/L,,mL/L,C,06/30/2024
PR0000370,001,00545,"Solids, settleable",NA,C3,MAX,Concentration3,,,mg/L,,mL/L,C,07/31/2024
PR0000370,001,00545,"Solids, settleable",NA,C3,MAX,Concentration3,,,mg/L,,mL/L,C,08/31/2024
PR0000370,001,00545,"Solids, settleable",NA,C3,MAX,Concentration3,,,mg/L,,mL/L,C,09/30/2024
PR0000370,001,00545,"Solids, settleable",NA,C3,MAX,Concentration3,,,mg/L,,mL/L,C,10/31/2024
PR0000370,001,00545,"Solids, settleable",NA,C3,MAX,Concentration3,,,mg/L,,mL/L,C,11/30/2024
PR0000370,001,00545,"Solids, settleable",NA,C3,MAX,Concentration3,,,mg/L,,mL/L,C,12/31/2024
PR0000370,001,00545,"Solids, settleable",NA,C3,MAX,Concentration3,,,mg/L,,mL/L,C,01/31/2025
PR0000370,001,00545,"Solids, settleable",NA,C3,MAX,Concentration3,,,mg/L,,mL/L,C,02/28/2025
PR0000370,001,00545,"Solids, settleable",NA,C3,MAX,Concentration3,,,mg/L,,mL/L,C,03/31/2025
PR0000370,001,00545,"Solids, settleable",NA,C3,MAX,Concentration3,,,mg/L,,mL/L,C,04/30/2025
PR0000370,001,00545,"Solids, settleable",NA,C3,MAX,Concentration3,,,mg/L,,mL/L,C,05/31/2025
PR0000370,001,00545,"Solids, settleable",NA,C3,MAX,Concentration3,,,mg/L,,mL/L,C,06/30/2025
PR0000370,001,00545,"Solids, settleable",NA,C3,MAX,Concentration3,,,mg/L,,mL/L,C,07/31/2025
PR0000370,001,00545,"Solids, settleable",NA,C3,MAX,Concentration3,,,mg/L,,mL/L,C,08/31/2025
PR0000370,001,00545,"Solids, settleable",NA,C3,MAX,Concentration3,,,mg/L,,mL/L,C,09/30/2025
PR0000370,001,00545,"Solids, settleable",NA,C3,MAX,Concentration3,,,mg/L,,mL/L,C,10/31/2025
PR0000370,001,00545,"Solids, settleable",NA,C3,MAX,Concentration3,,,mg/L,,mL/L,C,11/30/2025
PR0000370,001,00545,"Solids, settleable",NA,C3,MAX,Concentration3,,,mg/L,,mL/L,C,12/31/2025
PR0000370,001,00545,"Solids, settleable",NA,C3,MAX,Concentration3,,,mg/L,,mL/L,C,01/31/2026
PR0000370,001,00556,Oil & Grease,NA,C3,MAX,Concentration3,,,mg/L,,mg/L,C,01/31/2020
PR0000370,001,00556,Oil & Grease,NA,C3,MAX,Concentration3,,,mg/L,,mg/L,C,02/29/2020
PR0000370,001,00556,Oil & Grease,NA,C3,MAX,Concentration3,,,mg/L,,mg/L,C,03/31/2020
PR0000370,001,00556,Oil & Grease,NA,C3,MAX,Concentration3,,,mg/L,,mg/L,C,04/30/2020
PR0000370,001,00556,Oil & Grease,NA,C3,MAX,Concentration3,,,mg/L,,mg/L,C,05/31/2020
PR0000370,001,00556,Oil & Grease,NA,C3,MAX,Concentration3,,,mg/L,,mg/L,C,06/30/2020
PR0000370,001,00556,Oil & Grease,NA,C3,MAX,Concentration3,,,mg/L,,mg/L,C,07/31/2020
PR0000370,001,00556,Oil & Grease,NA,C3,MAX,Concentration3,,,mg/L,,mg/L,C,08/31/2020
PR0000370,001,00556,Oil & Grease,NA,C3,MAX,Concentration3,,,mg/L,,mg/L,C,09/30/2020
PR0000370,001,00556,Oil & Grease,NA,C3,MAX,Concentration3,,,mg/L,,mg/L,C,10/31/2020
PR0000370,001,00556,Oil & Grease,NA,C3,MAX,Concentration3,,,mg/L,,mg/L,C,11/30/2020
PR0000370,001,00556,Oil & Grease,NA,C3,MAX,Concentration3,,,mg/L,,mg/L,C,12/31/2020
PR0000370,001,00556,Oil & Grease,NA,C3,MAX,Concentration3,,,mg/L,,mg/L,C,01/31/2021
PR0000370,001,00556,Oil & Grease,NA,C3,MAX,Concentration3,,,mg/L,,mg/L,C,02/28/2021
PR0000370,001,00556,Oil & Grease,NA,C3,MAX,Concentration3,,,mg/L,,mg/L,C,03/31/2021
PR0000370,001,00556,Oil & Grease,NA,C3,MAX,Concentration3,,,mg/L,,mg/L,C,04/30/2021
PR0000370,001,00556,Oil & Grease,NA,C3,MAX,Concentration3,,,mg/L,,mg/L,C,05/31/2021
PR0000370,001,00556,Oil & Grease,NA,C3,MAX,Concentration3,,,mg/L,,mg/L,C,06/30/2021
PR0000370,001,00556,Oil & Grease,NA,C3,MAX,Concentration3,,,mg/L,,mg/L,C,07/31/2021
PR0000370,001,00556,Oil & Grease,NA,C3,MAX,Concentration3,,,mg/L,,mg/L,C,08/31/2021
PR0000370,001,00556,Oil & Grease,NA,C3,MAX,Concentration3,,,mg/L,,mg/L,C,09/30/2021
PR0000370,001,00556,Oil & Grease,NA,C3,MAX,Concentration3,,,mg/L,,mg/L,C,10/31/2021
PR0000370,001,00556,Oil & Grease,NA,C3,MAX,Concentration3,,,mg/L,,mg/L,C,11/30/2021
PR0000370,001,00556,Oil & Grease,NA,C3,MAX,Concentration3,,,mg/L,,mg/L,C,12/31/2021
PR0000370,001,00556,Oil & Grease,NA,C3,MAX,Concentration3,,,mg/L,,mg/L,C,01/31/2022
PR0000370,001,00556,Oil & Grease,NA,C3,MAX,Concentration3,,,mg/L,,mg/L,C,02/28/2022
PR0000370,001,00556,Oil & Grease,NA,C3,MAX,Concentration3,,,mg/L,,mg/L,C,03/31/2022
PR0000370,001,00556,Oil & Grease,NA,C3,MAX,Concentration3,,,mg/L,,mg/L,C,04/30/2022
PR0000370,001,00556,Oil & Grease,NA,C3,MAX,Concentration3,,,mg/L,,mg/L,C,05/31/2022
PR0000370,001,00556,Oil & Grease,NA,C3,MAX,Concentration3,,,mg/L,,mg/L,C,06/30/2022
PR0000370,001,00556,Oil & Grease,NA,C3,MAX,Concentration3,,,mg/L,,mg/L,C,07/31/2022
PR0000370,001,00556,Oil & Grease,NA,C3,MAX,Concentration3,,,mg/L,,mg/L,C,08/31/2022
PR0000370,001,00556,Oil & Grease,NA,C3,MAX,Concentration3,,,mg/L,,mg/L,C,09/30/2022
PR0000370,001,00556,Oil & Grease,NA,C3,MAX,Concentration3,,,mg/L,,mg/L,C,10/31/2022
PR0000370,001,00556,Oil & Grease,NA,C3,MAX,Concentration3,,,mg/L,,mg/L,C,11/30/2022
PR0000370,001,00556,Oil & Grease,NA,C3,MAX,Concentration3,,,mg/L,,mg/L,C,12/31/2022
PR0000370,001,00556,Oil & Grease,NA,C3,MAX,Concentration3,,,mg/L,,mg/L,C,01/31/2023
PR0000370,001,00556,Oil & Grease,NA,C3,MAX,Concentration3,,,mg/L,,mg/L,C,02/28/2023
PR0000370,001,00556,Oil & Grease,NA,C3,MAX,Concentration3,,,mg/L,,mg/L,C,03/31/2023
PR0000370,001,00556,Oil & Grease,NA,C3,MAX,Concentration3,,,mg/L,,mg/L,C,04/30/2023
PR0000370,001,00556,Oil & Grease,NA,C3,MAX,Concentration3,,,mg/L,,mg/L,C,05/31/2023
PR0000370,001,00556,Oil & Grease,NA,C3,MAX,Concentration3,,,mg/L,,mg/L,C,06/30/2023
PR0000370,001,00556,Oil & Grease,NA,C3,MAX,Concentration3,,,mg/L,,mg/L,C,07/31/2023
PR0000370,001,00556,Oil & Grease,NA,C3,MAX,Concentration3,,,mg/L,,mg/L,C,08/31/2023
PR0000370,001,00556,Oil & Grease,NA,C3,MAX,Concentration3,,,mg/L,,mg/L,C,09/30/2023
PR0000370,001,00556,Oil & Grease,NA,C3,MAX,Concentration3,,,mg/L,,mg/L,C,10/31/2023
PR0000370,001,00556,Oil & Grease,NA,C3,MAX,Concentration3,,,mg/L,,mg/L,C,11/30/2023
PR0000370,001,00556,Oil & Grease,NA,C3,MAX,Concentration3,,,mg/L,,mg/L,C,12/31/2023
PR0000370,001,00556,Oil & Grease,NA,C3,MAX,Concentration3,,,mg/L,,mg/L,C,01/31/2024
PR0000370,001,00556,Oil & Grease,NA,C3,MAX,Concentration3,,,mg/L,,mg/L,C,02/29/2024
PR0000370,001,00556,Oil & Grease,NA,C3,MAX,Concentration3,,,mg/L,,mg/L,C,03/31/2024
PR0000370,001,00556,Oil & Grease,NA,C3,MAX,Concentration3,,,mg/L,,mg/L,C,04/30/2024
PR0000370,001,00556,Oil & Grease,NA,C3,MAX,Concentration3,,,mg/L,,mg/L,C,05/31/2024
PR0000370,001,00556,Oil & Grease,NA,C3,MAX,Concentration3,,,mg/L,,mg/L,C,06/30/2024
PR0000370,001,00556,Oil & Grease,NA,C3,MAX,Concentration3,,,mg/L,,mg/L,C,07/31/2024
PR0000370,001,00556,Oil & Grease,NA,C3,MAX,Concentration3,,,mg/L,,mg/L,C,08/31/2024
PR0000370,001,00556,Oil & Grease,NA,C3,MAX,Concentration3,,,mg/L,,mg/L,C,09/30/2024
PR0000370,001,00556,Oil & Grease,NA,C3,MAX,Concentration3,,,mg/L,,mg/L,C,10/31/2024
PR0000370,001,00556,Oil & Grease,NA,C3,MAX,Concentration3,,,mg/L,,mg/L,C,11/30/2024
PR0000370,001,00556,Oil & Grease,NA,C3,MAX,Concentration3,,,mg/L,,mg/L,C,12/31/2024
PR0000370,001,00556,Oil & Grease,NA,C3,MAX,Concentration3,,,mg/L,,mg/L,C,01/31/2025
PR0000370,001,00556,Oil & Grease,NA,C3,MAX,Concentration3,,,mg/L,,mg/L,C,02/28/2025
PR0000370,001,00556,Oil & Grease,NA,C3,MAX,Concentration3,,,mg/L,,mg/L,C,03/31/2025
PR0000370,001,00556,Oil & Grease,NA,C3,MAX,Concentration3,,,mg/L,,mg/L,C,04/30/2025
PR0000370,001,00556,Oil & Grease,NA,C3,MAX,Concentration3,,,mg/L,,mg/L,C,05/31/2025
PR0000370,001,00556,Oil & Grease,NA,C3,MAX,Concentration3,,,mg/L,,mg/L,C,06/30/2025
PR0000370,001,00556,Oil & Grease,NA,C3,MAX,Concentration3,,,mg/L,,mg/L,C,07/31/2025
PR0000370,001,00556,Oil & Grease,NA,C3,MAX,Concentration3,,,mg/L,,mg/L,C,08/31/2025
PR0000370,001,00556,Oil & Grease,NA,C3,MAX,Concentration3,,,mg/L,,mg/L,C,09/30/2025
PR0000370,001,00556,Oil & Grease,NA,C3,MAX,Concentration3,,,mg/L,,mg/L,C,10/31/2025
PR0000370,001,00556,Oil & Grease,NA,C3,MAX,Concentration3,,,mg/L,,mg/L,C,11/30/2025
PR0000370,001,00556,Oil & Grease,NA,C3,MAX,Concentration3,,,mg/L,,mg/L,C,12/31/2025
PR0000370,001,00556,Oil & Grease,NA,C3,MAX,Concentration3,,,mg/L,,mg/L,C,01/31/2026
PR0000370,001,01042,"Copper, total [as Cu]",NA,C3,MAX,Concentration3,,,mg/L,3.73,ug/L,C,01/31/2020
PR0000370,001,01042,"Copper, total [as Cu]",NA,C3,MAX,Concentration3,,,mg/L,3.73,ug/L,C,02/29/2020
PR0000370,001,01042,"Copper, total [as Cu]",NA,C3,MAX,Concentration3,,,mg/L,3.73,ug/L,C,03/31/2020
PR0000370,001,01042,"Copper, total [as Cu]",NA,C3,MAX,Concentration3,,,mg/L,3.73,ug/L,C,04/30/2020
PR0000370,001,01042,"Copper, total [as Cu]",NA,C3,MAX,Concentration3,,,mg/L,3.73,ug/L,C,05/31/2020
PR0000370,001,01042,"Copper, total [as Cu]",NA,C3,MAX,Concentration3,,,mg/L,3.73,ug/L,C,06/30/2020
PR0000370,001,01042,"Copper, total [as Cu]",NA,C3,MAX,Concentration3,,,mg/L,3.73,ug/L,C,07/31/2020
PR0000370,001,01042,"Copper, total [as Cu]",NA,C3,MAX,Concentration3,,,mg/L,3.73,ug/L,C,08/31/2020
PR0000370,001,01042,"Copper, total [as Cu]",NA,C3,MAX,Concentration3,,,mg/L,3.73,ug/L,C,09/30/2020
PR0000370,001,01042,"Copper, total [as Cu]",NA,C3,MAX,Concentration3,,,mg/L,3.73,ug/L,C,10/31/2020
PR0000370,001,01042,"Copper, total [as Cu]",NA,C3,MAX,Concentration3,,,mg/L,3.73,ug/L,C,11/30/2020
PR0000370,001,01042,"Copper, total [as Cu]",NA,C3,MAX,Concentration3,,,mg/L,3.73,ug/L,C,12/31/2020
PR0000370,001,01042,"Copper, total [as Cu]",NA,C3,MAX,Concentration3,,,mg/L,3.73,ug/L,C,01/31/2021
PR0000370,001,01042,"Copper, total [as Cu]",NA,C3,MAX,Concentration3,,,mg/L,3.73,ug/L,C,02/28/2021
PR0000370,001,01042,"Copper, total [as Cu]",NA,C3,MAX,Concentration3,,,mg/L,3.73,ug/L,C,03/31/2021
PR0000370,001,01042,"Copper, total [as Cu]",NA,C3,MAX,Concentration3,,,mg/L,3.73,ug/L,C,04/30/2021
PR0000370,001,01042,"Copper, total [as Cu]",NA,C3,MAX,Concentration3,,,mg/L,3.73,ug/L,C,05/31/2021
PR0000370,001,01042,"Copper, total [as Cu]",NA,C3,MAX,Concentration3,,,mg/L,3.73,ug/L,C,06/30/2021
PR0000370,001,01042,"Copper, total [as Cu]",NA,C3,MAX,Concentration3,,,mg/L,3.73,ug/L,C,07/31/2021
PR0000370,001,01042,"Copper, total [as Cu]",NA,C3,MAX,Concentration3,,,mg/L,3.73,ug/L,C,08/31/2021
PR0000370,001,01042,"Copper, total [as Cu]",NA,C3,MAX,Concentration3,,,mg/L,3.73,ug/L,C,09/30/2021
PR0000370,001,01042,"Copper, total [as Cu]",NA,C3,MAX,Concentration3,,,mg/L,3.73,ug/L,C,10/31/2021
PR0000370,001,01042,"Copper, total [as Cu]",NA,C3,MAX,Concentration3,,,mg/L,3.73,ug/L,C,11/30/2021
PR0000370,001,01042,"Copper, total [as Cu]",NA,C3,MAX,Concentration3,,,mg/L,3.73,ug/L,C,12/31/2021
PR0000370,001,01042,"Copper, total [as Cu]",NA,C3,MAX,Concentration3,,,mg/L,3.73,ug/L,C,01/31/2022
PR0000370,001,01042,"Copper, total [as Cu]",NA,C3,MAX,Concentration3,,,mg/L,3.73,ug/L,C,02/28/2022
PR0000370,001,01042,"Copper, total [as Cu]",NA,C3,MAX,Concentration3,,,mg/L,3.73,ug/L,C,03/31/2022
PR0000370,001,01042,"Copper, total [as Cu]",NA,C3,MAX,Concentration3,,,mg/L,3.73,ug/L,C,04/30/2022
PR0000370,001,01042,"Copper, total [as Cu]",NA,C3,MAX,Concentration3,,,mg/L,3.73,ug/L,C,05/31/2022
PR0000370,001,01042,"Copper, total [as Cu]",NA,C3,MAX,Concentration3,,,mg/L,3.73,ug/L,C,06/30/2022
PR0000370,001,01042,"Copper, total [as Cu]",NA,C3,MAX,Concentration3,,,mg/L,3.73,ug/L,C,07/31/2022
PR0000370,001,01042,"Copper, total [as Cu]",NA,C3,MAX,Concentration3,,,mg/L,3.73,ug/L,C,08/31/2022
PR0000370,001,01042,"Copper, total [as Cu]",NA,C3,MAX,Concentration3,,,mg/L,3.73,ug/L,C,09/30/2022
PR0000370,001,01042,"Copper, total [as Cu]",NA,C3,MAX,Concentration3,,,mg/L,3.73,ug/L,C,10/31/2022
PR0000370,001,01042,"Copper, total [as Cu]",NA,C3,MAX,Concentration3,,,mg/L,3.73,ug/L,C,11/30/2022
PR0000370,001,01042,"Copper, total [as Cu]",NA,C3,MAX,Concentration3,,,mg/L,3.73,ug/L,C,12/31/2022
PR0000370,001,01042,"Copper, total [as Cu]",NA,C3,MAX,Concentration3,,,mg/L,3.73,ug/L,C,01/31/2023
PR0000370,001,01042,"Copper, total [as Cu]",NA,C3,MAX,Concentration3,,,mg/L,3.73,ug/L,C,02/28/2023
PR0000370,001,01042,"Copper, total [as Cu]",NA,C3,MAX,Concentration3,,,mg/L,3.73,ug/L,C,03/31/2023
PR0000370,001,01042,"Copper, total [as Cu]",NA,C3,MAX,Concentration3,,,mg/L,3.73,ug/L,C,04/30/2023
PR0000370,001,01042,"Copper, total [as Cu]",NA,C3,MAX,Concentration3,,,mg/L,3.73,ug/L,C,05/31/2023
PR0000370,001,01042,"Copper, total [as Cu]",NA,C3,MAX,Concentration3,,,mg/L,3.73,ug/L,C,06/30/2023
PR0000370,001,01042,"Copper, total [as Cu]",NA,C3,MAX,Concentration3,,,mg/L,3.73,ug/L,C,07/31/2023
PR0000370,001,01042,"Copper, total [as Cu]",NA,C3,MAX,Concentration3,,,mg/L,3.73,ug/L,C,08/31/2023
PR0000370,001,01042,"Copper, total [as Cu]",NA,C3,MAX,Concentration3,,,mg/L,3.73,ug/L,C,09/30/2023
PR0000370,001,01042,"Copper, total [as Cu]",NA,C3,MAX,Concentration3,,,mg/L,3.73,ug/L,C,10/31/2023
PR0000370,001,01042,"Copper, total [as Cu]",NA,C3,MAX,Concentration3,,,mg/L,3.73,ug/L,C,11/30/2023
PR0000370,001,01042,"Copper, total [as Cu]",NA,C3,MAX,Concentration3,,,mg/L,3.73,ug/L,C,12/31/2023
PR0000370,001,01042,"Copper, total [as Cu]",NA,C3,MAX,Concentration3,,,mg/L,3.73,ug/L,C,01/31/2024
PR0000370,001,01042,"Copper, total [as Cu]",NA,C3,MAX,Concentration3,,,mg/L,3.73,ug/L,C,02/29/2024
PR0000370,001,01042,"Copper, total [as Cu]",NA,C3,MAX,Concentration3,,,mg/L,3.73,ug/L,C,03/31/2024
PR0000370,001,01042,"Copper, total [as Cu]",NA,C3,MAX,Concentration3,,,mg/L,3.73,ug/L,C,04/30/2024
PR0000370,001,01042,"Copper, total [as Cu]",NA,C3,MAX,Concentration3,,,mg/L,3.73,ug/L,C,05/31/2024
PR0000370,001,01042,"Copper, total [as Cu]",NA,C3,MAX,Concentration3,,,mg/L,3.73,ug/L,C,06/30/2024
PR0000370,001,01042,"Copper, total [as Cu]",NA,C3,MAX,Concentration3,,,mg/L,3.73,ug/L,C,07/31/2024
PR0000370,001,01042,"Copper, total [as Cu]",NA,C3,MAX,Concentration3,,,mg/L,3.73,ug/L,C,08/31/2024
PR0000370,001,01042,"Copper, total [as Cu]",NA,C3,MAX,Concentration3,,,mg/L,3.73,ug/L,C,09/30/2024
PR0000370,001,01042,"Copper, total [as Cu]",NA,C3,MAX,Concentration3,,,mg/L,3.73,ug/L,C,10/31/2024
PR0000370,001,01042,"Copper, total [as Cu]",NA,C3,MAX,Concentration3,,,mg/L,3.73,ug/L,C,11/30/2024
PR0000370,001,01042,"Copper, total [as Cu]",NA,C3,MAX,Concentration3,,,mg/L,3.73,ug/L,C,12/31/2024
PR0000370,001,01042,"Copper, total [as Cu]",NA,C3,MAX,Concentration3,,,mg/L,3.73,ug/L,C,01/31/2025
PR0000370,001,01042,"Copper, total [as Cu]",NA,C3,MAX,Concentration3,,,mg/L,3.73,ug/L,C,02/28/2025
PR0000370,001,01042,"Copper, total [as Cu]",NA,C3,MAX,Concentration3,,,mg/L,3.73,ug/L,C,03/31/2025
PR0000370,001,01042,"Copper, total [as Cu]",NA,C3,MAX,Concentration3,,,mg/L,3.73,ug/L,C,04/30/2025
PR0000370,001,01042,"Copper, total [as Cu]",NA,C3,MAX,Concentration3,,,mg/L,3.73,ug/L,C,05/31/2025
PR0000370,001,01042,"Copper, total [as Cu]",NA,C3,MAX,Concentration3,,,mg/L,3.73,ug/L,C,06/30/2025
PR0000370,001,01042,"Copper, total [as Cu]",NA,C3,MAX,Concentration3,,,mg/L,3.73,ug/L,C,07/31/2025
PR0000370,001,01042,"Copper, total [as Cu]",NA,C3,MAX,Concentration3,,,mg/L,3.73,ug/L,C,08/31/2025
PR0000370,001,01042,"Copper, total [as Cu]",NA,C3,MAX,Concentration3,,,mg/L,3.73,ug/L,C,09/30/2025
PR0000370,001,01042,"Copper, total [as Cu]",NA,C3,MAX,Concentration3,,,mg/L,3.73,ug/L,C,10/31/2025
PR0000370,001,01042,"Copper, total [as Cu]",NA,C3,MAX,Concentration3,,,mg/L,3.73,ug/L,C,11/30/2025
PR0000370,001,01042,"Copper, total [as Cu]",NA,C3,MAX,Concentration3,,,mg/L,3.73,ug/L,C,12/31/2025
PR0000370,001,01042,"Copper, total [as Cu]",NA,C3,MAX,Concentration3,,,mg/L,3.73,ug/L,C,01/31/2026
PR0000370,001,01067,"Nickel, total [as Ni]",NA,C3,MAX,Concentration3,,,mg/L,12.64,ug/L,C,01/31/2020
PR0000370,001,01067,"Nickel, total [as Ni]",NA,C3,MAX,Concentration3,,,mg/L,12.64,ug/L,C,02/29/2020
PR0000370,001,01067,"Nickel, total [as Ni]",NA,C3,MAX,Concentration3,,,mg/L,12.64,ug/L,C,03/31/2020
PR0000370,001,01067,"Nickel, total [as Ni]",NA,C3,MAX,Concentration3,,,mg/L,12.64,ug/L,C,04/30/2020
PR0000370,001,01067,"Nickel, total [as Ni]",NA,C3,MAX,Concentration3,,,mg/L,12.64,ug/L,C,05/31/2020
PR0000370,001,01067,"Nickel, total [as Ni]",NA,C3,MAX,Concentration3,,,mg/L,12.64,ug/L,C,06/30/2020
PR0000370,001,01067,"Nickel, total [as Ni]",NA,C3,MAX,Concentration3,,,mg/L,12.64,ug/L,C,07/31/2020
PR0000370,001,01067,"Nickel, total [as Ni]",NA,C3,MAX,Concentration3,,,mg/L,12.64,ug/L,C,08/31/2020
PR0000370,001,01067,"Nickel, total [as Ni]",NA,C3,MAX,Concentration3,,,mg/L,12.64,ug/L,C,09/30/2020
PR0000370,001,01067,"Nickel, total [as Ni]",NA,C3,MAX,Concentration3,,,mg/L,12.64,ug/L,C,10/31/2020
PR0000370,001,01067,"Nickel, total [as Ni]",NA,C3,MAX,Concentration3,,,mg/L,12.64,ug/L,C,11/30/2020
PR0000370,001,01067,"Nickel, total [as Ni]",NA,C3,MAX,Concentration3,,,mg/L,12.64,ug/L,C,12/31/2020
PR0000370,001,01067,"Nickel, total [as Ni]",NA,C3,MAX,Concentration3,,,mg/L,12.64,ug/L,C,01/31/2021
PR0000370,001,01067,"Nickel, total [as Ni]",NA,C3,MAX,Concentration3,,,mg/L,12.64,ug/L,C,02/28/2021
PR0000370,001,01067,"Nickel, total [as Ni]",NA,C3,MAX,Concentration3,,,mg/L,12.64,ug/L,C,03/31/2021
PR0000370,001,01067,"Nickel, total [as Ni]",NA,C3,MAX,Concentration3,,,mg/L,12.64,ug/L,C,04/30/2021
PR0000370,001,01067,"Nickel, total [as Ni]",NA,C3,MAX,Concentration3,,,mg/L,12.64,ug/L,C,05/31/2021
PR0000370,001,01067,"Nickel, total [as Ni]",NA,C3,MAX,Concentration3,,,mg/L,12.64,ug/L,C,06/30/2021
PR0000370,001,01067,"Nickel, total [as Ni]",NA,C3,MAX,Concentration3,,,mg/L,12.64,ug/L,C,07/31/2021
PR0000370,001,01067,"Nickel, total [as Ni]",NA,C3,MAX,Concentration3,,,mg/L,12.64,ug/L,C,08/31/2021
PR0000370,001,01067,"Nickel, total [as Ni]",NA,C3,MAX,Concentration3,,,mg/L,12.64,ug/L,C,09/30/2021
PR0000370,001,01067,"Nickel, total [as Ni]",NA,C3,MAX,Concentration3,,,mg/L,12.64,ug/L,C,10/31/2021
PR0000370,001,01067,"Nickel, total [as Ni]",NA,C3,MAX,Concentration3,,,mg/L,12.64,ug/L,C,11/30/2021
PR0000370,001,01067,"Nickel, total [as Ni]",NA,C3,MAX,Concentration3,,,mg/L,12.64,ug/L,C,12/31/2021
PR0000370,001,01067,"Nickel, total [as Ni]",NA,C3,MAX,Concentration3,,,mg/L,12.64,ug/L,C,01/31/2022
PR0000370,001,01067,"Nickel, total [as Ni]",NA,C3,MAX,Concentration3,,,mg/L,12.64,ug/L,C,02/28/2022
PR0000370,001,01067,"Nickel, total [as Ni]",NA,C3,MAX,Concentration3,,,mg/L,12.64,ug/L,C,03/31/2022
PR0000370,001,01067,"Nickel, total [as Ni]",NA,C3,MAX,Concentration3,,,mg/L,12.64,ug/L,C,04/30/2022
PR0000370,001,01067,"Nickel, total [as Ni]",NA,C3,MAX,Concentration3,,,mg/L,12.64,ug/L,C,05/31/2022
PR0000370,001,01067,"Nickel, total [as Ni]",NA,C3,MAX,Concentration3,,,mg/L,12.64,ug/L,C,06/30/2022
PR0000370,001,01067,"Nickel, total [as Ni]",NA,C3,MAX,Concentration3,,,mg/L,12.64,ug/L,C,07/31/2022
PR0000370,001,01067,"Nickel, total [as Ni]",NA,C3,MAX,Concentration3,,,mg/L,12.64,ug/L,C,08/31/2022
PR0000370,001,01067,"Nickel, total [as Ni]",NA,C3,MAX,Concentration3,,,mg/L,12.64,ug/L,C,09/30/2022
PR0000370,001,01067,"Nickel, total [as Ni]",NA,C3,MAX,Concentration3,,,mg/L,12.64,ug/L,C,10/31/2022
PR0000370,001,01067,"Nickel, total [as Ni]",NA,C3,MAX,Concentration3,,,mg/L,12.64,ug/L,C,11/30/2022
PR0000370,001,01067,"Nickel, total [as Ni]",NA,C3,MAX,Concentration3,,,mg/L,12.64,ug/L,C,12/31/2022
PR0000370,001,01067,"Nickel, total [as Ni]",NA,C3,MAX,Concentration3,,,mg/L,12.64,ug/L,C,01/31/2023
PR0000370,001,01067,"Nickel, total [as Ni]",NA,C3,MAX,Concentration3,,,mg/L,12.64,ug/L,C,02/28/2023
PR0000370,001,01067,"Nickel, total [as Ni]",NA,C3,MAX,Concentration3,,,mg/L,12.64,ug/L,C,03/31/2023
PR0000370,001,01067,"Nickel, total [as Ni]",NA,C3,MAX,Concentration3,,,mg/L,12.64,ug/L,C,04/30/2023
PR0000370,001,01067,"Nickel, total [as Ni]",NA,C3,MAX,Concentration3,,,mg/L,12.64,ug/L,C,05/31/2023
PR0000370,001,01067,"Nickel, total [as Ni]",NA,C3,MAX,Concentration3,,,mg/L,12.64,ug/L,C,06/30/2023
PR0000370,001,01067,"Nickel, total [as Ni]",NA,C3,MAX,Concentration3,,,mg/L,12.64,ug/L,C,07/31/2023
PR0000370,001,01067,"Nickel, total [as Ni]",NA,C3,MAX,Concentration3,,,mg/L,12.64,ug/L,C,08/31/2023
PR0000370,001,01067,"Nickel, total [as Ni]",NA,C3,MAX,Concentration3,,,mg/L,12.64,ug/L,C,09/30/2023
PR0000370,001,01067,"Nickel, total [as Ni]",NA,C3,MAX,Concentration3,,,mg/L,12.64,ug/L,C,10/31/2023
PR0000370,001,01067,"Nickel, total [as Ni]",NA,C3,MAX,Concentration3,,,mg/L,12.64,ug/L,C,11/30/2023
PR0000370,001,01067,"Nickel, total [as Ni]",NA,C3,MAX,Concentration3,,,mg/L,12.64,ug/L,C,12/31/2023
PR0000370,001,01067,"Nickel, total [as Ni]",NA,C3,MAX,Concentration3,,,mg/L,12.64,ug/L,C,01/31/2024
PR0000370,001,01067,"Nickel, total [as Ni]",NA,C3,MAX,Concentration3,,,mg/L,12.64,ug/L,C,02/29/2024
PR0000370,001,01067,"Nickel, total [as Ni]",NA,C3,MAX,Concentration3,,,mg/L,12.64,ug/L,C,03/31/2024
PR0000370,001,01067,"Nickel, total [as Ni]",NA,C3,MAX,Concentration3,,,mg/L,12.64,ug/L,C,04/30/2024
PR0000370,001,01067,"Nickel, total [as Ni]",NA,C3,MAX,Concentration3,,,mg/L,12.64,ug/L,C,05/31/2024
PR0000370,001,01067,"Nickel, total [as Ni]",NA,C3,MAX,Concentration3,,,mg/L,12.64,ug/L,C,06/30/2024
PR0000370,001,01067,"Nickel, total [as Ni]",NA,C3,MAX,Concentration3,,,mg/L,12.64,ug/L,C,07/31/2024
PR0000370,001,01067,"Nickel, total [as Ni]",NA,C3,MAX,Concentration3,,,mg/L,12.64,ug/L,C,08/31/2024
PR0000370,001,01067,"Nickel, total [as Ni]",NA,C3,MAX,Concentration3,,,mg/L,12.64,ug/L,C,09/30/2024
PR0000370,001,01067,"Nickel, total [as Ni]",NA,C3,MAX,Concentration3,,,mg/L,12.64,ug/L,C,10/31/2024
PR0000370,001,01067,"Nickel, total [as Ni]",NA,C3,MAX,Concentration3,,,mg/L,12.64,ug/L,C,11/30/2024
PR0000370,001,01067,"Nickel, total [as Ni]",NA,C3,MAX,Concentration3,,,mg/L,12.64,ug/L,C,12/31/2024
PR0000370,001,01067,"Nickel, total [as Ni]",NA,C3,MAX,Concentration3,,,mg/L,12.64,ug/L,C,01/31/2025
PR0000370,001,01067,"Nickel, total [as Ni]",NA,C3,MAX,Concentration3,,,mg/L,12.64,ug/L,C,02/28/2025
PR0000370,001,01067,"Nickel, total [as Ni]",NA,C3,MAX,Concentration3,,,mg/L,12.64,ug/L,C,03/31/2025
PR0000370,001,01067,"Nickel, total [as Ni]",NA,C3,MAX,Concentration3,,,mg/L,12.64,ug/L,C,04/30/2025
PR0000370,001,01067,"Nickel, total [as Ni]",NA,C3,MAX,Concentration3,,,mg/L,12.64,ug/L,C,05/31/2025
PR0000370,001,01067,"Nickel, total [as Ni]",NA,C3,MAX,Concentration3,,,mg/L,12.64,ug/L,C,06/30/2025
PR0000370,001,01067,"Nickel, total [as Ni]",NA,C3,MAX,Concentration3,,,mg/L,12.64,ug/L,C,07/31/2025
PR0000370,001,01067,"Nickel, total [as Ni]",NA,C3,MAX,Concentration3,,,mg/L,12.64,ug/L,C,08/31/2025
PR0000370,001,01067,"Nickel, total [as Ni]",NA,C3,MAX,Concentration3,,,mg/L,12.64,ug/L,C,09/30/2025
PR0000370,001,01067,"Nickel, total [as Ni]",NA,C3,MAX,Concentration3,,,mg/L,12.64,ug/L,C,10/31/2025
PR0000370,001,01067,"Nickel, total [as Ni]",NA,C3,MAX,Concentration3,,,mg/L,12.64,ug/L,C,11/30/2025
PR0000370,001,01067,"Nickel, total [as Ni]",NA,C3,MAX,Concentration3,,,mg/L,12.64,ug/L,C,12/31/2025
PR0000370,001,01067,"Nickel, total [as Ni]",NA,C3,MAX,Concentration3,,,mg/L,12.64,ug/L,C,01/31/2026
PR0000370,001,01092,"Zinc, total [as Zn]",NA,C3,MAX,Concentration3,,,mg/L,85.62,ug/L,C,01/31/2020
PR0000370,001,01092,"Zinc, total [as Zn]",NA,C3,MAX,Concentration3,,,mg/L,85.62,ug/L,C,02/29/2020
PR0000370,001,01092,"Zinc, total [as Zn]",NA,C3,MAX,Concentration3,,,mg/L,85.62,ug/L,C,03/31/2020
PR0000370,001,01092,"Zinc, total [as Zn]",NA,C3,MAX,Concentration3,,,mg/L,85.62,ug/L,C,04/30/2020
PR0000370,001,01092,"Zinc, total [as Zn]",NA,C3,MAX,Concentration3,,,mg/L,85.62,ug/L,C,05/31/2020
PR0000370,001,01092,"Zinc, total [as Zn]",NA,C3,MAX,Concentration3,,,mg/L,85.62,ug/L,C,06/30/2020
PR0000370,001,01092,"Zinc, total [as Zn]",NA,C3,MAX,Concentration3,,,mg/L,85.62,ug/L,C,07/31/2020
PR0000370,001,01092,"Zinc, total [as Zn]",NA,C3,MAX,Concentration3,,,mg/L,85.62,ug/L,C,08/31/2020
PR0000370,001,01092,"Zinc, total [as Zn]",NA,C3,MAX,Concentration3,,,mg/L,85.62,ug/L,C,09/30/2020
PR0000370,001,01092,"Zinc, total [as Zn]",NA,C3,MAX,Concentration3,,,mg/L,85.62,ug/L,C,10/31/2020
PR0000370,001,01092,"Zinc, total [as Zn]",NA,C3,MAX,Concentration3,,,mg/L,85.62,ug/L,C,11/30/2020
PR0000370,001,01092,"Zinc, total [as Zn]",NA,C3,MAX,Concentration3,,,mg/L,85.62,ug/L,C,12/31/2020
PR0000370,001,01092,"Zinc, total [as Zn]",NA,C3,MAX,Concentration3,,,mg/L,85.62,ug/L,C,01/31/2021
PR0000370,001,01092,"Zinc, total [as Zn]",NA,C3,MAX,Concentration3,,,mg/L,85.62,ug/L,C,02/28/2021
PR0000370,001,01092,"Zinc, total [as Zn]",NA,C3,MAX,Concentration3,,,mg/L,85.62,ug/L,C,03/31/2021
PR0000370,001,01092,"Zinc, total [as Zn]",NA,C3,MAX,Concentration3,,,mg/L,85.62,ug/L,C,04/30/2021
PR0000370,001,01092,"Zinc, total [as Zn]",NA,C3,MAX,Concentration3,,,mg/L,85.62,ug/L,C,05/31/2021
PR0000370,001,01092,"Zinc, total [as Zn]",NA,C3,MAX,Concentration3,,,mg/L,85.62,ug/L,C,06/30/2021
PR0000370,001,01092,"Zinc, total [as Zn]",NA,C3,MAX,Concentration3,,,mg/L,85.62,ug/L,C,07/31/2021
PR0000370,001,01092,"Zinc, total [as Zn]",NA,C3,MAX,Concentration3,,,mg/L,85.62,ug/L,C,08/31/2021
PR0000370,001,01092,"Zinc, total [as Zn]",NA,C3,MAX,Concentration3,,,mg/L,85.62,ug/L,C,09/30/2021
PR0000370,001,01092,"Zinc, total [as Zn]",NA,C3,MAX,Concentration3,,,mg/L,85.62,ug/L,C,10/31/2021
PR0000370,001,01092,"Zinc, total [as Zn]",NA,C3,MAX,Concentration3,,,mg/L,85.62,ug/L,C,11/30/2021
PR0000370,001,01092,"Zinc, total [as Zn]",NA,C3,MAX,Concentration3,,,mg/L,85.62,ug/L,C,12/31/2021
PR0000370,001,01092,"Zinc, total [as Zn]",NA,C3,MAX,Concentration3,,,mg/L,85.62,ug/L,C,01/31/2022
PR0000370,001,01092,"Zinc, total [as Zn]",NA,C3,MAX,Concentration3,,,mg/L,85.62,ug/L,C,02/28/2022
PR0000370,001,01092,"Zinc, total [as Zn]",NA,C3,MAX,Concentration3,,,mg/L,85.62,ug/L,C,03/31/2022
PR0000370,001,01092,"Zinc, total [as Zn]",NA,C3,MAX,Concentration3,,,mg/L,85.62,ug/L,C,04/30/2022
PR0000370,001,01092,"Zinc, total [as Zn]",NA,C3,MAX,Concentration3,,,mg/L,85.62,ug/L,C,05/31/2022
PR0000370,001,01092,"Zinc, total [as Zn]",NA,C3,MAX,Concentration3,,,mg/L,85.62,ug/L,C,06/30/2022
PR0000370,001,01092,"Zinc, total [as Zn]",NA,C3,MAX,Concentration3,,,mg/L,85.62,ug/L,C,07/31/2022
PR0000370,001,01092,"Zinc, total [as Zn]",NA,C3,MAX,Concentration3,,,mg/L,85.62,ug/L,C,08/31/2022
PR0000370,001,01092,"Zinc, total [as Zn]",NA,C3,MAX,Concentration3,,,mg/L,85.62,ug/L,C,09/30/2022
PR0000370,001,01092,"Zinc, total [as Zn]",NA,C3,MAX,Concentration3,,,mg/L,85.62,ug/L,C,10/31/2022
PR0000370,001,01092,"Zinc, total [as Zn]",NA,C3,MAX,Concentration3,,,mg/L,85.62,ug/L,C,11/30/2022
PR0000370,001,01092,"Zinc, total [as Zn]",NA,C3,MAX,Concentration3,,,mg/L,85.62,ug/L,C,12/31/2022
PR0000370,001,01092,"Zinc, total [as Zn]",NA,C3,MAX,Concentration3,,,mg/L,85.62,ug/L,C,01/31/2023
PR0000370,001,01092,"Zinc, total [as Zn]",NA,C3,MAX,Concentration3,,,mg/L,85.62,ug/L,C,02/28/2023
PR0000370,001,01092,"Zinc, total [as Zn]",NA,C3,MAX,Concentration3,,,mg/L,85.62,ug/L,C,03/31/2023
PR0000370,001,01092,"Zinc, total [as Zn]",NA,C3,MAX,Concentration3,,,mg/L,85.62,ug/L,C,04/30/2023
PR0000370,001,01092,"Zinc, total [as Zn]",NA,C3,MAX,Concentration3,,,mg/L,85.62,ug/L,C,05/31/2023
PR0000370,001,01092,"Zinc, total [as Zn]",NA,C3,MAX,Concentration3,,,mg/L,85.62,ug/L,C,06/30/2023
PR0000370,001,01092,"Zinc, total [as Zn]",NA,C3,MAX,Concentration3,,,mg/L,85.62,ug/L,C,07/31/2023
PR0000370,001,01092,"Zinc, total [as Zn]",NA,C3,MAX,Concentration3,,,mg/L,85.62,ug/L,C,08/31/2023
PR0000370,001,01092,"Zinc, total [as Zn]",NA,C3,MAX,Concentration3,,,mg/L,85.62,ug/L,C,09/30/2023
PR0000370,001,01092,"Zinc, total [as Zn]",NA,C3,MAX,Concentration3,,,mg/L,85.62,ug/L,C,10/31/2023
PR0000370,001,01092,"Zinc, total [as Zn]",NA,C3,MAX,Concentration3,,,mg/L,85.62,ug/L,C,11/30/2023
PR0000370,001,01092,"Zinc, total [as Zn]",NA,C3,MAX,Concentration3,,,mg/L,85.62,ug/L,C,12/31/2023
PR0000370,001,01092,"Zinc, total [as Zn]",NA,C3,MAX,Concentration3,,,mg/L,85.62,ug/L,C,01/31/2024
PR0000370,001,01092,"Zinc, total [as Zn]",NA,C3,MAX,Concentration3,,,mg/L,85.62,ug/L,C,02/29/2024
PR0000370,001,01092,"Zinc, total [as Zn]",NA,C3,MAX,Concentration3,,,mg/L,85.62,ug/L,C,03/31/2024
PR0000370,001,01092,"Zinc, total [as Zn]",NA,C3,MAX,Concentration3,,,mg/L,85.62,ug/L,C,04/30/2024
PR0000370,001,01092,"Zinc, total [as Zn]",NA,C3,MAX,Concentration3,,,mg/L,85.62,ug/L,C,05/31/2024
PR0000370,001,01092,"Zinc, total [as Zn]",NA,C3,MAX,Concentration3,,,mg/L,85.62,ug/L,C,06/30/2024
PR0000370,001,01092,"Zinc, total [as Zn]",NA,C3,MAX,Concentration3,,,mg/L,85.62,ug/L,C,07/31/2024
PR0000370,001,01092,"Zinc, total [as Zn]",NA,C3,MAX,Concentration3,,,mg/L,85.62,ug/L,C,08/31/2024
PR0000370,001,01092,"Zinc, total [as Zn]",NA,C3,MAX,Concentration3,,,mg/L,85.62,ug/L,C,09/30/2024
PR0000370,001,01092,"Zinc, total [as Zn]",NA,C3,MAX,Concentration3,,,mg/L,85.62,ug/L,C,10/31/2024
PR0000370,001,01092,"Zinc, total [as Zn]",NA,C3,MAX,Concentration3,,,mg/L,85.62,ug/L,C,11/30/2024
PR0000370,001,01092,"Zinc, total [as Zn]",NA,C3,MAX,Concentration3,,,mg/L,85.62,ug/L,C,12/31/2024
PR0000370,001,01092,"Zinc, total [as Zn]",NA,C3,MAX,Concentration3,,,mg/L,85.62,ug/L,C,01/31/2025
PR0000370,001,01092,"Zinc, total [as Zn]",NA,C3,MAX,Concentration3,,,mg/L,85.62,ug/L,C,02/28/2025
PR0000370,001,01092,"Zinc, total [as Zn]",NA,C3,MAX,Concentration3,,,mg/L,85.62,ug/L,C,03/31/2025
PR0000370,001,01092,"Zinc, total [as Zn]",NA,C3,MAX,Concentration3,,,mg/L,85.62,ug/L,C,04/30/2025
PR0000370,001,01092,"Zinc, total [as Zn]",NA,C3,MAX,Concentration3,,,mg/L,85.62,ug/L,C,05/31/2025
PR0000370,001,01092,"Zinc, total [as Zn]",NA,C3,MAX,Concentration3,,,mg/L,85.62,ug/L,C,06/30/2025
PR0000370,001,01092,"Zinc, total [as Zn]",NA,C3,MAX,Concentration3,,,mg/L,85.62,ug/L,C,07/31/2025
PR0000370,001,01092,"Zinc, total [as Zn]",NA,C3,MAX,Concentration3,,,mg/L,85.62,ug/L,C,08/31/2025
PR0000370,001,01092,"Zinc, total [as Zn]",NA,C3,MAX,Concentration3,,,mg/L,85.62,ug/L,C,09/30/2025
PR0000370,001,01092,"Zinc, total [as Zn]",NA,C3,MAX,Concentration3,,,mg/L,85.62,ug/L,C,10/31/2025
PR0000370,001,01092,"Zinc, total [as Zn]",NA,C3,MAX,Concentration3,,,mg/L,85.62,ug/L,C,11/30/2025
PR0000370,001,01092,"Zinc, total [as Zn]",NA,C3,MAX,Concentration3,,,mg/L,85.62,ug/L,C,12/31/2025
PR0000370,001,01092,"Zinc, total [as Zn]",NA,C3,MAX,Concentration3,,,mg/L,85.62,ug/L,C,01/31/2026
PR0000370,001,03615,"2-Methyl-4,6-dinitrophenol",NA,C3,MAX,Concentration3,,,mg/L,,ug/L,C,01/31/2020
PR0000370,001,03615,"2-Methyl-4,6-dinitrophenol",NA,C3,MAX,Concentration3,,,mg/L,,ug/L,C,02/29/2020
PR0000370,001,03615,"2-Methyl-4,6-dinitrophenol",NA,C3,MAX,Concentration3,,,mg/L,,ug/L,C,03/31/2020
PR0000370,001,03615,"2-Methyl-4,6-dinitrophenol",NA,C3,MAX,Concentration3,,,mg/L,,ug/L,C,04/30/2020
PR0000370,001,03615,"2-Methyl-4,6-dinitrophenol",NA,C3,MAX,Concentration3,,,mg/L,,ug/L,C,05/31/2020
PR0000370,001,03615,"2-Methyl-4,6-dinitrophenol",NA,C3,MAX,Concentration3,,,mg/L,,ug/L,C,06/30/2020
PR0000370,001,03615,"2-Methyl-4,6-dinitrophenol",NA,C3,MAX,Concentration3,,,mg/L,,ug/L,C,07/31/2020
PR0000370,001,03615,"2-Methyl-4,6-dinitrophenol",NA,C3,MAX,Concentration3,,,mg/L,,ug/L,C,08/31/2020
PR0000370,001,03615,"2-Methyl-4,6-dinitrophenol",NA,C3,MAX,Concentration3,,,mg/L,,ug/L,C,09/30/2020
PR0000370,001,03615,"2-Methyl-4,6-dinitrophenol",NA,C3,MAX,Concentration3,,,mg/L,,ug/L,C,10/31/2020
PR0000370,001,03615,"2-Methyl-4,6-dinitrophenol",NA,C3,MAX,Concentration3,,,mg/L,,ug/L,C,11/30/2020
PR0000370,001,03615,"2-Methyl-4,6-dinitrophenol",NA,C3,MAX,Concentration3,,,mg/L,,ug/L,C,12/31/2020
PR0000370,001,03615,"2-Methyl-4,6-dinitrophenol",NA,C3,MAX,Concentration3,,,mg/L,,ug/L,C,01/31/2021
PR0000370,001,03615,"2-Methyl-4,6-dinitrophenol",NA,C3,MAX,Concentration3,,,mg/L,,ug/L,C,02/28/2021
PR0000370,001,03615,"2-Methyl-4,6-dinitrophenol",NA,C3,MAX,Concentration3,,,mg/L,,ug/L,C,03/31/2021
PR0000370,001,03615,"2-Methyl-4,6-dinitrophenol",NA,C3,MAX,Concentration3,,,mg/L,,ug/L,C,04/30/2021
PR0000370,001,03615,"2-Methyl-4,6-dinitrophenol",NA,C3,MAX,Concentration3,,,mg/L,,ug/L,C,05/31/2021
PR0000370,001,03615,"2-Methyl-4,6-dinitrophenol",NA,C3,MAX,Concentration3,,,mg/L,,ug/L,C,06/30/2021
PR0000370,001,03615,"2-Methyl-4,6-dinitrophenol",NA,C3,MAX,Concentration3,,,mg/L,,ug/L,C,07/31/2021
PR0000370,001,03615,"2-Methyl-4,6-dinitrophenol",NA,C3,MAX,Concentration3,,,mg/L,,ug/L,C,08/31/2021
PR0000370,001,03615,"2-Methyl-4,6-dinitrophenol",NA,C3,MAX,Concentration3,,,mg/L,,ug/L,C,09/30/2021
PR0000370,001,03615,"2-Methyl-4,6-dinitrophenol",NA,C3,MAX,Concentration3,,,mg/L,,ug/L,C,10/31/2021
PR0000370,001,03615,"2-Methyl-4,6-dinitrophenol",NA,C3,MAX,Concentration3,,,mg/L,,ug/L,C,11/30/2021
PR0000370,001,03615,"2-Methyl-4,6-dinitrophenol",NA,C3,MAX,Concentration3,,,mg/L,,ug/L,C,12/31/2021
PR0000370,001,03615,"2-Methyl-4,6-dinitrophenol",NA,C3,MAX,Concentration3,,,mg/L,,ug/L,C,01/31/2022
PR0000370,001,03615,"2-Methyl-4,6-dinitrophenol",NA,C3,MAX,Concentration3,,,mg/L,,ug/L,C,02/28/2022
PR0000370,001,03615,"2-Methyl-4,6-dinitrophenol",NA,C3,MAX,Concentration3,,,mg/L,,ug/L,C,03/31/2022
PR0000370,001,03615,"2-Methyl-4,6-dinitrophenol",NA,C3,MAX,Concentration3,,,mg/L,,ug/L,C,04/30/2022
PR0000370,001,03615,"2-Methyl-4,6-dinitrophenol",NA,C3,MAX,Concentration3,,,mg/L,,ug/L,C,05/31/2022
PR0000370,001,03615,"2-Methyl-4,6-dinitrophenol",NA,C3,MAX,Concentration3,,,mg/L,,ug/L,C,06/30/2022
PR0000370,001,03615,"2-Methyl-4,6-dinitrophenol",NA,C3,MAX,Concentration3,,,mg/L,,ug/L,C,07/31/2022
PR0000370,001,03615,"2-Methyl-4,6-dinitrophenol",NA,C3,MAX,Concentration3,,,mg/L,,ug/L,C,08/31/2022
PR0000370,001,03615,"2-Methyl-4,6-dinitrophenol",NA,C3,MAX,Concentration3,,,mg/L,,ug/L,C,09/30/2022
PR0000370,001,03615,"2-Methyl-4,6-dinitrophenol",NA,C3,MAX,Concentration3,,,mg/L,,ug/L,C,10/31/2022
PR0000370,001,03615,"2-Methyl-4,6-dinitrophenol",NA,C3,MAX,Concentration3,,,mg/L,,ug/L,C,11/30/2022
PR0000370,001,03615,"2-Methyl-4,6-dinitrophenol",NA,C3,MAX,Concentration3,,,mg/L,,ug/L,C,12/31/2022
PR0000370,001,03615,"2-Methyl-4,6-dinitrophenol",NA,C3,MAX,Concentration3,,,mg/L,,ug/L,C,01/31/2023
PR0000370,001,03615,"2-Methyl-4,6-dinitrophenol",NA,C3,MAX,Concentration3,,,mg/L,,ug/L,C,02/28/2023
PR0000370,001,03615,"2-Methyl-4,6-dinitrophenol",NA,C3,MAX,Concentration3,,,mg/L,,ug/L,C,03/31/2023
PR0000370,001,03615,"2-Methyl-4,6-dinitrophenol",NA,C3,MAX,Concentration3,,,mg/L,,ug/L,C,04/30/2023
PR0000370,001,03615,"2-Methyl-4,6-dinitrophenol",NA,C3,MAX,Concentration3,,,mg/L,,ug/L,C,05/31/2023
PR0000370,001,03615,"2-Methyl-4,6-dinitrophenol",NA,C3,MAX,Concentration3,,,mg/L,,ug/L,C,06/30/2023
PR0000370,001,03615,"2-Methyl-4,6-dinitrophenol",NA,C3,MAX,Concentration3,,,mg/L,,ug/L,C,07/31/2023
PR0000370,001,03615,"2-Methyl-4,6-dinitrophenol",NA,C3,MAX,Concentration3,,,mg/L,,ug/L,C,08/31/2023
PR0000370,001,03615,"2-Methyl-4,6-dinitrophenol",NA,C3,MAX,Concentration3,,,mg/L,,ug/L,C,09/30/2023
PR0000370,001,03615,"2-Methyl-4,6-dinitrophenol",NA,C3,MAX,Concentration3,,,mg/L,,ug/L,C,10/31/2023
PR0000370,001,03615,"2-Methyl-4,6-dinitrophenol",NA,C3,MAX,Concentration3,,,mg/L,,ug/L,C,11/30/2023
PR0000370,001,03615,"2-Methyl-4,6-dinitrophenol",NA,C3,MAX,Concentration3,,,mg/L,,ug/L,C,12/31/2023
PR0000370,001,03615,"2-Methyl-4,6-dinitrophenol",NA,C3,MAX,Concentration3,,,mg/L,,ug/L,C,01/31/2024
PR0000370,001,03615,"2-Methyl-4,6-dinitrophenol",NA,C3,MAX,Concentration3,,,mg/L,,ug/L,C,02/29/2024
PR0000370,001,03615,"2-Methyl-4,6-dinitrophenol",NA,C3,MAX,Concentration3,,,mg/L,,ug/L,C,03/31/2024
PR0000370,001,03615,"2-Methyl-4,6-dinitrophenol",NA,C3,MAX,Concentration3,,,mg/L,,ug/L,C,04/30/2024
PR0000370,001,03615,"2-Methyl-4,6-dinitrophenol",NA,C3,MAX,Concentration3,,,mg/L,,ug/L,C,05/31/2024
PR0000370,001,03615,"2-Methyl-4,6-dinitrophenol",NA,C3,MAX,Concentration3,,,mg/L,,ug/L,C,06/30/2024
PR0000370,001,03615,"2-Methyl-4,6-dinitrophenol",NA,C3,MAX,Concentration3,,,mg/L,,ug/L,C,07/31/2024
PR0000370,001,03615,"2-Methyl-4,6-dinitrophenol",NA,C3,MAX,Concentration3,,,mg/L,,ug/L,C,08/31/2024
PR0000370,001,03615,"2-Methyl-4,6-dinitrophenol",NA,C3,MAX,Concentration3,,,mg/L,,ug/L,C,09/30/2024
PR0000370,001,03615,"2-Methyl-4,6-dinitrophenol",NA,C3,MAX,Concentration3,,,mg/L,,ug/L,C,10/31/2024
PR0000370,001,03615,"2-Methyl-4,6-dinitrophenol",NA,C3,MAX,Concentration3,,,mg/L,,ug/L,C,11/30/2024
PR0000370,001,03615,"2-Methyl-4,6-dinitrophenol",NA,C3,MAX,Concentration3,,,mg/L,,ug/L,C,12/31/2024
PR0000370,001,03615,"2-Methyl-4,6-dinitrophenol",NA,C3,MAX,Concentration3,,,mg/L,,ug/L,C,01/31/2025
PR0000370,001,03615,"2-Methyl-4,6-dinitrophenol",NA,C3,MAX,Concentration3,,,mg/L,,ug/L,C,02/28/2025
PR0000370,001,03615,"2-Methyl-4,6-dinitrophenol",NA,C3,MAX,Concentration3,,,mg/L,,ug/L,C,03/31/2025
PR0000370,001,03615,"2-Methyl-4,6-dinitrophenol",NA,C3,MAX,Concentration3,,,mg/L,,ug/L,C,04/30/2025
PR0000370,001,03615,"2-Methyl-4,6-dinitrophenol",NA,C3,MAX,Concentration3,,,mg/L,,ug/L,C,05/31/2025
PR0000370,001,03615,"2-Methyl-4,6-dinitrophenol",NA,C3,MAX,Concentration3,,,mg/L,,ug/L,C,06/30/2025
PR0000370,001,03615,"2-Methyl-4,6-dinitrophenol",NA,C3,MAX,Concentration3,,,mg/L,,ug/L,C,07/31/2025
PR0000370,001,03615,"2-Methyl-4,6-dinitrophenol",NA,C3,MAX,Concentration3,,,mg/L,,ug/L,C,08/31/2025
PR0000370,001,03615,"2-Methyl-4,6-dinitrophenol",NA,C3,MAX,Concentration3,,,mg/L,,ug/L,C,09/30/2025
PR0000370,001,03615,"2-Methyl-4,6-dinitrophenol",NA,C3,MAX,Concentration3,,,mg/L,,ug/L,C,10/31/2025
PR0000370,001,03615,"2-Methyl-4,6-dinitrophenol",NA,C3,MAX,Concentration3,,,mg/L,,ug/L,C,11/30/2025
PR0000370,001,03615,"2-Methyl-4,6-dinitrophenol",NA,C3,MAX,Concentration3,,,mg/L,,ug/L,C,12/31/2025
PR0000370,001,03615,"2-Methyl-4,6-dinitrophenol",NA,C3,MAX,Concentration3,,,mg/L,,ug/L,C,01/31/2026
PR0000370,001,30500,"Coliform, fecal - % samples exceeding limit",NA,C2,MAX,Concentration2,,,%,20,%,C,01/31/2020
PR0000370,001,30500,"Coliform, fecal - % samples exceeding limit",NA,C2,MAX,Concentration2,,,%,20,%,C,02/29/2020
PR0000370,001,30500,"Coliform, fecal - % samples exceeding limit",NA,C2,MAX,Concentration2,,,%,20,%,C,03/31/2020
PR0000370,001,30500,"Coliform, fecal - % samples exceeding limit",NA,C2,MAX,Concentration2,,,%,20,%,C,04/30/2020
PR0000370,001,30500,"Coliform, fecal - % samples exceeding limit",NA,C2,MAX,Concentration2,,,%,20,%,C,05/31/2020
PR0000370,001,30500,"Coliform, fecal - % samples exceeding limit",NA,C2,MAX,Concentration2,,,%,20,%,C,06/30/2020
PR0000370,001,30500,"Coliform, fecal - % samples exceeding limit",NA,C2,MAX,Concentration2,,,%,20,%,C,07/31/2020
PR0000370,001,30500,"Coliform, fecal - % samples exceeding limit",NA,C2,MAX,Concentration2,,,%,20,%,C,08/31/2020
PR0000370,001,30500,"Coliform, fecal - % samples exceeding limit",NA,C2,MAX,Concentration2,,,%,20,%,C,09/30/2020
PR0000370,001,30500,"Coliform, fecal - % samples exceeding limit",NA,C2,MAX,Concentration2,,,%,20,%,C,10/31/2020
PR0000370,001,30500,"Coliform, fecal - % samples exceeding limit",NA,C2,MAX,Concentration2,,,%,20,%,C,11/30/2020
PR0000370,001,30500,"Coliform, fecal - % samples exceeding limit",NA,C2,MAX,Concentration2,,,%,20,%,C,12/31/2020
PR0000370,001,30500,"Coliform, fecal - % samples exceeding limit",NA,C2,MAX,Concentration2,,,%,20,%,C,01/31/2021
PR0000370,001,30500,"Coliform, fecal - % samples exceeding limit",NA,C2,MAX,Concentration2,,,%,20,%,C,02/28/2021
PR0000370,001,30500,"Coliform, fecal - % samples exceeding limit",NA,C2,MAX,Concentration2,,,%,20,%,C,03/31/2021
PR0000370,001,30500,"Coliform, fecal - % samples exceeding limit",NA,C2,MAX,Concentration2,,,%,20,%,C,04/30/2021
PR0000370,001,30500,"Coliform, fecal - % samples exceeding limit",NA,C2,MAX,Concentration2,,,%,20,%,C,05/31/2021
PR0000370,001,30500,"Coliform, fecal - % samples exceeding limit",NA,C2,MAX,Concentration2,,,%,20,%,C,06/30/2021
PR0000370,001,30500,"Coliform, fecal - % samples exceeding limit",NA,C2,MAX,Concentration2,,,%,20,%,C,07/31/2021
PR0000370,001,30500,"Coliform, fecal - % samples exceeding limit",NA,C2,MAX,Concentration2,,,%,20,%,C,08/31/2021
PR0000370,001,30500,"Coliform, fecal - % samples exceeding limit",NA,C2,MAX,Concentration2,,,%,20,%,C,09/30/2021
PR0000370,001,30500,"Coliform, fecal - % samples exceeding limit",NA,C2,MAX,Concentration2,,,%,20,%,C,10/31/2021
PR0000370,001,30500,"Coliform, fecal - % samples exceeding limit",NA,C2,MAX,Concentration2,,,%,20,%,C,11/30/2021
PR0000370,001,30500,"Coliform, fecal - % samples exceeding limit",NA,C2,MAX,Concentration2,,,%,20,%,C,12/31/2021
PR0000370,001,30500,"Coliform, fecal - % samples exceeding limit",NA,C2,MAX,Concentration2,,,%,20,%,C,01/31/2022
PR0000370,001,30500,"Coliform, fecal - % samples exceeding limit",NA,C2,MAX,Concentration2,,,%,20,%,C,02/28/2022
PR0000370,001,30500,"Coliform, fecal - % samples exceeding limit",NA,C2,MAX,Concentration2,,,%,20,%,C,03/31/2022
PR0000370,001,30500,"Coliform, fecal - % samples exceeding limit",NA,C2,MAX,Concentration2,,,%,20,%,C,04/30/2022
PR0000370,001,30500,"Coliform, fecal - % samples exceeding limit",NA,C2,MAX,Concentration2,,,%,20,%,C,05/31/2022
PR0000370,001,30500,"Coliform, fecal - % samples exceeding limit",NA,C2,MAX,Concentration2,,,%,20,%,C,06/30/2022
PR0000370,001,30500,"Coliform, fecal - % samples exceeding limit",NA,C2,MAX,Concentration2,,,%,20,%,C,07/31/2022
PR0000370,001,30500,"Coliform, fecal - % samples exceeding limit",NA,C2,MAX,Concentration2,,,%,20,%,C,08/31/2022
PR0000370,001,30500,"Coliform, fecal - % samples exceeding limit",NA,C2,MAX,Concentration2,,,%,20,%,C,09/30/2022
PR0000370,001,30500,"Coliform, fecal - % samples exceeding limit",NA,C2,MAX,Concentration2,,,%,20,%,C,10/31/2022
PR0000370,001,30500,"Coliform, fecal - % samples exceeding limit",NA,C2,MAX,Concentration2,,,%,20,%,C,11/30/2022
PR0000370,001,30500,"Coliform, fecal - % samples exceeding limit",NA,C2,MAX,Concentration2,,,%,20,%,C,12/31/2022
PR0000370,001,30500,"Coliform, fecal - % samples exceeding limit",NA,C2,MAX,Concentration2,,,%,20,%,C,01/31/2023
PR0000370,001,30500,"Coliform, fecal - % samples exceeding limit",NA,C2,MAX,Concentration2,,,%,20,%,C,02/28/2023
PR0000370,001,30500,"Coliform, fecal - % samples exceeding limit",NA,C2,MAX,Concentration2,,,%,20,%,C,03/31/2023
PR0000370,001,30500,"Coliform, fecal - % samples exceeding limit",NA,C2,MAX,Concentration2,,,%,20,%,C,04/30/2023
PR0000370,001,30500,"Coliform, fecal - % samples exceeding limit",NA,C2,MAX,Concentration2,,,%,20,%,C,05/31/2023
PR0000370,001,30500,"Coliform, fecal - % samples exceeding limit",NA,C2,MAX,Concentration2,,,%,20,%,C,06/30/2023
PR0000370,001,30500,"Coliform, fecal - % samples exceeding limit",NA,C2,MAX,Concentration2,,,%,20,%,C,07/31/2023
PR0000370,001,30500,"Coliform, fecal - % samples exceeding limit",NA,C2,MAX,Concentration2,,,%,20,%,C,08/31/2023
PR0000370,001,30500,"Coliform, fecal - % samples exceeding limit",NA,C2,MAX,Concentration2,,,%,20,%,C,09/30/2023
PR0000370,001,30500,"Coliform, fecal - % samples exceeding limit",NA,C2,MAX,Concentration2,,,%,20,%,C,10/31/2023
PR0000370,001,30500,"Coliform, fecal - % samples exceeding limit",NA,C2,MAX,Concentration2,,,%,20,%,C,11/30/2023
PR0000370,001,30500,"Coliform, fecal - % samples exceeding limit",NA,C2,MAX,Concentration2,,,%,20,%,C,12/31/2023
PR0000370,001,30500,"Coliform, fecal - % samples exceeding limit",NA,C2,MAX,Concentration2,,,%,20,%,C,01/31/2024
PR0000370,001,30500,"Coliform, fecal - % samples exceeding limit",NA,C2,MAX,Concentration2,,,%,20,%,C,02/29/2024
PR0000370,001,30500,"Coliform, fecal - % samples exceeding limit",NA,C2,MAX,Concentration2,,,%,20,%,C,03/31/2024
PR0000370,001,30500,"Coliform, fecal - % samples exceeding limit",NA,C2,MAX,Concentration2,,,%,20,%,C,04/30/2024
PR0000370,001,30500,"Coliform, fecal - % samples exceeding limit",NA,C2,MAX,Concentration2,,,%,20,%,C,05/31/2024
PR0000370,001,30500,"Coliform, fecal - % samples exceeding limit",NA,C2,MAX,Concentration2,,,%,20,%,C,06/30/2024
PR0000370,001,30500,"Coliform, fecal - % samples exceeding limit",NA,C2,MAX,Concentration2,,,%,20,%,C,07/31/2024
PR0000370,001,30500,"Coliform, fecal - % samples exceeding limit",NA,C2,MAX,Concentration2,,,%,20,%,C,08/31/2024
PR0000370,001,30500,"Coliform, fecal - % samples exceeding limit",NA,C2,MAX,Concentration2,,,%,20,%,C,09/30/2024
PR0000370,001,30500,"Coliform, fecal - % samples exceeding limit",NA,C2,MAX,Concentration2,,,%,20,%,C,10/31/2024
PR0000370,001,30500,"Coliform, fecal - % samples exceeding limit",NA,C2,MAX,Concentration2,,,%,20,%,C,11/30/2024
PR0000370,001,30500,"Coliform, fecal - % samples exceeding limit",NA,C2,MAX,Concentration2,,,%,20,%,C,12/31/2024
PR0000370,001,30500,"Coliform, fecal - % samples exceeding limit",NA,C2,MAX,Concentration2,,,%,20,%,C,01/31/2025
PR0000370,001,30500,"Coliform, fecal - % samples exceeding limit",NA,C2,MAX,Concentration2,,,%,20,%,C,02/28/2025
PR0000370,001,30500,"Coliform, fecal - % samples exceeding limit",NA,C2,MAX,Concentration2,,,%,20,%,C,03/31/2025
PR0000370,001,30500,"Coliform, fecal - % samples exceeding limit",NA,C2,MAX,Concentration2,,,%,20,%,C,04/30/2025
PR0000370,001,30500,"Coliform, fecal - % samples exceeding limit",NA,C2,MAX,Concentration2,,,%,20,%,C,05/31/2025
PR0000370,001,30500,"Coliform, fecal - % samples exceeding limit",NA,C2,MAX,Concentration2,,,%,20,%,C,06/30/2025
PR0000370,001,30500,"Coliform, fecal - % samples exceeding limit",NA,C2,MAX,Concentration2,,,%,20,%,C,07/31/2025
PR0000370,001,30500,"Coliform, fecal - % samples exceeding limit",NA,C2,MAX,Concentration2,,,%,20,%,C,08/31/2025
PR0000370,001,30500,"Coliform, fecal - % samples exceeding limit",NA,C2,MAX,Concentration2,,,%,20,%,C,09/30/2025
PR0000370,001,30500,"Coliform, fecal - % samples exceeding limit",NA,C2,MAX,Concentration2,,,%,20,%,C,10/31/2025
PR0000370,001,30500,"Coliform, fecal - % samples exceeding limit",NA,C2,MAX,Concentration2,,,%,20,%,C,11/30/2025
PR0000370,001,30500,"Coliform, fecal - % samples exceeding limit",NA,C2,MAX,Concentration2,,,%,20,%,C,12/31/2025
PR0000370,001,30500,"Coliform, fecal - % samples exceeding limit",NA,C2,MAX,Concentration2,,,%,20,%,C,01/31/2026
PR0000370,001,34586,2-Chlorophenol,NA,C3,MAX,Concentration3,,,mg/L,,ug/L,C,01/31/2020
PR0000370,001,34586,2-Chlorophenol,NA,C3,MAX,Concentration3,,,mg/L,,ug/L,C,02/29/2020
PR0000370,001,34586,2-Chlorophenol,NA,C3,MAX,Concentration3,,,mg/L,,ug/L,C,03/31/2020
PR0000370,001,34586,2-Chlorophenol,NA,C3,MAX,Concentration3,,,mg/L,,ug/L,C,04/30/2020
PR0000370,001,34586,2-Chlorophenol,NA,C3,MAX,Concentration3,,,mg/L,,ug/L,C,05/31/2020
PR0000370,001,34586,2-Chlorophenol,NA,C3,MAX,Concentration3,,,mg/L,,ug/L,C,06/30/2020
PR0000370,001,34586,2-Chlorophenol,NA,C3,MAX,Concentration3,,,mg/L,,ug/L,C,07/31/2020
PR0000370,001,34586,2-Chlorophenol,NA,C3,MAX,Concentration3,,,mg/L,,ug/L,C,08/31/2020
PR0000370,001,34586,2-Chlorophenol,NA,C3,MAX,Concentration3,,,mg/L,,ug/L,C,09/30/2020
PR0000370,001,34586,2-Chlorophenol,NA,C3,MAX,Concentration3,,,mg/L,,ug/L,C,10/31/2020
PR0000370,001,34586,2-Chlorophenol,NA,C3,MAX,Concentration3,,,mg/L,,ug/L,C,11/30/2020
PR0000370,001,34586,2-Chlorophenol,NA,C3,MAX,Concentration3,,,mg/L,,ug/L,C,12/31/2020
PR0000370,001,34586,2-Chlorophenol,NA,C3,MAX,Concentration3,,,mg/L,,ug/L,C,01/31/2021
PR0000370,001,34586,2-Chlorophenol,NA,C3,MAX,Concentration3,,,mg/L,,ug/L,C,02/28/2021
PR0000370,001,34586,2-Chlorophenol,NA,C3,MAX,Concentration3,,,mg/L,,ug/L,C,03/31/2021
PR0000370,001,34586,2-Chlorophenol,NA,C3,MAX,Concentration3,,,mg/L,,ug/L,C,04/30/2021
PR0000370,001,34586,2-Chlorophenol,NA,C3,MAX,Concentration3,,,mg/L,,ug/L,C,05/31/2021
PR0000370,001,34586,2-Chlorophenol,NA,C3,MAX,Concentration3,,,mg/L,,ug/L,C,06/30/2021
PR0000370,001,34586,2-Chlorophenol,NA,C3,MAX,Concentration3,,,mg/L,,ug/L,C,07/31/2021
PR0000370,001,34586,2-Chlorophenol,NA,C3,MAX,Concentration3,,,mg/L,,ug/L,C,08/31/2021
PR0000370,001,34586,2-Chlorophenol,NA,C3,MAX,Concentration3,,,mg/L,,ug/L,C,09/30/2021
PR0000370,001,34586,2-Chlorophenol,NA,C3,MAX,Concentration3,,,mg/L,,ug/L,C,10/31/2021
PR0000370,001,34586,2-Chlorophenol,NA,C3,MAX,Concentration3,,,mg/L,,ug/L,C,11/30/2021
PR0000370,001,34586,2-Chlorophenol,NA,C3,MAX,Concentration3,,,mg/L,,ug/L,C,12/31/2021
PR0000370,001,34586,2-Chlorophenol,NA,C3,MAX,Concentration3,,,mg/L,,ug/L,C,01/31/2022
PR0000370,001,34586,2-Chlorophenol,NA,C3,MAX,Concentration3,,,mg/L,,ug/L,C,02/28/2022
PR0000370,001,34586,2-Chlorophenol,NA,C3,MAX,Concentration3,,,mg/L,,ug/L,C,03/31/2022
PR0000370,001,34586,2-Chlorophenol,NA,C3,MAX,Concentration3,,,mg/L,,ug/L,C,04/30/2022
PR0000370,001,34586,2-Chlorophenol,NA,C3,MAX,Concentration3,,,mg/L,,ug/L,C,05/31/2022
PR0000370,001,34586,2-Chlorophenol,NA,C3,MAX,Concentration3,,,mg/L,,ug/L,C,06/30/2022
PR0000370,001,34586,2-Chlorophenol,NA,C3,MAX,Concentration3,,,mg/L,,ug/L,C,07/31/2022
PR0000370,001,34586,2-Chlorophenol,NA,C3,MAX,Concentration3,,,mg/L,,ug/L,C,08/31/2022
PR0000370,001,34586,2-Chlorophenol,NA,C3,MAX,Concentration3,,,mg/L,,ug/L,C,09/30/2022
PR0000370,001,34586,2-Chlorophenol,NA,C3,MAX,Concentration3,,,mg/L,,ug/L,C,10/31/2022
PR0000370,001,34586,2-Chlorophenol,NA,C3,MAX,Concentration3,,,mg/L,,ug/L,C,11/30/2022
PR0000370,001,34586,2-Chlorophenol,NA,C3,MAX,Concentration3,,,mg/L,,ug/L,C,12/31/2022
PR0000370,001,34586,2-Chlorophenol,NA,C3,MAX,Concentration3,,,mg/L,,ug/L,C,01/31/2023
PR0000370,001,34586,2-Chlorophenol,NA,C3,MAX,Concentration3,,,mg/L,,ug/L,C,02/28/2023
PR0000370,001,34586,2-Chlorophenol,NA,C3,MAX,Concentration3,,,mg/L,,ug/L,C,03/31/2023
PR0000370,001,34586,2-Chlorophenol,NA,C3,MAX,Concentration3,,,mg/L,,ug/L,C,04/30/2023
PR0000370,001,34586,2-Chlorophenol,NA,C3,MAX,Concentration3,,,mg/L,,ug/L,C,05/31/2023
PR0000370,001,34586,2-Chlorophenol,NA,C3,MAX,Concentration3,,,mg/L,,ug/L,C,06/30/2023
PR0000370,001,34586,2-Chlorophenol,NA,C3,MAX,Concentration3,,,mg/L,,ug/L,C,07/31/2023
PR0000370,001,34586,2-Chlorophenol,NA,C3,MAX,Concentration3,,,mg/L,,ug/L,C,08/31/2023
PR0000370,001,34586,2-Chlorophenol,NA,C3,MAX,Concentration3,,,mg/L,,ug/L,C,09/30/2023
PR0000370,001,34586,2-Chlorophenol,NA,C3,MAX,Concentration3,,,mg/L,,ug/L,C,10/31/2023
PR0000370,001,34586,2-Chlorophenol,NA,C3,MAX,Concentration3,,,mg/L,,ug/L,C,11/30/2023
PR0000370,001,34586,2-Chlorophenol,NA,C3,MAX,Concentration3,,,mg/L,,ug/L,C,12/31/2023
PR0000370,001,34586,2-Chlorophenol,NA,C3,MAX,Concentration3,,,mg/L,,ug/L,C,01/31/2024
PR0000370,001,34586,2-Chlorophenol,NA,C3,MAX,Concentration3,,,mg/L,,ug/L,C,02/29/2024
PR0000370,001,34586,2-Chlorophenol,NA,C3,MAX,Concentration3,,,mg/L,,ug/L,C,03/31/2024
PR0000370,001,34586,2-Chlorophenol,NA,C3,MAX,Concentration3,,,mg/L,,ug/L,C,04/30/2024
PR0000370,001,34586,2-Chlorophenol,NA,C3,MAX,Concentration3,,,mg/L,,ug/L,C,05/31/2024
PR0000370,001,34586,2-Chlorophenol,NA,C3,MAX,Concentration3,,,mg/L,,ug/L,C,06/30/2024
PR0000370,001,34586,2-Chlorophenol,NA,C3,MAX,Concentration3,,,mg/L,,ug/L,C,07/31/2024
PR0000370,001,34586,2-Chlorophenol,NA,C3,MAX,Concentration3,,,mg/L,,ug/L,C,08/31/2024
PR0000370,001,34586,2-Chlorophenol,NA,C3,MAX,Concentration3,,,mg/L,,ug/L,C,09/30/2024
PR0000370,001,34586,2-Chlorophenol,NA,C3,MAX,Concentration3,,,mg/L,,ug/L,C,10/31/2024
PR0000370,001,34586,2-Chlorophenol,NA,C3,MAX,Concentration3,,,mg/L,,ug/L,C,11/30/2024
PR0000370,001,34586,2-Chlorophenol,NA,C3,MAX,Concentration3,,,mg/L,,ug/L,C,12/31/2024
PR0000370,001,34586,2-Chlorophenol,NA,C3,MAX,Concentration3,,,mg/L,,ug/L,C,01/31/2025
PR0000370,001,34586,2-Chlorophenol,NA,C3,MAX,Concentration3,,,mg/L,,ug/L,C,02/28/2025
PR0000370,001,34586,2-Chlorophenol,NA,C3,MAX,Concentration3,,,mg/L,,ug/L,C,03/31/2025
PR0000370,001,34586,2-Chlorophenol,NA,C3,MAX,Concentration3,,,mg/L,,ug/L,C,04/30/2025
PR0000370,001,34586,2-Chlorophenol,NA,C3,MAX,Concentration3,,,mg/L,,ug/L,C,05/31/2025
PR0000370,001,34586,2-Chlorophenol,NA,C3,MAX,Concentration3,,,mg/L,,ug/L,C,06/30/2025
PR0000370,001,34586,2-Chlorophenol,NA,C3,MAX,Concentration3,,,mg/L,,ug/L,C,07/31/2025
PR0000370,001,34586,2-Chlorophenol,NA,C3,MAX,Concentration3,,,mg/L,,ug/L,C,08/31/2025
PR0000370,001,34586,2-Chlorophenol,NA,C3,MAX,Concentration3,,,mg/L,,ug/L,C,09/30/2025
PR0000370,001,34586,2-Chlorophenol,NA,C3,MAX,Concentration3,,,mg/L,,ug/L,C,10/31/2025
PR0000370,001,34586,2-Chlorophenol,NA,C3,MAX,Concentration3,,,mg/L,,ug/L,C,11/30/2025
PR0000370,001,34586,2-Chlorophenol,NA,C3,MAX,Concentration3,,,mg/L,,ug/L,C,12/31/2025
PR0000370,001,34586,2-Chlorophenol,NA,C3,MAX,Concentration3,,,mg/L,,ug/L,C,01/31/2026
PR0000370,001,34601,"2,4-Dichlorophenol",NA,C3,MAX,Concentration3,,,mg/L,,ug/L,C,01/31/2020
PR0000370,001,34601,"2,4-Dichlorophenol",NA,C3,MAX,Concentration3,,,mg/L,,ug/L,C,02/29/2020
PR0000370,001,34601,"2,4-Dichlorophenol",NA,C3,MAX,Concentration3,,,mg/L,,ug/L,C,03/31/2020
PR0000370,001,34601,"2,4-Dichlorophenol",NA,C3,MAX,Concentration3,,,mg/L,,ug/L,C,04/30/2020
PR0000370,001,34601,"2,4-Dichlorophenol",NA,C3,MAX,Concentration3,,,mg/L,,ug/L,C,05/31/2020
PR0000370,001,34601,"2,4-Dichlorophenol",NA,C3,MAX,Concentration3,,,mg/L,,ug/L,C,06/30/2020
PR0000370,001,34601,"2,4-Dichlorophenol",NA,C3,MAX,Concentration3,,,mg/L,,ug/L,C,07/31/2020
PR0000370,001,34601,"2,4-Dichlorophenol",NA,C3,MAX,Concentration3,,,mg/L,,ug/L,C,08/31/2020
PR0000370,001,34601,"2,4-Dichlorophenol",NA,C3,MAX,Concentration3,,,mg/L,,ug/L,C,09/30/2020
PR0000370,001,34601,"2,4-Dichlorophenol",NA,C3,MAX,Concentration3,,,mg/L,,ug/L,C,10/31/2020
PR0000370,001,34601,"2,4-Dichlorophenol",NA,C3,MAX,Concentration3,,,mg/L,,ug/L,C,11/30/2020
PR0000370,001,34601,"2,4-Dichlorophenol",NA,C3,MAX,Concentration3,,,mg/L,,ug/L,C,12/31/2020
PR0000370,001,34601,"2,4-Dichlorophenol",NA,C3,MAX,Concentration3,,,mg/L,,ug/L,C,01/31/2021
PR0000370,001,34601,"2,4-Dichlorophenol",NA,C3,MAX,Concentration3,,,mg/L,,ug/L,C,02/28/2021
PR0000370,001,34601,"2,4-Dichlorophenol",NA,C3,MAX,Concentration3,,,mg/L,,ug/L,C,03/31/2021
PR0000370,001,34601,"2,4-Dichlorophenol",NA,C3,MAX,Concentration3,,,mg/L,,ug/L,C,04/30/2021
PR0000370,001,34601,"2,4-Dichlorophenol",NA,C3,MAX,Concentration3,,,mg/L,,ug/L,C,05/31/2021
PR0000370,001,34601,"2,4-Dichlorophenol",NA,C3,MAX,Concentration3,,,mg/L,,ug/L,C,06/30/2021
PR0000370,001,34601,"2,4-Dichlorophenol",NA,C3,MAX,Concentration3,,,mg/L,,ug/L,C,07/31/2021
PR0000370,001,34601,"2,4-Dichlorophenol",NA,C3,MAX,Concentration3,,,mg/L,,ug/L,C,08/31/2021
PR0000370,001,34601,"2,4-Dichlorophenol",NA,C3,MAX,Concentration3,,,mg/L,,ug/L,C,09/30/2021
PR0000370,001,34601,"2,4-Dichlorophenol",NA,C3,MAX,Concentration3,,,mg/L,,ug/L,C,10/31/2021
PR0000370,001,34601,"2,4-Dichlorophenol",NA,C3,MAX,Concentration3,,,mg/L,,ug/L,C,11/30/2021
PR0000370,001,34601,"2,4-Dichlorophenol",NA,C3,MAX,Concentration3,,,mg/L,,ug/L,C,12/31/2021
PR0000370,001,34601,"2,4-Dichlorophenol",NA,C3,MAX,Concentration3,,,mg/L,,ug/L,C,01/31/2022
PR0000370,001,34601,"2,4-Dichlorophenol",NA,C3,MAX,Concentration3,,,mg/L,,ug/L,C,02/28/2022
PR0000370,001,34601,"2,4-Dichlorophenol",NA,C3,MAX,Concentration3,,,mg/L,,ug/L,C,03/31/2022
PR0000370,001,34601,"2,4-Dichlorophenol",NA,C3,MAX,Concentration3,,,mg/L,,ug/L,C,04/30/2022
PR0000370,001,34601,"2,4-Dichlorophenol",NA,C3,MAX,Concentration3,,,mg/L,,ug/L,C,05/31/2022
PR0000370,001,34601,"2,4-Dichlorophenol",NA,C3,MAX,Concentration3,,,mg/L,,ug/L,C,06/30/2022
PR0000370,001,34601,"2,4-Dichlorophenol",NA,C3,MAX,Concentration3,,,mg/L,,ug/L,C,07/31/2022
PR0000370,001,34601,"2,4-Dichlorophenol",NA,C3,MAX,Concentration3,,,mg/L,,ug/L,C,08/31/2022
PR0000370,001,34601,"2,4-Dichlorophenol",NA,C3,MAX,Concentration3,,,mg/L,,ug/L,C,09/30/2022
PR0000370,001,34601,"2,4-Dichlorophenol",NA,C3,MAX,Concentration3,,,mg/L,,ug/L,C,10/31/2022
PR0000370,001,34601,"2,4-Dichlorophenol",NA,C3,MAX,Concentration3,,,mg/L,,ug/L,C,11/30/2022
PR0000370,001,34601,"2,4-Dichlorophenol",NA,C3,MAX,Concentration3,,,mg/L,,ug/L,C,12/31/2022
PR0000370,001,34601,"2,4-Dichlorophenol",NA,C3,MAX,Concentration3,,,mg/L,,ug/L,C,01/31/2023
PR0000370,001,34601,"2,4-Dichlorophenol",NA,C3,MAX,Concentration3,,,mg/L,,ug/L,C,02/28/2023
PR0000370,001,34601,"2,4-Dichlorophenol",NA,C3,MAX,Concentration3,,,mg/L,,ug/L,C,03/31/2023
PR0000370,001,34601,"2,4-Dichlorophenol",NA,C3,MAX,Concentration3,,,mg/L,,ug/L,C,04/30/2023
PR0000370,001,34601,"2,4-Dichlorophenol",NA,C3,MAX,Concentration3,,,mg/L,,ug/L,C,05/31/2023
PR0000370,001,34601,"2,4-Dichlorophenol",NA,C3,MAX,Concentration3,,,mg/L,,ug/L,C,06/30/2023
PR0000370,001,34601,"2,4-Dichlorophenol",NA,C3,MAX,Concentration3,,,mg/L,,ug/L,C,07/31/2023
PR0000370,001,34601,"2,4-Dichlorophenol",NA,C3,MAX,Concentration3,,,mg/L,,ug/L,C,08/31/2023
PR0000370,001,34601,"2,4-Dichlorophenol",NA,C3,MAX,Concentration3,,,mg/L,,ug/L,C,09/30/2023
PR0000370,001,34601,"2,4-Dichlorophenol",NA,C3,MAX,Concentration3,,,mg/L,,ug/L,C,10/31/2023
PR0000370,001,34601,"2,4-Dichlorophenol",NA,C3,MAX,Concentration3,,,mg/L,,ug/L,C,11/30/2023
PR0000370,001,34601,"2,4-Dichlorophenol",NA,C3,MAX,Concentration3,,,mg/L,,ug/L,C,12/31/2023
PR0000370,001,34601,"2,4-Dichlorophenol",NA,C3,MAX,Concentration3,,,mg/L,,ug/L,C,01/31/2024
PR0000370,001,34601,"2,4-Dichlorophenol",NA,C3,MAX,Concentration3,,,mg/L,,ug/L,C,02/29/2024
PR0000370,001,34601,"2,4-Dichlorophenol",NA,C3,MAX,Concentration3,,,mg/L,,ug/L,C,03/31/2024
PR0000370,001,34601,"2,4-Dichlorophenol",NA,C3,MAX,Concentration3,,,mg/L,,ug/L,C,04/30/2024
PR0000370,001,34601,"2,4-Dichlorophenol",NA,C3,MAX,Concentration3,,,mg/L,,ug/L,C,05/31/2024
PR0000370,001,34601,"2,4-Dichlorophenol",NA,C3,MAX,Concentration3,,,mg/L,,ug/L,C,06/30/2024
PR0000370,001,34601,"2,4-Dichlorophenol",NA,C3,MAX,Concentration3,,,mg/L,,ug/L,C,07/31/2024
PR0000370,001,34601,"2,4-Dichlorophenol",NA,C3,MAX,Concentration3,,,mg/L,,ug/L,C,08/31/2024
PR0000370,001,34601,"2,4-Dichlorophenol",NA,C3,MAX,Concentration3,,,mg/L,,ug/L,C,09/30/2024
PR0000370,001,34601,"2,4-Dichlorophenol",NA,C3,MAX,Concentration3,,,mg/L,,ug/L,C,10/31/2024
PR0000370,001,34601,"2,4-Dichlorophenol",NA,C3,MAX,Concentration3,,,mg/L,,ug/L,C,11/30/2024
PR0000370,001,34601,"2,4-Dichlorophenol",NA,C3,MAX,Concentration3,,,mg/L,,ug/L,C,12/31/2024
PR0000370,001,34601,"2,4-Dichlorophenol",NA,C3,MAX,Concentration3,,,mg/L,,ug/L,C,01/31/2025
PR0000370,001,34601,"2,4-Dichlorophenol",NA,C3,MAX,Concentration3,,,mg/L,,ug/L,C,02/28/2025
PR0000370,001,34601,"2,4-Dichlorophenol",NA,C3,MAX,Concentration3,,,mg/L,,ug/L,C,03/31/2025
PR0000370,001,34601,"2,4-Dichlorophenol",NA,C3,MAX,Concentration3,,,mg/L,,ug/L,C,04/30/2025
PR0000370,001,34601,"2,4-Dichlorophenol",NA,C3,MAX,Concentration3,,,mg/L,,ug/L,C,05/31/2025
PR0000370,001,34601,"2,4-Dichlorophenol",NA,C3,MAX,Concentration3,,,mg/L,,ug/L,C,06/30/2025
PR0000370,001,34601,"2,4-Dichlorophenol",NA,C3,MAX,Concentration3,,,mg/L,,ug/L,C,07/31/2025
PR0000370,001,34601,"2,4-Dichlorophenol",NA,C3,MAX,Concentration3,,,mg/L,,ug/L,C,08/31/2025
PR0000370,001,34601,"2,4-Dichlorophenol",NA,C3,MAX,Concentration3,,,mg/L,,ug/L,C,09/30/2025
PR0000370,001,34601,"2,4-Dichlorophenol",NA,C3,MAX,Concentration3,,,mg/L,,ug/L,C,10/31/2025
PR0000370,001,34601,"2,4-Dichlorophenol",NA,C3,MAX,Concentration3,,,mg/L,,ug/L,C,11/30/2025
PR0000370,001,34601,"2,4-Dichlorophenol",NA,C3,MAX,Concentration3,,,mg/L,,ug/L,C,12/31/2025
PR0000370,001,34601,"2,4-Dichlorophenol",NA,C3,MAX,Concentration3,,,mg/L,,ug/L,C,01/31/2026
PR0000370,001,34621,"2,4,6-Trichlorophenol",NA,C3,MAX,Concentration3,,,mg/L,,ug/L,C,01/31/2020
PR0000370,001,34621,"2,4,6-Trichlorophenol",NA,C3,MAX,Concentration3,,,mg/L,,ug/L,C,02/29/2020
PR0000370,001,34621,"2,4,6-Trichlorophenol",NA,C3,MAX,Concentration3,,,mg/L,,ug/L,C,03/31/2020
PR0000370,001,34621,"2,4,6-Trichlorophenol",NA,C3,MAX,Concentration3,,,mg/L,,ug/L,C,04/30/2020
PR0000370,001,34621,"2,4,6-Trichlorophenol",NA,C3,MAX,Concentration3,,,mg/L,,ug/L,C,05/31/2020
PR0000370,001,34621,"2,4,6-Trichlorophenol",NA,C3,MAX,Concentration3,,,mg/L,,ug/L,C,06/30/2020
PR0000370,001,34621,"2,4,6-Trichlorophenol",NA,C3,MAX,Concentration3,,,mg/L,,ug/L,C,07/31/2020
PR0000370,001,34621,"2,4,6-Trichlorophenol",NA,C3,MAX,Concentration3,,,mg/L,,ug/L,C,08/31/2020
PR0000370,001,34621,"2,4,6-Trichlorophenol",NA,C3,MAX,Concentration3,,,mg/L,,ug/L,C,09/30/2020
PR0000370,001,34621,"2,4,6-Trichlorophenol",NA,C3,MAX,Concentration3,,,mg/L,,ug/L,C,10/31/2020
PR0000370,001,34621,"2,4,6-Trichlorophenol",NA,C3,MAX,Concentration3,,,mg/L,,ug/L,C,11/30/2020
PR0000370,001,34621,"2,4,6-Trichlorophenol",NA,C3,MAX,Concentration3,,,mg/L,,ug/L,C,12/31/2020
PR0000370,001,34621,"2,4,6-Trichlorophenol",NA,C3,MAX,Concentration3,,,mg/L,,ug/L,C,01/31/2021
PR0000370,001,34621,"2,4,6-Trichlorophenol",NA,C3,MAX,Concentration3,,,mg/L,,ug/L,C,02/28/2021
PR0000370,001,34621,"2,4,6-Trichlorophenol",NA,C3,MAX,Concentration3,,,mg/L,,ug/L,C,03/31/2021
PR0000370,001,34621,"2,4,6-Trichlorophenol",NA,C3,MAX,Concentration3,,,mg/L,,ug/L,C,04/30/2021
PR0000370,001,34621,"2,4,6-Trichlorophenol",NA,C3,MAX,Concentration3,,,mg/L,,ug/L,C,05/31/2021
PR0000370,001,34621,"2,4,6-Trichlorophenol",NA,C3,MAX,Concentration3,,,mg/L,,ug/L,C,06/30/2021
PR0000370,001,34621,"2,4,6-Trichlorophenol",NA,C3,MAX,Concentration3,,,mg/L,,ug/L,C,07/31/2021
PR0000370,001,34621,"2,4,6-Trichlorophenol",NA,C3,MAX,Concentration3,,,mg/L,,ug/L,C,08/31/2021
PR0000370,001,34621,"2,4,6-Trichlorophenol",NA,C3,MAX,Concentration3,,,mg/L,,ug/L,C,09/30/2021
PR0000370,001,34621,"2,4,6-Trichlorophenol",NA,C3,MAX,Concentration3,,,mg/L,,ug/L,C,10/31/2021
PR0000370,001,34621,"2,4,6-Trichlorophenol",NA,C3,MAX,Concentration3,,,mg/L,,ug/L,C,11/30/2021
PR0000370,001,34621,"2,4,6-Trichlorophenol",NA,C3,MAX,Concentration3,,,mg/L,,ug/L,C,12/31/2021
PR0000370,001,34621,"2,4,6-Trichlorophenol",NA,C3,MAX,Concentration3,,,mg/L,,ug/L,C,01/31/2022
PR0000370,001,34621,"2,4,6-Trichlorophenol",NA,C3,MAX,Concentration3,,,mg/L,,ug/L,C,02/28/2022
PR0000370,001,34621,"2,4,6-Trichlorophenol",NA,C3,MAX,Concentration3,,,mg/L,,ug/L,C,03/31/2022
PR0000370,001,34621,"2,4,6-Trichlorophenol",NA,C3,MAX,Concentration3,,,mg/L,,ug/L,C,04/30/2022
PR0000370,001,34621,"2,4,6-Trichlorophenol",NA,C3,MAX,Concentration3,,,mg/L,,ug/L,C,05/31/2022
PR0000370,001,34621,"2,4,6-Trichlorophenol",NA,C3,MAX,Concentration3,,,mg/L,,ug/L,C,06/30/2022
PR0000370,001,34621,"2,4,6-Trichlorophenol",NA,C3,MAX,Concentration3,,,mg/L,,ug/L,C,07/31/2022
PR0000370,001,34621,"2,4,6-Trichlorophenol",NA,C3,MAX,Concentration3,,,mg/L,,ug/L,C,08/31/2022
PR0000370,001,34621,"2,4,6-Trichlorophenol",NA,C3,MAX,Concentration3,,,mg/L,,ug/L,C,09/30/2022
PR0000370,001,34621,"2,4,6-Trichlorophenol",NA,C3,MAX,Concentration3,,,mg/L,,ug/L,C,10/31/2022
PR0000370,001,34621,"2,4,6-Trichlorophenol",NA,C3,MAX,Concentration3,,,mg/L,,ug/L,C,11/30/2022
PR0000370,001,34621,"2,4,6-Trichlorophenol",NA,C3,MAX,Concentration3,,,mg/L,,ug/L,C,12/31/2022
PR0000370,001,34621,"2,4,6-Trichlorophenol",NA,C3,MAX,Concentration3,,,mg/L,,ug/L,C,01/31/2023
PR0000370,001,34621,"2,4,6-Trichlorophenol",NA,C3,MAX,Concentration3,,,mg/L,,ug/L,C,02/28/2023
PR0000370,001,34621,"2,4,6-Trichlorophenol",NA,C3,MAX,Concentration3,,,mg/L,,ug/L,C,03/31/2023
PR0000370,001,34621,"2,4,6-Trichlorophenol",NA,C3,MAX,Concentration3,,,mg/L,,ug/L,C,04/30/2023
PR0000370,001,34621,"2,4,6-Trichlorophenol",NA,C3,MAX,Concentration3,,,mg/L,,ug/L,C,05/31/2023
PR0000370,001,34621,"2,4,6-Trichlorophenol",NA,C3,MAX,Concentration3,,,mg/L,,ug/L,C,06/30/2023
PR0000370,001,34621,"2,4,6-Trichlorophenol",NA,C3,MAX,Concentration3,,,mg/L,,ug/L,C,07/31/2023
PR0000370,001,34621,"2,4,6-Trichlorophenol",NA,C3,MAX,Concentration3,,,mg/L,,ug/L,C,08/31/2023
PR0000370,001,34621,"2,4,6-Trichlorophenol",NA,C3,MAX,Concentration3,,,mg/L,,ug/L,C,09/30/2023
PR0000370,001,34621,"2,4,6-Trichlorophenol",NA,C3,MAX,Concentration3,,,mg/L,,ug/L,C,10/31/2023
PR0000370,001,34621,"2,4,6-Trichlorophenol",NA,C3,MAX,Concentration3,,,mg/L,,ug/L,C,11/30/2023
PR0000370,001,34621,"2,4,6-Trichlorophenol",NA,C3,MAX,Concentration3,,,mg/L,,ug/L,C,12/31/2023
PR0000370,001,34621,"2,4,6-Trichlorophenol",NA,C3,MAX,Concentration3,,,mg/L,,ug/L,C,01/31/2024
PR0000370,001,34621,"2,4,6-Trichlorophenol",NA,C3,MAX,Concentration3,,,mg/L,,ug/L,C,02/29/2024
PR0000370,001,34621,"2,4,6-Trichlorophenol",NA,C3,MAX,Concentration3,,,mg/L,,ug/L,C,03/31/2024
PR0000370,001,34621,"2,4,6-Trichlorophenol",NA,C3,MAX,Concentration3,,,mg/L,,ug/L,C,04/30/2024
PR0000370,001,34621,"2,4,6-Trichlorophenol",NA,C3,MAX,Concentration3,,,mg/L,,ug/L,C,05/31/2024
PR0000370,001,34621,"2,4,6-Trichlorophenol",NA,C3,MAX,Concentration3,,,mg/L,,ug/L,C,06/30/2024
PR0000370,001,34621,"2,4,6-Trichlorophenol",NA,C3,MAX,Concentration3,,,mg/L,,ug/L,C,07/31/2024
PR0000370,001,34621,"2,4,6-Trichlorophenol",NA,C3,MAX,Concentration3,,,mg/L,,ug/L,C,08/31/2024
PR0000370,001,34621,"2,4,6-Trichlorophenol",NA,C3,MAX,Concentration3,,,mg/L,,ug/L,C,09/30/2024
PR0000370,001,34621,"2,4,6-Trichlorophenol",NA,C3,MAX,Concentration3,,,mg/L,,ug/L,C,10/31/2024
PR0000370,001,34621,"2,4,6-Trichlorophenol",NA,C3,MAX,Concentration3,,,mg/L,,ug/L,C,11/30/2024
PR0000370,001,34621,"2,4,6-Trichlorophenol",NA,C3,MAX,Concentration3,,,mg/L,,ug/L,C,12/31/2024
PR0000370,001,34621,"2,4,6-Trichlorophenol",NA,C3,MAX,Concentration3,,,mg/L,,ug/L,C,01/31/2025
PR0000370,001,34621,"2,4,6-Trichlorophenol",NA,C3,MAX,Concentration3,,,mg/L,,ug/L,C,02/28/2025
PR0000370,001,34621,"2,4,6-Trichlorophenol",NA,C3,MAX,Concentration3,,,mg/L,,ug/L,C,03/31/2025
PR0000370,001,34621,"2,4,6-Trichlorophenol",NA,C3,MAX,Concentration3,,,mg/L,,ug/L,C,04/30/2025
PR0000370,001,34621,"2,4,6-Trichlorophenol",NA,C3,MAX,Concentration3,,,mg/L,,ug/L,C,05/31/2025
PR0000370,001,34621,"2,4,6-Trichlorophenol",NA,C3,MAX,Concentration3,,,mg/L,,ug/L,C,06/30/2025
PR0000370,001,34621,"2,4,6-Trichlorophenol",NA,C3,MAX,Concentration3,,,mg/L,,ug/L,C,07/31/2025
PR0000370,001,34621,"2,4,6-Trichlorophenol",NA,C3,MAX,Concentration3,,,mg/L,,ug/L,C,08/31/2025
PR0000370,001,34621,"2,4,6-Trichlorophenol",NA,C3,MAX,Concentration3,,,mg/L,,ug/L,C,09/30/2025
PR0000370,001,34621,"2,4,6-Trichlorophenol",NA,C3,MAX,Concentration3,,,mg/L,,ug/L,C,10/31/2025
PR0000370,001,34621,"2,4,6-Trichlorophenol",NA,C3,MAX,Concentration3,,,mg/L,,ug/L,C,11/30/2025
PR0000370,001,34621,"2,4,6-Trichlorophenol",NA,C3,MAX,Concentration3,,,mg/L,,ug/L,C,12/31/2025
PR0000370,001,34621,"2,4,6-Trichlorophenol",NA,C3,MAX,Concentration3,,,mg/L,,ug/L,C,01/31/2026
PR0000370,001,38260,Surfactants [MBAS],NA,C3,MAX,Concentration3,,,mg/L,555,ug/L,C,01/31/2020
PR0000370,001,38260,Surfactants [MBAS],NA,C3,MAX,Concentration3,,,mg/L,555,ug/L,C,02/29/2020
PR0000370,001,38260,Surfactants [MBAS],NA,C3,MAX,Concentration3,,,mg/L,555,ug/L,C,03/31/2020
PR0000370,001,38260,Surfactants [MBAS],NA,C3,MAX,Concentration3,,,mg/L,555,ug/L,C,04/30/2020
PR0000370,001,38260,Surfactants [MBAS],NA,C3,MAX,Concentration3,,,mg/L,555,ug/L,C,05/31/2020
PR0000370,001,38260,Surfactants [MBAS],NA,C3,MAX,Concentration3,,,mg/L,555,ug/L,C,06/30/2020
PR0000370,001,38260,Surfactants [MBAS],NA,C3,MAX,Concentration3,,,mg/L,555,ug/L,C,07/31/2020
PR0000370,001,38260,Surfactants [MBAS],NA,C3,MAX,Concentration3,,,mg/L,555,ug/L,C,08/31/2020
PR0000370,001,38260,Surfactants [MBAS],NA,C3,MAX,Concentration3,,,mg/L,555,ug/L,C,09/30/2020
PR0000370,001,38260,Surfactants [MBAS],NA,C3,MAX,Concentration3,,,mg/L,555,ug/L,C,10/31/2020
PR0000370,001,38260,Surfactants [MBAS],NA,C3,MAX,Concentration3,,,mg/L,555,ug/L,C,11/30/2020
PR0000370,001,38260,Surfactants [MBAS],NA,C3,MAX,Concentration3,,,mg/L,555,ug/L,C,12/31/2020
PR0000370,001,38260,Surfactants [MBAS],NA,C3,MAX,Concentration3,,,mg/L,555,ug/L,C,01/31/2021
PR0000370,001,38260,Surfactants [MBAS],NA,C3,MAX,Concentration3,,,mg/L,555,ug/L,C,02/28/2021
PR0000370,001,38260,Surfactants [MBAS],NA,C3,MAX,Concentration3,,,mg/L,555,ug/L,C,03/31/2021
PR0000370,001,38260,Surfactants [MBAS],NA,C3,MAX,Concentration3,,,mg/L,555,ug/L,C,04/30/2021
PR0000370,001,38260,Surfactants [MBAS],NA,C3,MAX,Concentration3,,,mg/L,555,ug/L,C,05/31/2021
PR0000370,001,38260,Surfactants [MBAS],NA,C3,MAX,Concentration3,,,mg/L,555,ug/L,C,06/30/2021
PR0000370,001,38260,Surfactants [MBAS],NA,C3,MAX,Concentration3,,,mg/L,555,ug/L,C,07/31/2021
PR0000370,001,38260,Surfactants [MBAS],NA,C3,MAX,Concentration3,,,mg/L,555,ug/L,C,08/31/2021
PR0000370,001,38260,Surfactants [MBAS],NA,C3,MAX,Concentration3,,,mg/L,555,ug/L,C,09/30/2021
PR0000370,001,38260,Surfactants [MBAS],NA,C3,MAX,Concentration3,,,mg/L,555,ug/L,C,10/31/2021
PR0000370,001,38260,Surfactants [MBAS],NA,C3,MAX,Concentration3,,,mg/L,555,ug/L,C,11/30/2021
PR0000370,001,38260,Surfactants [MBAS],NA,C3,MAX,Concentration3,,,mg/L,555,ug/L,C,12/31/2021
PR0000370,001,38260,Surfactants [MBAS],NA,C3,MAX,Concentration3,,,mg/L,555,ug/L,C,01/31/2022
PR0000370,001,38260,Surfactants [MBAS],NA,C3,MAX,Concentration3,,,mg/L,555,ug/L,C,02/28/2022
PR0000370,001,38260,Surfactants [MBAS],NA,C3,MAX,Concentration3,,,mg/L,555,ug/L,C,03/31/2022
PR0000370,001,38260,Surfactants [MBAS],NA,C3,MAX,Concentration3,,,mg/L,555,ug/L,C,04/30/2022
PR0000370,001,38260,Surfactants [MBAS],NA,C3,MAX,Concentration3,,,mg/L,555,ug/L,C,05/31/2022
PR0000370,001,38260,Surfactants [MBAS],NA,C3,MAX,Concentration3,,,mg/L,555,ug/L,C,06/30/2022
PR0000370,001,38260,Surfactants [MBAS],NA,C3,MAX,Concentration3,,,mg/L,555,ug/L,C,07/31/2022
PR0000370,001,38260,Surfactants [MBAS],NA,C3,MAX,Concentration3,,,mg/L,555,ug/L,C,08/31/2022
PR0000370,001,38260,Surfactants [MBAS],NA,C3,MAX,Concentration3,,,mg/L,555,ug/L,C,09/30/2022
PR0000370,001,38260,Surfactants [MBAS],NA,C3,MAX,Concentration3,,,mg/L,555,ug/L,C,10/31/2022
PR0000370,001,38260,Surfactants [MBAS],NA,C3,MAX,Concentration3,,,mg/L,555,ug/L,C,11/30/2022
PR0000370,001,38260,Surfactants [MBAS],NA,C3,MAX,Concentration3,,,mg/L,555,ug/L,C,12/31/2022
PR0000370,001,38260,Surfactants [MBAS],NA,C3,MAX,Concentration3,,,mg/L,555,ug/L,C,01/31/2023
PR0000370,001,38260,Surfactants [MBAS],NA,C3,MAX,Concentration3,,,mg/L,555,ug/L,C,02/28/2023
PR0000370,001,38260,Surfactants [MBAS],NA,C3,MAX,Concentration3,,,mg/L,555,ug/L,C,03/31/2023
PR0000370,001,38260,Surfactants [MBAS],NA,C3,MAX,Concentration3,,,mg/L,555,ug/L,C,04/30/2023
PR0000370,001,38260,Surfactants [MBAS],NA,C3,MAX,Concentration3,,,mg/L,555,ug/L,C,05/31/2023
PR0000370,001,38260,Surfactants [MBAS],NA,C3,MAX,Concentration3,,,mg/L,555,ug/L,C,06/30/2023
PR0000370,001,38260,Surfactants [MBAS],NA,C3,MAX,Concentration3,,,mg/L,555,ug/L,C,07/31/2023
PR0000370,001,38260,Surfactants [MBAS],NA,C3,MAX,Concentration3,,,mg/L,555,ug/L,C,08/31/2023
PR0000370,001,38260,Surfactants [MBAS],NA,C3,MAX,Concentration3,,,mg/L,555,ug/L,C,09/30/2023
PR0000370,001,38260,Surfactants [MBAS],NA,C3,MAX,Concentration3,,,mg/L,555,ug/L,C,10/31/2023
PR0000370,001,38260,Surfactants [MBAS],NA,C3,MAX,Concentration3,,,mg/L,555,ug/L,C,11/30/2023
PR0000370,001,38260,Surfactants [MBAS],NA,C3,MAX,Concentration3,,,mg/L,555,ug/L,C,12/31/2023
PR0000370,001,38260,Surfactants [MBAS],NA,C3,MAX,Concentration3,,,mg/L,555,ug/L,C,01/31/2024
PR0000370,001,38260,Surfactants [MBAS],NA,C3,MAX,Concentration3,,,mg/L,555,ug/L,C,02/29/2024
PR0000370,001,38260,Surfactants [MBAS],NA,C3,MAX,Concentration3,,,mg/L,555,ug/L,C,03/31/2024
PR0000370,001,38260,Surfactants [MBAS],NA,C3,MAX,Concentration3,,,mg/L,555,ug/L,C,04/30/2024
PR0000370,001,38260,Surfactants [MBAS],NA,C3,MAX,Concentration3,,,mg/L,555,ug/L,C,05/31/2024
PR0000370,001,38260,Surfactants [MBAS],NA,C3,MAX,Concentration3,,,mg/L,555,ug/L,C,06/30/2024
PR0000370,001,38260,Surfactants [MBAS],NA,C3,MAX,Concentration3,,,mg/L,555,ug/L,C,07/31/2024
PR0000370,001,38260,Surfactants [MBAS],NA,C3,MAX,Concentration3,,,mg/L,555,ug/L,C,08/31/2024
PR0000370,001,38260,Surfactants [MBAS],NA,C3,MAX,Concentration3,,,mg/L,555,ug/L,C,09/30/2024
PR0000370,001,38260,Surfactants [MBAS],NA,C3,MAX,Concentration3,,,mg/L,555,ug/L,C,10/31/2024
PR0000370,001,38260,Surfactants [MBAS],NA,C3,MAX,Concentration3,,,mg/L,555,ug/L,C,11/30/2024
PR0000370,001,38260,Surfactants [MBAS],NA,C3,MAX,Concentration3,,,mg/L,555,ug/L,C,12/31/2024
PR0000370,001,38260,Surfactants [MBAS],NA,C3,MAX,Concentration3,,,mg/L,555,ug/L,C,01/31/2025
PR0000370,001,38260,Surfactants [MBAS],NA,C3,MAX,Concentration3,,,mg/L,555,ug/L,C,02/28/2025
PR0000370,001,38260,Surfactants [MBAS],NA,C3,MAX,Concentration3,,,mg/L,555,ug/L,C,03/31/2025
PR0000370,001,38260,Surfactants [MBAS],NA,C3,MAX,Concentration3,,,mg/L,555,ug/L,C,04/30/2025
PR0000370,001,38260,Surfactants [MBAS],NA,C3,MAX,Concentration3,,,mg/L,555,ug/L,C,05/31/2025
PR0000370,001,38260,Surfactants [MBAS],NA,C3,MAX,Concentration3,,,mg/L,555,ug/L,C,06/30/2025
PR0000370,001,38260,Surfactants [MBAS],NA,C3,MAX,Concentration3,,,mg/L,555,ug/L,C,07/31/2025
PR0000370,001,38260,Surfactants [MBAS],NA,C3,MAX,Concentration3,,,mg/L,555,ug/L,C,08/31/2025
PR0000370,001,38260,Surfactants [MBAS],NA,C3,MAX,Concentration3,,,mg/L,555,ug/L,C,09/30/2025
PR0000370,001,38260,Surfactants [MBAS],NA,C3,MAX,Concentration3,,,mg/L,555,ug/L,C,10/31/2025
PR0000370,001,38260,Surfactants [MBAS],NA,C3,MAX,Concentration3,,,mg/L,555,ug/L,C,11/30/2025
PR0000370,001,38260,Surfactants [MBAS],NA,C3,MAX,Concentration3,,,mg/L,555,ug/L,C,12/31/2025
PR0000370,001,38260,Surfactants [MBAS],NA,C3,MAX,Concentration3,,,mg/L,555,ug/L,C,01/31/2026
PR0000370,001,39032,Pentachlorophenol,NA,C3,MAX,Concentration3,,,mg/L,,ug/L,C,01/31/2020
PR0000370,001,39032,Pentachlorophenol,NA,C3,MAX,Concentration3,,,mg/L,,ug/L,C,02/29/2020
PR0000370,001,39032,Pentachlorophenol,NA,C3,MAX,Concentration3,,,mg/L,,ug/L,C,03/31/2020
PR0000370,001,39032,Pentachlorophenol,NA,C3,MAX,Concentration3,,,mg/L,,ug/L,C,04/30/2020
PR0000370,001,39032,Pentachlorophenol,NA,C3,MAX,Concentration3,,,mg/L,,ug/L,C,05/31/2020
PR0000370,001,39032,Pentachlorophenol,NA,C3,MAX,Concentration3,,,mg/L,,ug/L,C,06/30/2020
PR0000370,001,39032,Pentachlorophenol,NA,C3,MAX,Concentration3,,,mg/L,,ug/L,C,07/31/2020
PR0000370,001,39032,Pentachlorophenol,NA,C3,MAX,Concentration3,,,mg/L,,ug/L,C,08/31/2020
PR0000370,001,39032,Pentachlorophenol,NA,C3,MAX,Concentration3,,,mg/L,,ug/L,C,09/30/2020
PR0000370,001,39032,Pentachlorophenol,NA,C3,MAX,Concentration3,,,mg/L,,ug/L,C,10/31/2020
PR0000370,001,39032,Pentachlorophenol,NA,C3,MAX,Concentration3,,,mg/L,,ug/L,C,11/30/2020
PR0000370,001,39032,Pentachlorophenol,NA,C3,MAX,Concentration3,,,mg/L,,ug/L,C,12/31/2020
PR0000370,001,39032,Pentachlorophenol,NA,C3,MAX,Concentration3,,,mg/L,,ug/L,C,01/31/2021
PR0000370,001,39032,Pentachlorophenol,NA,C3,MAX,Concentration3,,,mg/L,,ug/L,C,02/28/2021
PR0000370,001,39032,Pentachlorophenol,NA,C3,MAX,Concentration3,,,mg/L,,ug/L,C,03/31/2021
PR0000370,001,39032,Pentachlorophenol,NA,C3,MAX,Concentration3,,,mg/L,,ug/L,C,04/30/2021
PR0000370,001,39032,Pentachlorophenol,NA,C3,MAX,Concentration3,,,mg/L,,ug/L,C,05/31/2021
PR0000370,001,39032,Pentachlorophenol,NA,C3,MAX,Concentration3,,,mg/L,,ug/L,C,06/30/2021
PR0000370,001,39032,Pentachlorophenol,NA,C3,MAX,Concentration3,,,mg/L,,ug/L,C,07/31/2021
PR0000370,001,39032,Pentachlorophenol,NA,C3,MAX,Concentration3,,,mg/L,,ug/L,C,08/31/2021
PR0000370,001,39032,Pentachlorophenol,NA,C3,MAX,Concentration3,,,mg/L,,ug/L,C,09/30/2021
PR0000370,001,39032,Pentachlorophenol,NA,C3,MAX,Concentration3,,,mg/L,,ug/L,C,10/31/2021
PR0000370,001,39032,Pentachlorophenol,NA,C3,MAX,Concentration3,,,mg/L,,ug/L,C,11/30/2021
PR0000370,001,39032,Pentachlorophenol,NA,C3,MAX,Concentration3,,,mg/L,,ug/L,C,12/31/2021
PR0000370,001,39032,Pentachlorophenol,NA,C3,MAX,Concentration3,,,mg/L,,ug/L,C,01/31/2022
PR0000370,001,39032,Pentachlorophenol,NA,C3,MAX,Concentration3,,,mg/L,,ug/L,C,02/28/2022
PR0000370,001,39032,Pentachlorophenol,NA,C3,MAX,Concentration3,,,mg/L,,ug/L,C,03/31/2022
PR0000370,001,39032,Pentachlorophenol,NA,C3,MAX,Concentration3,,,mg/L,,ug/L,C,04/30/2022
PR0000370,001,39032,Pentachlorophenol,NA,C3,MAX,Concentration3,,,mg/L,,ug/L,C,05/31/2022
PR0000370,001,39032,Pentachlorophenol,NA,C3,MAX,Concentration3,,,mg/L,,ug/L,C,06/30/2022
PR0000370,001,39032,Pentachlorophenol,NA,C3,MAX,Concentration3,,,mg/L,,ug/L,C,07/31/2022
PR0000370,001,39032,Pentachlorophenol,NA,C3,MAX,Concentration3,,,mg/L,,ug/L,C,08/31/2022
PR0000370,001,39032,Pentachlorophenol,NA,C3,MAX,Concentration3,,,mg/L,,ug/L,C,09/30/2022
PR0000370,001,39032,Pentachlorophenol,NA,C3,MAX,Concentration3,,,mg/L,,ug/L,C,10/31/2022
PR0000370,001,39032,Pentachlorophenol,NA,C3,MAX,Concentration3,,,mg/L,,ug/L,C,11/30/2022
PR0000370,001,39032,Pentachlorophenol,NA,C3,MAX,Concentration3,,,mg/L,,ug/L,C,12/31/2022
PR0000370,001,39032,Pentachlorophenol,NA,C3,MAX,Concentration3,,,mg/L,,ug/L,C,01/31/2023
PR0000370,001,39032,Pentachlorophenol,NA,C3,MAX,Concentration3,,,mg/L,,ug/L,C,02/28/2023
PR0000370,001,39032,Pentachlorophenol,NA,C3,MAX,Concentration3,,,mg/L,,ug/L,C,03/31/2023
PR0000370,001,39032,Pentachlorophenol,NA,C3,MAX,Concentration3,,,mg/L,,ug/L,C,04/30/2023
PR0000370,001,39032,Pentachlorophenol,NA,C3,MAX,Concentration3,,,mg/L,,ug/L,C,05/31/2023
PR0000370,001,39032,Pentachlorophenol,NA,C3,MAX,Concentration3,,,mg/L,,ug/L,C,06/30/2023
PR0000370,001,39032,Pentachlorophenol,NA,C3,MAX,Concentration3,,,mg/L,,ug/L,C,07/31/2023
PR0000370,001,39032,Pentachlorophenol,NA,C3,MAX,Concentration3,,,mg/L,,ug/L,C,08/31/2023
PR0000370,001,39032,Pentachlorophenol,NA,C3,MAX,Concentration3,,,mg/L,,ug/L,C,09/30/2023
PR0000370,001,39032,Pentachlorophenol,NA,C3,MAX,Concentration3,,,mg/L,,ug/L,C,10/31/2023
PR0000370,001,39032,Pentachlorophenol,NA,C3,MAX,Concentration3,,,mg/L,,ug/L,C,11/30/2023
PR0000370,001,39032,Pentachlorophenol,NA,C3,MAX,Concentration3,,,mg/L,,ug/L,C,12/31/2023
PR0000370,001,39032,Pentachlorophenol,NA,C3,MAX,Concentration3,,,mg/L,,ug/L,C,01/31/2024
PR0000370,001,39032,Pentachlorophenol,NA,C3,MAX,Concentration3,,,mg/L,,ug/L,C,02/29/2024
PR0000370,001,39032,Pentachlorophenol,NA,C3,MAX,Concentration3,,,mg/L,,ug/L,C,03/31/2024
PR0000370,001,39032,Pentachlorophenol,NA,C3,MAX,Concentration3,,,mg/L,,ug/L,C,04/30/2024
PR0000370,001,39032,Pentachlorophenol,NA,C3,MAX,Concentration3,,,mg/L,,ug/L,C,05/31/2024
PR0000370,001,39032,Pentachlorophenol,NA,C3,MAX,Concentration3,,,mg/L,,ug/L,C,06/30/2024
PR0000370,001,39032,Pentachlorophenol,NA,C3,MAX,Concentration3,,,mg/L,,ug/L,C,07/31/2024
PR0000370,001,39032,Pentachlorophenol,NA,C3,MAX,Concentration3,,,mg/L,,ug/L,C,08/31/2024
PR0000370,001,39032,Pentachlorophenol,NA,C3,MAX,Concentration3,,,mg/L,,ug/L,C,09/30/2024
PR0000370,001,39032,Pentachlorophenol,NA,C3,MAX,Concentration3,,,mg/L,,ug/L,C,10/31/2024
PR0000370,001,39032,Pentachlorophenol,NA,C3,MAX,Concentration3,,,mg/L,,ug/L,C,11/30/2024
PR0000370,001,39032,Pentachlorophenol,NA,C3,MAX,Concentration3,,,mg/L,,ug/L,C,12/31/2024
PR0000370,001,39032,Pentachlorophenol,NA,C3,MAX,Concentration3,,,mg/L,,ug/L,C,01/31/2025
PR0000370,001,39032,Pentachlorophenol,NA,C3,MAX,Concentration3,,,mg/L,,ug/L,C,02/28/2025
PR0000370,001,39032,Pentachlorophenol,NA,C3,MAX,Concentration3,,,mg/L,,ug/L,C,03/31/2025
PR0000370,001,39032,Pentachlorophenol,NA,C3,MAX,Concentration3,,,mg/L,,ug/L,C,04/30/2025
PR0000370,001,39032,Pentachlorophenol,NA,C3,MAX,Concentration3,,,mg/L,,ug/L,C,05/31/2025
PR0000370,001,39032,Pentachlorophenol,NA,C3,MAX,Concentration3,,,mg/L,,ug/L,C,06/30/2025
PR0000370,001,39032,Pentachlorophenol,NA,C3,MAX,Concentration3,,,mg/L,,ug/L,C,07/31/2025
PR0000370,001,39032,Pentachlorophenol,NA,C3,MAX,Concentration3,,,mg/L,,ug/L,C,08/31/2025
PR0000370,001,39032,Pentachlorophenol,NA,C3,MAX,Concentration3,,,mg/L,,ug/L,C,09/30/2025
PR0000370,001,39032,Pentachlorophenol,NA,C3,MAX,Concentration3,,,mg/L,,ug/L,C,10/31/2025
PR0000370,001,39032,Pentachlorophenol,NA,C3,MAX,Concentration3,,,mg/L,,ug/L,C,11/30/2025
PR0000370,001,39032,Pentachlorophenol,NA,C3,MAX,Concentration3,,,mg/L,,ug/L,C,12/31/2025
PR0000370,001,39032,Pentachlorophenol,NA,C3,MAX,Concentration3,,,mg/L,,ug/L,C,01/31/2026
PR0000370,001,50050,"Flow, in conduit or thru treatment plant",NA,Q2,MAX,Quantity2,,,MGD,.72,MGD,C,01/31/2020
PR0000370,001,50050,"Flow, in conduit or thru treatment plant",NA,Q2,MAX,Quantity2,,,MGD,.72,MGD,C,02/29/2020
PR0000370,001,50050,"Flow, in conduit or thru treatment plant",NA,Q2,MAX,Quantity2,,,MGD,.72,MGD,C,03/31/2020
PR0000370,001,50050,"Flow, in conduit or thru treatment plant",NA,Q2,MAX,Quantity2,,,MGD,.72,MGD,C,04/30/2020
PR0000370,001,50050,"Flow, in conduit or thru treatment plant",NA,Q2,MAX,Quantity2,,,MGD,.72,MGD,C,05/31/2020
PR0000370,001,50050,"Flow, in conduit or thru treatment plant",NA,Q2,MAX,Quantity2,,,MGD,.72,MGD,C,06/30/2020
PR0000370,001,50050,"Flow, in conduit or thru treatment plant",NA,Q2,MAX,Quantity2,,,MGD,.72,MGD,C,07/31/2020
PR0000370,001,50050,"Flow, in conduit or thru treatment plant",NA,Q2,MAX,Quantity2,,,MGD,.72,MGD,C,08/31/2020
PR0000370,001,50050,"Flow, in conduit or thru treatment plant",NA,Q2,MAX,Quantity2,,,MGD,.72,MGD,C,09/30/2020
PR0000370,001,50050,"Flow, in conduit or thru treatment plant",NA,Q2,MAX,Quantity2,,,MGD,.72,MGD,C,10/31/2020
PR0000370,001,50050,"Flow, in conduit or thru treatment plant",NA,Q2,MAX,Quantity2,,,MGD,.72,MGD,C,11/30/2020
PR0000370,001,50050,"Flow, in conduit or thru treatment plant",NA,Q2,MAX,Quantity2,,,MGD,.72,MGD,C,12/31/2020
PR0000370,001,50050,"Flow, in conduit or thru treatment plant",NA,Q2,MAX,Quantity2,,,MGD,.72,MGD,C,01/31/2021
PR0000370,001,50050,"Flow, in conduit or thru treatment plant",NA,Q2,MAX,Quantity2,,,MGD,.72,MGD,C,02/28/2021
PR0000370,001,50050,"Flow, in conduit or thru treatment plant",NA,Q2,MAX,Quantity2,,,MGD,.72,MGD,C,03/31/2021
PR0000370,001,50050,"Flow, in conduit or thru treatment plant",NA,Q2,MAX,Quantity2,,,MGD,.72,MGD,C,04/30/2021
PR0000370,001,50050,"Flow, in conduit or thru treatment plant",NA,Q2,MAX,Quantity2,,,MGD,.72,MGD,C,05/31/2021
PR0000370,001,50050,"Flow, in conduit or thru treatment plant",NA,Q2,MAX,Quantity2,,,MGD,.72,MGD,C,06/30/2021
PR0000370,001,50050,"Flow, in conduit or thru treatment plant",NA,Q2,MAX,Quantity2,,,MGD,.72,MGD,C,07/31/2021
PR0000370,001,50050,"Flow, in conduit or thru treatment plant",NA,Q2,MAX,Quantity2,,,MGD,.72,MGD,C,08/31/2021
PR0000370,001,50050,"Flow, in conduit or thru treatment plant",NA,Q2,MAX,Quantity2,,,MGD,.72,MGD,C,09/30/2021
PR0000370,001,50050,"Flow, in conduit or thru treatment plant",NA,Q2,MAX,Quantity2,,,MGD,.72,MGD,C,10/31/2021
PR0000370,001,50050,"Flow, in conduit or thru treatment plant",NA,Q2,MAX,Quantity2,,,MGD,.72,MGD,C,11/30/2021
PR0000370,001,50050,"Flow, in conduit or thru treatment plant",NA,Q2,MAX,Quantity2,,,MGD,.72,MGD,C,12/31/2021
PR0000370,001,50050,"Flow, in conduit or thru treatment plant",NA,Q2,MAX,Quantity2,,,MGD,.72,MGD,C,01/31/2022
PR0000370,001,50050,"Flow, in conduit or thru treatment plant",NA,Q2,MAX,Quantity2,,,MGD,.72,MGD,C,02/28/2022
PR0000370,001,50050,"Flow, in conduit or thru treatment plant",NA,Q2,MAX,Quantity2,,,MGD,.72,MGD,C,03/31/2022
PR0000370,001,50050,"Flow, in conduit or thru treatment plant",NA,Q2,MAX,Quantity2,,,MGD,.72,MGD,C,04/30/2022
PR0000370,001,50050,"Flow, in conduit or thru treatment plant",NA,Q2,MAX,Quantity2,,,MGD,.72,MGD,C,05/31/2022
PR0000370,001,50050,"Flow, in conduit or thru treatment plant",NA,Q2,MAX,Quantity2,,,MGD,.72,MGD,C,06/30/2022
PR0000370,001,50050,"Flow, in conduit or thru treatment plant",NA,Q2,MAX,Quantity2,,,MGD,.72,MGD,C,07/31/2022
PR0000370,001,50050,"Flow, in conduit or thru treatment plant",NA,Q2,MAX,Quantity2,,,MGD,.72,MGD,C,08/31/2022
PR0000370,001,50050,"Flow, in conduit or thru treatment plant",NA,Q2,MAX,Quantity2,,,MGD,.72,MGD,C,09/30/2022
PR0000370,001,50050,"Flow, in conduit or thru treatment plant",NA,Q2,MAX,Quantity2,,,MGD,.72,MGD,C,10/31/2022
PR0000370,001,50050,"Flow, in conduit or thru treatment plant",NA,Q2,MAX,Quantity2,,,MGD,.72,MGD,C,11/30/2022
PR0000370,001,50050,"Flow, in conduit or thru treatment plant",NA,Q2,MAX,Quantity2,,,MGD,.72,MGD,C,12/31/2022
PR0000370,001,50050,"Flow, in conduit or thru treatment plant",NA,Q2,MAX,Quantity2,,,MGD,.72,MGD,C,01/31/2023
PR0000370,001,50050,"Flow, in conduit or thru treatment plant",NA,Q2,MAX,Quantity2,,,MGD,.72,MGD,C,02/28/2023
PR0000370,001,50050,"Flow, in conduit or thru treatment plant",NA,Q2,MAX,Quantity2,,,MGD,.72,MGD,C,03/31/2023
PR0000370,001,50050,"Flow, in conduit or thru treatment plant",NA,Q2,MAX,Quantity2,,,MGD,.72,MGD,C,04/30/2023
PR0000370,001,50050,"Flow, in conduit or thru treatment plant",NA,Q2,MAX,Quantity2,,,MGD,.72,MGD,C,05/31/2023
PR0000370,001,50050,"Flow, in conduit or thru treatment plant",NA,Q2,MAX,Quantity2,,,MGD,.72,MGD,C,06/30/2023
PR0000370,001,50050,"Flow, in conduit or thru treatment plant",NA,Q2,MAX,Quantity2,,,MGD,.72,MGD,C,07/31/2023
PR0000370,001,50050,"Flow, in conduit or thru treatment plant",NA,Q2,MAX,Quantity2,,,MGD,.72,MGD,C,08/31/2023
PR0000370,001,50050,"Flow, in conduit or thru treatment plant",NA,Q2,MAX,Quantity2,,,MGD,.72,MGD,C,09/30/2023
PR0000370,001,50050,"Flow, in conduit or thru treatment plant",NA,Q2,MAX,Quantity2,,,MGD,.72,MGD,C,10/31/2023
PR0000370,001,50050,"Flow, in conduit or thru treatment plant",NA,Q2,MAX,Quantity2,,,MGD,.72,MGD,C,11/30/2023
PR0000370,001,50050,"Flow, in conduit or thru treatment plant",NA,Q2,MAX,Quantity2,,,MGD,.72,MGD,C,12/31/2023
PR0000370,001,50050,"Flow, in conduit or thru treatment plant",NA,Q2,MAX,Quantity2,,,MGD,.72,MGD,C,01/31/2024
PR0000370,001,50050,"Flow, in conduit or thru treatment plant",NA,Q2,MAX,Quantity2,,,MGD,.72,MGD,C,02/29/2024
PR0000370,001,50050,"Flow, in conduit or thru treatment plant",NA,Q2,MAX,Quantity2,,,MGD,.72,MGD,C,03/31/2024
PR0000370,001,50050,"Flow, in conduit or thru treatment plant",NA,Q2,MAX,Quantity2,,,MGD,.72,MGD,C,04/30/2024
PR0000370,001,50050,"Flow, in conduit or thru treatment plant",NA,Q2,MAX,Quantity2,,,MGD,.72,MGD,C,05/31/2024
PR0000370,001,50050,"Flow, in conduit or thru treatment plant",NA,Q2,MAX,Quantity2,,,MGD,.72,MGD,C,06/30/2024
PR0000370,001,50050,"Flow, in conduit or thru treatment plant",NA,Q2,MAX,Quantity2,,,MGD,.72,MGD,C,07/31/2024
PR0000370,001,50050,"Flow, in conduit or thru treatment plant",NA,Q2,MAX,Quantity2,,,MGD,.72,MGD,C,08/31/2024
PR0000370,001,50050,"Flow, in conduit or thru treatment plant",NA,Q2,MAX,Quantity2,,,MGD,.72,MGD,C,09/30/2024
PR0000370,001,50050,"Flow, in conduit or thru treatment plant",NA,Q2,MAX,Quantity2,,,MGD,.72,MGD,C,10/31/2024
PR0000370,001,50050,"Flow, in conduit or thru treatment plant",NA,Q2,MAX,Quantity2,,,MGD,.72,MGD,C,11/30/2024
PR0000370,001,50050,"Flow, in conduit or thru treatment plant",NA,Q2,MAX,Quantity2,,,MGD,.72,MGD,C,12/31/2024
PR0000370,001,50050,"Flow, in conduit or thru treatment plant",NA,Q2,MAX,Quantity2,,,MGD,.72,MGD,C,01/31/2025
PR0000370,001,50050,"Flow, in conduit or thru treatment plant",NA,Q2,MAX,Quantity2,,,MGD,.72,MGD,C,02/28/2025
PR0000370,001,50050,"Flow, in conduit or thru treatment plant",NA,Q2,MAX,Quantity2,,,MGD,.72,MGD,C,03/31/2025
PR0000370,001,50050,"Flow, in conduit or thru treatment plant",NA,Q2,MAX,Quantity2,,,MGD,.72,MGD,C,04/30/2025
PR0000370,001,50050,"Flow, in conduit or thru treatment plant",NA,Q2,MAX,Quantity2,,,MGD,.72,MGD,C,05/31/2025
PR0000370,001,50050,"Flow, in conduit or thru treatment plant",NA,Q2,MAX,Quantity2,,,MGD,.72,MGD,C,06/30/2025
PR0000370,001,50050,"Flow, in conduit or thru treatment plant",NA,Q2,MAX,Quantity2,,,MGD,.72,MGD,C,07/31/2025
PR0000370,001,50050,"Flow, in conduit or thru treatment plant",NA,Q2,MAX,Quantity2,,,MGD,.72,MGD,C,08/31/2025
PR0000370,001,50050,"Flow, in conduit or thru treatment plant",NA,Q2,MAX,Quantity2,,,MGD,.72,MGD,C,09/30/2025
PR0000370,001,50050,"Flow, in conduit or thru treatment plant",NA,Q2,MAX,Quantity2,,,MGD,.72,MGD,C,10/31/2025
PR0000370,001,50050,"Flow, in conduit or thru treatment plant",NA,Q2,MAX,Quantity2,,,MGD,.72,MGD,C,11/30/2025
PR0000370,001,50050,"Flow, in conduit or thru treatment plant",NA,Q2,MAX,Quantity2,,,MGD,.72,MGD,C,12/31/2025
PR0000370,001,50050,"Flow, in conduit or thru treatment plant",NA,Q2,MAX,Quantity2,,,MGD,.72,MGD,C,01/31/2026
PR0000370,001,51173,"Cyanide, free available",NA,C3,MAX,Concentration3,,,mg/L,72,ug/L,C,01/31/2020
PR0000370,001,51173,"Cyanide, free available",NA,C3,MAX,Concentration3,,,mg/L,72,ug/L,C,02/29/2020
PR0000370,001,51173,"Cyanide, free available",NA,C3,MAX,Concentration3,,,mg/L,72,ug/L,C,03/31/2020
PR0000370,001,51173,"Cyanide, free available",NA,C3,MAX,Concentration3,,,mg/L,72,ug/L,C,04/30/2020
PR0000370,001,51173,"Cyanide, free available",NA,C3,MAX,Concentration3,,,mg/L,72,ug/L,C,05/31/2020
PR0000370,001,51173,"Cyanide, free available",NA,C3,MAX,Concentration3,,,mg/L,72,ug/L,C,06/30/2020
PR0000370,001,51173,"Cyanide, free available",NA,C3,MAX,Concentration3,,,mg/L,72,ug/L,C,07/31/2020
PR0000370,001,51173,"Cyanide, free available",NA,C3,MAX,Concentration3,,,mg/L,72,ug/L,C,08/31/2020
PR0000370,001,51173,"Cyanide, free available",NA,C3,MAX,Concentration3,,,mg/L,72,ug/L,C,09/30/2020
PR0000370,001,51173,"Cyanide, free available",NA,C3,MAX,Concentration3,,,mg/L,72,ug/L,C,10/31/2020
PR0000370,001,51173,"Cyanide, free available",NA,C3,MAX,Concentration3,,,mg/L,72,ug/L,C,11/30/2020
PR0000370,001,51173,"Cyanide, free available",NA,C3,MAX,Concentration3,,,mg/L,72,ug/L,C,12/31/2020
PR0000370,001,51173,"Cyanide, free available",NA,C3,MAX,Concentration3,,,mg/L,72,ug/L,C,01/31/2021
PR0000370,001,51173,"Cyanide, free available",NA,C3,MAX,Concentration3,,,mg/L,72,ug/L,C,02/28/2021
PR0000370,001,51173,"Cyanide, free available",NA,C3,MAX,Concentration3,,,mg/L,72,ug/L,C,03/31/2021
PR0000370,001,51173,"Cyanide, free available",NA,C3,MAX,Concentration3,,,mg/L,72,ug/L,C,04/30/2021
PR0000370,001,51173,"Cyanide, free available",NA,C3,MAX,Concentration3,,,mg/L,72,ug/L,C,05/31/2021
PR0000370,001,51173,"Cyanide, free available",NA,C3,MAX,Concentration3,,,mg/L,72,ug/L,C,06/30/2021
PR0000370,001,51173,"Cyanide, free available",NA,C3,MAX,Concentration3,,,mg/L,72,ug/L,C,07/31/2021
PR0000370,001,51173,"Cyanide, free available",NA,C3,MAX,Concentration3,,,mg/L,72,ug/L,C,08/31/2021
PR0000370,001,51173,"Cyanide, free available",NA,C3,MAX,Concentration3,,,mg/L,72,ug/L,C,09/30/2021
PR0000370,001,51173,"Cyanide, free available",NA,C3,MAX,Concentration3,,,mg/L,72,ug/L,C,10/31/2021
PR0000370,001,51173,"Cyanide, free available",NA,C3,MAX,Concentration3,,,mg/L,72,ug/L,C,11/30/2021
PR0000370,001,51173,"Cyanide, free available",NA,C3,MAX,Concentration3,,,mg/L,72,ug/L,C,12/31/2021
PR0000370,001,51173,"Cyanide, free available",NA,C3,MAX,Concentration3,,,mg/L,72,ug/L,C,01/31/2022
PR0000370,001,51173,"Cyanide, free available",NA,C3,MAX,Concentration3,,,mg/L,72,ug/L,C,02/28/2022
PR0000370,001,51173,"Cyanide, free available",NA,C3,MAX,Concentration3,,,mg/L,72,ug/L,C,03/31/2022
PR0000370,001,51173,"Cyanide, free available",NA,C3,MAX,Concentration3,,,mg/L,72,ug/L,C,04/30/2022
PR0000370,001,51173,"Cyanide, free available",NA,C3,MAX,Concentration3,,,mg/L,72,ug/L,C,05/31/2022
PR0000370,001,51173,"Cyanide, free available",NA,C3,MAX,Concentration3,,,mg/L,72,ug/L,C,06/30/2022
PR0000370,001,51173,"Cyanide, free available",NA,C3,MAX,Concentration3,,,mg/L,72,ug/L,C,07/31/2022
PR0000370,001,51173,"Cyanide, free available",NA,C3,MAX,Concentration3,,,mg/L,72,ug/L,C,08/31/2022
PR0000370,001,51173,"Cyanide, free available",NA,C3,MAX,Concentration3,,,mg/L,72,ug/L,C,09/30/2022
PR0000370,001,51173,"Cyanide, free available",NA,C3,MAX,Concentration3,,,mg/L,72,ug/L,C,10/31/2022
PR0000370,001,51173,"Cyanide, free available",NA,C3,MAX,Concentration3,,,mg/L,72,ug/L,C,11/30/2022
PR0000370,001,51173,"Cyanide, free available",NA,C3,MAX,Concentration3,,,mg/L,72,ug/L,C,12/31/2022
PR0000370,001,51173,"Cyanide, free available",NA,C3,MAX,Concentration3,,,mg/L,72,ug/L,C,01/31/2023
PR0000370,001,51173,"Cyanide, free available",NA,C3,MAX,Concentration3,,,mg/L,72,ug/L,C,02/28/2023
PR0000370,001,51173,"Cyanide, free available",NA,C3,MAX,Concentration3,,,mg/L,72,ug/L,C,03/31/2023
PR0000370,001,51173,"Cyanide, free available",NA,C3,MAX,Concentration3,,,mg/L,72,ug/L,C,04/30/2023
PR0000370,001,51173,"Cyanide, free available",NA,C3,MAX,Concentration3,,,mg/L,72,ug/L,C,05/31/2023
PR0000370,001,51173,"Cyanide, free available",NA,C3,MAX,Concentration3,,,mg/L,72,ug/L,C,06/30/2023
PR0000370,001,51173,"Cyanide, free available",NA,C3,MAX,Concentration3,,,mg/L,72,ug/L,C,07/31/2023
PR0000370,001,51173,"Cyanide, free available",NA,C3,MAX,Concentration3,,,mg/L,72,ug/L,C,08/31/2023
PR0000370,001,51173,"Cyanide, free available",NA,C3,MAX,Concentration3,,,mg/L,72,ug/L,C,09/30/2023
PR0000370,001,51173,"Cyanide, free available",NA,C3,MAX,Concentration3,,,mg/L,72,ug/L,C,10/31/2023
PR0000370,001,51173,"Cyanide, free available",NA,C3,MAX,Concentration3,,,mg/L,72,ug/L,C,11/30/2023
PR0000370,001,51173,"Cyanide, free available",NA,C3,MAX,Concentration3,,,mg/L,72,ug/L,C,12/31/2023
PR0000370,001,51173,"Cyanide, free available",NA,C3,MAX,Concentration3,,,mg/L,72,ug/L,C,01/31/2024
PR0000370,001,51173,"Cyanide, free available",NA,C3,MAX,Concentration3,,,mg/L,72,ug/L,C,02/29/2024
PR0000370,001,51173,"Cyanide, free available",NA,C3,MAX,Concentration3,,,mg/L,72,ug/L,C,03/31/2024
PR0000370,001,51173,"Cyanide, free available",NA,C3,MAX,Concentration3,,,mg/L,72,ug/L,C,04/30/2024
PR0000370,001,51173,"Cyanide, free available",NA,C3,MAX,Concentration3,,,mg/L,72,ug/L,C,05/31/2024
PR0000370,001,51173,"Cyanide, free available",NA,C3,MAX,Concentration3,,,mg/L,72,ug/L,C,06/30/2024
PR0000370,001,51173,"Cyanide, free available",NA,C3,MAX,Concentration3,,,mg/L,72,ug/L,C,07/31/2024
PR0000370,001,51173,"Cyanide, free available",NA,C3,MAX,Concentration3,,,mg/L,72,ug/L,C,08/31/2024
PR0000370,001,51173,"Cyanide, free available",NA,C3,MAX,Concentration3,,,mg/L,72,ug/L,C,09/30/2024
PR0000370,001,51173,"Cyanide, free available",NA,C3,MAX,Concentration3,,,mg/L,72,ug/L,C,10/31/2024
PR0000370,001,51173,"Cyanide, free available",NA,C3,MAX,Concentration3,,,mg/L,72,ug/L,C,11/30/2024
PR0000370,001,51173,"Cyanide, free available",NA,C3,MAX,Concentration3,,,mg/L,72,ug/L,C,12/31/2024
PR0000370,001,51173,"Cyanide, free available",NA,C3,MAX,Concentration3,,,mg/L,72,ug/L,C,01/31/2025
PR0000370,001,51173,"Cyanide, free available",NA,C3,MAX,Concentration3,,,mg/L,72,ug/L,C,02/28/2025
PR0000370,001,51173,"Cyanide, free available",NA,C3,MAX,Concentration3,,,mg/L,72,ug/L,C,03/31/2025
PR0000370,001,51173,"Cyanide, free available",NA,C3,MAX,Concentration3,,,mg/L,72,ug/L,C,04/30/2025
PR0000370,001,51173,"Cyanide, free available",NA,C3,MAX,Concentration3,,,mg/L,72,ug/L,C,05/31/2025
PR0000370,001,51173,"Cyanide, free available",NA,C3,MAX,Concentration3,,,mg/L,72,ug/L,C,06/30/2025
PR0000370,001,51173,"Cyanide, free available",NA,C3,MAX,Concentration3,,,mg/L,72,ug/L,C,07/31/2025
PR0000370,001,51173,"Cyanide, free available",NA,C3,MAX,Concentration3,,,mg/L,72,ug/L,C,08/31/2025
PR0000370,001,51173,"Cyanide, free available",NA,C3,MAX,Concentration3,,,mg/L,72,ug/L,C,09/30/2025
PR0000370,001,51173,"Cyanide, free available",NA,C3,MAX,Concentration3,,,mg/L,72,ug/L,C,10/31/2025
PR0000370,001,51173,"Cyanide, free available",NA,C3,MAX,Concentration3,,,mg/L,72,ug/L,C,11/30/2025
PR0000370,001,51173,"Cyanide, free available",NA,C3,MAX,Concentration3,,,mg/L,72,ug/L,C,12/31/2025
PR0000370,001,51173,"Cyanide, free available",NA,C3,MAX,Concentration3,,,mg/L,72,ug/L,C,01/31/2026
PR0000370,001,51202,Sulfide-hydrogen sulfide [undissociated],NA,C3,MAX,Concentration3,,,mg/L,,ug/L,C,01/31/2020
PR0000370,001,51202,Sulfide-hydrogen sulfide [undissociated],NA,C3,MAX,Concentration3,,,mg/L,,ug/L,C,02/29/2020
PR0000370,001,51202,Sulfide-hydrogen sulfide [undissociated],NA,C3,MAX,Concentration3,,,mg/L,,ug/L,C,03/31/2020
PR0000370,001,51202,Sulfide-hydrogen sulfide [undissociated],NA,C3,MAX,Concentration3,,,mg/L,,ug/L,C,04/30/2020
PR0000370,001,51202,Sulfide-hydrogen sulfide [undissociated],NA,C3,MAX,Concentration3,,,mg/L,,ug/L,C,05/31/2020
PR0000370,001,51202,Sulfide-hydrogen sulfide [undissociated],NA,C3,MAX,Concentration3,,,mg/L,,ug/L,C,06/30/2020
PR0000370,001,51202,Sulfide-hydrogen sulfide [undissociated],NA,C3,MAX,Concentration3,,,mg/L,,ug/L,C,07/31/2020
PR0000370,001,51202,Sulfide-hydrogen sulfide [undissociated],NA,C3,MAX,Concentration3,,,mg/L,,ug/L,C,08/31/2020
PR0000370,001,51202,Sulfide-hydrogen sulfide [undissociated],NA,C3,MAX,Concentration3,,,mg/L,,ug/L,C,09/30/2020
PR0000370,001,51202,Sulfide-hydrogen sulfide [undissociated],NA,C3,MAX,Concentration3,,,mg/L,,ug/L,C,10/31/2020
PR0000370,001,51202,Sulfide-hydrogen sulfide [undissociated],NA,C3,MAX,Concentration3,,,mg/L,,ug/L,C,11/30/2020
PR0000370,001,51202,Sulfide-hydrogen sulfide [undissociated],NA,C3,MAX,Concentration3,,,mg/L,,ug/L,C,12/31/2020
PR0000370,001,51202,Sulfide-hydrogen sulfide [undissociated],NA,C3,MAX,Concentration3,,,mg/L,,ug/L,C,01/31/2021
PR0000370,001,51202,Sulfide-hydrogen sulfide [undissociated],NA,C3,MAX,Concentration3,,,mg/L,,ug/L,C,02/28/2021
PR0000370,001,51202,Sulfide-hydrogen sulfide [undissociated],NA,C3,MAX,Concentration3,,,mg/L,,ug/L,C,03/31/2021
PR0000370,001,51202,Sulfide-hydrogen sulfide [undissociated],NA,C3,MAX,Concentration3,,,mg/L,,ug/L,C,04/30/2021
PR0000370,001,51202,Sulfide-hydrogen sulfide [undissociated],NA,C3,MAX,Concentration3,,,mg/L,,ug/L,C,05/31/2021
PR0000370,001,51202,Sulfide-hydrogen sulfide [undissociated],NA,C3,MAX,Concentration3,,,mg/L,,ug/L,C,06/30/2021
PR0000370,001,51202,Sulfide-hydrogen sulfide [undissociated],NA,C3,MAX,Concentration3,,,mg/L,,ug/L,C,07/31/2021
PR0000370,001,51202,Sulfide-hydrogen sulfide [undissociated],NA,C3,MAX,Concentration3,,,mg/L,,ug/L,C,08/31/2021
PR0000370,001,51202,Sulfide-hydrogen sulfide [undissociated],NA,C3,MAX,Concentration3,,,mg/L,,ug/L,C,09/30/2021
PR0000370,001,51202,Sulfide-hydrogen sulfide [undissociated],NA,C3,MAX,Concentration3,,,mg/L,,ug/L,C,10/31/2021
PR0000370,001,51202,Sulfide-hydrogen sulfide [undissociated],NA,C3,MAX,Concentration3,,,mg/L,,ug/L,C,11/30/2021
PR0000370,001,51202,Sulfide-hydrogen sulfide [undissociated],NA,C3,MAX,Concentration3,,,mg/L,,ug/L,C,12/31/2021
PR0000370,001,51202,Sulfide-hydrogen sulfide [undissociated],NA,C3,MAX,Concentration3,,,mg/L,,ug/L,C,01/31/2022
PR0000370,001,51202,Sulfide-hydrogen sulfide [undissociated],NA,C3,MAX,Concentration3,,,mg/L,,ug/L,C,02/28/2022
PR0000370,001,51202,Sulfide-hydrogen sulfide [undissociated],NA,C3,MAX,Concentration3,,,mg/L,,ug/L,C,03/31/2022
PR0000370,001,51202,Sulfide-hydrogen sulfide [undissociated],NA,C3,MAX,Concentration3,,,mg/L,,ug/L,C,04/30/2022
PR0000370,001,51202,Sulfide-hydrogen sulfide [undissociated],NA,C3,MAX,Concentration3,,,mg/L,,ug/L,C,05/31/2022
PR0000370,001,51202,Sulfide-hydrogen sulfide [undissociated],NA,C3,MAX,Concentration3,,,mg/L,,ug/L,C,06/30/2022
PR0000370,001,51202,Sulfide-hydrogen sulfide [undissociated],NA,C3,MAX,Concentration3,,,mg/L,,ug/L,C,07/31/2022
PR0000370,001,51202,Sulfide-hydrogen sulfide [undissociated],NA,C3,MAX,Concentration3,,,mg/L,,ug/L,C,08/31/2022
PR0000370,001,51202,Sulfide-hydrogen sulfide [undissociated],NA,C3,MAX,Concentration3,,,mg/L,,ug/L,C,09/30/2022
PR0000370,001,51202,Sulfide-hydrogen sulfide [undissociated],NA,C3,MAX,Concentration3,,,mg/L,,ug/L,C,10/31/2022
PR0000370,001,51202,Sulfide-hydrogen sulfide [undissociated],NA,C3,MAX,Concentration3,,,mg/L,,ug/L,C,11/30/2022
PR0000370,001,51202,Sulfide-hydrogen sulfide [undissociated],NA,C3,MAX,Concentration3,,,mg/L,,ug/L,C,12/31/2022
PR0000370,001,51202,Sulfide-hydrogen sulfide [undissociated],NA,C3,MAX,Concentration3,,,mg/L,,ug/L,C,01/31/2023
PR0000370,001,51202,Sulfide-hydrogen sulfide [undissociated],NA,C3,MAX,Concentration3,,,mg/L,,ug/L,C,02/28/2023
PR0000370,001,51202,Sulfide-hydrogen sulfide [undissociated],NA,C3,MAX,Concentration3,,,mg/L,,ug/L,C,03/31/2023
PR0000370,001,51202,Sulfide-hydrogen sulfide [undissociated],NA,C3,MAX,Concentration3,,,mg/L,,ug/L,C,04/30/2023
PR0000370,001,51202,Sulfide-hydrogen sulfide [undissociated],NA,C3,MAX,Concentration3,,,mg/L,,ug/L,C,05/31/2023
PR0000370,001,51202,Sulfide-hydrogen sulfide [undissociated],NA,C3,MAX,Concentration3,,,mg/L,,ug/L,C,06/30/2023
PR0000370,001,51202,Sulfide-hydrogen sulfide [undissociated],NA,C3,MAX,Concentration3,,,mg/L,,ug/L,C,07/31/2023
PR0000370,001,51202,Sulfide-hydrogen sulfide [undissociated],NA,C3,MAX,Concentration3,,,mg/L,,ug/L,C,08/31/2023
PR0000370,001,51202,Sulfide-hydrogen sulfide [undissociated],NA,C3,MAX,Concentration3,,,mg/L,,ug/L,C,09/30/2023
PR0000370,001,51202,Sulfide-hydrogen sulfide [undissociated],NA,C3,MAX,Concentration3,,,mg/L,,ug/L,C,10/31/2023
PR0000370,001,51202,Sulfide-hydrogen sulfide [undissociated],NA,C3,MAX,Concentration3,,,mg/L,,ug/L,C,11/30/2023
PR0000370,001,51202,Sulfide-hydrogen sulfide [undissociated],NA,C3,MAX,Concentration3,,,mg/L,,ug/L,C,12/31/2023
PR0000370,001,51202,Sulfide-hydrogen sulfide [undissociated],NA,C3,MAX,Concentration3,,,mg/L,,ug/L,C,01/31/2024
PR0000370,001,51202,Sulfide-hydrogen sulfide [undissociated],NA,C3,MAX,Concentration3,,,mg/L,,ug/L,C,02/29/2024
PR0000370,001,51202,Sulfide-hydrogen sulfide [undissociated],NA,C3,MAX,Concentration3,,,mg/L,,ug/L,C,03/31/2024
PR0000370,001,51202,Sulfide-hydrogen sulfide [undissociated],NA,C3,MAX,Concentration3,,,mg/L,,ug/L,C,04/30/2024
PR0000370,001,51202,Sulfide-hydrogen sulfide [undissociated],NA,C3,MAX,Concentration3,,,mg/L,,ug/L,C,05/31/2024
PR0000370,001,51202,Sulfide-hydrogen sulfide [undissociated],NA,C3,MAX,Concentration3,,,mg/L,,ug/L,C,06/30/2024
PR0000370,001,51202,Sulfide-hydrogen sulfide [undissociated],NA,C3,MAX,Concentration3,,,mg/L,,ug/L,C,07/31/2024
PR0000370,001,51202,Sulfide-hydrogen sulfide [undissociated],NA,C3,MAX,Concentration3,,,mg/L,,ug/L,C,08/31/2024
PR0000370,001,51202,Sulfide-hydrogen sulfide [undissociated],NA,C3,MAX,Concentration3,,,mg/L,,ug/L,C,09/30/2024
PR0000370,001,51202,Sulfide-hydrogen sulfide [undissociated],NA,C3,MAX,Concentration3,,,mg/L,,ug/L,C,10/31/2024
PR0000370,001,51202,Sulfide-hydrogen sulfide [undissociated],NA,C3,MAX,Concentration3,,,mg/L,,ug/L,C,11/30/2024
PR0000370,001,51202,Sulfide-hydrogen sulfide [undissociated],NA,C3,MAX,Concentration3,,,mg/L,,ug/L,C,12/31/2024
PR0000370,001,51202,Sulfide-hydrogen sulfide [undissociated],NA,C3,MAX,Concentration3,,,mg/L,,ug/L,C,01/31/2025
PR0000370,001,51202,Sulfide-hydrogen sulfide [undissociated],NA,C3,MAX,Concentration3,,,mg/L,,ug/L,C,02/28/2025
PR0000370,001,51202,Sulfide-hydrogen sulfide [undissociated],NA,C3,MAX,Concentration3,,,mg/L,,ug/L,C,03/31/2025
PR0000370,001,51202,Sulfide-hydrogen sulfide [undissociated],NA,C3,MAX,Concentration3,,,mg/L,,ug/L,C,04/30/2025
PR0000370,001,51202,Sulfide-hydrogen sulfide [undissociated],NA,C3,MAX,Concentration3,,,mg/L,,ug/L,C,05/31/2025
PR0000370,001,51202,Sulfide-hydrogen sulfide [undissociated],NA,C3,MAX,Concentration3,,,mg/L,,ug/L,C,06/30/2025
PR0000370,001,51202,Sulfide-hydrogen sulfide [undissociated],NA,C3,MAX,Concentration3,,,mg/L,,ug/L,C,07/31/2025
PR0000370,001,51202,Sulfide-hydrogen sulfide [undissociated],NA,C3,MAX,Concentration3,,,mg/L,,ug/L,C,08/31/2025
PR0000370,001,51202,Sulfide-hydrogen sulfide [undissociated],NA,C3,MAX,Concentration3,,,mg/L,,ug/L,C,09/30/2025
PR0000370,001,51202,Sulfide-hydrogen sulfide [undissociated],NA,C3,MAX,Concentration3,,,mg/L,,ug/L,C,10/31/2025
PR0000370,001,51202,Sulfide-hydrogen sulfide [undissociated],NA,C3,MAX,Concentration3,,,mg/L,,ug/L,C,11/30/2025
PR0000370,001,51202,Sulfide-hydrogen sulfide [undissociated],NA,C3,MAX,Concentration3,,,mg/L,,ug/L,C,12/31/2025
PR0000370,001,51202,Sulfide-hydrogen sulfide [undissociated],NA,C3,MAX,Concentration3,,,mg/L,,ug/L,C,01/31/2026
PR0000370,001,61211,Enterococci,NA,C3,MAX,Concentration3,,,MPN/100mL,,#/100mL,C,01/31/2020
PR0000370,001,61211,Enterococci,NA,C3,MAX,Concentration3,,,MPN/100mL,,#/100mL,C,02/29/2020
PR0000370,001,61211,Enterococci,NA,C3,MAX,Concentration3,,,MPN/100mL,,#/100mL,C,03/31/2020
PR0000370,001,61211,Enterococci,NA,C3,MAX,Concentration3,,,MPN/100mL,,#/100mL,C,04/30/2020
PR0000370,001,61211,Enterococci,NA,C3,MAX,Concentration3,,,MPN/100mL,,#/100mL,C,05/31/2020
PR0000370,001,61211,Enterococci,NA,C3,MAX,Concentration3,,,MPN/100mL,,#/100mL,C,06/30/2020
PR0000370,001,61211,Enterococci,NA,C3,MAX,Concentration3,,,MPN/100mL,,#/100mL,C,07/31/2020
PR0000370,001,61211,Enterococci,NA,C3,MAX,Concentration3,,,MPN/100mL,,#/100mL,C,08/31/2020
PR0000370,001,61211,Enterococci,NA,C3,MAX,Concentration3,,,MPN/100mL,,#/100mL,C,09/30/2020
PR0000370,001,61211,Enterococci,NA,C3,MAX,Concentration3,,,MPN/100mL,,#/100mL,C,10/31/2020
PR0000370,001,61211,Enterococci,NA,C3,MAX,Concentration3,,,MPN/100mL,,#/100mL,C,11/30/2020
PR0000370,001,61211,Enterococci,NA,C3,MAX,Concentration3,,,MPN/100mL,,#/100mL,C,12/31/2020
PR0000370,001,61211,Enterococci,NA,C3,MAX,Concentration3,,,MPN/100mL,,#/100mL,C,01/31/2021
PR0000370,001,61211,Enterococci,NA,C3,MAX,Concentration3,,,MPN/100mL,,#/100mL,C,02/28/2021
PR0000370,001,61211,Enterococci,NA,C3,MAX,Concentration3,,,MPN/100mL,,#/100mL,C,03/31/2021
PR0000370,001,61211,Enterococci,NA,C3,MAX,Concentration3,,,MPN/100mL,,#/100mL,C,04/30/2021
PR0000370,001,61211,Enterococci,NA,C3,MAX,Concentration3,,,MPN/100mL,,#/100mL,C,05/31/2021
PR0000370,001,61211,Enterococci,NA,C3,MAX,Concentration3,,,MPN/100mL,,#/100mL,C,06/30/2021
PR0000370,001,61211,Enterococci,NA,C3,MAX,Concentration3,,,MPN/100mL,,#/100mL,C,07/31/2021
PR0000370,001,61211,Enterococci,NA,C3,MAX,Concentration3,,,MPN/100mL,,#/100mL,C,08/31/2021
PR0000370,001,61211,Enterococci,NA,C3,MAX,Concentration3,,,MPN/100mL,,#/100mL,C,09/30/2021
PR0000370,001,61211,Enterococci,NA,C3,MAX,Concentration3,,,MPN/100mL,,#/100mL,C,10/31/2021
PR0000370,001,61211,Enterococci,NA,C3,MAX,Concentration3,,,MPN/100mL,,#/100mL,C,11/30/2021
PR0000370,001,61211,Enterococci,NA,C3,MAX,Concentration3,,,MPN/100mL,,#/100mL,C,12/31/2021
PR0000370,001,61211,Enterococci,NA,C3,MAX,Concentration3,,,MPN/100mL,,#/100mL,C,01/31/2022
PR0000370,001,61211,Enterococci,NA,C3,MAX,Concentration3,,,MPN/100mL,,#/100mL,C,02/28/2022
PR0000370,001,61211,Enterococci,NA,C3,MAX,Concentration3,,,MPN/100mL,,#/100mL,C,03/31/2022
PR0000370,001,61211,Enterococci,NA,C3,MAX,Concentration3,,,MPN/100mL,,#/100mL,C,04/30/2022
PR0000370,001,61211,Enterococci,NA,C3,MAX,Concentration3,,,MPN/100mL,,#/100mL,C,05/31/2022
PR0000370,001,61211,Enterococci,NA,C3,MAX,Concentration3,,,MPN/100mL,,#/100mL,C,06/30/2022
PR0000370,001,61211,Enterococci,NA,C3,MAX,Concentration3,,,MPN/100mL,,#/100mL,C,07/31/2022
PR0000370,001,61211,Enterococci,NA,C3,MAX,Concentration3,,,MPN/100mL,,#/100mL,C,08/31/2022
PR0000370,001,61211,Enterococci,NA,C3,MAX,Concentration3,,,MPN/100mL,,#/100mL,C,09/30/2022
PR0000370,001,61211,Enterococci,NA,C3,MAX,Concentration3,,,MPN/100mL,,#/100mL,C,10/31/2022
PR0000370,001,61211,Enterococci,NA,C3,MAX,Concentration3,,,MPN/100mL,,#/100mL,C,11/30/2022
PR0000370,001,61211,Enterococci,NA,C3,MAX,Concentration3,,,MPN/100mL,,#/100mL,C,12/31/2022
PR0000370,001,61211,Enterococci,NA,C3,MAX,Concentration3,,,MPN/100mL,,#/100mL,C,01/31/2023
PR0000370,001,61211,Enterococci,NA,C3,MAX,Concentration3,,,MPN/100mL,,#/100mL,C,02/28/2023
PR0000370,001,61211,Enterococci,NA,C3,MAX,Concentration3,,,MPN/100mL,,#/100mL,C,03/31/2023
PR0000370,001,61211,Enterococci,NA,C3,MAX,Concentration3,,,MPN/100mL,,#/100mL,C,04/30/2023
PR0000370,001,61211,Enterococci,NA,C3,MAX,Concentration3,,,MPN/100mL,,#/100mL,C,05/31/2023
PR0000370,001,61211,Enterococci,NA,C3,MAX,Concentration3,,,MPN/100mL,,#/100mL,C,06/30/2023
PR0000370,001,61211,Enterococci,NA,C3,MAX,Concentration3,,,MPN/100mL,,#/100mL,C,07/31/2023
PR0000370,001,61211,Enterococci,NA,C3,MAX,Concentration3,,,MPN/100mL,,#/100mL,C,08/31/2023
PR0000370,001,61211,Enterococci,NA,C3,MAX,Concentration3,,,MPN/100mL,,#/100mL,C,09/30/2023
PR0000370,001,61211,Enterococci,NA,C3,MAX,Concentration3,,,MPN/100mL,,#/100mL,C,10/31/2023
PR0000370,001,61211,Enterococci,NA,C3,MAX,Concentration3,,,MPN/100mL,,#/100mL,C,11/30/2023
PR0000370,001,61211,Enterococci,NA,C3,MAX,Concentration3,,,MPN/100mL,,#/100mL,C,12/31/2023
PR0000370,001,61211,Enterococci,NA,C3,MAX,Concentration3,,,MPN/100mL,,#/100mL,C,01/31/2024
PR0000370,001,61211,Enterococci,NA,C3,MAX,Concentration3,,,MPN/100mL,,#/100mL,C,02/29/2024
PR0000370,001,61211,Enterococci,NA,C3,MAX,Concentration3,,,MPN/100mL,,#/100mL,C,03/31/2024
PR0000370,001,61211,Enterococci,NA,C3,MAX,Concentration3,,,MPN/100mL,,#/100mL,C,04/30/2024
PR0000370,001,61211,Enterococci,NA,C3,MAX,Concentration3,,,MPN/100mL,,#/100mL,C,05/31/2024
PR0000370,001,61211,Enterococci,NA,C3,MAX,Concentration3,,,MPN/100mL,,#/100mL,C,06/30/2024
PR0000370,001,61211,Enterococci,NA,C3,MAX,Concentration3,,,MPN/100mL,,#/100mL,C,07/31/2024
PR0000370,001,61211,Enterococci,NA,C3,MAX,Concentration3,,,MPN/100mL,,#/100mL,C,08/31/2024
PR0000370,001,61211,Enterococci,NA,C3,MAX,Concentration3,,,MPN/100mL,,#/100mL,C,09/30/2024
PR0000370,001,61211,Enterococci,NA,C3,MAX,Concentration3,,,MPN/100mL,,#/100mL,C,10/31/2024
PR0000370,001,61211,Enterococci,NA,C3,MAX,Concentration3,,,MPN/100mL,,#/100mL,C,11/30/2024
PR0000370,001,61211,Enterococci,NA,C3,MAX,Concentration3,,,MPN/100mL,,#/100mL,C,12/31/2024
PR0000370,001,61211,Enterococci,NA,C3,MAX,Concentration3,,,MPN/100mL,,#/100mL,C,01/31/2025
PR0000370,001,61211,Enterococci,NA,C3,MAX,Concentration3,,,MPN/100mL,,#/100mL,C,02/28/2025
PR0000370,001,61211,Enterococci,NA,C3,MAX,Concentration3,,,MPN/100mL,,#/100mL,C,03/31/2025
PR0000370,001,61211,Enterococci,NA,C3,MAX,Concentration3,,,MPN/100mL,,#/100mL,C,04/30/2025
PR0000370,001,61211,Enterococci,NA,C3,MAX,Concentration3,,,MPN/100mL,,#/100mL,C,05/31/2025
PR0000370,001,61211,Enterococci,NA,C3,MAX,Concentration3,,,MPN/100mL,,#/100mL,C,06/30/2025
PR0000370,001,61211,Enterococci,NA,C3,MAX,Concentration3,,,MPN/100mL,,#/100mL,C,07/31/2025
PR0000370,001,61211,Enterococci,NA,C3,MAX,Concentration3,,,MPN/100mL,,#/100mL,C,08/31/2025
PR0000370,001,61211,Enterococci,NA,C3,MAX,Concentration3,,,MPN/100mL,,#/100mL,C,09/30/2025
PR0000370,001,61211,Enterococci,NA,C3,MAX,Concentration3,,,MPN/100mL,,#/100mL,C,10/31/2025
PR0000370,001,61211,Enterococci,NA,C3,MAX,Concentration3,,,MPN/100mL,,#/100mL,C,11/30/2025
PR0000370,001,61211,Enterococci,NA,C3,MAX,Concentration3,,,MPN/100mL,,#/100mL,C,12/31/2025
PR0000370,001,61211,Enterococci,NA,C3,MAX,Concentration3,,,MPN/100mL,,#/100mL,C,01/31/2026
PR0000370,001,71900,"Mercury, total [as Hg]",NA,C3,MAX,Concentration3,,,mg/L,.051,ug/L,C,01/31/2020
PR0000370,001,71900,"Mercury, total [as Hg]",NA,C3,MAX,Concentration3,,,mg/L,.051,ug/L,C,02/29/2020
PR0000370,001,71900,"Mercury, total [as Hg]",NA,C3,MAX,Concentration3,,,mg/L,.051,ug/L,C,03/31/2020
PR0000370,001,71900,"Mercury, total [as Hg]",NA,C3,MAX,Concentration3,,,mg/L,.051,ug/L,C,04/30/2020
PR0000370,001,71900,"Mercury, total [as Hg]",NA,C3,MAX,Concentration3,,,mg/L,.051,ug/L,C,05/31/2020
PR0000370,001,71900,"Mercury, total [as Hg]",NA,C3,MAX,Concentration3,,,mg/L,.051,ug/L,C,06/30/2020
PR0000370,001,71900,"Mercury, total [as Hg]",NA,C3,MAX,Concentration3,,,mg/L,.051,ug/L,C,07/31/2020
PR0000370,001,71900,"Mercury, total [as Hg]",NA,C3,MAX,Concentration3,,,mg/L,.051,ug/L,C,08/31/2020
PR0000370,001,71900,"Mercury, total [as Hg]",NA,C3,MAX,Concentration3,,,mg/L,.051,ug/L,C,09/30/2020
PR0000370,001,71900,"Mercury, total [as Hg]",NA,C3,MAX,Concentration3,,,mg/L,.051,ug/L,C,10/31/2020
PR0000370,001,71900,"Mercury, total [as Hg]",NA,C3,MAX,Concentration3,,,mg/L,.051,ug/L,C,11/30/2020
PR0000370,001,71900,"Mercury, total [as Hg]",NA,C3,MAX,Concentration3,,,mg/L,.051,ug/L,C,12/31/2020
PR0000370,001,71900,"Mercury, total [as Hg]",NA,C3,MAX,Concentration3,,,mg/L,.051,ug/L,C,01/31/2021
PR0000370,001,71900,"Mercury, total [as Hg]",NA,C3,MAX,Concentration3,,,mg/L,.051,ug/L,C,02/28/2021
PR0000370,001,71900,"Mercury, total [as Hg]",NA,C3,MAX,Concentration3,,,mg/L,.051,ug/L,C,03/31/2021
PR0000370,001,71900,"Mercury, total [as Hg]",NA,C3,MAX,Concentration3,,,mg/L,.051,ug/L,C,04/30/2021
PR0000370,001,71900,"Mercury, total [as Hg]",NA,C3,MAX,Concentration3,,,mg/L,.051,ug/L,C,05/31/2021
PR0000370,001,71900,"Mercury, total [as Hg]",NA,C3,MAX,Concentration3,,,mg/L,.051,ug/L,C,06/30/2021
PR0000370,001,71900,"Mercury, total [as Hg]",NA,C3,MAX,Concentration3,,,mg/L,.051,ug/L,C,07/31/2021
PR0000370,001,71900,"Mercury, total [as Hg]",NA,C3,MAX,Concentration3,,,mg/L,.051,ug/L,C,08/31/2021
PR0000370,001,71900,"Mercury, total [as Hg]",NA,C3,MAX,Concentration3,,,mg/L,.051,ug/L,C,09/30/2021
PR0000370,001,71900,"Mercury, total [as Hg]",NA,C3,MAX,Concentration3,,,mg/L,.051,ug/L,C,10/31/2021
PR0000370,001,71900,"Mercury, total [as Hg]",NA,C3,MAX,Concentration3,,,mg/L,.051,ug/L,C,11/30/2021
PR0000370,001,71900,"Mercury, total [as Hg]",NA,C3,MAX,Concentration3,,,mg/L,.051,ug/L,C,12/31/2021
PR0000370,001,71900,"Mercury, total [as Hg]",NA,C3,MAX,Concentration3,,,mg/L,.051,ug/L,C,01/31/2022
PR0000370,001,71900,"Mercury, total [as Hg]",NA,C3,MAX,Concentration3,,,mg/L,.051,ug/L,C,02/28/2022
PR0000370,001,71900,"Mercury, total [as Hg]",NA,C3,MAX,Concentration3,,,mg/L,.051,ug/L,C,03/31/2022
PR0000370,001,71900,"Mercury, total [as Hg]",NA,C3,MAX,Concentration3,,,mg/L,.051,ug/L,C,04/30/2022
PR0000370,001,71900,"Mercury, total [as Hg]",NA,C3,MAX,Concentration3,,,mg/L,.051,ug/L,C,05/31/2022
PR0000370,001,71900,"Mercury, total [as Hg]",NA,C3,MAX,Concentration3,,,mg/L,.051,ug/L,C,06/30/2022
PR0000370,001,71900,"Mercury, total [as Hg]",NA,C3,MAX,Concentration3,,,mg/L,.051,ug/L,C,07/31/2022
PR0000370,001,71900,"Mercury, total [as Hg]",NA,C3,MAX,Concentration3,,,mg/L,.051,ug/L,C,08/31/2022
PR0000370,001,71900,"Mercury, total [as Hg]",NA,C3,MAX,Concentration3,,,mg/L,.051,ug/L,C,09/30/2022
PR0000370,001,71900,"Mercury, total [as Hg]",NA,C3,MAX,Concentration3,,,mg/L,.051,ug/L,C,10/31/2022
PR0000370,001,71900,"Mercury, total [as Hg]",NA,C3,MAX,Concentration3,,,mg/L,.051,ug/L,C,11/30/2022
PR0000370,001,71900,"Mercury, total [as Hg]",NA,C3,MAX,Concentration3,,,mg/L,.051,ug/L,C,12/31/2022
PR0000370,001,71900,"Mercury, total [as Hg]",NA,C3,MAX,Concentration3,,,mg/L,.051,ug/L,C,01/31/2023
PR0000370,001,71900,"Mercury, total [as Hg]",NA,C3,MAX,Concentration3,,,mg/L,.051,ug/L,C,02/28/2023
PR0000370,001,71900,"Mercury, total [as Hg]",NA,C3,MAX,Concentration3,,,mg/L,.051,ug/L,C,03/31/2023
PR0000370,001,71900,"Mercury, total [as Hg]",NA,C3,MAX,Concentration3,,,mg/L,.051,ug/L,C,04/30/2023
PR0000370,001,71900,"Mercury, total [as Hg]",NA,C3,MAX,Concentration3,,,mg/L,.051,ug/L,C,05/31/2023
PR0000370,001,71900,"Mercury, total [as Hg]",NA,C3,MAX,Concentration3,,,mg/L,.051,ug/L,C,06/30/2023
PR0000370,001,71900,"Mercury, total [as Hg]",NA,C3,MAX,Concentration3,,,mg/L,.051,ug/L,C,07/31/2023
PR0000370,001,71900,"Mercury, total [as Hg]",NA,C3,MAX,Concentration3,,,mg/L,.051,ug/L,C,08/31/2023
PR0000370,001,71900,"Mercury, total [as Hg]",NA,C3,MAX,Concentration3,,,mg/L,.051,ug/L,C,09/30/2023
PR0000370,001,71900,"Mercury, total [as Hg]",NA,C3,MAX,Concentration3,,,mg/L,.051,ug/L,C,10/31/2023
PR0000370,001,71900,"Mercury, total [as Hg]",NA,C3,MAX,Concentration3,,,mg/L,.051,ug/L,C,11/30/2023
PR0000370,001,71900,"Mercury, total [as Hg]",NA,C3,MAX,Concentration3,,,mg/L,.051,ug/L,C,12/31/2023
PR0000370,001,71900,"Mercury, total [as Hg]",NA,C3,MAX,Concentration3,,,mg/L,.051,ug/L,C,01/31/2024
PR0000370,001,71900,"Mercury, total [as Hg]",NA,C3,MAX,Concentration3,,,mg/L,.051,ug/L,C,02/29/2024
PR0000370,001,71900,"Mercury, total [as Hg]",NA,C3,MAX,Concentration3,,,mg/L,.051,ug/L,C,03/31/2024
PR0000370,001,71900,"Mercury, total [as Hg]",NA,C3,MAX,Concentration3,,,mg/L,.051,ug/L,C,04/30/2024
PR0000370,001,71900,"Mercury, total [as Hg]",NA,C3,MAX,Concentration3,,,mg/L,.051,ug/L,C,05/31/2024
PR0000370,001,71900,"Mercury, total [as Hg]",NA,C3,MAX,Concentration3,,,mg/L,.051,ug/L,C,06/30/2024
PR0000370,001,71900,"Mercury, total [as Hg]",NA,C3,MAX,Concentration3,,,mg/L,.051,ug/L,C,07/31/2024
PR0000370,001,71900,"Mercury, total [as Hg]",NA,C3,MAX,Concentration3,,,mg/L,.051,ug/L,C,08/31/2024
PR0000370,001,71900,"Mercury, total [as Hg]",NA,C3,MAX,Concentration3,,,mg/L,.051,ug/L,C,09/30/2024
PR0000370,001,71900,"Mercury, total [as Hg]",NA,C3,MAX,Concentration3,,,mg/L,.051,ug/L,C,10/31/2024
PR0000370,001,71900,"Mercury, total [as Hg]",NA,C3,MAX,Concentration3,,,mg/L,.051,ug/L,C,11/30/2024
PR0000370,001,71900,"Mercury, total [as Hg]",NA,C3,MAX,Concentration3,,,mg/L,.051,ug/L,C,12/31/2024
PR0000370,001,71900,"Mercury, total [as Hg]",NA,C3,MAX,Concentration3,,,mg/L,.051,ug/L,C,01/31/2025
PR0000370,001,71900,"Mercury, total [as Hg]",NA,C3,MAX,Concentration3,,,mg/L,.051,ug/L,C,02/28/2025
PR0000370,001,71900,"Mercury, total [as Hg]",NA,C3,MAX,Concentration3,,,mg/L,.051,ug/L,C,03/31/2025
PR0000370,001,71900,"Mercury, total [as Hg]",NA,C3,MAX,Concentration3,,,mg/L,.051,ug/L,C,04/30/2025
PR0000370,001,71900,"Mercury, total [as Hg]",NA,C3,MAX,Concentration3,,,mg/L,.051,ug/L,C,05/31/2025
PR0000370,001,71900,"Mercury, total [as Hg]",NA,C3,MAX,Concentration3,,,mg/L,.051,ug/L,C,06/30/2025
PR0000370,001,71900,"Mercury, total [as Hg]",NA,C3,MAX,Concentration3,,,mg/L,.051,ug/L,C,07/31/2025
PR0000370,001,71900,"Mercury, total [as Hg]",NA,C3,MAX,Concentration3,,,mg/L,.051,ug/L,C,08/31/2025
PR0000370,001,71900,"Mercury, total [as Hg]",NA,C3,MAX,Concentration3,,,mg/L,.051,ug/L,C,09/30/2025
PR0000370,001,71900,"Mercury, total [as Hg]",NA,C3,MAX,Concentration3,,,mg/L,.051,ug/L,C,10/31/2025
PR0000370,001,71900,"Mercury, total [as Hg]",NA,C3,MAX,Concentration3,,,mg/L,.051,ug/L,C,11/30/2025
PR0000370,001,71900,"Mercury, total [as Hg]",NA,C3,MAX,Concentration3,,,mg/L,.051,ug/L,C,12/31/2025
PR0000370,001,71900,"Mercury, total [as Hg]",NA,C3,MAX,Concentration3,,,mg/L,.051,ug/L,C,01/31/2026
PR0000370,001,74055,"Coliform, fecal general",NA,C3,AVG,Concentration3,,,MPN/100mL,400,#/100mL,C,01/31/2020
PR0000370,001,74055,"Coliform, fecal general",NA,C2,AVG,Concentration2,,,MPN/100mL,200,#/100mL,C,01/31/2020
PR0000370,001,74055,"Coliform, fecal general",NA,C2,AVG,Concentration2,,,MPN/100mL,200,#/100mL,C,02/29/2020
PR0000370,001,74055,"Coliform, fecal general",NA,C3,AVG,Concentration3,,,MPN/100mL,400,#/100mL,C,02/29/2020
PR0000370,001,74055,"Coliform, fecal general",NA,C3,AVG,Concentration3,,,MPN/100mL,400,#/100mL,C,03/31/2020
PR0000370,001,74055,"Coliform, fecal general",NA,C2,AVG,Concentration2,,,MPN/100mL,200,#/100mL,C,03/31/2020
PR0000370,001,74055,"Coliform, fecal general",NA,C2,AVG,Concentration2,,,MPN/100mL,200,#/100mL,C,04/30/2020
PR0000370,001,74055,"Coliform, fecal general",NA,C3,AVG,Concentration3,,,MPN/100mL,400,#/100mL,C,04/30/2020
PR0000370,001,74055,"Coliform, fecal general",NA,C3,AVG,Concentration3,,,MPN/100mL,400,#/100mL,C,05/31/2020
PR0000370,001,74055,"Coliform, fecal general",NA,C2,AVG,Concentration2,,,MPN/100mL,200,#/100mL,C,05/31/2020
PR0000370,001,74055,"Coliform, fecal general",NA,C2,AVG,Concentration2,,,MPN/100mL,200,#/100mL,C,06/30/2020
PR0000370,001,74055,"Coliform, fecal general",NA,C3,AVG,Concentration3,,,MPN/100mL,400,#/100mL,C,06/30/2020
PR0000370,001,74055,"Coliform, fecal general",NA,C2,AVG,Concentration2,,,MPN/100mL,200,#/100mL,C,07/31/2020
PR0000370,001,74055,"Coliform, fecal general",NA,C3,AVG,Concentration3,,,MPN/100mL,400,#/100mL,C,07/31/2020
PR0000370,001,74055,"Coliform, fecal general",NA,C2,AVG,Concentration2,,,MPN/100mL,200,#/100mL,C,08/31/2020
PR0000370,001,74055,"Coliform, fecal general",NA,C3,AVG,Concentration3,,,MPN/100mL,400,#/100mL,C,08/31/2020
PR0000370,001,74055,"Coliform, fecal general",NA,C3,AVG,Concentration3,,,MPN/100mL,400,#/100mL,C,09/30/2020
PR0000370,001,74055,"Coliform, fecal general",NA,C2,AVG,Concentration2,,,MPN/100mL,200,#/100mL,C,09/30/2020
PR0000370,001,74055,"Coliform, fecal general",NA,C3,AVG,Concentration3,,,MPN/100mL,400,#/100mL,C,10/31/2020
PR0000370,001,74055,"Coliform, fecal general",NA,C2,AVG,Concentration2,,,MPN/100mL,200,#/100mL,C,10/31/2020
PR0000370,001,74055,"Coliform, fecal general",NA,C3,AVG,Concentration3,,,MPN/100mL,400,#/100mL,C,11/30/2020
PR0000370,001,74055,"Coliform, fecal general",NA,C2,AVG,Concentration2,,,MPN/100mL,200,#/100mL,C,11/30/2020
PR0000370,001,74055,"Coliform, fecal general",NA,C2,AVG,Concentration2,,,MPN/100mL,200,#/100mL,C,12/31/2020
PR0000370,001,74055,"Coliform, fecal general",NA,C3,AVG,Concentration3,,,MPN/100mL,400,#/100mL,C,12/31/2020
PR0000370,001,74055,"Coliform, fecal general",NA,C3,AVG,Concentration3,,,MPN/100mL,400,#/100mL,C,01/31/2021
PR0000370,001,74055,"Coliform, fecal general",NA,C2,AVG,Concentration2,,,MPN/100mL,200,#/100mL,C,01/31/2021
PR0000370,001,74055,"Coliform, fecal general",NA,C2,AVG,Concentration2,,,MPN/100mL,200,#/100mL,C,02/28/2021
PR0000370,001,74055,"Coliform, fecal general",NA,C3,AVG,Concentration3,,,MPN/100mL,400,#/100mL,C,02/28/2021
PR0000370,001,74055,"Coliform, fecal general",NA,C3,AVG,Concentration3,,,MPN/100mL,400,#/100mL,C,03/31/2021
PR0000370,001,74055,"Coliform, fecal general",NA,C2,AVG,Concentration2,,,MPN/100mL,200,#/100mL,C,03/31/2021
PR0000370,001,74055,"Coliform, fecal general",NA,C2,AVG,Concentration2,,,MPN/100mL,200,#/100mL,C,04/30/2021
PR0000370,001,74055,"Coliform, fecal general",NA,C3,AVG,Concentration3,,,MPN/100mL,400,#/100mL,C,04/30/2021
PR0000370,001,74055,"Coliform, fecal general",NA,C2,AVG,Concentration2,,,MPN/100mL,200,#/100mL,C,05/31/2021
PR0000370,001,74055,"Coliform, fecal general",NA,C3,AVG,Concentration3,,,MPN/100mL,400,#/100mL,C,05/31/2021
PR0000370,001,74055,"Coliform, fecal general",NA,C3,AVG,Concentration3,,,MPN/100mL,400,#/100mL,C,06/30/2021
PR0000370,001,74055,"Coliform, fecal general",NA,C2,AVG,Concentration2,,,MPN/100mL,200,#/100mL,C,06/30/2021
PR0000370,001,74055,"Coliform, fecal general",NA,C2,AVG,Concentration2,,,MPN/100mL,200,#/100mL,C,07/31/2021
PR0000370,001,74055,"Coliform, fecal general",NA,C3,AVG,Concentration3,,,MPN/100mL,400,#/100mL,C,07/31/2021
PR0000370,001,74055,"Coliform, fecal general",NA,C2,AVG,Concentration2,,,MPN/100mL,200,#/100mL,C,08/31/2021
PR0000370,001,74055,"Coliform, fecal general",NA,C3,AVG,Concentration3,,,MPN/100mL,400,#/100mL,C,08/31/2021
PR0000370,001,74055,"Coliform, fecal general",NA,C2,AVG,Concentration2,,,MPN/100mL,200,#/100mL,C,09/30/2021
PR0000370,001,74055,"Coliform, fecal general",NA,C3,AVG,Concentration3,,,MPN/100mL,400,#/100mL,C,09/30/2021
PR0000370,001,74055,"Coliform, fecal general",NA,C3,AVG,Concentration3,,,MPN/100mL,400,#/100mL,C,10/31/2021
PR0000370,001,74055,"Coliform, fecal general",NA,C2,AVG,Concentration2,,,MPN/100mL,200,#/100mL,C,10/31/2021
PR0000370,001,74055,"Coliform, fecal general",NA,C3,AVG,Concentration3,,,MPN/100mL,400,#/100mL,C,11/30/2021
PR0000370,001,74055,"Coliform, fecal general",NA,C2,AVG,Concentration2,,,MPN/100mL,200,#/100mL,C,11/30/2021
PR0000370,001,74055,"Coliform, fecal general",NA,C2,AVG,Concentration2,,,MPN/100mL,200,#/100mL,C,12/31/2021
PR0000370,001,74055,"Coliform, fecal general",NA,C3,AVG,Concentration3,,,MPN/100mL,400,#/100mL,C,12/31/2021
PR0000370,001,74055,"Coliform, fecal general",NA,C2,AVG,Concentration2,,,MPN/100mL,200,#/100mL,C,01/31/2022
PR0000370,001,74055,"Coliform, fecal general",NA,C3,AVG,Concentration3,,,MPN/100mL,400,#/100mL,C,01/31/2022
PR0000370,001,74055,"Coliform, fecal general",NA,C3,AVG,Concentration3,,,MPN/100mL,400,#/100mL,C,02/28/2022
PR0000370,001,74055,"Coliform, fecal general",NA,C2,AVG,Concentration2,,,MPN/100mL,200,#/100mL,C,02/28/2022
PR0000370,001,74055,"Coliform, fecal general",NA,C3,AVG,Concentration3,,,MPN/100mL,400,#/100mL,C,03/31/2022
PR0000370,001,74055,"Coliform, fecal general",NA,C2,AVG,Concentration2,,,MPN/100mL,200,#/100mL,C,03/31/2022
PR0000370,001,74055,"Coliform, fecal general",NA,C2,AVG,Concentration2,,,MPN/100mL,200,#/100mL,C,04/30/2022
PR0000370,001,74055,"Coliform, fecal general",NA,C3,AVG,Concentration3,,,MPN/100mL,400,#/100mL,C,04/30/2022
PR0000370,001,74055,"Coliform, fecal general",NA,C3,AVG,Concentration3,,,MPN/100mL,400,#/100mL,C,05/31/2022
PR0000370,001,74055,"Coliform, fecal general",NA,C2,AVG,Concentration2,,,MPN/100mL,200,#/100mL,C,05/31/2022
PR0000370,001,74055,"Coliform, fecal general",NA,C2,AVG,Concentration2,,,MPN/100mL,200,#/100mL,C,06/30/2022
PR0000370,001,74055,"Coliform, fecal general",NA,C3,AVG,Concentration3,,,MPN/100mL,400,#/100mL,C,06/30/2022
PR0000370,001,74055,"Coliform, fecal general",NA,C3,AVG,Concentration3,,,MPN/100mL,400,#/100mL,C,07/31/2022
PR0000370,001,74055,"Coliform, fecal general",NA,C2,AVG,Concentration2,,,MPN/100mL,200,#/100mL,C,07/31/2022
PR0000370,001,74055,"Coliform, fecal general",NA,C2,AVG,Concentration2,,,MPN/100mL,200,#/100mL,C,08/31/2022
PR0000370,001,74055,"Coliform, fecal general",NA,C3,AVG,Concentration3,,,MPN/100mL,400,#/100mL,C,08/31/2022
PR0000370,001,74055,"Coliform, fecal general",NA,C3,AVG,Concentration3,,,MPN/100mL,400,#/100mL,C,09/30/2022
PR0000370,001,74055,"Coliform, fecal general",NA,C2,AVG,Concentration2,,,MPN/100mL,200,#/100mL,C,09/30/2022
PR0000370,001,74055,"Coliform, fecal general",NA,C2,AVG,Concentration2,,,MPN/100mL,200,#/100mL,C,10/31/2022
PR0000370,001,74055,"Coliform, fecal general",NA,C3,AVG,Concentration3,,,MPN/100mL,400,#/100mL,C,10/31/2022
PR0000370,001,74055,"Coliform, fecal general",NA,C3,AVG,Concentration3,,,MPN/100mL,400,#/100mL,C,11/30/2022
PR0000370,001,74055,"Coliform, fecal general",NA,C2,AVG,Concentration2,,,MPN/100mL,200,#/100mL,C,11/30/2022
PR0000370,001,74055,"Coliform, fecal general",NA,C2,AVG,Concentration2,,,MPN/100mL,200,#/100mL,C,12/31/2022
PR0000370,001,74055,"Coliform, fecal general",NA,C3,AVG,Concentration3,,,MPN/100mL,400,#/100mL,C,12/31/2022
PR0000370,001,74055,"Coliform, fecal general",NA,C3,AVG,Concentration3,,,MPN/100mL,400,#/100mL,C,01/31/2023
PR0000370,001,74055,"Coliform, fecal general",NA,C2,AVG,Concentration2,,,MPN/100mL,200,#/100mL,C,01/31/2023
PR0000370,001,74055,"Coliform, fecal general",NA,C2,AVG,Concentration2,,,MPN/100mL,200,#/100mL,C,02/28/2023
PR0000370,001,74055,"Coliform, fecal general",NA,C3,AVG,Concentration3,,,MPN/100mL,400,#/100mL,C,02/28/2023
PR0000370,001,74055,"Coliform, fecal general",NA,C3,AVG,Concentration3,,,MPN/100mL,400,#/100mL,C,03/31/2023
PR0000370,001,74055,"Coliform, fecal general",NA,C2,AVG,Concentration2,,,MPN/100mL,200,#/100mL,C,03/31/2023
PR0000370,001,74055,"Coliform, fecal general",NA,C3,AVG,Concentration3,,,MPN/100mL,400,#/100mL,C,04/30/2023
PR0000370,001,74055,"Coliform, fecal general",NA,C2,AVG,Concentration2,,,MPN/100mL,200,#/100mL,C,04/30/2023
PR0000370,001,74055,"Coliform, fecal general",NA,C3,AVG,Concentration3,,,MPN/100mL,400,#/100mL,C,05/31/2023
PR0000370,001,74055,"Coliform, fecal general",NA,C2,AVG,Concentration2,,,MPN/100mL,200,#/100mL,C,05/31/2023
PR0000370,001,74055,"Coliform, fecal general",NA,C2,AVG,Concentration2,,,MPN/100mL,200,#/100mL,C,06/30/2023
PR0000370,001,74055,"Coliform, fecal general",NA,C3,AVG,Concentration3,,,MPN/100mL,400,#/100mL,C,06/30/2023
PR0000370,001,74055,"Coliform, fecal general",NA,C3,AVG,Concentration3,,,MPN/100mL,400,#/100mL,C,07/31/2023
PR0000370,001,74055,"Coliform, fecal general",NA,C2,AVG,Concentration2,,,MPN/100mL,200,#/100mL,C,07/31/2023
PR0000370,001,74055,"Coliform, fecal general",NA,C2,AVG,Concentration2,,,MPN/100mL,200,#/100mL,C,08/31/2023
PR0000370,001,74055,"Coliform, fecal general",NA,C3,AVG,Concentration3,,,MPN/100mL,400,#/100mL,C,08/31/2023
PR0000370,001,74055,"Coliform, fecal general",NA,C3,AVG,Concentration3,,,MPN/100mL,400,#/100mL,C,09/30/2023
PR0000370,001,74055,"Coliform, fecal general",NA,C2,AVG,Concentration2,,,MPN/100mL,200,#/100mL,C,09/30/2023
PR0000370,001,74055,"Coliform, fecal general",NA,C2,AVG,Concentration2,,,MPN/100mL,200,#/100mL,C,10/31/2023
PR0000370,001,74055,"Coliform, fecal general",NA,C3,AVG,Concentration3,,,MPN/100mL,400,#/100mL,C,10/31/2023
PR0000370,001,74055,"Coliform, fecal general",NA,C3,AVG,Concentration3,,,MPN/100mL,400,#/100mL,C,11/30/2023
PR0000370,001,74055,"Coliform, fecal general",NA,C2,AVG,Concentration2,,,MPN/100mL,200,#/100mL,C,11/30/2023
PR0000370,001,74055,"Coliform, fecal general",NA,C2,AVG,Concentration2,,,MPN/100mL,200,#/100mL,C,12/31/2023
PR0000370,001,74055,"Coliform, fecal general",NA,C3,AVG,Concentration3,,,MPN/100mL,400,#/100mL,C,12/31/2023
PR0000370,001,74055,"Coliform, fecal general",NA,C3,AVG,Concentration3,,,MPN/100mL,400,#/100mL,C,01/31/2024
PR0000370,001,74055,"Coliform, fecal general",NA,C2,AVG,Concentration2,,,MPN/100mL,200,#/100mL,C,01/31/2024
PR0000370,001,74055,"Coliform, fecal general",NA,C2,AVG,Concentration2,,,MPN/100mL,200,#/100mL,C,02/29/2024
PR0000370,001,74055,"Coliform, fecal general",NA,C3,AVG,Concentration3,,,MPN/100mL,400,#/100mL,C,02/29/2024
PR0000370,001,74055,"Coliform, fecal general",NA,C3,AVG,Concentration3,,,MPN/100mL,400,#/100mL,C,03/31/2024
PR0000370,001,74055,"Coliform, fecal general",NA,C2,AVG,Concentration2,,,MPN/100mL,200,#/100mL,C,03/31/2024
PR0000370,001,74055,"Coliform, fecal general",NA,C3,AVG,Concentration3,,,MPN/100mL,400,#/100mL,C,04/30/2024
PR0000370,001,74055,"Coliform, fecal general",NA,C2,AVG,Concentration2,,,MPN/100mL,200,#/100mL,C,04/30/2024
PR0000370,001,74055,"Coliform, fecal general",NA,C3,AVG,Concentration3,,,MPN/100mL,400,#/100mL,C,05/31/2024
PR0000370,001,74055,"Coliform, fecal general",NA,C2,AVG,Concentration2,,,MPN/100mL,200,#/100mL,C,05/31/2024
PR0000370,001,74055,"Coliform, fecal general",NA,C2,AVG,Concentration2,,,MPN/100mL,200,#/100mL,C,06/30/2024
PR0000370,001,74055,"Coliform, fecal general",NA,C3,AVG,Concentration3,,,MPN/100mL,400,#/100mL,C,06/30/2024
PR0000370,001,74055,"Coliform, fecal general",NA,C3,AVG,Concentration3,,,MPN/100mL,400,#/100mL,C,07/31/2024
PR0000370,001,74055,"Coliform, fecal general",NA,C2,AVG,Concentration2,,,MPN/100mL,200,#/100mL,C,07/31/2024
PR0000370,001,74055,"Coliform, fecal general",NA,C2,AVG,Concentration2,,,MPN/100mL,200,#/100mL,C,08/31/2024
PR0000370,001,74055,"Coliform, fecal general",NA,C3,AVG,Concentration3,,,MPN/100mL,400,#/100mL,C,08/31/2024
PR0000370,001,74055,"Coliform, fecal general",NA,C3,AVG,Concentration3,,,MPN/100mL,400,#/100mL,C,09/30/2024
PR0000370,001,74055,"Coliform, fecal general",NA,C2,AVG,Concentration2,,,MPN/100mL,200,#/100mL,C,09/30/2024
PR0000370,001,74055,"Coliform, fecal general",NA,C2,AVG,Concentration2,,,MPN/100mL,200,#/100mL,C,10/31/2024
PR0000370,001,74055,"Coliform, fecal general",NA,C3,AVG,Concentration3,,,MPN/100mL,400,#/100mL,C,10/31/2024
PR0000370,001,74055,"Coliform, fecal general",NA,C3,AVG,Concentration3,,,MPN/100mL,400,#/100mL,C,11/30/2024
PR0000370,001,74055,"Coliform, fecal general",NA,C2,AVG,Concentration2,,,MPN/100mL,200,#/100mL,C,11/30/2024
PR0000370,001,74055,"Coliform, fecal general",NA,C2,AVG,Concentration2,,,MPN/100mL,200,#/100mL,C,12/31/2024
PR0000370,001,74055,"Coliform, fecal general",NA,C3,AVG,Concentration3,,,MPN/100mL,400,#/100mL,C,12/31/2024
PR0000370,001,74055,"Coliform, fecal general",NA,C3,AVG,Concentration3,,,MPN/100mL,400,#/100mL,C,01/31/2025
PR0000370,001,74055,"Coliform, fecal general",NA,C2,AVG,Concentration2,,,MPN/100mL,200,#/100mL,C,01/31/2025
PR0000370,001,74055,"Coliform, fecal general",NA,C2,AVG,Concentration2,,,MPN/100mL,200,#/100mL,C,02/28/2025
PR0000370,001,74055,"Coliform, fecal general",NA,C3,AVG,Concentration3,,,MPN/100mL,400,#/100mL,C,02/28/2025
PR0000370,001,74055,"Coliform, fecal general",NA,C3,AVG,Concentration3,,,MPN/100mL,400,#/100mL,C,03/31/2025
PR0000370,001,74055,"Coliform, fecal general",NA,C2,AVG,Concentration2,,,MPN/100mL,200,#/100mL,C,03/31/2025
PR0000370,001,74055,"Coliform, fecal general",NA,C2,AVG,Concentration2,,,MPN/100mL,200,#/100mL,C,04/30/2025
PR0000370,001,74055,"Coliform, fecal general",NA,C3,AVG,Concentration3,,,MPN/100mL,400,#/100mL,C,04/30/2025
PR0000370,001,74055,"Coliform, fecal general",NA,C2,AVG,Concentration2,,,MPN/100mL,200,#/100mL,C,05/31/2025
PR0000370,001,74055,"Coliform, fecal general",NA,C3,AVG,Concentration3,,,MPN/100mL,400,#/100mL,C,05/31/2025
PR0000370,001,74055,"Coliform, fecal general",NA,C2,AVG,Concentration2,,,MPN/100mL,200,#/100mL,C,06/30/2025
PR0000370,001,74055,"Coliform, fecal general",NA,C3,AVG,Concentration3,,,MPN/100mL,400,#/100mL,C,06/30/2025
PR0000370,001,74055,"Coliform, fecal general",NA,C3,AVG,Concentration3,,,MPN/100mL,400,#/100mL,C,07/31/2025
PR0000370,001,74055,"Coliform, fecal general",NA,C2,AVG,Concentration2,,,MPN/100mL,200,#/100mL,C,07/31/2025
PR0000370,001,74055,"Coliform, fecal general",NA,C2,AVG,Concentration2,,,MPN/100mL,200,#/100mL,C,08/31/2025
PR0000370,001,74055,"Coliform, fecal general",NA,C3,AVG,Concentration3,,,MPN/100mL,400,#/100mL,C,08/31/2025
PR0000370,001,74055,"Coliform, fecal general",NA,C2,AVG,Concentration2,,,MPN/100mL,200,#/100mL,C,09/30/2025
PR0000370,001,74055,"Coliform, fecal general",NA,C3,AVG,Concentration3,,,MPN/100mL,400,#/100mL,C,09/30/2025
PR0000370,001,74055,"Coliform, fecal general",NA,C2,AVG,Concentration2,,,MPN/100mL,200,#/100mL,C,10/31/2025
PR0000370,001,74055,"Coliform, fecal general",NA,C3,AVG,Concentration3,,,MPN/100mL,400,#/100mL,C,10/31/2025
PR0000370,001,74055,"Coliform, fecal general",NA,C3,AVG,Concentration3,,,MPN/100mL,400,#/100mL,C,11/30/2025
PR0000370,001,74055,"Coliform, fecal general",NA,C2,AVG,Concentration2,,,MPN/100mL,200,#/100mL,C,11/30/2025
PR0000370,001,74055,"Coliform, fecal general",NA,C2,AVG,Concentration2,,,MPN/100mL,200,#/100mL,C,12/31/2025
PR0000370,001,74055,"Coliform, fecal general",NA,C3,AVG,Concentration3,,,MPN/100mL,400,#/100mL,C,12/31/2025
PR0000370,001,74055,"Coliform, fecal general",NA,C3,AVG,Concentration3,,,MPN/100mL,400,#/100mL,C,01/31/2026
PR0000370,001,74055,"Coliform, fecal general",NA,C2,AVG,Concentration2,,,MPN/100mL,200,#/100mL,C,01/31/2026
PR0000370,002,00011,"Temperature, water deg. fahrenheit",77.9,C3,MAX,Concentration3,deg F,77.9,deg F,,deg F,,01/31/2020
PR0000370,002,00011,"Temperature, water deg. fahrenheit",78.98,C3,MAX,Concentration3,deg F,78.98,deg F,,deg F,,02/29/2020
PR0000370,002,00011,"Temperature, water deg. fahrenheit",NA,C3,MAX,Concentration3,,,deg F,,deg F,C,03/31/2020
PR0000370,002,00011,"Temperature, water deg. fahrenheit",NA,C3,MAX,Concentration3,,,deg F,,deg F,C,04/30/2020
PR0000370,002,00011,"Temperature, water deg. fahrenheit",NA,C3,MAX,Concentration3,,,deg F,,deg F,C,05/31/2020
PR0000370,002,00011,"Temperature, water deg. fahrenheit",88.88,C3,MAX,Concentration3,deg F,88.88,deg F,,deg F,,06/30/2020
PR0000370,002,00011,"Temperature, water deg. fahrenheit",82.94,C3,MAX,Concentration3,deg F,82.94,deg F,,deg F,,07/31/2020
PR0000370,002,00011,"Temperature, water deg. fahrenheit",82.22,C3,MAX,Concentration3,deg F,82.22,deg F,,deg F,,08/31/2020
PR0000370,002,00011,"Temperature, water deg. fahrenheit",87.62,C3,MAX,Concentration3,deg F,87.62,deg F,,deg F,,09/30/2020
PR0000370,002,00011,"Temperature, water deg. fahrenheit",NA,C3,MAX,Concentration3,,,deg F,,deg F,C,10/31/2020
PR0000370,002,00011,"Temperature, water deg. fahrenheit",83.12,C3,MAX,Concentration3,deg F,83.12,deg F,,deg F,,11/30/2020
PR0000370,002,00011,"Temperature, water deg. fahrenheit",NA,C3,MAX,Concentration3,,,deg F,,deg F,C,12/31/2020
PR0000370,002,00011,"Temperature, water deg. fahrenheit",NA,C3,MAX,Concentration3,,,deg F,,deg F,C,01/31/2021
PR0000370,002,00011,"Temperature, water deg. fahrenheit",NA,C3,MAX,Concentration3,,,deg F,,deg F,C,02/28/2021
PR0000370,002,00011,"Temperature, water deg. fahrenheit",NA,C3,MAX,Concentration3,,,deg F,,deg F,C,03/31/2021
PR0000370,002,00011,"Temperature, water deg. fahrenheit",81.68,C3,MAX,Concentration3,deg F,81.68,deg F,,deg F,,04/30/2021
PR0000370,002,00011,"Temperature, water deg. fahrenheit",NA,C3,MAX,Concentration3,,,deg F,,deg F,C,05/31/2021
PR0000370,002,00011,"Temperature, water deg. fahrenheit",NA,C3,MAX,Concentration3,,,deg F,,deg F,C,06/30/2021
PR0000370,002,00011,"Temperature, water deg. fahrenheit",87.44,C3,MAX,Concentration3,deg F,87.44,deg F,,deg F,,07/31/2021
PR0000370,002,00011,"Temperature, water deg. fahrenheit",NA,C3,MAX,Concentration3,,,deg F,,deg F,C,08/31/2021
PR0000370,002,00011,"Temperature, water deg. fahrenheit",NA,C3,MAX,Concentration3,,,deg F,,deg F,C,09/30/2021
PR0000370,002,00011,"Temperature, water deg. fahrenheit",NA,C3,MAX,Concentration3,,,deg F,,deg F,C,10/31/2021
PR0000370,002,00011,"Temperature, water deg. fahrenheit",NA,C3,MAX,Concentration3,,,deg F,,deg F,C,11/30/2021
PR0000370,002,00011,"Temperature, water deg. fahrenheit",NA,C3,MAX,Concentration3,,,deg F,,deg F,C,12/31/2021
PR0000370,002,00011,"Temperature, water deg. fahrenheit",NA,C3,MAX,Concentration3,,,deg F,,deg F,C,01/31/2022
PR0000370,002,00011,"Temperature, water deg. fahrenheit",NA,C3,MAX,Concentration3,,,deg F,,deg F,C,02/28/2022
PR0000370,002,00011,"Temperature, water deg. fahrenheit",NA,C3,MAX,Concentration3,,,deg F,,deg F,C,03/31/2022
PR0000370,002,00011,"Temperature, water deg. fahrenheit",NA,C3,MAX,Concentration3,,,deg F,,deg F,C,04/30/2022
PR0000370,002,00011,"Temperature, water deg. fahrenheit",NA,C3,MAX,Concentration3,,,deg F,,deg F,C,05/31/2022
PR0000370,002,00011,"Temperature, water deg. fahrenheit",83.66,C3,MAX,Concentration3,deg F,83.66,deg F,,deg F,,06/30/2022
PR0000370,002,00011,"Temperature, water deg. fahrenheit",81.86,C3,MAX,Concentration3,deg F,81.86,deg F,,deg F,,07/31/2022
PR0000370,002,00011,"Temperature, water deg. fahrenheit",NA,C3,MAX,Concentration3,,,deg F,,deg F,C,08/31/2022
PR0000370,002,00011,"Temperature, water deg. fahrenheit",NA,C3,MAX,Concentration3,,,deg F,,deg F,C,09/30/2022
PR0000370,002,00011,"Temperature, water deg. fahrenheit",78.8,C3,MAX,Concentration3,deg F,78.8,deg F,,deg F,,10/31/2022
PR0000370,002,00011,"Temperature, water deg. fahrenheit",80.6,C3,MAX,Concentration3,deg F,80.6,deg F,,deg F,,11/30/2022
PR0000370,002,00011,"Temperature, water deg. fahrenheit",NA,C3,MAX,Concentration3,,,deg F,,deg F,C,12/31/2022
PR0000370,002,00011,"Temperature, water deg. fahrenheit",NA,C3,MAX,Concentration3,,,deg F,,deg F,C,01/31/2023
PR0000370,002,00011,"Temperature, water deg. fahrenheit",NA,C3,MAX,Concentration3,,,deg F,,deg F,C,02/28/2023
PR0000370,002,00011,"Temperature, water deg. fahrenheit",NA,C3,MAX,Concentration3,,,deg F,,deg F,C,03/31/2023
PR0000370,002,00011,"Temperature, water deg. fahrenheit",NA,C3,MAX,Concentration3,,,deg F,,deg F,C,04/30/2023
PR0000370,002,00011,"Temperature, water deg. fahrenheit",82.22,C3,MAX,Concentration3,deg F,82.22,deg F,,deg F,,05/31/2023
PR0000370,002,00011,"Temperature, water deg. fahrenheit",83.48,C3,MAX,Concentration3,deg F,83.48,deg F,,deg F,,06/30/2023
PR0000370,002,00011,"Temperature, water deg. fahrenheit",87.62,C3,MAX,Concentration3,deg F,87.62,deg F,,deg F,,07/31/2023
PR0000370,002,00011,"Temperature, water deg. fahrenheit",90.68,C3,MAX,Concentration3,deg F,90.68,deg F,,deg F,,08/31/2023
PR0000370,002,00011,"Temperature, water deg. fahrenheit",NA,C3,MAX,Concentration3,,,deg F,,deg F,C,09/30/2023
PR0000370,002,00011,"Temperature, water deg. fahrenheit",NA,C3,MAX,Concentration3,,,deg F,,deg F,C,10/31/2023
PR0000370,002,00011,"Temperature, water deg. fahrenheit",NA,C3,MAX,Concentration3,,,deg F,,deg F,C,11/30/2023
PR0000370,002,00011,"Temperature, water deg. fahrenheit",NA,C3,MAX,Concentration3,,,deg F,,deg F,C,12/31/2023
PR0000370,002,00011,"Temperature, water deg. fahrenheit",78.8,C3,MAX,Concentration3,deg F,78.8,deg F,,deg F,,01/31/2024
PR0000370,002,00011,"Temperature, water deg. fahrenheit",77.36,C3,MAX,Concentration3,deg F,77.36,deg F,,deg F,,02/29/2024
PR0000370,002,00011,"Temperature, water deg. fahrenheit",NA,C3,MAX,Concentration3,,,deg F,,deg F,C,03/31/2024
PR0000370,002,00011,"Temperature, water deg. fahrenheit",82.04,C3,MAX,Concentration3,deg F,82.04,deg F,,deg F,,04/30/2024
PR0000370,002,00011,"Temperature, water deg. fahrenheit",NA,C3,MAX,Concentration3,,,deg F,,deg F,C,05/31/2024
PR0000370,002,00011,"Temperature, water deg. fahrenheit",NA,C3,MAX,Concentration3,,,deg F,,deg F,C,06/30/2024
PR0000370,002,00011,"Temperature, water deg. fahrenheit",NA,C3,MAX,Concentration3,,,deg F,,deg F,C,07/31/2024
PR0000370,002,00011,"Temperature, water deg. fahrenheit",NA,C3,MAX,Concentration3,,,deg F,,deg F,C,08/31/2024
PR0000370,002,00011,"Temperature, water deg. fahrenheit",NA,C3,MAX,Concentration3,,,deg F,,deg F,C,09/30/2024
PR0000370,002,00011,"Temperature, water deg. fahrenheit",77.54,C3,MAX,Concentration3,deg F,77.54,deg F,,deg F,,10/31/2024
PR0000370,002,00011,"Temperature, water deg. fahrenheit",NA,C3,MAX,Concentration3,,,deg F,,deg F,C,11/30/2024
PR0000370,002,00011,"Temperature, water deg. fahrenheit",77.54,C3,MAX,Concentration3,deg F,77.54,deg F,,deg F,,12/31/2024
PR0000370,002,00011,"Temperature, water deg. fahrenheit",NA,C3,MAX,Concentration3,,,deg F,,deg F,C,01/31/2025
PR0000370,002,00011,"Temperature, water deg. fahrenheit",NA,C3,MAX,Concentration3,,,deg F,,deg F,C,02/28/2025
PR0000370,002,00011,"Temperature, water deg. fahrenheit",77.18,C3,MAX,Concentration3,deg F,77.18,deg F,,deg F,,03/31/2025
PR0000370,002,00011,"Temperature, water deg. fahrenheit",NA,C3,MAX,Concentration3,,,deg F,,deg F,C,04/30/2025
PR0000370,002,00011,"Temperature, water deg. fahrenheit",NA,C3,MAX,Concentration3,,,deg F,,deg F,C,05/31/2025
PR0000370,002,00011,"Temperature, water deg. fahrenheit",NA,C3,MAX,Concentration3,,,deg F,,deg F,C,06/30/2025
PR0000370,002,00011,"Temperature, water deg. fahrenheit",NA,C3,MAX,Concentration3,,,deg F,,deg F,C,07/31/2025
PR0000370,002,00011,"Temperature, water deg. fahrenheit",NA,C3,MAX,Concentration3,,,deg F,,deg F,C,08/31/2025
PR0000370,002,00011,"Temperature, water deg. fahrenheit",84.74,C3,MAX,Concentration3,deg F,84.74,deg F,,deg F,,09/30/2025
PR0000370,002,00011,"Temperature, water deg. fahrenheit",NA,C3,MAX,Concentration3,,,deg F,,deg F,C,10/31/2025
PR0000370,002,00011,"Temperature, water deg. fahrenheit",NA,C3,MAX,Concentration3,,,deg F,,deg F,C,11/30/2025
PR0000370,002,00011,"Temperature, water deg. fahrenheit",NA,C3,MAX,Concentration3,,,deg F,,deg F,C,12/31/2025
PR0000370,002,00011,"Temperature, water deg. fahrenheit",NA,C3,MAX,Concentration3,,,deg F,,deg F,C,01/31/2026
PR0000370,002,00070,Turbidity,11.9,C3,MAX,Concentration3,NTU,11.9,NTU,,NTU,,01/31/2020
PR0000370,002,00070,Turbidity,17,C3,MAX,Concentration3,NTU,17,NTU,,NTU,,02/29/2020
PR0000370,002,00070,Turbidity,NA,C3,MAX,Concentration3,,,NTU,,NTU,C,03/31/2020
PR0000370,002,00070,Turbidity,NA,C3,MAX,Concentration3,,,NTU,,NTU,C,04/30/2020
PR0000370,002,00070,Turbidity,NA,C3,MAX,Concentration3,,,NTU,,NTU,C,05/31/2020
PR0000370,002,00070,Turbidity,17.6,C3,MAX,Concentration3,NTU,17.6,NTU,,NTU,,06/30/2020
PR0000370,002,00070,Turbidity,12,C3,MAX,Concentration3,NTU,12,NTU,,NTU,,07/31/2020
PR0000370,002,00070,Turbidity,31.4,C3,MAX,Concentration3,NTU,31.4,NTU,,NTU,,08/31/2020
PR0000370,002,00070,Turbidity,24.6,C3,MAX,Concentration3,NTU,24.6,NTU,,NTU,,09/30/2020
PR0000370,002,00070,Turbidity,NA,C3,MAX,Concentration3,,,NTU,,NTU,C,10/31/2020
PR0000370,002,00070,Turbidity,39.8,C3,MAX,Concentration3,NTU,39.8,NTU,,NTU,,11/30/2020
PR0000370,002,00070,Turbidity,NA,C3,MAX,Concentration3,,,NTU,,NTU,C,12/31/2020
PR0000370,002,00070,Turbidity,NA,C3,MAX,Concentration3,,,NTU,,NTU,C,01/31/2021
PR0000370,002,00070,Turbidity,NA,C3,MAX,Concentration3,,,NTU,,NTU,C,02/28/2021
PR0000370,002,00070,Turbidity,NA,C3,MAX,Concentration3,,,NTU,,NTU,C,03/31/2021
PR0000370,002,00070,Turbidity,13.8,C3,MAX,Concentration3,NTU,13.8,NTU,,NTU,,04/30/2021
PR0000370,002,00070,Turbidity,NA,C3,MAX,Concentration3,,,NTU,,NTU,C,05/31/2021
PR0000370,002,00070,Turbidity,NA,C3,MAX,Concentration3,,,NTU,,NTU,C,06/30/2021
PR0000370,002,00070,Turbidity,19.1,C3,MAX,Concentration3,NTU,19.1,NTU,,NTU,,07/31/2021
PR0000370,002,00070,Turbidity,NA,C3,MAX,Concentration3,,,NTU,,NTU,C,08/31/2021
PR0000370,002,00070,Turbidity,NA,C3,MAX,Concentration3,,,NTU,,NTU,C,09/30/2021
PR0000370,002,00070,Turbidity,NA,C3,MAX,Concentration3,,,NTU,,NTU,C,10/31/2021
PR0000370,002,00070,Turbidity,NA,C3,MAX,Concentration3,,,NTU,,NTU,C,11/30/2021
PR0000370,002,00070,Turbidity,NA,C3,MAX,Concentration3,,,NTU,,NTU,C,12/31/2021
PR0000370,002,00070,Turbidity,NA,C3,MAX,Concentration3,,,NTU,,NTU,C,01/31/2022
PR0000370,002,00070,Turbidity,NA,C3,MAX,Concentration3,,,NTU,,NTU,C,02/28/2022
PR0000370,002,00070,Turbidity,NA,C3,MAX,Concentration3,,,NTU,,NTU,C,03/31/2022
PR0000370,002,00070,Turbidity,NA,C3,MAX,Concentration3,,,NTU,,NTU,C,04/30/2022
PR0000370,002,00070,Turbidity,NA,C3,MAX,Concentration3,,,NTU,,NTU,C,05/31/2022
PR0000370,002,00070,Turbidity,78,C3,MAX,Concentration3,NTU,78,NTU,,NTU,,06/30/2022
PR0000370,002,00070,Turbidity,32,C3,MAX,Concentration3,NTU,32,NTU,,NTU,,07/31/2022
PR0000370,002,00070,Turbidity,NA,C3,MAX,Concentration3,,,NTU,,NTU,C,08/31/2022
PR0000370,002,00070,Turbidity,NA,C3,MAX,Concentration3,,,NTU,,NTU,C,09/30/2022
PR0000370,002,00070,Turbidity,110,C3,MAX,Concentration3,NTU,110,NTU,,NTU,,10/31/2022
PR0000370,002,00070,Turbidity,120,C3,MAX,Concentration3,NTU,120,NTU,,NTU,,11/30/2022
PR0000370,002,00070,Turbidity,NA,C3,MAX,Concentration3,,,NTU,,NTU,C,12/31/2022
PR0000370,002,00070,Turbidity,NA,C3,MAX,Concentration3,,,NTU,,NTU,C,01/31/2023
PR0000370,002,00070,Turbidity,NA,C3,MAX,Concentration3,,,NTU,,NTU,C,02/28/2023
PR0000370,002,00070,Turbidity,NA,C3,MAX,Concentration3,,,NTU,,NTU,C,03/31/2023
PR0000370,002,00070,Turbidity,NA,C3,MAX,Concentration3,,,NTU,,NTU,C,04/30/2023
PR0000370,002,00070,Turbidity,90,C3,MAX,Concentration3,NTU,90,NTU,,NTU,,05/31/2023
PR0000370,002,00070,Turbidity,6.6,C3,MAX,Concentration3,NTU,6.6,NTU,,NTU,,06/30/2023
PR0000370,002,00070,Turbidity,140,C3,MAX,Concentration3,NTU,140,NTU,,NTU,,07/31/2023
PR0000370,002,00070,Turbidity,75.4,C3,MAX,Concentration3,NTU,75.4,NTU,,NTU,,08/31/2023
PR0000370,002,00070,Turbidity,NA,C3,MAX,Concentration3,,,NTU,,NTU,C,09/30/2023
PR0000370,002,00070,Turbidity,NA,C3,MAX,Concentration3,,,NTU,,NTU,C,10/31/2023
PR0000370,002,00070,Turbidity,NA,C3,MAX,Concentration3,,,NTU,,NTU,C,11/30/2023
PR0000370,002,00070,Turbidity,NA,C3,MAX,Concentration3,,,NTU,,NTU,C,12/31/2023
PR0000370,002,00070,Turbidity,26,C3,MAX,Concentration3,NTU,26,NTU,,NTU,,01/31/2024
PR0000370,002,00070,Turbidity,26,C3,MAX,Concentration3,NTU,26,NTU,,NTU,,02/29/2024
PR0000370,002,00070,Turbidity,NA,C3,MAX,Concentration3,,,NTU,,NTU,C,03/31/2024
PR0000370,002,00070,Turbidity,31,C3,MAX,Concentration3,NTU,31,NTU,,NTU,,04/30/2024
PR0000370,002,00070,Turbidity,NA,C3,MAX,Concentration3,,,NTU,,NTU,C,05/31/2024
PR0000370,002,00070,Turbidity,NA,C3,MAX,Concentration3,,,NTU,,NTU,C,06/30/2024
PR0000370,002,00070,Turbidity,NA,C3,MAX,Concentration3,,,NTU,,NTU,C,07/31/2024
PR0000370,002,00070,Turbidity,NA,C3,MAX,Concentration3,,,NTU,,NTU,C,08/31/2024
PR0000370,002,00070,Turbidity,NA,C3,MAX,Concentration3,,,NTU,,NTU,C,09/30/2024
PR0000370,002,00070,Turbidity,52.4,C3,MAX,Concentration3,NTU,52.4,NTU,,NTU,,10/31/2024
PR0000370,002,00070,Turbidity,NA,C3,MAX,Concentration3,,,NTU,,NTU,C,11/30/2024
PR0000370,002,00070,Turbidity,47.6,C3,MAX,Concentration3,NTU,47.6,NTU,,NTU,,12/31/2024
PR0000370,002,00070,Turbidity,NA,C3,MAX,Concentration3,,,NTU,,NTU,C,01/31/2025
PR0000370,002,00070,Turbidity,NA,C3,MAX,Concentration3,,,NTU,,NTU,C,02/28/2025
PR0000370,002,00070,Turbidity,14,C3,MAX,Concentration3,NTU,14,NTU,,NTU,,03/31/2025
PR0000370,002,00070,Turbidity,NA,C3,MAX,Concentration3,,,NTU,,NTU,C,04/30/2025
PR0000370,002,00070,Turbidity,NA,C3,MAX,Concentration3,,,NTU,,NTU,C,05/31/2025
PR0000370,002,00070,Turbidity,NA,C3,MAX,Concentration3,,,NTU,,NTU,C,06/30/2025
PR0000370,002,00070,Turbidity,NA,C3,MAX,Concentration3,,,NTU,,NTU,C,07/31/2025
PR0000370,002,00070,Turbidity,NA,C3,MAX,Concentration3,,,NTU,,NTU,C,08/31/2025
PR0000370,002,00070,Turbidity,13,C3,MAX,Concentration3,NTU,13,NTU,,NTU,,09/30/2025
PR0000370,002,00070,Turbidity,NA,C3,MAX,Concentration3,,,NTU,,NTU,C,10/31/2025
PR0000370,002,00070,Turbidity,NA,C3,MAX,Concentration3,,,NTU,,NTU,C,11/30/2025
PR0000370,002,00070,Turbidity,NA,C3,MAX,Concentration3,,,NTU,,NTU,C,12/31/2025
PR0000370,002,00070,Turbidity,NA,C3,MAX,Concentration3,,,NTU,,NTU,C,01/31/2026
PR0000370,002,00080,Color [PT-CO units],30,C3,MAX,Concentration3,col unit (pc),30,col unit (pc),,col unit (pc),,01/31/2020
PR0000370,002,00080,Color [PT-CO units],40,C3,MAX,Concentration3,col unit (pc),40,col unit (pc),,col unit (pc),,02/29/2020
PR0000370,002,00080,Color [PT-CO units],NA,C3,MAX,Concentration3,,,col unit (pc),,col unit (pc),C,03/31/2020
PR0000370,002,00080,Color [PT-CO units],NA,C3,MAX,Concentration3,,,col unit (pc),,col unit (pc),C,04/30/2020
PR0000370,002,00080,Color [PT-CO units],NA,C3,MAX,Concentration3,,,col unit (pc),,col unit (pc),C,05/31/2020
PR0000370,002,00080,Color [PT-CO units],20,C3,MAX,Concentration3,col unit (pc),20,col unit (pc),,col unit (pc),,06/30/2020
PR0000370,002,00080,Color [PT-CO units],25,C3,MAX,Concentration3,col unit (pc),25,col unit (pc),,col unit (pc),,07/31/2020
PR0000370,002,00080,Color [PT-CO units],70,C3,MAX,Concentration3,col unit (pc),70,col unit (pc),,col unit (pc),,08/31/2020
PR0000370,002,00080,Color [PT-CO units],10,C3,MAX,Concentration3,col unit (pc),10,col unit (pc),,col unit (pc),,09/30/2020
PR0000370,002,00080,Color [PT-CO units],NA,C3,MAX,Concentration3,,,col unit (pc),,col unit (pc),C,10/31/2020
PR0000370,002,00080,Color [PT-CO units],45,C3,MAX,Concentration3,col unit (pc),45,col unit (pc),,col unit (pc),,11/30/2020
PR0000370,002,00080,Color [PT-CO units],NA,C3,MAX,Concentration3,,,col unit (pc),,col unit (pc),C,12/31/2020
PR0000370,002,00080,Color [PT-CO units],NA,C3,MAX,Concentration3,,,col unit (pc),,col unit (pc),C,01/31/2021
PR0000370,002,00080,Color [PT-CO units],NA,C3,MAX,Concentration3,,,col unit (pc),,col unit (pc),C,02/28/2021
PR0000370,002,00080,Color [PT-CO units],NA,C3,MAX,Concentration3,,,col unit (pc),,col unit (pc),C,03/31/2021
PR0000370,002,00080,Color [PT-CO units],50,C3,MAX,Concentration3,col unit (pc),50,col unit (pc),,col unit (pc),,04/30/2021
PR0000370,002,00080,Color [PT-CO units],NA,C3,MAX,Concentration3,,,col unit (pc),,col unit (pc),C,05/31/2021
PR0000370,002,00080,Color [PT-CO units],NA,C3,MAX,Concentration3,,,col unit (pc),,col unit (pc),C,06/30/2021
PR0000370,002,00080,Color [PT-CO units],40,C3,MAX,Concentration3,col unit (pc),40,col unit (pc),,col unit (pc),,07/31/2021
PR0000370,002,00080,Color [PT-CO units],NA,C3,MAX,Concentration3,,,col unit (pc),,col unit (pc),C,08/31/2021
PR0000370,002,00080,Color [PT-CO units],NA,C3,MAX,Concentration3,,,col unit (pc),,col unit (pc),C,09/30/2021
PR0000370,002,00080,Color [PT-CO units],NA,C3,MAX,Concentration3,,,col unit (pc),,col unit (pc),C,10/31/2021
PR0000370,002,00080,Color [PT-CO units],NA,C3,MAX,Concentration3,,,col unit (pc),,col unit (pc),C,11/30/2021
PR0000370,002,00080,Color [PT-CO units],NA,C3,MAX,Concentration3,,,col unit (pc),,col unit (pc),C,12/31/2021
PR0000370,002,00080,Color [PT-CO units],NA,C3,MAX,Concentration3,,,col unit (pc),,col unit (pc),C,01/31/2022
PR0000370,002,00080,Color [PT-CO units],NA,C3,MAX,Concentration3,,,col unit (pc),,col unit (pc),C,02/28/2022
PR0000370,002,00080,Color [PT-CO units],NA,C3,MAX,Concentration3,,,col unit (pc),,col unit (pc),C,03/31/2022
PR0000370,002,00080,Color [PT-CO units],NA,C3,MAX,Concentration3,,,col unit (pc),,col unit (pc),C,04/30/2022
PR0000370,002,00080,Color [PT-CO units],NA,C3,MAX,Concentration3,,,col unit (pc),,col unit (pc),C,05/31/2022
PR0000370,002,00080,Color [PT-CO units],5,C3,MAX,Concentration3,col unit (pc),5,col unit (pc),,col unit (pc),,06/30/2022
PR0000370,002,00080,Color [PT-CO units],15,C3,MAX,Concentration3,col unit (pc),15,col unit (pc),,col unit (pc),,07/31/2022
PR0000370,002,00080,Color [PT-CO units],NA,C3,MAX,Concentration3,,,col unit (pc),,col unit (pc),C,08/31/2022
PR0000370,002,00080,Color [PT-CO units],NA,C3,MAX,Concentration3,,,col unit (pc),,col unit (pc),C,09/30/2022
PR0000370,002,00080,Color [PT-CO units],20,C3,MAX,Concentration3,col unit (pc),20,col unit (pc),,col unit (pc),,10/31/2022
PR0000370,002,00080,Color [PT-CO units],20,C3,MAX,Concentration3,col unit (pc),20,col unit (pc),,col unit (pc),,11/30/2022
PR0000370,002,00080,Color [PT-CO units],NA,C3,MAX,Concentration3,,,col unit (pc),,col unit (pc),C,12/31/2022
PR0000370,002,00080,Color [PT-CO units],NA,C3,MAX,Concentration3,,,col unit (pc),,col unit (pc),C,01/31/2023
PR0000370,002,00080,Color [PT-CO units],NA,C3,MAX,Concentration3,,,col unit (pc),,col unit (pc),C,02/28/2023
PR0000370,002,00080,Color [PT-CO units],NA,C3,MAX,Concentration3,,,col unit (pc),,col unit (pc),C,03/31/2023
PR0000370,002,00080,Color [PT-CO units],NA,C3,MAX,Concentration3,,,col unit (pc),,col unit (pc),C,04/30/2023
PR0000370,002,00080,Color [PT-CO units],20,C3,MAX,Concentration3,col unit (pc),20,col unit (pc),,col unit (pc),,05/31/2023
PR0000370,002,00080,Color [PT-CO units],5,C3,MAX,Concentration3,col unit (pc),5,col unit (pc),,col unit (pc),,06/30/2023
PR0000370,002,00080,Color [PT-CO units],15,C3,MAX,Concentration3,col unit (pc),15,col unit (pc),,col unit (pc),,07/31/2023
PR0000370,002,00080,Color [PT-CO units],20,C3,MAX,Concentration3,col unit (pc),20,col unit (pc),,col unit (pc),,08/31/2023
PR0000370,002,00080,Color [PT-CO units],NA,C3,MAX,Concentration3,,,col unit (pc),,col unit (pc),C,09/30/2023
PR0000370,002,00080,Color [PT-CO units],NA,C3,MAX,Concentration3,,,col unit (pc),,col unit (pc),C,10/31/2023
PR0000370,002,00080,Color [PT-CO units],NA,C3,MAX,Concentration3,,,col unit (pc),,col unit (pc),C,11/30/2023
PR0000370,002,00080,Color [PT-CO units],NA,C3,MAX,Concentration3,,,col unit (pc),,col unit (pc),C,12/31/2023
PR0000370,002,00080,Color [PT-CO units],NA,C3,MAX,Concentration3,,,col unit (pc),,col unit (pc),B,01/31/2024
PR0000370,002,00080,Color [PT-CO units],5,C3,MAX,Concentration3,col unit (pc),5,col unit (pc),,col unit (pc),,02/29/2024
PR0000370,002,00080,Color [PT-CO units],NA,C3,MAX,Concentration3,,,col unit (pc),,col unit (pc),C,03/31/2024
PR0000370,002,00080,Color [PT-CO units],15,C3,MAX,Concentration3,col unit (pc),15,col unit (pc),,col unit (pc),,04/30/2024
PR0000370,002,00080,Color [PT-CO units],NA,C3,MAX,Concentration3,,,col unit (pc),,col unit (pc),C,05/31/2024
PR0000370,002,00080,Color [PT-CO units],NA,C3,MAX,Concentration3,,,col unit (pc),,col unit (pc),C,06/30/2024
PR0000370,002,00080,Color [PT-CO units],NA,C3,MAX,Concentration3,,,col unit (pc),,col unit (pc),C,07/31/2024
PR0000370,002,00080,Color [PT-CO units],NA,C3,MAX,Concentration3,,,col unit (pc),,col unit (pc),C,08/31/2024
PR0000370,002,00080,Color [PT-CO units],NA,C3,MAX,Concentration3,,,col unit (pc),,col unit (pc),C,09/30/2024
PR0000370,002,00080,Color [PT-CO units],10,C3,MAX,Concentration3,col unit (pc),10,col unit (pc),,col unit (pc),,10/31/2024
PR0000370,002,00080,Color [PT-CO units],NA,C3,MAX,Concentration3,,,col unit (pc),,col unit (pc),C,11/30/2024
PR0000370,002,00080,Color [PT-CO units],20,C3,MAX,Concentration3,col unit (pc),20,col unit (pc),,col unit (pc),,12/31/2024
PR0000370,002,00080,Color [PT-CO units],NA,C3,MAX,Concentration3,,,col unit (pc),,col unit (pc),C,01/31/2025
PR0000370,002,00080,Color [PT-CO units],NA,C3,MAX,Concentration3,,,col unit (pc),,col unit (pc),C,02/28/2025
PR0000370,002,00080,Color [PT-CO units],20,C3,MAX,Concentration3,col unit (pc),20,col unit (pc),,col unit (pc),,03/31/2025
PR0000370,002,00080,Color [PT-CO units],NA,C3,MAX,Concentration3,,,col unit (pc),,col unit (pc),C,04/30/2025
PR0000370,002,00080,Color [PT-CO units],NA,C3,MAX,Concentration3,,,col unit (pc),,col unit (pc),C,05/31/2025
PR0000370,002,00080,Color [PT-CO units],NA,C3,MAX,Concentration3,,,col unit (pc),,col unit (pc),C,06/30/2025
PR0000370,002,00080,Color [PT-CO units],NA,C3,MAX,Concentration3,,,col unit (pc),,col unit (pc),C,07/31/2025
PR0000370,002,00080,Color [PT-CO units],NA,C3,MAX,Concentration3,,,col unit (pc),,col unit (pc),C,08/31/2025
PR0000370,002,00080,Color [PT-CO units],5,C3,MAX,Concentration3,col unit (pc),5,col unit (pc),,col unit (pc),,09/30/2025
PR0000370,002,00080,Color [PT-CO units],NA,C3,MAX,Concentration3,,,col unit (pc),,col unit (pc),C,10/31/2025
PR0000370,002,00080,Color [PT-CO units],NA,C3,MAX,Concentration3,,,col unit (pc),,col unit (pc),C,11/30/2025
PR0000370,002,00080,Color [PT-CO units],NA,C3,MAX,Concentration3,,,col unit (pc),,col unit (pc),C,12/31/2025
PR0000370,002,00080,Color [PT-CO units],NA,C3,MAX,Concentration3,,,col unit (pc),,col unit (pc),C,01/31/2026
PR0000370,002,00310,"BOD, 5-day, 20 deg. C",5,C3,MAX,Concentration3,mg/L,5,mg/L,,mg/L,,01/31/2020
PR0000370,002,00310,"BOD, 5-day, 20 deg. C",620.3,Q2,MAX,Quantity2,kg/d,620.3,kg/d,,kg/d,,01/31/2020
PR0000370,002,00310,"BOD, 5-day, 20 deg. C",340.22,Q2,MAX,Quantity2,kg/d,340.22,kg/d,,kg/d,,02/29/2020
PR0000370,002,00310,"BOD, 5-day, 20 deg. C",3,C3,MAX,Concentration3,mg/L,3,mg/L,,mg/L,,02/29/2020
PR0000370,002,00310,"BOD, 5-day, 20 deg. C",NA,C3,MAX,Concentration3,,,mg/L,,mg/L,C,03/31/2020
PR0000370,002,00310,"BOD, 5-day, 20 deg. C",NA,Q2,MAX,Quantity2,,,kg/d,,kg/d,C,03/31/2020
PR0000370,002,00310,"BOD, 5-day, 20 deg. C",NA,Q2,MAX,Quantity2,,,kg/d,,kg/d,C,04/30/2020
PR0000370,002,00310,"BOD, 5-day, 20 deg. C",NA,C3,MAX,Concentration3,,,mg/L,,mg/L,C,04/30/2020
PR0000370,002,00310,"BOD, 5-day, 20 deg. C",NA,C3,MAX,Concentration3,,,mg/L,,mg/L,C,05/31/2020
PR0000370,002,00310,"BOD, 5-day, 20 deg. C",NA,Q2,MAX,Quantity2,,,kg/d,,kg/d,C,05/31/2020
PR0000370,002,00310,"BOD, 5-day, 20 deg. C",3,C3,MAX,Concentration3,mg/L,3,mg/L,,mg/L,,06/30/2020
PR0000370,002,00310,"BOD, 5-day, 20 deg. C",110.5,Q2,MAX,Quantity2,kg/d,110.5,kg/d,,kg/d,,06/30/2020
PR0000370,002,00310,"BOD, 5-day, 20 deg. C",2,C3,MAX,Concentration3,mg/L,2,mg/L,,mg/L,,07/31/2020
PR0000370,002,00310,"BOD, 5-day, 20 deg. C",455.15,Q2,MAX,Quantity2,kg/d,455.15,kg/d,,kg/d,,07/31/2020
PR0000370,002,00310,"BOD, 5-day, 20 deg. C",2363.52,Q2,MAX,Quantity2,kg/d,2363.52,kg/d,,kg/d,,08/31/2020
PR0000370,002,00310,"BOD, 5-day, 20 deg. C",17,C3,MAX,Concentration3,mg/L,17,mg/L,,mg/L,,08/31/2020
PR0000370,002,00310,"BOD, 5-day, 20 deg. C",1,C3,MAX,Concentration3,mg/L,1,mg/L,,mg/L,,09/30/2020
PR0000370,002,00310,"BOD, 5-day, 20 deg. C",105.68,Q2,MAX,Quantity2,kg/d,105.68,kg/d,,kg/d,,09/30/2020
PR0000370,002,00310,"BOD, 5-day, 20 deg. C",NA,Q2,MAX,Quantity2,,,kg/d,,kg/d,C,10/31/2020
PR0000370,002,00310,"BOD, 5-day, 20 deg. C",NA,C3,MAX,Concentration3,,,mg/L,,mg/L,C,10/31/2020
PR0000370,002,00310,"BOD, 5-day, 20 deg. C",6,C3,MAX,Concentration3,mg/L,6,mg/L,,mg/L,,11/30/2020
PR0000370,002,00310,"BOD, 5-day, 20 deg. C",767.05,Q2,MAX,Quantity2,kg/d,767.05,kg/d,,kg/d,,11/30/2020
PR0000370,002,00310,"BOD, 5-day, 20 deg. C",NA,Q2,MAX,Quantity2,,,kg/d,,kg/d,C,12/31/2020
PR0000370,002,00310,"BOD, 5-day, 20 deg. C",NA,C3,MAX,Concentration3,,,mg/L,,mg/L,C,12/31/2020
PR0000370,002,00310,"BOD, 5-day, 20 deg. C",NA,C3,MAX,Concentration3,,,mg/L,,mg/L,C,01/31/2021
PR0000370,002,00310,"BOD, 5-day, 20 deg. C",NA,Q2,MAX,Quantity2,,,kg/d,,kg/d,C,01/31/2021
PR0000370,002,00310,"BOD, 5-day, 20 deg. C",NA,Q2,MAX,Quantity2,,,kg/d,,kg/d,C,02/28/2021
PR0000370,002,00310,"BOD, 5-day, 20 deg. C",NA,C3,MAX,Concentration3,,,mg/L,,mg/L,C,02/28/2021
PR0000370,002,00310,"BOD, 5-day, 20 deg. C",NA,Q2,MAX,Quantity2,,,kg/d,,kg/d,C,03/31/2021
PR0000370,002,00310,"BOD, 5-day, 20 deg. C",NA,C3,MAX,Concentration3,,,mg/L,,mg/L,C,03/31/2021
PR0000370,002,00310,"BOD, 5-day, 20 deg. C",3,C3,MAX,Concentration3,mg/L,3,mg/L,,mg/L,,04/30/2021
PR0000370,002,00310,"BOD, 5-day, 20 deg. C",3.15,Q2,MAX,Quantity2,kg/d,3.15,kg/d,,kg/d,,04/30/2021
PR0000370,002,00310,"BOD, 5-day, 20 deg. C",NA,C3,MAX,Concentration3,,,mg/L,,mg/L,C,05/31/2021
PR0000370,002,00310,"BOD, 5-day, 20 deg. C",NA,Q2,MAX,Quantity2,,,kg/d,,kg/d,C,05/31/2021
PR0000370,002,00310,"BOD, 5-day, 20 deg. C",NA,C3,MAX,Concentration3,,,mg/L,,mg/L,C,06/30/2021
PR0000370,002,00310,"BOD, 5-day, 20 deg. C",NA,Q2,MAX,Quantity2,,,kg/d,,kg/d,C,06/30/2021
PR0000370,002,00310,"BOD, 5-day, 20 deg. C",2,C3,MAX,Concentration3,mg/L,2,mg/L,,mg/L,,07/31/2021
PR0000370,002,00310,"BOD, 5-day, 20 deg. C",1.68,Q2,MAX,Quantity2,kg/d,1.68,kg/d,,kg/d,,07/31/2021
PR0000370,002,00310,"BOD, 5-day, 20 deg. C",NA,Q2,MAX,Quantity2,,,kg/d,,kg/d,C,08/31/2021
PR0000370,002,00310,"BOD, 5-day, 20 deg. C",NA,C3,MAX,Concentration3,,,mg/L,,mg/L,C,08/31/2021
PR0000370,002,00310,"BOD, 5-day, 20 deg. C",NA,Q2,MAX,Quantity2,,,kg/d,,kg/d,C,09/30/2021
PR0000370,002,00310,"BOD, 5-day, 20 deg. C",NA,C3,MAX,Concentration3,,,mg/L,,mg/L,C,09/30/2021
PR0000370,002,00310,"BOD, 5-day, 20 deg. C",NA,Q2,MAX,Quantity2,,,kg/d,,kg/d,C,10/31/2021
PR0000370,002,00310,"BOD, 5-day, 20 deg. C",NA,C3,MAX,Concentration3,,,mg/L,,mg/L,C,10/31/2021
PR0000370,002,00310,"BOD, 5-day, 20 deg. C",NA,C3,MAX,Concentration3,,,mg/L,,mg/L,C,11/30/2021
PR0000370,002,00310,"BOD, 5-day, 20 deg. C",NA,Q2,MAX,Quantity2,,,kg/d,,kg/d,C,11/30/2021
PR0000370,002,00310,"BOD, 5-day, 20 deg. C",NA,Q2,MAX,Quantity2,,,kg/d,,kg/d,C,12/31/2021
PR0000370,002,00310,"BOD, 5-day, 20 deg. C",NA,C3,MAX,Concentration3,,,mg/L,,mg/L,C,12/31/2021
PR0000370,002,00310,"BOD, 5-day, 20 deg. C",NA,C3,MAX,Concentration3,,,mg/L,,mg/L,C,01/31/2022
PR0000370,002,00310,"BOD, 5-day, 20 deg. C",NA,Q2,MAX,Quantity2,,,kg/d,,kg/d,C,01/31/2022
PR0000370,002,00310,"BOD, 5-day, 20 deg. C",NA,Q2,MAX,Quantity2,,,kg/d,,kg/d,C,02/28/2022
PR0000370,002,00310,"BOD, 5-day, 20 deg. C",NA,C3,MAX,Concentration3,,,mg/L,,mg/L,C,02/28/2022
PR0000370,002,00310,"BOD, 5-day, 20 deg. C",NA,C3,MAX,Concentration3,,,mg/L,,mg/L,C,03/31/2022
PR0000370,002,00310,"BOD, 5-day, 20 deg. C",NA,Q2,MAX,Quantity2,,,kg/d,,kg/d,C,03/31/2022
PR0000370,002,00310,"BOD, 5-day, 20 deg. C",NA,Q2,MAX,Quantity2,,,kg/d,,kg/d,C,04/30/2022
PR0000370,002,00310,"BOD, 5-day, 20 deg. C",NA,C3,MAX,Concentration3,,,mg/L,,mg/L,C,04/30/2022
PR0000370,002,00310,"BOD, 5-day, 20 deg. C",NA,C3,MAX,Concentration3,,,mg/L,,mg/L,C,05/31/2022
PR0000370,002,00310,"BOD, 5-day, 20 deg. C",NA,Q2,MAX,Quantity2,,,kg/d,,kg/d,C,05/31/2022
PR0000370,002,00310,"BOD, 5-day, 20 deg. C",11.67,Q2,MAX,Quantity2,kg/d,11.67,kg/d,,kg/d,,06/30/2022
PR0000370,002,00310,"BOD, 5-day, 20 deg. C",4,C3,MAX,Concentration3,mg/L,4,mg/L,,mg/L,,06/30/2022
PR0000370,002,00310,"BOD, 5-day, 20 deg. C",2,C3,MAX,Concentration3,mg/L,2,mg/L,,mg/L,,07/31/2022
PR0000370,002,00310,"BOD, 5-day, 20 deg. C",11.31,Q2,MAX,Quantity2,kg/d,11.31,kg/d,,kg/d,,07/31/2022
PR0000370,002,00310,"BOD, 5-day, 20 deg. C",NA,Q2,MAX,Quantity2,,,kg/d,,kg/d,C,08/31/2022
PR0000370,002,00310,"BOD, 5-day, 20 deg. C",NA,C3,MAX,Concentration3,,,mg/L,,mg/L,C,08/31/2022
PR0000370,002,00310,"BOD, 5-day, 20 deg. C",NA,C3,MAX,Concentration3,,,mg/L,,mg/L,C,09/30/2022
PR0000370,002,00310,"BOD, 5-day, 20 deg. C",NA,Q2,MAX,Quantity2,,,kg/d,,kg/d,C,09/30/2022
PR0000370,002,00310,"BOD, 5-day, 20 deg. C",11.14,Q2,MAX,Quantity2,kg/d,11.14,kg/d,,kg/d,,10/31/2022
PR0000370,002,00310,"BOD, 5-day, 20 deg. C",4,C3,MAX,Concentration3,mg/L,4,mg/L,,mg/L,,10/31/2022
PR0000370,002,00310,"BOD, 5-day, 20 deg. C",14.68,Q2,MAX,Quantity2,kg/d,14.68,kg/d,,kg/d,,11/30/2022
PR0000370,002,00310,"BOD, 5-day, 20 deg. C",11,C3,MAX,Concentration3,mg/L,11,mg/L,,mg/L,,11/30/2022
PR0000370,002,00310,"BOD, 5-day, 20 deg. C",NA,Q2,MAX,Quantity2,,,kg/d,,kg/d,C,12/31/2022
PR0000370,002,00310,"BOD, 5-day, 20 deg. C",NA,C3,MAX,Concentration3,,,mg/L,,mg/L,C,12/31/2022
PR0000370,002,00310,"BOD, 5-day, 20 deg. C",NA,Q2,MAX,Quantity2,,,kg/d,,kg/d,C,01/31/2023
PR0000370,002,00310,"BOD, 5-day, 20 deg. C",NA,C3,MAX,Concentration3,,,mg/L,,mg/L,C,01/31/2023
PR0000370,002,00310,"BOD, 5-day, 20 deg. C",NA,Q2,MAX,Quantity2,,,kg/d,,kg/d,C,02/28/2023
PR0000370,002,00310,"BOD, 5-day, 20 deg. C",NA,C3,MAX,Concentration3,,,mg/L,,mg/L,C,02/28/2023
PR0000370,002,00310,"BOD, 5-day, 20 deg. C",NA,C3,MAX,Concentration3,,,mg/L,,mg/L,C,03/31/2023
PR0000370,002,00310,"BOD, 5-day, 20 deg. C",NA,Q2,MAX,Quantity2,,,kg/d,,kg/d,C,03/31/2023
PR0000370,002,00310,"BOD, 5-day, 20 deg. C",NA,Q2,MAX,Quantity2,,,kg/d,,kg/d,C,04/30/2023
PR0000370,002,00310,"BOD, 5-day, 20 deg. C",NA,C3,MAX,Concentration3,,,mg/L,,mg/L,C,04/30/2023
PR0000370,002,00310,"BOD, 5-day, 20 deg. C",5,C3,MAX,Concentration3,mg/L,5,mg/L,,mg/L,,05/31/2023
PR0000370,002,00310,"BOD, 5-day, 20 deg. C",5.2,Q2,MAX,Quantity2,kg/d,5.2,kg/d,,kg/d,,05/31/2023
PR0000370,002,00310,"BOD, 5-day, 20 deg. C",1.73,Q2,MAX,Quantity2,kg/d,1.73,kg/d,,kg/d,,06/30/2023
PR0000370,002,00310,"BOD, 5-day, 20 deg. C",3,C3,MAX,Concentration3,mg/L,3,mg/L,,mg/L,,06/30/2023
PR0000370,002,00310,"BOD, 5-day, 20 deg. C",1,C3,MAX,Concentration3,mg/L,1,mg/L,,mg/L,,07/31/2023
PR0000370,002,00310,"BOD, 5-day, 20 deg. C",1.05,Q2,MAX,Quantity2,kg/d,1.05,kg/d,,kg/d,,07/31/2023
PR0000370,002,00310,"BOD, 5-day, 20 deg. C",11,C3,MAX,Concentration3,mg/L,11,mg/L,,mg/L,,08/31/2023
PR0000370,002,00310,"BOD, 5-day, 20 deg. C",17.34,Q2,MAX,Quantity2,kg/d,17.34,kg/d,,kg/d,,08/31/2023
PR0000370,002,00310,"BOD, 5-day, 20 deg. C",NA,C3,MAX,Concentration3,,,mg/L,,mg/L,C,09/30/2023
PR0000370,002,00310,"BOD, 5-day, 20 deg. C",NA,Q2,MAX,Quantity2,,,kg/d,,kg/d,C,09/30/2023
PR0000370,002,00310,"BOD, 5-day, 20 deg. C",NA,Q2,MAX,Quantity2,,,kg/d,,kg/d,C,10/31/2023
PR0000370,002,00310,"BOD, 5-day, 20 deg. C",NA,C3,MAX,Concentration3,,,mg/L,,mg/L,C,10/31/2023
PR0000370,002,00310,"BOD, 5-day, 20 deg. C",NA,Q2,MAX,Quantity2,,,kg/d,,kg/d,C,11/30/2023
PR0000370,002,00310,"BOD, 5-day, 20 deg. C",NA,C3,MAX,Concentration3,,,mg/L,,mg/L,C,11/30/2023
PR0000370,002,00310,"BOD, 5-day, 20 deg. C",NA,C3,MAX,Concentration3,,,mg/L,,mg/L,C,12/31/2023
PR0000370,002,00310,"BOD, 5-day, 20 deg. C",NA,Q2,MAX,Quantity2,,,kg/d,,kg/d,C,12/31/2023
PR0000370,002,00310,"BOD, 5-day, 20 deg. C",20,C3,MAX,Concentration3,mg/L,20,mg/L,,mg/L,,01/31/2024
PR0000370,002,00310,"BOD, 5-day, 20 deg. C",46.46,Q2,MAX,Quantity2,kg/d,46.46,kg/d,,kg/d,,01/31/2024
PR0000370,002,00310,"BOD, 5-day, 20 deg. C",36.99,Q2,MAX,Quantity2,kg/d,36.99,kg/d,,kg/d,,02/29/2024
PR0000370,002,00310,"BOD, 5-day, 20 deg. C",22,C3,MAX,Concentration3,mg/L,22,mg/L,,mg/L,,02/29/2024
PR0000370,002,00310,"BOD, 5-day, 20 deg. C",NA,C3,MAX,Concentration3,,,mg/L,,mg/L,C,03/31/2024
PR0000370,002,00310,"BOD, 5-day, 20 deg. C",NA,Q2,MAX,Quantity2,,,kg/d,,kg/d,C,03/31/2024
PR0000370,002,00310,"BOD, 5-day, 20 deg. C",165.71,Q2,MAX,Quantity2,kg/d,165.71,kg/d,,kg/d,,04/30/2024
PR0000370,002,00310,"BOD, 5-day, 20 deg. C",2,C3,MAX,Concentration3,mg/L,2,mg/L,,mg/L,,04/30/2024
PR0000370,002,00310,"BOD, 5-day, 20 deg. C",NA,C3,MAX,Concentration3,,,mg/L,,mg/L,C,05/31/2024
PR0000370,002,00310,"BOD, 5-day, 20 deg. C",NA,Q2,MAX,Quantity2,,,kg/d,,kg/d,C,05/31/2024
PR0000370,002,00310,"BOD, 5-day, 20 deg. C",NA,Q2,MAX,Quantity2,,,kg/d,,kg/d,C,06/30/2024
PR0000370,002,00310,"BOD, 5-day, 20 deg. C",NA,C3,MAX,Concentration3,,,mg/L,,mg/L,C,06/30/2024
PR0000370,002,00310,"BOD, 5-day, 20 deg. C",NA,Q2,MAX,Quantity2,,,kg/d,,kg/d,C,07/31/2024
PR0000370,002,00310,"BOD, 5-day, 20 deg. C",NA,C3,MAX,Concentration3,,,mg/L,,mg/L,C,07/31/2024
PR0000370,002,00310,"BOD, 5-day, 20 deg. C",NA,Q2,MAX,Quantity2,,,kg/d,,kg/d,C,08/31/2024
PR0000370,002,00310,"BOD, 5-day, 20 deg. C",NA,C3,MAX,Concentration3,,,mg/L,,mg/L,C,08/31/2024
PR0000370,002,00310,"BOD, 5-day, 20 deg. C",NA,Q2,MAX,Quantity2,,,kg/d,,kg/d,C,09/30/2024
PR0000370,002,00310,"BOD, 5-day, 20 deg. C",NA,C3,MAX,Concentration3,,,mg/L,,mg/L,C,09/30/2024
PR0000370,002,00310,"BOD, 5-day, 20 deg. C",NA,C3,MAX,Concentration3,,,mg/L,,mg/L,B,10/31/2024
PR0000370,002,00310,"BOD, 5-day, 20 deg. C",NA,Q2,MAX,Quantity2,,,kg/d,,kg/d,B,10/31/2024
PR0000370,002,00310,"BOD, 5-day, 20 deg. C",NA,C3,MAX,Concentration3,,,mg/L,,mg/L,C,11/30/2024
PR0000370,002,00310,"BOD, 5-day, 20 deg. C",NA,Q2,MAX,Quantity2,,,kg/d,,kg/d,C,11/30/2024
PR0000370,002,00310,"BOD, 5-day, 20 deg. C",2,C3,MAX,Concentration3,mg/L,2,mg/L,,mg/L,,12/31/2024
PR0000370,002,00310,"BOD, 5-day, 20 deg. C",13.6,Q2,MAX,Quantity2,kg/d,13.6,kg/d,,kg/d,,12/31/2024
PR0000370,002,00310,"BOD, 5-day, 20 deg. C",NA,C3,MAX,Concentration3,,,mg/L,,mg/L,C,01/31/2025
PR0000370,002,00310,"BOD, 5-day, 20 deg. C",NA,Q2,MAX,Quantity2,,,kg/d,,kg/d,C,01/31/2025
PR0000370,002,00310,"BOD, 5-day, 20 deg. C",NA,Q2,MAX,Quantity2,,,kg/d,,kg/d,C,02/28/2025
PR0000370,002,00310,"BOD, 5-day, 20 deg. C",NA,C3,MAX,Concentration3,,,mg/L,,mg/L,C,02/28/2025
PR0000370,002,00310,"BOD, 5-day, 20 deg. C",4,C3,MAX,Concentration3,mg/L,4,mg/L,,mg/L,,03/31/2025
PR0000370,002,00310,"BOD, 5-day, 20 deg. C",82.06,Q2,MAX,Quantity2,kg/d,82.06,kg/d,,kg/d,,03/31/2025
PR0000370,002,00310,"BOD, 5-day, 20 deg. C",NA,C3,MAX,Concentration3,,,mg/L,,mg/L,C,04/30/2025
PR0000370,002,00310,"BOD, 5-day, 20 deg. C",NA,Q2,MAX,Quantity2,,,kg/d,,kg/d,C,04/30/2025
PR0000370,002,00310,"BOD, 5-day, 20 deg. C",NA,Q2,MAX,Quantity2,,,kg/d,,kg/d,C,05/31/2025
PR0000370,002,00310,"BOD, 5-day, 20 deg. C",NA,C3,MAX,Concentration3,,,mg/L,,mg/L,C,05/31/2025
PR0000370,002,00310,"BOD, 5-day, 20 deg. C",NA,Q2,MAX,Quantity2,,,kg/d,,kg/d,C,06/30/2025
PR0000370,002,00310,"BOD, 5-day, 20 deg. C",NA,C3,MAX,Concentration3,,,mg/L,,mg/L,C,06/30/2025
PR0000370,002,00310,"BOD, 5-day, 20 deg. C",NA,Q2,MAX,Quantity2,,,kg/d,,kg/d,C,07/31/2025
PR0000370,002,00310,"BOD, 5-day, 20 deg. C",NA,C3,MAX,Concentration3,,,mg/L,,mg/L,C,07/31/2025
PR0000370,002,00310,"BOD, 5-day, 20 deg. C",NA,C3,MAX,Concentration3,,,mg/L,,mg/L,C,08/31/2025
PR0000370,002,00310,"BOD, 5-day, 20 deg. C",NA,Q2,MAX,Quantity2,,,kg/d,,kg/d,C,08/31/2025
PR0000370,002,00310,"BOD, 5-day, 20 deg. C",5,C3,MAX,Concentration3,mg/L,5,mg/L,,mg/L,,09/30/2025
PR0000370,002,00310,"BOD, 5-day, 20 deg. C",6.77,Q2,MAX,Quantity2,kg/d,6.77,kg/d,,kg/d,,09/30/2025
PR0000370,002,00310,"BOD, 5-day, 20 deg. C",NA,C3,MAX,Concentration3,,,mg/L,,mg/L,C,10/31/2025
PR0000370,002,00310,"BOD, 5-day, 20 deg. C",NA,Q2,MAX,Quantity2,,,kg/d,,kg/d,C,10/31/2025
PR0000370,002,00310,"BOD, 5-day, 20 deg. C",NA,C3,MAX,Concentration3,,,mg/L,,mg/L,C,11/30/2025
PR0000370,002,00310,"BOD, 5-day, 20 deg. C",NA,Q2,MAX,Quantity2,,,kg/d,,kg/d,C,11/30/2025
PR0000370,002,00310,"BOD, 5-day, 20 deg. C",NA,C3,MAX,Concentration3,,,mg/L,,mg/L,C,12/31/2025
PR0000370,002,00310,"BOD, 5-day, 20 deg. C",NA,Q2,MAX,Quantity2,,,kg/d,,kg/d,C,12/31/2025
PR0000370,002,00310,"BOD, 5-day, 20 deg. C",NA,C3,MAX,Concentration3,,,mg/L,,mg/L,C,01/31/2026
PR0000370,002,00310,"BOD, 5-day, 20 deg. C",NA,Q2,MAX,Quantity2,,,kg/d,,kg/d,C,01/31/2026
PR0000370,002,00400,pH,6.82,C3,MAX,Concentration3,SU,6.82,SU,9,SU,,01/31/2020
PR0000370,002,00400,pH,6.82,C1,MIN,Concentration1,SU,6.82,SU,6,SU,,01/31/2020
PR0000370,002,00400,pH,7.48,C3,MAX,Concentration3,SU,7.48,SU,9,SU,,02/29/2020
PR0000370,002,00400,pH,7.48,C1,MIN,Concentration1,SU,7.48,SU,6,SU,,02/29/2020
PR0000370,002,00400,pH,NA,C1,MIN,Concentration1,,,SU,6,SU,C,03/31/2020
PR0000370,002,00400,pH,NA,C3,MAX,Concentration3,,,SU,9,SU,C,03/31/2020
PR0000370,002,00400,pH,NA,C3,MAX,Concentration3,,,SU,9,SU,C,04/30/2020
PR0000370,002,00400,pH,NA,C1,MIN,Concentration1,,,SU,6,SU,C,04/30/2020
PR0000370,002,00400,pH,NA,C1,MIN,Concentration1,,,SU,6,SU,C,05/31/2020
PR0000370,002,00400,pH,NA,C3,MAX,Concentration3,,,SU,9,SU,C,05/31/2020
PR0000370,002,00400,pH,7.81,C1,MIN,Concentration1,SU,7.81,SU,6,SU,,06/30/2020
PR0000370,002,00400,pH,7.81,C3,MAX,Concentration3,SU,7.81,SU,9,SU,,06/30/2020
PR0000370,002,00400,pH,7.48,C1,MIN,Concentration1,SU,7.48,SU,6,SU,,07/31/2020
PR0000370,002,00400,pH,7.48,C3,MAX,Concentration3,SU,7.48,SU,9,SU,,07/31/2020
PR0000370,002,00400,pH,8.59,C1,MIN,Concentration1,SU,8.59,SU,6,SU,,08/31/2020
PR0000370,002,00400,pH,8.59,C3,MAX,Concentration3,SU,8.59,SU,9,SU,,08/31/2020
PR0000370,002,00400,pH,7.31,C1,MIN,Concentration1,SU,7.31,SU,6,SU,,09/30/2020
PR0000370,002,00400,pH,7.31,C3,MAX,Concentration3,SU,7.31,SU,9,SU,,09/30/2020
PR0000370,002,00400,pH,NA,C3,MAX,Concentration3,,,SU,9,SU,C,10/31/2020
PR0000370,002,00400,pH,NA,C1,MIN,Concentration1,,,SU,6,SU,C,10/31/2020
PR0000370,002,00400,pH,7.05,C1,MIN,Concentration1,SU,7.05,SU,6,SU,,11/30/2020
PR0000370,002,00400,pH,7.05,C3,MAX,Concentration3,SU,7.05,SU,9,SU,,11/30/2020
PR0000370,002,00400,pH,NA,C1,MIN,Concentration1,,,SU,6,SU,C,12/31/2020
PR0000370,002,00400,pH,NA,C3,MAX,Concentration3,,,SU,9,SU,C,12/31/2020
PR0000370,002,00400,pH,NA,C3,MAX,Concentration3,,,SU,9,SU,C,01/31/2021
PR0000370,002,00400,pH,NA,C1,MIN,Concentration1,,,SU,6,SU,C,01/31/2021
PR0000370,002,00400,pH,NA,C1,MIN,Concentration1,,,SU,6,SU,C,02/28/2021
PR0000370,002,00400,pH,NA,C3,MAX,Concentration3,,,SU,9,SU,C,02/28/2021
PR0000370,002,00400,pH,NA,C3,MAX,Concentration3,,,SU,9,SU,C,03/31/2021
PR0000370,002,00400,pH,NA,C1,MIN,Concentration1,,,SU,6,SU,C,03/31/2021
PR0000370,002,00400,pH,7.28,C1,MIN,Concentration1,SU,7.28,SU,6,SU,,04/30/2021
PR0000370,002,00400,pH,7.28,C3,MAX,Concentration3,SU,7.28,SU,9,SU,,04/30/2021
PR0000370,002,00400,pH,NA,C3,MAX,Concentration3,,,SU,9,SU,C,05/31/2021
PR0000370,002,00400,pH,NA,C1,MIN,Concentration1,,,SU,6,SU,C,05/31/2021
PR0000370,002,00400,pH,NA,C1,MIN,Concentration1,,,SU,6,SU,C,06/30/2021
PR0000370,002,00400,pH,NA,C3,MAX,Concentration3,,,SU,9,SU,C,06/30/2021
PR0000370,002,00400,pH,7.18,C3,MAX,Concentration3,SU,7.18,SU,9,SU,,07/31/2021
PR0000370,002,00400,pH,7.18,C1,MIN,Concentration1,SU,7.18,SU,6,SU,,07/31/2021
PR0000370,002,00400,pH,NA,C3,MAX,Concentration3,,,SU,9,SU,C,08/31/2021
PR0000370,002,00400,pH,NA,C1,MIN,Concentration1,,,SU,6,SU,C,08/31/2021
PR0000370,002,00400,pH,NA,C3,MAX,Concentration3,,,SU,9,SU,C,09/30/2021
PR0000370,002,00400,pH,NA,C1,MIN,Concentration1,,,SU,6,SU,C,09/30/2021
PR0000370,002,00400,pH,NA,C1,MIN,Concentration1,,,SU,6,SU,C,10/31/2021
PR0000370,002,00400,pH,NA,C3,MAX,Concentration3,,,SU,9,SU,C,10/31/2021
PR0000370,002,00400,pH,NA,C3,MAX,Concentration3,,,SU,9,SU,C,11/30/2021
PR0000370,002,00400,pH,NA,C1,MIN,Concentration1,,,SU,6,SU,C,11/30/2021
PR0000370,002,00400,pH,NA,C1,MIN,Concentration1,,,SU,6,SU,C,12/31/2021
PR0000370,002,00400,pH,NA,C3,MAX,Concentration3,,,SU,9,SU,C,12/31/2021
PR0000370,002,00400,pH,NA,C3,MAX,Concentration3,,,SU,9,SU,C,01/31/2022
PR0000370,002,00400,pH,NA,C1,MIN,Concentration1,,,SU,6,SU,C,01/31/2022
PR0000370,002,00400,pH,NA,C1,MIN,Concentration1,,,SU,6,SU,C,02/28/2022
PR0000370,002,00400,pH,NA,C3,MAX,Concentration3,,,SU,9,SU,C,02/28/2022
PR0000370,002,00400,pH,NA,C3,MAX,Concentration3,,,SU,9,SU,C,03/31/2022
PR0000370,002,00400,pH,NA,C1,MIN,Concentration1,,,SU,6,SU,C,03/31/2022
PR0000370,002,00400,pH,NA,C1,MIN,Concentration1,,,SU,6,SU,C,04/30/2022
PR0000370,002,00400,pH,NA,C3,MAX,Concentration3,,,SU,9,SU,C,04/30/2022
PR0000370,002,00400,pH,NA,C3,MAX,Concentration3,,,SU,9,SU,C,05/31/2022
PR0000370,002,00400,pH,NA,C1,MIN,Concentration1,,,SU,6,SU,C,05/31/2022
PR0000370,002,00400,pH,6.41,C1,MIN,Concentration1,SU,6.41,SU,6,SU,,06/30/2022
PR0000370,002,00400,pH,6.41,C3,MAX,Concentration3,SU,6.41,SU,9,SU,,06/30/2022
PR0000370,002,00400,pH,6.28,C3,MAX,Concentration3,SU,6.28,SU,9,SU,,07/31/2022
PR0000370,002,00400,pH,6.28,C1,MIN,Concentration1,SU,6.28,SU,6,SU,,07/31/2022
PR0000370,002,00400,pH,NA,C1,MIN,Concentration1,,,SU,6,SU,C,08/31/2022
PR0000370,002,00400,pH,NA,C3,MAX,Concentration3,,,SU,9,SU,C,08/31/2022
PR0000370,002,00400,pH,NA,C3,MAX,Concentration3,,,SU,9,SU,C,09/30/2022
PR0000370,002,00400,pH,NA,C1,MIN,Concentration1,,,SU,6,SU,C,09/30/2022
PR0000370,002,00400,pH,6.96,C1,MIN,Concentration1,SU,6.96,SU,6,SU,,10/31/2022
PR0000370,002,00400,pH,6.96,C3,MAX,Concentration3,SU,6.96,SU,9,SU,,10/31/2022
PR0000370,002,00400,pH,7.04,C3,MAX,Concentration3,SU,7.04,SU,9,SU,,11/30/2022
PR0000370,002,00400,pH,7.04,C1,MIN,Concentration1,SU,7.04,SU,6,SU,,11/30/2022
PR0000370,002,00400,pH,NA,C1,MIN,Concentration1,,,SU,6,SU,C,12/31/2022
PR0000370,002,00400,pH,NA,C3,MAX,Concentration3,,,SU,9,SU,C,12/31/2022
PR0000370,002,00400,pH,NA,C1,MIN,Concentration1,,,SU,6,SU,C,01/31/2023
PR0000370,002,00400,pH,NA,C3,MAX,Concentration3,,,SU,9,SU,C,01/31/2023
PR0000370,002,00400,pH,NA,C1,MIN,Concentration1,,,SU,6,SU,C,02/28/2023
PR0000370,002,00400,pH,NA,C3,MAX,Concentration3,,,SU,9,SU,C,02/28/2023
PR0000370,002,00400,pH,NA,C3,MAX,Concentration3,,,SU,9,SU,C,03/31/2023
PR0000370,002,00400,pH,NA,C1,MIN,Concentration1,,,SU,6,SU,C,03/31/2023
PR0000370,002,00400,pH,NA,C1,MIN,Concentration1,,,SU,6,SU,C,04/30/2023
PR0000370,002,00400,pH,NA,C3,MAX,Concentration3,,,SU,9,SU,C,04/30/2023
PR0000370,002,00400,pH,7.07,C1,MIN,Concentration1,SU,7.07,SU,6,SU,,05/31/2023
PR0000370,002,00400,pH,7.07,C3,MAX,Concentration3,SU,7.07,SU,9,SU,,05/31/2023
PR0000370,002,00400,pH,7.02,C3,MAX,Concentration3,SU,7.02,SU,9,SU,,06/30/2023
PR0000370,002,00400,pH,7.02,C1,MIN,Concentration1,SU,7.02,SU,6,SU,,06/30/2023
PR0000370,002,00400,pH,7.21,C1,MIN,Concentration1,SU,7.21,SU,6,SU,,07/31/2023
PR0000370,002,00400,pH,7.21,C3,MAX,Concentration3,SU,7.21,SU,9,SU,,07/31/2023
PR0000370,002,00400,pH,7.13,C3,MAX,Concentration3,SU,7.13,SU,9,SU,,08/31/2023
PR0000370,002,00400,pH,7.13,C1,MIN,Concentration1,SU,7.13,SU,6,SU,,08/31/2023
PR0000370,002,00400,pH,NA,C1,MIN,Concentration1,,,SU,6,SU,C,09/30/2023
PR0000370,002,00400,pH,NA,C3,MAX,Concentration3,,,SU,9,SU,C,09/30/2023
PR0000370,002,00400,pH,NA,C3,MAX,Concentration3,,,SU,9,SU,C,10/31/2023
PR0000370,002,00400,pH,NA,C1,MIN,Concentration1,,,SU,6,SU,C,10/31/2023
PR0000370,002,00400,pH,NA,C3,MAX,Concentration3,,,SU,9,SU,C,11/30/2023
PR0000370,002,00400,pH,NA,C1,MIN,Concentration1,,,SU,6,SU,C,11/30/2023
PR0000370,002,00400,pH,NA,C1,MIN,Concentration1,,,SU,6,SU,C,12/31/2023
PR0000370,002,00400,pH,NA,C3,MAX,Concentration3,,,SU,9,SU,C,12/31/2023
PR0000370,002,00400,pH,6.98,C3,MAX,Concentration3,SU,6.98,SU,9,SU,,01/31/2024
PR0000370,002,00400,pH,6.98,C1,MIN,Concentration1,SU,6.98,SU,6,SU,,01/31/2024
PR0000370,002,00400,pH,6.1,C1,MIN,Concentration1,SU,6.1,SU,6,SU,,02/29/2024
PR0000370,002,00400,pH,6.1,C3,MAX,Concentration3,SU,6.1,SU,9,SU,,02/29/2024
PR0000370,002,00400,pH,NA,C3,MAX,Concentration3,,,SU,9,SU,C,03/31/2024
PR0000370,002,00400,pH,NA,C1,MIN,Concentration1,,,SU,6,SU,C,03/31/2024
PR0000370,002,00400,pH,7.68,C1,MIN,Concentration1,SU,7.68,SU,6,SU,,04/30/2024
PR0000370,002,00400,pH,7.68,C3,MAX,Concentration3,SU,7.68,SU,9,SU,,04/30/2024
PR0000370,002,00400,pH,NA,C3,MAX,Concentration3,,,SU,9,SU,C,05/31/2024
PR0000370,002,00400,pH,NA,C1,MIN,Concentration1,,,SU,6,SU,C,05/31/2024
PR0000370,002,00400,pH,NA,C1,MIN,Concentration1,,,SU,6,SU,C,06/30/2024
PR0000370,002,00400,pH,NA,C3,MAX,Concentration3,,,SU,9,SU,C,06/30/2024
PR0000370,002,00400,pH,NA,C3,MAX,Concentration3,,,SU,9,SU,C,07/31/2024
PR0000370,002,00400,pH,NA,C1,MIN,Concentration1,,,SU,6,SU,C,07/31/2024
PR0000370,002,00400,pH,NA,C1,MIN,Concentration1,,,SU,6,SU,C,08/31/2024
PR0000370,002,00400,pH,NA,C3,MAX,Concentration3,,,SU,9,SU,C,08/31/2024
PR0000370,002,00400,pH,NA,C3,MAX,Concentration3,,,SU,9,SU,C,09/30/2024
PR0000370,002,00400,pH,NA,C1,MIN,Concentration1,,,SU,6,SU,C,09/30/2024
PR0000370,002,00400,pH,6.5,C1,MIN,Concentration1,SU,6.5,SU,6,SU,,10/31/2024
PR0000370,002,00400,pH,6.5,C3,MAX,Concentration3,SU,6.5,SU,9,SU,,10/31/2024
PR0000370,002,00400,pH,NA,C1,MIN,Concentration1,,,SU,6,SU,C,11/30/2024
PR0000370,002,00400,pH,NA,C3,MAX,Concentration3,,,SU,9,SU,C,11/30/2024
PR0000370,002,00400,pH,7.1,C3,MAX,Concentration3,SU,7.1,SU,9,SU,,12/31/2024
PR0000370,002,00400,pH,7.1,C1,MIN,Concentration1,SU,7.1,SU,6,SU,,12/31/2024
PR0000370,002,00400,pH,NA,C3,MAX,Concentration3,,,SU,9,SU,C,01/31/2025
PR0000370,002,00400,pH,NA,C1,MIN,Concentration1,,,SU,6,SU,C,01/31/2025
PR0000370,002,00400,pH,NA,C3,MAX,Concentration3,,,SU,9,SU,C,02/28/2025
PR0000370,002,00400,pH,NA,C1,MIN,Concentration1,,,SU,6,SU,C,02/28/2025
PR0000370,002,00400,pH,7.94,C3,MAX,Concentration3,SU,7.94,SU,9,SU,,03/31/2025
PR0000370,002,00400,pH,7.94,C1,MIN,Concentration1,SU,7.94,SU,6,SU,,03/31/2025
PR0000370,002,00400,pH,NA,C3,MAX,Concentration3,,,SU,9,SU,C,04/30/2025
PR0000370,002,00400,pH,NA,C1,MIN,Concentration1,,,SU,6,SU,C,04/30/2025
PR0000370,002,00400,pH,NA,C3,MAX,Concentration3,,,SU,9,SU,C,05/31/2025
PR0000370,002,00400,pH,NA,C1,MIN,Concentration1,,,SU,6,SU,C,05/31/2025
PR0000370,002,00400,pH,NA,C3,MAX,Concentration3,,,SU,9,SU,C,06/30/2025
PR0000370,002,00400,pH,NA,C1,MIN,Concentration1,,,SU,6,SU,C,06/30/2025
PR0000370,002,00400,pH,NA,C3,MAX,Concentration3,,,SU,9,SU,C,07/31/2025
PR0000370,002,00400,pH,NA,C1,MIN,Concentration1,,,SU,6,SU,C,07/31/2025
PR0000370,002,00400,pH,NA,C1,MIN,Concentration1,,,SU,6,SU,C,08/31/2025
PR0000370,002,00400,pH,NA,C3,MAX,Concentration3,,,SU,9,SU,C,08/31/2025
PR0000370,002,00400,pH,6.58,C3,MAX,Concentration3,SU,6.58,SU,9,SU,,09/30/2025
PR0000370,002,00400,pH,6.58,C1,MIN,Concentration1,SU,6.58,SU,6,SU,,09/30/2025
PR0000370,002,00400,pH,NA,C3,MAX,Concentration3,,,SU,9,SU,C,10/31/2025
PR0000370,002,00400,pH,NA,C1,MIN,Concentration1,,,SU,6,SU,C,10/31/2025
PR0000370,002,00400,pH,NA,C1,MIN,Concentration1,,,SU,6,SU,C,11/30/2025
PR0000370,002,00400,pH,NA,C3,MAX,Concentration3,,,SU,9,SU,C,11/30/2025
PR0000370,002,00400,pH,NA,C1,MIN,Concentration1,,,SU,6,SU,C,12/31/2025
PR0000370,002,00400,pH,NA,C3,MAX,Concentration3,,,SU,9,SU,C,12/31/2025
PR0000370,002,00400,pH,NA,C3,MAX,Concentration3,,,SU,9,SU,C,01/31/2026
PR0000370,002,00400,pH,NA,C1,MIN,Concentration1,,,SU,6,SU,C,01/31/2026
PR0000370,002,00530,"Solids, total suspended",11.3,C2,AVG,Concentration2,mg/L,11.3,mg/L,,mg/L,,01/31/2020
PR0000370,002,00530,"Solids, total suspended",11.3,C3,MAX,Concentration3,mg/L,11.3,mg/L,,mg/L,,01/31/2020
PR0000370,002,00530,"Solids, total suspended",21.3,C2,AVG,Concentration2,mg/L,21.3,mg/L,,mg/L,,02/29/2020
PR0000370,002,00530,"Solids, total suspended",21.3,C3,MAX,Concentration3,mg/L,21.3,mg/L,,mg/L,,02/29/2020
PR0000370,002,00530,"Solids, total suspended",NA,C3,MAX,Concentration3,,,mg/L,,mg/L,C,03/31/2020
PR0000370,002,00530,"Solids, total suspended",NA,C2,AVG,Concentration2,,,mg/L,,mg/L,C,03/31/2020
PR0000370,002,00530,"Solids, total suspended",NA,C3,MAX,Concentration3,,,mg/L,,mg/L,C,04/30/2020
PR0000370,002,00530,"Solids, total suspended",NA,C2,AVG,Concentration2,,,mg/L,,mg/L,C,04/30/2020
PR0000370,002,00530,"Solids, total suspended",NA,C2,AVG,Concentration2,,,mg/L,,mg/L,C,05/31/2020
PR0000370,002,00530,"Solids, total suspended",NA,C3,MAX,Concentration3,,,mg/L,,mg/L,C,05/31/2020
PR0000370,002,00530,"Solids, total suspended",19.3,C2,AVG,Concentration2,mg/L,19.3,mg/L,,mg/L,,06/30/2020
PR0000370,002,00530,"Solids, total suspended",19.3,C3,MAX,Concentration3,mg/L,19.3,mg/L,,mg/L,,06/30/2020
PR0000370,002,00530,"Solids, total suspended",15.7,C2,AVG,Concentration2,mg/L,15.7,mg/L,,mg/L,,07/31/2020
PR0000370,002,00530,"Solids, total suspended",15.7,C3,MAX,Concentration3,mg/L,15.7,mg/L,,mg/L,,07/31/2020
PR0000370,002,00530,"Solids, total suspended",35.3,C2,AVG,Concentration2,mg/L,35.3,mg/L,,mg/L,,08/31/2020
PR0000370,002,00530,"Solids, total suspended",35.3,C3,MAX,Concentration3,mg/L,35.3,mg/L,,mg/L,,08/31/2020
PR0000370,002,00530,"Solids, total suspended",40,C3,MAX,Concentration3,mg/L,40,mg/L,,mg/L,,09/30/2020
PR0000370,002,00530,"Solids, total suspended",40,C2,AVG,Concentration2,mg/L,40,mg/L,,mg/L,,09/30/2020
PR0000370,002,00530,"Solids, total suspended",NA,C2,AVG,Concentration2,,,mg/L,,mg/L,C,10/31/2020
PR0000370,002,00530,"Solids, total suspended",NA,C3,MAX,Concentration3,,,mg/L,,mg/L,C,10/31/2020
PR0000370,002,00530,"Solids, total suspended",31.2,C2,AVG,Concentration2,mg/L,31.2,mg/L,,mg/L,,11/30/2020
PR0000370,002,00530,"Solids, total suspended",31.2,C3,MAX,Concentration3,mg/L,31.2,mg/L,,mg/L,,11/30/2020
PR0000370,002,00530,"Solids, total suspended",NA,C2,AVG,Concentration2,,,mg/L,,mg/L,C,12/31/2020
PR0000370,002,00530,"Solids, total suspended",NA,C3,MAX,Concentration3,,,mg/L,,mg/L,C,12/31/2020
PR0000370,002,00530,"Solids, total suspended",NA,C3,MAX,Concentration3,,,mg/L,,mg/L,C,01/31/2021
PR0000370,002,00530,"Solids, total suspended",NA,C2,AVG,Concentration2,,,mg/L,,mg/L,C,01/31/2021
PR0000370,002,00530,"Solids, total suspended",NA,C2,AVG,Concentration2,,,mg/L,,mg/L,C,02/28/2021
PR0000370,002,00530,"Solids, total suspended",NA,C3,MAX,Concentration3,,,mg/L,,mg/L,C,02/28/2021
PR0000370,002,00530,"Solids, total suspended",NA,C3,MAX,Concentration3,,,mg/L,,mg/L,C,03/31/2021
PR0000370,002,00530,"Solids, total suspended",NA,C2,AVG,Concentration2,,,mg/L,,mg/L,C,03/31/2021
PR0000370,002,00530,"Solids, total suspended",11.7,C2,AVG,Concentration2,mg/L,11.7,mg/L,,mg/L,,04/30/2021
PR0000370,002,00530,"Solids, total suspended",11.7,C3,MAX,Concentration3,mg/L,11.7,mg/L,,mg/L,,04/30/2021
PR0000370,002,00530,"Solids, total suspended",NA,C3,MAX,Concentration3,,,mg/L,,mg/L,C,05/31/2021
PR0000370,002,00530,"Solids, total suspended",NA,C2,AVG,Concentration2,,,mg/L,,mg/L,C,05/31/2021
PR0000370,002,00530,"Solids, total suspended",NA,C2,AVG,Concentration2,,,mg/L,,mg/L,C,06/30/2021
PR0000370,002,00530,"Solids, total suspended",NA,C3,MAX,Concentration3,,,mg/L,,mg/L,C,06/30/2021
PR0000370,002,00530,"Solids, total suspended",23.7,C3,MAX,Concentration3,mg/L,23.7,mg/L,,mg/L,,07/31/2021
PR0000370,002,00530,"Solids, total suspended",23.7,C2,AVG,Concentration2,mg/L,23.7,mg/L,,mg/L,,07/31/2021
PR0000370,002,00530,"Solids, total suspended",NA,C3,MAX,Concentration3,,,mg/L,,mg/L,C,08/31/2021
PR0000370,002,00530,"Solids, total suspended",NA,C2,AVG,Concentration2,,,mg/L,,mg/L,C,08/31/2021
PR0000370,002,00530,"Solids, total suspended",NA,C3,MAX,Concentration3,,,mg/L,,mg/L,C,09/30/2021
PR0000370,002,00530,"Solids, total suspended",NA,C2,AVG,Concentration2,,,mg/L,,mg/L,C,09/30/2021
PR0000370,002,00530,"Solids, total suspended",NA,C2,AVG,Concentration2,,,mg/L,,mg/L,C,10/31/2021
PR0000370,002,00530,"Solids, total suspended",NA,C3,MAX,Concentration3,,,mg/L,,mg/L,C,10/31/2021
PR0000370,002,00530,"Solids, total suspended",NA,C3,MAX,Concentration3,,,mg/L,,mg/L,C,11/30/2021
PR0000370,002,00530,"Solids, total suspended",NA,C2,AVG,Concentration2,,,mg/L,,mg/L,C,11/30/2021
PR0000370,002,00530,"Solids, total suspended",NA,C2,AVG,Concentration2,,,mg/L,,mg/L,C,12/31/2021
PR0000370,002,00530,"Solids, total suspended",NA,C3,MAX,Concentration3,,,mg/L,,mg/L,C,12/31/2021
PR0000370,002,00530,"Solids, total suspended",NA,C2,AVG,Concentration2,,,mg/L,,mg/L,C,01/31/2022
PR0000370,002,00530,"Solids, total suspended",NA,C3,MAX,Concentration3,,,mg/L,,mg/L,C,01/31/2022
PR0000370,002,00530,"Solids, total suspended",NA,C3,MAX,Concentration3,,,mg/L,,mg/L,C,02/28/2022
PR0000370,002,00530,"Solids, total suspended",NA,C2,AVG,Concentration2,,,mg/L,,mg/L,C,02/28/2022
PR0000370,002,00530,"Solids, total suspended",NA,C2,AVG,Concentration2,,,mg/L,,mg/L,C,03/31/2022
PR0000370,002,00530,"Solids, total suspended",NA,C3,MAX,Concentration3,,,mg/L,,mg/L,C,03/31/2022
PR0000370,002,00530,"Solids, total suspended",NA,C2,AVG,Concentration2,,,mg/L,,mg/L,C,04/30/2022
PR0000370,002,00530,"Solids, total suspended",NA,C3,MAX,Concentration3,,,mg/L,,mg/L,C,04/30/2022
PR0000370,002,00530,"Solids, total suspended",NA,C2,AVG,Concentration2,,,mg/L,,mg/L,C,05/31/2022
PR0000370,002,00530,"Solids, total suspended",NA,C3,MAX,Concentration3,,,mg/L,,mg/L,C,05/31/2022
PR0000370,002,00530,"Solids, total suspended",111,C2,AVG,Concentration2,mg/L,111,mg/L,,mg/L,,06/30/2022
PR0000370,002,00530,"Solids, total suspended",111,C3,MAX,Concentration3,mg/L,111,mg/L,,mg/L,,06/30/2022
PR0000370,002,00530,"Solids, total suspended",23,C3,MAX,Concentration3,mg/L,23,mg/L,,mg/L,,07/31/2022
PR0000370,002,00530,"Solids, total suspended",23,C2,AVG,Concentration2,mg/L,23,mg/L,,mg/L,,07/31/2022
PR0000370,002,00530,"Solids, total suspended",NA,C3,MAX,Concentration3,,,mg/L,,mg/L,C,08/31/2022
PR0000370,002,00530,"Solids, total suspended",NA,C2,AVG,Concentration2,,,mg/L,,mg/L,C,08/31/2022
PR0000370,002,00530,"Solids, total suspended",NA,C2,AVG,Concentration2,,,mg/L,,mg/L,C,09/30/2022
PR0000370,002,00530,"Solids, total suspended",NA,C3,MAX,Concentration3,,,mg/L,,mg/L,C,09/30/2022
PR0000370,002,00530,"Solids, total suspended",73,C3,MAX,Concentration3,mg/L,73,mg/L,,mg/L,,10/31/2022
PR0000370,002,00530,"Solids, total suspended",73,C2,AVG,Concentration2,mg/L,73,mg/L,,mg/L,,10/31/2022
PR0000370,002,00530,"Solids, total suspended",71.6,C2,AVG,Concentration2,mg/L,71.6,mg/L,,mg/L,,11/30/2022
PR0000370,002,00530,"Solids, total suspended",71.6,C3,MAX,Concentration3,mg/L,71.6,mg/L,,mg/L,,11/30/2022
PR0000370,002,00530,"Solids, total suspended",NA,C2,AVG,Concentration2,,,mg/L,,mg/L,C,12/31/2022
PR0000370,002,00530,"Solids, total suspended",NA,C3,MAX,Concentration3,,,mg/L,,mg/L,C,12/31/2022
PR0000370,002,00530,"Solids, total suspended",NA,C3,MAX,Concentration3,,,mg/L,,mg/L,C,01/31/2023
PR0000370,002,00530,"Solids, total suspended",NA,C2,AVG,Concentration2,,,mg/L,,mg/L,C,01/31/2023
PR0000370,002,00530,"Solids, total suspended",NA,C2,AVG,Concentration2,,,mg/L,,mg/L,C,02/28/2023
PR0000370,002,00530,"Solids, total suspended",NA,C3,MAX,Concentration3,,,mg/L,,mg/L,C,02/28/2023
PR0000370,002,00530,"Solids, total suspended",NA,C3,MAX,Concentration3,,,mg/L,,mg/L,C,03/31/2023
PR0000370,002,00530,"Solids, total suspended",NA,C2,AVG,Concentration2,,,mg/L,,mg/L,C,03/31/2023
PR0000370,002,00530,"Solids, total suspended",NA,C2,AVG,Concentration2,,,mg/L,,mg/L,C,04/30/2023
PR0000370,002,00530,"Solids, total suspended",NA,C3,MAX,Concentration3,,,mg/L,,mg/L,C,04/30/2023
PR0000370,002,00530,"Solids, total suspended",79,C3,MAX,Concentration3,mg/L,79,mg/L,,mg/L,,05/31/2023
PR0000370,002,00530,"Solids, total suspended",79,C2,AVG,Concentration2,mg/L,79,mg/L,,mg/L,,05/31/2023
PR0000370,002,00530,"Solids, total suspended",9,C2,AVG,Concentration2,mg/L,9,mg/L,,mg/L,,06/30/2023
PR0000370,002,00530,"Solids, total suspended",9,C3,MAX,Concentration3,mg/L,9,mg/L,,mg/L,,06/30/2023
PR0000370,002,00530,"Solids, total suspended",45.3,C3,MAX,Concentration3,mg/L,45.3,mg/L,,mg/L,,07/31/2023
PR0000370,002,00530,"Solids, total suspended",45.3,C2,AVG,Concentration2,mg/L,45.3,mg/L,,mg/L,,07/31/2023
PR0000370,002,00530,"Solids, total suspended",74,C2,AVG,Concentration2,mg/L,74,mg/L,,mg/L,,08/31/2023
PR0000370,002,00530,"Solids, total suspended",74,C3,MAX,Concentration3,mg/L,74,mg/L,,mg/L,,08/31/2023
PR0000370,002,00530,"Solids, total suspended",NA,C3,MAX,Concentration3,,,mg/L,,mg/L,C,09/30/2023
PR0000370,002,00530,"Solids, total suspended",NA,C2,AVG,Concentration2,,,mg/L,,mg/L,C,09/30/2023
PR0000370,002,00530,"Solids, total suspended",NA,C2,AVG,Concentration2,,,mg/L,,mg/L,C,10/31/2023
PR0000370,002,00530,"Solids, total suspended",NA,C3,MAX,Concentration3,,,mg/L,,mg/L,C,10/31/2023
PR0000370,002,00530,"Solids, total suspended",NA,C3,MAX,Concentration3,,,mg/L,,mg/L,C,11/30/2023
PR0000370,002,00530,"Solids, total suspended",NA,C2,AVG,Concentration2,,,mg/L,,mg/L,C,11/30/2023
PR0000370,002,00530,"Solids, total suspended",NA,C2,AVG,Concentration2,,,mg/L,,mg/L,C,12/31/2023
PR0000370,002,00530,"Solids, total suspended",NA,C3,MAX,Concentration3,,,mg/L,,mg/L,C,12/31/2023
PR0000370,002,00530,"Solids, total suspended",20,C3,MAX,Concentration3,mg/L,20,mg/L,,mg/L,,01/31/2024
PR0000370,002,00530,"Solids, total suspended",20,C2,AVG,Concentration2,mg/L,20,mg/L,,mg/L,,01/31/2024
PR0000370,002,00530,"Solids, total suspended",20.3,C2,AVG,Concentration2,mg/L,20.3,mg/L,,mg/L,,02/29/2024
PR0000370,002,00530,"Solids, total suspended",20.3,C3,MAX,Concentration3,mg/L,20.3,mg/L,,mg/L,,02/29/2024
PR0000370,002,00530,"Solids, total suspended",NA,C3,MAX,Concentration3,,,mg/L,,mg/L,C,03/31/2024
PR0000370,002,00530,"Solids, total suspended",NA,C2,AVG,Concentration2,,,mg/L,,mg/L,C,03/31/2024
PR0000370,002,00530,"Solids, total suspended",37.7,C2,AVG,Concentration2,mg/L,37.7,mg/L,,mg/L,,04/30/2024
PR0000370,002,00530,"Solids, total suspended",37.7,C3,MAX,Concentration3,mg/L,37.7,mg/L,,mg/L,,04/30/2024
PR0000370,002,00530,"Solids, total suspended",NA,C3,MAX,Concentration3,,,mg/L,,mg/L,C,05/31/2024
PR0000370,002,00530,"Solids, total suspended",NA,C2,AVG,Concentration2,,,mg/L,,mg/L,C,05/31/2024
PR0000370,002,00530,"Solids, total suspended",NA,C2,AVG,Concentration2,,,mg/L,,mg/L,C,06/30/2024
PR0000370,002,00530,"Solids, total suspended",NA,C3,MAX,Concentration3,,,mg/L,,mg/L,C,06/30/2024
PR0000370,002,00530,"Solids, total suspended",NA,C3,MAX,Concentration3,,,mg/L,,mg/L,C,07/31/2024
PR0000370,002,00530,"Solids, total suspended",NA,C2,AVG,Concentration2,,,mg/L,,mg/L,C,07/31/2024
PR0000370,002,00530,"Solids, total suspended",NA,C2,AVG,Concentration2,,,mg/L,,mg/L,C,08/31/2024
PR0000370,002,00530,"Solids, total suspended",NA,C3,MAX,Concentration3,,,mg/L,,mg/L,C,08/31/2024
PR0000370,002,00530,"Solids, total suspended",NA,C3,MAX,Concentration3,,,mg/L,,mg/L,C,09/30/2024
PR0000370,002,00530,"Solids, total suspended",NA,C2,AVG,Concentration2,,,mg/L,,mg/L,C,09/30/2024
PR0000370,002,00530,"Solids, total suspended",45,C2,AVG,Concentration2,mg/L,45,mg/L,,mg/L,,10/31/2024
PR0000370,002,00530,"Solids, total suspended",45,C3,MAX,Concentration3,mg/L,45,mg/L,,mg/L,,10/31/2024
PR0000370,002,00530,"Solids, total suspended",NA,C3,MAX,Concentration3,,,mg/L,,mg/L,C,11/30/2024
PR0000370,002,00530,"Solids, total suspended",NA,C2,AVG,Concentration2,,,mg/L,,mg/L,C,11/30/2024
PR0000370,002,00530,"Solids, total suspended",60.3,C2,AVG,Concentration2,mg/L,60.3,mg/L,,mg/L,,12/31/2024
PR0000370,002,00530,"Solids, total suspended",60.3,C3,MAX,Concentration3,mg/L,60.3,mg/L,,mg/L,,12/31/2024
PR0000370,002,00530,"Solids, total suspended",NA,C3,MAX,Concentration3,,,mg/L,,mg/L,C,01/31/2025
PR0000370,002,00530,"Solids, total suspended",NA,C2,AVG,Concentration2,,,mg/L,,mg/L,C,01/31/2025
PR0000370,002,00530,"Solids, total suspended",NA,C3,MAX,Concentration3,,,mg/L,,mg/L,C,02/28/2025
PR0000370,002,00530,"Solids, total suspended",NA,C2,AVG,Concentration2,,,mg/L,,mg/L,C,02/28/2025
PR0000370,002,00530,"Solids, total suspended",13.3,C2,AVG,Concentration2,mg/L,13.3,mg/L,,mg/L,,03/31/2025
PR0000370,002,00530,"Solids, total suspended",13.3,C3,MAX,Concentration3,mg/L,13.3,mg/L,,mg/L,,03/31/2025
PR0000370,002,00530,"Solids, total suspended",NA,C2,AVG,Concentration2,,,mg/L,,mg/L,C,04/30/2025
PR0000370,002,00530,"Solids, total suspended",NA,C3,MAX,Concentration3,,,mg/L,,mg/L,C,04/30/2025
PR0000370,002,00530,"Solids, total suspended",NA,C3,MAX,Concentration3,,,mg/L,,mg/L,C,05/31/2025
PR0000370,002,00530,"Solids, total suspended",NA,C2,AVG,Concentration2,,,mg/L,,mg/L,C,05/31/2025
PR0000370,002,00530,"Solids, total suspended",NA,C2,AVG,Concentration2,,,mg/L,,mg/L,C,06/30/2025
PR0000370,002,00530,"Solids, total suspended",NA,C3,MAX,Concentration3,,,mg/L,,mg/L,C,06/30/2025
PR0000370,002,00530,"Solids, total suspended",NA,C3,MAX,Concentration3,,,mg/L,,mg/L,C,07/31/2025
PR0000370,002,00530,"Solids, total suspended",NA,C2,AVG,Concentration2,,,mg/L,,mg/L,C,07/31/2025
PR0000370,002,00530,"Solids, total suspended",NA,C2,AVG,Concentration2,,,mg/L,,mg/L,C,08/31/2025
PR0000370,002,00530,"Solids, total suspended",NA,C3,MAX,Concentration3,,,mg/L,,mg/L,C,08/31/2025
PR0000370,002,00530,"Solids, total suspended",17.7,C3,MAX,Concentration3,mg/L,17.7,mg/L,,mg/L,,09/30/2025
PR0000370,002,00530,"Solids, total suspended",17.7,C2,AVG,Concentration2,mg/L,17.7,mg/L,,mg/L,,09/30/2025
PR0000370,002,00530,"Solids, total suspended",NA,C2,AVG,Concentration2,,,mg/L,,mg/L,C,10/31/2025
PR0000370,002,00530,"Solids, total suspended",NA,C3,MAX,Concentration3,,,mg/L,,mg/L,C,10/31/2025
PR0000370,002,00530,"Solids, total suspended",NA,C3,MAX,Concentration3,,,mg/L,,mg/L,C,11/30/2025
PR0000370,002,00530,"Solids, total suspended",NA,C2,AVG,Concentration2,,,mg/L,,mg/L,C,11/30/2025
PR0000370,002,00530,"Solids, total suspended",NA,C2,AVG,Concentration2,,,mg/L,,mg/L,C,12/31/2025
PR0000370,002,00530,"Solids, total suspended",NA,C3,MAX,Concentration3,,,mg/L,,mg/L,C,12/31/2025
PR0000370,002,00530,"Solids, total suspended",NA,C3,MAX,Concentration3,,,mg/L,,mg/L,C,01/31/2026
PR0000370,002,00530,"Solids, total suspended",NA,C2,AVG,Concentration2,,,mg/L,,mg/L,C,01/31/2026
PR0000370,002,00545,"Solids, settleable",0.1,C3,MAX,Concentration3,mL/L,.0001,mg/L,,mL/L,,01/31/2020
PR0000370,002,00545,"Solids, settleable",0.1,C3,MAX,Concentration3,mL/L,.0001,mg/L,,mL/L,,02/29/2020
PR0000370,002,00545,"Solids, settleable",NA,C3,MAX,Concentration3,,,mg/L,,mL/L,C,03/31/2020
PR0000370,002,00545,"Solids, settleable",NA,C3,MAX,Concentration3,,,mg/L,,mL/L,C,04/30/2020
PR0000370,002,00545,"Solids, settleable",NA,C3,MAX,Concentration3,,,mg/L,,mL/L,C,05/31/2020
PR0000370,002,00545,"Solids, settleable",0.1,C3,MAX,Concentration3,mL/L,.0001,mg/L,,mL/L,,06/30/2020
PR0000370,002,00545,"Solids, settleable",0.1,C3,MAX,Concentration3,mL/L,.0001,mg/L,,mL/L,,07/31/2020
PR0000370,002,00545,"Solids, settleable",0.1,C3,MAX,Concentration3,mL/L,.0001,mg/L,,mL/L,,08/31/2020
PR0000370,002,00545,"Solids, settleable",0.1,C3,MAX,Concentration3,mL/L,.0001,mg/L,,mL/L,,09/30/2020
PR0000370,002,00545,"Solids, settleable",NA,C3,MAX,Concentration3,,,mg/L,,mL/L,C,10/31/2020
PR0000370,002,00545,"Solids, settleable",0.1,C3,MAX,Concentration3,mL/L,.0001,mg/L,,mL/L,,11/30/2020
PR0000370,002,00545,"Solids, settleable",NA,C3,MAX,Concentration3,,,mg/L,,mL/L,C,12/31/2020
PR0000370,002,00545,"Solids, settleable",NA,C3,MAX,Concentration3,,,mg/L,,mL/L,C,01/31/2021
PR0000370,002,00545,"Solids, settleable",NA,C3,MAX,Concentration3,,,mg/L,,mL/L,C,02/28/2021
PR0000370,002,00545,"Solids, settleable",NA,C3,MAX,Concentration3,,,mg/L,,mL/L,C,03/31/2021
PR0000370,002,00545,"Solids, settleable",0.1,C3,MAX,Concentration3,mL/L,.0001,mg/L,,mL/L,,04/30/2021
PR0000370,002,00545,"Solids, settleable",NA,C3,MAX,Concentration3,,,mg/L,,mL/L,C,05/31/2021
PR0000370,002,00545,"Solids, settleable",NA,C3,MAX,Concentration3,,,mg/L,,mL/L,C,06/30/2021
PR0000370,002,00545,"Solids, settleable",0.1,C3,MAX,Concentration3,mL/L,.0001,mg/L,,mL/L,,07/31/2021
PR0000370,002,00545,"Solids, settleable",NA,C3,MAX,Concentration3,,,mg/L,,mL/L,C,08/31/2021
PR0000370,002,00545,"Solids, settleable",NA,C3,MAX,Concentration3,,,mg/L,,mL/L,C,09/30/2021
PR0000370,002,00545,"Solids, settleable",NA,C3,MAX,Concentration3,,,mg/L,,mL/L,C,10/31/2021
PR0000370,002,00545,"Solids, settleable",NA,C3,MAX,Concentration3,,,mg/L,,mL/L,C,11/30/2021
PR0000370,002,00545,"Solids, settleable",NA,C3,MAX,Concentration3,,,mg/L,,mL/L,C,12/31/2021
PR0000370,002,00545,"Solids, settleable",NA,C3,MAX,Concentration3,,,mg/L,,mL/L,C,01/31/2022
PR0000370,002,00545,"Solids, settleable",NA,C3,MAX,Concentration3,,,mg/L,,mL/L,C,02/28/2022
PR0000370,002,00545,"Solids, settleable",NA,C3,MAX,Concentration3,,,mg/L,,mL/L,C,03/31/2022
PR0000370,002,00545,"Solids, settleable",NA,C3,MAX,Concentration3,,,mg/L,,mL/L,C,04/30/2022
PR0000370,002,00545,"Solids, settleable",NA,C3,MAX,Concentration3,,,mg/L,,mL/L,C,05/31/2022
PR0000370,002,00545,"Solids, settleable",0.3,C3,MAX,Concentration3,mL/L,.0003,mg/L,,mL/L,,06/30/2022
PR0000370,002,00545,"Solids, settleable",1,C3,MAX,Concentration3,mL/L,.001,mg/L,,mL/L,,07/31/2022
PR0000370,002,00545,"Solids, settleable",NA,C3,MAX,Concentration3,,,mg/L,,mL/L,C,08/31/2022
PR0000370,002,00545,"Solids, settleable",NA,C3,MAX,Concentration3,,,mg/L,,mL/L,C,09/30/2022
PR0000370,002,00545,"Solids, settleable",0.1,C3,MAX,Concentration3,mL/L,.0001,mg/L,,mL/L,,10/31/2022
PR0000370,002,00545,"Solids, settleable",0.1,C3,MAX,Concentration3,mL/L,.0001,mg/L,,mL/L,,11/30/2022
PR0000370,002,00545,"Solids, settleable",NA,C3,MAX,Concentration3,,,mg/L,,mL/L,C,12/31/2022
PR0000370,002,00545,"Solids, settleable",NA,C3,MAX,Concentration3,,,mg/L,,mL/L,C,01/31/2023
PR0000370,002,00545,"Solids, settleable",NA,C3,MAX,Concentration3,,,mg/L,,mL/L,C,02/28/2023
PR0000370,002,00545,"Solids, settleable",NA,C3,MAX,Concentration3,,,mg/L,,mL/L,C,03/31/2023
PR0000370,002,00545,"Solids, settleable",NA,C3,MAX,Concentration3,,,mg/L,,mL/L,C,04/30/2023
PR0000370,002,00545,"Solids, settleable",0.1,C3,MAX,Concentration3,mL/L,.0001,mg/L,,mL/L,,05/31/2023
PR0000370,002,00545,"Solids, settleable",0.1,C3,MAX,Concentration3,mL/L,.0001,mg/L,,mL/L,,06/30/2023
PR0000370,002,00545,"Solids, settleable",0.1,C3,MAX,Concentration3,mL/L,.0001,mg/L,,mL/L,,07/31/2023
PR0000370,002,00545,"Solids, settleable",0.1,C3,MAX,Concentration3,mL/L,.0001,mg/L,,mL/L,,08/31/2023
PR0000370,002,00545,"Solids, settleable",NA,C3,MAX,Concentration3,,,mg/L,,mL/L,C,09/30/2023
PR0000370,002,00545,"Solids, settleable",NA,C3,MAX,Concentration3,,,mg/L,,mL/L,C,10/31/2023
PR0000370,002,00545,"Solids, settleable",NA,C3,MAX,Concentration3,,,mg/L,,mL/L,C,11/30/2023
PR0000370,002,00545,"Solids, settleable",NA,C3,MAX,Concentration3,,,mg/L,,mL/L,C,12/31/2023
PR0000370,002,00545,"Solids, settleable",NA,C3,MAX,Concentration3,,,mg/L,,mL/L,B,01/31/2024
PR0000370,002,00545,"Solids, settleable",NA,C3,MAX,Concentration3,,,mg/L,,mL/L,B,02/29/2024
PR0000370,002,00545,"Solids, settleable",NA,C3,MAX,Concentration3,,,mg/L,,mL/L,C,03/31/2024
PR0000370,002,00545,"Solids, settleable",NA,C3,MAX,Concentration3,,,mg/L,,mL/L,B,04/30/2024
PR0000370,002,00545,"Solids, settleable",NA,C3,MAX,Concentration3,,,mg/L,,mL/L,C,05/31/2024
PR0000370,002,00545,"Solids, settleable",NA,C3,MAX,Concentration3,,,mg/L,,mL/L,C,06/30/2024
PR0000370,002,00545,"Solids, settleable",NA,C3,MAX,Concentration3,,,mg/L,,mL/L,C,07/31/2024
PR0000370,002,00545,"Solids, settleable",NA,C3,MAX,Concentration3,,,mg/L,,mL/L,C,08/31/2024
PR0000370,002,00545,"Solids, settleable",NA,C3,MAX,Concentration3,,,mg/L,,mL/L,C,09/30/2024
PR0000370,002,00545,"Solids, settleable",NA,C3,MAX,Concentration3,,,mg/L,,mL/L,B,10/31/2024
PR0000370,002,00545,"Solids, settleable",NA,C3,MAX,Concentration3,,,mg/L,,mL/L,C,11/30/2024
PR0000370,002,00545,"Solids, settleable",NA,C3,MAX,Concentration3,,,mg/L,,mL/L,B,12/31/2024
PR0000370,002,00545,"Solids, settleable",NA,C3,MAX,Concentration3,,,mg/L,,mL/L,C,01/31/2025
PR0000370,002,00545,"Solids, settleable",NA,C3,MAX,Concentration3,,,mg/L,,mL/L,C,02/28/2025
PR0000370,002,00545,"Solids, settleable",NA,C3,MAX,Concentration3,,,mg/L,,mL/L,B,03/31/2025
PR0000370,002,00545,"Solids, settleable",NA,C3,MAX,Concentration3,,,mg/L,,mL/L,C,04/30/2025
PR0000370,002,00545,"Solids, settleable",NA,C3,MAX,Concentration3,,,mg/L,,mL/L,C,05/31/2025
PR0000370,002,00545,"Solids, settleable",NA,C3,MAX,Concentration3,,,mg/L,,mL/L,C,06/30/2025
PR0000370,002,00545,"Solids, settleable",NA,C3,MAX,Concentration3,,,mg/L,,mL/L,C,07/31/2025
PR0000370,002,00545,"Solids, settleable",NA,C3,MAX,Concentration3,,,mg/L,,mL/L,C,08/31/2025
PR0000370,002,00545,"Solids, settleable",NA,C3,MAX,Concentration3,,,mg/L,,mL/L,B,09/30/2025
PR0000370,002,00545,"Solids, settleable",NA,C3,MAX,Concentration3,,,mg/L,,mL/L,C,10/31/2025
PR0000370,002,00545,"Solids, settleable",NA,C3,MAX,Concentration3,,,mg/L,,mL/L,C,11/30/2025
PR0000370,002,00545,"Solids, settleable",NA,C3,MAX,Concentration3,,,mg/L,,mL/L,C,12/31/2025
PR0000370,002,00545,"Solids, settleable",NA,C3,MAX,Concentration3,,,mg/L,,mL/L,C,01/31/2026
PR0000370,002,00556,Oil & Grease,3.9,C3,MAX,Concentration3,mg/L,3.9,mg/L,,mg/L,,01/31/2020
PR0000370,002,00556,Oil & Grease,4.4,C3,MAX,Concentration3,mg/L,4.4,mg/L,,mg/L,,02/29/2020
PR0000370,002,00556,Oil & Grease,NA,C3,MAX,Concentration3,,,mg/L,,mg/L,C,03/31/2020
PR0000370,002,00556,Oil & Grease,NA,C3,MAX,Concentration3,,,mg/L,,mg/L,C,04/30/2020
PR0000370,002,00556,Oil & Grease,NA,C3,MAX,Concentration3,,,mg/L,,mg/L,C,05/31/2020
PR0000370,002,00556,Oil & Grease,5.2,C3,MAX,Concentration3,mg/L,5.2,mg/L,,mg/L,,06/30/2020
PR0000370,002,00556,Oil & Grease,4.1,C3,MAX,Concentration3,mg/L,4.1,mg/L,,mg/L,,07/31/2020
PR0000370,002,00556,Oil & Grease,1.8,C3,MAX,Concentration3,mg/L,1.8,mg/L,,mg/L,,08/31/2020
PR0000370,002,00556,Oil & Grease,4,C3,MAX,Concentration3,mg/L,4,mg/L,,mg/L,,09/30/2020
PR0000370,002,00556,Oil & Grease,NA,C3,MAX,Concentration3,,,mg/L,,mg/L,C,10/31/2020
PR0000370,002,00556,Oil & Grease,2.5,C3,MAX,Concentration3,mg/L,2.5,mg/L,,mg/L,,11/30/2020
PR0000370,002,00556,Oil & Grease,NA,C3,MAX,Concentration3,,,mg/L,,mg/L,C,12/31/2020
PR0000370,002,00556,Oil & Grease,NA,C3,MAX,Concentration3,,,mg/L,,mg/L,C,01/31/2021
PR0000370,002,00556,Oil & Grease,NA,C3,MAX,Concentration3,,,mg/L,,mg/L,C,02/28/2021
PR0000370,002,00556,Oil & Grease,NA,C3,MAX,Concentration3,,,mg/L,,mg/L,C,03/31/2021
PR0000370,002,00556,Oil & Grease,3.7,C3,MAX,Concentration3,mg/L,3.7,mg/L,,mg/L,,04/30/2021
PR0000370,002,00556,Oil & Grease,NA,C3,MAX,Concentration3,,,mg/L,,mg/L,C,05/31/2021
PR0000370,002,00556,Oil & Grease,NA,C3,MAX,Concentration3,,,mg/L,,mg/L,C,06/30/2021
PR0000370,002,00556,Oil & Grease,1.6,C3,MAX,Concentration3,mg/L,1.6,mg/L,,mg/L,,07/31/2021
PR0000370,002,00556,Oil & Grease,NA,C3,MAX,Concentration3,,,mg/L,,mg/L,C,08/31/2021
PR0000370,002,00556,Oil & Grease,NA,C3,MAX,Concentration3,,,mg/L,,mg/L,C,09/30/2021
PR0000370,002,00556,Oil & Grease,NA,C3,MAX,Concentration3,,,mg/L,,mg/L,C,10/31/2021
PR0000370,002,00556,Oil & Grease,NA,C3,MAX,Concentration3,,,mg/L,,mg/L,C,11/30/2021
PR0000370,002,00556,Oil & Grease,NA,C3,MAX,Concentration3,,,mg/L,,mg/L,C,12/31/2021
PR0000370,002,00556,Oil & Grease,NA,C3,MAX,Concentration3,,,mg/L,,mg/L,C,01/31/2022
PR0000370,002,00556,Oil & Grease,NA,C3,MAX,Concentration3,,,mg/L,,mg/L,C,02/28/2022
PR0000370,002,00556,Oil & Grease,NA,C3,MAX,Concentration3,,,mg/L,,mg/L,C,03/31/2022
PR0000370,002,00556,Oil & Grease,NA,C3,MAX,Concentration3,,,mg/L,,mg/L,C,04/30/2022
PR0000370,002,00556,Oil & Grease,NA,C3,MAX,Concentration3,,,mg/L,,mg/L,C,05/31/2022
PR0000370,002,00556,Oil & Grease,4.1,C3,MAX,Concentration3,mg/L,4.1,mg/L,,mg/L,,06/30/2022
PR0000370,002,00556,Oil & Grease,2,C3,MAX,Concentration3,mg/L,2,mg/L,,mg/L,,07/31/2022
PR0000370,002,00556,Oil & Grease,NA,C3,MAX,Concentration3,,,mg/L,,mg/L,C,08/31/2022
PR0000370,002,00556,Oil & Grease,NA,C3,MAX,Concentration3,,,mg/L,,mg/L,C,09/30/2022
PR0000370,002,00556,Oil & Grease,1.4,C3,MAX,Concentration3,mg/L,1.4,mg/L,,mg/L,,10/31/2022
PR0000370,002,00556,Oil & Grease,4.7,C3,MAX,Concentration3,mg/L,4.7,mg/L,,mg/L,,11/30/2022
PR0000370,002,00556,Oil & Grease,NA,C3,MAX,Concentration3,,,mg/L,,mg/L,C,12/31/2022
PR0000370,002,00556,Oil & Grease,NA,C3,MAX,Concentration3,,,mg/L,,mg/L,C,01/31/2023
PR0000370,002,00556,Oil & Grease,NA,C3,MAX,Concentration3,,,mg/L,,mg/L,C,02/28/2023
PR0000370,002,00556,Oil & Grease,NA,C3,MAX,Concentration3,,,mg/L,,mg/L,C,03/31/2023
PR0000370,002,00556,Oil & Grease,NA,C3,MAX,Concentration3,,,mg/L,,mg/L,C,04/30/2023
PR0000370,002,00556,Oil & Grease,3.4,C3,MAX,Concentration3,mg/L,3.4,mg/L,,mg/L,,05/31/2023
PR0000370,002,00556,Oil & Grease,1.5,C3,MAX,Concentration3,mg/L,1.5,mg/L,,mg/L,,06/30/2023
PR0000370,002,00556,Oil & Grease,4.4,C3,MAX,Concentration3,mg/L,4.4,mg/L,,mg/L,,07/31/2023
PR0000370,002,00556,Oil & Grease,5.8,C3,MAX,Concentration3,mg/L,5.8,mg/L,,mg/L,,08/31/2023
PR0000370,002,00556,Oil & Grease,NA,C3,MAX,Concentration3,,,mg/L,,mg/L,C,09/30/2023
PR0000370,002,00556,Oil & Grease,NA,C3,MAX,Concentration3,,,mg/L,,mg/L,C,10/31/2023
PR0000370,002,00556,Oil & Grease,NA,C3,MAX,Concentration3,,,mg/L,,mg/L,C,11/30/2023
PR0000370,002,00556,Oil & Grease,NA,C3,MAX,Concentration3,,,mg/L,,mg/L,C,12/31/2023
PR0000370,002,00556,Oil & Grease,2.3,C3,MAX,Concentration3,mg/L,2.3,mg/L,,mg/L,,01/31/2024
PR0000370,002,00556,Oil & Grease,2.7,C3,MAX,Concentration3,mg/L,2.7,mg/L,,mg/L,,02/29/2024
PR0000370,002,00556,Oil & Grease,NA,C3,MAX,Concentration3,,,mg/L,,mg/L,C,03/31/2024
PR0000370,002,00556,Oil & Grease,5.3,C3,MAX,Concentration3,mg/L,5.3,mg/L,,mg/L,,04/30/2024
PR0000370,002,00556,Oil & Grease,NA,C3,MAX,Concentration3,,,mg/L,,mg/L,C,05/31/2024
PR0000370,002,00556,Oil & Grease,NA,C3,MAX,Concentration3,,,mg/L,,mg/L,C,06/30/2024
PR0000370,002,00556,Oil & Grease,NA,C3,MAX,Concentration3,,,mg/L,,mg/L,C,07/31/2024
PR0000370,002,00556,Oil & Grease,NA,C3,MAX,Concentration3,,,mg/L,,mg/L,C,08/31/2024
PR0000370,002,00556,Oil & Grease,NA,C3,MAX,Concentration3,,,mg/L,,mg/L,C,09/30/2024
PR0000370,002,00556,Oil & Grease,2.4,C3,MAX,Concentration3,mg/L,2.4,mg/L,,mg/L,,10/31/2024
PR0000370,002,00556,Oil & Grease,NA,C3,MAX,Concentration3,,,mg/L,,mg/L,C,11/30/2024
PR0000370,002,00556,Oil & Grease,3.6,C3,MAX,Concentration3,mg/L,3.6,mg/L,,mg/L,,12/31/2024
PR0000370,002,00556,Oil & Grease,NA,C3,MAX,Concentration3,,,mg/L,,mg/L,C,01/31/2025
PR0000370,002,00556,Oil & Grease,NA,C3,MAX,Concentration3,,,mg/L,,mg/L,C,02/28/2025
PR0000370,002,00556,Oil & Grease,1.9,C3,MAX,Concentration3,mg/L,1.9,mg/L,,mg/L,,03/31/2025
PR0000370,002,00556,Oil & Grease,NA,C3,MAX,Concentration3,,,mg/L,,mg/L,C,04/30/2025
PR0000370,002,00556,Oil & Grease,NA,C3,MAX,Concentration3,,,mg/L,,mg/L,C,05/31/2025
PR0000370,002,00556,Oil & Grease,NA,C3,MAX,Concentration3,,,mg/L,,mg/L,C,06/30/2025
PR0000370,002,00556,Oil & Grease,NA,C3,MAX,Concentration3,,,mg/L,,mg/L,C,07/31/2025
PR0000370,002,00556,Oil & Grease,NA,C3,MAX,Concentration3,,,mg/L,,mg/L,C,08/31/2025
PR0000370,002,00556,Oil & Grease,2.1,C3,MAX,Concentration3,mg/L,2.1,mg/L,,mg/L,,09/30/2025
PR0000370,002,00556,Oil & Grease,NA,C3,MAX,Concentration3,,,mg/L,,mg/L,C,10/31/2025
PR0000370,002,00556,Oil & Grease,NA,C3,MAX,Concentration3,,,mg/L,,mg/L,C,11/30/2025
PR0000370,002,00556,Oil & Grease,NA,C3,MAX,Concentration3,,,mg/L,,mg/L,C,12/31/2025
PR0000370,002,00556,Oil & Grease,NA,C3,MAX,Concentration3,,,mg/L,,mg/L,C,01/31/2026
PR0000370,002,01092,"Zinc, total [as Zn]",46,C3,MAX,Concentration3,ug/L,.046,mg/L,,ug/L,,01/31/2020
PR0000370,002,01092,"Zinc, total [as Zn]",20,C3,MAX,Concentration3,ug/L,.02,mg/L,,ug/L,,02/29/2020
PR0000370,002,01092,"Zinc, total [as Zn]",NA,C3,MAX,Concentration3,,,mg/L,,ug/L,C,03/31/2020
PR0000370,002,01092,"Zinc, total [as Zn]",NA,C3,MAX,Concentration3,,,mg/L,,ug/L,C,04/30/2020
PR0000370,002,01092,"Zinc, total [as Zn]",NA,C3,MAX,Concentration3,,,mg/L,,ug/L,C,05/31/2020
PR0000370,002,01092,"Zinc, total [as Zn]",40,C3,MAX,Concentration3,ug/L,.04,mg/L,,ug/L,,06/30/2020
PR0000370,002,01092,"Zinc, total [as Zn]",21,C3,MAX,Concentration3,ug/L,.021,mg/L,,ug/L,,07/31/2020
PR0000370,002,01092,"Zinc, total [as Zn]",20,C3,MAX,Concentration3,ug/L,.02,mg/L,,ug/L,,08/31/2020
PR0000370,002,01092,"Zinc, total [as Zn]",20,C3,MAX,Concentration3,ug/L,.02,mg/L,,ug/L,,09/30/2020
PR0000370,002,01092,"Zinc, total [as Zn]",NA,C3,MAX,Concentration3,,,mg/L,,ug/L,C,10/31/2020
PR0000370,002,01092,"Zinc, total [as Zn]",25,C3,MAX,Concentration3,ug/L,.025,mg/L,,ug/L,,11/30/2020
PR0000370,002,01092,"Zinc, total [as Zn]",NA,C3,MAX,Concentration3,,,mg/L,,ug/L,C,12/31/2020
PR0000370,002,01092,"Zinc, total [as Zn]",NA,C3,MAX,Concentration3,,,mg/L,,ug/L,C,01/31/2021
PR0000370,002,01092,"Zinc, total [as Zn]",NA,C3,MAX,Concentration3,,,mg/L,,ug/L,C,02/28/2021
PR0000370,002,01092,"Zinc, total [as Zn]",NA,C3,MAX,Concentration3,,,mg/L,,ug/L,C,03/31/2021
PR0000370,002,01092,"Zinc, total [as Zn]",37,C3,MAX,Concentration3,ug/L,.037,mg/L,,ug/L,,04/30/2021
PR0000370,002,01092,"Zinc, total [as Zn]",NA,C3,MAX,Concentration3,,,mg/L,,ug/L,C,05/31/2021
PR0000370,002,01092,"Zinc, total [as Zn]",NA,C3,MAX,Concentration3,,,mg/L,,ug/L,C,06/30/2021
PR0000370,002,01092,"Zinc, total [as Zn]",64,C3,MAX,Concentration3,ug/L,.064,mg/L,,ug/L,,07/31/2021
PR0000370,002,01092,"Zinc, total [as Zn]",NA,C3,MAX,Concentration3,,,mg/L,,ug/L,C,08/31/2021
PR0000370,002,01092,"Zinc, total [as Zn]",NA,C3,MAX,Concentration3,,,mg/L,,ug/L,C,09/30/2021
PR0000370,002,01092,"Zinc, total [as Zn]",NA,C3,MAX,Concentration3,,,mg/L,,ug/L,C,10/31/2021
PR0000370,002,01092,"Zinc, total [as Zn]",NA,C3,MAX,Concentration3,,,mg/L,,ug/L,C,11/30/2021
PR0000370,002,01092,"Zinc, total [as Zn]",NA,C3,MAX,Concentration3,,,mg/L,,ug/L,C,12/31/2021
PR0000370,002,01092,"Zinc, total [as Zn]",NA,C3,MAX,Concentration3,,,mg/L,,ug/L,C,01/31/2022
PR0000370,002,01092,"Zinc, total [as Zn]",NA,C3,MAX,Concentration3,,,mg/L,,ug/L,C,02/28/2022
PR0000370,002,01092,"Zinc, total [as Zn]",NA,C3,MAX,Concentration3,,,mg/L,,ug/L,C,03/31/2022
PR0000370,002,01092,"Zinc, total [as Zn]",NA,C3,MAX,Concentration3,,,mg/L,,ug/L,C,04/30/2022
PR0000370,002,01092,"Zinc, total [as Zn]",NA,C3,MAX,Concentration3,,,mg/L,,ug/L,C,05/31/2022
PR0000370,002,01092,"Zinc, total [as Zn]",42,C3,MAX,Concentration3,ug/L,.042,mg/L,,ug/L,,06/30/2022
PR0000370,002,01092,"Zinc, total [as Zn]",23,C3,MAX,Concentration3,ug/L,.023,mg/L,,ug/L,,07/31/2022
PR0000370,002,01092,"Zinc, total [as Zn]",NA,C3,MAX,Concentration3,,,mg/L,,ug/L,C,08/31/2022
PR0000370,002,01092,"Zinc, total [as Zn]",NA,C3,MAX,Concentration3,,,mg/L,,ug/L,C,09/30/2022
PR0000370,002,01092,"Zinc, total [as Zn]",34,C3,MAX,Concentration3,ug/L,.034,mg/L,,ug/L,,10/31/2022
PR0000370,002,01092,"Zinc, total [as Zn]",20,C3,MAX,Concentration3,ug/L,.02,mg/L,,ug/L,,11/30/2022
PR0000370,002,01092,"Zinc, total [as Zn]",NA,C3,MAX,Concentration3,,,mg/L,,ug/L,C,12/31/2022
PR0000370,002,01092,"Zinc, total [as Zn]",NA,C3,MAX,Concentration3,,,mg/L,,ug/L,C,01/31/2023
PR0000370,002,01092,"Zinc, total [as Zn]",NA,C3,MAX,Concentration3,,,mg/L,,ug/L,C,02/28/2023
PR0000370,002,01092,"Zinc, total [as Zn]",NA,C3,MAX,Concentration3,,,mg/L,,ug/L,C,03/31/2023
PR0000370,002,01092,"Zinc, total [as Zn]",NA,C3,MAX,Concentration3,,,mg/L,,ug/L,C,04/30/2023
PR0000370,002,01092,"Zinc, total [as Zn]",42,C3,MAX,Concentration3,ug/L,.042,mg/L,,ug/L,,05/31/2023
PR0000370,002,01092,"Zinc, total [as Zn]",33,C3,MAX,Concentration3,ug/L,.033,mg/L,,ug/L,,06/30/2023
PR0000370,002,01092,"Zinc, total [as Zn]",49,C3,MAX,Concentration3,ug/L,.049,mg/L,,ug/L,,07/31/2023
PR0000370,002,01092,"Zinc, total [as Zn]",50,C3,MAX,Concentration3,ug/L,.05,mg/L,,ug/L,,08/31/2023
PR0000370,002,01092,"Zinc, total [as Zn]",NA,C3,MAX,Concentration3,,,mg/L,,ug/L,C,09/30/2023
PR0000370,002,01092,"Zinc, total [as Zn]",NA,C3,MAX,Concentration3,,,mg/L,,ug/L,C,10/31/2023
PR0000370,002,01092,"Zinc, total [as Zn]",NA,C3,MAX,Concentration3,,,mg/L,,ug/L,C,11/30/2023
PR0000370,002,01092,"Zinc, total [as Zn]",NA,C3,MAX,Concentration3,,,mg/L,,ug/L,C,12/31/2023
PR0000370,002,01092,"Zinc, total [as Zn]",25,C3,MAX,Concentration3,ug/L,.025,mg/L,,ug/L,,01/31/2024
PR0000370,002,01092,"Zinc, total [as Zn]",10.29,C3,MAX,Concentration3,ug/L,.01029,mg/L,,ug/L,,02/29/2024
PR0000370,002,01092,"Zinc, total [as Zn]",NA,C3,MAX,Concentration3,,,mg/L,,ug/L,C,03/31/2024
PR0000370,002,01092,"Zinc, total [as Zn]",24,C3,MAX,Concentration3,ug/L,.024,mg/L,,ug/L,,04/30/2024
PR0000370,002,01092,"Zinc, total [as Zn]",NA,C3,MAX,Concentration3,,,mg/L,,ug/L,C,05/31/2024
PR0000370,002,01092,"Zinc, total [as Zn]",NA,C3,MAX,Concentration3,,,mg/L,,ug/L,C,06/30/2024
PR0000370,002,01092,"Zinc, total [as Zn]",NA,C3,MAX,Concentration3,,,mg/L,,ug/L,C,07/31/2024
PR0000370,002,01092,"Zinc, total [as Zn]",NA,C3,MAX,Concentration3,,,mg/L,,ug/L,C,08/31/2024
PR0000370,002,01092,"Zinc, total [as Zn]",NA,C3,MAX,Concentration3,,,mg/L,,ug/L,C,09/30/2024
PR0000370,002,01092,"Zinc, total [as Zn]",NA,C3,MAX,Concentration3,,,mg/L,,ug/L,B,10/31/2024
PR0000370,002,01092,"Zinc, total [as Zn]",NA,C3,MAX,Concentration3,,,mg/L,,ug/L,C,11/30/2024
PR0000370,002,01092,"Zinc, total [as Zn]",25,C3,MAX,Concentration3,ug/L,.025,mg/L,,ug/L,,12/31/2024
PR0000370,002,01092,"Zinc, total [as Zn]",NA,C3,MAX,Concentration3,,,mg/L,,ug/L,C,01/31/2025
PR0000370,002,01092,"Zinc, total [as Zn]",NA,C3,MAX,Concentration3,,,mg/L,,ug/L,C,02/28/2025
PR0000370,002,01092,"Zinc, total [as Zn]",30,C3,MAX,Concentration3,ug/L,.03,mg/L,,ug/L,,03/31/2025
PR0000370,002,01092,"Zinc, total [as Zn]",NA,C3,MAX,Concentration3,,,mg/L,,ug/L,C,04/30/2025
PR0000370,002,01092,"Zinc, total [as Zn]",NA,C3,MAX,Concentration3,,,mg/L,,ug/L,C,05/31/2025
PR0000370,002,01092,"Zinc, total [as Zn]",NA,C3,MAX,Concentration3,,,mg/L,,ug/L,C,06/30/2025
PR0000370,002,01092,"Zinc, total [as Zn]",NA,C3,MAX,Concentration3,,,mg/L,,ug/L,C,07/31/2025
PR0000370,002,01092,"Zinc, total [as Zn]",NA,C3,MAX,Concentration3,,,mg/L,,ug/L,C,08/31/2025
PR0000370,002,01092,"Zinc, total [as Zn]",5.96,C3,MAX,Concentration3,ug/L,.00596,mg/L,,ug/L,,09/30/2025
PR0000370,002,01092,"Zinc, total [as Zn]",NA,C3,MAX,Concentration3,,,mg/L,,ug/L,C,10/31/2025
PR0000370,002,01092,"Zinc, total [as Zn]",NA,C3,MAX,Concentration3,,,mg/L,,ug/L,C,11/30/2025
PR0000370,002,01092,"Zinc, total [as Zn]",NA,C3,MAX,Concentration3,,,mg/L,,ug/L,C,12/31/2025
PR0000370,002,01092,"Zinc, total [as Zn]",NA,C3,MAX,Concentration3,,,mg/L,,ug/L,C,01/31/2026
PR0000370,002,03615,"2-Methyl-4,6-dinitrophenol",NA,C3,MAX,Concentration3,,,mg/L,,ug/L,B,01/31/2020
PR0000370,002,03615,"2-Methyl-4,6-dinitrophenol",NA,C3,MAX,Concentration3,,,mg/L,,ug/L,B,02/29/2020
PR0000370,002,03615,"2-Methyl-4,6-dinitrophenol",NA,C3,MAX,Concentration3,,,mg/L,,ug/L,C,03/31/2020
PR0000370,002,03615,"2-Methyl-4,6-dinitrophenol",NA,C3,MAX,Concentration3,,,mg/L,,ug/L,C,04/30/2020
PR0000370,002,03615,"2-Methyl-4,6-dinitrophenol",NA,C3,MAX,Concentration3,,,mg/L,,ug/L,C,05/31/2020
PR0000370,002,03615,"2-Methyl-4,6-dinitrophenol",NA,C3,MAX,Concentration3,,,mg/L,,ug/L,B,06/30/2020
PR0000370,002,03615,"2-Methyl-4,6-dinitrophenol",NA,C3,MAX,Concentration3,,,mg/L,,ug/L,B,07/31/2020
PR0000370,002,03615,"2-Methyl-4,6-dinitrophenol",NA,C3,MAX,Concentration3,,,mg/L,,ug/L,B,08/31/2020
PR0000370,002,03615,"2-Methyl-4,6-dinitrophenol",NA,C3,MAX,Concentration3,,,mg/L,,ug/L,B,09/30/2020
PR0000370,002,03615,"2-Methyl-4,6-dinitrophenol",NA,C3,MAX,Concentration3,,,mg/L,,ug/L,C,10/31/2020
PR0000370,002,03615,"2-Methyl-4,6-dinitrophenol",NA,C3,MAX,Concentration3,,,mg/L,,ug/L,B,11/30/2020
PR0000370,002,03615,"2-Methyl-4,6-dinitrophenol",NA,C3,MAX,Concentration3,,,mg/L,,ug/L,C,12/31/2020
PR0000370,002,03615,"2-Methyl-4,6-dinitrophenol",NA,C3,MAX,Concentration3,,,mg/L,,ug/L,C,01/31/2021
PR0000370,002,03615,"2-Methyl-4,6-dinitrophenol",NA,C3,MAX,Concentration3,,,mg/L,,ug/L,C,02/28/2021
PR0000370,002,03615,"2-Methyl-4,6-dinitrophenol",NA,C3,MAX,Concentration3,,,mg/L,,ug/L,C,03/31/2021
PR0000370,002,03615,"2-Methyl-4,6-dinitrophenol",NA,C3,MAX,Concentration3,,,mg/L,,ug/L,B,04/30/2021
PR0000370,002,03615,"2-Methyl-4,6-dinitrophenol",NA,C3,MAX,Concentration3,,,mg/L,,ug/L,C,05/31/2021
PR0000370,002,03615,"2-Methyl-4,6-dinitrophenol",NA,C3,MAX,Concentration3,,,mg/L,,ug/L,C,06/30/2021
PR0000370,002,03615,"2-Methyl-4,6-dinitrophenol",NA,C3,MAX,Concentration3,,,mg/L,,ug/L,B,07/31/2021
PR0000370,002,03615,"2-Methyl-4,6-dinitrophenol",NA,C3,MAX,Concentration3,,,mg/L,,ug/L,C,08/31/2021
PR0000370,002,03615,"2-Methyl-4,6-dinitrophenol",NA,C3,MAX,Concentration3,,,mg/L,,ug/L,C,09/30/2021
PR0000370,002,03615,"2-Methyl-4,6-dinitrophenol",NA,C3,MAX,Concentration3,,,mg/L,,ug/L,C,10/31/2021
PR0000370,002,03615,"2-Methyl-4,6-dinitrophenol",NA,C3,MAX,Concentration3,,,mg/L,,ug/L,C,11/30/2021
PR0000370,002,03615,"2-Methyl-4,6-dinitrophenol",NA,C3,MAX,Concentration3,,,mg/L,,ug/L,C,12/31/2021
PR0000370,002,03615,"2-Methyl-4,6-dinitrophenol",NA,C3,MAX,Concentration3,,,mg/L,,ug/L,C,01/31/2022
PR0000370,002,03615,"2-Methyl-4,6-dinitrophenol",NA,C3,MAX,Concentration3,,,mg/L,,ug/L,C,02/28/2022
PR0000370,002,03615,"2-Methyl-4,6-dinitrophenol",NA,C3,MAX,Concentration3,,,mg/L,,ug/L,C,03/31/2022
PR0000370,002,03615,"2-Methyl-4,6-dinitrophenol",NA,C3,MAX,Concentration3,,,mg/L,,ug/L,C,04/30/2022
PR0000370,002,03615,"2-Methyl-4,6-dinitrophenol",NA,C3,MAX,Concentration3,,,mg/L,,ug/L,C,05/31/2022
PR0000370,002,03615,"2-Methyl-4,6-dinitrophenol",NA,C3,MAX,Concentration3,,,mg/L,,ug/L,B,06/30/2022
PR0000370,002,03615,"2-Methyl-4,6-dinitrophenol",NA,C3,MAX,Concentration3,,,mg/L,,ug/L,B,07/31/2022
PR0000370,002,03615,"2-Methyl-4,6-dinitrophenol",NA,C3,MAX,Concentration3,,,mg/L,,ug/L,C,08/31/2022
PR0000370,002,03615,"2-Methyl-4,6-dinitrophenol",NA,C3,MAX,Concentration3,,,mg/L,,ug/L,C,09/30/2022
PR0000370,002,03615,"2-Methyl-4,6-dinitrophenol",NA,C3,MAX,Concentration3,,,mg/L,,ug/L,B,10/31/2022
PR0000370,002,03615,"2-Methyl-4,6-dinitrophenol",NA,C3,MAX,Concentration3,,,mg/L,,ug/L,B,11/30/2022
PR0000370,002,03615,"2-Methyl-4,6-dinitrophenol",NA,C3,MAX,Concentration3,,,mg/L,,ug/L,C,12/31/2022
PR0000370,002,03615,"2-Methyl-4,6-dinitrophenol",NA,C3,MAX,Concentration3,,,mg/L,,ug/L,C,01/31/2023
PR0000370,002,03615,"2-Methyl-4,6-dinitrophenol",NA,C3,MAX,Concentration3,,,mg/L,,ug/L,C,02/28/2023
PR0000370,002,03615,"2-Methyl-4,6-dinitrophenol",NA,C3,MAX,Concentration3,,,mg/L,,ug/L,C,03/31/2023
PR0000370,002,03615,"2-Methyl-4,6-dinitrophenol",NA,C3,MAX,Concentration3,,,mg/L,,ug/L,C,04/30/2023
PR0000370,002,03615,"2-Methyl-4,6-dinitrophenol",NA,C3,MAX,Concentration3,,,mg/L,,ug/L,B,05/31/2023
PR0000370,002,03615,"2-Methyl-4,6-dinitrophenol",NA,C3,MAX,Concentration3,,,mg/L,,ug/L,B,06/30/2023
PR0000370,002,03615,"2-Methyl-4,6-dinitrophenol",NA,C3,MAX,Concentration3,,,mg/L,,ug/L,B,07/31/2023
PR0000370,002,03615,"2-Methyl-4,6-dinitrophenol",NA,C3,MAX,Concentration3,,,mg/L,,ug/L,B,08/31/2023
PR0000370,002,03615,"2-Methyl-4,6-dinitrophenol",NA,C3,MAX,Concentration3,,,mg/L,,ug/L,C,09/30/2023
PR0000370,002,03615,"2-Methyl-4,6-dinitrophenol",NA,C3,MAX,Concentration3,,,mg/L,,ug/L,C,10/31/2023
PR0000370,002,03615,"2-Methyl-4,6-dinitrophenol",NA,C3,MAX,Concentration3,,,mg/L,,ug/L,C,11/30/2023
PR0000370,002,03615,"2-Methyl-4,6-dinitrophenol",NA,C3,MAX,Concentration3,,,mg/L,,ug/L,C,12/31/2023
PR0000370,002,03615,"2-Methyl-4,6-dinitrophenol",NA,C3,MAX,Concentration3,,,mg/L,,ug/L,B,01/31/2024
PR0000370,002,03615,"2-Methyl-4,6-dinitrophenol",NA,C3,MAX,Concentration3,,,mg/L,,ug/L,B,02/29/2024
PR0000370,002,03615,"2-Methyl-4,6-dinitrophenol",NA,C3,MAX,Concentration3,,,mg/L,,ug/L,C,03/31/2024
PR0000370,002,03615,"2-Methyl-4,6-dinitrophenol",NA,C3,MAX,Concentration3,,,mg/L,,ug/L,B,04/30/2024
PR0000370,002,03615,"2-Methyl-4,6-dinitrophenol",NA,C3,MAX,Concentration3,,,mg/L,,ug/L,C,05/31/2024
PR0000370,002,03615,"2-Methyl-4,6-dinitrophenol",NA,C3,MAX,Concentration3,,,mg/L,,ug/L,C,06/30/2024
PR0000370,002,03615,"2-Methyl-4,6-dinitrophenol",NA,C3,MAX,Concentration3,,,mg/L,,ug/L,C,07/31/2024
PR0000370,002,03615,"2-Methyl-4,6-dinitrophenol",NA,C3,MAX,Concentration3,,,mg/L,,ug/L,C,08/31/2024
PR0000370,002,03615,"2-Methyl-4,6-dinitrophenol",NA,C3,MAX,Concentration3,,,mg/L,,ug/L,C,09/30/2024
PR0000370,002,03615,"2-Methyl-4,6-dinitrophenol",NA,C3,MAX,Concentration3,,,mg/L,,ug/L,B,10/31/2024
PR0000370,002,03615,"2-Methyl-4,6-dinitrophenol",NA,C3,MAX,Concentration3,,,mg/L,,ug/L,C,11/30/2024
PR0000370,002,03615,"2-Methyl-4,6-dinitrophenol",NA,C3,MAX,Concentration3,,,mg/L,,ug/L,B,12/31/2024
PR0000370,002,03615,"2-Methyl-4,6-dinitrophenol",NA,C3,MAX,Concentration3,,,mg/L,,ug/L,C,01/31/2025
PR0000370,002,03615,"2-Methyl-4,6-dinitrophenol",NA,C3,MAX,Concentration3,,,mg/L,,ug/L,C,02/28/2025
PR0000370,002,03615,"2-Methyl-4,6-dinitrophenol",NA,C3,MAX,Concentration3,,,mg/L,,ug/L,B,03/31/2025
PR0000370,002,03615,"2-Methyl-4,6-dinitrophenol",NA,C3,MAX,Concentration3,,,mg/L,,ug/L,C,04/30/2025
PR0000370,002,03615,"2-Methyl-4,6-dinitrophenol",NA,C3,MAX,Concentration3,,,mg/L,,ug/L,C,05/31/2025
PR0000370,002,03615,"2-Methyl-4,6-dinitrophenol",NA,C3,MAX,Concentration3,,,mg/L,,ug/L,C,06/30/2025
PR0000370,002,03615,"2-Methyl-4,6-dinitrophenol",NA,C3,MAX,Concentration3,,,mg/L,,ug/L,C,07/31/2025
PR0000370,002,03615,"2-Methyl-4,6-dinitrophenol",NA,C3,MAX,Concentration3,,,mg/L,,ug/L,C,08/31/2025
PR0000370,002,03615,"2-Methyl-4,6-dinitrophenol",NA,C3,MAX,Concentration3,,,mg/L,,ug/L,B,09/30/2025
PR0000370,002,03615,"2-Methyl-4,6-dinitrophenol",NA,C3,MAX,Concentration3,,,mg/L,,ug/L,C,10/31/2025
PR0000370,002,03615,"2-Methyl-4,6-dinitrophenol",NA,C3,MAX,Concentration3,,,mg/L,,ug/L,C,11/30/2025
PR0000370,002,03615,"2-Methyl-4,6-dinitrophenol",NA,C3,MAX,Concentration3,,,mg/L,,ug/L,C,12/31/2025
PR0000370,002,03615,"2-Methyl-4,6-dinitrophenol",NA,C3,MAX,Concentration3,,,mg/L,,ug/L,C,01/31/2026
PR0000370,002,34621,"2,4,6-Trichlorophenol",NA,C3,MAX,Concentration3,,,mg/L,,ug/L,B,01/31/2020
PR0000370,002,34621,"2,4,6-Trichlorophenol",NA,C3,MAX,Concentration3,,,mg/L,,ug/L,B,02/29/2020
PR0000370,002,34621,"2,4,6-Trichlorophenol",NA,C3,MAX,Concentration3,,,mg/L,,ug/L,C,03/31/2020
PR0000370,002,34621,"2,4,6-Trichlorophenol",NA,C3,MAX,Concentration3,,,mg/L,,ug/L,C,04/30/2020
PR0000370,002,34621,"2,4,6-Trichlorophenol",NA,C3,MAX,Concentration3,,,mg/L,,ug/L,C,05/31/2020
PR0000370,002,34621,"2,4,6-Trichlorophenol",NA,C3,MAX,Concentration3,,,mg/L,,ug/L,B,06/30/2020
PR0000370,002,34621,"2,4,6-Trichlorophenol",NA,C3,MAX,Concentration3,,,mg/L,,ug/L,B,07/31/2020
PR0000370,002,34621,"2,4,6-Trichlorophenol",NA,C3,MAX,Concentration3,,,mg/L,,ug/L,B,08/31/2020
PR0000370,002,34621,"2,4,6-Trichlorophenol",NA,C3,MAX,Concentration3,,,mg/L,,ug/L,B,09/30/2020
PR0000370,002,34621,"2,4,6-Trichlorophenol",NA,C3,MAX,Concentration3,,,mg/L,,ug/L,C,10/31/2020
PR0000370,002,34621,"2,4,6-Trichlorophenol",NA,C3,MAX,Concentration3,,,mg/L,,ug/L,B,11/30/2020
PR0000370,002,34621,"2,4,6-Trichlorophenol",NA,C3,MAX,Concentration3,,,mg/L,,ug/L,C,12/31/2020
PR0000370,002,34621,"2,4,6-Trichlorophenol",NA,C3,MAX,Concentration3,,,mg/L,,ug/L,C,01/31/2021
PR0000370,002,34621,"2,4,6-Trichlorophenol",NA,C3,MAX,Concentration3,,,mg/L,,ug/L,C,02/28/2021
PR0000370,002,34621,"2,4,6-Trichlorophenol",NA,C3,MAX,Concentration3,,,mg/L,,ug/L,C,03/31/2021
PR0000370,002,34621,"2,4,6-Trichlorophenol",NA,C3,MAX,Concentration3,,,mg/L,,ug/L,B,04/30/2021
PR0000370,002,34621,"2,4,6-Trichlorophenol",NA,C3,MAX,Concentration3,,,mg/L,,ug/L,C,05/31/2021
PR0000370,002,34621,"2,4,6-Trichlorophenol",NA,C3,MAX,Concentration3,,,mg/L,,ug/L,C,06/30/2021
PR0000370,002,34621,"2,4,6-Trichlorophenol",NA,C3,MAX,Concentration3,,,mg/L,,ug/L,B,07/31/2021
PR0000370,002,34621,"2,4,6-Trichlorophenol",NA,C3,MAX,Concentration3,,,mg/L,,ug/L,C,08/31/2021
PR0000370,002,34621,"2,4,6-Trichlorophenol",NA,C3,MAX,Concentration3,,,mg/L,,ug/L,C,09/30/2021
PR0000370,002,34621,"2,4,6-Trichlorophenol",NA,C3,MAX,Concentration3,,,mg/L,,ug/L,C,10/31/2021
PR0000370,002,34621,"2,4,6-Trichlorophenol",NA,C3,MAX,Concentration3,,,mg/L,,ug/L,C,11/30/2021
PR0000370,002,34621,"2,4,6-Trichlorophenol",NA,C3,MAX,Concentration3,,,mg/L,,ug/L,C,12/31/2021
PR0000370,002,34621,"2,4,6-Trichlorophenol",NA,C3,MAX,Concentration3,,,mg/L,,ug/L,C,01/31/2022
PR0000370,002,34621,"2,4,6-Trichlorophenol",NA,C3,MAX,Concentration3,,,mg/L,,ug/L,C,02/28/2022
PR0000370,002,34621,"2,4,6-Trichlorophenol",NA,C3,MAX,Concentration3,,,mg/L,,ug/L,C,03/31/2022
PR0000370,002,34621,"2,4,6-Trichlorophenol",NA,C3,MAX,Concentration3,,,mg/L,,ug/L,C,04/30/2022
PR0000370,002,34621,"2,4,6-Trichlorophenol",NA,C3,MAX,Concentration3,,,mg/L,,ug/L,C,05/31/2022
PR0000370,002,34621,"2,4,6-Trichlorophenol",NA,C3,MAX,Concentration3,,,mg/L,,ug/L,B,06/30/2022
PR0000370,002,34621,"2,4,6-Trichlorophenol",NA,C3,MAX,Concentration3,,,mg/L,,ug/L,B,07/31/2022
PR0000370,002,34621,"2,4,6-Trichlorophenol",NA,C3,MAX,Concentration3,,,mg/L,,ug/L,C,08/31/2022
PR0000370,002,34621,"2,4,6-Trichlorophenol",NA,C3,MAX,Concentration3,,,mg/L,,ug/L,C,09/30/2022
PR0000370,002,34621,"2,4,6-Trichlorophenol",NA,C3,MAX,Concentration3,,,mg/L,,ug/L,B,10/31/2022
PR0000370,002,34621,"2,4,6-Trichlorophenol",NA,C3,MAX,Concentration3,,,mg/L,,ug/L,B,11/30/2022
PR0000370,002,34621,"2,4,6-Trichlorophenol",NA,C3,MAX,Concentration3,,,mg/L,,ug/L,C,12/31/2022
PR0000370,002,34621,"2,4,6-Trichlorophenol",NA,C3,MAX,Concentration3,,,mg/L,,ug/L,C,01/31/2023
PR0000370,002,34621,"2,4,6-Trichlorophenol",NA,C3,MAX,Concentration3,,,mg/L,,ug/L,C,02/28/2023
PR0000370,002,34621,"2,4,6-Trichlorophenol",NA,C3,MAX,Concentration3,,,mg/L,,ug/L,C,03/31/2023
PR0000370,002,34621,"2,4,6-Trichlorophenol",NA,C3,MAX,Concentration3,,,mg/L,,ug/L,C,04/30/2023
PR0000370,002,34621,"2,4,6-Trichlorophenol",NA,C3,MAX,Concentration3,,,mg/L,,ug/L,B,05/31/2023
PR0000370,002,34621,"2,4,6-Trichlorophenol",NA,C3,MAX,Concentration3,,,mg/L,,ug/L,B,06/30/2023
PR0000370,002,34621,"2,4,6-Trichlorophenol",NA,C3,MAX,Concentration3,,,mg/L,,ug/L,B,07/31/2023
PR0000370,002,34621,"2,4,6-Trichlorophenol",NA,C3,MAX,Concentration3,,,mg/L,,ug/L,B,08/31/2023
PR0000370,002,34621,"2,4,6-Trichlorophenol",NA,C3,MAX,Concentration3,,,mg/L,,ug/L,C,09/30/2023
PR0000370,002,34621,"2,4,6-Trichlorophenol",NA,C3,MAX,Concentration3,,,mg/L,,ug/L,C,10/31/2023
PR0000370,002,34621,"2,4,6-Trichlorophenol",NA,C3,MAX,Concentration3,,,mg/L,,ug/L,C,11/30/2023
PR0000370,002,34621,"2,4,6-Trichlorophenol",NA,C3,MAX,Concentration3,,,mg/L,,ug/L,C,12/31/2023
PR0000370,002,34621,"2,4,6-Trichlorophenol",NA,C3,MAX,Concentration3,,,mg/L,,ug/L,B,01/31/2024
PR0000370,002,34621,"2,4,6-Trichlorophenol",NA,C3,MAX,Concentration3,,,mg/L,,ug/L,B,02/29/2024
PR0000370,002,34621,"2,4,6-Trichlorophenol",NA,C3,MAX,Concentration3,,,mg/L,,ug/L,C,03/31/2024
PR0000370,002,34621,"2,4,6-Trichlorophenol",NA,C3,MAX,Concentration3,,,mg/L,,ug/L,B,04/30/2024
PR0000370,002,34621,"2,4,6-Trichlorophenol",NA,C3,MAX,Concentration3,,,mg/L,,ug/L,C,05/31/2024
PR0000370,002,34621,"2,4,6-Trichlorophenol",NA,C3,MAX,Concentration3,,,mg/L,,ug/L,C,06/30/2024
PR0000370,002,34621,"2,4,6-Trichlorophenol",NA,C3,MAX,Concentration3,,,mg/L,,ug/L,C,07/31/2024
PR0000370,002,34621,"2,4,6-Trichlorophenol",NA,C3,MAX,Concentration3,,,mg/L,,ug/L,C,08/31/2024
PR0000370,002,34621,"2,4,6-Trichlorophenol",NA,C3,MAX,Concentration3,,,mg/L,,ug/L,C,09/30/2024
PR0000370,002,34621,"2,4,6-Trichlorophenol",NA,C3,MAX,Concentration3,,,mg/L,,ug/L,B,10/31/2024
PR0000370,002,34621,"2,4,6-Trichlorophenol",NA,C3,MAX,Concentration3,,,mg/L,,ug/L,C,11/30/2024
PR0000370,002,34621,"2,4,6-Trichlorophenol",NA,C3,MAX,Concentration3,,,mg/L,,ug/L,B,12/31/2024
PR0000370,002,34621,"2,4,6-Trichlorophenol",NA,C3,MAX,Concentration3,,,mg/L,,ug/L,C,01/31/2025
PR0000370,002,34621,"2,4,6-Trichlorophenol",NA,C3,MAX,Concentration3,,,mg/L,,ug/L,C,02/28/2025
PR0000370,002,34621,"2,4,6-Trichlorophenol",NA,C3,MAX,Concentration3,,,mg/L,,ug/L,B,03/31/2025
PR0000370,002,34621,"2,4,6-Trichlorophenol",NA,C3,MAX,Concentration3,,,mg/L,,ug/L,C,04/30/2025
PR0000370,002,34621,"2,4,6-Trichlorophenol",NA,C3,MAX,Concentration3,,,mg/L,,ug/L,C,05/31/2025
PR0000370,002,34621,"2,4,6-Trichlorophenol",NA,C3,MAX,Concentration3,,,mg/L,,ug/L,C,06/30/2025
PR0000370,002,34621,"2,4,6-Trichlorophenol",NA,C3,MAX,Concentration3,,,mg/L,,ug/L,C,07/31/2025
PR0000370,002,34621,"2,4,6-Trichlorophenol",NA,C3,MAX,Concentration3,,,mg/L,,ug/L,C,08/31/2025
PR0000370,002,34621,"2,4,6-Trichlorophenol",NA,C3,MAX,Concentration3,,,mg/L,,ug/L,B,09/30/2025
PR0000370,002,34621,"2,4,6-Trichlorophenol",NA,C3,MAX,Concentration3,,,mg/L,,ug/L,C,10/31/2025
PR0000370,002,34621,"2,4,6-Trichlorophenol",NA,C3,MAX,Concentration3,,,mg/L,,ug/L,C,11/30/2025
PR0000370,002,34621,"2,4,6-Trichlorophenol",NA,C3,MAX,Concentration3,,,mg/L,,ug/L,C,12/31/2025
PR0000370,002,34621,"2,4,6-Trichlorophenol",NA,C3,MAX,Concentration3,,,mg/L,,ug/L,C,01/31/2026
PR0000370,002,38260,Surfactants [MBAS],34,C3,MAX,Concentration3,ug/L,.034,mg/L,,ug/L,,01/31/2020
PR0000370,002,38260,Surfactants [MBAS],25,C3,MAX,Concentration3,ug/L,.025,mg/L,,ug/L,,02/29/2020
PR0000370,002,38260,Surfactants [MBAS],NA,C3,MAX,Concentration3,,,mg/L,,ug/L,C,03/31/2020
PR0000370,002,38260,Surfactants [MBAS],NA,C3,MAX,Concentration3,,,mg/L,,ug/L,C,04/30/2020
PR0000370,002,38260,Surfactants [MBAS],NA,C3,MAX,Concentration3,,,mg/L,,ug/L,C,05/31/2020
PR0000370,002,38260,Surfactants [MBAS],30,C3,MAX,Concentration3,ug/L,.03,mg/L,,ug/L,,06/30/2020
PR0000370,002,38260,Surfactants [MBAS],25,C3,MAX,Concentration3,ug/L,.025,mg/L,,ug/L,,07/31/2020
PR0000370,002,38260,Surfactants [MBAS],25,C3,MAX,Concentration3,ug/L,.025,mg/L,,ug/L,,08/31/2020
PR0000370,002,38260,Surfactants [MBAS],25,C3,MAX,Concentration3,ug/L,.025,mg/L,,ug/L,,09/30/2020
PR0000370,002,38260,Surfactants [MBAS],NA,C3,MAX,Concentration3,,,mg/L,,ug/L,C,10/31/2020
PR0000370,002,38260,Surfactants [MBAS],25,C3,MAX,Concentration3,ug/L,.025,mg/L,,ug/L,,11/30/2020
PR0000370,002,38260,Surfactants [MBAS],NA,C3,MAX,Concentration3,,,mg/L,,ug/L,C,12/31/2020
PR0000370,002,38260,Surfactants [MBAS],NA,C3,MAX,Concentration3,,,mg/L,,ug/L,C,01/31/2021
PR0000370,002,38260,Surfactants [MBAS],NA,C3,MAX,Concentration3,,,mg/L,,ug/L,C,02/28/2021
PR0000370,002,38260,Surfactants [MBAS],NA,C3,MAX,Concentration3,,,mg/L,,ug/L,C,03/31/2021
PR0000370,002,38260,Surfactants [MBAS],25,C3,MAX,Concentration3,ug/L,.025,mg/L,,ug/L,,04/30/2021
PR0000370,002,38260,Surfactants [MBAS],NA,C3,MAX,Concentration3,,,mg/L,,ug/L,C,05/31/2021
PR0000370,002,38260,Surfactants [MBAS],NA,C3,MAX,Concentration3,,,mg/L,,ug/L,C,06/30/2021
PR0000370,002,38260,Surfactants [MBAS],25,C3,MAX,Concentration3,ug/L,.025,mg/L,,ug/L,,07/31/2021
PR0000370,002,38260,Surfactants [MBAS],NA,C3,MAX,Concentration3,,,mg/L,,ug/L,C,08/31/2021
PR0000370,002,38260,Surfactants [MBAS],NA,C3,MAX,Concentration3,,,mg/L,,ug/L,C,09/30/2021
PR0000370,002,38260,Surfactants [MBAS],NA,C3,MAX,Concentration3,,,mg/L,,ug/L,C,10/31/2021
PR0000370,002,38260,Surfactants [MBAS],NA,C3,MAX,Concentration3,,,mg/L,,ug/L,C,11/30/2021
PR0000370,002,38260,Surfactants [MBAS],NA,C3,MAX,Concentration3,,,mg/L,,ug/L,C,12/31/2021
PR0000370,002,38260,Surfactants [MBAS],NA,C3,MAX,Concentration3,,,mg/L,,ug/L,C,01/31/2022
PR0000370,002,38260,Surfactants [MBAS],NA,C3,MAX,Concentration3,,,mg/L,,ug/L,C,02/28/2022
PR0000370,002,38260,Surfactants [MBAS],NA,C3,MAX,Concentration3,,,mg/L,,ug/L,C,03/31/2022
PR0000370,002,38260,Surfactants [MBAS],NA,C3,MAX,Concentration3,,,mg/L,,ug/L,C,04/30/2022
PR0000370,002,38260,Surfactants [MBAS],NA,C3,MAX,Concentration3,,,mg/L,,ug/L,C,05/31/2022
PR0000370,002,38260,Surfactants [MBAS],NA,C3,MAX,Concentration3,,,mg/L,,ug/L,B,06/30/2022
PR0000370,002,38260,Surfactants [MBAS],53,C3,MAX,Concentration3,ug/L,.053,mg/L,,ug/L,,07/31/2022
PR0000370,002,38260,Surfactants [MBAS],NA,C3,MAX,Concentration3,,,mg/L,,ug/L,C,08/31/2022
PR0000370,002,38260,Surfactants [MBAS],NA,C3,MAX,Concentration3,,,mg/L,,ug/L,C,09/30/2022
PR0000370,002,38260,Surfactants [MBAS],25,C3,MAX,Concentration3,ug/L,.025,mg/L,,ug/L,,10/31/2022
PR0000370,002,38260,Surfactants [MBAS],25,C3,MAX,Concentration3,ug/L,.025,mg/L,,ug/L,,11/30/2022
PR0000370,002,38260,Surfactants [MBAS],NA,C3,MAX,Concentration3,,,mg/L,,ug/L,C,12/31/2022
PR0000370,002,38260,Surfactants [MBAS],NA,C3,MAX,Concentration3,,,mg/L,,ug/L,C,01/31/2023
PR0000370,002,38260,Surfactants [MBAS],NA,C3,MAX,Concentration3,,,mg/L,,ug/L,C,02/28/2023
PR0000370,002,38260,Surfactants [MBAS],NA,C3,MAX,Concentration3,,,mg/L,,ug/L,C,03/31/2023
PR0000370,002,38260,Surfactants [MBAS],NA,C3,MAX,Concentration3,,,mg/L,,ug/L,C,04/30/2023
PR0000370,002,38260,Surfactants [MBAS],99,C3,MAX,Concentration3,ug/L,.099,mg/L,,ug/L,,05/31/2023
PR0000370,002,38260,Surfactants [MBAS],31,C3,MAX,Concentration3,ug/L,.031,mg/L,,ug/L,,06/30/2023
PR0000370,002,38260,Surfactants [MBAS],28,C3,MAX,Concentration3,ug/L,.028,mg/L,,ug/L,,07/31/2023
PR0000370,002,38260,Surfactants [MBAS],25,C3,MAX,Concentration3,ug/L,.025,mg/L,,ug/L,,08/31/2023
PR0000370,002,38260,Surfactants [MBAS],NA,C3,MAX,Concentration3,,,mg/L,,ug/L,C,09/30/2023
PR0000370,002,38260,Surfactants [MBAS],NA,C3,MAX,Concentration3,,,mg/L,,ug/L,C,10/31/2023
PR0000370,002,38260,Surfactants [MBAS],NA,C3,MAX,Concentration3,,,mg/L,,ug/L,C,11/30/2023
PR0000370,002,38260,Surfactants [MBAS],NA,C3,MAX,Concentration3,,,mg/L,,ug/L,C,12/31/2023
PR0000370,002,38260,Surfactants [MBAS],NA,C3,MAX,Concentration3,,,mg/L,,ug/L,B,01/31/2024
PR0000370,002,38260,Surfactants [MBAS],NA,C3,MAX,Concentration3,,,mg/L,,ug/L,B,02/29/2024
PR0000370,002,38260,Surfactants [MBAS],NA,C3,MAX,Concentration3,,,mg/L,,ug/L,C,03/31/2024
PR0000370,002,38260,Surfactants [MBAS],NA,C3,MAX,Concentration3,,,mg/L,,ug/L,B,04/30/2024
PR0000370,002,38260,Surfactants [MBAS],NA,C3,MAX,Concentration3,,,mg/L,,ug/L,C,05/31/2024
PR0000370,002,38260,Surfactants [MBAS],NA,C3,MAX,Concentration3,,,mg/L,,ug/L,C,06/30/2024
PR0000370,002,38260,Surfactants [MBAS],NA,C3,MAX,Concentration3,,,mg/L,,ug/L,C,07/31/2024
PR0000370,002,38260,Surfactants [MBAS],NA,C3,MAX,Concentration3,,,mg/L,,ug/L,C,08/31/2024
PR0000370,002,38260,Surfactants [MBAS],NA,C3,MAX,Concentration3,,,mg/L,,ug/L,C,09/30/2024
PR0000370,002,38260,Surfactants [MBAS],NA,C3,MAX,Concentration3,,,mg/L,,ug/L,B,10/31/2024
PR0000370,002,38260,Surfactants [MBAS],NA,C3,MAX,Concentration3,,,mg/L,,ug/L,C,11/30/2024
PR0000370,002,38260,Surfactants [MBAS],NA,C3,MAX,Concentration3,,,mg/L,,ug/L,B,12/31/2024
PR0000370,002,38260,Surfactants [MBAS],NA,C3,MAX,Concentration3,,,mg/L,,ug/L,C,01/31/2025
PR0000370,002,38260,Surfactants [MBAS],NA,C3,MAX,Concentration3,,,mg/L,,ug/L,C,02/28/2025
PR0000370,002,38260,Surfactants [MBAS],NA,C3,MAX,Concentration3,,,mg/L,,ug/L,B,03/31/2025
PR0000370,002,38260,Surfactants [MBAS],NA,C3,MAX,Concentration3,,,mg/L,,ug/L,C,04/30/2025
PR0000370,002,38260,Surfactants [MBAS],NA,C3,MAX,Concentration3,,,mg/L,,ug/L,C,05/31/2025
PR0000370,002,38260,Surfactants [MBAS],NA,C3,MAX,Concentration3,,,mg/L,,ug/L,C,06/30/2025
PR0000370,002,38260,Surfactants [MBAS],NA,C3,MAX,Concentration3,,,mg/L,,ug/L,C,07/31/2025
PR0000370,002,38260,Surfactants [MBAS],NA,C3,MAX,Concentration3,,,mg/L,,ug/L,C,08/31/2025
PR0000370,002,38260,Surfactants [MBAS],NA,C3,MAX,Concentration3,,,mg/L,,ug/L,B,09/30/2025
PR0000370,002,38260,Surfactants [MBAS],NA,C3,MAX,Concentration3,,,mg/L,,ug/L,C,10/31/2025
PR0000370,002,38260,Surfactants [MBAS],NA,C3,MAX,Concentration3,,,mg/L,,ug/L,C,11/30/2025
PR0000370,002,38260,Surfactants [MBAS],NA,C3,MAX,Concentration3,,,mg/L,,ug/L,C,12/31/2025
PR0000370,002,38260,Surfactants [MBAS],NA,C3,MAX,Concentration3,,,mg/L,,ug/L,C,01/31/2026
PR0000370,002,39032,Pentachlorophenol,NA,C3,MAX,Concentration3,,,mg/L,,ug/L,B,01/31/2020
PR0000370,002,39032,Pentachlorophenol,NA,C3,MAX,Concentration3,,,mg/L,,ug/L,B,02/29/2020
PR0000370,002,39032,Pentachlorophenol,NA,C3,MAX,Concentration3,,,mg/L,,ug/L,C,03/31/2020
PR0000370,002,39032,Pentachlorophenol,NA,C3,MAX,Concentration3,,,mg/L,,ug/L,C,04/30/2020
PR0000370,002,39032,Pentachlorophenol,NA,C3,MAX,Concentration3,,,mg/L,,ug/L,C,05/31/2020
PR0000370,002,39032,Pentachlorophenol,NA,C3,MAX,Concentration3,,,mg/L,,ug/L,B,06/30/2020
PR0000370,002,39032,Pentachlorophenol,NA,C3,MAX,Concentration3,,,mg/L,,ug/L,B,07/31/2020
PR0000370,002,39032,Pentachlorophenol,NA,C3,MAX,Concentration3,,,mg/L,,ug/L,B,08/31/2020
PR0000370,002,39032,Pentachlorophenol,NA,C3,MAX,Concentration3,,,mg/L,,ug/L,B,09/30/2020
PR0000370,002,39032,Pentachlorophenol,NA,C3,MAX,Concentration3,,,mg/L,,ug/L,C,10/31/2020
PR0000370,002,39032,Pentachlorophenol,NA,C3,MAX,Concentration3,,,mg/L,,ug/L,B,11/30/2020
PR0000370,002,39032,Pentachlorophenol,NA,C3,MAX,Concentration3,,,mg/L,,ug/L,C,12/31/2020
PR0000370,002,39032,Pentachlorophenol,NA,C3,MAX,Concentration3,,,mg/L,,ug/L,C,01/31/2021
PR0000370,002,39032,Pentachlorophenol,NA,C3,MAX,Concentration3,,,mg/L,,ug/L,C,02/28/2021
PR0000370,002,39032,Pentachlorophenol,NA,C3,MAX,Concentration3,,,mg/L,,ug/L,C,03/31/2021
PR0000370,002,39032,Pentachlorophenol,NA,C3,MAX,Concentration3,,,mg/L,,ug/L,B,04/30/2021
PR0000370,002,39032,Pentachlorophenol,NA,C3,MAX,Concentration3,,,mg/L,,ug/L,C,05/31/2021
PR0000370,002,39032,Pentachlorophenol,NA,C3,MAX,Concentration3,,,mg/L,,ug/L,C,06/30/2021
PR0000370,002,39032,Pentachlorophenol,NA,C3,MAX,Concentration3,,,mg/L,,ug/L,B,07/31/2021
PR0000370,002,39032,Pentachlorophenol,NA,C3,MAX,Concentration3,,,mg/L,,ug/L,C,08/31/2021
PR0000370,002,39032,Pentachlorophenol,NA,C3,MAX,Concentration3,,,mg/L,,ug/L,C,09/30/2021
PR0000370,002,39032,Pentachlorophenol,NA,C3,MAX,Concentration3,,,mg/L,,ug/L,C,10/31/2021
PR0000370,002,39032,Pentachlorophenol,NA,C3,MAX,Concentration3,,,mg/L,,ug/L,C,11/30/2021
PR0000370,002,39032,Pentachlorophenol,NA,C3,MAX,Concentration3,,,mg/L,,ug/L,C,12/31/2021
PR0000370,002,39032,Pentachlorophenol,NA,C3,MAX,Concentration3,,,mg/L,,ug/L,C,01/31/2022
PR0000370,002,39032,Pentachlorophenol,NA,C3,MAX,Concentration3,,,mg/L,,ug/L,C,02/28/2022
PR0000370,002,39032,Pentachlorophenol,NA,C3,MAX,Concentration3,,,mg/L,,ug/L,C,03/31/2022
PR0000370,002,39032,Pentachlorophenol,NA,C3,MAX,Concentration3,,,mg/L,,ug/L,C,04/30/2022
PR0000370,002,39032,Pentachlorophenol,NA,C3,MAX,Concentration3,,,mg/L,,ug/L,C,05/31/2022
PR0000370,002,39032,Pentachlorophenol,NA,C3,MAX,Concentration3,,,mg/L,,ug/L,B,06/30/2022
PR0000370,002,39032,Pentachlorophenol,NA,C3,MAX,Concentration3,,,mg/L,,ug/L,B,07/31/2022
PR0000370,002,39032,Pentachlorophenol,NA,C3,MAX,Concentration3,,,mg/L,,ug/L,C,08/31/2022
PR0000370,002,39032,Pentachlorophenol,NA,C3,MAX,Concentration3,,,mg/L,,ug/L,C,09/30/2022
PR0000370,002,39032,Pentachlorophenol,NA,C3,MAX,Concentration3,,,mg/L,,ug/L,B,10/31/2022
PR0000370,002,39032,Pentachlorophenol,NA,C3,MAX,Concentration3,,,mg/L,,ug/L,B,11/30/2022
PR0000370,002,39032,Pentachlorophenol,NA,C3,MAX,Concentration3,,,mg/L,,ug/L,C,12/31/2022
PR0000370,002,39032,Pentachlorophenol,NA,C3,MAX,Concentration3,,,mg/L,,ug/L,C,01/31/2023
PR0000370,002,39032,Pentachlorophenol,NA,C3,MAX,Concentration3,,,mg/L,,ug/L,C,02/28/2023
PR0000370,002,39032,Pentachlorophenol,NA,C3,MAX,Concentration3,,,mg/L,,ug/L,C,03/31/2023
PR0000370,002,39032,Pentachlorophenol,NA,C3,MAX,Concentration3,,,mg/L,,ug/L,C,04/30/2023
PR0000370,002,39032,Pentachlorophenol,NA,C3,MAX,Concentration3,,,mg/L,,ug/L,B,05/31/2023
PR0000370,002,39032,Pentachlorophenol,NA,C3,MAX,Concentration3,,,mg/L,,ug/L,B,06/30/2023
PR0000370,002,39032,Pentachlorophenol,NA,C3,MAX,Concentration3,,,mg/L,,ug/L,B,07/31/2023
PR0000370,002,39032,Pentachlorophenol,NA,C3,MAX,Concentration3,,,mg/L,,ug/L,B,08/31/2023
PR0000370,002,39032,Pentachlorophenol,NA,C3,MAX,Concentration3,,,mg/L,,ug/L,C,09/30/2023
PR0000370,002,39032,Pentachlorophenol,NA,C3,MAX,Concentration3,,,mg/L,,ug/L,C,10/31/2023
PR0000370,002,39032,Pentachlorophenol,NA,C3,MAX,Concentration3,,,mg/L,,ug/L,C,11/30/2023
PR0000370,002,39032,Pentachlorophenol,NA,C3,MAX,Concentration3,,,mg/L,,ug/L,C,12/31/2023
PR0000370,002,39032,Pentachlorophenol,NA,C3,MAX,Concentration3,,,mg/L,,ug/L,B,01/31/2024
PR0000370,002,39032,Pentachlorophenol,NA,C3,MAX,Concentration3,,,mg/L,,ug/L,B,02/29/2024
PR0000370,002,39032,Pentachlorophenol,NA,C3,MAX,Concentration3,,,mg/L,,ug/L,C,03/31/2024
PR0000370,002,39032,Pentachlorophenol,NA,C3,MAX,Concentration3,,,mg/L,,ug/L,B,04/30/2024
PR0000370,002,39032,Pentachlorophenol,NA,C3,MAX,Concentration3,,,mg/L,,ug/L,C,05/31/2024
PR0000370,002,39032,Pentachlorophenol,NA,C3,MAX,Concentration3,,,mg/L,,ug/L,C,06/30/2024
PR0000370,002,39032,Pentachlorophenol,NA,C3,MAX,Concentration3,,,mg/L,,ug/L,C,07/31/2024
PR0000370,002,39032,Pentachlorophenol,NA,C3,MAX,Concentration3,,,mg/L,,ug/L,C,08/31/2024
PR0000370,002,39032,Pentachlorophenol,NA,C3,MAX,Concentration3,,,mg/L,,ug/L,C,09/30/2024
PR0000370,002,39032,Pentachlorophenol,NA,C3,MAX,Concentration3,,,mg/L,,ug/L,B,10/31/2024
PR0000370,002,39032,Pentachlorophenol,NA,C3,MAX,Concentration3,,,mg/L,,ug/L,C,11/30/2024
PR0000370,002,39032,Pentachlorophenol,NA,C3,MAX,Concentration3,,,mg/L,,ug/L,B,12/31/2024
PR0000370,002,39032,Pentachlorophenol,NA,C3,MAX,Concentration3,,,mg/L,,ug/L,C,01/31/2025
PR0000370,002,39032,Pentachlorophenol,NA,C3,MAX,Concentration3,,,mg/L,,ug/L,C,02/28/2025
PR0000370,002,39032,Pentachlorophenol,NA,C3,MAX,Concentration3,,,mg/L,,ug/L,B,03/31/2025
PR0000370,002,39032,Pentachlorophenol,NA,C3,MAX,Concentration3,,,mg/L,,ug/L,C,04/30/2025
PR0000370,002,39032,Pentachlorophenol,NA,C3,MAX,Concentration3,,,mg/L,,ug/L,C,05/31/2025
PR0000370,002,39032,Pentachlorophenol,NA,C3,MAX,Concentration3,,,mg/L,,ug/L,C,06/30/2025
PR0000370,002,39032,Pentachlorophenol,NA,C3,MAX,Concentration3,,,mg/L,,ug/L,C,07/31/2025
PR0000370,002,39032,Pentachlorophenol,NA,C3,MAX,Concentration3,,,mg/L,,ug/L,C,08/31/2025
PR0000370,002,39032,Pentachlorophenol,NA,C3,MAX,Concentration3,,,mg/L,,ug/L,B,09/30/2025
PR0000370,002,39032,Pentachlorophenol,NA,C3,MAX,Concentration3,,,mg/L,,ug/L,C,10/31/2025
PR0000370,002,39032,Pentachlorophenol,NA,C3,MAX,Concentration3,,,mg/L,,ug/L,C,11/30/2025
PR0000370,002,39032,Pentachlorophenol,NA,C3,MAX,Concentration3,,,mg/L,,ug/L,C,12/31/2025
PR0000370,002,39032,Pentachlorophenol,NA,C3,MAX,Concentration3,,,mg/L,,ug/L,C,01/31/2026
PR0000370,002,51202,Sulfide-hydrogen sulfide [undissociated],2,C3,MAX,Concentration3,ug/L,.002,mg/L,,ug/L,,01/31/2020
PR0000370,002,51202,Sulfide-hydrogen sulfide [undissociated],2,C3,MAX,Concentration3,ug/L,.002,mg/L,,ug/L,,02/29/2020
PR0000370,002,51202,Sulfide-hydrogen sulfide [undissociated],NA,C3,MAX,Concentration3,,,mg/L,,ug/L,C,03/31/2020
PR0000370,002,51202,Sulfide-hydrogen sulfide [undissociated],NA,C3,MAX,Concentration3,,,mg/L,,ug/L,C,04/30/2020
PR0000370,002,51202,Sulfide-hydrogen sulfide [undissociated],NA,C3,MAX,Concentration3,,,mg/L,,ug/L,C,05/31/2020
PR0000370,002,51202,Sulfide-hydrogen sulfide [undissociated],2,C3,MAX,Concentration3,ug/L,.002,mg/L,,ug/L,,06/30/2020
PR0000370,002,51202,Sulfide-hydrogen sulfide [undissociated],2,C3,MAX,Concentration3,ug/L,.002,mg/L,,ug/L,,07/31/2020
PR0000370,002,51202,Sulfide-hydrogen sulfide [undissociated],2,C3,MAX,Concentration3,ug/L,.002,mg/L,,ug/L,,08/31/2020
PR0000370,002,51202,Sulfide-hydrogen sulfide [undissociated],2,C3,MAX,Concentration3,ug/L,.002,mg/L,,ug/L,,09/30/2020
PR0000370,002,51202,Sulfide-hydrogen sulfide [undissociated],NA,C3,MAX,Concentration3,,,mg/L,,ug/L,C,10/31/2020
PR0000370,002,51202,Sulfide-hydrogen sulfide [undissociated],2,C3,MAX,Concentration3,ug/L,.002,mg/L,,ug/L,,11/30/2020
PR0000370,002,51202,Sulfide-hydrogen sulfide [undissociated],NA,C3,MAX,Concentration3,,,mg/L,,ug/L,C,12/31/2020
PR0000370,002,51202,Sulfide-hydrogen sulfide [undissociated],NA,C3,MAX,Concentration3,,,mg/L,,ug/L,C,01/31/2021
PR0000370,002,51202,Sulfide-hydrogen sulfide [undissociated],NA,C3,MAX,Concentration3,,,mg/L,,ug/L,C,02/28/2021
PR0000370,002,51202,Sulfide-hydrogen sulfide [undissociated],NA,C3,MAX,Concentration3,,,mg/L,,ug/L,C,03/31/2021
PR0000370,002,51202,Sulfide-hydrogen sulfide [undissociated],2,C3,MAX,Concentration3,ug/L,.002,mg/L,,ug/L,,04/30/2021
PR0000370,002,51202,Sulfide-hydrogen sulfide [undissociated],NA,C3,MAX,Concentration3,,,mg/L,,ug/L,C,05/31/2021
PR0000370,002,51202,Sulfide-hydrogen sulfide [undissociated],NA,C3,MAX,Concentration3,,,mg/L,,ug/L,C,06/30/2021
PR0000370,002,51202,Sulfide-hydrogen sulfide [undissociated],2,C3,MAX,Concentration3,ug/L,.002,mg/L,,ug/L,,07/31/2021
PR0000370,002,51202,Sulfide-hydrogen sulfide [undissociated],NA,C3,MAX,Concentration3,,,mg/L,,ug/L,C,08/31/2021
PR0000370,002,51202,Sulfide-hydrogen sulfide [undissociated],NA,C3,MAX,Concentration3,,,mg/L,,ug/L,C,09/30/2021
PR0000370,002,51202,Sulfide-hydrogen sulfide [undissociated],NA,C3,MAX,Concentration3,,,mg/L,,ug/L,C,10/31/2021
PR0000370,002,51202,Sulfide-hydrogen sulfide [undissociated],NA,C3,MAX,Concentration3,,,mg/L,,ug/L,C,11/30/2021
PR0000370,002,51202,Sulfide-hydrogen sulfide [undissociated],NA,C3,MAX,Concentration3,,,mg/L,,ug/L,C,12/31/2021
PR0000370,002,51202,Sulfide-hydrogen sulfide [undissociated],NA,C3,MAX,Concentration3,,,mg/L,,ug/L,C,01/31/2022
PR0000370,002,51202,Sulfide-hydrogen sulfide [undissociated],NA,C3,MAX,Concentration3,,,mg/L,,ug/L,C,02/28/2022
PR0000370,002,51202,Sulfide-hydrogen sulfide [undissociated],NA,C3,MAX,Concentration3,,,mg/L,,ug/L,C,03/31/2022
PR0000370,002,51202,Sulfide-hydrogen sulfide [undissociated],NA,C3,MAX,Concentration3,,,mg/L,,ug/L,C,04/30/2022
PR0000370,002,51202,Sulfide-hydrogen sulfide [undissociated],NA,C3,MAX,Concentration3,,,mg/L,,ug/L,C,05/31/2022
PR0000370,002,51202,Sulfide-hydrogen sulfide [undissociated],NA,C3,MAX,Concentration3,,,mg/L,,ug/L,B,06/30/2022
PR0000370,002,51202,Sulfide-hydrogen sulfide [undissociated],NA,C3,MAX,Concentration3,,,mg/L,,ug/L,B,07/31/2022
PR0000370,002,51202,Sulfide-hydrogen sulfide [undissociated],NA,C3,MAX,Concentration3,,,mg/L,,ug/L,C,08/31/2022
PR0000370,002,51202,Sulfide-hydrogen sulfide [undissociated],NA,C3,MAX,Concentration3,,,mg/L,,ug/L,C,09/30/2022
PR0000370,002,51202,Sulfide-hydrogen sulfide [undissociated],4,C3,MAX,Concentration3,ug/L,.004,mg/L,,ug/L,,10/31/2022
PR0000370,002,51202,Sulfide-hydrogen sulfide [undissociated],0.2,C3,MAX,Concentration3,ug/L,.0002,mg/L,,ug/L,,11/30/2022
PR0000370,002,51202,Sulfide-hydrogen sulfide [undissociated],NA,C3,MAX,Concentration3,,,mg/L,,ug/L,C,12/31/2022
PR0000370,002,51202,Sulfide-hydrogen sulfide [undissociated],NA,C3,MAX,Concentration3,,,mg/L,,ug/L,C,01/31/2023
PR0000370,002,51202,Sulfide-hydrogen sulfide [undissociated],NA,C3,MAX,Concentration3,,,mg/L,,ug/L,C,02/28/2023
PR0000370,002,51202,Sulfide-hydrogen sulfide [undissociated],NA,C3,MAX,Concentration3,,,mg/L,,ug/L,C,03/31/2023
PR0000370,002,51202,Sulfide-hydrogen sulfide [undissociated],NA,C3,MAX,Concentration3,,,mg/L,,ug/L,C,04/30/2023
PR0000370,002,51202,Sulfide-hydrogen sulfide [undissociated],2,C3,MAX,Concentration3,ug/L,.002,mg/L,,ug/L,,05/31/2023
PR0000370,002,51202,Sulfide-hydrogen sulfide [undissociated],2,C3,MAX,Concentration3,ug/L,.002,mg/L,,ug/L,,06/30/2023
PR0000370,002,51202,Sulfide-hydrogen sulfide [undissociated],2,C3,MAX,Concentration3,ug/L,.002,mg/L,,ug/L,,07/31/2023
PR0000370,002,51202,Sulfide-hydrogen sulfide [undissociated],2,C3,MAX,Concentration3,ug/L,.002,mg/L,,ug/L,,08/31/2023
PR0000370,002,51202,Sulfide-hydrogen sulfide [undissociated],NA,C3,MAX,Concentration3,,,mg/L,,ug/L,C,09/30/2023
PR0000370,002,51202,Sulfide-hydrogen sulfide [undissociated],NA,C3,MAX,Concentration3,,,mg/L,,ug/L,C,10/31/2023
PR0000370,002,51202,Sulfide-hydrogen sulfide [undissociated],NA,C3,MAX,Concentration3,,,mg/L,,ug/L,C,11/30/2023
PR0000370,002,51202,Sulfide-hydrogen sulfide [undissociated],NA,C3,MAX,Concentration3,,,mg/L,,ug/L,C,12/31/2023
PR0000370,002,51202,Sulfide-hydrogen sulfide [undissociated],NA,C3,MAX,Concentration3,,,mg/L,,ug/L,B,01/31/2024
PR0000370,002,51202,Sulfide-hydrogen sulfide [undissociated],NA,C3,MAX,Concentration3,,,mg/L,,ug/L,B,02/29/2024
PR0000370,002,51202,Sulfide-hydrogen sulfide [undissociated],NA,C3,MAX,Concentration3,,,mg/L,,ug/L,C,03/31/2024
PR0000370,002,51202,Sulfide-hydrogen sulfide [undissociated],NA,C3,MAX,Concentration3,,,mg/L,,ug/L,B,04/30/2024
PR0000370,002,51202,Sulfide-hydrogen sulfide [undissociated],NA,C3,MAX,Concentration3,,,mg/L,,ug/L,C,05/31/2024
PR0000370,002,51202,Sulfide-hydrogen sulfide [undissociated],NA,C3,MAX,Concentration3,,,mg/L,,ug/L,C,06/30/2024
PR0000370,002,51202,Sulfide-hydrogen sulfide [undissociated],NA,C3,MAX,Concentration3,,,mg/L,,ug/L,C,07/31/2024
PR0000370,002,51202,Sulfide-hydrogen sulfide [undissociated],NA,C3,MAX,Concentration3,,,mg/L,,ug/L,C,08/31/2024
PR0000370,002,51202,Sulfide-hydrogen sulfide [undissociated],NA,C3,MAX,Concentration3,,,mg/L,,ug/L,C,09/30/2024
PR0000370,002,51202,Sulfide-hydrogen sulfide [undissociated],NA,C3,MAX,Concentration3,,,mg/L,,ug/L,B,10/31/2024
PR0000370,002,51202,Sulfide-hydrogen sulfide [undissociated],NA,C3,MAX,Concentration3,,,mg/L,,ug/L,C,11/30/2024
PR0000370,002,51202,Sulfide-hydrogen sulfide [undissociated],NA,C3,MAX,Concentration3,,,mg/L,,ug/L,B,12/31/2024
PR0000370,002,51202,Sulfide-hydrogen sulfide [undissociated],NA,C3,MAX,Concentration3,,,mg/L,,ug/L,C,01/31/2025
PR0000370,002,51202,Sulfide-hydrogen sulfide [undissociated],NA,C3,MAX,Concentration3,,,mg/L,,ug/L,C,02/28/2025
PR0000370,002,51202,Sulfide-hydrogen sulfide [undissociated],NA,C3,MAX,Concentration3,,,mg/L,,ug/L,B,03/31/2025
PR0000370,002,51202,Sulfide-hydrogen sulfide [undissociated],NA,C3,MAX,Concentration3,,,mg/L,,ug/L,C,04/30/2025
PR0000370,002,51202,Sulfide-hydrogen sulfide [undissociated],NA,C3,MAX,Concentration3,,,mg/L,,ug/L,C,05/31/2025
PR0000370,002,51202,Sulfide-hydrogen sulfide [undissociated],NA,C3,MAX,Concentration3,,,mg/L,,ug/L,C,06/30/2025
PR0000370,002,51202,Sulfide-hydrogen sulfide [undissociated],NA,C3,MAX,Concentration3,,,mg/L,,ug/L,C,07/31/2025
PR0000370,002,51202,Sulfide-hydrogen sulfide [undissociated],NA,C3,MAX,Concentration3,,,mg/L,,ug/L,C,08/31/2025
PR0000370,002,51202,Sulfide-hydrogen sulfide [undissociated],NA,C3,MAX,Concentration3,,,mg/L,,ug/L,B,09/30/2025
PR0000370,002,51202,Sulfide-hydrogen sulfide [undissociated],NA,C3,MAX,Concentration3,,,mg/L,,ug/L,C,10/31/2025
PR0000370,002,51202,Sulfide-hydrogen sulfide [undissociated],NA,C3,MAX,Concentration3,,,mg/L,,ug/L,C,11/30/2025
PR0000370,002,51202,Sulfide-hydrogen sulfide [undissociated],NA,C3,MAX,Concentration3,,,mg/L,,ug/L,C,12/31/2025
PR0000370,002,51202,Sulfide-hydrogen sulfide [undissociated],NA,C3,MAX,Concentration3,,,mg/L,,ug/L,C,01/31/2026
PR0000370,002,70295,"Solids, total dissolved",188,C3,MAX,Concentration3,mg/L,188,mg/L,,mg/L,,01/31/2020
PR0000370,002,70295,"Solids, total dissolved",96,C3,MAX,Concentration3,mg/L,96,mg/L,,mg/L,,02/29/2020
PR0000370,002,70295,"Solids, total dissolved",NA,C3,MAX,Concentration3,,,mg/L,,mg/L,C,03/31/2020
PR0000370,002,70295,"Solids, total dissolved",NA,C3,MAX,Concentration3,,,mg/L,,mg/L,C,04/30/2020
PR0000370,002,70295,"Solids, total dissolved",NA,C3,MAX,Concentration3,,,mg/L,,mg/L,C,05/31/2020
PR0000370,002,70295,"Solids, total dissolved",141,C3,MAX,Concentration3,mg/L,141,mg/L,,mg/L,,06/30/2020
PR0000370,002,70295,"Solids, total dissolved",141,C3,MAX,Concentration3,mg/L,141,mg/L,,mg/L,,07/31/2020
PR0000370,002,70295,"Solids, total dissolved",89,C3,MAX,Concentration3,mg/L,89,mg/L,,mg/L,,08/31/2020
PR0000370,002,70295,"Solids, total dissolved",178,C3,MAX,Concentration3,mg/L,178,mg/L,,mg/L,,09/30/2020
PR0000370,002,70295,"Solids, total dissolved",NA,C3,MAX,Concentration3,,,mg/L,,mg/L,C,10/31/2020
PR0000370,002,70295,"Solids, total dissolved",49,C3,MAX,Concentration3,mg/L,49,mg/L,,mg/L,,11/30/2020
PR0000370,002,70295,"Solids, total dissolved",NA,C3,MAX,Concentration3,,,mg/L,,mg/L,C,12/31/2020
PR0000370,002,70295,"Solids, total dissolved",NA,C3,MAX,Concentration3,,,mg/L,,mg/L,C,01/31/2021
PR0000370,002,70295,"Solids, total dissolved",NA,C3,MAX,Concentration3,,,mg/L,,mg/L,C,02/28/2021
PR0000370,002,70295,"Solids, total dissolved",NA,C3,MAX,Concentration3,,,mg/L,,mg/L,C,03/31/2021
PR0000370,002,70295,"Solids, total dissolved",175,C3,MAX,Concentration3,mg/L,175,mg/L,,mg/L,,04/30/2021
PR0000370,002,70295,"Solids, total dissolved",NA,C3,MAX,Concentration3,,,mg/L,,mg/L,C,05/31/2021
PR0000370,002,70295,"Solids, total dissolved",NA,C3,MAX,Concentration3,,,mg/L,,mg/L,C,06/30/2021
PR0000370,002,70295,"Solids, total dissolved",453,C3,MAX,Concentration3,mg/L,453,mg/L,,mg/L,,07/31/2021
PR0000370,002,70295,"Solids, total dissolved",NA,C3,MAX,Concentration3,,,mg/L,,mg/L,C,08/31/2021
PR0000370,002,70295,"Solids, total dissolved",NA,C3,MAX,Concentration3,,,mg/L,,mg/L,C,09/30/2021
PR0000370,002,70295,"Solids, total dissolved",NA,C3,MAX,Concentration3,,,mg/L,,mg/L,C,10/31/2021
PR0000370,002,70295,"Solids, total dissolved",NA,C3,MAX,Concentration3,,,mg/L,,mg/L,C,11/30/2021
PR0000370,002,70295,"Solids, total dissolved",NA,C3,MAX,Concentration3,,,mg/L,,mg/L,C,12/31/2021
PR0000370,002,70295,"Solids, total dissolved",NA,C3,MAX,Concentration3,,,mg/L,,mg/L,C,01/31/2022
PR0000370,002,70295,"Solids, total dissolved",NA,C3,MAX,Concentration3,,,mg/L,,mg/L,C,02/28/2022
PR0000370,002,70295,"Solids, total dissolved",NA,C3,MAX,Concentration3,,,mg/L,,mg/L,C,03/31/2022
PR0000370,002,70295,"Solids, total dissolved",NA,C3,MAX,Concentration3,,,mg/L,,mg/L,C,04/30/2022
PR0000370,002,70295,"Solids, total dissolved",NA,C3,MAX,Concentration3,,,mg/L,,mg/L,C,05/31/2022
PR0000370,002,70295,"Solids, total dissolved",115,C3,MAX,Concentration3,mg/L,115,mg/L,,mg/L,,06/30/2022
PR0000370,002,70295,"Solids, total dissolved",105,C3,MAX,Concentration3,mg/L,105,mg/L,,mg/L,,07/31/2022
PR0000370,002,70295,"Solids, total dissolved",NA,C3,MAX,Concentration3,,,mg/L,,mg/L,C,08/31/2022
PR0000370,002,70295,"Solids, total dissolved",NA,C3,MAX,Concentration3,,,mg/L,,mg/L,C,09/30/2022
PR0000370,002,70295,"Solids, total dissolved",93,C3,MAX,Concentration3,mg/L,93,mg/L,,mg/L,,10/31/2022
PR0000370,002,70295,"Solids, total dissolved",104,C3,MAX,Concentration3,mg/L,104,mg/L,,mg/L,,11/30/2022
PR0000370,002,70295,"Solids, total dissolved",NA,C3,MAX,Concentration3,,,mg/L,,mg/L,C,12/31/2022
PR0000370,002,70295,"Solids, total dissolved",NA,C3,MAX,Concentration3,,,mg/L,,mg/L,C,01/31/2023
PR0000370,002,70295,"Solids, total dissolved",NA,C3,MAX,Concentration3,,,mg/L,,mg/L,C,02/28/2023
PR0000370,002,70295,"Solids, total dissolved",NA,C3,MAX,Concentration3,,,mg/L,,mg/L,C,03/31/2023
PR0000370,002,70295,"Solids, total dissolved",NA,C3,MAX,Concentration3,,,mg/L,,mg/L,C,04/30/2023
PR0000370,002,70295,"Solids, total dissolved",47,C3,MAX,Concentration3,mg/L,47,mg/L,,mg/L,,05/31/2023
PR0000370,002,70295,"Solids, total dissolved",101,C3,MAX,Concentration3,mg/L,101,mg/L,,mg/L,,06/30/2023
PR0000370,002,70295,"Solids, total dissolved",101,C3,MAX,Concentration3,mg/L,101,mg/L,,mg/L,,07/31/2023
PR0000370,002,70295,"Solids, total dissolved",78,C3,MAX,Concentration3,mg/L,78,mg/L,,mg/L,,08/31/2023
PR0000370,002,70295,"Solids, total dissolved",NA,C3,MAX,Concentration3,,,mg/L,,mg/L,C,09/30/2023
PR0000370,002,70295,"Solids, total dissolved",NA,C3,MAX,Concentration3,,,mg/L,,mg/L,C,10/31/2023
PR0000370,002,70295,"Solids, total dissolved",NA,C3,MAX,Concentration3,,,mg/L,,mg/L,C,11/30/2023
PR0000370,002,70295,"Solids, total dissolved",NA,C3,MAX,Concentration3,,,mg/L,,mg/L,C,12/31/2023
PR0000370,002,70295,"Solids, total dissolved",61,C3,MAX,Concentration3,mg/L,61,mg/L,,mg/L,,01/31/2024
PR0000370,002,70295,"Solids, total dissolved",80,C3,MAX,Concentration3,mg/L,80,mg/L,,mg/L,,02/29/2024
PR0000370,002,70295,"Solids, total dissolved",NA,C3,MAX,Concentration3,,,mg/L,,mg/L,C,03/31/2024
PR0000370,002,70295,"Solids, total dissolved",80,C3,MAX,Concentration3,mg/L,80,mg/L,,mg/L,,04/30/2024
PR0000370,002,70295,"Solids, total dissolved",NA,C3,MAX,Concentration3,,,mg/L,,mg/L,C,05/31/2024
PR0000370,002,70295,"Solids, total dissolved",NA,C3,MAX,Concentration3,,,mg/L,,mg/L,C,06/30/2024
PR0000370,002,70295,"Solids, total dissolved",NA,C3,MAX,Concentration3,,,mg/L,,mg/L,C,07/31/2024
PR0000370,002,70295,"Solids, total dissolved",NA,C3,MAX,Concentration3,,,mg/L,,mg/L,C,08/31/2024
PR0000370,002,70295,"Solids, total dissolved",NA,C3,MAX,Concentration3,,,mg/L,,mg/L,C,09/30/2024
PR0000370,002,70295,"Solids, total dissolved",NA,C3,MAX,Concentration3,,,mg/L,,mg/L,B,10/31/2024
PR0000370,002,70295,"Solids, total dissolved",NA,C3,MAX,Concentration3,,,mg/L,,mg/L,C,11/30/2024
PR0000370,002,70295,"Solids, total dissolved",NA,C3,MAX,Concentration3,,,mg/L,,mg/L,B,12/31/2024
PR0000370,002,70295,"Solids, total dissolved",NA,C3,MAX,Concentration3,,,mg/L,,mg/L,C,01/31/2025
PR0000370,002,70295,"Solids, total dissolved",NA,C3,MAX,Concentration3,,,mg/L,,mg/L,C,02/28/2025
PR0000370,002,70295,"Solids, total dissolved",69,C3,MAX,Concentration3,mg/L,69,mg/L,,mg/L,,03/31/2025
PR0000370,002,70295,"Solids, total dissolved",NA,C3,MAX,Concentration3,,,mg/L,,mg/L,C,04/30/2025
PR0000370,002,70295,"Solids, total dissolved",NA,C3,MAX,Concentration3,,,mg/L,,mg/L,C,05/31/2025
PR0000370,002,70295,"Solids, total dissolved",NA,C3,MAX,Concentration3,,,mg/L,,mg/L,C,06/30/2025
PR0000370,002,70295,"Solids, total dissolved",NA,C3,MAX,Concentration3,,,mg/L,,mg/L,C,07/31/2025
PR0000370,002,70295,"Solids, total dissolved",NA,C3,MAX,Concentration3,,,mg/L,,mg/L,C,08/31/2025
PR0000370,002,70295,"Solids, total dissolved",162,C3,MAX,Concentration3,mg/L,162,mg/L,,mg/L,,09/30/2025
PR0000370,002,70295,"Solids, total dissolved",NA,C3,MAX,Concentration3,,,mg/L,,mg/L,C,10/31/2025
PR0000370,002,70295,"Solids, total dissolved",NA,C3,MAX,Concentration3,,,mg/L,,mg/L,C,11/30/2025
PR0000370,002,70295,"Solids, total dissolved",NA,C3,MAX,Concentration3,,,mg/L,,mg/L,C,12/31/2025
PR0000370,002,70295,"Solids, total dissolved",NA,C3,MAX,Concentration3,,,mg/L,,mg/L,C,01/31/2026
PR0000370,002,74055,"Coliform, fecal general",3434.33,C2,AVG,Concentration2,#/100mL,3434.33,MPN/100mL,200,#/100mL,,01/31/2020
PR0000370,002,74055,"Coliform, fecal general",7900,C3,MAX,Concentration3,#/100mL,7900,MPN/100mL,400,#/100mL,,01/31/2020
PR0000370,002,74055,"Coliform, fecal general",18847.6,C2,AVG,Concentration2,#/100mL,18847.6,MPN/100mL,200,#/100mL,,02/29/2020
PR0000370,002,74055,"Coliform, fecal general",22000,C3,MAX,Concentration3,#/100mL,22000,MPN/100mL,400,#/100mL,,02/29/2020
PR0000370,002,74055,"Coliform, fecal general",NA,C2,AVG,Concentration2,,,MPN/100mL,200,#/100mL,C,03/31/2020
PR0000370,002,74055,"Coliform, fecal general",NA,C3,MAX,Concentration3,,,MPN/100mL,400,#/100mL,C,03/31/2020
PR0000370,002,74055,"Coliform, fecal general",NA,C3,MAX,Concentration3,,,MPN/100mL,400,#/100mL,C,04/30/2020
PR0000370,002,74055,"Coliform, fecal general",NA,C2,AVG,Concentration2,,,MPN/100mL,200,#/100mL,C,04/30/2020
PR0000370,002,74055,"Coliform, fecal general",NA,C3,MAX,Concentration3,,,MPN/100mL,400,#/100mL,C,05/31/2020
PR0000370,002,74055,"Coliform, fecal general",NA,C2,AVG,Concentration2,,,MPN/100mL,200,#/100mL,C,05/31/2020
PR0000370,002,74055,"Coliform, fecal general",8945.29,C2,AVG,Concentration2,#/100mL,8945.29,MPN/100mL,200,#/100mL,,06/30/2020
PR0000370,002,74055,"Coliform, fecal general",13000,C3,MAX,Concentration3,#/100mL,13000,MPN/100mL,400,#/100mL,,06/30/2020
PR0000370,002,74055,"Coliform, fecal general",13000,C3,MAX,Concentration3,#/100mL,13000,MPN/100mL,400,#/100mL,,07/31/2020
PR0000370,002,74055,"Coliform, fecal general",6949.03,C2,AVG,Concentration2,#/100mL,6949.03,MPN/100mL,200,#/100mL,,07/31/2020
PR0000370,002,74055,"Coliform, fecal general",160000,C3,MAX,Concentration3,#/100mL,160000,MPN/100mL,400,#/100mL,,08/31/2020
PR0000370,002,74055,"Coliform, fecal general",36727.79,C2,AVG,Concentration2,#/100mL,36727.79,MPN/100mL,200,#/100mL,,08/31/2020
PR0000370,002,74055,"Coliform, fecal general",39823.04,C2,AVG,Concentration2,#/100mL,39823.04,MPN/100mL,200,#/100mL,,09/30/2020
PR0000370,002,74055,"Coliform, fecal general",92000,C3,MAX,Concentration3,#/100mL,92000,MPN/100mL,400,#/100mL,,09/30/2020
PR0000370,002,74055,"Coliform, fecal general",NA,C2,AVG,Concentration2,,,MPN/100mL,200,#/100mL,C,10/31/2020
PR0000370,002,74055,"Coliform, fecal general",NA,C3,MAX,Concentration3,,,MPN/100mL,400,#/100mL,C,10/31/2020
PR0000370,002,74055,"Coliform, fecal general",54806.5,C2,AVG,Concentration2,#/100mL,54806.5,MPN/100mL,200,#/100mL,,11/30/2020
PR0000370,002,74055,"Coliform, fecal general",79000,C3,MAX,Concentration3,#/100mL,79000,MPN/100mL,400,#/100mL,,11/30/2020
PR0000370,002,74055,"Coliform, fecal general",NA,C2,AVG,Concentration2,,,MPN/100mL,200,#/100mL,C,12/31/2020
PR0000370,002,74055,"Coliform, fecal general",NA,C3,MAX,Concentration3,,,MPN/100mL,400,#/100mL,C,12/31/2020
PR0000370,002,74055,"Coliform, fecal general",NA,C2,AVG,Concentration2,,,MPN/100mL,200,#/100mL,C,01/31/2021
PR0000370,002,74055,"Coliform, fecal general",NA,C3,MAX,Concentration3,,,MPN/100mL,400,#/100mL,C,01/31/2021
PR0000370,002,74055,"Coliform, fecal general",NA,C2,AVG,Concentration2,,,MPN/100mL,200,#/100mL,C,02/28/2021
PR0000370,002,74055,"Coliform, fecal general",NA,C3,MAX,Concentration3,,,MPN/100mL,400,#/100mL,C,02/28/2021
PR0000370,002,74055,"Coliform, fecal general",NA,C3,MAX,Concentration3,,,MPN/100mL,400,#/100mL,C,03/31/2021
PR0000370,002,74055,"Coliform, fecal general",NA,C2,AVG,Concentration2,,,MPN/100mL,200,#/100mL,C,03/31/2021
PR0000370,002,74055,"Coliform, fecal general",2788.07,C2,AVG,Concentration2,#/100mL,2788.07,MPN/100mL,200,#/100mL,,04/30/2021
PR0000370,002,74055,"Coliform, fecal general",7000,C3,MAX,Concentration3,#/100mL,7000,MPN/100mL,400,#/100mL,,04/30/2021
PR0000370,002,74055,"Coliform, fecal general",NA,C3,MAX,Concentration3,,,MPN/100mL,400,#/100mL,C,05/31/2021
PR0000370,002,74055,"Coliform, fecal general",NA,C2,AVG,Concentration2,,,MPN/100mL,200,#/100mL,C,05/31/2021
PR0000370,002,74055,"Coliform, fecal general",NA,C2,AVG,Concentration2,,,MPN/100mL,200,#/100mL,C,06/30/2021
PR0000370,002,74055,"Coliform, fecal general",NA,C3,MAX,Concentration3,,,MPN/100mL,400,#/100mL,C,06/30/2021
PR0000370,002,74055,"Coliform, fecal general",4183.34,C2,AVG,Concentration2,#/100mL,4183.34,MPN/100mL,200,#/100mL,,07/31/2021
PR0000370,002,74055,"Coliform, fecal general",4900,C3,MAX,Concentration3,#/100mL,4900,MPN/100mL,400,#/100mL,,07/31/2021
PR0000370,002,74055,"Coliform, fecal general",NA,C2,AVG,Concentration2,,,MPN/100mL,200,#/100mL,C,08/31/2021
PR0000370,002,74055,"Coliform, fecal general",NA,C3,MAX,Concentration3,,,MPN/100mL,400,#/100mL,C,08/31/2021
PR0000370,002,74055,"Coliform, fecal general",NA,C2,AVG,Concentration2,,,MPN/100mL,200,#/100mL,C,09/30/2021
PR0000370,002,74055,"Coliform, fecal general",NA,C3,MAX,Concentration3,,,MPN/100mL,400,#/100mL,C,09/30/2021
PR0000370,002,74055,"Coliform, fecal general",NA,C2,AVG,Concentration2,,,MPN/100mL,200,#/100mL,C,10/31/2021
PR0000370,002,74055,"Coliform, fecal general",NA,C3,MAX,Concentration3,,,MPN/100mL,400,#/100mL,C,10/31/2021
PR0000370,002,74055,"Coliform, fecal general",NA,C3,MAX,Concentration3,,,MPN/100mL,400,#/100mL,C,11/30/2021
PR0000370,002,74055,"Coliform, fecal general",NA,C2,AVG,Concentration2,,,MPN/100mL,200,#/100mL,C,11/30/2021
PR0000370,002,74055,"Coliform, fecal general",NA,C3,MAX,Concentration3,,,MPN/100mL,400,#/100mL,C,12/31/2021
PR0000370,002,74055,"Coliform, fecal general",NA,C2,AVG,Concentration2,,,MPN/100mL,200,#/100mL,C,12/31/2021
PR0000370,002,74055,"Coliform, fecal general",NA,C3,MAX,Concentration3,,,MPN/100mL,400,#/100mL,C,01/31/2022
PR0000370,002,74055,"Coliform, fecal general",NA,C2,AVG,Concentration2,,,MPN/100mL,200,#/100mL,C,01/31/2022
PR0000370,002,74055,"Coliform, fecal general",NA,C2,AVG,Concentration2,,,MPN/100mL,200,#/100mL,C,02/28/2022
PR0000370,002,74055,"Coliform, fecal general",NA,C3,MAX,Concentration3,,,MPN/100mL,400,#/100mL,C,02/28/2022
PR0000370,002,74055,"Coliform, fecal general",NA,C2,AVG,Concentration2,,,MPN/100mL,200,#/100mL,C,03/31/2022
PR0000370,002,74055,"Coliform, fecal general",NA,C3,MAX,Concentration3,,,MPN/100mL,400,#/100mL,C,03/31/2022
PR0000370,002,74055,"Coliform, fecal general",NA,C3,MAX,Concentration3,,,MPN/100mL,400,#/100mL,C,04/30/2022
PR0000370,002,74055,"Coliform, fecal general",NA,C2,AVG,Concentration2,,,MPN/100mL,200,#/100mL,C,04/30/2022
PR0000370,002,74055,"Coliform, fecal general",NA,C2,AVG,Concentration2,,,MPN/100mL,200,#/100mL,C,05/31/2022
PR0000370,002,74055,"Coliform, fecal general",NA,C3,MAX,Concentration3,,,MPN/100mL,400,#/100mL,C,05/31/2022
PR0000370,002,74055,"Coliform, fecal general",13700.7,C2,AVG,Concentration2,#/100mL,13700.7,MPN/100mL,200,#/100mL,,06/30/2022
PR0000370,002,74055,"Coliform, fecal general",35000,C3,MAX,Concentration3,#/100mL,35000,MPN/100mL,400,#/100mL,,06/30/2022
PR0000370,002,74055,"Coliform, fecal general",79000,C3,MAX,Concentration3,#/100mL,79000,MPN/100mL,400,#/100mL,,07/31/2022
PR0000370,002,74055,"Coliform, fecal general",35479.3,C2,AVG,Concentration2,#/100mL,35479.3,MPN/100mL,200,#/100mL,,07/31/2022
PR0000370,002,74055,"Coliform, fecal general",NA,C3,MAX,Concentration3,,,MPN/100mL,400,#/100mL,C,08/31/2022
PR0000370,002,74055,"Coliform, fecal general",NA,C2,AVG,Concentration2,,,MPN/100mL,200,#/100mL,C,08/31/2022
PR0000370,002,74055,"Coliform, fecal general",NA,C3,MAX,Concentration3,,,MPN/100mL,400,#/100mL,C,09/30/2022
PR0000370,002,74055,"Coliform, fecal general",NA,C2,AVG,Concentration2,,,MPN/100mL,200,#/100mL,C,09/30/2022
PR0000370,002,74055,"Coliform, fecal general",207.37,C2,AVG,Concentration2,#/100mL,207.37,MPN/100mL,200,#/100mL,,10/31/2022
PR0000370,002,74055,"Coliform, fecal general",490,C3,MAX,Concentration3,#/100mL,490,MPN/100mL,400,#/100mL,,10/31/2022
PR0000370,002,74055,"Coliform, fecal general",11611.34,C2,AVG,Concentration2,#/100mL,11611.34,MPN/100mL,200,#/100mL,,11/30/2022
PR0000370,002,74055,"Coliform, fecal general",24000,C3,MAX,Concentration3,#/100mL,24000,MPN/100mL,400,#/100mL,,11/30/2022
PR0000370,002,74055,"Coliform, fecal general",NA,C3,MAX,Concentration3,,,MPN/100mL,400,#/100mL,C,12/31/2022
PR0000370,002,74055,"Coliform, fecal general",NA,C2,AVG,Concentration2,,,MPN/100mL,200,#/100mL,C,12/31/2022
PR0000370,002,74055,"Coliform, fecal general",NA,C3,MAX,Concentration3,,,MPN/100mL,400,#/100mL,C,01/31/2023
PR0000370,002,74055,"Coliform, fecal general",NA,C2,AVG,Concentration2,,,MPN/100mL,200,#/100mL,C,01/31/2023
PR0000370,002,74055,"Coliform, fecal general",NA,C2,AVG,Concentration2,,,MPN/100mL,200,#/100mL,C,02/28/2023
PR0000370,002,74055,"Coliform, fecal general",NA,C3,MAX,Concentration3,,,MPN/100mL,400,#/100mL,C,02/28/2023
PR0000370,002,74055,"Coliform, fecal general",NA,C2,AVG,Concentration2,,,MPN/100mL,200,#/100mL,C,03/31/2023
PR0000370,002,74055,"Coliform, fecal general",NA,C3,MAX,Concentration3,,,MPN/100mL,400,#/100mL,C,03/31/2023
PR0000370,002,74055,"Coliform, fecal general",NA,C3,MAX,Concentration3,,,MPN/100mL,400,#/100mL,C,04/30/2023
PR0000370,002,74055,"Coliform, fecal general",NA,C2,AVG,Concentration2,,,MPN/100mL,200,#/100mL,C,04/30/2023
PR0000370,002,74055,"Coliform, fecal general",110000,C3,MAX,Concentration3,#/100mL,110000,MPN/100mL,400,#/100mL,,05/31/2023
PR0000370,002,74055,"Coliform, fecal general",39759.08,C2,AVG,Concentration2,#/100mL,39759.08,MPN/100mL,200,#/100mL,,05/31/2023
PR0000370,002,74055,"Coliform, fecal general",3300,C3,MAX,Concentration3,#/100mL,3300,MPN/100mL,400,#/100mL,,06/30/2023
PR0000370,002,74055,"Coliform, fecal general",1040.6,C2,AVG,Concentration2,#/100mL,1040.6,MPN/100mL,200,#/100mL,,06/30/2023
PR0000370,002,74055,"Coliform, fecal general",32743.39,C2,AVG,Concentration2,#/100mL,32743.39,MPN/100mL,200,#/100mL,,07/31/2023
PR0000370,002,74055,"Coliform, fecal general",49000,C3,MAX,Concentration3,#/100mL,49000,MPN/100mL,400,#/100mL,,07/31/2023
PR0000370,002,74055,"Coliform, fecal general",44272.51,C2,AVG,Concentration2,#/100mL,44272.51,MPN/100mL,200,#/100mL,,08/31/2023
PR0000370,002,74055,"Coliform, fecal general",70000,C3,MAX,Concentration3,#/100mL,70000,MPN/100mL,400,#/100mL,,08/31/2023
PR0000370,002,74055,"Coliform, fecal general",NA,C3,MAX,Concentration3,,,MPN/100mL,400,#/100mL,C,09/30/2023
PR0000370,002,74055,"Coliform, fecal general",NA,C2,AVG,Concentration2,,,MPN/100mL,200,#/100mL,C,09/30/2023
PR0000370,002,74055,"Coliform, fecal general",NA,C3,MAX,Concentration3,,,MPN/100mL,400,#/100mL,C,10/31/2023
PR0000370,002,74055,"Coliform, fecal general",NA,C2,AVG,Concentration2,,,MPN/100mL,200,#/100mL,C,10/31/2023
PR0000370,002,74055,"Coliform, fecal general",NA,C2,AVG,Concentration2,,,MPN/100mL,200,#/100mL,C,11/30/2023
PR0000370,002,74055,"Coliform, fecal general",NA,C3,MAX,Concentration3,,,MPN/100mL,400,#/100mL,C,11/30/2023
PR0000370,002,74055,"Coliform, fecal general",NA,C2,AVG,Concentration2,,,MPN/100mL,200,#/100mL,C,12/31/2023
PR0000370,002,74055,"Coliform, fecal general",NA,C3,MAX,Concentration3,,,MPN/100mL,400,#/100mL,C,12/31/2023
PR0000370,002,74055,"Coliform, fecal general",17000,C3,MAX,Concentration3,#/100mL,17000,MPN/100mL,400,#/100mL,,01/31/2024
PR0000370,002,74055,"Coliform, fecal general",7028.82,C2,AVG,Concentration2,#/100mL,7028.82,MPN/100mL,200,#/100mL,,01/31/2024
PR0000370,002,74055,"Coliform, fecal general",323.8,C2,AVG,Concentration2,#/100mL,323.8,MPN/100mL,200,#/100mL,,02/29/2024
PR0000370,002,74055,"Coliform, fecal general",17000,C3,MAX,Concentration3,#/100mL,17000,MPN/100mL,400,#/100mL,,02/29/2024
PR0000370,002,74055,"Coliform, fecal general",NA,C2,AVG,Concentration2,,,MPN/100mL,200,#/100mL,C,03/31/2024
PR0000370,002,74055,"Coliform, fecal general",NA,C3,MAX,Concentration3,,,MPN/100mL,400,#/100mL,C,03/31/2024
PR0000370,002,74055,"Coliform, fecal general",25484,C2,AVG,Concentration2,#/100mL,25484,MPN/100mL,200,#/100mL,,04/30/2024
PR0000370,002,74055,"Coliform, fecal general",49000,C3,MAX,Concentration3,#/100mL,49000,MPN/100mL,400,#/100mL,,04/30/2024
PR0000370,002,74055,"Coliform, fecal general",NA,C3,MAX,Concentration3,,,MPN/100mL,400,#/100mL,C,05/31/2024
PR0000370,002,74055,"Coliform, fecal general",NA,C2,AVG,Concentration2,,,MPN/100mL,200,#/100mL,C,05/31/2024
PR0000370,002,74055,"Coliform, fecal general",NA,C3,MAX,Concentration3,,,MPN/100mL,400,#/100mL,C,06/30/2024
PR0000370,002,74055,"Coliform, fecal general",NA,C2,AVG,Concentration2,,,MPN/100mL,200,#/100mL,C,06/30/2024
PR0000370,002,74055,"Coliform, fecal general",NA,C2,AVG,Concentration2,,,MPN/100mL,200,#/100mL,C,07/31/2024
PR0000370,002,74055,"Coliform, fecal general",NA,C3,MAX,Concentration3,,,MPN/100mL,400,#/100mL,C,07/31/2024
PR0000370,002,74055,"Coliform, fecal general",NA,C3,MAX,Concentration3,,,MPN/100mL,400,#/100mL,C,08/31/2024
PR0000370,002,74055,"Coliform, fecal general",NA,C2,AVG,Concentration2,,,MPN/100mL,200,#/100mL,C,08/31/2024
PR0000370,002,74055,"Coliform, fecal general",NA,C3,MAX,Concentration3,,,MPN/100mL,400,#/100mL,C,09/30/2024
PR0000370,002,74055,"Coliform, fecal general",NA,C2,AVG,Concentration2,,,MPN/100mL,200,#/100mL,C,09/30/2024
PR0000370,002,74055,"Coliform, fecal general",8000,C3,MAX,Concentration3,#/100mL,8000,MPN/100mL,400,#/100mL,,10/31/2024
PR0000370,002,74055,"Coliform, fecal general",3409.7,C2,AVG,Concentration2,#/100mL,3409.7,MPN/100mL,200,#/100mL,,10/31/2024
PR0000370,002,74055,"Coliform, fecal general",NA,C2,AVG,Concentration2,,,MPN/100mL,200,#/100mL,C,11/30/2024
PR0000370,002,74055,"Coliform, fecal general",NA,C3,MAX,Concentration3,,,MPN/100mL,400,#/100mL,C,11/30/2024
PR0000370,002,74055,"Coliform, fecal general",33317.3,C2,AVG,Concentration2,#/100mL,33317.3,MPN/100mL,200,#/100mL,,12/31/2024
PR0000370,002,74055,"Coliform, fecal general",79000,C3,MAX,Concentration3,#/100mL,79000,MPN/100mL,400,#/100mL,,12/31/2024
PR0000370,002,74055,"Coliform, fecal general",NA,C3,MAX,Concentration3,,,MPN/100mL,400,#/100mL,C,01/31/2025
PR0000370,002,74055,"Coliform, fecal general",NA,C2,AVG,Concentration2,,,MPN/100mL,200,#/100mL,C,01/31/2025
PR0000370,002,74055,"Coliform, fecal general",NA,C3,MAX,Concentration3,,,MPN/100mL,400,#/100mL,C,02/28/2025
PR0000370,002,74055,"Coliform, fecal general",NA,C2,AVG,Concentration2,,,MPN/100mL,200,#/100mL,C,02/28/2025
PR0000370,002,74055,"Coliform, fecal general",5955.1,C2,AVG,Concentration2,#/100mL,5955.1,MPN/100mL,200,#/100mL,,03/31/2025
PR0000370,002,74055,"Coliform, fecal general",230000,C3,MAX,Concentration3,#/100mL,230000,MPN/100mL,400,#/100mL,,03/31/2025
PR0000370,002,74055,"Coliform, fecal general",NA,C2,AVG,Concentration2,,,MPN/100mL,200,#/100mL,C,04/30/2025
PR0000370,002,74055,"Coliform, fecal general",NA,C3,MAX,Concentration3,,,MPN/100mL,400,#/100mL,C,04/30/2025
PR0000370,002,74055,"Coliform, fecal general",NA,C2,AVG,Concentration2,,,MPN/100mL,200,#/100mL,C,05/31/2025
PR0000370,002,74055,"Coliform, fecal general",NA,C3,MAX,Concentration3,,,MPN/100mL,400,#/100mL,C,05/31/2025
PR0000370,002,74055,"Coliform, fecal general",NA,C3,MAX,Concentration3,,,MPN/100mL,400,#/100mL,C,06/30/2025
PR0000370,002,74055,"Coliform, fecal general",NA,C2,AVG,Concentration2,,,MPN/100mL,200,#/100mL,C,06/30/2025
PR0000370,002,74055,"Coliform, fecal general",NA,C3,MAX,Concentration3,,,MPN/100mL,400,#/100mL,C,07/31/2025
PR0000370,002,74055,"Coliform, fecal general",NA,C2,AVG,Concentration2,,,MPN/100mL,200,#/100mL,C,07/31/2025
PR0000370,002,74055,"Coliform, fecal general",NA,C3,MAX,Concentration3,,,MPN/100mL,400,#/100mL,C,08/31/2025
PR0000370,002,74055,"Coliform, fecal general",NA,C2,AVG,Concentration2,,,MPN/100mL,200,#/100mL,C,08/31/2025
PR0000370,002,74055,"Coliform, fecal general",8776.33,C2,AVG,Concentration2,#/100mL,8776.33,MPN/100mL,200,#/100mL,,09/30/2025
PR0000370,002,74055,"Coliform, fecal general",42000,C3,MAX,Concentration3,#/100mL,42000,MPN/100mL,400,#/100mL,,09/30/2025
PR0000370,002,74055,"Coliform, fecal general",NA,C2,AVG,Concentration2,,,MPN/100mL,200,#/100mL,C,10/31/2025
PR0000370,002,74055,"Coliform, fecal general",NA,C3,MAX,Concentration3,,,MPN/100mL,400,#/100mL,C,10/31/2025
PR0000370,002,74055,"Coliform, fecal general",NA,C3,MAX,Concentration3,,,MPN/100mL,400,#/100mL,C,11/30/2025
PR0000370,002,74055,"Coliform, fecal general",NA,C2,AVG,Concentration2,,,MPN/100mL,200,#/100mL,C,11/30/2025
PR0000370,002,74055,"Coliform, fecal general",NA,C3,MAX,Concentration3,,,MPN/100mL,400,#/100mL,C,12/31/2025
PR0000370,002,74055,"Coliform, fecal general",NA,C2,AVG,Concentration2,,,MPN/100mL,200,#/100mL,C,12/31/2025
PR0000370,002,74055,"Coliform, fecal general",NA,C3,MAX,Concentration3,,,MPN/100mL,400,#/100mL,C,01/31/2026
PR0000370,002,74055,"Coliform, fecal general",NA,C2,AVG,Concentration2,,,MPN/100mL,200,#/100mL,C,01/31/2026
PR0000370,002,74056,"Coliform, total general",11833.49,C2,AVG,Concentration2,#/100mL,11833.49,MPN/100mL,10000,#/100mL,,01/31/2020
PR0000370,002,74056,"Coliform, total general",46027.06,C2,AVG,Concentration2,#/100mL,46027.06,MPN/100mL,10000,#/100mL,,02/29/2020
PR0000370,002,74056,"Coliform, total general",NA,C2,AVG,Concentration2,,,MPN/100mL,10000,#/100mL,C,03/31/2020
PR0000370,002,74056,"Coliform, total general",NA,C2,AVG,Concentration2,,,MPN/100mL,10000,#/100mL,C,04/30/2020
PR0000370,002,74056,"Coliform, total general",NA,C2,AVG,Concentration2,,,MPN/100mL,10000,#/100mL,C,05/31/2020
PR0000370,002,74056,"Coliform, total general",11767.39,C2,AVG,Concentration2,#/100mL,11767.39,MPN/100mL,10000,#/100mL,,06/30/2020
PR0000370,002,74056,"Coliform, total general",8728.04,C2,AVG,Concentration2,#/100mL,8728.04,MPN/100mL,10000,#/100mL,,07/31/2020
PR0000370,002,74056,"Coliform, total general",160000,C2,AVG,Concentration2,#/100mL,160000,MPN/100mL,10000,#/100mL,,08/31/2020
PR0000370,002,74056,"Coliform, total general",52101.44,C2,AVG,Concentration2,#/100mL,52101.44,MPN/100mL,10000,#/100mL,,09/30/2020
PR0000370,002,74056,"Coliform, total general",NA,C2,AVG,Concentration2,,,MPN/100mL,10000,#/100mL,C,10/31/2020
PR0000370,002,74056,"Coliform, total general",114446.52,C2,AVG,Concentration2,#/100mL,114446.52,MPN/100mL,10000,#/100mL,,11/30/2020
PR0000370,002,74056,"Coliform, total general",NA,C2,AVG,Concentration2,,,MPN/100mL,10000,#/100mL,C,12/31/2020
PR0000370,002,74056,"Coliform, total general",NA,C2,AVG,Concentration2,,,MPN/100mL,10000,#/100mL,C,01/31/2021
PR0000370,002,74056,"Coliform, total general",NA,C2,AVG,Concentration2,,,MPN/100mL,10000,#/100mL,C,02/28/2021
PR0000370,002,74056,"Coliform, total general",NA,C2,AVG,Concentration2,,,MPN/100mL,10000,#/100mL,C,03/31/2021
PR0000370,002,74056,"Coliform, total general",6015.78,C2,AVG,Concentration2,#/100mL,6015.78,MPN/100mL,10000,#/100mL,,04/30/2021
PR0000370,002,74056,"Coliform, total general",NA,C2,AVG,Concentration2,,,MPN/100mL,10000,#/100mL,C,05/31/2021
PR0000370,002,74056,"Coliform, total general",NA,C2,AVG,Concentration2,,,MPN/100mL,10000,#/100mL,C,06/30/2021
PR0000370,002,74056,"Coliform, total general",12745.84,C2,AVG,Concentration2,#/100mL,12745.84,MPN/100mL,10000,#/100mL,,07/31/2021
PR0000370,002,74056,"Coliform, total general",NA,C2,AVG,Concentration2,,,MPN/100mL,10000,#/100mL,C,08/31/2021
PR0000370,002,74056,"Coliform, total general",NA,C2,AVG,Concentration2,,,MPN/100mL,10000,#/100mL,C,09/30/2021
PR0000370,002,74056,"Coliform, total general",NA,C2,AVG,Concentration2,,,MPN/100mL,10000,#/100mL,C,10/31/2021
PR0000370,002,74056,"Coliform, total general",NA,C2,AVG,Concentration2,,,MPN/100mL,10000,#/100mL,C,11/30/2021
PR0000370,002,74056,"Coliform, total general",NA,C2,AVG,Concentration2,,,MPN/100mL,10000,#/100mL,C,12/31/2021
PR0000370,002,74056,"Coliform, total general",NA,C2,AVG,Concentration2,,,MPN/100mL,10000,#/100mL,C,01/31/2022
PR0000370,002,74056,"Coliform, total general",NA,C2,AVG,Concentration2,,,MPN/100mL,10000,#/100mL,C,02/28/2022
PR0000370,002,74056,"Coliform, total general",NA,C2,AVG,Concentration2,,,MPN/100mL,10000,#/100mL,C,03/31/2022
PR0000370,002,74056,"Coliform, total general",NA,C2,AVG,Concentration2,,,MPN/100mL,10000,#/100mL,C,04/30/2022
PR0000370,002,74056,"Coliform, total general",NA,C2,AVG,Concentration2,,,MPN/100mL,10000,#/100mL,C,05/31/2022
PR0000370,002,74056,"Coliform, total general",35858.62,C2,AVG,Concentration2,#/100mL,35858.62,MPN/100mL,10000,#/100mL,,06/30/2022
PR0000370,002,74056,"Coliform, total general",103877.7,C2,AVG,Concentration2,#/100mL,103877.7,MPN/100mL,10000,#/100mL,,07/31/2022
PR0000370,002,74056,"Coliform, total general",NA,C2,AVG,Concentration2,,,MPN/100mL,10000,#/100mL,C,08/31/2022
PR0000370,002,74056,"Coliform, total general",NA,C2,AVG,Concentration2,,,MPN/100mL,10000,#/100mL,C,09/30/2022
PR0000370,002,74056,"Coliform, total general",263.42,C2,AVG,Concentration2,#/100mL,263.42,MPN/100mL,10000,#/100mL,,10/31/2022
PR0000370,002,74056,"Coliform, total general",32206.81,C2,AVG,Concentration2,#/100mL,32206.81,MPN/100mL,10000,#/100mL,,11/30/2022
PR0000370,002,74056,"Coliform, total general",NA,C2,AVG,Concentration2,,,MPN/100mL,10000,#/100mL,C,12/31/2022
PR0000370,002,74056,"Coliform, total general",NA,C2,AVG,Concentration2,,,MPN/100mL,10000,#/100mL,C,01/31/2023
PR0000370,002,74056,"Coliform, total general",NA,C2,AVG,Concentration2,,,MPN/100mL,10000,#/100mL,C,02/28/2023
PR0000370,002,74056,"Coliform, total general",NA,C2,AVG,Concentration2,,,MPN/100mL,10000,#/100mL,C,03/31/2023
PR0000370,002,74056,"Coliform, total general",NA,C2,AVG,Concentration2,,,MPN/100mL,10000,#/100mL,C,04/30/2023
PR0000370,002,74056,"Coliform, total general",64012.85,C2,AVG,Concentration2,#/100mL,64012.85,MPN/100mL,10000,#/100mL,,05/31/2023
PR0000370,002,74056,"Coliform, total general",4885.65,C2,AVG,Concentration2,#/100mL,4885.65,MPN/100mL,10000,#/100mL,,06/30/2023
PR0000370,002,74056,"Coliform, total general",68973.4,C2,AVG,Concentration2,#/100mL,68973.4,MPN/100mL,10000,#/100mL,,07/31/2023
PR0000370,002,74056,"Coliform, total general",169425.15,C2,AVG,Concentration2,#/100mL,169425.15,MPN/100mL,10000,#/100mL,,08/31/2023
PR0000370,002,74056,"Coliform, total general",NA,C2,AVG,Concentration2,,,MPN/100mL,10000,#/100mL,C,09/30/2023
PR0000370,002,74056,"Coliform, total general",NA,C2,AVG,Concentration2,,,MPN/100mL,10000,#/100mL,C,10/31/2023
PR0000370,002,74056,"Coliform, total general",NA,C2,AVG,Concentration2,,,MPN/100mL,10000,#/100mL,C,11/30/2023
PR0000370,002,74056,"Coliform, total general",NA,C2,AVG,Concentration2,,,MPN/100mL,10000,#/100mL,C,12/31/2023
PR0000370,002,74056,"Coliform, total general",43934.56,C2,AVG,Concentration2,#/100mL,43934.56,MPN/100mL,10000,#/100mL,,01/31/2024
PR0000370,002,74056,"Coliform, total general",11305.4,C2,AVG,Concentration2,#/100mL,11305.4,MPN/100mL,10000,#/100mL,,02/29/2024
PR0000370,002,74056,"Coliform, total general",NA,C2,AVG,Concentration2,,,MPN/100mL,10000,#/100mL,C,03/31/2024
PR0000370,002,74056,"Coliform, total general",43624.7,C2,AVG,Concentration2,#/100mL,43624.7,MPN/100mL,10000,#/100mL,,04/30/2024
PR0000370,002,74056,"Coliform, total general",NA,C2,AVG,Concentration2,,,MPN/100mL,10000,#/100mL,C,05/31/2024
PR0000370,002,74056,"Coliform, total general",NA,C2,AVG,Concentration2,,,MPN/100mL,10000,#/100mL,C,06/30/2024
PR0000370,002,74056,"Coliform, total general",NA,C2,AVG,Concentration2,,,MPN/100mL,10000,#/100mL,C,07/31/2024
PR0000370,002,74056,"Coliform, total general",NA,C2,AVG,Concentration2,,,MPN/100mL,10000,#/100mL,C,08/31/2024
PR0000370,002,74056,"Coliform, total general",NA,C2,AVG,Concentration2,,,MPN/100mL,10000,#/100mL,C,09/30/2024
PR0000370,002,74056,"Coliform, total general",13073,C2,AVG,Concentration2,#/100mL,13073,MPN/100mL,10000,#/100mL,,10/31/2024
PR0000370,002,74056,"Coliform, total general",NA,C2,AVG,Concentration2,,,MPN/100mL,10000,#/100mL,C,11/30/2024
PR0000370,002,74056,"Coliform, total general",83696.1,C2,AVG,Concentration2,#/100mL,83696.1,MPN/100mL,10000,#/100mL,,12/31/2024
PR0000370,002,74056,"Coliform, total general",NA,C2,AVG,Concentration2,,,MPN/100mL,10000,#/100mL,C,01/31/2025
PR0000370,002,74056,"Coliform, total general",NA,C2,AVG,Concentration2,,,MPN/100mL,10000,#/100mL,C,02/28/2025
PR0000370,002,74056,"Coliform, total general",17198.4,C2,AVG,Concentration2,#/100mL,17198.4,MPN/100mL,10000,#/100mL,,03/31/2025
PR0000370,002,74056,"Coliform, total general",NA,C2,AVG,Concentration2,,,MPN/100mL,10000,#/100mL,C,04/30/2025
PR0000370,002,74056,"Coliform, total general",NA,C2,AVG,Concentration2,,,MPN/100mL,10000,#/100mL,C,05/31/2025
PR0000370,002,74056,"Coliform, total general",NA,C2,AVG,Concentration2,,,MPN/100mL,10000,#/100mL,C,06/30/2025
PR0000370,002,74056,"Coliform, total general",NA,C2,AVG,Concentration2,,,MPN/100mL,10000,#/100mL,C,07/31/2025
PR0000370,002,74056,"Coliform, total general",NA,C2,AVG,Concentration2,,,MPN/100mL,10000,#/100mL,C,08/31/2025
PR0000370,002,74056,"Coliform, total general",12710.78,C2,AVG,Concentration2,#/100mL,12710.78,MPN/100mL,10000,#/100mL,,09/30/2025
PR0000370,002,74056,"Coliform, total general",NA,C2,AVG,Concentration2,,,MPN/100mL,10000,#/100mL,C,10/31/2025
PR0000370,002,74056,"Coliform, total general",NA,C2,AVG,Concentration2,,,MPN/100mL,10000,#/100mL,C,11/30/2025
PR0000370,002,74056,"Coliform, total general",NA,C2,AVG,Concentration2,,,MPN/100mL,10000,#/100mL,C,12/31/2025
PR0000370,002,74056,"Coliform, total general",NA,C2,AVG,Concentration2,,,MPN/100mL,10000,#/100mL,C,01/31/2026
PR0000370,002,81395,Storm water flow,12.2,Q2,AVG,Quantity2,MGD,12.2,MGD,,MGD,,01/31/2020
PR0000370,002,81395,Storm water flow,13.16,Q1,AVG,Quantity1,MGD,13.16,MGD,,MGD,,01/31/2020
PR0000370,002,81395,Storm water flow,10.333,Q1,AVG,Quantity1,MGD,10.333,MGD,,MGD,,02/29/2020
PR0000370,002,81395,Storm water flow,10.453,Q2,AVG,Quantity2,MGD,10.453,MGD,,MGD,,02/29/2020
PR0000370,002,81395,Storm water flow,NA,Q2,AVG,Quantity2,,,MGD,,MGD,C,03/31/2020
PR0000370,002,81395,Storm water flow,NA,Q1,AVG,Quantity1,,,MGD,,MGD,C,03/31/2020
PR0000370,002,81395,Storm water flow,NA,Q1,AVG,Quantity1,,,MGD,,MGD,C,04/30/2020
PR0000370,002,81395,Storm water flow,NA,Q2,AVG,Quantity2,,,MGD,,MGD,C,04/30/2020
PR0000370,002,81395,Storm water flow,NA,Q1,AVG,Quantity1,,,MGD,,MGD,C,05/31/2020
PR0000370,002,81395,Storm water flow,NA,Q2,AVG,Quantity2,,,MGD,,MGD,C,05/31/2020
PR0000370,002,81395,Storm water flow,7.21,Q1,AVG,Quantity1,MGD,7.21,MGD,,MGD,,06/30/2020
PR0000370,002,81395,Storm water flow,7.28,Q2,AVG,Quantity2,MGD,7.28,MGD,,MGD,,06/30/2020
PR0000370,002,81395,Storm water flow,12.9,Q2,AVG,Quantity2,MGD,12.9,MGD,,MGD,,07/31/2020
PR0000370,002,81395,Storm water flow,12.92,Q1,AVG,Quantity1,MGD,12.92,MGD,,MGD,,07/31/2020
PR0000370,002,81395,Storm water flow,16.066,Q1,AVG,Quantity1,MGD,16.066,MGD,,MGD,,08/31/2020
PR0000370,002,81395,Storm water flow,16.086,Q2,AVG,Quantity2,MGD,16.086,MGD,,MGD,,08/31/2020
PR0000370,002,81395,Storm water flow,14.3,Q2,AVG,Quantity2,MGD,14.3,MGD,,MGD,,09/30/2020
PR0000370,002,81395,Storm water flow,14.3,Q1,AVG,Quantity1,MGD,14.3,MGD,,MGD,,09/30/2020
PR0000370,002,81395,Storm water flow,NA,Q1,AVG,Quantity1,,,MGD,,MGD,C,10/31/2020
PR0000370,002,81395,Storm water flow,NA,Q2,AVG,Quantity2,,,MGD,,MGD,C,10/31/2020
PR0000370,002,81395,Storm water flow,14.775,Q1,AVG,Quantity1,MGD,14.775,MGD,,MGD,,11/30/2020
PR0000370,002,81395,Storm water flow,15.17,Q2,AVG,Quantity2,MGD,15.17,MGD,,MGD,,11/30/2020
PR0000370,002,81395,Storm water flow,NA,Q1,AVG,Quantity1,,,MGD,,MGD,C,12/31/2020
PR0000370,002,81395,Storm water flow,NA,Q2,AVG,Quantity2,,,MGD,,MGD,C,12/31/2020
PR0000370,002,81395,Storm water flow,NA,Q1,AVG,Quantity1,,,MGD,,MGD,C,01/31/2021
PR0000370,002,81395,Storm water flow,NA,Q2,AVG,Quantity2,,,MGD,,MGD,C,01/31/2021
PR0000370,002,81395,Storm water flow,NA,Q1,AVG,Quantity1,,,MGD,,MGD,C,02/28/2021
PR0000370,002,81395,Storm water flow,NA,Q2,AVG,Quantity2,,,MGD,,MGD,C,02/28/2021
PR0000370,002,81395,Storm water flow,NA,Q2,AVG,Quantity2,,,MGD,,MGD,C,03/31/2021
PR0000370,002,81395,Storm water flow,NA,Q1,AVG,Quantity1,,,MGD,,MGD,C,03/31/2021
PR0000370,002,81395,Storm water flow,0.03,Q1,AVG,Quantity1,MGD,.03,MGD,,MGD,,04/30/2021
PR0000370,002,81395,Storm water flow,0.028,Q2,AVG,Quantity2,MGD,.028,MGD,,MGD,,04/30/2021
PR0000370,002,81395,Storm water flow,NA,Q2,AVG,Quantity2,,,MGD,,MGD,C,05/31/2021
PR0000370,002,81395,Storm water flow,NA,Q1,AVG,Quantity1,,,MGD,,MGD,C,05/31/2021
PR0000370,002,81395,Storm water flow,NA,Q1,AVG,Quantity1,,,MGD,,MGD,C,06/30/2021
PR0000370,002,81395,Storm water flow,NA,Q2,AVG,Quantity2,,,MGD,,MGD,C,06/30/2021
PR0000370,002,81395,Storm water flow,0.06,Q2,AVG,Quantity2,MGD,.06,MGD,,MGD,,07/31/2021
PR0000370,002,81395,Storm water flow,0.055,Q1,AVG,Quantity1,MGD,.055,MGD,,MGD,,07/31/2021
PR0000370,002,81395,Storm water flow,NA,Q1,AVG,Quantity1,,,MGD,,MGD,C,08/31/2021
PR0000370,002,81395,Storm water flow,NA,Q2,AVG,Quantity2,,,MGD,,MGD,C,08/31/2021
PR0000370,002,81395,Storm water flow,NA,Q2,AVG,Quantity2,,,MGD,,MGD,C,09/30/2021
PR0000370,002,81395,Storm water flow,NA,Q1,AVG,Quantity1,,,MGD,,MGD,C,09/30/2021
PR0000370,002,81395,Storm water flow,NA,Q1,AVG,Quantity1,,,MGD,,MGD,C,10/31/2021
PR0000370,002,81395,Storm water flow,NA,Q2,AVG,Quantity2,,,MGD,,MGD,C,10/31/2021
PR0000370,002,81395,Storm water flow,NA,Q2,AVG,Quantity2,,,MGD,,MGD,C,11/30/2021
PR0000370,002,81395,Storm water flow,NA,Q1,AVG,Quantity1,,,MGD,,MGD,C,11/30/2021
PR0000370,002,81395,Storm water flow,NA,Q1,AVG,Quantity1,,,MGD,,MGD,C,12/31/2021
PR0000370,002,81395,Storm water flow,NA,Q2,AVG,Quantity2,,,MGD,,MGD,C,12/31/2021
PR0000370,002,81395,Storm water flow,NA,Q2,AVG,Quantity2,,,MGD,,MGD,C,01/31/2022
PR0000370,002,81395,Storm water flow,NA,Q1,AVG,Quantity1,,,MGD,,MGD,C,01/31/2022
PR0000370,002,81395,Storm water flow,NA,Q1,AVG,Quantity1,,,MGD,,MGD,C,02/28/2022
PR0000370,002,81395,Storm water flow,NA,Q2,AVG,Quantity2,,,MGD,,MGD,C,02/28/2022
PR0000370,002,81395,Storm water flow,NA,Q2,AVG,Quantity2,,,MGD,,MGD,C,03/31/2022
PR0000370,002,81395,Storm water flow,NA,Q1,AVG,Quantity1,,,MGD,,MGD,C,03/31/2022
PR0000370,002,81395,Storm water flow,NA,Q1,AVG,Quantity1,,,MGD,,MGD,C,04/30/2022
PR0000370,002,81395,Storm water flow,NA,Q2,AVG,Quantity2,,,MGD,,MGD,C,04/30/2022
PR0000370,002,81395,Storm water flow,NA,Q2,AVG,Quantity2,,,MGD,,MGD,C,05/31/2022
PR0000370,002,81395,Storm water flow,NA,Q1,AVG,Quantity1,,,MGD,,MGD,C,05/31/2022
PR0000370,002,81395,Storm water flow,0.151,Q1,AVG,Quantity1,MGD,.151,MGD,,MGD,,06/30/2022
PR0000370,002,81395,Storm water flow,0.157,Q2,AVG,Quantity2,MGD,.157,MGD,,MGD,,06/30/2022
PR0000370,002,81395,Storm water flow,0.579,Q1,AVG,Quantity1,MGD,.579,MGD,,MGD,,07/31/2022
PR0000370,002,81395,Storm water flow,0.592,Q2,AVG,Quantity2,MGD,.592,MGD,,MGD,,07/31/2022
PR0000370,002,81395,Storm water flow,NA,Q2,AVG,Quantity2,,,MGD,,MGD,C,08/31/2022
PR0000370,002,81395,Storm water flow,NA,Q1,AVG,Quantity1,,,MGD,,MGD,C,08/31/2022
PR0000370,002,81395,Storm water flow,NA,Q2,AVG,Quantity2,,,MGD,,MGD,C,09/30/2022
PR0000370,002,81395,Storm water flow,NA,Q1,AVG,Quantity1,,,MGD,,MGD,C,09/30/2022
PR0000370,002,81395,Storm water flow,0.143,Q1,AVG,Quantity1,MGD,.143,MGD,,MGD,,10/31/2022
PR0000370,002,81395,Storm water flow,0.156,Q2,AVG,Quantity2,MGD,.156,MGD,,MGD,,10/31/2022
PR0000370,002,81395,Storm water flow,0.7,Q2,AVG,Quantity2,MGD,.7,MGD,,MGD,,11/30/2022
PR0000370,002,81395,Storm water flow,0.063,Q1,AVG,Quantity1,MGD,.063,MGD,,MGD,,11/30/2022
PR0000370,002,81395,Storm water flow,NA,Q1,AVG,Quantity1,,,MGD,,MGD,C,12/31/2022
PR0000370,002,81395,Storm water flow,NA,Q2,AVG,Quantity2,,,MGD,,MGD,C,12/31/2022
PR0000370,002,81395,Storm water flow,NA,Q2,AVG,Quantity2,,,MGD,,MGD,C,01/31/2023
PR0000370,002,81395,Storm water flow,NA,Q1,AVG,Quantity1,,,MGD,,MGD,C,01/31/2023
PR0000370,002,81395,Storm water flow,NA,Q1,AVG,Quantity1,,,MGD,,MGD,C,02/28/2023
PR0000370,002,81395,Storm water flow,NA,Q2,AVG,Quantity2,,,MGD,,MGD,C,02/28/2023
PR0000370,002,81395,Storm water flow,NA,Q1,AVG,Quantity1,,,MGD,,MGD,C,03/31/2023
PR0000370,002,81395,Storm water flow,NA,Q2,AVG,Quantity2,,,MGD,,MGD,C,03/31/2023
PR0000370,002,81395,Storm water flow,NA,Q2,AVG,Quantity2,,,MGD,,MGD,C,04/30/2023
PR0000370,002,81395,Storm water flow,NA,Q1,AVG,Quantity1,,,MGD,,MGD,C,04/30/2023
PR0000370,002,81395,Storm water flow,0.032,Q2,AVG,Quantity2,MGD,.032,MGD,,MGD,,05/31/2023
PR0000370,002,81395,Storm water flow,0.035,Q1,AVG,Quantity1,MGD,.035,MGD,,MGD,,05/31/2023
PR0000370,002,81395,Storm water flow,0.017,Q2,AVG,Quantity2,MGD,.017,MGD,,MGD,,06/30/2023
PR0000370,002,81395,Storm water flow,0.017,Q1,AVG,Quantity1,MGD,.017,MGD,,MGD,,06/30/2023
PR0000370,002,81395,Storm water flow,0.065,Q2,AVG,Quantity2,MGD,.065,MGD,,MGD,,07/31/2023
PR0000370,002,81395,Storm water flow,0.059,Q1,AVG,Quantity1,MGD,.059,MGD,,MGD,,07/31/2023
PR0000370,002,81395,Storm water flow,0.084,Q1,AVG,Quantity1,MGD,.084,MGD,,MGD,,08/31/2023
PR0000370,002,81395,Storm water flow,0.085,Q2,AVG,Quantity2,MGD,.085,MGD,,MGD,,08/31/2023
PR0000370,002,81395,Storm water flow,NA,Q2,AVG,Quantity2,,,MGD,,MGD,C,09/30/2023
PR0000370,002,81395,Storm water flow,NA,Q1,AVG,Quantity1,,,MGD,,MGD,C,09/30/2023
PR0000370,002,81395,Storm water flow,NA,Q1,AVG,Quantity1,,,MGD,,MGD,C,10/31/2023
PR0000370,002,81395,Storm water flow,NA,Q2,AVG,Quantity2,,,MGD,,MGD,C,10/31/2023
PR0000370,002,81395,Storm water flow,NA,Q1,AVG,Quantity1,,,MGD,,MGD,C,11/30/2023
PR0000370,002,81395,Storm water flow,NA,Q2,AVG,Quantity2,,,MGD,,MGD,C,11/30/2023
PR0000370,002,81395,Storm water flow,NA,Q1,AVG,Quantity1,,,MGD,,MGD,C,12/31/2023
PR0000370,002,81395,Storm water flow,NA,Q2,AVG,Quantity2,,,MGD,,MGD,C,12/31/2023
PR0000370,002,81395,Storm water flow,0.029,Q1,AVG,Quantity1,MGD,.029,MGD,,MGD,,01/31/2024
PR0000370,002,81395,Storm water flow,0.039,Q2,AVG,Quantity2,MGD,.039,MGD,,MGD,,01/31/2024
PR0000370,002,81395,Storm water flow,0.06,Q1,AVG,Quantity1,MGD,.06,MGD,,MGD,,02/29/2024
PR0000370,002,81395,Storm water flow,0.066,Q2,AVG,Quantity2,MGD,.066,MGD,,MGD,,02/29/2024
PR0000370,002,81395,Storm water flow,NA,Q2,AVG,Quantity2,,,MGD,,MGD,C,03/31/2024
PR0000370,002,81395,Storm water flow,NA,Q1,AVG,Quantity1,,,MGD,,MGD,C,03/31/2024
PR0000370,002,81395,Storm water flow,0.383,Q1,AVG,Quantity1,MGD,.383,MGD,,MGD,,04/30/2024
PR0000370,002,81395,Storm water flow,0.366,Q2,AVG,Quantity2,MGD,.366,MGD,,MGD,,04/30/2024
PR0000370,002,81395,Storm water flow,NA,Q2,AVG,Quantity2,,,MGD,,MGD,C,05/31/2024
PR0000370,002,81395,Storm water flow,NA,Q1,AVG,Quantity1,,,MGD,,MGD,C,05/31/2024
PR0000370,002,81395,Storm water flow,NA,Q2,AVG,Quantity2,,,MGD,,MGD,C,06/30/2024
PR0000370,002,81395,Storm water flow,NA,Q1,AVG,Quantity1,,,MGD,,MGD,C,06/30/2024
PR0000370,002,81395,Storm water flow,NA,Q2,AVG,Quantity2,,,MGD,,MGD,C,07/31/2024
PR0000370,002,81395,Storm water flow,NA,Q1,AVG,Quantity1,,,MGD,,MGD,C,07/31/2024
PR0000370,002,81395,Storm water flow,NA,Q2,AVG,Quantity2,,,MGD,,MGD,C,08/31/2024
PR0000370,002,81395,Storm water flow,NA,Q1,AVG,Quantity1,,,MGD,,MGD,C,08/31/2024
PR0000370,002,81395,Storm water flow,NA,Q2,AVG,Quantity2,,,MGD,,MGD,C,09/30/2024
PR0000370,002,81395,Storm water flow,NA,Q1,AVG,Quantity1,,,MGD,,MGD,C,09/30/2024
PR0000370,002,81395,Storm water flow,0.31,Q1,AVG,Quantity1,MGD,.31,MGD,,MGD,,10/31/2024
PR0000370,002,81395,Storm water flow,0.359,Q2,AVG,Quantity2,MGD,.359,MGD,,MGD,,10/31/2024
PR0000370,002,81395,Storm water flow,NA,Q2,AVG,Quantity2,,,MGD,,MGD,C,11/30/2024
PR0000370,002,81395,Storm water flow,NA,Q1,AVG,Quantity1,,,MGD,,MGD,C,11/30/2024
PR0000370,002,81395,Storm water flow,0.287,Q1,AVG,Quantity1,MGD,.287,MGD,,MGD,,12/31/2024
PR0000370,002,81395,Storm water flow,0.211,Q2,AVG,Quantity2,MGD,.211,MGD,,MGD,,12/31/2024
PR0000370,002,81395,Storm water flow,NA,Q2,AVG,Quantity2,,,MGD,,MGD,C,01/31/2025
PR0000370,002,81395,Storm water flow,NA,Q1,AVG,Quantity1,,,MGD,,MGD,C,01/31/2025
PR0000370,002,81395,Storm water flow,NA,Q1,AVG,Quantity1,,,MGD,,MGD,C,02/28/2025
PR0000370,002,81395,Storm water flow,NA,Q2,AVG,Quantity2,,,MGD,,MGD,C,02/28/2025
PR0000370,002,81395,Storm water flow,0.263,Q2,AVG,Quantity2,MGD,.263,MGD,,MGD,,03/31/2025
PR0000370,002,81395,Storm water flow,0.245,Q1,AVG,Quantity1,MGD,.245,MGD,,MGD,,03/31/2025
PR0000370,002,81395,Storm water flow,NA,Q1,AVG,Quantity1,,,MGD,,MGD,C,04/30/2025
PR0000370,002,81395,Storm water flow,NA,Q2,AVG,Quantity2,,,MGD,,MGD,C,04/30/2025
PR0000370,002,81395,Storm water flow,NA,Q1,AVG,Quantity1,,,MGD,,MGD,C,05/31/2025
PR0000370,002,81395,Storm water flow,NA,Q2,AVG,Quantity2,,,MGD,,MGD,C,05/31/2025
PR0000370,002,81395,Storm water flow,NA,Q1,AVG,Quantity1,,,MGD,,MGD,C,06/30/2025
PR0000370,002,81395,Storm water flow,NA,Q2,AVG,Quantity2,,,MGD,,MGD,C,06/30/2025
PR0000370,002,81395,Storm water flow,NA,Q2,AVG,Quantity2,,,MGD,,MGD,C,07/31/2025
PR0000370,002,81395,Storm water flow,NA,Q1,AVG,Quantity1,,,MGD,,MGD,C,07/31/2025
PR0000370,002,81395,Storm water flow,NA,Q2,AVG,Quantity2,,,MGD,,MGD,C,08/31/2025
PR0000370,002,81395,Storm water flow,NA,Q1,AVG,Quantity1,,,MGD,,MGD,C,08/31/2025
PR0000370,002,81395,Storm water flow,0.51,Q2,AVG,Quantity2,MGD,.51,MGD,,MGD,,09/30/2025
PR0000370,002,81395,Storm water flow,0.059,Q1,AVG,Quantity1,MGD,.059,MGD,,MGD,,09/30/2025
PR0000370,002,81395,Storm water flow,NA,Q1,AVG,Quantity1,,,MGD,,MGD,C,10/31/2025
PR0000370,002,81395,Storm water flow,NA,Q2,AVG,Quantity2,,,MGD,,MGD,C,10/31/2025
PR0000370,002,81395,Storm water flow,NA,Q2,AVG,Quantity2,,,MGD,,MGD,C,11/30/2025
PR0000370,002,81395,Storm water flow,NA,Q1,AVG,Quantity1,,,MGD,,MGD,C,11/30/2025
PR0000370,002,81395,Storm water flow,NA,Q2,AVG,Quantity2,,,MGD,,MGD,C,12/31/2025
PR0000370,002,81395,Storm water flow,NA,Q1,AVG,Quantity1,,,MGD,,MGD,C,12/31/2025
PR0000370,002,81395,Storm water flow,NA,Q1,AVG,Quantity1,,,MGD,,MGD,C,01/31/2026
PR0000370,002,81395,Storm water flow,NA,Q2,AVG,Quantity2,,,MGD,,MGD,C,01/31/2026
