npdes_id,perm_feature_nmbr,parameter_code,parameter_desc,dmr_value_nmbr,value_type_code,statistical_base_type_code,value_type_desc,dmr_unit_desc,dmr_value_standard_units,standard_unit_desc,limit_value_nmbr,limit_unit_desc,nodi_code,monitoring_period_end_date
PR0020494,001,00010,"Temperature, water deg. centigrade",29.3,C3,MAX,Concentration3,deg C,29.3,deg C,32.2,deg C,,01/31/2020
PR0020494,001,00010,"Temperature, water deg. centigrade",28,C3,MAX,Concentration3,deg C,28,deg C,32.2,deg C,,02/29/2020
PR0020494,001,00010,"Temperature, water deg. centigrade",28.9,C3,MAX,Concentration3,deg C,28.9,deg C,32.2,deg C,,03/31/2020
PR0020494,001,00010,"Temperature, water deg. centigrade",30,C3,MAX,Concentration3,deg C,30,deg C,32.2,deg C,,04/30/2020
PR0020494,001,00010,"Temperature, water deg. centigrade",30.7,C3,MAX,Concentration3,deg C,30.7,deg C,32.2,deg C,,05/31/2020
PR0020494,001,00010,"Temperature, water deg. centigrade",30.5,C3,MAX,Concentration3,deg C,30.5,deg C,32.2,deg C,,06/30/2020
PR0020494,001,00010,"Temperature, water deg. centigrade",30.5,C3,MAX,Concentration3,deg C,30.5,deg C,32.2,deg C,,07/31/2020
PR0020494,001,00010,"Temperature, water deg. centigrade",30.8,C3,MAX,Concentration3,deg C,30.8,deg C,32.2,deg C,,08/31/2020
PR0020494,001,00010,"Temperature, water deg. centigrade",30.1,C3,MAX,Concentration3,deg C,30.1,deg C,32.2,deg C,,09/30/2020
PR0020494,001,00010,"Temperature, water deg. centigrade",29.8,C3,MAX,Concentration3,deg C,29.8,deg C,32.2,deg C,,10/31/2020
PR0020494,001,00010,"Temperature, water deg. centigrade",29.1,C3,MAX,Concentration3,deg C,29.1,deg C,32.2,deg C,,11/30/2020
PR0020494,001,00010,"Temperature, water deg. centigrade",28,C3,MAX,Concentration3,deg C,28,deg C,32.2,deg C,,12/31/2020
PR0020494,001,00010,"Temperature, water deg. centigrade",28.4,C3,MAX,Concentration3,deg C,28.4,deg C,32.2,deg C,,01/31/2021
PR0020494,001,00010,"Temperature, water deg. centigrade",28.9,C3,MAX,Concentration3,deg C,28.9,deg C,32.2,deg C,,02/28/2021
PR0020494,001,00010,"Temperature, water deg. centigrade",30.4,C3,MAX,Concentration3,deg C,30.4,deg C,32.2,deg C,,03/31/2021
PR0020494,001,00010,"Temperature, water deg. centigrade",29.5,C3,MAX,Concentration3,deg C,29.5,deg C,32.2,deg C,,04/30/2021
PR0020494,001,00010,"Temperature, water deg. centigrade",30.1,C3,MAX,Concentration3,deg C,30.1,deg C,32.2,deg C,,05/31/2021
PR0020494,001,00010,"Temperature, water deg. centigrade",30.3,C3,MAX,Concentration3,deg C,30.3,deg C,32.2,deg C,,06/30/2021
PR0020494,001,00010,"Temperature, water deg. centigrade",30.2,C3,MAX,Concentration3,deg C,30.2,deg C,32.2,deg C,,07/31/2021
PR0020494,001,00010,"Temperature, water deg. centigrade",31,C3,MAX,Concentration3,deg C,31,deg C,32.2,deg C,,08/31/2021
PR0020494,001,00010,"Temperature, water deg. centigrade",31.9,C3,MAX,Concentration3,deg C,31.9,deg C,32.2,deg C,,09/30/2021
PR0020494,001,00010,"Temperature, water deg. centigrade",30.1,C3,MAX,Concentration3,deg C,30.1,deg C,32.2,deg C,,10/31/2021
PR0020494,001,00010,"Temperature, water deg. centigrade",29.5,C3,MAX,Concentration3,deg C,29.5,deg C,32.2,deg C,,11/30/2021
PR0020494,001,00010,"Temperature, water deg. centigrade",28.5,C3,MAX,Concentration3,deg C,28.5,deg C,32.2,deg C,,12/31/2021
PR0020494,001,00010,"Temperature, water deg. centigrade",28.2,C3,MAX,Concentration3,deg C,28.2,deg C,32.2,deg C,,01/31/2022
PR0020494,001,00010,"Temperature, water deg. centigrade",28.9,C3,MAX,Concentration3,deg C,28.9,deg C,32.2,deg C,,02/28/2022
PR0020494,001,00010,"Temperature, water deg. centigrade",28.8,C3,MAX,Concentration3,deg C,28.8,deg C,32.2,deg C,,03/31/2022
PR0020494,001,00010,"Temperature, water deg. centigrade",29.2,C3,MAX,Concentration3,deg C,29.2,deg C,32.2,deg C,,04/30/2022
PR0020494,001,00010,"Temperature, water deg. centigrade",30.4,C3,MAX,Concentration3,deg C,30.4,deg C,32.2,deg C,,05/31/2022
PR0020494,001,00010,"Temperature, water deg. centigrade",30.9,C3,MAX,Concentration3,deg C,30.9,deg C,32.2,deg C,,06/30/2022
PR0020494,001,00010,"Temperature, water deg. centigrade",30.6,C3,MAX,Concentration3,deg C,30.6,deg C,32.2,deg C,,07/31/2022
PR0020494,001,00010,"Temperature, water deg. centigrade",30.9,C3,MAX,Concentration3,deg C,30.9,deg C,32.2,deg C,,08/31/2022
PR0020494,001,00010,"Temperature, water deg. centigrade",30.9,C3,MAX,Concentration3,deg C,30.9,deg C,32.2,deg C,,09/30/2022
PR0020494,001,00010,"Temperature, water deg. centigrade",29.7,C3,MAX,Concentration3,deg C,29.7,deg C,32.2,deg C,,10/31/2022
PR0020494,001,00010,"Temperature, water deg. centigrade",29.4,C3,MAX,Concentration3,deg C,29.4,deg C,32.2,deg C,,11/30/2022
PR0020494,001,00010,"Temperature, water deg. centigrade",28.5,C3,MAX,Concentration3,deg C,28.5,deg C,32.2,deg C,,12/31/2022
PR0020494,001,00010,"Temperature, water deg. centigrade",29.6,C3,MAX,Concentration3,deg C,29.6,deg C,32.2,deg C,,01/31/2023
PR0020494,001,00010,"Temperature, water deg. centigrade",28.1,C3,MAX,Concentration3,deg C,28.1,deg C,32.2,deg C,,02/28/2023
PR0020494,001,00010,"Temperature, water deg. centigrade",29.5,C3,MAX,Concentration3,deg C,29.5,deg C,32.2,deg C,,03/31/2023
PR0020494,001,00010,"Temperature, water deg. centigrade",29.4,C3,MAX,Concentration3,deg C,29.4,deg C,32.2,deg C,,04/30/2023
PR0020494,001,00010,"Temperature, water deg. centigrade",30,C3,MAX,Concentration3,deg C,30,deg C,32.2,deg C,,05/31/2023
PR0020494,001,00010,"Temperature, water deg. centigrade",31.1,C3,MAX,Concentration3,deg C,31.1,deg C,32.2,deg C,,06/30/2023
PR0020494,001,00010,"Temperature, water deg. centigrade",31.4,C3,MAX,Concentration3,deg C,31.4,deg C,32.2,deg C,,07/31/2023
PR0020494,001,00010,"Temperature, water deg. centigrade",31.8,C3,MAX,Concentration3,deg C,31.8,deg C,32.2,deg C,,08/31/2023
PR0020494,001,00010,"Temperature, water deg. centigrade",31,C3,MAX,Concentration3,deg C,31,deg C,32.2,deg C,,09/30/2023
PR0020494,001,00010,"Temperature, water deg. centigrade",30.6,C3,MAX,Concentration3,deg C,30.6,deg C,32.2,deg C,,10/31/2023
PR0020494,001,00010,"Temperature, water deg. centigrade",29.8,C3,MAX,Concentration3,deg C,29.8,deg C,32.2,deg C,,11/30/2023
PR0020494,001,00010,"Temperature, water deg. centigrade",28.9,C3,MAX,Concentration3,deg C,28.9,deg C,32.2,deg C,,12/31/2023
PR0020494,001,00010,"Temperature, water deg. centigrade",28.7,C3,MAX,Concentration3,deg C,28.7,deg C,32.2,deg C,,01/31/2024
PR0020494,001,00010,"Temperature, water deg. centigrade",28.7,C3,MAX,Concentration3,deg C,28.7,deg C,32.2,deg C,,02/29/2024
PR0020494,001,00010,"Temperature, water deg. centigrade",29.7,C3,MAX,Concentration3,deg C,29.7,deg C,32.2,deg C,,03/31/2024
PR0020494,001,00010,"Temperature, water deg. centigrade",29.7,C3,MAX,Concentration3,deg C,29.7,deg C,32.2,deg C,,04/30/2024
PR0020494,001,00010,"Temperature, water deg. centigrade",29.5,C3,MAX,Concentration3,deg C,29.5,deg C,32.2,deg C,,05/31/2024
PR0020494,001,00010,"Temperature, water deg. centigrade",30.4,C3,MAX,Concentration3,deg C,30.4,deg C,32.2,deg C,,06/30/2024
PR0020494,001,00010,"Temperature, water deg. centigrade",30.6,C3,MAX,Concentration3,deg C,30.6,deg C,32.2,deg C,,07/31/2024
PR0020494,001,00010,"Temperature, water deg. centigrade",30.3,C3,MAX,Concentration3,deg C,30.3,deg C,32.2,deg C,,08/31/2024
PR0020494,001,00010,"Temperature, water deg. centigrade",30.5,C3,MAX,Concentration3,deg C,30.5,deg C,32.2,deg C,,09/30/2024
PR0020494,001,00010,"Temperature, water deg. centigrade",31,C3,MAX,Concentration3,deg C,31,deg C,32.2,deg C,,10/31/2024
PR0020494,001,00010,"Temperature, water deg. centigrade",29.5,C3,MAX,Concentration3,deg C,29.5,deg C,32.2,deg C,,11/30/2024
PR0020494,001,00010,"Temperature, water deg. centigrade",29.8,C3,MAX,Concentration3,deg C,29.8,deg C,32.2,deg C,,12/31/2024
PR0020494,001,00010,"Temperature, water deg. centigrade",29.7,C3,MAX,Concentration3,deg C,29.7,deg C,32.2,deg C,,01/31/2025
PR0020494,001,00010,"Temperature, water deg. centigrade",29.8,C3,MAX,Concentration3,deg C,29.8,deg C,32.2,deg C,,02/28/2025
PR0020494,001,00010,"Temperature, water deg. centigrade",28.8,C3,MAX,Concentration3,deg C,28.8,deg C,32.2,deg C,,03/31/2025
PR0020494,001,00010,"Temperature, water deg. centigrade",29.3,C3,MAX,Concentration3,deg C,29.3,deg C,32.2,deg C,,04/30/2025
PR0020494,001,00010,"Temperature, water deg. centigrade",29.9,C3,MAX,Concentration3,deg C,29.9,deg C,32.2,deg C,,05/31/2025
PR0020494,001,00010,"Temperature, water deg. centigrade",30.3,C3,MAX,Concentration3,deg C,30.3,deg C,32.2,deg C,,06/30/2025
PR0020494,001,00010,"Temperature, water deg. centigrade",30,C3,MAX,Concentration3,deg C,30,deg C,32.2,deg C,,07/31/2025
PR0020494,001,00010,"Temperature, water deg. centigrade",30.7,C3,MAX,Concentration3,deg C,30.7,deg C,32.2,deg C,,08/31/2025
PR0020494,001,00010,"Temperature, water deg. centigrade",31.1,C3,MAX,Concentration3,deg C,31.1,deg C,32.2,deg C,,09/30/2025
PR0020494,001,00010,"Temperature, water deg. centigrade",30.4,C3,MAX,Concentration3,deg C,30.4,deg C,32.2,deg C,,10/31/2025
PR0020494,001,00010,"Temperature, water deg. centigrade",29.5,C3,MAX,Concentration3,deg C,29.5,deg C,32.2,deg C,,11/30/2025
PR0020494,001,00010,"Temperature, water deg. centigrade",28.9,C3,MAX,Concentration3,deg C,28.9,deg C,32.2,deg C,,12/31/2025
PR0020494,001,00010,"Temperature, water deg. centigrade",28.8,C3,MAX,Concentration3,deg C,28.8,deg C,32.2,deg C,,01/31/2026
PR0020494,001,00070,Turbidity,2.4,C3,MAX,Concentration3,NTU,2.4,NTU,50,NTU,,01/31/2020
PR0020494,001,00070,Turbidity,1.9,C3,MAX,Concentration3,NTU,1.9,NTU,50,NTU,,04/30/2020
PR0020494,001,00070,Turbidity,5.6,C3,MAX,Concentration3,NTU,5.6,NTU,50,NTU,,07/31/2020
PR0020494,001,00070,Turbidity,1.1,C3,MAX,Concentration3,NTU,1.1,NTU,50,NTU,,10/31/2020
PR0020494,001,00070,Turbidity,2.1,C3,MAX,Concentration3,NTU,2.1,NTU,50,NTU,,01/31/2021
PR0020494,001,00070,Turbidity,1.8,C3,MAX,Concentration3,NTU,1.8,NTU,50,NTU,,04/30/2021
PR0020494,001,00070,Turbidity,2.2,C3,MAX,Concentration3,NTU,2.2,NTU,50,NTU,,07/31/2021
PR0020494,001,00070,Turbidity,1.7,C3,MAX,Concentration3,NTU,1.7,NTU,50,NTU,,10/31/2021
PR0020494,001,00070,Turbidity,4.3,C3,MAX,Concentration3,NTU,4.3,NTU,50,NTU,,01/31/2022
PR0020494,001,00070,Turbidity,1.3,C3,MAX,Concentration3,NTU,1.3,NTU,50,NTU,,04/30/2022
PR0020494,001,00070,Turbidity,1.1,C3,MAX,Concentration3,NTU,1.1,NTU,50,NTU,,07/31/2022
PR0020494,001,00070,Turbidity,9.7,C3,MAX,Concentration3,NTU,9.7,NTU,50,NTU,,10/31/2022
PR0020494,001,00070,Turbidity,2,C3,MAX,Concentration3,NTU,2,NTU,50,NTU,,01/31/2023
PR0020494,001,00070,Turbidity,3.6,C3,MAX,Concentration3,NTU,3.6,NTU,50,NTU,,04/30/2023
PR0020494,001,00070,Turbidity,1.5,C3,MAX,Concentration3,NTU,1.5,NTU,50,NTU,,07/31/2023
PR0020494,001,00070,Turbidity,2.6,C3,MAX,Concentration3,NTU,2.6,NTU,50,NTU,,10/31/2023
PR0020494,001,00070,Turbidity,0.75,C3,MAX,Concentration3,NTU,.75,NTU,50,NTU,,01/31/2024
PR0020494,001,00070,Turbidity,1.5,C3,MAX,Concentration3,NTU,1.5,NTU,50,NTU,,04/30/2024
PR0020494,001,00070,Turbidity,2.3,C3,MAX,Concentration3,NTU,2.3,NTU,50,NTU,,07/31/2024
PR0020494,001,00070,Turbidity,0.7,C3,MAX,Concentration3,NTU,.7,NTU,50,NTU,,10/31/2024
PR0020494,001,00070,Turbidity,1.8,C3,MAX,Concentration3,NTU,1.8,NTU,50,NTU,,01/31/2025
PR0020494,001,00070,Turbidity,1.4,C3,MAX,Concentration3,NTU,1.4,NTU,50,NTU,,04/30/2025
PR0020494,001,00070,Turbidity,0.85,C3,MAX,Concentration3,NTU,.85,NTU,50,NTU,,07/31/2025
PR0020494,001,00070,Turbidity,25,C3,MAX,Concentration3,NTU,25,NTU,50,NTU,,10/31/2025
PR0020494,001,00070,Turbidity,1.8,C3,MAX,Concentration3,NTU,1.8,NTU,50,NTU,,01/31/2026
PR0020494,001,00080,Color [PT-CO units],15,C3,MAX,Concentration3,col unit (pc),15,col unit (pc),15,col unit (pc),,01/31/2020
PR0020494,001,00080,Color [PT-CO units],5,C3,MAX,Concentration3,col unit (pc),5,col unit (pc),15,col unit (pc),,02/29/2020
PR0020494,001,00080,Color [PT-CO units],10,C3,MAX,Concentration3,col unit (pc),10,col unit (pc),15,col unit (pc),,03/31/2020
PR0020494,001,00080,Color [PT-CO units],5,C3,MAX,Concentration3,col unit (pc),5,col unit (pc),15,col unit (pc),,04/30/2020
PR0020494,001,00080,Color [PT-CO units],10,C3,MAX,Concentration3,col unit (pc),10,col unit (pc),15,col unit (pc),,05/31/2020
PR0020494,001,00080,Color [PT-CO units],5,C3,MAX,Concentration3,col unit (pc),5,col unit (pc),15,col unit (pc),,06/30/2020
PR0020494,001,00080,Color [PT-CO units],10,C3,MAX,Concentration3,col unit (pc),10,col unit (pc),15,col unit (pc),,07/31/2020
PR0020494,001,00080,Color [PT-CO units],10,C3,MAX,Concentration3,col unit (pc),10,col unit (pc),15,col unit (pc),,08/31/2020
PR0020494,001,00080,Color [PT-CO units],5,C3,MAX,Concentration3,col unit (pc),5,col unit (pc),15,col unit (pc),,09/30/2020
PR0020494,001,00080,Color [PT-CO units],10,C3,MAX,Concentration3,col unit (pc),10,col unit (pc),15,col unit (pc),,10/31/2020
PR0020494,001,00080,Color [PT-CO units],5,C3,MAX,Concentration3,col unit (pc),5,col unit (pc),15,col unit (pc),,11/30/2020
PR0020494,001,00080,Color [PT-CO units],5,C3,MAX,Concentration3,col unit (pc),5,col unit (pc),15,col unit (pc),,12/31/2020
PR0020494,001,00080,Color [PT-CO units],10,C3,MAX,Concentration3,col unit (pc),10,col unit (pc),15,col unit (pc),,01/31/2021
PR0020494,001,00080,Color [PT-CO units],15,C3,MAX,Concentration3,col unit (pc),15,col unit (pc),15,col unit (pc),,02/28/2021
PR0020494,001,00080,Color [PT-CO units],15,C3,MAX,Concentration3,col unit (pc),15,col unit (pc),15,col unit (pc),,03/31/2021
PR0020494,001,00080,Color [PT-CO units],15,C3,MAX,Concentration3,col unit (pc),15,col unit (pc),15,col unit (pc),,04/30/2021
PR0020494,001,00080,Color [PT-CO units],10,C3,MAX,Concentration3,col unit (pc),10,col unit (pc),15,col unit (pc),,05/31/2021
PR0020494,001,00080,Color [PT-CO units],10,C3,MAX,Concentration3,col unit (pc),10,col unit (pc),15,col unit (pc),,06/30/2021
PR0020494,001,00080,Color [PT-CO units],5,C3,MAX,Concentration3,col unit (pc),5,col unit (pc),15,col unit (pc),,07/31/2021
PR0020494,001,00080,Color [PT-CO units],10,C3,MAX,Concentration3,col unit (pc),10,col unit (pc),15,col unit (pc),,08/31/2021
PR0020494,001,00080,Color [PT-CO units],30,C3,MAX,Concentration3,col unit (pc),30,col unit (pc),15,col unit (pc),,09/30/2021
PR0020494,001,00080,Color [PT-CO units],5,C3,MAX,Concentration3,col unit (pc),5,col unit (pc),15,col unit (pc),,10/31/2021
PR0020494,001,00080,Color [PT-CO units],15,C3,MAX,Concentration3,col unit (pc),15,col unit (pc),15,col unit (pc),,11/30/2021
PR0020494,001,00080,Color [PT-CO units],15,C3,MAX,Concentration3,col unit (pc),15,col unit (pc),15,col unit (pc),,12/31/2021
PR0020494,001,00080,Color [PT-CO units],5,C3,MAX,Concentration3,col unit (pc),5,col unit (pc),15,col unit (pc),,01/31/2022
PR0020494,001,00080,Color [PT-CO units],15,C3,MAX,Concentration3,col unit (pc),15,col unit (pc),15,col unit (pc),,02/28/2022
PR0020494,001,00080,Color [PT-CO units],15,C3,MAX,Concentration3,col unit (pc),15,col unit (pc),15,col unit (pc),,03/31/2022
PR0020494,001,00080,Color [PT-CO units],15,C3,MAX,Concentration3,col unit (pc),15,col unit (pc),15,col unit (pc),,04/30/2022
PR0020494,001,00080,Color [PT-CO units],5,C3,MAX,Concentration3,col unit (pc),5,col unit (pc),15,col unit (pc),,05/31/2022
PR0020494,001,00080,Color [PT-CO units],15,C3,MAX,Concentration3,col unit (pc),15,col unit (pc),15,col unit (pc),,06/30/2022
PR0020494,001,00080,Color [PT-CO units],5,C3,MAX,Concentration3,col unit (pc),5,col unit (pc),15,col unit (pc),,07/31/2022
PR0020494,001,00080,Color [PT-CO units],10,C3,MAX,Concentration3,col unit (pc),10,col unit (pc),15,col unit (pc),,08/31/2022
PR0020494,001,00080,Color [PT-CO units],5,C3,MAX,Concentration3,col unit (pc),5,col unit (pc),15,col unit (pc),,09/30/2022
PR0020494,001,00080,Color [PT-CO units],5,C3,MAX,Concentration3,col unit (pc),5,col unit (pc),15,col unit (pc),,10/31/2022
PR0020494,001,00080,Color [PT-CO units],15,C3,MAX,Concentration3,col unit (pc),15,col unit (pc),15,col unit (pc),,11/30/2022
PR0020494,001,00080,Color [PT-CO units],5,C3,MAX,Concentration3,col unit (pc),5,col unit (pc),15,col unit (pc),,12/31/2022
PR0020494,001,00080,Color [PT-CO units],5,C3,MAX,Concentration3,col unit (pc),5,col unit (pc),15,col unit (pc),,01/31/2023
PR0020494,001,00080,Color [PT-CO units],5,C3,MAX,Concentration3,col unit (pc),5,col unit (pc),15,col unit (pc),,02/28/2023
PR0020494,001,00080,Color [PT-CO units],10,C3,MAX,Concentration3,col unit (pc),10,col unit (pc),15,col unit (pc),,03/31/2023
PR0020494,001,00080,Color [PT-CO units],10,C3,MAX,Concentration3,col unit (pc),10,col unit (pc),15,col unit (pc),,04/30/2023
PR0020494,001,00080,Color [PT-CO units],5,C3,MAX,Concentration3,col unit (pc),5,col unit (pc),15,col unit (pc),,05/31/2023
PR0020494,001,00080,Color [PT-CO units],10,C3,MAX,Concentration3,col unit (pc),10,col unit (pc),15,col unit (pc),,06/30/2023
PR0020494,001,00080,Color [PT-CO units],10,C3,MAX,Concentration3,col unit (pc),10,col unit (pc),15,col unit (pc),,07/31/2023
PR0020494,001,00080,Color [PT-CO units],10,C3,MAX,Concentration3,col unit (pc),10,col unit (pc),15,col unit (pc),,08/31/2023
PR0020494,001,00080,Color [PT-CO units],15,C3,MAX,Concentration3,col unit (pc),15,col unit (pc),15,col unit (pc),,09/30/2023
PR0020494,001,00080,Color [PT-CO units],20,C3,MAX,Concentration3,col unit (pc),20,col unit (pc),15,col unit (pc),,10/31/2023
PR0020494,001,00080,Color [PT-CO units],5,C3,MAX,Concentration3,col unit (pc),5,col unit (pc),15,col unit (pc),,11/30/2023
PR0020494,001,00080,Color [PT-CO units],10,C3,MAX,Concentration3,col unit (pc),10,col unit (pc),15,col unit (pc),,12/31/2023
PR0020494,001,00080,Color [PT-CO units],5,C3,MAX,Concentration3,col unit (pc),5,col unit (pc),15,col unit (pc),,01/31/2024
PR0020494,001,00080,Color [PT-CO units],10,C3,MAX,Concentration3,col unit (pc),10,col unit (pc),15,col unit (pc),,02/29/2024
PR0020494,001,00080,Color [PT-CO units],10,C3,MAX,Concentration3,col unit (pc),10,col unit (pc),15,col unit (pc),,03/31/2024
PR0020494,001,00080,Color [PT-CO units],5,C3,MAX,Concentration3,col unit (pc),5,col unit (pc),15,col unit (pc),,04/30/2024
PR0020494,001,00080,Color [PT-CO units],10,C3,MAX,Concentration3,col unit (pc),10,col unit (pc),15,col unit (pc),,05/31/2024
PR0020494,001,00080,Color [PT-CO units],5,C3,MAX,Concentration3,col unit (pc),5,col unit (pc),15,col unit (pc),,06/30/2024
PR0020494,001,00080,Color [PT-CO units],5,C3,MAX,Concentration3,col unit (pc),5,col unit (pc),15,col unit (pc),,07/31/2024
PR0020494,001,00080,Color [PT-CO units],5,C3,MAX,Concentration3,col unit (pc),5,col unit (pc),15,col unit (pc),,08/31/2024
PR0020494,001,00080,Color [PT-CO units],10,C3,MAX,Concentration3,col unit (pc),10,col unit (pc),15,col unit (pc),,09/30/2024
PR0020494,001,00080,Color [PT-CO units],5,C3,MAX,Concentration3,col unit (pc),5,col unit (pc),15,col unit (pc),,10/31/2024
PR0020494,001,00080,Color [PT-CO units],15,C3,MAX,Concentration3,col unit (pc),15,col unit (pc),15,col unit (pc),,11/30/2024
PR0020494,001,00080,Color [PT-CO units],15,C3,MAX,Concentration3,col unit (pc),15,col unit (pc),15,col unit (pc),,12/31/2024
PR0020494,001,00080,Color [PT-CO units],5,C3,MAX,Concentration3,col unit (pc),5,col unit (pc),15,col unit (pc),,01/31/2025
PR0020494,001,00080,Color [PT-CO units],15,C3,MAX,Concentration3,col unit (pc),15,col unit (pc),15,col unit (pc),,02/28/2025
PR0020494,001,00080,Color [PT-CO units],5,C3,MAX,Concentration3,col unit (pc),5,col unit (pc),15,col unit (pc),,03/31/2025
PR0020494,001,00080,Color [PT-CO units],5,C3,MAX,Concentration3,col unit (pc),5,col unit (pc),15,col unit (pc),,04/30/2025
PR0020494,001,00080,Color [PT-CO units],10,C3,MAX,Concentration3,col unit (pc),10,col unit (pc),15,col unit (pc),,05/31/2025
PR0020494,001,00080,Color [PT-CO units],10,C3,MAX,Concentration3,col unit (pc),10,col unit (pc),15,col unit (pc),,06/30/2025
PR0020494,001,00080,Color [PT-CO units],5,C3,MAX,Concentration3,col unit (pc),5,col unit (pc),15,col unit (pc),,07/31/2025
PR0020494,001,00080,Color [PT-CO units],5,C3,MAX,Concentration3,col unit (pc),5,col unit (pc),15,col unit (pc),,08/31/2025
PR0020494,001,00080,Color [PT-CO units],10,C3,MAX,Concentration3,col unit (pc),10,col unit (pc),15,col unit (pc),,09/30/2025
PR0020494,001,00080,Color [PT-CO units],15,C3,MAX,Concentration3,col unit (pc),15,col unit (pc),15,col unit (pc),,10/31/2025
PR0020494,001,00080,Color [PT-CO units],5,C3,MAX,Concentration3,col unit (pc),5,col unit (pc),15,col unit (pc),,11/30/2025
PR0020494,001,00080,Color [PT-CO units],15,C3,MAX,Concentration3,col unit (pc),15,col unit (pc),15,col unit (pc),,12/31/2025
PR0020494,001,00080,Color [PT-CO units],10,C3,MAX,Concentration3,col unit (pc),10,col unit (pc),15,col unit (pc),,01/31/2026
PR0020494,001,00300,"Oxygen, dissolved [DO]",4.62,C1,MIN,Concentration1,mg/L,4.62,mg/L,5,mg/L,,01/31/2020
PR0020494,001,00300,"Oxygen, dissolved [DO]",6.7,C1,MIN,Concentration1,mg/L,6.7,mg/L,5,mg/L,,02/29/2020
PR0020494,001,00300,"Oxygen, dissolved [DO]",6.7,C1,MIN,Concentration1,mg/L,6.7,mg/L,5,mg/L,,03/31/2020
PR0020494,001,00300,"Oxygen, dissolved [DO]",6.75,C1,MIN,Concentration1,mg/L,6.75,mg/L,5,mg/L,,04/30/2020
PR0020494,001,00300,"Oxygen, dissolved [DO]",7,C1,MIN,Concentration1,mg/L,7,mg/L,5,mg/L,,05/31/2020
PR0020494,001,00300,"Oxygen, dissolved [DO]",6.68,C1,MIN,Concentration1,mg/L,6.68,mg/L,5,mg/L,,06/30/2020
PR0020494,001,00300,"Oxygen, dissolved [DO]",6.99,C1,MIN,Concentration1,mg/L,6.99,mg/L,5,mg/L,,07/31/2020
PR0020494,001,00300,"Oxygen, dissolved [DO]",6.89,C1,MIN,Concentration1,mg/L,6.89,mg/L,5,mg/L,,08/31/2020
PR0020494,001,00300,"Oxygen, dissolved [DO]",6.6,C1,MIN,Concentration1,mg/L,6.6,mg/L,5,mg/L,,09/30/2020
PR0020494,001,00300,"Oxygen, dissolved [DO]",6.87,C1,MIN,Concentration1,mg/L,6.87,mg/L,5,mg/L,,10/31/2020
PR0020494,001,00300,"Oxygen, dissolved [DO]",6.43,C1,MIN,Concentration1,mg/L,6.43,mg/L,5,mg/L,,11/30/2020
PR0020494,001,00300,"Oxygen, dissolved [DO]",6.33,C1,MIN,Concentration1,mg/L,6.33,mg/L,5,mg/L,,12/31/2020
PR0020494,001,00300,"Oxygen, dissolved [DO]",6.68,C1,MIN,Concentration1,mg/L,6.68,mg/L,5,mg/L,,01/31/2021
PR0020494,001,00300,"Oxygen, dissolved [DO]",6.99,C1,MIN,Concentration1,mg/L,6.99,mg/L,5,mg/L,,02/28/2021
PR0020494,001,00300,"Oxygen, dissolved [DO]",6.15,C1,MIN,Concentration1,mg/L,6.15,mg/L,5,mg/L,,03/31/2021
PR0020494,001,00300,"Oxygen, dissolved [DO]",5.68,C1,MIN,Concentration1,mg/L,5.68,mg/L,5,mg/L,,04/30/2021
PR0020494,001,00300,"Oxygen, dissolved [DO]",6.59,C1,MIN,Concentration1,mg/L,6.59,mg/L,5,mg/L,,05/31/2021
PR0020494,001,00300,"Oxygen, dissolved [DO]",6.45,C1,MIN,Concentration1,mg/L,6.45,mg/L,5,mg/L,,06/30/2021
PR0020494,001,00300,"Oxygen, dissolved [DO]",6.28,C1,MIN,Concentration1,mg/L,6.28,mg/L,5,mg/L,,07/31/2021
PR0020494,001,00300,"Oxygen, dissolved [DO]",5.44,C1,MIN,Concentration1,mg/L,5.44,mg/L,5,mg/L,,08/31/2021
PR0020494,001,00300,"Oxygen, dissolved [DO]",6.59,C1,MIN,Concentration1,mg/L,6.59,mg/L,5,mg/L,,09/30/2021
PR0020494,001,00300,"Oxygen, dissolved [DO]",6.85,C1,MIN,Concentration1,mg/L,6.85,mg/L,5,mg/L,,10/31/2021
PR0020494,001,00300,"Oxygen, dissolved [DO]",6.7,C1,MIN,Concentration1,mg/L,6.7,mg/L,5,mg/L,,11/30/2021
PR0020494,001,00300,"Oxygen, dissolved [DO]",6.93,C1,MIN,Concentration1,mg/L,6.93,mg/L,5,mg/L,,12/31/2021
PR0020494,001,00300,"Oxygen, dissolved [DO]",6.94,C1,MIN,Concentration1,mg/L,6.94,mg/L,5,mg/L,,01/31/2022
PR0020494,001,00300,"Oxygen, dissolved [DO]",7.03,C1,MIN,Concentration1,mg/L,7.03,mg/L,5,mg/L,,02/28/2022
PR0020494,001,00300,"Oxygen, dissolved [DO]",7.02,C1,MIN,Concentration1,mg/L,7.02,mg/L,5,mg/L,,03/31/2022
PR0020494,001,00300,"Oxygen, dissolved [DO]",8.04,C1,MIN,Concentration1,mg/L,8.04,mg/L,5,mg/L,,04/30/2022
PR0020494,001,00300,"Oxygen, dissolved [DO]",6.25,C1,MIN,Concentration1,mg/L,6.25,mg/L,5,mg/L,,05/31/2022
PR0020494,001,00300,"Oxygen, dissolved [DO]",6.08,C1,MIN,Concentration1,mg/L,6.08,mg/L,5,mg/L,,06/30/2022
PR0020494,001,00300,"Oxygen, dissolved [DO]",6.61,C1,MIN,Concentration1,mg/L,6.61,mg/L,5,mg/L,,07/31/2022
PR0020494,001,00300,"Oxygen, dissolved [DO]",7.83,C1,MIN,Concentration1,mg/L,7.83,mg/L,5,mg/L,,08/31/2022
PR0020494,001,00300,"Oxygen, dissolved [DO]",4.9,C1,MIN,Concentration1,mg/L,4.9,mg/L,5,mg/L,,09/30/2022
PR0020494,001,00300,"Oxygen, dissolved [DO]",6.91,C1,MIN,Concentration1,mg/L,6.91,mg/L,5,mg/L,,10/31/2022
PR0020494,001,00300,"Oxygen, dissolved [DO]",7.19,C1,MIN,Concentration1,mg/L,7.19,mg/L,5,mg/L,,11/30/2022
PR0020494,001,00300,"Oxygen, dissolved [DO]",6.71,C1,MIN,Concentration1,mg/L,6.71,mg/L,5,mg/L,,12/31/2022
PR0020494,001,00300,"Oxygen, dissolved [DO]",6.89,C1,MIN,Concentration1,mg/L,6.89,mg/L,5,mg/L,,01/31/2023
PR0020494,001,00300,"Oxygen, dissolved [DO]",6.82,C1,MIN,Concentration1,mg/L,6.82,mg/L,5,mg/L,,02/28/2023
PR0020494,001,00300,"Oxygen, dissolved [DO]",7.13,C1,MIN,Concentration1,mg/L,7.13,mg/L,5,mg/L,,03/31/2023
PR0020494,001,00300,"Oxygen, dissolved [DO]",6.94,C1,MIN,Concentration1,mg/L,6.94,mg/L,5,mg/L,,04/30/2023
PR0020494,001,00300,"Oxygen, dissolved [DO]",6.25,C1,MIN,Concentration1,mg/L,6.25,mg/L,5,mg/L,,05/31/2023
PR0020494,001,00300,"Oxygen, dissolved [DO]",6.71,C1,MIN,Concentration1,mg/L,6.71,mg/L,5,mg/L,,06/30/2023
PR0020494,001,00300,"Oxygen, dissolved [DO]",6.32,C1,MIN,Concentration1,mg/L,6.32,mg/L,5,mg/L,,07/31/2023
PR0020494,001,00300,"Oxygen, dissolved [DO]",6.71,C1,MIN,Concentration1,mg/L,6.71,mg/L,5,mg/L,,08/31/2023
PR0020494,001,00300,"Oxygen, dissolved [DO]",6.82,C1,MIN,Concentration1,mg/L,6.82,mg/L,5,mg/L,,09/30/2023
PR0020494,001,00300,"Oxygen, dissolved [DO]",6.85,C1,MIN,Concentration1,mg/L,6.85,mg/L,5,mg/L,,10/31/2023
PR0020494,001,00300,"Oxygen, dissolved [DO]",6.81,C1,MIN,Concentration1,mg/L,6.81,mg/L,5,mg/L,,11/30/2023
PR0020494,001,00300,"Oxygen, dissolved [DO]",6.68,C1,MIN,Concentration1,mg/L,6.68,mg/L,5,mg/L,,12/31/2023
PR0020494,001,00300,"Oxygen, dissolved [DO]",7.04,C1,MIN,Concentration1,mg/L,7.04,mg/L,5,mg/L,,01/31/2024
PR0020494,001,00300,"Oxygen, dissolved [DO]",6.47,C1,MIN,Concentration1,mg/L,6.47,mg/L,5,mg/L,,02/29/2024
PR0020494,001,00300,"Oxygen, dissolved [DO]",6.88,C1,MIN,Concentration1,mg/L,6.88,mg/L,5,mg/L,,03/31/2024
PR0020494,001,00300,"Oxygen, dissolved [DO]",6.95,C1,MIN,Concentration1,mg/L,6.95,mg/L,5,mg/L,,04/30/2024
PR0020494,001,00300,"Oxygen, dissolved [DO]",6.88,C1,MIN,Concentration1,mg/L,6.88,mg/L,5,mg/L,,05/31/2024
PR0020494,001,00300,"Oxygen, dissolved [DO]",6.67,C1,MIN,Concentration1,mg/L,6.67,mg/L,5,mg/L,,06/30/2024
PR0020494,001,00300,"Oxygen, dissolved [DO]",6.58,C1,MIN,Concentration1,mg/L,6.58,mg/L,5,mg/L,,07/31/2024
PR0020494,001,00300,"Oxygen, dissolved [DO]",6.96,C1,MIN,Concentration1,mg/L,6.96,mg/L,5,mg/L,,08/31/2024
PR0020494,001,00300,"Oxygen, dissolved [DO]",6.78,C1,MIN,Concentration1,mg/L,6.78,mg/L,5,mg/L,,09/30/2024
PR0020494,001,00300,"Oxygen, dissolved [DO]",6.91,C1,MIN,Concentration1,mg/L,6.91,mg/L,5,mg/L,,10/31/2024
PR0020494,001,00300,"Oxygen, dissolved [DO]",6.8,C1,MIN,Concentration1,mg/L,6.8,mg/L,5,mg/L,,11/30/2024
PR0020494,001,00300,"Oxygen, dissolved [DO]",6.64,C1,MIN,Concentration1,mg/L,6.64,mg/L,5,mg/L,,12/31/2024
PR0020494,001,00300,"Oxygen, dissolved [DO]",6.57,C1,MIN,Concentration1,mg/L,6.57,mg/L,5,mg/L,,01/31/2025
PR0020494,001,00300,"Oxygen, dissolved [DO]",6.59,C1,MIN,Concentration1,mg/L,6.59,mg/L,5,mg/L,,02/28/2025
PR0020494,001,00300,"Oxygen, dissolved [DO]",6.54,C1,MIN,Concentration1,mg/L,6.54,mg/L,5,mg/L,,03/31/2025
PR0020494,001,00300,"Oxygen, dissolved [DO]",6.75,C1,MIN,Concentration1,mg/L,6.75,mg/L,5,mg/L,,04/30/2025
PR0020494,001,00300,"Oxygen, dissolved [DO]",6.98,C1,MIN,Concentration1,mg/L,6.98,mg/L,5,mg/L,,05/31/2025
PR0020494,001,00300,"Oxygen, dissolved [DO]",6.62,C1,MIN,Concentration1,mg/L,6.62,mg/L,5,mg/L,,06/30/2025
PR0020494,001,00300,"Oxygen, dissolved [DO]",6.76,C1,MIN,Concentration1,mg/L,6.76,mg/L,5,mg/L,,07/31/2025
PR0020494,001,00300,"Oxygen, dissolved [DO]",6,C1,MIN,Concentration1,mg/L,6,mg/L,5,mg/L,,08/31/2025
PR0020494,001,00300,"Oxygen, dissolved [DO]",7,C1,MIN,Concentration1,mg/L,7,mg/L,5,mg/L,,09/30/2025
PR0020494,001,00300,"Oxygen, dissolved [DO]",6.61,C1,MIN,Concentration1,mg/L,6.61,mg/L,5,mg/L,,10/31/2025
PR0020494,001,00300,"Oxygen, dissolved [DO]",6.77,C1,MIN,Concentration1,mg/L,6.77,mg/L,5,mg/L,,11/30/2025
PR0020494,001,00300,"Oxygen, dissolved [DO]",7.15,C1,MIN,Concentration1,mg/L,7.15,mg/L,5,mg/L,,12/31/2025
PR0020494,001,00300,"Oxygen, dissolved [DO]",6.87,C1,MIN,Concentration1,mg/L,6.87,mg/L,5,mg/L,,01/31/2026
PR0020494,001,00310,"BOD, 5-day, 20 deg. C",60,Q1,AVG,Quantity1,kg/d,60,kg/d,51.6956,kg/d,,01/31/2020
PR0020494,001,00310,"BOD, 5-day, 20 deg. C",22,C2,AVG,Concentration2,mg/L,22,mg/L,22,mg/L,,01/31/2020
PR0020494,001,00310,"BOD, 5-day, 20 deg. C",41,C3,AVG,Concentration3,mg/L,41,mg/L,45,mg/L,,01/31/2020
PR0020494,001,00310,"BOD, 5-day, 20 deg. C",112,Q2,AVG,Quantity2,kg/d,112,kg/d,105.59,kg/d,,01/31/2020
PR0020494,001,00310,"BOD, 5-day, 20 deg. C",6,C3,AVG,Concentration3,mg/L,6,mg/L,45,mg/L,,02/29/2020
PR0020494,001,00310,"BOD, 5-day, 20 deg. C",16,Q2,AVG,Quantity2,kg/d,16,kg/d,105.59,kg/d,,02/29/2020
PR0020494,001,00310,"BOD, 5-day, 20 deg. C",4,C2,AVG,Concentration2,mg/L,4,mg/L,22,mg/L,,02/29/2020
PR0020494,001,00310,"BOD, 5-day, 20 deg. C",11,Q1,AVG,Quantity1,kg/d,11,kg/d,51.6956,kg/d,,02/29/2020
PR0020494,001,00310,"BOD, 5-day, 20 deg. C",16,Q1,AVG,Quantity1,kg/d,16,kg/d,51.6956,kg/d,,03/31/2020
PR0020494,001,00310,"BOD, 5-day, 20 deg. C",5,C3,AVG,Concentration3,mg/L,5,mg/L,45,mg/L,,03/31/2020
PR0020494,001,00310,"BOD, 5-day, 20 deg. C",18,Q2,AVG,Quantity2,kg/d,18,kg/d,105.59,kg/d,,03/31/2020
PR0020494,001,00310,"BOD, 5-day, 20 deg. C",5,C2,AVG,Concentration2,mg/L,5,mg/L,22,mg/L,,03/31/2020
PR0020494,001,00310,"BOD, 5-day, 20 deg. C",20,Q2,AVG,Quantity2,kg/d,20,kg/d,105.59,kg/d,,04/30/2020
PR0020494,001,00310,"BOD, 5-day, 20 deg. C",6,C2,AVG,Concentration2,mg/L,6,mg/L,22,mg/L,,04/30/2020
PR0020494,001,00310,"BOD, 5-day, 20 deg. C",15,Q1,AVG,Quantity1,kg/d,15,kg/d,51.6956,kg/d,,04/30/2020
PR0020494,001,00310,"BOD, 5-day, 20 deg. C",7,C3,AVG,Concentration3,mg/L,7,mg/L,45,mg/L,,04/30/2020
PR0020494,001,00310,"BOD, 5-day, 20 deg. C",6,C3,AVG,Concentration3,mg/L,6,mg/L,45,mg/L,,05/31/2020
PR0020494,001,00310,"BOD, 5-day, 20 deg. C",19,Q2,AVG,Quantity2,kg/d,19,kg/d,105.59,kg/d,,05/31/2020
PR0020494,001,00310,"BOD, 5-day, 20 deg. C",6,C2,AVG,Concentration2,mg/L,6,mg/L,22,mg/L,,05/31/2020
PR0020494,001,00310,"BOD, 5-day, 20 deg. C",18,Q1,AVG,Quantity1,kg/d,18,kg/d,51.6956,kg/d,,05/31/2020
PR0020494,001,00310,"BOD, 5-day, 20 deg. C",4,C2,AVG,Concentration2,mg/L,4,mg/L,22,mg/L,,06/30/2020
PR0020494,001,00310,"BOD, 5-day, 20 deg. C",10,Q1,AVG,Quantity1,kg/d,10,kg/d,51.6956,kg/d,,06/30/2020
PR0020494,001,00310,"BOD, 5-day, 20 deg. C",12,Q2,AVG,Quantity2,kg/d,12,kg/d,105.59,kg/d,,06/30/2020
PR0020494,001,00310,"BOD, 5-day, 20 deg. C",4,C3,AVG,Concentration3,mg/L,4,mg/L,45,mg/L,,06/30/2020
PR0020494,001,00310,"BOD, 5-day, 20 deg. C",6,C3,AVG,Concentration3,mg/L,6,mg/L,45,mg/L,,07/31/2020
PR0020494,001,00310,"BOD, 5-day, 20 deg. C",19,Q2,AVG,Quantity2,kg/d,19,kg/d,105.59,kg/d,,07/31/2020
PR0020494,001,00310,"BOD, 5-day, 20 deg. C",4,C2,AVG,Concentration2,mg/L,4,mg/L,22,mg/L,,07/31/2020
PR0020494,001,00310,"BOD, 5-day, 20 deg. C",13,Q1,AVG,Quantity1,kg/d,13,kg/d,51.6956,kg/d,,07/31/2020
PR0020494,001,00310,"BOD, 5-day, 20 deg. C",25,Q1,AVG,Quantity1,kg/d,25,kg/d,51.6956,kg/d,,08/31/2020
PR0020494,001,00310,"BOD, 5-day, 20 deg. C",28,Q2,AVG,Quantity2,kg/d,28,kg/d,105.59,kg/d,,08/31/2020
PR0020494,001,00310,"BOD, 5-day, 20 deg. C",8,C2,AVG,Concentration2,mg/L,8,mg/L,22,mg/L,,08/31/2020
PR0020494,001,00310,"BOD, 5-day, 20 deg. C",12,C3,AVG,Concentration3,mg/L,12,mg/L,45,mg/L,,08/31/2020
PR0020494,001,00310,"BOD, 5-day, 20 deg. C",12,C2,AVG,Concentration2,mg/L,12,mg/L,22,mg/L,,09/30/2020
PR0020494,001,00310,"BOD, 5-day, 20 deg. C",25,Q1,AVG,Quantity1,kg/d,25,kg/d,51.6956,kg/d,,09/30/2020
PR0020494,001,00310,"BOD, 5-day, 20 deg. C",13,C3,AVG,Concentration3,mg/L,13,mg/L,45,mg/L,,09/30/2020
PR0020494,001,00310,"BOD, 5-day, 20 deg. C",25,Q2,AVG,Quantity2,kg/d,25,kg/d,105.59,kg/d,,09/30/2020
PR0020494,001,00310,"BOD, 5-day, 20 deg. C",18,Q1,AVG,Quantity1,kg/d,18,kg/d,51.6956,kg/d,,10/31/2020
PR0020494,001,00310,"BOD, 5-day, 20 deg. C",21,Q2,AVG,Quantity2,kg/d,21,kg/d,105.59,kg/d,,10/31/2020
PR0020494,001,00310,"BOD, 5-day, 20 deg. C",6,C2,AVG,Concentration2,mg/L,6,mg/L,22,mg/L,,10/31/2020
PR0020494,001,00310,"BOD, 5-day, 20 deg. C",8,C3,AVG,Concentration3,mg/L,8,mg/L,45,mg/L,,10/31/2020
PR0020494,001,00310,"BOD, 5-day, 20 deg. C",8,C3,AVG,Concentration3,mg/L,8,mg/L,45,mg/L,,11/30/2020
PR0020494,001,00310,"BOD, 5-day, 20 deg. C",18,Q1,AVG,Quantity1,kg/d,18,kg/d,51.6956,kg/d,,11/30/2020
PR0020494,001,00310,"BOD, 5-day, 20 deg. C",6,C2,AVG,Concentration2,mg/L,6,mg/L,22,mg/L,,11/30/2020
PR0020494,001,00310,"BOD, 5-day, 20 deg. C",26,Q2,AVG,Quantity2,kg/d,26,kg/d,105.59,kg/d,,11/30/2020
PR0020494,001,00310,"BOD, 5-day, 20 deg. C",11,Q2,AVG,Quantity2,kg/d,11,kg/d,105.59,kg/d,,12/31/2020
PR0020494,001,00310,"BOD, 5-day, 20 deg. C",4,C3,AVG,Concentration3,mg/L,4,mg/L,45,mg/L,,12/31/2020
PR0020494,001,00310,"BOD, 5-day, 20 deg. C",4,C2,AVG,Concentration2,mg/L,4,mg/L,22,mg/L,,12/31/2020
PR0020494,001,00310,"BOD, 5-day, 20 deg. C",8,Q1,AVG,Quantity1,kg/d,8,kg/d,51.6956,kg/d,,12/31/2020
PR0020494,001,00310,"BOD, 5-day, 20 deg. C",39,Q2,AVG,Quantity2,kg/d,39,kg/d,105.59,kg/d,,01/31/2021
PR0020494,001,00310,"BOD, 5-day, 20 deg. C",26,Q1,AVG,Quantity1,kg/d,26,kg/d,51.6956,kg/d,,01/31/2021
PR0020494,001,00310,"BOD, 5-day, 20 deg. C",8,C2,AVG,Concentration2,mg/L,8,mg/L,22,mg/L,,01/31/2021
PR0020494,001,00310,"BOD, 5-day, 20 deg. C",12,C3,AVG,Concentration3,mg/L,12,mg/L,45,mg/L,,01/31/2021
PR0020494,001,00310,"BOD, 5-day, 20 deg. C",7,C3,AVG,Concentration3,mg/L,7,mg/L,45,mg/L,,02/28/2021
PR0020494,001,00310,"BOD, 5-day, 20 deg. C",18,Q2,AVG,Quantity2,kg/d,18,kg/d,105.59,kg/d,,02/28/2021
PR0020494,001,00310,"BOD, 5-day, 20 deg. C",16,Q1,AVG,Quantity1,kg/d,16,kg/d,51.6956,kg/d,,02/28/2021
PR0020494,001,00310,"BOD, 5-day, 20 deg. C",6,C2,AVG,Concentration2,mg/L,6,mg/L,22,mg/L,,02/28/2021
PR0020494,001,00310,"BOD, 5-day, 20 deg. C",7,C3,AVG,Concentration3,mg/L,7,mg/L,45,mg/L,,03/31/2021
PR0020494,001,00310,"BOD, 5-day, 20 deg. C",14,Q1,AVG,Quantity1,kg/d,14,kg/d,51.6956,kg/d,,03/31/2021
PR0020494,001,00310,"BOD, 5-day, 20 deg. C",6,C2,AVG,Concentration2,mg/L,6,mg/L,22,mg/L,,03/31/2021
PR0020494,001,00310,"BOD, 5-day, 20 deg. C",17,Q2,AVG,Quantity2,kg/d,17,kg/d,105.59,kg/d,,03/31/2021
PR0020494,001,00310,"BOD, 5-day, 20 deg. C",7,C2,AVG,Concentration2,mg/L,7,mg/L,22,mg/L,,04/30/2021
PR0020494,001,00310,"BOD, 5-day, 20 deg. C",17,Q1,AVG,Quantity1,kg/d,17,kg/d,51.6956,kg/d,,04/30/2021
PR0020494,001,00310,"BOD, 5-day, 20 deg. C",17,Q2,AVG,Quantity2,kg/d,17,kg/d,105.59,kg/d,,04/30/2021
PR0020494,001,00310,"BOD, 5-day, 20 deg. C",7,C3,AVG,Concentration3,mg/L,7,mg/L,45,mg/L,,04/30/2021
PR0020494,001,00310,"BOD, 5-day, 20 deg. C",5,C2,AVG,Concentration2,mg/L,5,mg/L,22,mg/L,,05/31/2021
PR0020494,001,00310,"BOD, 5-day, 20 deg. C",12,Q1,AVG,Quantity1,kg/d,12,kg/d,51.6956,kg/d,,05/31/2021
PR0020494,001,00310,"BOD, 5-day, 20 deg. C",16,Q2,AVG,Quantity2,kg/d,16,kg/d,105.59,kg/d,,05/31/2021
PR0020494,001,00310,"BOD, 5-day, 20 deg. C",7,C3,AVG,Concentration3,mg/L,7,mg/L,45,mg/L,,05/31/2021
PR0020494,001,00310,"BOD, 5-day, 20 deg. C",35,Q1,AVG,Quantity1,kg/d,35,kg/d,51.6956,kg/d,,06/30/2021
PR0020494,001,00310,"BOD, 5-day, 20 deg. C",13,C2,AVG,Concentration2,mg/L,13,mg/L,22,mg/L,,06/30/2021
PR0020494,001,00310,"BOD, 5-day, 20 deg. C",17,C3,AVG,Concentration3,mg/L,17,mg/L,45,mg/L,,06/30/2021
PR0020494,001,00310,"BOD, 5-day, 20 deg. C",49,Q2,AVG,Quantity2,kg/d,49,kg/d,105.59,kg/d,,06/30/2021
PR0020494,001,00310,"BOD, 5-day, 20 deg. C",113,Q2,AVG,Quantity2,kg/d,113,kg/d,105.59,kg/d,,07/31/2021
PR0020494,001,00310,"BOD, 5-day, 20 deg. C",30,C2,AVG,Concentration2,mg/L,30,mg/L,22,mg/L,,07/31/2021
PR0020494,001,00310,"BOD, 5-day, 20 deg. C",71,Q1,AVG,Quantity1,kg/d,71,kg/d,51.6956,kg/d,,07/31/2021
PR0020494,001,00310,"BOD, 5-day, 20 deg. C",49,C3,AVG,Concentration3,mg/L,49,mg/L,45,mg/L,,07/31/2021
PR0020494,001,00310,"BOD, 5-day, 20 deg. C",2,C3,AVG,Concentration3,mg/L,2,mg/L,45,mg/L,,08/31/2021
PR0020494,001,00310,"BOD, 5-day, 20 deg. C",11,Q2,AVG,Quantity2,kg/d,11,kg/d,105.59,kg/d,,08/31/2021
PR0020494,001,00310,"BOD, 5-day, 20 deg. C",11,Q1,AVG,Quantity1,kg/d,11,kg/d,51.6956,kg/d,,08/31/2021
PR0020494,001,00310,"BOD, 5-day, 20 deg. C",2,C2,AVG,Concentration2,mg/L,2,mg/L,22,mg/L,,08/31/2021
PR0020494,001,00310,"BOD, 5-day, 20 deg. C",19,C2,AVG,Concentration2,mg/L,19,mg/L,22,mg/L,,09/30/2021
PR0020494,001,00310,"BOD, 5-day, 20 deg. C",44,Q1,AVG,Quantity1,kg/d,44,kg/d,51.6956,kg/d,,09/30/2021
PR0020494,001,00310,"BOD, 5-day, 20 deg. C",99,Q2,AVG,Quantity2,kg/d,99,kg/d,105.59,kg/d,,09/30/2021
PR0020494,001,00310,"BOD, 5-day, 20 deg. C",44,C3,AVG,Concentration3,mg/L,44,mg/L,45,mg/L,,09/30/2021
PR0020494,001,00310,"BOD, 5-day, 20 deg. C",7,C3,AVG,Concentration3,mg/L,7,mg/L,45,mg/L,,10/31/2021
PR0020494,001,00310,"BOD, 5-day, 20 deg. C",16,Q2,AVG,Quantity2,kg/d,16,kg/d,105.59,kg/d,,10/31/2021
PR0020494,001,00310,"BOD, 5-day, 20 deg. C",15,Q1,AVG,Quantity1,kg/d,15,kg/d,51.6956,kg/d,,10/31/2021
PR0020494,001,00310,"BOD, 5-day, 20 deg. C",6,C2,AVG,Concentration2,mg/L,6,mg/L,22,mg/L,,10/31/2021
PR0020494,001,00310,"BOD, 5-day, 20 deg. C",17,Q1,AVG,Quantity1,kg/d,17,kg/d,51.6956,kg/d,,11/30/2021
PR0020494,001,00310,"BOD, 5-day, 20 deg. C",6,C2,AVG,Concentration2,mg/L,6,mg/L,22,mg/L,,11/30/2021
PR0020494,001,00310,"BOD, 5-day, 20 deg. C",18,Q2,AVG,Quantity2,kg/d,18,kg/d,105.59,kg/d,,11/30/2021
PR0020494,001,00310,"BOD, 5-day, 20 deg. C",7,C3,AVG,Concentration3,mg/L,7,mg/L,45,mg/L,,11/30/2021
PR0020494,001,00310,"BOD, 5-day, 20 deg. C",17,C3,AVG,Concentration3,mg/L,17,mg/L,45,mg/L,,12/31/2021
PR0020494,001,00310,"BOD, 5-day, 20 deg. C",40,Q2,AVG,Quantity2,kg/d,40,kg/d,105.59,kg/d,,12/31/2021
PR0020494,001,00310,"BOD, 5-day, 20 deg. C",26,Q1,AVG,Quantity1,kg/d,26,kg/d,51.6956,kg/d,,12/31/2021
PR0020494,001,00310,"BOD, 5-day, 20 deg. C",11,C2,AVG,Concentration2,mg/L,11,mg/L,22,mg/L,,12/31/2021
PR0020494,001,00310,"BOD, 5-day, 20 deg. C",36,Q1,AVG,Quantity1,kg/d,36,kg/d,51.6956,kg/d,,01/31/2022
PR0020494,001,00310,"BOD, 5-day, 20 deg. C",7,C2,AVG,Concentration2,mg/L,7,mg/L,22,mg/L,,01/31/2022
PR0020494,001,00310,"BOD, 5-day, 20 deg. C",66,Q2,AVG,Quantity2,kg/d,66,kg/d,105.59,kg/d,,01/31/2022
PR0020494,001,00310,"BOD, 5-day, 20 deg. C",11,C3,AVG,Concentration3,mg/L,11,mg/L,45,mg/L,,01/31/2022
PR0020494,001,00310,"BOD, 5-day, 20 deg. C",6,Q1,AVG,Quantity1,kg/d,6,kg/d,51.6956,kg/d,,02/28/2022
PR0020494,001,00310,"BOD, 5-day, 20 deg. C",6,C3,AVG,Concentration3,mg/L,6,mg/L,45,mg/L,,02/28/2022
PR0020494,001,00310,"BOD, 5-day, 20 deg. C",10,Q2,AVG,Quantity2,kg/d,10,kg/d,105.59,kg/d,,02/28/2022
PR0020494,001,00310,"BOD, 5-day, 20 deg. C",4,C2,AVG,Concentration2,mg/L,4,mg/L,22,mg/L,,02/28/2022
PR0020494,001,00310,"BOD, 5-day, 20 deg. C",10,Q1,AVG,Quantity1,kg/d,10,kg/d,51.6956,kg/d,,03/31/2022
PR0020494,001,00310,"BOD, 5-day, 20 deg. C",6,C2,AVG,Concentration2,mg/L,6,mg/L,22,mg/L,,03/31/2022
PR0020494,001,00310,"BOD, 5-day, 20 deg. C",12,Q2,AVG,Quantity2,kg/d,12,kg/d,105.59,kg/d,,03/31/2022
PR0020494,001,00310,"BOD, 5-day, 20 deg. C",7,C3,AVG,Concentration3,mg/L,7,mg/L,45,mg/L,,03/31/2022
PR0020494,001,00310,"BOD, 5-day, 20 deg. C",5,C3,AVG,Concentration3,mg/L,5,mg/L,45,mg/L,,04/30/2022
PR0020494,001,00310,"BOD, 5-day, 20 deg. C",4,Q2,AVG,Quantity2,kg/d,4,kg/d,105.59,kg/d,,04/30/2022
PR0020494,001,00310,"BOD, 5-day, 20 deg. C",4,C2,AVG,Concentration2,mg/L,4,mg/L,22,mg/L,,04/30/2022
PR0020494,001,00310,"BOD, 5-day, 20 deg. C",4,Q1,AVG,Quantity1,kg/d,4,kg/d,51.6956,kg/d,,04/30/2022
PR0020494,001,00310,"BOD, 5-day, 20 deg. C",8,Q1,AVG,Quantity1,kg/d,8,kg/d,51.6956,kg/d,,05/31/2022
PR0020494,001,00310,"BOD, 5-day, 20 deg. C",4,C2,AVG,Concentration2,mg/L,4,mg/L,22,mg/L,,05/31/2022
PR0020494,001,00310,"BOD, 5-day, 20 deg. C",13,Q2,AVG,Quantity2,kg/d,13,kg/d,105.59,kg/d,,05/31/2022
PR0020494,001,00310,"BOD, 5-day, 20 deg. C",7,C3,AVG,Concentration3,mg/L,7,mg/L,45,mg/L,,05/31/2022
PR0020494,001,00310,"BOD, 5-day, 20 deg. C",4,C2,AVG,Concentration2,mg/L,4,mg/L,22,mg/L,,06/30/2022
PR0020494,001,00310,"BOD, 5-day, 20 deg. C",6,C3,AVG,Concentration3,mg/L,6,mg/L,45,mg/L,,06/30/2022
PR0020494,001,00310,"BOD, 5-day, 20 deg. C",9,Q1,AVG,Quantity1,kg/d,9,kg/d,51.6956,kg/d,,06/30/2022
PR0020494,001,00310,"BOD, 5-day, 20 deg. C",11,Q2,AVG,Quantity2,kg/d,11,kg/d,105.59,kg/d,,06/30/2022
PR0020494,001,00310,"BOD, 5-day, 20 deg. C",3,C2,AVG,Concentration2,mg/L,3,mg/L,22,mg/L,,07/31/2022
PR0020494,001,00310,"BOD, 5-day, 20 deg. C",6,Q1,AVG,Quantity1,kg/d,6,kg/d,51.6956,kg/d,,07/31/2022
PR0020494,001,00310,"BOD, 5-day, 20 deg. C",8,Q2,AVG,Quantity2,kg/d,8,kg/d,105.59,kg/d,,07/31/2022
PR0020494,001,00310,"BOD, 5-day, 20 deg. C",4,C3,AVG,Concentration3,mg/L,4,mg/L,45,mg/L,,07/31/2022
PR0020494,001,00310,"BOD, 5-day, 20 deg. C",11,Q2,AVG,Quantity2,kg/d,11,kg/d,105.59,kg/d,,08/31/2022
PR0020494,001,00310,"BOD, 5-day, 20 deg. C",5,C3,AVG,Concentration3,mg/L,5,mg/L,45,mg/L,,08/31/2022
PR0020494,001,00310,"BOD, 5-day, 20 deg. C",8,Q1,AVG,Quantity1,kg/d,8,kg/d,51.6956,kg/d,,08/31/2022
PR0020494,001,00310,"BOD, 5-day, 20 deg. C",4,C2,AVG,Concentration2,mg/L,4,mg/L,22,mg/L,,08/31/2022
PR0020494,001,00310,"BOD, 5-day, 20 deg. C",6,C2,AVG,Concentration2,mg/L,6,mg/L,22,mg/L,,09/30/2022
PR0020494,001,00310,"BOD, 5-day, 20 deg. C",14,Q1,AVG,Quantity1,kg/d,14,kg/d,51.6956,kg/d,,09/30/2022
PR0020494,001,00310,"BOD, 5-day, 20 deg. C",14,Q2,AVG,Quantity2,kg/d,14,kg/d,105.59,kg/d,,09/30/2022
PR0020494,001,00310,"BOD, 5-day, 20 deg. C",6,C3,AVG,Concentration3,mg/L,6,mg/L,45,mg/L,,09/30/2022
PR0020494,001,00310,"BOD, 5-day, 20 deg. C",4,C3,AVG,Concentration3,mg/L,4,mg/L,45,mg/L,,10/31/2022
PR0020494,001,00310,"BOD, 5-day, 20 deg. C",13,Q2,AVG,Quantity2,kg/d,13,kg/d,105.59,kg/d,,10/31/2022
PR0020494,001,00310,"BOD, 5-day, 20 deg. C",13,Q1,AVG,Quantity1,kg/d,13,kg/d,51.6956,kg/d,,10/31/2022
PR0020494,001,00310,"BOD, 5-day, 20 deg. C",4,C2,AVG,Concentration2,mg/L,4,mg/L,22,mg/L,,10/31/2022
PR0020494,001,00310,"BOD, 5-day, 20 deg. C",64,Q2,AVG,Quantity2,kg/d,64,kg/d,105.59,kg/d,,11/30/2022
PR0020494,001,00310,"BOD, 5-day, 20 deg. C",13,C3,AVG,Concentration3,mg/L,13,mg/L,45,mg/L,,11/30/2022
PR0020494,001,00310,"BOD, 5-day, 20 deg. C",8,C2,AVG,Concentration2,mg/L,8,mg/L,22,mg/L,,11/30/2022
PR0020494,001,00310,"BOD, 5-day, 20 deg. C",36,Q1,AVG,Quantity1,kg/d,36,kg/d,51.6956,kg/d,,11/30/2022
PR0020494,001,00310,"BOD, 5-day, 20 deg. C",11,Q2,AVG,Quantity2,kg/d,11,kg/d,105.59,kg/d,,12/31/2022
PR0020494,001,00310,"BOD, 5-day, 20 deg. C",3,C2,AVG,Concentration2,mg/L,3,mg/L,22,mg/L,,12/31/2022
PR0020494,001,00310,"BOD, 5-day, 20 deg. C",4,C3,AVG,Concentration3,mg/L,4,mg/L,45,mg/L,,12/31/2022
PR0020494,001,00310,"BOD, 5-day, 20 deg. C",8,Q1,AVG,Quantity1,kg/d,8,kg/d,51.6956,kg/d,,12/31/2022
PR0020494,001,00310,"BOD, 5-day, 20 deg. C",9,Q2,AVG,Quantity2,kg/d,9,kg/d,105.59,kg/d,,01/31/2023
PR0020494,001,00310,"BOD, 5-day, 20 deg. C",3,C2,AVG,Concentration2,mg/L,3,mg/L,22,mg/L,,01/31/2023
PR0020494,001,00310,"BOD, 5-day, 20 deg. C",8,Q1,AVG,Quantity1,kg/d,8,kg/d,51.6956,kg/d,,01/31/2023
PR0020494,001,00310,"BOD, 5-day, 20 deg. C",3,C3,AVG,Concentration3,mg/L,3,mg/L,45,mg/L,,01/31/2023
PR0020494,001,00310,"BOD, 5-day, 20 deg. C",8,Q1,AVG,Quantity1,kg/d,8,kg/d,51.6956,kg/d,,02/28/2023
PR0020494,001,00310,"BOD, 5-day, 20 deg. C",3,C2,AVG,Concentration2,mg/L,3,mg/L,22,mg/L,,02/28/2023
PR0020494,001,00310,"BOD, 5-day, 20 deg. C",10,Q2,AVG,Quantity2,kg/d,10,kg/d,105.59,kg/d,,02/28/2023
PR0020494,001,00310,"BOD, 5-day, 20 deg. C",4,C3,AVG,Concentration3,mg/L,4,mg/L,45,mg/L,,02/28/2023
PR0020494,001,00310,"BOD, 5-day, 20 deg. C",4,C2,AVG,Concentration2,mg/L,4,mg/L,22,mg/L,,03/31/2023
PR0020494,001,00310,"BOD, 5-day, 20 deg. C",9,Q1,AVG,Quantity1,kg/d,9,kg/d,51.6956,kg/d,,03/31/2023
PR0020494,001,00310,"BOD, 5-day, 20 deg. C",11,Q2,AVG,Quantity2,kg/d,11,kg/d,105.59,kg/d,,03/31/2023
PR0020494,001,00310,"BOD, 5-day, 20 deg. C",5,C3,AVG,Concentration3,mg/L,5,mg/L,45,mg/L,,03/31/2023
PR0020494,001,00310,"BOD, 5-day, 20 deg. C",5,C3,AVG,Concentration3,mg/L,5,mg/L,45,mg/L,,04/30/2023
PR0020494,001,00310,"BOD, 5-day, 20 deg. C",11,Q2,AVG,Quantity2,kg/d,11,kg/d,105.59,kg/d,,04/30/2023
PR0020494,001,00310,"BOD, 5-day, 20 deg. C",4,C2,AVG,Concentration2,mg/L,4,mg/L,22,mg/L,,04/30/2023
PR0020494,001,00310,"BOD, 5-day, 20 deg. C",8,Q1,AVG,Quantity1,kg/d,8,kg/d,51.6956,kg/d,,04/30/2023
PR0020494,001,00310,"BOD, 5-day, 20 deg. C",20,Q2,AVG,Quantity2,kg/d,20,kg/d,105.59,kg/d,,05/31/2023
PR0020494,001,00310,"BOD, 5-day, 20 deg. C",5,C2,AVG,Concentration2,mg/L,5,mg/L,22,mg/L,,05/31/2023
PR0020494,001,00310,"BOD, 5-day, 20 deg. C",15,Q1,AVG,Quantity1,kg/d,15,kg/d,51.6956,kg/d,,05/31/2023
PR0020494,001,00310,"BOD, 5-day, 20 deg. C",9,C3,AVG,Concentration3,mg/L,9,mg/L,45,mg/L,,05/31/2023
PR0020494,001,00310,"BOD, 5-day, 20 deg. C",6,C2,AVG,Concentration2,mg/L,6,mg/L,22,mg/L,,06/30/2023
PR0020494,001,00310,"BOD, 5-day, 20 deg. C",15,Q1,AVG,Quantity1,kg/d,15,kg/d,51.6956,kg/d,,06/30/2023
PR0020494,001,00310,"BOD, 5-day, 20 deg. C",9,C3,AVG,Concentration3,mg/L,9,mg/L,45,mg/L,,06/30/2023
PR0020494,001,00310,"BOD, 5-day, 20 deg. C",21,Q2,AVG,Quantity2,kg/d,21,kg/d,105.59,kg/d,,06/30/2023
PR0020494,001,00310,"BOD, 5-day, 20 deg. C",3,C3,AVG,Concentration3,mg/L,3,mg/L,45,mg/L,,07/31/2023
PR0020494,001,00310,"BOD, 5-day, 20 deg. C",8,Q2,AVG,Quantity2,kg/d,8,kg/d,105.59,kg/d,,07/31/2023
PR0020494,001,00310,"BOD, 5-day, 20 deg. C",5,Q1,AVG,Quantity1,kg/d,5,kg/d,51.6956,kg/d,,07/31/2023
PR0020494,001,00310,"BOD, 5-day, 20 deg. C",2,C2,AVG,Concentration2,mg/L,2,mg/L,22,mg/L,,07/31/2023
PR0020494,001,00310,"BOD, 5-day, 20 deg. C",13,Q2,AVG,Quantity2,kg/d,13,kg/d,105.59,kg/d,,08/31/2023
PR0020494,001,00310,"BOD, 5-day, 20 deg. C",9,Q1,AVG,Quantity1,kg/d,9,kg/d,51.6956,kg/d,,08/31/2023
PR0020494,001,00310,"BOD, 5-day, 20 deg. C",4,C2,AVG,Concentration2,mg/L,4,mg/L,22,mg/L,,08/31/2023
PR0020494,001,00310,"BOD, 5-day, 20 deg. C",5,C3,AVG,Concentration3,mg/L,5,mg/L,45,mg/L,,08/31/2023
PR0020494,001,00310,"BOD, 5-day, 20 deg. C",4,C3,AVG,Concentration3,mg/L,4,mg/L,45,mg/L,,09/30/2023
PR0020494,001,00310,"BOD, 5-day, 20 deg. C",10,Q2,AVG,Quantity2,kg/d,10,kg/d,105.59,kg/d,,09/30/2023
PR0020494,001,00310,"BOD, 5-day, 20 deg. C",6,Q1,AVG,Quantity1,kg/d,6,kg/d,51.6956,kg/d,,09/30/2023
PR0020494,001,00310,"BOD, 5-day, 20 deg. C",2,C2,AVG,Concentration2,mg/L,2,mg/L,22,mg/L,,09/30/2023
PR0020494,001,00310,"BOD, 5-day, 20 deg. C",5,C2,AVG,Concentration2,mg/L,5,mg/L,22,mg/L,,10/31/2023
PR0020494,001,00310,"BOD, 5-day, 20 deg. C",14,Q1,AVG,Quantity1,kg/d,14,kg/d,51.6956,kg/d,,10/31/2023
PR0020494,001,00310,"BOD, 5-day, 20 deg. C",25,Q2,AVG,Quantity2,kg/d,25,kg/d,105.59,kg/d,,10/31/2023
PR0020494,001,00310,"BOD, 5-day, 20 deg. C",9,C3,AVG,Concentration3,mg/L,9,mg/L,45,mg/L,,10/31/2023
PR0020494,001,00310,"BOD, 5-day, 20 deg. C",2,C3,AVG,Concentration3,mg/L,2,mg/L,45,mg/L,,11/30/2023
PR0020494,001,00310,"BOD, 5-day, 20 deg. C",6,Q2,AVG,Quantity2,kg/d,6,kg/d,105.59,kg/d,,11/30/2023
PR0020494,001,00310,"BOD, 5-day, 20 deg. C",2,C2,AVG,Concentration2,mg/L,2,mg/L,22,mg/L,,11/30/2023
PR0020494,001,00310,"BOD, 5-day, 20 deg. C",6,Q1,AVG,Quantity1,kg/d,6,kg/d,51.6956,kg/d,,11/30/2023
PR0020494,001,00310,"BOD, 5-day, 20 deg. C",12,Q2,AVG,Quantity2,kg/d,12,kg/d,105.59,kg/d,,12/31/2023
PR0020494,001,00310,"BOD, 5-day, 20 deg. C",3,C2,AVG,Concentration2,mg/L,3,mg/L,22,mg/L,,12/31/2023
PR0020494,001,00310,"BOD, 5-day, 20 deg. C",8,Q1,AVG,Quantity1,kg/d,8,kg/d,51.6956,kg/d,,12/31/2023
PR0020494,001,00310,"BOD, 5-day, 20 deg. C",4,C3,AVG,Concentration3,mg/L,4,mg/L,45,mg/L,,12/31/2023
PR0020494,001,00310,"BOD, 5-day, 20 deg. C",4,C2,AVG,Concentration2,mg/L,4,mg/L,22,mg/L,,01/31/2024
PR0020494,001,00310,"BOD, 5-day, 20 deg. C",10,Q1,AVG,Quantity1,kg/d,10,kg/d,51.6956,kg/d,,01/31/2024
PR0020494,001,00310,"BOD, 5-day, 20 deg. C",15,Q2,AVG,Quantity2,kg/d,15,kg/d,105.59,kg/d,,01/31/2024
PR0020494,001,00310,"BOD, 5-day, 20 deg. C",6,C3,AVG,Concentration3,mg/L,6,mg/L,45,mg/L,,01/31/2024
PR0020494,001,00310,"BOD, 5-day, 20 deg. C",5,C3,AVG,Concentration3,mg/L,5,mg/L,45,mg/L,,02/29/2024
PR0020494,001,00310,"BOD, 5-day, 20 deg. C",10,Q1,AVG,Quantity1,kg/d,10,kg/d,51.6956,kg/d,,02/29/2024
PR0020494,001,00310,"BOD, 5-day, 20 deg. C",4,C2,AVG,Concentration2,mg/L,4,mg/L,22,mg/L,,02/29/2024
PR0020494,001,00310,"BOD, 5-day, 20 deg. C",12,Q2,AVG,Quantity2,kg/d,12,kg/d,105.59,kg/d,,02/29/2024
PR0020494,001,00310,"BOD, 5-day, 20 deg. C",6,C2,AVG,Concentration2,mg/L,6,mg/L,22,mg/L,,03/31/2024
PR0020494,001,00310,"BOD, 5-day, 20 deg. C",14,Q1,AVG,Quantity1,kg/d,14,kg/d,51.6956,kg/d,,03/31/2024
PR0020494,001,00310,"BOD, 5-day, 20 deg. C",9,C3,AVG,Concentration3,mg/L,9,mg/L,45,mg/L,,03/31/2024
PR0020494,001,00310,"BOD, 5-day, 20 deg. C",22,Q2,AVG,Quantity2,kg/d,22,kg/d,105.59,kg/d,,03/31/2024
PR0020494,001,00310,"BOD, 5-day, 20 deg. C",6,Q2,AVG,Quantity2,kg/d,6,kg/d,105.59,kg/d,,04/30/2024
PR0020494,001,00310,"BOD, 5-day, 20 deg. C",6,Q1,AVG,Quantity1,kg/d,6,kg/d,51.6956,kg/d,,04/30/2024
PR0020494,001,00310,"BOD, 5-day, 20 deg. C",2,C3,AVG,Concentration3,mg/L,2,mg/L,45,mg/L,,04/30/2024
PR0020494,001,00310,"BOD, 5-day, 20 deg. C",2,C2,AVG,Concentration2,mg/L,2,mg/L,22,mg/L,,04/30/2024
PR0020494,001,00310,"BOD, 5-day, 20 deg. C",5,Q2,AVG,Quantity2,kg/d,5,kg/d,105.59,kg/d,,05/31/2024
PR0020494,001,00310,"BOD, 5-day, 20 deg. C",2,C2,AVG,Concentration2,mg/L,2,mg/L,22,mg/L,,05/31/2024
PR0020494,001,00310,"BOD, 5-day, 20 deg. C",5,Q1,AVG,Quantity1,kg/d,5,kg/d,51.6956,kg/d,,05/31/2024
PR0020494,001,00310,"BOD, 5-day, 20 deg. C",2,C3,AVG,Concentration3,mg/L,2,mg/L,45,mg/L,,05/31/2024
PR0020494,001,00310,"BOD, 5-day, 20 deg. C",5,Q2,AVG,Quantity2,kg/d,5,kg/d,105.59,kg/d,,06/30/2024
PR0020494,001,00310,"BOD, 5-day, 20 deg. C",2,C3,AVG,Concentration3,mg/L,2,mg/L,45,mg/L,,06/30/2024
PR0020494,001,00310,"BOD, 5-day, 20 deg. C",2,C2,AVG,Concentration2,mg/L,2,mg/L,22,mg/L,,06/30/2024
PR0020494,001,00310,"BOD, 5-day, 20 deg. C",4,Q1,AVG,Quantity1,kg/d,4,kg/d,51.6956,kg/d,,06/30/2024
PR0020494,001,00310,"BOD, 5-day, 20 deg. C",27,Q2,AVG,Quantity2,kg/d,27,kg/d,105.59,kg/d,,07/31/2024
PR0020494,001,00310,"BOD, 5-day, 20 deg. C",22,Q1,AVG,Quantity1,kg/d,22,kg/d,51.6956,kg/d,,07/31/2024
PR0020494,001,00310,"BOD, 5-day, 20 deg. C",9,C2,AVG,Concentration2,mg/L,9,mg/L,22,mg/L,,07/31/2024
PR0020494,001,00310,"BOD, 5-day, 20 deg. C",11,C3,AVG,Concentration3,mg/L,11,mg/L,45,mg/L,,07/31/2024
PR0020494,001,00310,"BOD, 5-day, 20 deg. C",15,C3,AVG,Concentration3,mg/L,15,mg/L,45,mg/L,,08/31/2024
PR0020494,001,00310,"BOD, 5-day, 20 deg. C",36,Q2,AVG,Quantity2,kg/d,36,kg/d,105.59,kg/d,,08/31/2024
PR0020494,001,00310,"BOD, 5-day, 20 deg. C",25,Q1,AVG,Quantity1,kg/d,25,kg/d,51.6956,kg/d,,08/31/2024
PR0020494,001,00310,"BOD, 5-day, 20 deg. C",10,C2,AVG,Concentration2,mg/L,10,mg/L,22,mg/L,,08/31/2024
PR0020494,001,00310,"BOD, 5-day, 20 deg. C",30,Q2,AVG,Quantity2,kg/d,30,kg/d,105.59,kg/d,,09/30/2024
PR0020494,001,00310,"BOD, 5-day, 20 deg. C",24,Q1,AVG,Quantity1,kg/d,24,kg/d,51.6956,kg/d,,09/30/2024
PR0020494,001,00310,"BOD, 5-day, 20 deg. C",8,C2,AVG,Concentration2,mg/L,8,mg/L,22,mg/L,,09/30/2024
PR0020494,001,00310,"BOD, 5-day, 20 deg. C",10,C3,AVG,Concentration3,mg/L,10,mg/L,45,mg/L,,09/30/2024
PR0020494,001,00310,"BOD, 5-day, 20 deg. C",12,Q1,AVG,Quantity1,kg/d,12,kg/d,51.6956,kg/d,,10/31/2024
PR0020494,001,00310,"BOD, 5-day, 20 deg. C",4,C2,AVG,Concentration2,mg/L,4,mg/L,22,mg/L,,10/31/2024
PR0020494,001,00310,"BOD, 5-day, 20 deg. C",6,C3,AVG,Concentration3,mg/L,6,mg/L,45,mg/L,,10/31/2024
PR0020494,001,00310,"BOD, 5-day, 20 deg. C",16,Q2,AVG,Quantity2,kg/d,16,kg/d,105.59,kg/d,,10/31/2024
PR0020494,001,00310,"BOD, 5-day, 20 deg. C",17,Q2,AVG,Quantity2,kg/d,17,kg/d,105.59,kg/d,,11/30/2024
PR0020494,001,00310,"BOD, 5-day, 20 deg. C",5,C2,AVG,Concentration2,mg/L,5,mg/L,22,mg/L,,11/30/2024
PR0020494,001,00310,"BOD, 5-day, 20 deg. C",15,Q1,AVG,Quantity1,kg/d,15,kg/d,51.6956,kg/d,,11/30/2024
PR0020494,001,00310,"BOD, 5-day, 20 deg. C",5,C3,AVG,Concentration3,mg/L,5,mg/L,45,mg/L,,11/30/2024
PR0020494,001,00310,"BOD, 5-day, 20 deg. C",14,C3,AVG,Concentration3,mg/L,14,mg/L,45,mg/L,,12/31/2024
PR0020494,001,00310,"BOD, 5-day, 20 deg. C",31,Q1,AVG,Quantity1,kg/d,31,kg/d,51.6956,kg/d,,12/31/2024
PR0020494,001,00310,"BOD, 5-day, 20 deg. C",11,C2,AVG,Concentration2,mg/L,11,mg/L,22,mg/L,,12/31/2024
PR0020494,001,00310,"BOD, 5-day, 20 deg. C",37,Q2,AVG,Quantity2,kg/d,37,kg/d,105.59,kg/d,,12/31/2024
PR0020494,001,00310,"BOD, 5-day, 20 deg. C",14,Q2,AVG,Quantity2,kg/d,14,kg/d,105.59,kg/d,,01/31/2025
PR0020494,001,00310,"BOD, 5-day, 20 deg. C",10,C2,AVG,Concentration2,mg/L,10,mg/L,22,mg/L,,01/31/2025
PR0020494,001,00310,"BOD, 5-day, 20 deg. C",10,C3,AVG,Concentration3,mg/L,10,mg/L,45,mg/L,,01/31/2025
PR0020494,001,00310,"BOD, 5-day, 20 deg. C",12,Q1,AVG,Quantity1,kg/d,12,kg/d,51.6956,kg/d,,01/31/2025
PR0020494,001,00310,"BOD, 5-day, 20 deg. C",10,C2,AVG,Concentration2,mg/L,10,mg/L,22,mg/L,,02/28/2025
PR0020494,001,00310,"BOD, 5-day, 20 deg. C",26,Q1,AVG,Quantity1,kg/d,26,kg/d,51.6956,kg/d,,02/28/2025
PR0020494,001,00310,"BOD, 5-day, 20 deg. C",45,Q2,AVG,Quantity2,kg/d,45,kg/d,105.59,kg/d,,02/28/2025
PR0020494,001,00310,"BOD, 5-day, 20 deg. C",17,C3,AVG,Concentration3,mg/L,17,mg/L,45,mg/L,,02/28/2025
PR0020494,001,00310,"BOD, 5-day, 20 deg. C",9,Q2,AVG,Quantity2,kg/d,9,kg/d,105.59,kg/d,,03/31/2025
PR0020494,001,00310,"BOD, 5-day, 20 deg. C",7,C2,AVG,Concentration2,mg/L,7,mg/L,22,mg/L,,03/31/2025
PR0020494,001,00310,"BOD, 5-day, 20 deg. C",5,Q1,AVG,Quantity1,kg/d,5,kg/d,51.6956,kg/d,,03/31/2025
PR0020494,001,00310,"BOD, 5-day, 20 deg. C",8,C3,AVG,Concentration3,mg/L,8,mg/L,45,mg/L,,03/31/2025
PR0020494,001,00310,"BOD, 5-day, 20 deg. C",37,Q2,AVG,Quantity2,kg/d,37,kg/d,105.59,kg/d,,04/30/2025
PR0020494,001,00310,"BOD, 5-day, 20 deg. C",23,Q1,AVG,Quantity1,kg/d,23,kg/d,51.6956,kg/d,,04/30/2025
PR0020494,001,00310,"BOD, 5-day, 20 deg. C",13,C2,AVG,Concentration2,mg/L,13,mg/L,22,mg/L,,04/30/2025
PR0020494,001,00310,"BOD, 5-day, 20 deg. C",21,C3,AVG,Concentration3,mg/L,21,mg/L,45,mg/L,,04/30/2025
PR0020494,001,00310,"BOD, 5-day, 20 deg. C",2,C3,AVG,Concentration3,mg/L,2,mg/L,45,mg/L,,05/31/2025
PR0020494,001,00310,"BOD, 5-day, 20 deg. C",2,C2,AVG,Concentration2,mg/L,2,mg/L,22,mg/L,,05/31/2025
PR0020494,001,00310,"BOD, 5-day, 20 deg. C",5,Q1,AVG,Quantity1,kg/d,5,kg/d,51.6956,kg/d,,05/31/2025
PR0020494,001,00310,"BOD, 5-day, 20 deg. C",5,Q2,AVG,Quantity2,kg/d,5,kg/d,105.59,kg/d,,05/31/2025
PR0020494,001,00310,"BOD, 5-day, 20 deg. C",15,Q2,AVG,Quantity2,kg/d,15,kg/d,105.59,kg/d,,06/30/2025
PR0020494,001,00310,"BOD, 5-day, 20 deg. C",7,C3,AVG,Concentration3,mg/L,7,mg/L,45,mg/L,,06/30/2025
PR0020494,001,00310,"BOD, 5-day, 20 deg. C",6,C2,AVG,Concentration2,mg/L,6,mg/L,22,mg/L,,06/30/2025
PR0020494,001,00310,"BOD, 5-day, 20 deg. C",14,Q1,AVG,Quantity1,kg/d,14,kg/d,51.6956,kg/d,,06/30/2025
PR0020494,001,00310,"BOD, 5-day, 20 deg. C",3,C2,AVG,Concentration2,mg/L,3,mg/L,22,mg/L,,07/31/2025
PR0020494,001,00310,"BOD, 5-day, 20 deg. C",6,Q1,AVG,Quantity1,kg/d,6,kg/d,51.6956,kg/d,,07/31/2025
PR0020494,001,00310,"BOD, 5-day, 20 deg. C",10,Q2,AVG,Quantity2,kg/d,10,kg/d,105.59,kg/d,,07/31/2025
PR0020494,001,00310,"BOD, 5-day, 20 deg. C",3,C3,AVG,Concentration3,mg/L,3,mg/L,45,mg/L,,07/31/2025
PR0020494,001,00310,"BOD, 5-day, 20 deg. C",214,Q2,AVG,Quantity2,kg/d,214,kg/d,105.59,kg/d,,08/31/2025
PR0020494,001,00310,"BOD, 5-day, 20 deg. C",64,C3,AVG,Concentration3,mg/L,64,mg/L,45,mg/L,,08/31/2025
PR0020494,001,00310,"BOD, 5-day, 20 deg. C",115,Q1,AVG,Quantity1,kg/d,115,kg/d,51.6956,kg/d,,08/31/2025
PR0020494,001,00310,"BOD, 5-day, 20 deg. C",35,C2,AVG,Concentration2,mg/L,35,mg/L,22,mg/L,,08/31/2025
PR0020494,001,00310,"BOD, 5-day, 20 deg. C",78,Q2,AVG,Quantity2,kg/d,78,kg/d,105.59,kg/d,,09/30/2025
PR0020494,001,00310,"BOD, 5-day, 20 deg. C",44,Q1,AVG,Quantity1,kg/d,44,kg/d,51.6956,kg/d,,09/30/2025
PR0020494,001,00310,"BOD, 5-day, 20 deg. C",24,C2,AVG,Concentration2,mg/L,24,mg/L,22,mg/L,,09/30/2025
PR0020494,001,00310,"BOD, 5-day, 20 deg. C",42,C3,AVG,Concentration3,mg/L,42,mg/L,45,mg/L,,09/30/2025
PR0020494,001,00310,"BOD, 5-day, 20 deg. C",14,Q2,AVG,Quantity2,kg/d,14,kg/d,105.59,kg/d,,10/31/2025
PR0020494,001,00310,"BOD, 5-day, 20 deg. C",8,C3,AVG,Concentration3,mg/L,8,mg/L,45,mg/L,,10/31/2025
PR0020494,001,00310,"BOD, 5-day, 20 deg. C",5,C2,AVG,Concentration2,mg/L,5,mg/L,22,mg/L,,10/31/2025
PR0020494,001,00310,"BOD, 5-day, 20 deg. C",9,Q1,AVG,Quantity1,kg/d,9,kg/d,51.6956,kg/d,,10/31/2025
PR0020494,001,00310,"BOD, 5-day, 20 deg. C",27,C2,AVG,Concentration2,mg/L,27,mg/L,22,mg/L,,11/30/2025
PR0020494,001,00310,"BOD, 5-day, 20 deg. C",49,Q1,AVG,Quantity1,kg/d,49,kg/d,51.6956,kg/d,,11/30/2025
PR0020494,001,00310,"BOD, 5-day, 20 deg. C",82,Q2,AVG,Quantity2,kg/d,82,kg/d,105.59,kg/d,,11/30/2025
PR0020494,001,00310,"BOD, 5-day, 20 deg. C",45,C3,AVG,Concentration3,mg/L,45,mg/L,45,mg/L,,11/30/2025
PR0020494,001,00310,"BOD, 5-day, 20 deg. C",35,C3,AVG,Concentration3,mg/L,35,mg/L,45,mg/L,,12/31/2025
PR0020494,001,00310,"BOD, 5-day, 20 deg. C",40,Q1,AVG,Quantity1,kg/d,40,kg/d,51.6956,kg/d,,12/31/2025
PR0020494,001,00310,"BOD, 5-day, 20 deg. C",75,Q2,AVG,Quantity2,kg/d,75,kg/d,105.59,kg/d,,12/31/2025
PR0020494,001,00310,"BOD, 5-day, 20 deg. C",19,C2,AVG,Concentration2,mg/L,19,mg/L,22,mg/L,,12/31/2025
PR0020494,001,00310,"BOD, 5-day, 20 deg. C",25,Q2,AVG,Quantity2,kg/d,25,kg/d,105.59,kg/d,,01/31/2026
PR0020494,001,00310,"BOD, 5-day, 20 deg. C",8,C2,AVG,Concentration2,mg/L,8,mg/L,22,mg/L,,01/31/2026
PR0020494,001,00310,"BOD, 5-day, 20 deg. C",15,Q1,AVG,Quantity1,kg/d,15,kg/d,51.6956,kg/d,,01/31/2026
PR0020494,001,00310,"BOD, 5-day, 20 deg. C",13,C3,AVG,Concentration3,mg/L,13,mg/L,45,mg/L,,01/31/2026
PR0020494,001,00400,pH,6.53,C1,MIN,Concentration1,SU,6.53,SU,6,SU,,01/31/2020
PR0020494,001,00400,pH,7.28,C3,MAX,Concentration3,SU,7.28,SU,9,SU,,01/31/2020
PR0020494,001,00400,pH,7.29,C3,MAX,Concentration3,SU,7.29,SU,9,SU,,02/29/2020
PR0020494,001,00400,pH,6,C1,MIN,Concentration1,SU,6,SU,6,SU,,02/29/2020
PR0020494,001,00400,pH,7.21,C3,MAX,Concentration3,SU,7.21,SU,9,SU,,03/31/2020
PR0020494,001,00400,pH,6.25,C1,MIN,Concentration1,SU,6.25,SU,6,SU,,03/31/2020
PR0020494,001,00400,pH,6.36,C1,MIN,Concentration1,SU,6.36,SU,6,SU,,04/30/2020
PR0020494,001,00400,pH,7.29,C3,MAX,Concentration3,SU,7.29,SU,9,SU,,04/30/2020
PR0020494,001,00400,pH,7.36,C3,MAX,Concentration3,SU,7.36,SU,9,SU,,05/31/2020
PR0020494,001,00400,pH,6.77,C1,MIN,Concentration1,SU,6.77,SU,6,SU,,05/31/2020
PR0020494,001,00400,pH,6.98,C1,MIN,Concentration1,SU,6.98,SU,6,SU,,06/30/2020
PR0020494,001,00400,pH,7.32,C3,MAX,Concentration3,SU,7.32,SU,9,SU,,06/30/2020
PR0020494,001,00400,pH,7.82,C3,MAX,Concentration3,SU,7.82,SU,9,SU,,07/31/2020
PR0020494,001,00400,pH,6.69,C1,MIN,Concentration1,SU,6.69,SU,6,SU,,07/31/2020
PR0020494,001,00400,pH,7.48,C1,MIN,Concentration1,SU,7.48,SU,6,SU,,08/31/2020
PR0020494,001,00400,pH,7.86,C3,MAX,Concentration3,SU,7.86,SU,9,SU,,08/31/2020
PR0020494,001,00400,pH,7.91,C3,MAX,Concentration3,SU,7.91,SU,9,SU,,09/30/2020
PR0020494,001,00400,pH,7.23,C1,MIN,Concentration1,SU,7.23,SU,6,SU,,09/30/2020
PR0020494,001,00400,pH,7.01,C1,MIN,Concentration1,SU,7.01,SU,6,SU,,10/31/2020
PR0020494,001,00400,pH,7.8,C3,MAX,Concentration3,SU,7.8,SU,9,SU,,10/31/2020
PR0020494,001,00400,pH,7.8,C3,MAX,Concentration3,SU,7.8,SU,9,SU,,11/30/2020
PR0020494,001,00400,pH,6.84,C1,MIN,Concentration1,SU,6.84,SU,6,SU,,11/30/2020
PR0020494,001,00400,pH,6.85,C1,MIN,Concentration1,SU,6.85,SU,6,SU,,12/31/2020
PR0020494,001,00400,pH,8.09,C3,MAX,Concentration3,SU,8.09,SU,9,SU,,12/31/2020
PR0020494,001,00400,pH,7.77,C3,MAX,Concentration3,SU,7.77,SU,9,SU,,01/31/2021
PR0020494,001,00400,pH,6.86,C1,MIN,Concentration1,SU,6.86,SU,6,SU,,01/31/2021
PR0020494,001,00400,pH,7.35,C1,MIN,Concentration1,SU,7.35,SU,6,SU,,02/28/2021
PR0020494,001,00400,pH,7.74,C3,MAX,Concentration3,SU,7.74,SU,9,SU,,02/28/2021
PR0020494,001,00400,pH,7.96,C3,MAX,Concentration3,SU,7.96,SU,9,SU,,03/31/2021
PR0020494,001,00400,pH,7.13,C1,MIN,Concentration1,SU,7.13,SU,6,SU,,03/31/2021
PR0020494,001,00400,pH,7.79,C3,MAX,Concentration3,SU,7.79,SU,9,SU,,04/30/2021
PR0020494,001,00400,pH,7.3,C1,MIN,Concentration1,SU,7.3,SU,6,SU,,04/30/2021
PR0020494,001,00400,pH,7.14,C1,MIN,Concentration1,SU,7.14,SU,6,SU,,05/31/2021
PR0020494,001,00400,pH,7.83,C3,MAX,Concentration3,SU,7.83,SU,9,SU,,05/31/2021
PR0020494,001,00400,pH,7.55,C3,MAX,Concentration3,SU,7.55,SU,9,SU,,06/30/2021
PR0020494,001,00400,pH,6.65,C1,MIN,Concentration1,SU,6.65,SU,6,SU,,06/30/2021
PR0020494,001,00400,pH,7.22,C1,MIN,Concentration1,SU,7.22,SU,6,SU,,07/31/2021
PR0020494,001,00400,pH,7.7,C3,MAX,Concentration3,SU,7.7,SU,9,SU,,07/31/2021
PR0020494,001,00400,pH,7.57,C3,MAX,Concentration3,SU,7.57,SU,9,SU,,08/31/2021
PR0020494,001,00400,pH,6.81,C1,MIN,Concentration1,SU,6.81,SU,6,SU,,08/31/2021
PR0020494,001,00400,pH,6.89,C1,MIN,Concentration1,SU,6.89,SU,6,SU,,09/30/2021
PR0020494,001,00400,pH,7.54,C3,MAX,Concentration3,SU,7.54,SU,9,SU,,09/30/2021
PR0020494,001,00400,pH,7.64,C3,MAX,Concentration3,SU,7.64,SU,9,SU,,10/31/2021
PR0020494,001,00400,pH,6.73,C1,MIN,Concentration1,SU,6.73,SU,6,SU,,10/31/2021
PR0020494,001,00400,pH,7,C1,MIN,Concentration1,SU,7,SU,6,SU,,11/30/2021
PR0020494,001,00400,pH,7.68,C3,MAX,Concentration3,SU,7.68,SU,9,SU,,11/30/2021
PR0020494,001,00400,pH,7.71,C3,MAX,Concentration3,SU,7.71,SU,9,SU,,12/31/2021
PR0020494,001,00400,pH,6.96,C1,MIN,Concentration1,SU,6.96,SU,6,SU,,12/31/2021
PR0020494,001,00400,pH,7.2,C1,MIN,Concentration1,SU,7.2,SU,6,SU,,01/31/2022
PR0020494,001,00400,pH,7.82,C3,MAX,Concentration3,SU,7.82,SU,9,SU,,01/31/2022
PR0020494,001,00400,pH,7.66,C3,MAX,Concentration3,SU,7.66,SU,9,SU,,02/28/2022
PR0020494,001,00400,pH,7.21,C1,MIN,Concentration1,SU,7.21,SU,6,SU,,02/28/2022
PR0020494,001,00400,pH,7.78,C3,MAX,Concentration3,SU,7.78,SU,9,SU,,03/31/2022
PR0020494,001,00400,pH,7.55,C1,MIN,Concentration1,SU,7.55,SU,6,SU,,03/31/2022
PR0020494,001,00400,pH,7.65,C3,MAX,Concentration3,SU,7.65,SU,9,SU,,04/30/2022
PR0020494,001,00400,pH,7.18,C1,MIN,Concentration1,SU,7.18,SU,6,SU,,04/30/2022
PR0020494,001,00400,pH,6.97,C1,MIN,Concentration1,SU,6.97,SU,6,SU,,05/31/2022
PR0020494,001,00400,pH,7.65,C3,MAX,Concentration3,SU,7.65,SU,9,SU,,05/31/2022
PR0020494,001,00400,pH,7.69,C3,MAX,Concentration3,SU,7.69,SU,9,SU,,06/30/2022
PR0020494,001,00400,pH,7.46,C1,MIN,Concentration1,SU,7.46,SU,6,SU,,06/30/2022
PR0020494,001,00400,pH,7.48,C1,MIN,Concentration1,SU,7.48,SU,6,SU,,07/31/2022
PR0020494,001,00400,pH,4.68,C3,MAX,Concentration3,SU,4.68,SU,9,SU,,07/31/2022
PR0020494,001,00400,pH,7.3,C3,MAX,Concentration3,SU,7.3,SU,9,SU,,08/31/2022
PR0020494,001,00400,pH,7.57,C1,MIN,Concentration1,SU,7.57,SU,6,SU,,08/31/2022
PR0020494,001,00400,pH,6.96,C3,MAX,Concentration3,SU,6.96,SU,9,SU,,09/30/2022
PR0020494,001,00400,pH,7.9,C1,MIN,Concentration1,SU,7.9,SU,6,SU,,09/30/2022
PR0020494,001,00400,pH,7.39,C1,MIN,Concentration1,SU,7.39,SU,6,SU,,10/31/2022
PR0020494,001,00400,pH,7.63,C3,MAX,Concentration3,SU,7.63,SU,9,SU,,10/31/2022
PR0020494,001,00400,pH,7.64,C3,MAX,Concentration3,SU,7.64,SU,9,SU,,11/30/2022
PR0020494,001,00400,pH,7.42,C1,MIN,Concentration1,SU,7.42,SU,6,SU,,11/30/2022
PR0020494,001,00400,pH,7.71,C3,MAX,Concentration3,SU,7.71,SU,9,SU,,12/31/2022
PR0020494,001,00400,pH,7.29,C1,MIN,Concentration1,SU,7.29,SU,6,SU,,12/31/2022
PR0020494,001,00400,pH,7.41,C1,MIN,Concentration1,SU,7.41,SU,6,SU,,01/31/2023
PR0020494,001,00400,pH,7.73,C3,MAX,Concentration3,SU,7.73,SU,9,SU,,01/31/2023
PR0020494,001,00400,pH,7.63,C3,MAX,Concentration3,SU,7.63,SU,9,SU,,02/28/2023
PR0020494,001,00400,pH,7.46,C1,MIN,Concentration1,SU,7.46,SU,6,SU,,02/28/2023
PR0020494,001,00400,pH,7.04,C1,MIN,Concentration1,SU,7.04,SU,6,SU,,03/31/2023
PR0020494,001,00400,pH,7.72,C3,MAX,Concentration3,SU,7.72,SU,9,SU,,03/31/2023
PR0020494,001,00400,pH,7.72,C3,MAX,Concentration3,SU,7.72,SU,9,SU,,04/30/2023
PR0020494,001,00400,pH,7.02,C1,MIN,Concentration1,SU,7.02,SU,6,SU,,04/30/2023
PR0020494,001,00400,pH,7.32,C1,MIN,Concentration1,SU,7.32,SU,6,SU,,05/31/2023
PR0020494,001,00400,pH,7.62,C3,MAX,Concentration3,SU,7.62,SU,9,SU,,05/31/2023
PR0020494,001,00400,pH,7.68,C3,MAX,Concentration3,SU,7.68,SU,9,SU,,06/30/2023
PR0020494,001,00400,pH,7.36,C1,MIN,Concentration1,SU,7.36,SU,6,SU,,06/30/2023
PR0020494,001,00400,pH,7.59,C3,MAX,Concentration3,SU,7.59,SU,9,SU,,07/31/2023
PR0020494,001,00400,pH,7.22,C1,MIN,Concentration1,SU,7.22,SU,6,SU,,07/31/2023
PR0020494,001,00400,pH,6.95,C1,MIN,Concentration1,SU,6.95,SU,6,SU,,08/31/2023
PR0020494,001,00400,pH,7.73,C3,MAX,Concentration3,SU,7.73,SU,9,SU,,08/31/2023
PR0020494,001,00400,pH,7.05,C1,MIN,Concentration1,SU,7.05,SU,6,SU,,09/30/2023
PR0020494,001,00400,pH,7.65,C3,MAX,Concentration3,SU,7.65,SU,9,SU,,09/30/2023
PR0020494,001,00400,pH,6.83,C1,MIN,Concentration1,SU,6.83,SU,6,SU,,10/31/2023
PR0020494,001,00400,pH,7.49,C3,MAX,Concentration3,SU,7.49,SU,9,SU,,10/31/2023
PR0020494,001,00400,pH,7.07,C1,MIN,Concentration1,SU,7.07,SU,6,SU,,11/30/2023
PR0020494,001,00400,pH,7.62,C3,MAX,Concentration3,SU,7.62,SU,9,SU,,11/30/2023
PR0020494,001,00400,pH,7.1,C1,MIN,Concentration1,SU,7.1,SU,6,SU,,12/31/2023
PR0020494,001,00400,pH,7.71,C3,MAX,Concentration3,SU,7.71,SU,9,SU,,12/31/2023
PR0020494,001,00400,pH,7.13,C1,MIN,Concentration1,SU,7.13,SU,6,SU,,01/31/2024
PR0020494,001,00400,pH,7.65,C3,MAX,Concentration3,SU,7.65,SU,9,SU,,01/31/2024
PR0020494,001,00400,pH,7.58,C3,MAX,Concentration3,SU,7.58,SU,9,SU,,02/29/2024
PR0020494,001,00400,pH,6.77,C1,MIN,Concentration1,SU,6.77,SU,6,SU,,02/29/2024
PR0020494,001,00400,pH,7.26,C1,MIN,Concentration1,SU,7.26,SU,6,SU,,03/31/2024
PR0020494,001,00400,pH,8.03,C3,MAX,Concentration3,SU,8.03,SU,9,SU,,03/31/2024
PR0020494,001,00400,pH,7.3,C1,MIN,Concentration1,SU,7.3,SU,6,SU,,04/30/2024
PR0020494,001,00400,pH,7.77,C3,MAX,Concentration3,SU,7.77,SU,9,SU,,04/30/2024
PR0020494,001,00400,pH,7.36,C1,MIN,Concentration1,SU,7.36,SU,6,SU,,05/31/2024
PR0020494,001,00400,pH,7.8,C3,MAX,Concentration3,SU,7.8,SU,9,SU,,05/31/2024
PR0020494,001,00400,pH,7.78,C3,MAX,Concentration3,SU,7.78,SU,9,SU,,06/30/2024
PR0020494,001,00400,pH,7.05,C1,MIN,Concentration1,SU,7.05,SU,6,SU,,06/30/2024
PR0020494,001,00400,pH,7.82,C3,MAX,Concentration3,SU,7.82,SU,9,SU,,07/31/2024
PR0020494,001,00400,pH,7.38,C1,MIN,Concentration1,SU,7.38,SU,6,SU,,07/31/2024
PR0020494,001,00400,pH,7.68,C3,MAX,Concentration3,SU,7.68,SU,9,SU,,08/31/2024
PR0020494,001,00400,pH,7.2,C1,MIN,Concentration1,SU,7.2,SU,6,SU,,08/31/2024
PR0020494,001,00400,pH,7.1,C1,MIN,Concentration1,SU,7.1,SU,6,SU,,09/30/2024
PR0020494,001,00400,pH,7.68,C3,MAX,Concentration3,SU,7.68,SU,9,SU,,09/30/2024
PR0020494,001,00400,pH,6.91,C1,MIN,Concentration1,SU,6.91,SU,6,SU,,10/31/2024
PR0020494,001,00400,pH,7.47,C3,MAX,Concentration3,SU,7.47,SU,9,SU,,10/31/2024
PR0020494,001,00400,pH,6.56,C1,MIN,Concentration1,SU,6.56,SU,6,SU,,11/30/2024
PR0020494,001,00400,pH,7.42,C3,MAX,Concentration3,SU,7.42,SU,9,SU,,11/30/2024
PR0020494,001,00400,pH,7.38,C3,MAX,Concentration3,SU,7.38,SU,9,SU,,12/31/2024
PR0020494,001,00400,pH,6.39,C1,MIN,Concentration1,SU,6.39,SU,6,SU,,12/31/2024
PR0020494,001,00400,pH,7.26,C3,MAX,Concentration3,SU,7.26,SU,9,SU,,01/31/2025
PR0020494,001,00400,pH,6.52,C1,MIN,Concentration1,SU,6.52,SU,6,SU,,01/31/2025
PR0020494,001,00400,pH,7.58,C3,MAX,Concentration3,SU,7.58,SU,9,SU,,02/28/2025
PR0020494,001,00400,pH,6.56,C1,MIN,Concentration1,SU,6.56,SU,6,SU,,02/28/2025
PR0020494,001,00400,pH,7.41,C3,MAX,Concentration3,SU,7.41,SU,9,SU,,03/31/2025
PR0020494,001,00400,pH,6.69,C1,MIN,Concentration1,SU,6.69,SU,6,SU,,03/31/2025
PR0020494,001,00400,pH,7.67,C3,MAX,Concentration3,SU,7.67,SU,9,SU,,04/30/2025
PR0020494,001,00400,pH,6.36,C1,MIN,Concentration1,SU,6.36,SU,6,SU,,04/30/2025
PR0020494,001,00400,pH,7.29,C3,MAX,Concentration3,SU,7.29,SU,9,SU,,05/31/2025
PR0020494,001,00400,pH,6.31,C1,MIN,Concentration1,SU,6.31,SU,6,SU,,05/31/2025
PR0020494,001,00400,pH,7.57,C3,MAX,Concentration3,SU,7.57,SU,9,SU,,06/30/2025
PR0020494,001,00400,pH,6.41,C1,MIN,Concentration1,SU,6.41,SU,6,SU,,06/30/2025
PR0020494,001,00400,pH,7.83,C3,MAX,Concentration3,SU,7.83,SU,9,SU,,07/31/2025
PR0020494,001,00400,pH,6.95,C1,MIN,Concentration1,SU,6.95,SU,6,SU,,07/31/2025
PR0020494,001,00400,pH,6.59,C3,MAX,Concentration3,SU,6.59,SU,9,SU,,08/31/2025
PR0020494,001,00400,pH,7.55,C1,MIN,Concentration1,SU,7.55,SU,6,SU,,08/31/2025
PR0020494,001,00400,pH,7.71,C3,MAX,Concentration3,SU,7.71,SU,9,SU,,09/30/2025
PR0020494,001,00400,pH,6.46,C1,MIN,Concentration1,SU,6.46,SU,6,SU,,09/30/2025
PR0020494,001,00400,pH,7.51,C3,MAX,Concentration3,SU,7.51,SU,9,SU,,10/31/2025
PR0020494,001,00400,pH,6.44,C1,MIN,Concentration1,SU,6.44,SU,6,SU,,10/31/2025
PR0020494,001,00400,pH,6.68,C1,MIN,Concentration1,SU,6.68,SU,6,SU,,11/30/2025
PR0020494,001,00400,pH,7.42,C3,MAX,Concentration3,SU,7.42,SU,9,SU,,11/30/2025
PR0020494,001,00400,pH,6.2,C1,MIN,Concentration1,SU,6.2,SU,6,SU,,12/31/2025
PR0020494,001,00400,pH,7.59,C3,MAX,Concentration3,SU,7.59,SU,9,SU,,12/31/2025
PR0020494,001,00400,pH,6.11,C1,MIN,Concentration1,SU,6.11,SU,6,SU,,01/31/2026
PR0020494,001,00400,pH,7.54,C3,MAX,Concentration3,SU,7.54,SU,9,SU,,01/31/2026
PR0020494,001,00530,"Solids, total suspended",72,Q1,AVG,Quantity1,kg/d,72,kg/d,70.39,kg/d,,01/31/2020
PR0020494,001,00530,"Solids, total suspended",137,Q2,AVG,Quantity2,kg/d,137,kg/d,105.591,kg/d,,01/31/2020
PR0020494,001,00530,"Solids, total suspended",50,C3,AVG,Concentration3,mg/L,50,mg/L,45,mg/L,,01/31/2020
PR0020494,001,00530,"Solids, total suspended",27,C2,AVG,Concentration2,mg/L,27,mg/L,30,mg/L,,01/31/2020
PR0020494,001,00530,"Solids, total suspended",6,C3,AVG,Concentration3,mg/L,6,mg/L,45,mg/L,,02/29/2020
PR0020494,001,00530,"Solids, total suspended",15,Q2,AVG,Quantity2,kg/d,15,kg/d,105.591,kg/d,,02/29/2020
PR0020494,001,00530,"Solids, total suspended",11,Q1,AVG,Quantity1,kg/d,11,kg/d,70.39,kg/d,,02/29/2020
PR0020494,001,00530,"Solids, total suspended",4,C2,AVG,Concentration2,mg/L,4,mg/L,30,mg/L,,02/29/2020
PR0020494,001,00530,"Solids, total suspended",12,Q1,AVG,Quantity1,kg/d,12,kg/d,70.39,kg/d,,03/31/2020
PR0020494,001,00530,"Solids, total suspended",12,Q2,AVG,Quantity2,kg/d,12,kg/d,105.591,kg/d,,03/31/2020
PR0020494,001,00530,"Solids, total suspended",4,C2,AVG,Concentration2,mg/L,4,mg/L,30,mg/L,,03/31/2020
PR0020494,001,00530,"Solids, total suspended",4,C3,AVG,Concentration3,mg/L,4,mg/L,45,mg/L,,03/31/2020
PR0020494,001,00530,"Solids, total suspended",15,Q1,AVG,Quantity1,kg/d,15,kg/d,70.39,kg/d,,04/30/2020
PR0020494,001,00530,"Solids, total suspended",15,Q2,AVG,Quantity2,kg/d,15,kg/d,105.591,kg/d,,04/30/2020
PR0020494,001,00530,"Solids, total suspended",5,C3,AVG,Concentration3,mg/L,5,mg/L,45,mg/L,,04/30/2020
PR0020494,001,00530,"Solids, total suspended",5,C2,AVG,Concentration2,mg/L,5,mg/L,30,mg/L,,04/30/2020
PR0020494,001,00530,"Solids, total suspended",5,C2,AVG,Concentration2,mg/L,5,mg/L,30,mg/L,,05/31/2020
PR0020494,001,00530,"Solids, total suspended",15,Q1,AVG,Quantity1,kg/d,15,kg/d,70.39,kg/d,,05/31/2020
PR0020494,001,00530,"Solids, total suspended",6,C3,AVG,Concentration3,mg/L,6,mg/L,45,mg/L,,05/31/2020
PR0020494,001,00530,"Solids, total suspended",16,Q2,AVG,Quantity2,kg/d,16,kg/d,105.591,kg/d,,05/31/2020
PR0020494,001,00530,"Solids, total suspended",6,C3,AVG,Concentration3,mg/L,6,mg/L,45,mg/L,,06/30/2020
PR0020494,001,00530,"Solids, total suspended",5,C2,AVG,Concentration2,mg/L,5,mg/L,30,mg/L,,06/30/2020
PR0020494,001,00530,"Solids, total suspended",16,Q2,AVG,Quantity2,kg/d,16,kg/d,105.591,kg/d,,06/30/2020
PR0020494,001,00530,"Solids, total suspended",13,Q1,AVG,Quantity1,kg/d,13,kg/d,70.39,kg/d,,06/30/2020
PR0020494,001,00530,"Solids, total suspended",7,Q1,AVG,Quantity1,kg/d,7,kg/d,70.39,kg/d,,07/31/2020
PR0020494,001,00530,"Solids, total suspended",8,Q2,AVG,Quantity2,kg/d,8,kg/d,105.591,kg/d,,07/31/2020
PR0020494,001,00530,"Solids, total suspended",2.5,C2,AVG,Concentration2,mg/L,2.5,mg/L,30,mg/L,,07/31/2020
PR0020494,001,00530,"Solids, total suspended",2.5,C3,AVG,Concentration3,mg/L,2.5,mg/L,45,mg/L,,07/31/2020
PR0020494,001,00530,"Solids, total suspended",18,Q1,AVG,Quantity1,kg/d,18,kg/d,70.39,kg/d,,08/31/2020
PR0020494,001,00530,"Solids, total suspended",31,Q2,AVG,Quantity2,kg/d,31,kg/d,105.591,kg/d,,08/31/2020
PR0020494,001,00530,"Solids, total suspended",3,C2,AVG,Concentration2,mg/L,3,mg/L,30,mg/L,,08/31/2020
PR0020494,001,00530,"Solids, total suspended",4,C3,AVG,Concentration3,mg/L,4,mg/L,45,mg/L,,08/31/2020
PR0020494,001,00530,"Solids, total suspended",9,Q1,AVG,Quantity1,kg/d,9,kg/d,70.39,kg/d,,09/30/2020
PR0020494,001,00530,"Solids, total suspended",5,C3,AVG,Concentration3,mg/L,5,mg/L,45,mg/L,,09/30/2020
PR0020494,001,00530,"Solids, total suspended",11,Q2,AVG,Quantity2,kg/d,11,kg/d,105.591,kg/d,,09/30/2020
PR0020494,001,00530,"Solids, total suspended",4,C2,AVG,Concentration2,mg/L,4,mg/L,30,mg/L,,09/30/2020
PR0020494,001,00530,"Solids, total suspended",13,Q2,AVG,Quantity2,kg/d,13,kg/d,105.591,kg/d,,10/31/2020
PR0020494,001,00530,"Solids, total suspended",4,C3,AVG,Concentration3,mg/L,4,mg/L,45,mg/L,,10/31/2020
PR0020494,001,00530,"Solids, total suspended",4,C2,AVG,Concentration2,mg/L,4,mg/L,30,mg/L,,10/31/2020
PR0020494,001,00530,"Solids, total suspended",11,Q1,AVG,Quantity1,kg/d,11,kg/d,70.39,kg/d,,10/31/2020
PR0020494,001,00530,"Solids, total suspended",7,C2,AVG,Concentration2,mg/L,7,mg/L,30,mg/L,,11/30/2020
PR0020494,001,00530,"Solids, total suspended",10,C3,AVG,Concentration3,mg/L,10,mg/L,45,mg/L,,11/30/2020
PR0020494,001,00530,"Solids, total suspended",32,Q2,AVG,Quantity2,kg/d,32,kg/d,105.591,kg/d,,11/30/2020
PR0020494,001,00530,"Solids, total suspended",21,Q1,AVG,Quantity1,kg/d,21,kg/d,70.39,kg/d,,11/30/2020
PR0020494,001,00530,"Solids, total suspended",13,Q2,AVG,Quantity2,kg/d,13,kg/d,105.591,kg/d,,12/31/2020
PR0020494,001,00530,"Solids, total suspended",5,C3,AVG,Concentration3,mg/L,5,mg/L,45,mg/L,,12/31/2020
PR0020494,001,00530,"Solids, total suspended",5,C2,AVG,Concentration2,mg/L,5,mg/L,30,mg/L,,12/31/2020
PR0020494,001,00530,"Solids, total suspended",10,Q1,AVG,Quantity1,kg/d,10,kg/d,70.39,kg/d,,12/31/2020
PR0020494,001,00530,"Solids, total suspended",7,C2,AVG,Concentration2,mg/L,7,mg/L,30,mg/L,,01/31/2021
PR0020494,001,00530,"Solids, total suspended",10,C3,AVG,Concentration3,mg/L,10,mg/L,45,mg/L,,01/31/2021
PR0020494,001,00530,"Solids, total suspended",33,Q2,AVG,Quantity2,kg/d,33,kg/d,105.591,kg/d,,01/31/2021
PR0020494,001,00530,"Solids, total suspended",23,Q1,AVG,Quantity1,kg/d,23,kg/d,70.39,kg/d,,01/31/2021
PR0020494,001,00530,"Solids, total suspended",6,C2,AVG,Concentration2,mg/L,6,mg/L,30,mg/L,,02/28/2021
PR0020494,001,00530,"Solids, total suspended",14,Q1,AVG,Quantity1,kg/d,14,kg/d,70.39,kg/d,,02/28/2021
PR0020494,001,00530,"Solids, total suspended",15,Q2,AVG,Quantity2,kg/d,15,kg/d,105.591,kg/d,,02/28/2021
PR0020494,001,00530,"Solids, total suspended",6,C3,AVG,Concentration3,mg/L,6,mg/L,45,mg/L,,02/28/2021
PR0020494,001,00530,"Solids, total suspended",3,C2,AVG,Concentration2,mg/L,3,mg/L,30,mg/L,,03/31/2021
PR0020494,001,00530,"Solids, total suspended",3,C3,AVG,Concentration3,mg/L,3,mg/L,45,mg/L,,03/31/2021
PR0020494,001,00530,"Solids, total suspended",8,Q1,AVG,Quantity1,kg/d,8,kg/d,70.39,kg/d,,03/31/2021
PR0020494,001,00530,"Solids, total suspended",9,Q2,AVG,Quantity2,kg/d,9,kg/d,105.591,kg/d,,03/31/2021
PR0020494,001,00530,"Solids, total suspended",7,Q2,AVG,Quantity2,kg/d,7,kg/d,105.591,kg/d,,04/30/2021
PR0020494,001,00530,"Solids, total suspended",7,Q1,AVG,Quantity1,kg/d,7,kg/d,70.39,kg/d,,04/30/2021
PR0020494,001,00530,"Solids, total suspended",3,C3,AVG,Concentration3,mg/L,3,mg/L,45,mg/L,,04/30/2021
PR0020494,001,00530,"Solids, total suspended",3,C2,AVG,Concentration2,mg/L,3,mg/L,30,mg/L,,04/30/2021
PR0020494,001,00530,"Solids, total suspended",2.5,C2,AVG,Concentration2,mg/L,2.5,mg/L,30,mg/L,,05/31/2021
PR0020494,001,00530,"Solids, total suspended",7,Q1,AVG,Quantity1,kg/d,7,kg/d,70.39,kg/d,,05/31/2021
PR0020494,001,00530,"Solids, total suspended",2.5,C3,AVG,Concentration3,mg/L,2.5,mg/L,45,mg/L,,05/31/2021
PR0020494,001,00530,"Solids, total suspended",8,Q2,AVG,Quantity2,kg/d,8,kg/d,105.591,kg/d,,05/31/2021
PR0020494,001,00530,"Solids, total suspended",21,Q1,AVG,Quantity1,kg/d,21,kg/d,70.39,kg/d,,06/30/2021
PR0020494,001,00530,"Solids, total suspended",8,C2,AVG,Concentration2,mg/L,8,mg/L,30,mg/L,,06/30/2021
PR0020494,001,00530,"Solids, total suspended",13,C3,AVG,Concentration3,mg/L,13,mg/L,45,mg/L,,06/30/2021
PR0020494,001,00530,"Solids, total suspended",37,Q2,AVG,Quantity2,kg/d,37,kg/d,105.591,kg/d,,06/30/2021
PR0020494,001,00530,"Solids, total suspended",98,Q1,AVG,Quantity1,kg/d,98,kg/d,70.39,kg/d,,07/31/2021
PR0020494,001,00530,"Solids, total suspended",42,C2,AVG,Concentration2,mg/L,42,mg/L,30,mg/L,,07/31/2021
PR0020494,001,00530,"Solids, total suspended",81,C3,AVG,Concentration3,mg/L,81,mg/L,45,mg/L,,07/31/2021
PR0020494,001,00530,"Solids, total suspended",187,Q2,AVG,Quantity2,kg/d,187,kg/d,105.591,kg/d,,07/31/2021
PR0020494,001,00530,"Solids, total suspended",21,Q2,AVG,Quantity2,kg/d,21,kg/d,105.591,kg/d,,08/31/2021
PR0020494,001,00530,"Solids, total suspended",4,C3,AVG,Concentration3,mg/L,4,mg/L,45,mg/L,,08/31/2021
PR0020494,001,00530,"Solids, total suspended",3,C2,AVG,Concentration2,mg/L,3,mg/L,30,mg/L,,08/31/2021
PR0020494,001,00530,"Solids, total suspended",16,Q1,AVG,Quantity1,kg/d,16,kg/d,70.39,kg/d,,08/31/2021
PR0020494,001,00530,"Solids, total suspended",69,Q1,AVG,Quantity1,kg/d,69,kg/d,70.39,kg/d,,09/30/2021
PR0020494,001,00530,"Solids, total suspended",193,Q2,AVG,Quantity2,kg/d,193,kg/d,105.591,kg/d,,09/30/2021
PR0020494,001,00530,"Solids, total suspended",31,C2,AVG,Concentration2,mg/L,31,mg/L,30,mg/L,,09/30/2021
PR0020494,001,00530,"Solids, total suspended",86,C3,AVG,Concentration3,mg/L,86,mg/L,45,mg/L,,09/30/2021
PR0020494,001,00530,"Solids, total suspended",9,C3,AVG,Concentration3,mg/L,9,mg/L,45,mg/L,,10/31/2021
PR0020494,001,00530,"Solids, total suspended",22,Q2,AVG,Quantity2,kg/d,22,kg/d,105.591,kg/d,,10/31/2021
PR0020494,001,00530,"Solids, total suspended",15,Q1,AVG,Quantity1,kg/d,15,kg/d,70.39,kg/d,,10/31/2021
PR0020494,001,00530,"Solids, total suspended",6,C2,AVG,Concentration2,mg/L,6,mg/L,30,mg/L,,10/31/2021
PR0020494,001,00530,"Solids, total suspended",8,Q1,AVG,Quantity1,kg/d,8,kg/d,70.39,kg/d,,11/30/2021
PR0020494,001,00530,"Solids, total suspended",10,Q2,AVG,Quantity2,kg/d,10,kg/d,105.591,kg/d,,11/30/2021
PR0020494,001,00530,"Solids, total suspended",4,C3,AVG,Concentration3,mg/L,4,mg/L,45,mg/L,,11/30/2021
PR0020494,001,00530,"Solids, total suspended",3,C2,AVG,Concentration2,mg/L,3,mg/L,30,mg/L,,11/30/2021
PR0020494,001,00530,"Solids, total suspended",27,Q1,AVG,Quantity1,kg/d,27,kg/d,70.39,kg/d,,12/31/2021
PR0020494,001,00530,"Solids, total suspended",42,Q2,AVG,Quantity2,kg/d,42,kg/d,105.591,kg/d,,12/31/2021
PR0020494,001,00530,"Solids, total suspended",18,C3,AVG,Concentration3,mg/L,18,mg/L,45,mg/L,,12/31/2021
PR0020494,001,00530,"Solids, total suspended",11,C2,AVG,Concentration2,mg/L,11,mg/L,30,mg/L,,12/31/2021
PR0020494,001,00530,"Solids, total suspended",27,Q1,AVG,Quantity1,kg/d,27,kg/d,70.39,kg/d,,01/31/2022
PR0020494,001,00530,"Solids, total suspended",51,Q2,AVG,Quantity2,kg/d,51,kg/d,105.591,kg/d,,01/31/2022
PR0020494,001,00530,"Solids, total suspended",8,C3,AVG,Concentration3,mg/L,8,mg/L,45,mg/L,,01/31/2022
PR0020494,001,00530,"Solids, total suspended",5,C2,AVG,Concentration2,mg/L,5,mg/L,30,mg/L,,01/31/2022
PR0020494,001,00530,"Solids, total suspended",3,C2,AVG,Concentration2,mg/L,3,mg/L,30,mg/L,,02/28/2022
PR0020494,001,00530,"Solids, total suspended",4,Q1,AVG,Quantity1,kg/d,4,kg/d,70.39,kg/d,,02/28/2022
PR0020494,001,00530,"Solids, total suspended",3,C3,AVG,Concentration3,mg/L,3,mg/L,45,mg/L,,02/28/2022
PR0020494,001,00530,"Solids, total suspended",5,Q2,AVG,Quantity2,kg/d,5,kg/d,105.591,kg/d,,02/28/2022
PR0020494,001,00530,"Solids, total suspended",6,Q1,AVG,Quantity1,kg/d,6,kg/d,70.39,kg/d,,03/31/2022
PR0020494,001,00530,"Solids, total suspended",7,Q2,AVG,Quantity2,kg/d,7,kg/d,105.591,kg/d,,03/31/2022
PR0020494,001,00530,"Solids, total suspended",3,C2,AVG,Concentration2,mg/L,3,mg/L,30,mg/L,,03/31/2022
PR0020494,001,00530,"Solids, total suspended",4,C3,AVG,Concentration3,mg/L,4,mg/L,45,mg/L,,03/31/2022
PR0020494,001,00530,"Solids, total suspended",5,Q2,AVG,Quantity2,kg/d,5,kg/d,105.591,kg/d,,04/30/2022
PR0020494,001,00530,"Solids, total suspended",3,Q1,AVG,Quantity1,kg/d,3,kg/d,70.39,kg/d,,04/30/2022
PR0020494,001,00530,"Solids, total suspended",2.5,C3,AVG,Concentration3,mg/L,2.5,mg/L,45,mg/L,,04/30/2022
PR0020494,001,00530,"Solids, total suspended",2.5,C2,AVG,Concentration2,mg/L,2.5,mg/L,30,mg/L,,04/30/2022
PR0020494,001,00530,"Solids, total suspended",7,Q1,AVG,Quantity1,kg/d,7,kg/d,70.39,kg/d,,05/31/2022
PR0020494,001,00530,"Solids, total suspended",8,Q2,AVG,Quantity2,kg/d,8,kg/d,105.591,kg/d,,05/31/2022
PR0020494,001,00530,"Solids, total suspended",4,C2,AVG,Concentration2,mg/L,4,mg/L,30,mg/L,,05/31/2022
PR0020494,001,00530,"Solids, total suspended",4,C3,AVG,Concentration3,mg/L,4,mg/L,45,mg/L,,05/31/2022
PR0020494,001,00530,"Solids, total suspended",3,C2,AVG,Concentration2,mg/L,3,mg/L,30,mg/L,,06/30/2022
PR0020494,001,00530,"Solids, total suspended",3,C3,AVG,Concentration3,mg/L,3,mg/L,45,mg/L,,06/30/2022
PR0020494,001,00530,"Solids, total suspended",6,Q2,AVG,Quantity2,kg/d,6,kg/d,105.591,kg/d,,06/30/2022
PR0020494,001,00530,"Solids, total suspended",5,Q1,AVG,Quantity1,kg/d,5,kg/d,70.39,kg/d,,06/30/2022
PR0020494,001,00530,"Solids, total suspended",5,Q1,AVG,Quantity1,kg/d,5,kg/d,70.39,kg/d,,07/31/2022
PR0020494,001,00530,"Solids, total suspended",6,Q2,AVG,Quantity2,kg/d,6,kg/d,105.591,kg/d,,07/31/2022
PR0020494,001,00530,"Solids, total suspended",2.5,C2,AVG,Concentration2,mg/L,2.5,mg/L,30,mg/L,,07/31/2022
PR0020494,001,00530,"Solids, total suspended",2.5,C3,AVG,Concentration3,mg/L,2.5,mg/L,45,mg/L,,07/31/2022
PR0020494,001,00530,"Solids, total suspended",2.5,C3,AVG,Concentration3,mg/L,2.5,mg/L,45,mg/L,,08/31/2022
PR0020494,001,00530,"Solids, total suspended",2.5,C2,AVG,Concentration2,mg/L,2.5,mg/L,30,mg/L,,08/31/2022
PR0020494,001,00530,"Solids, total suspended",6,Q2,AVG,Quantity2,kg/d,6,kg/d,105.591,kg/d,,08/31/2022
PR0020494,001,00530,"Solids, total suspended",5,Q1,AVG,Quantity1,kg/d,5,kg/d,70.39,kg/d,,08/31/2022
PR0020494,001,00530,"Solids, total suspended",7,C2,AVG,Concentration2,mg/L,7,mg/L,30,mg/L,,09/30/2022
PR0020494,001,00530,"Solids, total suspended",11,C3,AVG,Concentration3,mg/L,11,mg/L,45,mg/L,,09/30/2022
PR0020494,001,00530,"Solids, total suspended",27,Q2,AVG,Quantity2,kg/d,27,kg/d,105.591,kg/d,,09/30/2022
PR0020494,001,00530,"Solids, total suspended",17,Q1,AVG,Quantity1,kg/d,17,kg/d,70.39,kg/d,,09/30/2022
PR0020494,001,00530,"Solids, total suspended",4,C3,AVG,Concentration3,mg/L,4,mg/L,45,mg/L,,10/31/2022
PR0020494,001,00530,"Solids, total suspended",4,C2,AVG,Concentration2,mg/L,4,mg/L,30,mg/L,,10/31/2022
PR0020494,001,00530,"Solids, total suspended",12,Q2,AVG,Quantity2,kg/d,12,kg/d,105.591,kg/d,,10/31/2022
PR0020494,001,00530,"Solids, total suspended",12,Q1,AVG,Quantity1,kg/d,12,kg/d,70.39,kg/d,,10/31/2022
PR0020494,001,00530,"Solids, total suspended",94,Q1,AVG,Quantity1,kg/d,94,kg/d,70.39,kg/d,,11/30/2022
PR0020494,001,00530,"Solids, total suspended",19,C2,AVG,Concentration2,mg/L,19,mg/L,30,mg/L,,11/30/2022
PR0020494,001,00530,"Solids, total suspended",36,C3,AVG,Concentration3,mg/L,36,mg/L,45,mg/L,,11/30/2022
PR0020494,001,00530,"Solids, total suspended",179,Q2,AVG,Quantity2,kg/d,179,kg/d,105.591,kg/d,,11/30/2022
PR0020494,001,00530,"Solids, total suspended",8,Q1,AVG,Quantity1,kg/d,8,kg/d,70.39,kg/d,,12/31/2022
PR0020494,001,00530,"Solids, total suspended",8,Q2,AVG,Quantity2,kg/d,8,kg/d,105.591,kg/d,,12/31/2022
PR0020494,001,00530,"Solids, total suspended",3,C2,AVG,Concentration2,mg/L,3,mg/L,30,mg/L,,12/31/2022
PR0020494,001,00530,"Solids, total suspended",3,C3,AVG,Concentration3,mg/L,3,mg/L,45,mg/L,,12/31/2022
PR0020494,001,00530,"Solids, total suspended",4,C3,AVG,Concentration3,mg/L,4,mg/L,45,mg/L,,01/31/2023
PR0020494,001,00530,"Solids, total suspended",3,C2,AVG,Concentration2,mg/L,3,mg/L,30,mg/L,,01/31/2023
PR0020494,001,00530,"Solids, total suspended",12,Q2,AVG,Quantity2,kg/d,12,kg/d,105.591,kg/d,,01/31/2023
PR0020494,001,00530,"Solids, total suspended",9,Q1,AVG,Quantity1,kg/d,9,kg/d,70.39,kg/d,,01/31/2023
PR0020494,001,00530,"Solids, total suspended",6,Q2,AVG,Quantity2,kg/d,6,kg/d,105.591,kg/d,,02/28/2023
PR0020494,001,00530,"Solids, total suspended",2.5,C3,AVG,Concentration3,mg/L,2.5,mg/L,45,mg/L,,02/28/2023
PR0020494,001,00530,"Solids, total suspended",2.5,C2,AVG,Concentration2,mg/L,2.5,mg/L,30,mg/L,,02/28/2023
PR0020494,001,00530,"Solids, total suspended",6,Q1,AVG,Quantity1,kg/d,6,kg/d,70.39,kg/d,,02/28/2023
PR0020494,001,00530,"Solids, total suspended",3,C3,AVG,Concentration3,mg/L,3,mg/L,45,mg/L,,03/31/2023
PR0020494,001,00530,"Solids, total suspended",3,C2,AVG,Concentration2,mg/L,3,mg/L,30,mg/L,,03/31/2023
PR0020494,001,00530,"Solids, total suspended",6,Q2,AVG,Quantity2,kg/d,6,kg/d,105.591,kg/d,,03/31/2023
PR0020494,001,00530,"Solids, total suspended",6,Q1,AVG,Quantity1,kg/d,6,kg/d,70.39,kg/d,,03/31/2023
PR0020494,001,00530,"Solids, total suspended",7,Q1,AVG,Quantity1,kg/d,7,kg/d,70.39,kg/d,,04/30/2023
PR0020494,001,00530,"Solids, total suspended",7,Q2,AVG,Quantity2,kg/d,7,kg/d,105.591,kg/d,,04/30/2023
PR0020494,001,00530,"Solids, total suspended",3,C2,AVG,Concentration2,mg/L,3,mg/L,30,mg/L,,04/30/2023
PR0020494,001,00530,"Solids, total suspended",3,C3,AVG,Concentration3,mg/L,3,mg/L,45,mg/L,,04/30/2023
PR0020494,001,00530,"Solids, total suspended",15,C2,AVG,Concentration2,mg/L,15,mg/L,30,mg/L,,05/31/2023
PR0020494,001,00530,"Solids, total suspended",27,C3,AVG,Concentration3,mg/L,27,mg/L,45,mg/L,,05/31/2023
PR0020494,001,00530,"Solids, total suspended",37,Q1,AVG,Quantity1,kg/d,37,kg/d,70.39,kg/d,,05/31/2023
PR0020494,001,00530,"Solids, total suspended",62,Q2,AVG,Quantity2,kg/d,62,kg/d,105.591,kg/d,,05/31/2023
PR0020494,001,00530,"Solids, total suspended",9,Q2,AVG,Quantity2,kg/d,9,kg/d,105.591,kg/d,,06/30/2023
PR0020494,001,00530,"Solids, total suspended",3,C2,AVG,Concentration2,mg/L,3,mg/L,30,mg/L,,06/30/2023
PR0020494,001,00530,"Solids, total suspended",4,C3,AVG,Concentration3,mg/L,4,mg/L,45,mg/L,,06/30/2023
PR0020494,001,00530,"Solids, total suspended",8,Q1,AVG,Quantity1,kg/d,8,kg/d,70.39,kg/d,,06/30/2023
PR0020494,001,00530,"Solids, total suspended",9,Q1,AVG,Quantity1,kg/d,9,kg/d,70.39,kg/d,,07/31/2023
PR0020494,001,00530,"Solids, total suspended",12,Q2,AVG,Quantity2,kg/d,12,kg/d,105.591,kg/d,,07/31/2023
PR0020494,001,00530,"Solids, total suspended",4,C2,AVG,Concentration2,mg/L,4,mg/L,30,mg/L,,07/31/2023
PR0020494,001,00530,"Solids, total suspended",5,C3,AVG,Concentration3,mg/L,5,mg/L,45,mg/L,,07/31/2023
PR0020494,001,00530,"Solids, total suspended",7,Q2,AVG,Quantity2,kg/d,7,kg/d,105.591,kg/d,,08/31/2023
PR0020494,001,00530,"Solids, total suspended",3,C2,AVG,Concentration2,mg/L,3,mg/L,30,mg/L,,08/31/2023
PR0020494,001,00530,"Solids, total suspended",3,C3,AVG,Concentration3,mg/L,3,mg/L,45,mg/L,,08/31/2023
PR0020494,001,00530,"Solids, total suspended",7,Q1,AVG,Quantity1,kg/d,7,kg/d,70.39,kg/d,,08/31/2023
PR0020494,001,00530,"Solids, total suspended",11,Q2,AVG,Quantity2,kg/d,11,kg/d,105.591,kg/d,,09/30/2023
PR0020494,001,00530,"Solids, total suspended",4,C2,AVG,Concentration2,mg/L,4,mg/L,30,mg/L,,09/30/2023
PR0020494,001,00530,"Solids, total suspended",4,C3,AVG,Concentration3,mg/L,4,mg/L,45,mg/L,,09/30/2023
PR0020494,001,00530,"Solids, total suspended",10,Q1,AVG,Quantity1,kg/d,10,kg/d,70.39,kg/d,,09/30/2023
PR0020494,001,00530,"Solids, total suspended",14,Q1,AVG,Quantity1,kg/d,14,kg/d,70.39,kg/d,,10/31/2023
PR0020494,001,00530,"Solids, total suspended",20,Q2,AVG,Quantity2,kg/d,20,kg/d,105.591,kg/d,,10/31/2023
PR0020494,001,00530,"Solids, total suspended",5,C2,AVG,Concentration2,mg/L,5,mg/L,30,mg/L,,10/31/2023
PR0020494,001,00530,"Solids, total suspended",20,C3,AVG,Concentration3,mg/L,20,mg/L,45,mg/L,,10/31/2023
PR0020494,001,00530,"Solids, total suspended",10,Q2,AVG,Quantity2,kg/d,10,kg/d,105.591,kg/d,,11/30/2023
PR0020494,001,00530,"Solids, total suspended",8,Q1,AVG,Quantity1,kg/d,8,kg/d,70.39,kg/d,,11/30/2023
PR0020494,001,00530,"Solids, total suspended",3,C3,AVG,Concentration3,mg/L,3,mg/L,45,mg/L,,11/30/2023
PR0020494,001,00530,"Solids, total suspended",3,C2,AVG,Concentration2,mg/L,3,mg/L,30,mg/L,,11/30/2023
PR0020494,001,00530,"Solids, total suspended",2.5,C2,AVG,Concentration2,mg/L,2.5,mg/L,30,mg/L,,12/31/2023
PR0020494,001,00530,"Solids, total suspended",7,Q2,AVG,Quantity2,kg/d,7,kg/d,105.591,kg/d,,12/31/2023
PR0020494,001,00530,"Solids, total suspended",7,Q1,AVG,Quantity1,kg/d,7,kg/d,70.39,kg/d,,12/31/2023
PR0020494,001,00530,"Solids, total suspended",2.5,C3,AVG,Concentration3,mg/L,2.5,mg/L,45,mg/L,,12/31/2023
PR0020494,001,00530,"Solids, total suspended",9,Q1,AVG,Quantity1,kg/d,9,kg/d,70.39,kg/d,,01/31/2024
PR0020494,001,00530,"Solids, total suspended",13,Q2,AVG,Quantity2,kg/d,13,kg/d,105.591,kg/d,,01/31/2024
PR0020494,001,00530,"Solids, total suspended",5,C3,AVG,Concentration3,mg/L,5,mg/L,45,mg/L,,01/31/2024
PR0020494,001,00530,"Solids, total suspended",4,C2,AVG,Concentration2,mg/L,4,mg/L,30,mg/L,,01/31/2024
PR0020494,001,00530,"Solids, total suspended",3,C2,AVG,Concentration2,mg/L,3,mg/L,30,mg/L,,02/29/2024
PR0020494,001,00530,"Solids, total suspended",3,C3,AVG,Concentration3,mg/L,3,mg/L,45,mg/L,,02/29/2024
PR0020494,001,00530,"Solids, total suspended",8,Q2,AVG,Quantity2,kg/d,8,kg/d,105.591,kg/d,,02/29/2024
PR0020494,001,00530,"Solids, total suspended",7,Q1,AVG,Quantity1,kg/d,7,kg/d,70.39,kg/d,,02/29/2024
PR0020494,001,00530,"Solids, total suspended",8,C3,AVG,Concentration3,mg/L,8,mg/L,45,mg/L,,03/31/2024
PR0020494,001,00530,"Solids, total suspended",5,C2,AVG,Concentration2,mg/L,5,mg/L,30,mg/L,,03/31/2024
PR0020494,001,00530,"Solids, total suspended",19,Q2,AVG,Quantity2,kg/d,19,kg/d,105.591,kg/d,,03/31/2024
PR0020494,001,00530,"Solids, total suspended",12,Q1,AVG,Quantity1,kg/d,12,kg/d,70.39,kg/d,,03/31/2024
PR0020494,001,00530,"Solids, total suspended",8,Q1,AVG,Quantity1,kg/d,8,kg/d,70.39,kg/d,,04/30/2024
PR0020494,001,00530,"Solids, total suspended",10,Q2,AVG,Quantity2,kg/d,10,kg/d,105.591,kg/d,,04/30/2024
PR0020494,001,00530,"Solids, total suspended",3,C2,AVG,Concentration2,mg/L,3,mg/L,30,mg/L,,04/30/2024
PR0020494,001,00530,"Solids, total suspended",3,C3,AVG,Concentration3,mg/L,3,mg/L,45,mg/L,,04/30/2024
PR0020494,001,00530,"Solids, total suspended",3,C2,AVG,Concentration2,mg/L,3,mg/L,30,mg/L,,05/31/2024
PR0020494,001,00530,"Solids, total suspended",3,C3,AVG,Concentration3,mg/L,3,mg/L,45,mg/L,,05/31/2024
PR0020494,001,00530,"Solids, total suspended",7,Q2,AVG,Quantity2,kg/d,7,kg/d,105.591,kg/d,,05/31/2024
PR0020494,001,00530,"Solids, total suspended",6,Q1,AVG,Quantity1,kg/d,6,kg/d,70.39,kg/d,,05/31/2024
PR0020494,001,00530,"Solids, total suspended",6,Q1,AVG,Quantity1,kg/d,6,kg/d,70.39,kg/d,,06/30/2024
PR0020494,001,00530,"Solids, total suspended",7,Q2,AVG,Quantity2,kg/d,7,kg/d,105.591,kg/d,,06/30/2024
PR0020494,001,00530,"Solids, total suspended",3,C2,AVG,Concentration2,mg/L,3,mg/L,30,mg/L,,06/30/2024
PR0020494,001,00530,"Solids, total suspended",3,C3,AVG,Concentration3,mg/L,3,mg/L,45,mg/L,,06/30/2024
PR0020494,001,00530,"Solids, total suspended",9,C3,AVG,Concentration3,mg/L,9,mg/L,45,mg/L,,07/31/2024
PR0020494,001,00530,"Solids, total suspended",6,C2,AVG,Concentration2,mg/L,6,mg/L,30,mg/L,,07/31/2024
PR0020494,001,00530,"Solids, total suspended",23,Q2,AVG,Quantity2,kg/d,23,kg/d,105.591,kg/d,,07/31/2024
PR0020494,001,00530,"Solids, total suspended",14,Q1,AVG,Quantity1,kg/d,14,kg/d,70.39,kg/d,,07/31/2024
PR0020494,001,00530,"Solids, total suspended",2.5,C2,AVG,Concentration2,mg/L,2.5,mg/L,30,mg/L,,08/31/2024
PR0020494,001,00530,"Solids, total suspended",9,Q2,AVG,Quantity2,kg/d,9,kg/d,105.591,kg/d,,08/31/2024
PR0020494,001,00530,"Solids, total suspended",8,Q1,AVG,Quantity1,kg/d,8,kg/d,70.39,kg/d,,08/31/2024
PR0020494,001,00530,"Solids, total suspended",2.5,C3,AVG,Concentration3,mg/L,2.5,mg/L,45,mg/L,,08/31/2024
PR0020494,001,00530,"Solids, total suspended",11,C2,AVG,Concentration2,mg/L,11,mg/L,30,mg/L,,09/30/2024
PR0020494,001,00530,"Solids, total suspended",33,Q1,AVG,Quantity1,kg/d,33,kg/d,70.39,kg/d,,09/30/2024
PR0020494,001,00530,"Solids, total suspended",20,C3,AVG,Concentration3,mg/L,20,mg/L,45,mg/L,,09/30/2024
PR0020494,001,00530,"Solids, total suspended",58,Q2,AVG,Quantity2,kg/d,58,kg/d,105.591,kg/d,,09/30/2024
PR0020494,001,00530,"Solids, total suspended",8,Q1,AVG,Quantity1,kg/d,8,kg/d,70.39,kg/d,,10/31/2024
PR0020494,001,00530,"Solids, total suspended",9,Q2,AVG,Quantity2,kg/d,9,kg/d,105.591,kg/d,,10/31/2024
PR0020494,001,00530,"Solids, total suspended",3,C3,AVG,Concentration3,mg/L,3,mg/L,45,mg/L,,10/31/2024
PR0020494,001,00530,"Solids, total suspended",3,C2,AVG,Concentration2,mg/L,3,mg/L,30,mg/L,,10/31/2024
PR0020494,001,00530,"Solids, total suspended",4,C3,AVG,Concentration3,mg/L,4,mg/L,45,mg/L,,11/30/2024
PR0020494,001,00530,"Solids, total suspended",3,C2,AVG,Concentration2,mg/L,3,mg/L,30,mg/L,,11/30/2024
PR0020494,001,00530,"Solids, total suspended",9,Q2,AVG,Quantity2,kg/d,9,kg/d,105.591,kg/d,,11/30/2024
PR0020494,001,00530,"Solids, total suspended",9,Q1,AVG,Quantity1,kg/d,9,kg/d,70.39,kg/d,,11/30/2024
PR0020494,001,00530,"Solids, total suspended",23,Q1,AVG,Quantity1,kg/d,23,kg/d,70.39,kg/d,,12/31/2024
PR0020494,001,00530,"Solids, total suspended",26,Q2,AVG,Quantity2,kg/d,26,kg/d,105.591,kg/d,,12/31/2024
PR0020494,001,00530,"Solids, total suspended",8,C2,AVG,Concentration2,mg/L,8,mg/L,30,mg/L,,12/31/2024
PR0020494,001,00530,"Solids, total suspended",10,C3,AVG,Concentration3,mg/L,10,mg/L,45,mg/L,,12/31/2024
PR0020494,001,00530,"Solids, total suspended",3,Q1,AVG,Quantity1,kg/d,3,kg/d,70.39,kg/d,,01/31/2025
PR0020494,001,00530,"Solids, total suspended",3,Q2,AVG,Quantity2,kg/d,3,kg/d,105.591,kg/d,,01/31/2025
PR0020494,001,00530,"Solids, total suspended",2.5,C2,AVG,Concentration2,mg/L,2.5,mg/L,30,mg/L,,01/31/2025
PR0020494,001,00530,"Solids, total suspended",2.5,C3,AVG,Concentration3,mg/L,2.5,mg/L,45,mg/L,,01/31/2025
PR0020494,001,00530,"Solids, total suspended",3,C2,AVG,Concentration2,mg/L,3,mg/L,30,mg/L,,02/28/2025
PR0020494,001,00530,"Solids, total suspended",6,Q1,AVG,Quantity1,kg/d,6,kg/d,70.39,kg/d,,02/28/2025
PR0020494,001,00530,"Solids, total suspended",3,C3,AVG,Concentration3,mg/L,3,mg/L,45,mg/L,,02/28/2025
PR0020494,001,00530,"Solids, total suspended",7,Q2,AVG,Quantity2,kg/d,7,kg/d,105.591,kg/d,,02/28/2025
PR0020494,001,00530,"Solids, total suspended",3,C2,AVG,Concentration2,mg/L,3,mg/L,30,mg/L,,03/31/2025
PR0020494,001,00530,"Solids, total suspended",4,C3,AVG,Concentration3,mg/L,4,mg/L,45,mg/L,,03/31/2025
PR0020494,001,00530,"Solids, total suspended",3,Q1,AVG,Quantity1,kg/d,3,kg/d,70.39,kg/d,,03/31/2025
PR0020494,001,00530,"Solids, total suspended",4,Q2,AVG,Quantity2,kg/d,4,kg/d,105.591,kg/d,,03/31/2025
PR0020494,001,00530,"Solids, total suspended",12,C3,AVG,Concentration3,mg/L,12,mg/L,45,mg/L,,04/30/2025
PR0020494,001,00530,"Solids, total suspended",9,C2,AVG,Concentration2,mg/L,9,mg/L,30,mg/L,,04/30/2025
PR0020494,001,00530,"Solids, total suspended",25,Q2,AVG,Quantity2,kg/d,25,kg/d,105.591,kg/d,,04/30/2025
PR0020494,001,00530,"Solids, total suspended",16,Q1,AVG,Quantity1,kg/d,16,kg/d,70.39,kg/d,,04/30/2025
PR0020494,001,00530,"Solids, total suspended",11,Q1,AVG,Quantity1,kg/d,11,kg/d,70.39,kg/d,,05/31/2025
PR0020494,001,00530,"Solids, total suspended",15,Q2,AVG,Quantity2,kg/d,15,kg/d,105.591,kg/d,,05/31/2025
PR0020494,001,00530,"Solids, total suspended",4,C2,AVG,Concentration2,mg/L,4,mg/L,30,mg/L,,05/31/2025
PR0020494,001,00530,"Solids, total suspended",6,C3,AVG,Concentration3,mg/L,6,mg/L,45,mg/L,,05/31/2025
PR0020494,001,00530,"Solids, total suspended",6,Q1,AVG,Quantity1,kg/d,6,kg/d,70.39,kg/d,,06/30/2025
PR0020494,001,00530,"Solids, total suspended",6,Q2,AVG,Quantity2,kg/d,6,kg/d,105.591,kg/d,,06/30/2025
PR0020494,001,00530,"Solids, total suspended",2.5,C2,AVG,Concentration2,mg/L,2.5,mg/L,30,mg/L,,06/30/2025
PR0020494,001,00530,"Solids, total suspended",2.5,C3,AVG,Concentration3,mg/L,2.5,mg/L,45,mg/L,,06/30/2025
PR0020494,001,00530,"Solids, total suspended",2.5,C2,AVG,Concentration2,mg/L,2.5,mg/L,30,mg/L,,07/31/2025
PR0020494,001,00530,"Solids, total suspended",2.5,C3,AVG,Concentration3,mg/L,2.5,mg/L,45,mg/L,,07/31/2025
PR0020494,001,00530,"Solids, total suspended",8,Q2,AVG,Quantity2,kg/d,8,kg/d,105.591,kg/d,,07/31/2025
PR0020494,001,00530,"Solids, total suspended",5,Q1,AVG,Quantity1,kg/d,5,kg/d,70.39,kg/d,,07/31/2025
PR0020494,001,00530,"Solids, total suspended",42,C3,AVG,Concentration3,mg/L,42,mg/L,45,mg/L,,08/31/2025
PR0020494,001,00530,"Solids, total suspended",130,Q2,AVG,Quantity2,kg/d,130,kg/d,105.591,kg/d,,08/31/2025
PR0020494,001,00530,"Solids, total suspended",108,Q1,AVG,Quantity1,kg/d,108,kg/d,70.39,kg/d,,08/31/2025
PR0020494,001,00530,"Solids, total suspended",34,C2,AVG,Concentration2,mg/L,34,mg/L,30,mg/L,,08/31/2025
PR0020494,001,00530,"Solids, total suspended",5,Q1,AVG,Quantity1,kg/d,5,kg/d,70.39,kg/d,,09/30/2025
PR0020494,001,00530,"Solids, total suspended",3,C3,AVG,Concentration3,mg/L,3,mg/L,45,mg/L,,09/30/2025
PR0020494,001,00530,"Solids, total suspended",3,C2,AVG,Concentration2,mg/L,3,mg/L,30,mg/L,,09/30/2025
PR0020494,001,00530,"Solids, total suspended",5,Q2,AVG,Quantity2,kg/d,5,kg/d,105.591,kg/d,,09/30/2025
PR0020494,001,00530,"Solids, total suspended",5,C2,AVG,Concentration2,mg/L,5,mg/L,30,mg/L,,10/31/2025
PR0020494,001,00530,"Solids, total suspended",7,C3,AVG,Concentration3,mg/L,7,mg/L,45,mg/L,,10/31/2025
PR0020494,001,00530,"Solids, total suspended",14,Q2,AVG,Quantity2,kg/d,14,kg/d,105.591,kg/d,,10/31/2025
PR0020494,001,00530,"Solids, total suspended",9,Q1,AVG,Quantity1,kg/d,9,kg/d,70.39,kg/d,,10/31/2025
PR0020494,001,00530,"Solids, total suspended",51,Q2,AVG,Quantity2,kg/d,51,kg/d,105.591,kg/d,,11/30/2025
PR0020494,001,00530,"Solids, total suspended",31,Q1,AVG,Quantity1,kg/d,31,kg/d,70.39,kg/d,,11/30/2025
PR0020494,001,00530,"Solids, total suspended",17,C2,AVG,Concentration2,mg/L,17,mg/L,30,mg/L,,11/30/2025
PR0020494,001,00530,"Solids, total suspended",28,C3,AVG,Concentration3,mg/L,28,mg/L,45,mg/L,,11/30/2025
PR0020494,001,00530,"Solids, total suspended",27,Q2,AVG,Quantity2,kg/d,27,kg/d,105.591,kg/d,,12/31/2025
PR0020494,001,00530,"Solids, total suspended",13,Q1,AVG,Quantity1,kg/d,13,kg/d,70.39,kg/d,,12/31/2025
PR0020494,001,00530,"Solids, total suspended",7,C2,AVG,Concentration2,mg/L,7,mg/L,30,mg/L,,12/31/2025
PR0020494,001,00530,"Solids, total suspended",16,C3,AVG,Concentration3,mg/L,16,mg/L,45,mg/L,,12/31/2025
PR0020494,001,00530,"Solids, total suspended",9,Q1,AVG,Quantity1,kg/d,9,kg/d,70.39,kg/d,,01/31/2026
PR0020494,001,00530,"Solids, total suspended",12,Q2,AVG,Quantity2,kg/d,12,kg/d,105.591,kg/d,,01/31/2026
PR0020494,001,00530,"Solids, total suspended",6,C3,AVG,Concentration3,mg/L,6,mg/L,45,mg/L,,01/31/2026
PR0020494,001,00530,"Solids, total suspended",5,C2,AVG,Concentration2,mg/L,5,mg/L,30,mg/L,,01/31/2026
PR0020494,001,00545,"Solids, settleable",3,C3,MAX,Concentration3,mL/L,.003,mg/L,,mL/L,,01/31/2020
PR0020494,001,00545,"Solids, settleable",0,C3,MAX,Concentration3,mL/L,0,mg/L,,mL/L,,02/29/2020
PR0020494,001,00545,"Solids, settleable",1,C3,MAX,Concentration3,mL/L,.001,mg/L,,mL/L,,03/31/2020
PR0020494,001,00545,"Solids, settleable",0,C3,MAX,Concentration3,mL/L,0,mg/L,,mL/L,,04/30/2020
PR0020494,001,00545,"Solids, settleable",0,C3,MAX,Concentration3,mL/L,0,mg/L,,mL/L,,05/31/2020
PR0020494,001,00545,"Solids, settleable",0,C3,MAX,Concentration3,mL/L,0,mg/L,,mL/L,,06/30/2020
PR0020494,001,00545,"Solids, settleable",0,C3,MAX,Concentration3,mL/L,0,mg/L,,mL/L,,07/31/2020
PR0020494,001,00545,"Solids, settleable",0,C3,MAX,Concentration3,mL/L,0,mg/L,,mL/L,,08/31/2020
PR0020494,001,00545,"Solids, settleable",0,C3,MAX,Concentration3,mL/L,0,mg/L,,mL/L,,09/30/2020
PR0020494,001,00545,"Solids, settleable",0,C3,MAX,Concentration3,mL/L,0,mg/L,,mL/L,,10/31/2020
PR0020494,001,00545,"Solids, settleable",0,C3,MAX,Concentration3,mL/L,0,mg/L,,mL/L,,11/30/2020
PR0020494,001,00545,"Solids, settleable",0,C3,MAX,Concentration3,mL/L,0,mg/L,,mL/L,,12/31/2020
PR0020494,001,00545,"Solids, settleable",NA,C3,MAX,Concentration3,,,mg/L,,mL/L,B,01/31/2021
PR0020494,001,00545,"Solids, settleable",0,C3,MAX,Concentration3,mL/L,0,mg/L,,mL/L,,02/28/2021
PR0020494,001,00545,"Solids, settleable",NA,C3,MAX,Concentration3,,,mg/L,,mL/L,B,03/31/2021
PR0020494,001,00545,"Solids, settleable",0,C3,MAX,Concentration3,mL/L,0,mg/L,,mL/L,,04/30/2021
PR0020494,001,00545,"Solids, settleable",0,C3,MAX,Concentration3,mL/L,0,mg/L,,mL/L,,05/31/2021
PR0020494,001,00545,"Solids, settleable",0,C3,MAX,Concentration3,mL/L,0,mg/L,,mL/L,,06/30/2021
PR0020494,001,00545,"Solids, settleable",0,C3,MAX,Concentration3,mL/L,0,mg/L,,mL/L,,07/31/2021
PR0020494,001,00545,"Solids, settleable",0,C3,MAX,Concentration3,mL/L,0,mg/L,,mL/L,,08/31/2021
PR0020494,001,00545,"Solids, settleable",0,C3,MAX,Concentration3,mL/L,0,mg/L,,mL/L,,09/30/2021
PR0020494,001,00545,"Solids, settleable",0,C3,MAX,Concentration3,mL/L,0,mg/L,,mL/L,,10/31/2021
PR0020494,001,00545,"Solids, settleable",0,C3,MAX,Concentration3,mL/L,0,mg/L,,mL/L,,11/30/2021
PR0020494,001,00545,"Solids, settleable",0,C3,MAX,Concentration3,mL/L,0,mg/L,,mL/L,,12/31/2021
PR0020494,001,00545,"Solids, settleable",1,C3,MAX,Concentration3,mL/L,.001,mg/L,,mL/L,,01/31/2022
PR0020494,001,00545,"Solids, settleable",0,C3,MAX,Concentration3,mL/L,0,mg/L,,mL/L,,02/28/2022
PR0020494,001,00545,"Solids, settleable",0,C3,MAX,Concentration3,mL/L,0,mg/L,,mL/L,,03/31/2022
PR0020494,001,00545,"Solids, settleable",0,C3,MAX,Concentration3,mL/L,0,mg/L,,mL/L,,04/30/2022
PR0020494,001,00545,"Solids, settleable",0,C3,MAX,Concentration3,mL/L,0,mg/L,,mL/L,,05/31/2022
PR0020494,001,00545,"Solids, settleable",0,C3,MAX,Concentration3,mL/L,0,mg/L,,mL/L,,06/30/2022
PR0020494,001,00545,"Solids, settleable",0,C3,MAX,Concentration3,mL/L,0,mg/L,,mL/L,,07/31/2022
PR0020494,001,00545,"Solids, settleable",0,C3,MAX,Concentration3,mL/L,0,mg/L,,mL/L,,08/31/2022
PR0020494,001,00545,"Solids, settleable",0,C3,MAX,Concentration3,mL/L,0,mg/L,,mL/L,,09/30/2022
PR0020494,001,00545,"Solids, settleable",0,C3,MAX,Concentration3,mL/L,0,mg/L,,mL/L,,10/31/2022
PR0020494,001,00545,"Solids, settleable",1,C3,MAX,Concentration3,mL/L,.001,mg/L,,mL/L,,11/30/2022
PR0020494,001,00545,"Solids, settleable",0,C3,MAX,Concentration3,mL/L,0,mg/L,,mL/L,,12/31/2022
PR0020494,001,00545,"Solids, settleable",0,C3,MAX,Concentration3,mL/L,0,mg/L,,mL/L,,01/31/2023
PR0020494,001,00545,"Solids, settleable",0,C3,MAX,Concentration3,mL/L,0,mg/L,,mL/L,,02/28/2023
PR0020494,001,00545,"Solids, settleable",0,C3,MAX,Concentration3,mL/L,0,mg/L,,mL/L,,03/31/2023
PR0020494,001,00545,"Solids, settleable",0,C3,MAX,Concentration3,mL/L,0,mg/L,,mL/L,,04/30/2023
PR0020494,001,00545,"Solids, settleable",0,C3,MAX,Concentration3,mL/L,0,mg/L,,mL/L,,05/31/2023
PR0020494,001,00545,"Solids, settleable",1,C3,MAX,Concentration3,mL/L,.001,mg/L,,mL/L,,06/30/2023
PR0020494,001,00545,"Solids, settleable",1,C3,MAX,Concentration3,mL/L,.001,mg/L,,mL/L,,07/31/2023
PR0020494,001,00545,"Solids, settleable",0,C3,MAX,Concentration3,mL/L,0,mg/L,,mL/L,,08/31/2023
PR0020494,001,00545,"Solids, settleable",0,C3,MAX,Concentration3,mL/L,0,mg/L,,mL/L,,09/30/2023
PR0020494,001,00545,"Solids, settleable",2,C3,MAX,Concentration3,mL/L,.002,mg/L,,mL/L,,10/31/2023
PR0020494,001,00545,"Solids, settleable",0,C3,MAX,Concentration3,mL/L,0,mg/L,,mL/L,,11/30/2023
PR0020494,001,00545,"Solids, settleable",3,C3,MAX,Concentration3,mL/L,.003,mg/L,,mL/L,,12/31/2023
PR0020494,001,00545,"Solids, settleable",3,C3,MAX,Concentration3,mL/L,.003,mg/L,,mL/L,,01/31/2024
PR0020494,001,00545,"Solids, settleable",5,C3,MAX,Concentration3,mL/L,.005,mg/L,,mL/L,,02/29/2024
PR0020494,001,00545,"Solids, settleable",1,C3,MAX,Concentration3,mL/L,.001,mg/L,,mL/L,,03/31/2024
PR0020494,001,00545,"Solids, settleable",0,C3,MAX,Concentration3,mL/L,0,mg/L,,mL/L,,04/30/2024
PR0020494,001,00545,"Solids, settleable",1,C3,MAX,Concentration3,mL/L,.001,mg/L,,mL/L,,05/31/2024
PR0020494,001,00545,"Solids, settleable",0,C3,MAX,Concentration3,mL/L,0,mg/L,,mL/L,,06/30/2024
PR0020494,001,00545,"Solids, settleable",0,C3,MAX,Concentration3,mL/L,0,mg/L,,mL/L,,07/31/2024
PR0020494,001,00545,"Solids, settleable",0,C3,MAX,Concentration3,mL/L,0,mg/L,,mL/L,,08/31/2024
PR0020494,001,00545,"Solids, settleable",2,C3,MAX,Concentration3,mL/L,.002,mg/L,,mL/L,,09/30/2024
PR0020494,001,00545,"Solids, settleable",0,C3,MAX,Concentration3,mL/L,0,mg/L,,mL/L,,10/31/2024
PR0020494,001,00545,"Solids, settleable",1,C3,MAX,Concentration3,mL/L,.001,mg/L,,mL/L,,11/30/2024
PR0020494,001,00545,"Solids, settleable",0,C3,MAX,Concentration3,mL/L,0,mg/L,,mL/L,,12/31/2024
PR0020494,001,00545,"Solids, settleable",0,C3,MAX,Concentration3,mL/L,0,mg/L,,mL/L,,01/31/2025
PR0020494,001,00545,"Solids, settleable",0,C3,MAX,Concentration3,mL/L,0,mg/L,,mL/L,,02/28/2025
PR0020494,001,00545,"Solids, settleable",0,C3,MAX,Concentration3,mL/L,0,mg/L,,mL/L,,03/31/2025
PR0020494,001,00545,"Solids, settleable",3,C3,MAX,Concentration3,mL/L,.003,mg/L,,mL/L,,04/30/2025
PR0020494,001,00545,"Solids, settleable",0,C3,MAX,Concentration3,mL/L,0,mg/L,,mL/L,,05/31/2025
PR0020494,001,00545,"Solids, settleable",0,C3,MAX,Concentration3,mL/L,0,mg/L,,mL/L,,06/30/2025
PR0020494,001,00545,"Solids, settleable",0,C3,MAX,Concentration3,mL/L,0,mg/L,,mL/L,,07/31/2025
PR0020494,001,00545,"Solids, settleable",0,C3,MAX,Concentration3,mL/L,0,mg/L,,mL/L,,08/31/2025
PR0020494,001,00545,"Solids, settleable",10,C3,MAX,Concentration3,mL/L,.01,mg/L,,mL/L,,09/30/2025
PR0020494,001,00545,"Solids, settleable",5,C3,MAX,Concentration3,mL/L,.005,mg/L,,mL/L,,10/31/2025
PR0020494,001,00545,"Solids, settleable",1,C3,MAX,Concentration3,mL/L,.001,mg/L,,mL/L,,11/30/2025
PR0020494,001,00545,"Solids, settleable",0,C3,MAX,Concentration3,mL/L,0,mg/L,,mL/L,,12/31/2025
PR0020494,001,00545,"Solids, settleable",0,C3,MAX,Concentration3,mL/L,0,mg/L,,mL/L,,01/31/2026
PR0020494,001,00556,Oil & Grease,4.6,C3,MAX,Concentration3,mg/L,4.6,mg/L,,mg/L,,01/31/2020
PR0020494,001,00556,Oil & Grease,1.4,C3,MAX,Concentration3,mg/L,1.4,mg/L,,mg/L,,02/29/2020
PR0020494,001,00556,Oil & Grease,2.3,C3,MAX,Concentration3,mg/L,2.3,mg/L,,mg/L,,03/31/2020
PR0020494,001,00556,Oil & Grease,2.3,C3,MAX,Concentration3,mg/L,2.3,mg/L,,mg/L,,04/30/2020
PR0020494,001,00556,Oil & Grease,1.6,C3,MAX,Concentration3,mg/L,1.6,mg/L,,mg/L,,05/31/2020
PR0020494,001,00556,Oil & Grease,1.4,C3,MAX,Concentration3,mg/L,1.4,mg/L,,mg/L,,06/30/2020
PR0020494,001,00556,Oil & Grease,1.7,C3,MAX,Concentration3,mg/L,1.7,mg/L,,mg/L,,07/31/2020
PR0020494,001,00556,Oil & Grease,1.7,C3,MAX,Concentration3,mg/L,1.7,mg/L,,mg/L,,08/31/2020
PR0020494,001,00556,Oil & Grease,2.9,C3,MAX,Concentration3,mg/L,2.9,mg/L,,mg/L,,09/30/2020
PR0020494,001,00556,Oil & Grease,1.9,C3,MAX,Concentration3,mg/L,1.9,mg/L,,mg/L,,10/31/2020
PR0020494,001,00556,Oil & Grease,1.4,C3,MAX,Concentration3,mg/L,1.4,mg/L,,mg/L,,11/30/2020
PR0020494,001,00556,Oil & Grease,1.9,C3,MAX,Concentration3,mg/L,1.9,mg/L,,mg/L,,12/31/2020
PR0020494,001,00556,Oil & Grease,1.6,C3,MAX,Concentration3,mg/L,1.6,mg/L,,mg/L,,01/31/2021
PR0020494,001,00556,Oil & Grease,1.9,C3,MAX,Concentration3,mg/L,1.9,mg/L,,mg/L,,02/28/2021
PR0020494,001,00556,Oil & Grease,2.6,C3,MAX,Concentration3,mg/L,2.6,mg/L,,mg/L,,03/31/2021
PR0020494,001,00556,Oil & Grease,1.8,C3,MAX,Concentration3,mg/L,1.8,mg/L,,mg/L,,04/30/2021
PR0020494,001,00556,Oil & Grease,1.6,C3,MAX,Concentration3,mg/L,1.6,mg/L,,mg/L,,05/31/2021
PR0020494,001,00556,Oil & Grease,2.9,C3,MAX,Concentration3,mg/L,2.9,mg/L,,mg/L,,06/30/2021
PR0020494,001,00556,Oil & Grease,1.5,C3,MAX,Concentration3,mg/L,1.5,mg/L,,mg/L,,07/31/2021
PR0020494,001,00556,Oil & Grease,1.4,C3,MAX,Concentration3,mg/L,1.4,mg/L,,mg/L,,08/31/2021
PR0020494,001,00556,Oil & Grease,1.4,C3,MAX,Concentration3,mg/L,1.4,mg/L,,mg/L,,09/30/2021
PR0020494,001,00556,Oil & Grease,2,C3,MAX,Concentration3,mg/L,2,mg/L,,mg/L,,10/31/2021
PR0020494,001,00556,Oil & Grease,1.9,C3,MAX,Concentration3,mg/L,1.9,mg/L,,mg/L,,11/30/2021
PR0020494,001,00556,Oil & Grease,3.3,C3,MAX,Concentration3,mg/L,3.3,mg/L,,mg/L,,12/31/2021
PR0020494,001,00556,Oil & Grease,1.8,C3,MAX,Concentration3,mg/L,1.8,mg/L,,mg/L,,01/31/2022
PR0020494,001,00556,Oil & Grease,1.6,C3,MAX,Concentration3,mg/L,1.6,mg/L,,mg/L,,02/28/2022
PR0020494,001,00556,Oil & Grease,3.2,C3,MAX,Concentration3,mg/L,3.2,mg/L,,mg/L,,03/31/2022
PR0020494,001,00556,Oil & Grease,1.4,C3,MAX,Concentration3,mg/L,1.4,mg/L,,mg/L,,04/30/2022
PR0020494,001,00556,Oil & Grease,1.4,C3,MAX,Concentration3,mg/L,1.4,mg/L,,mg/L,,05/31/2022
PR0020494,001,00556,Oil & Grease,1.5,C3,MAX,Concentration3,mg/L,1.5,mg/L,,mg/L,,06/30/2022
PR0020494,001,00556,Oil & Grease,2.3,C3,MAX,Concentration3,mg/L,2.3,mg/L,,mg/L,,07/31/2022
PR0020494,001,00556,Oil & Grease,4.1,C3,MAX,Concentration3,mg/L,4.1,mg/L,,mg/L,,08/31/2022
PR0020494,001,00556,Oil & Grease,1.8,C3,MAX,Concentration3,mg/L,1.8,mg/L,,mg/L,,09/30/2022
PR0020494,001,00556,Oil & Grease,1.6,C3,MAX,Concentration3,mg/L,1.6,mg/L,,mg/L,,10/31/2022
PR0020494,001,00556,Oil & Grease,1.6,C3,MAX,Concentration3,mg/L,1.6,mg/L,,mg/L,,11/30/2022
PR0020494,001,00556,Oil & Grease,2.7,C3,MAX,Concentration3,mg/L,2.7,mg/L,,mg/L,,12/31/2022
PR0020494,001,00556,Oil & Grease,2.4,C3,MAX,Concentration3,mg/L,2.4,mg/L,,mg/L,,01/31/2023
PR0020494,001,00556,Oil & Grease,1.5,C3,MAX,Concentration3,mg/L,1.5,mg/L,,mg/L,,02/28/2023
PR0020494,001,00556,Oil & Grease,2,C3,MAX,Concentration3,mg/L,2,mg/L,,mg/L,,03/31/2023
PR0020494,001,00556,Oil & Grease,1.8,C3,MAX,Concentration3,mg/L,1.8,mg/L,,mg/L,,04/30/2023
PR0020494,001,00556,Oil & Grease,1.4,C3,MAX,Concentration3,mg/L,1.4,mg/L,,mg/L,,05/31/2023
PR0020494,001,00556,Oil & Grease,1.6,C3,MAX,Concentration3,mg/L,1.6,mg/L,,mg/L,,06/30/2023
PR0020494,001,00556,Oil & Grease,2.2,C3,MAX,Concentration3,mg/L,2.2,mg/L,,mg/L,,07/31/2023
PR0020494,001,00556,Oil & Grease,1.4,C3,MAX,Concentration3,mg/L,1.4,mg/L,,mg/L,,08/31/2023
PR0020494,001,00556,Oil & Grease,2.2,C3,MAX,Concentration3,mg/L,2.2,mg/L,,mg/L,,09/30/2023
PR0020494,001,00556,Oil & Grease,1.7,C3,MAX,Concentration3,mg/L,1.7,mg/L,,mg/L,,10/31/2023
PR0020494,001,00556,Oil & Grease,1.8,C3,MAX,Concentration3,mg/L,1.8,mg/L,,mg/L,,11/30/2023
PR0020494,001,00556,Oil & Grease,1.8,C3,MAX,Concentration3,mg/L,1.8,mg/L,,mg/L,,12/31/2023
PR0020494,001,00556,Oil & Grease,2,C3,MAX,Concentration3,mg/L,2,mg/L,,mg/L,,01/31/2024
PR0020494,001,00556,Oil & Grease,1.8,C3,MAX,Concentration3,mg/L,1.8,mg/L,,mg/L,,02/29/2024
PR0020494,001,00556,Oil & Grease,2,C3,MAX,Concentration3,mg/L,2,mg/L,,mg/L,,03/31/2024
PR0020494,001,00556,Oil & Grease,1.5,C3,MAX,Concentration3,mg/L,1.5,mg/L,,mg/L,,04/30/2024
PR0020494,001,00556,Oil & Grease,1.4,C3,MAX,Concentration3,mg/L,1.4,mg/L,,mg/L,,05/31/2024
PR0020494,001,00556,Oil & Grease,1.5,C3,MAX,Concentration3,mg/L,1.5,mg/L,,mg/L,,06/30/2024
PR0020494,001,00556,Oil & Grease,1.5,C3,MAX,Concentration3,mg/L,1.5,mg/L,,mg/L,,07/31/2024
PR0020494,001,00556,Oil & Grease,1.5,C3,MAX,Concentration3,mg/L,1.5,mg/L,,mg/L,,08/31/2024
PR0020494,001,00556,Oil & Grease,1.6,C3,MAX,Concentration3,mg/L,1.6,mg/L,,mg/L,,09/30/2024
PR0020494,001,00556,Oil & Grease,1.9,C3,MAX,Concentration3,mg/L,1.9,mg/L,,mg/L,,10/31/2024
PR0020494,001,00556,Oil & Grease,2.5,C3,MAX,Concentration3,mg/L,2.5,mg/L,,mg/L,,11/30/2024
PR0020494,001,00556,Oil & Grease,2.7,C3,MAX,Concentration3,mg/L,2.7,mg/L,,mg/L,,12/31/2024
PR0020494,001,00556,Oil & Grease,1.9,C3,MAX,Concentration3,mg/L,1.9,mg/L,,mg/L,,01/31/2025
PR0020494,001,00556,Oil & Grease,1.6,C3,MAX,Concentration3,mg/L,1.6,mg/L,,mg/L,,02/28/2025
PR0020494,001,00556,Oil & Grease,1.5,C3,MAX,Concentration3,mg/L,1.5,mg/L,,mg/L,,03/31/2025
PR0020494,001,00556,Oil & Grease,1.8,C3,MAX,Concentration3,mg/L,1.8,mg/L,,mg/L,,04/30/2025
PR0020494,001,00556,Oil & Grease,1.5,C3,MAX,Concentration3,mg/L,1.5,mg/L,,mg/L,,05/31/2025
PR0020494,001,00556,Oil & Grease,1.4,C3,MAX,Concentration3,mg/L,1.4,mg/L,,mg/L,,06/30/2025
PR0020494,001,00556,Oil & Grease,2.2,C3,MAX,Concentration3,mg/L,2.2,mg/L,,mg/L,,07/31/2025
PR0020494,001,00556,Oil & Grease,2.1,C3,MAX,Concentration3,mg/L,2.1,mg/L,,mg/L,,08/31/2025
PR0020494,001,00556,Oil & Grease,1.5,C3,MAX,Concentration3,mg/L,1.5,mg/L,,mg/L,,09/30/2025
PR0020494,001,00556,Oil & Grease,1.6,C3,MAX,Concentration3,mg/L,1.6,mg/L,,mg/L,,10/31/2025
PR0020494,001,00556,Oil & Grease,2,C3,MAX,Concentration3,mg/L,2,mg/L,,mg/L,,11/30/2025
PR0020494,001,00556,Oil & Grease,1.9,C3,MAX,Concentration3,mg/L,1.9,mg/L,,mg/L,,12/31/2025
PR0020494,001,00556,Oil & Grease,1.4,C3,MAX,Concentration3,mg/L,1.4,mg/L,,mg/L,,01/31/2026
PR0020494,001,00600,"Nitrogen, total [as N]",42120,C3,MAX,Concentration3,ug/L,42.120002,mg/L,,ug/L,,01/31/2020
PR0020494,001,00600,"Nitrogen, total [as N]",12680,C3,MAX,Concentration3,ug/L,12.6800006,mg/L,,ug/L,,02/29/2020
PR0020494,001,00600,"Nitrogen, total [as N]",6980,C3,MAX,Concentration3,ug/L,6.98000033,mg/L,,ug/L,,03/31/2020
PR0020494,001,00600,"Nitrogen, total [as N]",4030,C3,MAX,Concentration3,ug/L,4.03000019,mg/L,,ug/L,,04/30/2020
PR0020494,001,00600,"Nitrogen, total [as N]",5160,C3,MAX,Concentration3,ug/L,5.16000025,mg/L,,ug/L,,05/31/2020
PR0020494,001,00600,"Nitrogen, total [as N]",4840,C3,MAX,Concentration3,ug/L,4.84000023,mg/L,,ug/L,,06/30/2020
PR0020494,001,00600,"Nitrogen, total [as N]",4660,C3,MAX,Concentration3,ug/L,4.66000022,mg/L,,ug/L,,07/31/2020
PR0020494,001,00600,"Nitrogen, total [as N]",3750,C3,MAX,Concentration3,ug/L,3.75000018,mg/L,,ug/L,,08/31/2020
PR0020494,001,00600,"Nitrogen, total [as N]",7740,C3,MAX,Concentration3,ug/L,7.74000037,mg/L,,ug/L,,09/30/2020
PR0020494,001,00600,"Nitrogen, total [as N]",6680,C3,MAX,Concentration3,ug/L,6.68000032,mg/L,,ug/L,,10/31/2020
PR0020494,001,00600,"Nitrogen, total [as N]",6540,C3,MAX,Concentration3,ug/L,6.54000031,mg/L,,ug/L,,11/30/2020
PR0020494,001,00600,"Nitrogen, total [as N]",8820,C3,MAX,Concentration3,ug/L,8.82000042,mg/L,,ug/L,,12/31/2020
PR0020494,001,00600,"Nitrogen, total [as N]",6480,C3,MAX,Concentration3,ug/L,6.48000031,mg/L,,ug/L,,01/31/2021
PR0020494,001,00600,"Nitrogen, total [as N]",4140,C3,MAX,Concentration3,ug/L,4.1400002,mg/L,,ug/L,,02/28/2021
PR0020494,001,00600,"Nitrogen, total [as N]",6750,C3,MAX,Concentration3,ug/L,6.75000032,mg/L,,ug/L,,03/31/2021
PR0020494,001,00600,"Nitrogen, total [as N]",7700,C3,MAX,Concentration3,ug/L,7.70000037,mg/L,,ug/L,,04/30/2021
PR0020494,001,00600,"Nitrogen, total [as N]",7010,C3,MAX,Concentration3,ug/L,7.01000033,mg/L,,ug/L,,05/31/2021
PR0020494,001,00600,"Nitrogen, total [as N]",4970,C3,MAX,Concentration3,ug/L,4.97000024,mg/L,,ug/L,,06/30/2021
PR0020494,001,00600,"Nitrogen, total [as N]",3570,C3,MAX,Concentration3,ug/L,3.57000017,mg/L,,ug/L,,07/31/2021
PR0020494,001,00600,"Nitrogen, total [as N]",4210,C3,MAX,Concentration3,ug/L,4.2100002,mg/L,,ug/L,,08/31/2021
PR0020494,001,00600,"Nitrogen, total [as N]",19810,C3,MAX,Concentration3,ug/L,19.81000094,mg/L,,ug/L,,09/30/2021
PR0020494,001,00600,"Nitrogen, total [as N]",5690,C3,MAX,Concentration3,ug/L,5.69000027,mg/L,,ug/L,,10/31/2021
PR0020494,001,00600,"Nitrogen, total [as N]",4730,C3,MAX,Concentration3,ug/L,4.73000022,mg/L,,ug/L,,11/30/2021
PR0020494,001,00600,"Nitrogen, total [as N]",6690,C3,MAX,Concentration3,ug/L,6.69000032,mg/L,,ug/L,,12/31/2021
PR0020494,001,00600,"Nitrogen, total [as N]",4360,C3,MAX,Concentration3,ug/L,4.36000021,mg/L,,ug/L,,01/31/2022
PR0020494,001,00600,"Nitrogen, total [as N]",5540,C3,MAX,Concentration3,ug/L,5.54000026,mg/L,,ug/L,,02/28/2022
PR0020494,001,00600,"Nitrogen, total [as N]",5490,C3,MAX,Concentration3,ug/L,5.49000026,mg/L,,ug/L,,03/31/2022
PR0020494,001,00600,"Nitrogen, total [as N]",6190,C3,MAX,Concentration3,ug/L,6.19000029,mg/L,,ug/L,,04/30/2022
PR0020494,001,00600,"Nitrogen, total [as N]",7460,C3,MAX,Concentration3,ug/L,7.46000035,mg/L,,ug/L,,05/31/2022
PR0020494,001,00600,"Nitrogen, total [as N]",5260,C3,MAX,Concentration3,ug/L,5.26000025,mg/L,,ug/L,,06/30/2022
PR0020494,001,00600,"Nitrogen, total [as N]",7120,C3,MAX,Concentration3,ug/L,7.12000034,mg/L,,ug/L,,07/31/2022
PR0020494,001,00600,"Nitrogen, total [as N]",2280,C3,MAX,Concentration3,ug/L,2.28000011,mg/L,,ug/L,,08/31/2022
PR0020494,001,00600,"Nitrogen, total [as N]",5710,C3,MAX,Concentration3,ug/L,5.71000027,mg/L,,ug/L,,09/30/2022
PR0020494,001,00600,"Nitrogen, total [as N]",8990,C3,MAX,Concentration3,ug/L,8.99000043,mg/L,,ug/L,,10/31/2022
PR0020494,001,00600,"Nitrogen, total [as N]",6140,C3,MAX,Concentration3,ug/L,6.14000029,mg/L,,ug/L,,11/30/2022
PR0020494,001,00600,"Nitrogen, total [as N]",6270,C3,MAX,Concentration3,ug/L,6.2700003,mg/L,,ug/L,,12/31/2022
PR0020494,001,00600,"Nitrogen, total [as N]",7830,C3,MAX,Concentration3,ug/L,7.83000037,mg/L,,ug/L,,01/31/2023
PR0020494,001,00600,"Nitrogen, total [as N]",3550,C3,MAX,Concentration3,ug/L,3.55000017,mg/L,,ug/L,,02/28/2023
PR0020494,001,00600,"Nitrogen, total [as N]",1650,C3,MAX,Concentration3,ug/L,1.65000008,mg/L,,ug/L,,03/31/2023
PR0020494,001,00600,"Nitrogen, total [as N]",8800,C3,MAX,Concentration3,ug/L,8.80000042,mg/L,,ug/L,,04/30/2023
PR0020494,001,00600,"Nitrogen, total [as N]",5710,C3,MAX,Concentration3,ug/L,5.71000027,mg/L,,ug/L,,05/31/2023
PR0020494,001,00600,"Nitrogen, total [as N]",5790,C3,MAX,Concentration3,ug/L,5.79000028,mg/L,,ug/L,,06/30/2023
PR0020494,001,00600,"Nitrogen, total [as N]",7110,C3,MAX,Concentration3,ug/L,7.11000034,mg/L,,ug/L,,07/31/2023
PR0020494,001,00600,"Nitrogen, total [as N]",10010,C3,MAX,Concentration3,ug/L,10.01000048,mg/L,,ug/L,,08/31/2023
PR0020494,001,00600,"Nitrogen, total [as N]",4000,C3,MAX,Concentration3,ug/L,4.00000019,mg/L,,ug/L,,09/30/2023
PR0020494,001,00600,"Nitrogen, total [as N]",8090,C3,MAX,Concentration3,ug/L,8.09000038,mg/L,,ug/L,,10/31/2023
PR0020494,001,00600,"Nitrogen, total [as N]",3350,C3,MAX,Concentration3,ug/L,3.35000016,mg/L,,ug/L,,11/30/2023
PR0020494,001,00600,"Nitrogen, total [as N]",3510,C3,MAX,Concentration3,ug/L,3.51000017,mg/L,,ug/L,,12/31/2023
PR0020494,001,00600,"Nitrogen, total [as N]",7010,C3,MAX,Concentration3,ug/L,7.01000033,mg/L,,ug/L,,01/31/2024
PR0020494,001,00600,"Nitrogen, total [as N]",4880,C3,MAX,Concentration3,ug/L,4.88000023,mg/L,,ug/L,,02/29/2024
PR0020494,001,00600,"Nitrogen, total [as N]",3640,C3,MAX,Concentration3,ug/L,3.64000017,mg/L,,ug/L,,03/31/2024
PR0020494,001,00600,"Nitrogen, total [as N]",4260,C3,MAX,Concentration3,ug/L,4.2600002,mg/L,,ug/L,,04/30/2024
PR0020494,001,00600,"Nitrogen, total [as N]",5350,C3,MAX,Concentration3,ug/L,5.35000025,mg/L,,ug/L,,05/31/2024
PR0020494,001,00600,"Nitrogen, total [as N]",5070,C3,MAX,Concentration3,ug/L,5.07000024,mg/L,,ug/L,,06/30/2024
PR0020494,001,00600,"Nitrogen, total [as N]",4710,C3,MAX,Concentration3,ug/L,4.71000022,mg/L,,ug/L,,07/31/2024
PR0020494,001,00600,"Nitrogen, total [as N]",9120,C3,MAX,Concentration3,ug/L,9.12000043,mg/L,,ug/L,,08/31/2024
PR0020494,001,00600,"Nitrogen, total [as N]",5780,C3,MAX,Concentration3,ug/L,5.78000027,mg/L,,ug/L,,09/30/2024
PR0020494,001,00600,"Nitrogen, total [as N]",7170,C3,MAX,Concentration3,ug/L,7.17000034,mg/L,,ug/L,,10/31/2024
PR0020494,001,00600,"Nitrogen, total [as N]",6580,C3,MAX,Concentration3,ug/L,6.58000031,mg/L,,ug/L,,11/30/2024
PR0020494,001,00600,"Nitrogen, total [as N]",9690,C3,MAX,Concentration3,ug/L,9.69000046,mg/L,,ug/L,,12/31/2024
PR0020494,001,00600,"Nitrogen, total [as N]",9440,C3,MAX,Concentration3,ug/L,9.44000045,mg/L,,ug/L,,01/31/2025
PR0020494,001,00600,"Nitrogen, total [as N]",9960,C3,MAX,Concentration3,ug/L,9.96000047,mg/L,,ug/L,,02/28/2025
PR0020494,001,00600,"Nitrogen, total [as N]",7430,C3,MAX,Concentration3,ug/L,7.43000035,mg/L,,ug/L,,03/31/2025
PR0020494,001,00600,"Nitrogen, total [as N]",7170,C3,MAX,Concentration3,ug/L,7.17000034,mg/L,,ug/L,,04/30/2025
PR0020494,001,00600,"Nitrogen, total [as N]",6760,C3,MAX,Concentration3,ug/L,6.76000032,mg/L,,ug/L,,05/31/2025
PR0020494,001,00600,"Nitrogen, total [as N]",4420,C3,MAX,Concentration3,ug/L,4.42000021,mg/L,,ug/L,,06/30/2025
PR0020494,001,00600,"Nitrogen, total [as N]",3870,C3,MAX,Concentration3,ug/L,3.87000018,mg/L,,ug/L,,07/31/2025
PR0020494,001,00600,"Nitrogen, total [as N]",7170,C3,MAX,Concentration3,ug/L,7.17000034,mg/L,,ug/L,,08/31/2025
PR0020494,001,00600,"Nitrogen, total [as N]",5800,C3,MAX,Concentration3,ug/L,5.80000028,mg/L,,ug/L,,09/30/2025
PR0020494,001,00600,"Nitrogen, total [as N]",16300,C3,MAX,Concentration3,ug/L,16.30000077,mg/L,,ug/L,,10/31/2025
PR0020494,001,00600,"Nitrogen, total [as N]",15100,C3,MAX,Concentration3,ug/L,15.10000072,mg/L,,ug/L,,11/30/2025
PR0020494,001,00600,"Nitrogen, total [as N]",14020,C3,MAX,Concentration3,ug/L,14.02000067,mg/L,,ug/L,,12/31/2025
PR0020494,001,00600,"Nitrogen, total [as N]",9780,C3,MAX,Concentration3,ug/L,9.78000046,mg/L,,ug/L,,01/31/2026
PR0020494,001,00665,"Phosphorus, total [as P]",1690,C3,MAX,Concentration3,ug/L,1.69000008,mg/L,5.77,mg/L,,01/31/2020
PR0020494,001,00665,"Phosphorus, total [as P]",1330,C3,MAX,Concentration3,ug/L,1.33000006,mg/L,5.77,mg/L,,02/29/2020
PR0020494,001,00665,"Phosphorus, total [as P]",2150,C3,MAX,Concentration3,ug/L,2.1500001,mg/L,5.77,mg/L,,03/31/2020
PR0020494,001,00665,"Phosphorus, total [as P]",930,C3,MAX,Concentration3,ug/L,.93000004,mg/L,5.77,mg/L,,04/30/2020
PR0020494,001,00665,"Phosphorus, total [as P]",850,C3,MAX,Concentration3,ug/L,.85000004,mg/L,5.77,mg/L,,05/31/2020
PR0020494,001,00665,"Phosphorus, total [as P]",870,C3,MAX,Concentration3,ug/L,.87000004,mg/L,5.77,mg/L,,06/30/2020
PR0020494,001,00665,"Phosphorus, total [as P]",72,C3,MAX,Concentration3,ug/L,.072,mg/L,5.77,mg/L,,07/31/2020
PR0020494,001,00665,"Phosphorus, total [as P]",72,C3,MAX,Concentration3,ug/L,.072,mg/L,5.77,mg/L,,08/31/2020
PR0020494,001,00665,"Phosphorus, total [as P]",630,C3,MAX,Concentration3,ug/L,.63000003,mg/L,5.77,mg/L,,09/30/2020
PR0020494,001,00665,"Phosphorus, total [as P]",260,C3,MAX,Concentration3,ug/L,.26000001,mg/L,5.77,mg/L,,10/31/2020
PR0020494,001,00665,"Phosphorus, total [as P]",1270,C3,MAX,Concentration3,ug/L,1.27000006,mg/L,5.77,mg/L,,11/30/2020
PR0020494,001,00665,"Phosphorus, total [as P]",470,C3,MAX,Concentration3,ug/L,.47000002,mg/L,5.77,mg/L,,12/31/2020
PR0020494,001,00665,"Phosphorus, total [as P]",1700,C3,MAX,Concentration3,ug/L,1.70000008,mg/L,5.77,mg/L,,01/31/2021
PR0020494,001,00665,"Phosphorus, total [as P]",72,C3,MAX,Concentration3,ug/L,.072,mg/L,5.77,mg/L,,02/28/2021
PR0020494,001,00665,"Phosphorus, total [as P]",160,C3,MAX,Concentration3,ug/L,.16000001,mg/L,5.77,mg/L,,03/31/2021
PR0020494,001,00665,"Phosphorus, total [as P]",200,C3,MAX,Concentration3,ug/L,.20000001,mg/L,5.77,mg/L,,04/30/2021
PR0020494,001,00665,"Phosphorus, total [as P]",72,C3,MAX,Concentration3,ug/L,.072,mg/L,5.77,mg/L,,05/31/2021
PR0020494,001,00665,"Phosphorus, total [as P]",170,C3,MAX,Concentration3,ug/L,.17000001,mg/L,5.77,mg/L,,06/30/2021
PR0020494,001,00665,"Phosphorus, total [as P]",100,C3,MAX,Concentration3,ug/L,.1,mg/L,5.77,mg/L,,07/31/2021
PR0020494,001,00665,"Phosphorus, total [as P]",620,C3,MAX,Concentration3,ug/L,.62000003,mg/L,5.77,mg/L,,08/31/2021
PR0020494,001,00665,"Phosphorus, total [as P]",6720,C3,MAX,Concentration3,ug/L,6.72000032,mg/L,5.77,mg/L,,09/30/2021
PR0020494,001,00665,"Phosphorus, total [as P]",72,C3,MAX,Concentration3,ug/L,.072,mg/L,5.77,mg/L,,10/31/2021
PR0020494,001,00665,"Phosphorus, total [as P]",320,C3,MAX,Concentration3,ug/L,.32000002,mg/L,5.77,mg/L,,11/30/2021
PR0020494,001,00665,"Phosphorus, total [as P]",2170,C3,MAX,Concentration3,ug/L,2.1700001,mg/L,5.77,mg/L,,12/31/2021
PR0020494,001,00665,"Phosphorus, total [as P]",1650,C3,MAX,Concentration3,ug/L,1.65000008,mg/L,5.77,mg/L,,01/31/2022
PR0020494,001,00665,"Phosphorus, total [as P]",1780,C3,MAX,Concentration3,ug/L,1.78000008,mg/L,5.77,mg/L,,02/28/2022
PR0020494,001,00665,"Phosphorus, total [as P]",1030,C3,MAX,Concentration3,ug/L,1.03000005,mg/L,5.77,mg/L,,03/31/2022
PR0020494,001,00665,"Phosphorus, total [as P]",1260,C3,MAX,Concentration3,ug/L,1.26000006,mg/L,5.77,mg/L,,04/30/2022
PR0020494,001,00665,"Phosphorus, total [as P]",1760,C3,MAX,Concentration3,ug/L,1.76000008,mg/L,5.77,mg/L,,05/31/2022
PR0020494,001,00665,"Phosphorus, total [as P]",810,C3,MAX,Concentration3,ug/L,.81000004,mg/L,5.77,mg/L,,06/30/2022
PR0020494,001,00665,"Phosphorus, total [as P]",1700,C3,MAX,Concentration3,ug/L,1.70000008,mg/L,5.77,mg/L,,07/31/2022
PR0020494,001,00665,"Phosphorus, total [as P]",830,C3,MAX,Concentration3,ug/L,.83000004,mg/L,5.77,mg/L,,08/31/2022
PR0020494,001,00665,"Phosphorus, total [as P]",380,C3,MAX,Concentration3,ug/L,.38000002,mg/L,5.77,mg/L,,09/30/2022
PR0020494,001,00665,"Phosphorus, total [as P]",72,C3,MAX,Concentration3,ug/L,.072,mg/L,5.77,mg/L,,10/31/2022
PR0020494,001,00665,"Phosphorus, total [as P]",150,C3,MAX,Concentration3,ug/L,.15000001,mg/L,5.77,mg/L,,11/30/2022
PR0020494,001,00665,"Phosphorus, total [as P]",1120,C3,MAX,Concentration3,ug/L,1.12000005,mg/L,5.77,mg/L,,12/31/2022
PR0020494,001,00665,"Phosphorus, total [as P]",190,C3,MAX,Concentration3,ug/L,.19000001,mg/L,5.77,mg/L,,01/31/2023
PR0020494,001,00665,"Phosphorus, total [as P]",270,C3,MAX,Concentration3,ug/L,.27000001,mg/L,5.77,mg/L,,02/28/2023
PR0020494,001,00665,"Phosphorus, total [as P]",1780,C3,MAX,Concentration3,ug/L,1.78000008,mg/L,5.77,mg/L,,03/31/2023
PR0020494,001,00665,"Phosphorus, total [as P]",170,C3,MAX,Concentration3,ug/L,.17000001,mg/L,5.77,mg/L,,04/30/2023
PR0020494,001,00665,"Phosphorus, total [as P]",310,C3,MAX,Concentration3,ug/L,.31000001,mg/L,5.77,mg/L,,05/31/2023
PR0020494,001,00665,"Phosphorus, total [as P]",580,C3,MAX,Concentration3,ug/L,.58000003,mg/L,5.77,mg/L,,06/30/2023
PR0020494,001,00665,"Phosphorus, total [as P]",950,C3,MAX,Concentration3,ug/L,.95000005,mg/L,5.77,mg/L,,07/31/2023
PR0020494,001,00665,"Phosphorus, total [as P]",320,C3,MAX,Concentration3,ug/L,.32000002,mg/L,5.77,mg/L,,08/31/2023
PR0020494,001,00665,"Phosphorus, total [as P]",230,C3,MAX,Concentration3,ug/L,.23000001,mg/L,5.77,mg/L,,09/30/2023
PR0020494,001,00665,"Phosphorus, total [as P]",150,C3,MAX,Concentration3,ug/L,.15000001,mg/L,5.77,mg/L,,10/31/2023
PR0020494,001,00665,"Phosphorus, total [as P]",80,C3,MAX,Concentration3,ug/L,.08,mg/L,5.77,mg/L,,11/30/2023
PR0020494,001,00665,"Phosphorus, total [as P]",480,C3,MAX,Concentration3,ug/L,.48000002,mg/L,5.77,mg/L,,12/31/2023
PR0020494,001,00665,"Phosphorus, total [as P]",72,C3,MAX,Concentration3,ug/L,.072,mg/L,5.77,mg/L,,01/31/2024
PR0020494,001,00665,"Phosphorus, total [as P]",470,C3,MAX,Concentration3,ug/L,.47000002,mg/L,5.77,mg/L,,02/29/2024
PR0020494,001,00665,"Phosphorus, total [as P]",2080,C3,MAX,Concentration3,ug/L,2.0800001,mg/L,5.77,mg/L,,03/31/2024
PR0020494,001,00665,"Phosphorus, total [as P]",72,C3,MAX,Concentration3,ug/L,.072,mg/L,5.77,mg/L,,04/30/2024
PR0020494,001,00665,"Phosphorus, total [as P]",0.072,C3,MAX,Concentration3,mg/L,.072,mg/L,5.77,mg/L,,05/31/2024
PR0020494,001,00665,"Phosphorus, total [as P]",0.84,C3,MAX,Concentration3,mg/L,.84,mg/L,5.77,mg/L,,06/30/2024
PR0020494,001,00665,"Phosphorus, total [as P]",0.29,C3,MAX,Concentration3,mg/L,.29,mg/L,5.77,mg/L,,07/31/2024
PR0020494,001,00665,"Phosphorus, total [as P]",0.1,C3,MAX,Concentration3,mg/L,.1,mg/L,5.77,mg/L,,08/31/2024
PR0020494,001,00665,"Phosphorus, total [as P]",0.09,C3,MAX,Concentration3,mg/L,.09,mg/L,5.77,mg/L,,09/30/2024
PR0020494,001,00665,"Phosphorus, total [as P]",0.65,C3,MAX,Concentration3,mg/L,.65,mg/L,5.77,mg/L,,10/31/2024
PR0020494,001,00665,"Phosphorus, total [as P]",0.072,C3,MAX,Concentration3,mg/L,.072,mg/L,5.77,mg/L,,11/30/2024
PR0020494,001,00665,"Phosphorus, total [as P]",0.38,C3,MAX,Concentration3,mg/L,.38,mg/L,5.77,mg/L,,12/31/2024
PR0020494,001,00665,"Phosphorus, total [as P]",0.142,C3,MAX,Concentration3,mg/L,.142,mg/L,5.77,mg/L,,01/31/2025
PR0020494,001,00665,"Phosphorus, total [as P]",0.142,C3,MAX,Concentration3,mg/L,.142,mg/L,5.77,mg/L,,02/28/2025
PR0020494,001,00665,"Phosphorus, total [as P]",0.3,C3,MAX,Concentration3,mg/L,.3,mg/L,5.77,mg/L,,03/31/2025
PR0020494,001,00665,"Phosphorus, total [as P]",0.59,C3,MAX,Concentration3,mg/L,.59,mg/L,5.77,mg/L,,04/30/2025
PR0020494,001,00665,"Phosphorus, total [as P]",0.142,C3,MAX,Concentration3,mg/L,.142,mg/L,5.77,mg/L,,05/31/2025
PR0020494,001,00665,"Phosphorus, total [as P]",0.142,C3,MAX,Concentration3,mg/L,.142,mg/L,5.77,mg/L,,06/30/2025
PR0020494,001,00665,"Phosphorus, total [as P]",0.142,C3,MAX,Concentration3,mg/L,.142,mg/L,5.77,mg/L,,07/31/2025
PR0020494,001,00665,"Phosphorus, total [as P]",0.55,C3,MAX,Concentration3,mg/L,.55,mg/L,5.77,mg/L,,08/31/2025
PR0020494,001,00665,"Phosphorus, total [as P]",0.142,C3,MAX,Concentration3,mg/L,.142,mg/L,5.77,mg/L,,09/30/2025
PR0020494,001,00665,"Phosphorus, total [as P]",0.15,C3,MAX,Concentration3,mg/L,.15,mg/L,5.77,mg/L,,10/31/2025
PR0020494,001,00665,"Phosphorus, total [as P]",0.37,C3,MAX,Concentration3,mg/L,.37,mg/L,5.77,mg/L,,11/30/2025
PR0020494,001,00665,"Phosphorus, total [as P]",0.68,C3,MAX,Concentration3,mg/L,.68,mg/L,5.77,mg/L,,12/31/2025
PR0020494,001,00665,"Phosphorus, total [as P]",0.142,C3,MAX,Concentration3,mg/L,.142,mg/L,5.77,mg/L,,01/31/2026
PR0020494,001,00945,"Sulfate, total [as SO4]",50.44,C3,MAX,Concentration3,mg/L,50.44,mg/L,,mg/L,,01/31/2020
PR0020494,001,00945,"Sulfate, total [as SO4]",62.2,C3,MAX,Concentration3,mg/L,62.2,mg/L,,mg/L,,02/29/2020
PR0020494,001,00945,"Sulfate, total [as SO4]",92.9,C3,MAX,Concentration3,mg/L,92.9,mg/L,,mg/L,,03/31/2020
PR0020494,001,00945,"Sulfate, total [as SO4]",74.9,C3,MAX,Concentration3,mg/L,74.9,mg/L,,mg/L,,04/30/2020
PR0020494,001,00945,"Sulfate, total [as SO4]",93.1,C3,MAX,Concentration3,mg/L,93.1,mg/L,,mg/L,,04/30/2021
PR0020494,001,00945,"Sulfate, total [as SO4]",78.27,C3,MAX,Concentration3,mg/L,78.27,mg/L,,mg/L,,04/30/2022
PR0020494,001,00945,"Sulfate, total [as SO4]",101.92,C3,MAX,Concentration3,mg/L,101.92,mg/L,,mg/L,,04/30/2023
PR0020494,001,00945,"Sulfate, total [as SO4]",103.14,C3,MAX,Concentration3,mg/L,103.14,mg/L,,mg/L,,04/30/2024
PR0020494,001,00945,"Sulfate, total [as SO4]",112.26,C3,MAX,Concentration3,mg/L,112.26,mg/L,,mg/L,,04/30/2025
PR0020494,001,01042,"Copper, total [as Cu]",5,C3,MAX,Concentration3,ug/L,.005,mg/L,71,ug/L,,01/31/2020
PR0020494,001,01042,"Copper, total [as Cu]",10,C3,MAX,Concentration3,ug/L,.01,mg/L,71,ug/L,,04/30/2020
PR0020494,001,01042,"Copper, total [as Cu]",5,C3,MAX,Concentration3,ug/L,.005,mg/L,71,ug/L,,07/31/2020
PR0020494,001,01042,"Copper, total [as Cu]",7,C3,MAX,Concentration3,ug/L,.007,mg/L,71,ug/L,,10/31/2020
PR0020494,001,01042,"Copper, total [as Cu]",3,C3,MAX,Concentration3,ug/L,.003,mg/L,71,ug/L,,01/31/2021
PR0020494,001,01042,"Copper, total [as Cu]",6,C3,MAX,Concentration3,ug/L,.006,mg/L,71,ug/L,,04/30/2021
PR0020494,001,01042,"Copper, total [as Cu]",6,C3,MAX,Concentration3,ug/L,.006,mg/L,71,ug/L,,07/31/2021
PR0020494,001,01042,"Copper, total [as Cu]",7,C3,MAX,Concentration3,ug/L,.007,mg/L,71,ug/L,,10/31/2021
PR0020494,001,01042,"Copper, total [as Cu]",6,C3,MAX,Concentration3,ug/L,.006,mg/L,71,ug/L,,01/31/2022
PR0020494,001,01042,"Copper, total [as Cu]",6,C3,MAX,Concentration3,ug/L,.006,mg/L,71,ug/L,,04/30/2022
PR0020494,001,01042,"Copper, total [as Cu]",7,C3,MAX,Concentration3,ug/L,.007,mg/L,71,ug/L,,07/31/2022
PR0020494,001,01042,"Copper, total [as Cu]",6,C3,MAX,Concentration3,ug/L,.006,mg/L,71,ug/L,,10/31/2022
PR0020494,001,01042,"Copper, total [as Cu]",6,C3,MAX,Concentration3,ug/L,.006,mg/L,71,ug/L,,01/31/2023
PR0020494,001,01042,"Copper, total [as Cu]",6,C3,MAX,Concentration3,ug/L,.006,mg/L,71,ug/L,,04/30/2023
PR0020494,001,01042,"Copper, total [as Cu]",6,C3,MAX,Concentration3,ug/L,.006,mg/L,71,ug/L,,07/31/2023
PR0020494,001,01042,"Copper, total [as Cu]",6,C3,MAX,Concentration3,ug/L,.006,mg/L,71,ug/L,,10/31/2023
PR0020494,001,01042,"Copper, total [as Cu]",6,C3,MAX,Concentration3,ug/L,.006,mg/L,71,ug/L,,01/31/2024
PR0020494,001,01042,"Copper, total [as Cu]",6,C3,MAX,Concentration3,ug/L,.006,mg/L,71,ug/L,,04/30/2024
PR0020494,001,01042,"Copper, total [as Cu]",1.95,C3,MAX,Concentration3,ug/L,.00195,mg/L,71,ug/L,,07/31/2024
PR0020494,001,01042,"Copper, total [as Cu]",2.28,C3,MAX,Concentration3,ug/L,.00228,mg/L,71,ug/L,,10/31/2024
PR0020494,001,01042,"Copper, total [as Cu]",5.8,C3,MAX,Concentration3,ug/L,.0058,mg/L,71,ug/L,,01/31/2025
PR0020494,001,01042,"Copper, total [as Cu]",0.78,C3,MAX,Concentration3,ug/L,.00078,mg/L,71,ug/L,,04/30/2025
PR0020494,001,01042,"Copper, total [as Cu]",1.01,C3,MAX,Concentration3,ug/L,.00101,mg/L,71,ug/L,,07/31/2025
PR0020494,001,01042,"Copper, total [as Cu]",14.13,C3,MAX,Concentration3,ug/L,.01413,mg/L,71,ug/L,,10/31/2025
PR0020494,001,01042,"Copper, total [as Cu]",0.39,C3,MAX,Concentration3,ug/L,.00039,mg/L,71,ug/L,,01/31/2026
PR0020494,001,38260,Surfactants [MBAS],49,C3,MAX,Concentration3,ug/L,.049,mg/L,162,ug/L,,01/31/2020
PR0020494,001,38260,Surfactants [MBAS],25,C3,MAX,Concentration3,ug/L,.025,mg/L,162,ug/L,,04/30/2020
PR0020494,001,38260,Surfactants [MBAS],25,C3,MAX,Concentration3,ug/L,.025,mg/L,162,ug/L,,07/31/2020
PR0020494,001,38260,Surfactants [MBAS],25,C3,MAX,Concentration3,ug/L,.025,mg/L,162,ug/L,,10/31/2020
PR0020494,001,38260,Surfactants [MBAS],25,C3,MAX,Concentration3,ug/L,.025,mg/L,162,ug/L,,01/31/2021
PR0020494,001,38260,Surfactants [MBAS],51,C3,MAX,Concentration3,ug/L,.051,mg/L,162,ug/L,,04/30/2021
PR0020494,001,38260,Surfactants [MBAS],25,C3,MAX,Concentration3,ug/L,.025,mg/L,162,ug/L,,07/31/2021
PR0020494,001,38260,Surfactants [MBAS],49,C3,MAX,Concentration3,ug/L,.049,mg/L,162,ug/L,,10/31/2021
PR0020494,001,38260,Surfactants [MBAS],25,C3,MAX,Concentration3,ug/L,.025,mg/L,162,ug/L,,01/31/2022
PR0020494,001,38260,Surfactants [MBAS],30,C3,MAX,Concentration3,ug/L,.03,mg/L,162,ug/L,,04/30/2022
PR0020494,001,38260,Surfactants [MBAS],25,C3,MAX,Concentration3,ug/L,.025,mg/L,162,ug/L,,07/31/2022
PR0020494,001,38260,Surfactants [MBAS],48,C3,MAX,Concentration3,ug/L,.048,mg/L,162,ug/L,,10/31/2022
PR0020494,001,38260,Surfactants [MBAS],25,C3,MAX,Concentration3,ug/L,.025,mg/L,162,ug/L,,01/31/2023
PR0020494,001,38260,Surfactants [MBAS],25,C3,MAX,Concentration3,ug/L,.025,mg/L,162,ug/L,,04/30/2023
PR0020494,001,38260,Surfactants [MBAS],25,C3,MAX,Concentration3,ug/L,.025,mg/L,162,ug/L,,07/31/2023
PR0020494,001,38260,Surfactants [MBAS],25,C3,MAX,Concentration3,ug/L,.025,mg/L,162,ug/L,,10/31/2023
PR0020494,001,38260,Surfactants [MBAS],25,C3,MAX,Concentration3,ug/L,.025,mg/L,162,ug/L,,01/31/2024
PR0020494,001,38260,Surfactants [MBAS],45,C3,MAX,Concentration3,ug/L,.045,mg/L,162,ug/L,,04/30/2024
PR0020494,001,38260,Surfactants [MBAS],25,C3,MAX,Concentration3,ug/L,.025,mg/L,162,ug/L,,07/31/2024
PR0020494,001,38260,Surfactants [MBAS],25,C3,MAX,Concentration3,ug/L,.025,mg/L,162,ug/L,,10/31/2024
PR0020494,001,38260,Surfactants [MBAS],61,C3,MAX,Concentration3,ug/L,.061,mg/L,162,ug/L,,01/31/2025
PR0020494,001,38260,Surfactants [MBAS],25,C3,MAX,Concentration3,ug/L,.025,mg/L,162,ug/L,,04/30/2025
PR0020494,001,38260,Surfactants [MBAS],25,C3,MAX,Concentration3,ug/L,.025,mg/L,162,ug/L,,07/31/2025
PR0020494,001,38260,Surfactants [MBAS],25,C3,MAX,Concentration3,ug/L,.025,mg/L,162,ug/L,,10/31/2025
PR0020494,001,38260,Surfactants [MBAS],174,C3,MAX,Concentration3,ug/L,.17400001,mg/L,162,ug/L,,01/31/2026
PR0020494,001,39032,Pentachlorophenol,NA,C3,MAX,Concentration3,,,mg/L,,ug/L,B,01/31/2020
PR0020494,001,39032,Pentachlorophenol,NA,C3,MAX,Concentration3,,,mg/L,,ug/L,B,02/29/2020
PR0020494,001,39032,Pentachlorophenol,NA,C3,MAX,Concentration3,,,mg/L,,ug/L,B,03/31/2020
PR0020494,001,39032,Pentachlorophenol,NA,C3,MAX,Concentration3,,,mg/L,,ug/L,B,04/30/2020
PR0020494,001,39032,Pentachlorophenol,NA,C3,MAX,Concentration3,,,mg/L,,ug/L,B,05/31/2020
PR0020494,001,39032,Pentachlorophenol,NA,C3,MAX,Concentration3,,,mg/L,,ug/L,B,06/30/2020
PR0020494,001,39032,Pentachlorophenol,NA,C3,MAX,Concentration3,,,mg/L,,ug/L,B,07/31/2020
PR0020494,001,39032,Pentachlorophenol,NA,C3,MAX,Concentration3,,,mg/L,,ug/L,B,08/31/2020
PR0020494,001,39032,Pentachlorophenol,NA,C3,MAX,Concentration3,,,mg/L,,ug/L,B,09/30/2020
PR0020494,001,39032,Pentachlorophenol,NA,C3,MAX,Concentration3,,,mg/L,,ug/L,B,10/31/2020
PR0020494,001,39032,Pentachlorophenol,NA,C3,MAX,Concentration3,,,mg/L,,ug/L,B,11/30/2020
PR0020494,001,39032,Pentachlorophenol,NA,C3,MAX,Concentration3,,,mg/L,,ug/L,B,12/31/2020
PR0020494,001,39032,Pentachlorophenol,NA,C3,MAX,Concentration3,,,mg/L,,ug/L,B,01/31/2021
PR0020494,001,39032,Pentachlorophenol,NA,C3,MAX,Concentration3,,,mg/L,,ug/L,B,02/28/2021
PR0020494,001,39032,Pentachlorophenol,NA,C3,MAX,Concentration3,,,mg/L,,ug/L,B,03/31/2021
PR0020494,001,39032,Pentachlorophenol,NA,C3,MAX,Concentration3,,,mg/L,,ug/L,B,04/30/2021
PR0020494,001,39032,Pentachlorophenol,NA,C3,MAX,Concentration3,,,mg/L,,ug/L,B,05/31/2021
PR0020494,001,39032,Pentachlorophenol,NA,C3,MAX,Concentration3,,,mg/L,,ug/L,B,06/30/2021
PR0020494,001,39032,Pentachlorophenol,NA,C3,MAX,Concentration3,,,mg/L,,ug/L,B,07/31/2021
PR0020494,001,39032,Pentachlorophenol,NA,C3,MAX,Concentration3,,,mg/L,,ug/L,B,08/31/2021
PR0020494,001,39032,Pentachlorophenol,NA,C3,MAX,Concentration3,,,mg/L,,ug/L,B,09/30/2021
PR0020494,001,39032,Pentachlorophenol,NA,C3,MAX,Concentration3,,,mg/L,,ug/L,B,10/31/2021
PR0020494,001,39032,Pentachlorophenol,NA,C3,MAX,Concentration3,,,mg/L,,ug/L,B,11/30/2021
PR0020494,001,39032,Pentachlorophenol,NA,C3,MAX,Concentration3,,,mg/L,,ug/L,B,12/31/2021
PR0020494,001,39032,Pentachlorophenol,NA,C3,MAX,Concentration3,,,mg/L,,ug/L,B,01/31/2022
PR0020494,001,39032,Pentachlorophenol,NA,C3,MAX,Concentration3,,,mg/L,,ug/L,B,02/28/2022
PR0020494,001,39032,Pentachlorophenol,NA,C3,MAX,Concentration3,,,mg/L,,ug/L,B,03/31/2022
PR0020494,001,39032,Pentachlorophenol,NA,C3,MAX,Concentration3,,,mg/L,,ug/L,B,04/30/2022
PR0020494,001,39032,Pentachlorophenol,NA,C3,MAX,Concentration3,,,mg/L,,ug/L,B,05/31/2022
PR0020494,001,39032,Pentachlorophenol,NA,C3,MAX,Concentration3,,,mg/L,,ug/L,B,06/30/2022
PR0020494,001,39032,Pentachlorophenol,NA,C3,MAX,Concentration3,,,mg/L,,ug/L,B,07/31/2022
PR0020494,001,39032,Pentachlorophenol,NA,C3,MAX,Concentration3,,,mg/L,,ug/L,B,08/31/2022
PR0020494,001,39032,Pentachlorophenol,NA,C3,MAX,Concentration3,,,mg/L,,ug/L,B,09/30/2022
PR0020494,001,39032,Pentachlorophenol,NA,C3,MAX,Concentration3,,,mg/L,,ug/L,B,10/31/2022
PR0020494,001,39032,Pentachlorophenol,NA,C3,MAX,Concentration3,,,mg/L,,ug/L,B,11/30/2022
PR0020494,001,39032,Pentachlorophenol,NA,C3,MAX,Concentration3,,,mg/L,,ug/L,B,12/31/2022
PR0020494,001,39032,Pentachlorophenol,NA,C3,MAX,Concentration3,,,mg/L,,ug/L,B,01/31/2023
PR0020494,001,39032,Pentachlorophenol,NA,C3,MAX,Concentration3,,,mg/L,,ug/L,B,02/28/2023
PR0020494,001,39032,Pentachlorophenol,NA,C3,MAX,Concentration3,,,mg/L,,ug/L,B,03/31/2023
PR0020494,001,39032,Pentachlorophenol,NA,C3,MAX,Concentration3,,,mg/L,,ug/L,B,04/30/2023
PR0020494,001,39032,Pentachlorophenol,NA,C3,MAX,Concentration3,,,mg/L,,ug/L,B,05/31/2023
PR0020494,001,39032,Pentachlorophenol,NA,C3,MAX,Concentration3,,,mg/L,,ug/L,B,06/30/2023
PR0020494,001,39032,Pentachlorophenol,NA,C3,MAX,Concentration3,,,mg/L,,ug/L,B,07/31/2023
PR0020494,001,39032,Pentachlorophenol,NA,C3,MAX,Concentration3,,,mg/L,,ug/L,B,08/31/2023
PR0020494,001,39032,Pentachlorophenol,NA,C3,MAX,Concentration3,,,mg/L,,ug/L,B,09/30/2023
PR0020494,001,39032,Pentachlorophenol,NA,C3,MAX,Concentration3,,,mg/L,,ug/L,B,10/31/2023
PR0020494,001,39032,Pentachlorophenol,NA,C3,MAX,Concentration3,,,mg/L,,ug/L,B,11/30/2023
PR0020494,001,39032,Pentachlorophenol,NA,C3,MAX,Concentration3,,,mg/L,,ug/L,B,12/31/2023
PR0020494,001,39032,Pentachlorophenol,NA,C3,MAX,Concentration3,,,mg/L,,ug/L,B,01/31/2024
PR0020494,001,39032,Pentachlorophenol,NA,C3,MAX,Concentration3,,,mg/L,,ug/L,B,02/29/2024
PR0020494,001,39032,Pentachlorophenol,NA,C3,MAX,Concentration3,,,mg/L,,ug/L,B,03/31/2024
PR0020494,001,39032,Pentachlorophenol,NA,C3,MAX,Concentration3,,,mg/L,,ug/L,B,04/30/2024
PR0020494,001,39032,Pentachlorophenol,NA,C3,MAX,Concentration3,,,mg/L,,ug/L,B,05/31/2024
PR0020494,001,39032,Pentachlorophenol,NA,C3,MAX,Concentration3,,,mg/L,,ug/L,B,06/30/2024
PR0020494,001,39032,Pentachlorophenol,NA,C3,MAX,Concentration3,,,mg/L,,ug/L,B,07/31/2024
PR0020494,001,39032,Pentachlorophenol,NA,C3,MAX,Concentration3,,,mg/L,,ug/L,B,08/31/2024
PR0020494,001,39032,Pentachlorophenol,NA,C3,MAX,Concentration3,,,mg/L,,ug/L,B,09/30/2024
PR0020494,001,39032,Pentachlorophenol,NA,C3,MAX,Concentration3,,,mg/L,,ug/L,B,10/31/2024
PR0020494,001,39032,Pentachlorophenol,NA,C3,MAX,Concentration3,,,mg/L,,ug/L,B,11/30/2024
PR0020494,001,39032,Pentachlorophenol,NA,C3,MAX,Concentration3,,,mg/L,,ug/L,B,12/31/2024
PR0020494,001,39032,Pentachlorophenol,NA,C3,MAX,Concentration3,,,mg/L,,ug/L,B,01/31/2025
PR0020494,001,39032,Pentachlorophenol,NA,C3,MAX,Concentration3,,,mg/L,,ug/L,B,02/28/2025
PR0020494,001,39032,Pentachlorophenol,NA,C3,MAX,Concentration3,,,mg/L,,ug/L,B,03/31/2025
PR0020494,001,39032,Pentachlorophenol,NA,C3,MAX,Concentration3,,,mg/L,,ug/L,B,04/30/2025
PR0020494,001,39032,Pentachlorophenol,NA,C3,MAX,Concentration3,,,mg/L,,ug/L,B,05/31/2025
PR0020494,001,39032,Pentachlorophenol,NA,C3,MAX,Concentration3,,,mg/L,,ug/L,B,06/30/2025
PR0020494,001,39032,Pentachlorophenol,NA,C3,MAX,Concentration3,,,mg/L,,ug/L,B,07/31/2025
PR0020494,001,39032,Pentachlorophenol,NA,C3,MAX,Concentration3,,,mg/L,,ug/L,B,08/31/2025
PR0020494,001,39032,Pentachlorophenol,NA,C3,MAX,Concentration3,,,mg/L,,ug/L,B,09/30/2025
PR0020494,001,39032,Pentachlorophenol,NA,C3,MAX,Concentration3,,,mg/L,,ug/L,B,10/31/2025
PR0020494,001,39032,Pentachlorophenol,NA,C3,MAX,Concentration3,,,mg/L,,ug/L,B,11/30/2025
PR0020494,001,39032,Pentachlorophenol,NA,C3,MAX,Concentration3,,,mg/L,,ug/L,B,12/31/2025
PR0020494,001,39032,Pentachlorophenol,NA,C3,MAX,Concentration3,,,mg/L,,ug/L,B,01/31/2026
PR0020494,001,50050,"Flow, in conduit or thru treatment plant",0.7,Q1,AVG,Quantity1,MGD,.7,MGD,,MGD,,01/31/2020
PR0020494,001,50050,"Flow, in conduit or thru treatment plant",0.927,Q2,MAX,Quantity2,MGD,.927,MGD,,MGD,,01/31/2020
PR0020494,001,50050,"Flow, in conduit or thru treatment plant",0.6998,C3,AVG,Concentration3,MGD,.6998,MGD,,MGD,,01/31/2020
PR0020494,001,50050,"Flow, in conduit or thru treatment plant",0.676,C3,AVG,Concentration3,MGD,.676,MGD,,MGD,,02/29/2020
PR0020494,001,50050,"Flow, in conduit or thru treatment plant",0.676,Q1,AVG,Quantity1,MGD,.676,MGD,,MGD,,02/29/2020
PR0020494,001,50050,"Flow, in conduit or thru treatment plant",0.778,Q2,MAX,Quantity2,MGD,.778,MGD,,MGD,,02/29/2020
PR0020494,001,50050,"Flow, in conduit or thru treatment plant",0.974,Q2,MAX,Quantity2,MGD,.974,MGD,,MGD,,03/31/2020
PR0020494,001,50050,"Flow, in conduit or thru treatment plant",0.62,Q1,AVG,Quantity1,MGD,.62,MGD,,MGD,,03/31/2020
PR0020494,001,50050,"Flow, in conduit or thru treatment plant",0.743,C3,AVG,Concentration3,MGD,.743,MGD,,MGD,,03/31/2020
PR0020494,001,50050,"Flow, in conduit or thru treatment plant",0.753,C3,AVG,Concentration3,MGD,.753,MGD,,MGD,,04/30/2020
PR0020494,001,50050,"Flow, in conduit or thru treatment plant",0.88,Q1,AVG,Quantity1,MGD,.88,MGD,,MGD,,04/30/2020
PR0020494,001,50050,"Flow, in conduit or thru treatment plant",0.796,Q2,MAX,Quantity2,MGD,.796,MGD,,MGD,,04/30/2020
PR0020494,001,50050,"Flow, in conduit or thru treatment plant",0.824,Q2,MAX,Quantity2,MGD,.824,MGD,,MGD,,05/31/2020
PR0020494,001,50050,"Flow, in conduit or thru treatment plant",0.733,Q1,AVG,Quantity1,MGD,.733,MGD,,MGD,,05/31/2020
PR0020494,001,50050,"Flow, in conduit or thru treatment plant",0.761,C3,AVG,Concentration3,MGD,.761,MGD,,MGD,,05/31/2020
PR0020494,001,50050,"Flow, in conduit or thru treatment plant",0.711,Q1,AVG,Quantity1,MGD,.711,MGD,,MGD,,06/30/2020
PR0020494,001,50050,"Flow, in conduit or thru treatment plant",0.762,C3,AVG,Concentration3,MGD,.762,MGD,,MGD,,06/30/2020
PR0020494,001,50050,"Flow, in conduit or thru treatment plant",0.813,Q2,MAX,Quantity2,MGD,.813,MGD,,MGD,,06/30/2020
PR0020494,001,50050,"Flow, in conduit or thru treatment plant",0.432,Q1,AVG,Quantity1,MGD,.432,MGD,,MGD,,07/31/2020
PR0020494,001,50050,"Flow, in conduit or thru treatment plant",1.52,Q2,MAX,Quantity2,MGD,1.52,MGD,,MGD,,07/31/2020
PR0020494,001,50050,"Flow, in conduit or thru treatment plant",0.935,C3,AVG,Concentration3,MGD,.935,MGD,,MGD,,07/31/2020
PR0020494,001,50050,"Flow, in conduit or thru treatment plant",0.756,C3,AVG,Concentration3,MGD,.756,MGD,,MGD,,08/31/2020
PR0020494,001,50050,"Flow, in conduit or thru treatment plant",0.613,Q1,AVG,Quantity1,MGD,.613,MGD,,MGD,,08/31/2020
PR0020494,001,50050,"Flow, in conduit or thru treatment plant",1.841,Q2,MAX,Quantity2,MGD,1.841,MGD,,MGD,,08/31/2020
PR0020494,001,50050,"Flow, in conduit or thru treatment plant",0.62,Q1,AVG,Quantity1,MGD,.62,MGD,,MGD,,09/30/2020
PR0020494,001,50050,"Flow, in conduit or thru treatment plant",0.713,Q2,MAX,Quantity2,MGD,.713,MGD,,MGD,,09/30/2020
PR0020494,001,50050,"Flow, in conduit or thru treatment plant",0.667,C3,AVG,Concentration3,MGD,.667,MGD,,MGD,,09/30/2020
PR0020494,001,50050,"Flow, in conduit or thru treatment plant",0.73,C3,AVG,Concentration3,MGD,.73,MGD,,MGD,,10/31/2020
PR0020494,001,50050,"Flow, in conduit or thru treatment plant",0.691,Q1,AVG,Quantity1,MGD,.691,MGD,,MGD,,10/31/2020
PR0020494,001,50050,"Flow, in conduit or thru treatment plant",0.918,Q2,MAX,Quantity2,MGD,.918,MGD,,MGD,,10/31/2020
PR0020494,001,50050,"Flow, in conduit or thru treatment plant",1.535,Q2,MAX,Quantity2,MGD,1.535,MGD,,MGD,,11/30/2020
PR0020494,001,50050,"Flow, in conduit or thru treatment plant",0.799,Q1,AVG,Quantity1,MGD,.799,MGD,,MGD,,11/30/2020
PR0020494,001,50050,"Flow, in conduit or thru treatment plant",0.912,C3,AVG,Concentration3,MGD,.912,MGD,,MGD,,11/30/2020
PR0020494,001,50050,"Flow, in conduit or thru treatment plant",0.788,C3,AVG,Concentration3,MGD,.788,MGD,,MGD,,12/31/2020
PR0020494,001,50050,"Flow, in conduit or thru treatment plant",0.731,Q1,AVG,Quantity1,MGD,.731,MGD,,MGD,,12/31/2020
PR0020494,001,50050,"Flow, in conduit or thru treatment plant",0.9,Q2,MAX,Quantity2,MGD,.9,MGD,,MGD,,12/31/2020
PR0020494,001,50050,"Flow, in conduit or thru treatment plant",1.132,Q2,MAX,Quantity2,MGD,1.132,MGD,,MGD,,01/31/2021
PR0020494,001,50050,"Flow, in conduit or thru treatment plant",0.683,C3,AVG,Concentration3,MGD,.683,MGD,,MGD,,01/31/2021
PR0020494,001,50050,"Flow, in conduit or thru treatment plant",0.706,Q1,AVG,Quantity1,MGD,.706,MGD,,MGD,,01/31/2021
PR0020494,001,50050,"Flow, in conduit or thru treatment plant",0.688,Q1,AVG,Quantity1,MGD,.688,MGD,,MGD,,02/28/2021
PR0020494,001,50050,"Flow, in conduit or thru treatment plant",0.738,Q2,MAX,Quantity2,MGD,.738,MGD,,MGD,,02/28/2021
PR0020494,001,50050,"Flow, in conduit or thru treatment plant",0.713,C3,AVG,Concentration3,MGD,.713,MGD,,MGD,,02/28/2021
PR0020494,001,50050,"Flow, in conduit or thru treatment plant",0.617,Q1,AVG,Quantity1,MGD,.617,MGD,,MGD,,03/31/2021
PR0020494,001,50050,"Flow, in conduit or thru treatment plant",0.68,C3,AVG,Concentration3,MGD,.68,MGD,,MGD,,03/31/2021
PR0020494,001,50050,"Flow, in conduit or thru treatment plant",0.723,Q2,MAX,Quantity2,MGD,.723,MGD,,MGD,,03/31/2021
PR0020494,001,50050,"Flow, in conduit or thru treatment plant",0.665,Q1,AVG,Quantity1,MGD,.665,MGD,,MGD,,04/30/2021
PR0020494,001,50050,"Flow, in conduit or thru treatment plant",0.797,Q2,MAX,Quantity2,MGD,.797,MGD,,MGD,,04/30/2021
PR0020494,001,50050,"Flow, in conduit or thru treatment plant",0.729,C3,AVG,Concentration3,MGD,.729,MGD,,MGD,,04/30/2021
PR0020494,001,50050,"Flow, in conduit or thru treatment plant",0.717,C3,AVG,Concentration3,MGD,.717,MGD,,MGD,,05/31/2021
PR0020494,001,50050,"Flow, in conduit or thru treatment plant",0.651,Q1,AVG,Quantity1,MGD,.651,MGD,,MGD,,05/31/2021
PR0020494,001,50050,"Flow, in conduit or thru treatment plant",0.863,Q2,MAX,Quantity2,MGD,.863,MGD,,MGD,,05/31/2021
PR0020494,001,50050,"Flow, in conduit or thru treatment plant",0.853,Q2,MAX,Quantity2,MGD,.853,MGD,,MGD,,06/30/2021
PR0020494,001,50050,"Flow, in conduit or thru treatment plant",0.609,Q1,AVG,Quantity1,MGD,.609,MGD,,MGD,,06/30/2021
PR0020494,001,50050,"Flow, in conduit or thru treatment plant",0.66,C3,AVG,Concentration3,MGD,.66,MGD,,MGD,,06/30/2021
PR0020494,001,50050,"Flow, in conduit or thru treatment plant",0.668,Q2,MAX,Quantity2,MGD,.668,MGD,,MGD,,07/31/2021
PR0020494,001,50050,"Flow, in conduit or thru treatment plant",0.62,Q1,AVG,Quantity1,MGD,.62,MGD,,MGD,,07/31/2021
PR0020494,001,50050,"Flow, in conduit or thru treatment plant",0.616,C3,AVG,Concentration3,MGD,.616,MGD,,MGD,,07/31/2021
PR0020494,001,50050,"Flow, in conduit or thru treatment plant",1.125,Q1,AVG,Quantity1,MGD,1.125,MGD,,MGD,,08/31/2021
PR0020494,001,50050,"Flow, in conduit or thru treatment plant",1.302,C3,AVG,Concentration3,MGD,1.302,MGD,,MGD,,08/31/2021
PR0020494,001,50050,"Flow, in conduit or thru treatment plant",1.997,Q2,MAX,Quantity2,MGD,1.997,MGD,,MGD,,08/31/2021
PR0020494,001,50050,"Flow, in conduit or thru treatment plant",0.68,C3,AVG,Concentration3,MGD,.68,MGD,,MGD,,09/30/2021
PR0020494,001,50050,"Flow, in conduit or thru treatment plant",0.645,Q1,AVG,Quantity1,MGD,.645,MGD,,MGD,,09/30/2021
PR0020494,001,50050,"Flow, in conduit or thru treatment plant",0.874,Q2,MAX,Quantity2,MGD,.874,MGD,,MGD,,09/30/2021
PR0020494,001,50050,"Flow, in conduit or thru treatment plant",0.668,Q1,AVG,Quantity1,MGD,.668,MGD,,MGD,,10/31/2021
PR0020494,001,50050,"Flow, in conduit or thru treatment plant",0.703,C3,AVG,Concentration3,MGD,.703,MGD,,MGD,,10/31/2021
PR0020494,001,50050,"Flow, in conduit or thru treatment plant",0.822,Q2,MAX,Quantity2,MGD,.822,MGD,,MGD,,10/31/2021
PR0020494,001,50050,"Flow, in conduit or thru treatment plant",0.916,Q2,MAX,Quantity2,MGD,.916,MGD,,MGD,,11/30/2021
PR0020494,001,50050,"Flow, in conduit or thru treatment plant",0.712,Q1,AVG,Quantity1,MGD,.712,MGD,,MGD,,11/30/2021
PR0020494,001,50050,"Flow, in conduit or thru treatment plant",0.865,C3,AVG,Concentration3,MGD,.865,MGD,,MGD,,11/30/2021
PR0020494,001,50050,"Flow, in conduit or thru treatment plant",0.742,C3,AVG,Concentration3,MGD,.742,MGD,,MGD,,12/31/2021
PR0020494,001,50050,"Flow, in conduit or thru treatment plant",0.82,Q2,MAX,Quantity2,MGD,.82,MGD,,MGD,,12/31/2021
PR0020494,001,50050,"Flow, in conduit or thru treatment plant",0.701,Q1,AVG,Quantity1,MGD,.701,MGD,,MGD,,12/31/2021
PR0020494,001,50050,"Flow, in conduit or thru treatment plant",0.864,Q1,AVG,Quantity1,MGD,.864,MGD,,MGD,,01/31/2022
PR0020494,001,50050,"Flow, in conduit or thru treatment plant",1.621,Q2,MAX,Quantity2,MGD,1.621,MGD,,MGD,,01/31/2022
PR0020494,001,50050,"Flow, in conduit or thru treatment plant",1.437,C3,AVG,Concentration3,MGD,1.437,MGD,,MGD,,01/31/2022
PR0020494,001,50050,"Flow, in conduit or thru treatment plant",0.545,C3,AVG,Concentration3,MGD,.545,MGD,,MGD,,02/28/2022
PR0020494,001,50050,"Flow, in conduit or thru treatment plant",0.4,Q1,AVG,Quantity1,MGD,.4,MGD,,MGD,,02/28/2022
PR0020494,001,50050,"Flow, in conduit or thru treatment plant",1.052,Q2,MAX,Quantity2,MGD,1.052,MGD,,MGD,,02/28/2022
PR0020494,001,50050,"Flow, in conduit or thru treatment plant",0.52,Q2,MAX,Quantity2,MGD,.52,MGD,,MGD,,03/31/2022
PR0020494,001,50050,"Flow, in conduit or thru treatment plant",0.364,Q1,AVG,Quantity1,MGD,.364,MGD,,MGD,,03/31/2022
PR0020494,001,50050,"Flow, in conduit or thru treatment plant",0.456,C3,AVG,Concentration3,MGD,.456,MGD,,MGD,,03/31/2022
PR0020494,001,50050,"Flow, in conduit or thru treatment plant",0.574,C3,AVG,Concentration3,MGD,.574,MGD,,MGD,,04/30/2022
PR0020494,001,50050,"Flow, in conduit or thru treatment plant",0.433,Q1,AVG,Quantity1,MGD,.433,MGD,,MGD,,04/30/2022
PR0020494,001,50050,"Flow, in conduit or thru treatment plant",0.624,Q2,MAX,Quantity2,MGD,.624,MGD,,MGD,,04/30/2022
PR0020494,001,50050,"Flow, in conduit or thru treatment plant",0.66,Q2,MAX,Quantity2,MGD,.66,MGD,,MGD,,05/31/2022
PR0020494,001,50050,"Flow, in conduit or thru treatment plant",0.62,Q1,AVG,Quantity1,MGD,.62,MGD,,MGD,,05/31/2022
PR0020494,001,50050,"Flow, in conduit or thru treatment plant",0.553,C3,AVG,Concentration3,MGD,.553,MGD,,MGD,,05/31/2022
PR0020494,001,50050,"Flow, in conduit or thru treatment plant",0.56,Q1,AVG,Quantity1,MGD,.56,MGD,,MGD,,06/30/2022
PR0020494,001,50050,"Flow, in conduit or thru treatment plant",0.59,C3,AVG,Concentration3,MGD,.59,MGD,,MGD,,06/30/2022
PR0020494,001,50050,"Flow, in conduit or thru treatment plant",0.633,Q2,MAX,Quantity2,MGD,.633,MGD,,MGD,,06/30/2022
PR0020494,001,50050,"Flow, in conduit or thru treatment plant",0.577,Q1,AVG,Quantity1,MGD,.577,MGD,,MGD,,07/31/2022
PR0020494,001,50050,"Flow, in conduit or thru treatment plant",0.719,Q2,MAX,Quantity2,MGD,.719,MGD,,MGD,,07/31/2022
PR0020494,001,50050,"Flow, in conduit or thru treatment plant",0.598,C3,AVG,Concentration3,MGD,.598,MGD,,MGD,,07/31/2022
PR0020494,001,50050,"Flow, in conduit or thru treatment plant",577,C3,AVG,Concentration3,MGD,577,MGD,,MGD,,08/31/2022
PR0020494,001,50050,"Flow, in conduit or thru treatment plant",0.542,Q1,AVG,Quantity1,MGD,.542,MGD,,MGD,,08/31/2022
PR0020494,001,50050,"Flow, in conduit or thru treatment plant",1.053,Q2,MAX,Quantity2,MGD,1.053,MGD,,MGD,,08/31/2022
PR0020494,001,50050,"Flow, in conduit or thru treatment plant",0.603,Q1,AVG,Quantity1,MGD,.603,MGD,,MGD,,09/30/2022
PR0020494,001,50050,"Flow, in conduit or thru treatment plant",1.08,Q2,MAX,Quantity2,MGD,1.08,MGD,,MGD,,09/30/2022
PR0020494,001,50050,"Flow, in conduit or thru treatment plant",0.672,C3,AVG,Concentration3,MGD,.672,MGD,,MGD,,09/30/2022
PR0020494,001,50050,"Flow, in conduit or thru treatment plant",0.85,C3,AVG,Concentration3,MGD,.85,MGD,,MGD,,10/31/2022
PR0020494,001,50050,"Flow, in conduit or thru treatment plant",0.839,Q1,AVG,Quantity1,MGD,.839,MGD,,MGD,,10/31/2022
PR0020494,001,50050,"Flow, in conduit or thru treatment plant",1.195,Q2,MAX,Quantity2,MGD,1.195,MGD,,MGD,,10/31/2022
PR0020494,001,50050,"Flow, in conduit or thru treatment plant",1.31,Q2,MAX,Quantity2,MGD,1.31,MGD,,MGD,,11/30/2022
PR0020494,001,50050,"Flow, in conduit or thru treatment plant",0.916,Q1,AVG,Quantity1,MGD,.916,MGD,,MGD,,11/30/2022
PR0020494,001,50050,"Flow, in conduit or thru treatment plant",1.073,C3,AVG,Concentration3,MGD,1.073,MGD,,MGD,,11/30/2022
PR0020494,001,50050,"Flow, in conduit or thru treatment plant",0.83,C3,AVG,Concentration3,MGD,.83,MGD,,MGD,,12/31/2022
PR0020494,001,50050,"Flow, in conduit or thru treatment plant",0.767,Q1,AVG,Quantity1,MGD,.767,MGD,,MGD,,12/31/2022
PR0020494,001,50050,"Flow, in conduit or thru treatment plant",0.894,Q2,MAX,Quantity2,MGD,.894,MGD,,MGD,,12/31/2022
PR0020494,001,50050,"Flow, in conduit or thru treatment plant",0.753,Q1,AVG,Quantity1,MGD,.753,MGD,,MGD,,01/31/2023
PR0020494,001,50050,"Flow, in conduit or thru treatment plant",1.284,Q2,MAX,Quantity2,MGD,1.284,MGD,,MGD,,01/31/2023
PR0020494,001,50050,"Flow, in conduit or thru treatment plant",0.869,C3,AVG,Concentration3,MGD,.869,MGD,,MGD,,01/31/2023
PR0020494,001,50050,"Flow, in conduit or thru treatment plant",0.709,Q1,AVG,Quantity1,MGD,.709,MGD,,MGD,,02/28/2023
PR0020494,001,50050,"Flow, in conduit or thru treatment plant",0.897,C3,AVG,Concentration3,MGD,.897,MGD,,MGD,,02/28/2023
PR0020494,001,50050,"Flow, in conduit or thru treatment plant",1.957,Q2,MAX,Quantity2,MGD,1.957,MGD,,MGD,,02/28/2023
PR0020494,001,50050,"Flow, in conduit or thru treatment plant",0.599,Q1,AVG,Quantity1,MGD,.599,MGD,,MGD,,03/31/2023
PR0020494,001,50050,"Flow, in conduit or thru treatment plant",0.591,C3,AVG,Concentration3,MGD,.591,MGD,,MGD,,03/31/2023
PR0020494,001,50050,"Flow, in conduit or thru treatment plant",0.654,Q2,MAX,Quantity2,MGD,.654,MGD,,MGD,,03/31/2023
PR0020494,001,50050,"Flow, in conduit or thru treatment plant",0.663,C3,AVG,Concentration3,MGD,.663,MGD,,MGD,,04/30/2023
PR0020494,001,50050,"Flow, in conduit or thru treatment plant",1.525,Q2,MAX,Quantity2,MGD,1.525,MGD,,MGD,,04/30/2023
PR0020494,001,50050,"Flow, in conduit or thru treatment plant",0.629,Q1,AVG,Quantity1,MGD,.629,MGD,,MGD,,04/30/2023
PR0020494,001,50050,"Flow, in conduit or thru treatment plant",0.689,Q1,AVG,Quantity1,MGD,.689,MGD,,MGD,,05/31/2023
PR0020494,001,50050,"Flow, in conduit or thru treatment plant",0.705,C3,AVG,Concentration3,MGD,.705,MGD,,MGD,,05/31/2023
PR0020494,001,50050,"Flow, in conduit or thru treatment plant",1.417,Q2,MAX,Quantity2,MGD,1.417,MGD,,MGD,,05/31/2023
PR0020494,001,50050,"Flow, in conduit or thru treatment plant",0.706,C3,AVG,Concentration3,MGD,.706,MGD,,MGD,,06/30/2023
PR0020494,001,50050,"Flow, in conduit or thru treatment plant",0.635,Q1,AVG,Quantity1,MGD,.635,MGD,,MGD,,06/30/2023
PR0020494,001,50050,"Flow, in conduit or thru treatment plant",0.909,Q2,MAX,Quantity2,MGD,.909,MGD,,MGD,,06/30/2023
PR0020494,001,50050,"Flow, in conduit or thru treatment plant",0.713,C3,AVG,Concentration3,MGD,.713,MGD,,MGD,,07/31/2023
PR0020494,001,50050,"Flow, in conduit or thru treatment plant",1.119,Q2,MAX,Quantity2,MGD,1.119,MGD,,MGD,,07/31/2023
PR0020494,001,50050,"Flow, in conduit or thru treatment plant",0.628,Q1,AVG,Quantity1,MGD,.628,MGD,,MGD,,07/31/2023
PR0020494,001,50050,"Flow, in conduit or thru treatment plant",0.86,C3,AVG,Concentration3,MGD,.86,MGD,,MGD,,08/31/2023
PR0020494,001,50050,"Flow, in conduit or thru treatment plant",0.702,Q1,AVG,Quantity1,MGD,.702,MGD,,MGD,,08/31/2023
PR0020494,001,50050,"Flow, in conduit or thru treatment plant",1.707,Q2,MAX,Quantity2,MGD,1.707,MGD,,MGD,,08/31/2023
PR0020494,001,50050,"Flow, in conduit or thru treatment plant",0.978,C3,AVG,Concentration3,MGD,.978,MGD,,MGD,,09/30/2023
PR0020494,001,50050,"Flow, in conduit or thru treatment plant",1.832,Q2,MAX,Quantity2,MGD,1.832,MGD,,MGD,,09/30/2023
PR0020494,001,50050,"Flow, in conduit or thru treatment plant",0.742,Q1,AVG,Quantity1,MGD,.742,MGD,,MGD,,09/30/2023
PR0020494,001,50050,"Flow, in conduit or thru treatment plant",0.85,C3,AVG,Concentration3,MGD,.85,MGD,,MGD,,10/31/2023
PR0020494,001,50050,"Flow, in conduit or thru treatment plant",0.952,Q1,AVG,Quantity1,MGD,.952,MGD,,MGD,,10/31/2023
PR0020494,001,50050,"Flow, in conduit or thru treatment plant",1.237,Q2,MAX,Quantity2,MGD,1.237,MGD,,MGD,,10/31/2023
PR0020494,001,50050,"Flow, in conduit or thru treatment plant",0.886,Q2,MAX,Quantity2,MGD,.886,MGD,,MGD,,11/30/2023
PR0020494,001,50050,"Flow, in conduit or thru treatment plant",0.739,Q1,AVG,Quantity1,MGD,.739,MGD,,MGD,,11/30/2023
PR0020494,001,50050,"Flow, in conduit or thru treatment plant",0.799,C3,AVG,Concentration3,MGD,.799,MGD,,MGD,,11/30/2023
PR0020494,001,50050,"Flow, in conduit or thru treatment plant",0.723,C3,AVG,Concentration3,MGD,.723,MGD,,MGD,,12/31/2023
PR0020494,001,50050,"Flow, in conduit or thru treatment plant",0.696,Q1,AVG,Quantity1,MGD,.696,MGD,,MGD,,12/31/2023
PR0020494,001,50050,"Flow, in conduit or thru treatment plant",0.793,Q2,MAX,Quantity2,MGD,.793,MGD,,MGD,,12/31/2023
PR0020494,001,50050,"Flow, in conduit or thru treatment plant",0.71,Q2,MAX,Quantity2,MGD,.71,MGD,,MGD,,01/31/2024
PR0020494,001,50050,"Flow, in conduit or thru treatment plant",0.648,Q1,AVG,Quantity1,MGD,.648,MGD,,MGD,,01/31/2024
PR0020494,001,50050,"Flow, in conduit or thru treatment plant",0.631,C3,AVG,Concentration3,MGD,.631,MGD,,MGD,,01/31/2024
PR0020494,001,50050,"Flow, in conduit or thru treatment plant",0.746,C3,AVG,Concentration3,MGD,.746,MGD,,MGD,,02/29/2024
PR0020494,001,50050,"Flow, in conduit or thru treatment plant",0.685,Q1,AVG,Quantity1,MGD,.685,MGD,,MGD,,02/29/2024
PR0020494,001,50050,"Flow, in conduit or thru treatment plant",1.323,Q2,MAX,Quantity2,MGD,1.323,MGD,,MGD,,02/29/2024
PR0020494,001,50050,"Flow, in conduit or thru treatment plant",0.916,Q2,MAX,Quantity2,MGD,.916,MGD,,MGD,,03/31/2024
PR0020494,001,50050,"Flow, in conduit or thru treatment plant",0.711,Q1,AVG,Quantity1,MGD,.711,MGD,,MGD,,03/31/2024
PR0020494,001,50050,"Flow, in conduit or thru treatment plant",0.782,C3,AVG,Concentration3,MGD,.782,MGD,,MGD,,03/31/2024
PR0020494,001,50050,"Flow, in conduit or thru treatment plant",0.677,C3,AVG,Concentration3,MGD,.677,MGD,,MGD,,04/30/2024
PR0020494,001,50050,"Flow, in conduit or thru treatment plant",0.664,Q1,AVG,Quantity1,MGD,.664,MGD,,MGD,,04/30/2024
PR0020494,001,50050,"Flow, in conduit or thru treatment plant",0.908,Q2,MAX,Quantity2,MGD,.908,MGD,,MGD,,04/30/2024
PR0020494,001,50050,"Flow, in conduit or thru treatment plant",0.858,C3,AVG,Concentration3,MGD,.858,MGD,,MGD,,05/31/2024
PR0020494,001,50050,"Flow, in conduit or thru treatment plant",0.746,Q1,AVG,Quantity1,MGD,.746,MGD,,MGD,,05/31/2024
PR0020494,001,50050,"Flow, in conduit or thru treatment plant",1.463,Q2,MAX,Quantity2,MGD,1.463,MGD,,MGD,,05/31/2024
PR0020494,001,50050,"Flow, in conduit or thru treatment plant",0.664,Q1,AVG,Quantity1,MGD,.664,MGD,,MGD,,06/30/2024
PR0020494,001,50050,"Flow, in conduit or thru treatment plant",0.8,Q2,MAX,Quantity2,MGD,.8,MGD,,MGD,,06/30/2024
PR0020494,001,50050,"Flow, in conduit or thru treatment plant",0.706,C3,AVG,Concentration3,MGD,.706,MGD,,MGD,,06/30/2024
PR0020494,001,50050,"Flow, in conduit or thru treatment plant",0.75,Q2,MAX,Quantity2,MGD,.75,MGD,,MGD,,07/31/2024
PR0020494,001,50050,"Flow, in conduit or thru treatment plant",0.686,C3,AVG,Concentration3,MGD,.686,MGD,,MGD,,07/31/2024
PR0020494,001,50050,"Flow, in conduit or thru treatment plant",0.658,Q1,AVG,Quantity1,MGD,.658,MGD,,MGD,,07/31/2024
PR0020494,001,50050,"Flow, in conduit or thru treatment plant",0.735,Q1,AVG,Quantity1,MGD,.735,MGD,,MGD,,08/31/2024
PR0020494,001,50050,"Flow, in conduit or thru treatment plant",1.392,Q2,MAX,Quantity2,MGD,1.392,MGD,,MGD,,08/31/2024
PR0020494,001,50050,"Flow, in conduit or thru treatment plant",0.876,C3,AVG,Concentration3,MGD,.876,MGD,,MGD,,08/31/2024
PR0020494,001,50050,"Flow, in conduit or thru treatment plant",0.889,Q2,MAX,Quantity2,MGD,.889,MGD,,MGD,,09/30/2024
PR0020494,001,50050,"Flow, in conduit or thru treatment plant",0.713,Q1,AVG,Quantity1,MGD,.713,MGD,,MGD,,09/30/2024
PR0020494,001,50050,"Flow, in conduit or thru treatment plant",0.775,C3,AVG,Concentration3,MGD,.775,MGD,,MGD,,09/30/2024
PR0020494,001,50050,"Flow, in conduit or thru treatment plant",1.017,Q2,MAX,Quantity2,MGD,1.017,MGD,,MGD,,10/31/2024
PR0020494,001,50050,"Flow, in conduit or thru treatment plant",0.724,Q1,AVG,Quantity1,MGD,.724,MGD,,MGD,,10/31/2024
PR0020494,001,50050,"Flow, in conduit or thru treatment plant",0.792,C3,AVG,Concentration3,MGD,.792,MGD,,MGD,,10/31/2024
PR0020494,001,50050,"Flow, in conduit or thru treatment plant",0.822,Q1,AVG,Quantity1,MGD,.822,MGD,,MGD,,11/30/2024
PR0020494,001,50050,"Flow, in conduit or thru treatment plant",1.18,Q2,MAX,Quantity2,MGD,1.18,MGD,,MGD,,11/30/2024
PR0020494,001,50050,"Flow, in conduit or thru treatment plant",0.914,C3,AVG,Concentration3,MGD,.914,MGD,,MGD,,11/30/2024
PR0020494,001,50050,"Flow, in conduit or thru treatment plant",0.495,Q1,AVG,Quantity1,MGD,.495,MGD,,MGD,,12/31/2024
PR0020494,001,50050,"Flow, in conduit or thru treatment plant",0.647,C3,AVG,Concentration3,MGD,.647,MGD,,MGD,,12/31/2024
PR0020494,001,50050,"Flow, in conduit or thru treatment plant",0.796,Q2,MAX,Quantity2,MGD,.796,MGD,,MGD,,12/31/2024
PR0020494,001,50050,"Flow, in conduit or thru treatment plant",0.381,C3,AVG,Concentration3,MGD,.381,MGD,,MGD,,01/31/2025
PR0020494,001,50050,"Flow, in conduit or thru treatment plant",0.582,Q1,AVG,Quantity1,MGD,.582,MGD,,MGD,,01/31/2025
PR0020494,001,50050,"Flow, in conduit or thru treatment plant",0.724,Q2,MAX,Quantity2,MGD,.724,MGD,,MGD,,01/31/2025
PR0020494,001,50050,"Flow, in conduit or thru treatment plant",0.405,Q1,AVG,Quantity1,MGD,.405,MGD,,MGD,,02/28/2025
PR0020494,001,50050,"Flow, in conduit or thru treatment plant",0.669,Q2,MAX,Quantity2,MGD,.669,MGD,,MGD,,02/28/2025
PR0020494,001,50050,"Flow, in conduit or thru treatment plant",0.649,C3,AVG,Concentration3,MGD,.649,MGD,,MGD,,02/28/2025
PR0020494,001,50050,"Flow, in conduit or thru treatment plant",0.81,Q2,MAX,Quantity2,MGD,.81,MGD,,MGD,,03/31/2025
PR0020494,001,50050,"Flow, in conduit or thru treatment plant",0.542,C3,AVG,Concentration3,MGD,.542,MGD,,MGD,,03/31/2025
PR0020494,001,50050,"Flow, in conduit or thru treatment plant",0.437,Q1,AVG,Quantity1,MGD,.437,MGD,,MGD,,03/31/2025
PR0020494,001,50050,"Flow, in conduit or thru treatment plant",0.533,C3,AVG,Concentration3,MGD,.533,MGD,,MGD,,04/30/2025
PR0020494,001,50050,"Flow, in conduit or thru treatment plant",0.469,Q1,AVG,Quantity1,MGD,.469,MGD,,MGD,,04/30/2025
PR0020494,001,50050,"Flow, in conduit or thru treatment plant",0.716,Q2,MAX,Quantity2,MGD,.716,MGD,,MGD,,04/30/2025
PR0020494,001,50050,"Flow, in conduit or thru treatment plant",0.632,Q1,AVG,Quantity1,MGD,.632,MGD,,MGD,,05/31/2025
PR0020494,001,50050,"Flow, in conduit or thru treatment plant",0.87,Q2,MAX,Quantity2,MGD,.87,MGD,,MGD,,05/31/2025
PR0020494,001,50050,"Flow, in conduit or thru treatment plant",0.732,C3,AVG,Concentration3,MGD,.732,MGD,,MGD,,05/31/2025
PR0020494,001,50050,"Flow, in conduit or thru treatment plant",0.652,Q1,AVG,Quantity1,MGD,.652,MGD,,MGD,,06/30/2025
PR0020494,001,50050,"Flow, in conduit or thru treatment plant",0.704,C3,AVG,Concentration3,MGD,.704,MGD,,MGD,,06/30/2025
PR0020494,001,50050,"Flow, in conduit or thru treatment plant",0.768,Q2,MAX,Quantity2,MGD,.768,MGD,,MGD,,06/30/2025
PR0020494,001,50050,"Flow, in conduit or thru treatment plant",0.762,Q2,MAX,Quantity2,MGD,.762,MGD,,MGD,,07/31/2025
PR0020494,001,50050,"Flow, in conduit or thru treatment plant",0.52,Q1,AVG,Quantity1,MGD,.52,MGD,,MGD,,07/31/2025
PR0020494,001,50050,"Flow, in conduit or thru treatment plant",0.829,C3,AVG,Concentration3,MGD,.829,MGD,,MGD,,07/31/2025
PR0020494,001,50050,"Flow, in conduit or thru treatment plant",0.839,C3,AVG,Concentration3,MGD,.839,MGD,,MGD,,08/31/2025
PR0020494,001,50050,"Flow, in conduit or thru treatment plant",0.699,Q1,AVG,Quantity1,MGD,.699,MGD,,MGD,,08/31/2025
PR0020494,001,50050,"Flow, in conduit or thru treatment plant",0.995,Q2,MAX,Quantity2,MGD,.995,MGD,,MGD,,08/31/2025
PR0020494,001,50050,"Flow, in conduit or thru treatment plant",0.896,Q2,MAX,Quantity2,MGD,.896,MGD,,MGD,,09/30/2025
PR0020494,001,50050,"Flow, in conduit or thru treatment plant",0.46,Q1,AVG,Quantity1,MGD,.46,MGD,,MGD,,09/30/2025
PR0020494,001,50050,"Flow, in conduit or thru treatment plant",0.506,C3,AVG,Concentration3,MGD,.506,MGD,,MGD,,09/30/2025
PR0020494,001,50050,"Flow, in conduit or thru treatment plant",0.521,Q1,AVG,Quantity1,MGD,.521,MGD,,MGD,,10/31/2025
PR0020494,001,50050,"Flow, in conduit or thru treatment plant",0.68,C3,AVG,Concentration3,MGD,.68,MGD,,MGD,,10/31/2025
PR0020494,001,50050,"Flow, in conduit or thru treatment plant",1.236,Q2,MAX,Quantity2,MGD,1.236,MGD,,MGD,,10/31/2025
PR0020494,001,50050,"Flow, in conduit or thru treatment plant",0.507,Q1,AVG,Quantity1,MGD,.507,MGD,,MGD,,11/30/2025
PR0020494,001,50050,"Flow, in conduit or thru treatment plant",0.836,Q2,MAX,Quantity2,MGD,.836,MGD,,MGD,,11/30/2025
PR0020494,001,50050,"Flow, in conduit or thru treatment plant",0.544,C3,AVG,Concentration3,MGD,.544,MGD,,MGD,,11/30/2025
PR0020494,001,50050,"Flow, in conduit or thru treatment plant",0.524,C3,AVG,Concentration3,MGD,.524,MGD,,MGD,,12/31/2025
PR0020494,001,50050,"Flow, in conduit or thru treatment plant",0.501,Q1,AVG,Quantity1,MGD,.501,MGD,,MGD,,12/31/2025
PR0020494,001,50050,"Flow, in conduit or thru treatment plant",0.736,Q2,MAX,Quantity2,MGD,.736,MGD,,MGD,,12/31/2025
PR0020494,001,50050,"Flow, in conduit or thru treatment plant",0.75,Q2,MAX,Quantity2,MGD,.75,MGD,,MGD,,01/31/2026
PR0020494,001,50050,"Flow, in conduit or thru treatment plant",0.497,Q1,AVG,Quantity1,MGD,.497,MGD,,MGD,,01/31/2026
PR0020494,001,50050,"Flow, in conduit or thru treatment plant",0.566,C3,AVG,Concentration3,MGD,.566,MGD,,MGD,,01/31/2026
PR0020494,001,50060,"Chlorine, total residual",NA,C3,MAX,Concentration3,,,mg/L,11,ug/L,B,01/31/2020
PR0020494,001,50060,"Chlorine, total residual",NA,C3,MAX,Concentration3,,,mg/L,11,ug/L,B,02/29/2020
PR0020494,001,50060,"Chlorine, total residual",NA,C3,MAX,Concentration3,,,mg/L,11,ug/L,B,03/31/2020
PR0020494,001,50060,"Chlorine, total residual",NA,C3,MAX,Concentration3,,,mg/L,11,ug/L,B,04/30/2020
PR0020494,001,50060,"Chlorine, total residual",NA,C3,MAX,Concentration3,,,mg/L,11,ug/L,B,05/31/2020
PR0020494,001,50060,"Chlorine, total residual",NA,C3,MAX,Concentration3,,,mg/L,11,ug/L,B,06/30/2020
PR0020494,001,50060,"Chlorine, total residual",NA,C3,MAX,Concentration3,,,mg/L,11,ug/L,B,07/31/2020
PR0020494,001,50060,"Chlorine, total residual",NA,C3,MAX,Concentration3,,,mg/L,11,ug/L,B,08/31/2020
PR0020494,001,50060,"Chlorine, total residual",NA,C3,MAX,Concentration3,,,mg/L,11,ug/L,B,09/30/2020
PR0020494,001,50060,"Chlorine, total residual",NA,C3,MAX,Concentration3,,,mg/L,11,ug/L,B,10/31/2020
PR0020494,001,50060,"Chlorine, total residual",NA,C3,MAX,Concentration3,,,mg/L,11,ug/L,B,11/30/2020
PR0020494,001,50060,"Chlorine, total residual",NA,C3,MAX,Concentration3,,,mg/L,11,ug/L,B,12/31/2020
PR0020494,001,50060,"Chlorine, total residual",NA,C3,MAX,Concentration3,,,mg/L,11,ug/L,B,01/31/2021
PR0020494,001,50060,"Chlorine, total residual",NA,C3,MAX,Concentration3,,,mg/L,11,ug/L,B,02/28/2021
PR0020494,001,50060,"Chlorine, total residual",NA,C3,MAX,Concentration3,,,mg/L,11,ug/L,B,03/31/2021
PR0020494,001,50060,"Chlorine, total residual",NA,C3,MAX,Concentration3,,,mg/L,11,ug/L,B,04/30/2021
PR0020494,001,50060,"Chlorine, total residual",NA,C3,MAX,Concentration3,,,mg/L,11,ug/L,B,05/31/2021
PR0020494,001,50060,"Chlorine, total residual",NA,C3,MAX,Concentration3,,,mg/L,11,ug/L,B,06/30/2021
PR0020494,001,50060,"Chlorine, total residual",NA,C3,MAX,Concentration3,,,mg/L,11,ug/L,B,07/31/2021
PR0020494,001,50060,"Chlorine, total residual",NA,C3,MAX,Concentration3,,,mg/L,11,ug/L,B,08/31/2021
PR0020494,001,50060,"Chlorine, total residual",NA,C3,MAX,Concentration3,,,mg/L,11,ug/L,B,09/30/2021
PR0020494,001,50060,"Chlorine, total residual",NA,C3,MAX,Concentration3,,,mg/L,11,ug/L,B,10/31/2021
PR0020494,001,50060,"Chlorine, total residual",NA,C3,MAX,Concentration3,,,mg/L,11,ug/L,B,11/30/2021
PR0020494,001,50060,"Chlorine, total residual",NA,C3,MAX,Concentration3,,,mg/L,11,ug/L,B,12/31/2021
PR0020494,001,50060,"Chlorine, total residual",NA,C3,MAX,Concentration3,,,mg/L,11,ug/L,B,01/31/2022
PR0020494,001,50060,"Chlorine, total residual",NA,C3,MAX,Concentration3,,,mg/L,11,ug/L,B,02/28/2022
PR0020494,001,50060,"Chlorine, total residual",NA,C3,MAX,Concentration3,,,mg/L,11,ug/L,B,03/31/2022
PR0020494,001,50060,"Chlorine, total residual",NA,C3,MAX,Concentration3,,,mg/L,11,ug/L,B,04/30/2022
PR0020494,001,50060,"Chlorine, total residual",NA,C3,MAX,Concentration3,,,mg/L,11,ug/L,B,05/31/2022
PR0020494,001,50060,"Chlorine, total residual",NA,C3,MAX,Concentration3,,,mg/L,11,ug/L,B,06/30/2022
PR0020494,001,50060,"Chlorine, total residual",NA,C3,MAX,Concentration3,,,mg/L,11,ug/L,B,07/31/2022
PR0020494,001,50060,"Chlorine, total residual",NA,C3,MAX,Concentration3,,,mg/L,11,ug/L,B,08/31/2022
PR0020494,001,50060,"Chlorine, total residual",NA,C3,MAX,Concentration3,,,mg/L,11,ug/L,B,09/30/2022
PR0020494,001,50060,"Chlorine, total residual",NA,C3,MAX,Concentration3,,,mg/L,11,ug/L,B,10/31/2022
PR0020494,001,50060,"Chlorine, total residual",NA,C3,MAX,Concentration3,,,mg/L,11,ug/L,B,11/30/2022
PR0020494,001,50060,"Chlorine, total residual",NA,C3,MAX,Concentration3,,,mg/L,11,ug/L,B,12/31/2022
PR0020494,001,50060,"Chlorine, total residual",NA,C3,MAX,Concentration3,,,mg/L,11,ug/L,B,01/31/2023
PR0020494,001,50060,"Chlorine, total residual",NA,C3,MAX,Concentration3,,,mg/L,11,ug/L,B,02/28/2023
PR0020494,001,50060,"Chlorine, total residual",NA,C3,MAX,Concentration3,,,mg/L,11,ug/L,B,03/31/2023
PR0020494,001,50060,"Chlorine, total residual",NA,C3,MAX,Concentration3,,,mg/L,11,ug/L,B,04/30/2023
PR0020494,001,50060,"Chlorine, total residual",NA,C3,MAX,Concentration3,,,mg/L,11,ug/L,B,05/31/2023
PR0020494,001,50060,"Chlorine, total residual",NA,C3,MAX,Concentration3,,,mg/L,11,ug/L,B,06/30/2023
PR0020494,001,50060,"Chlorine, total residual",NA,C3,MAX,Concentration3,,,mg/L,11,ug/L,B,07/31/2023
PR0020494,001,50060,"Chlorine, total residual",NA,C3,MAX,Concentration3,,,mg/L,11,ug/L,B,08/31/2023
PR0020494,001,50060,"Chlorine, total residual",NA,C3,MAX,Concentration3,,,mg/L,11,ug/L,B,09/30/2023
PR0020494,001,50060,"Chlorine, total residual",NA,C3,MAX,Concentration3,,,mg/L,11,ug/L,B,10/31/2023
PR0020494,001,50060,"Chlorine, total residual",NA,C3,MAX,Concentration3,,,mg/L,11,ug/L,B,11/30/2023
PR0020494,001,50060,"Chlorine, total residual",NA,C3,MAX,Concentration3,,,mg/L,11,ug/L,B,12/31/2023
PR0020494,001,50060,"Chlorine, total residual",NA,C3,MAX,Concentration3,,,mg/L,11,ug/L,B,01/31/2024
PR0020494,001,50060,"Chlorine, total residual",NA,C3,MAX,Concentration3,,,mg/L,11,ug/L,B,02/29/2024
PR0020494,001,50060,"Chlorine, total residual",NA,C3,MAX,Concentration3,,,mg/L,11,ug/L,B,03/31/2024
PR0020494,001,50060,"Chlorine, total residual",NA,C3,MAX,Concentration3,,,mg/L,11,ug/L,B,04/30/2024
PR0020494,001,50060,"Chlorine, total residual",NA,C3,MAX,Concentration3,,,mg/L,11,ug/L,B,05/31/2024
PR0020494,001,50060,"Chlorine, total residual",NA,C3,MAX,Concentration3,,,mg/L,11,ug/L,B,06/30/2024
PR0020494,001,50060,"Chlorine, total residual",NA,C3,MAX,Concentration3,,,mg/L,11,ug/L,B,07/31/2024
PR0020494,001,50060,"Chlorine, total residual",NA,C3,MAX,Concentration3,,,mg/L,11,ug/L,B,08/31/2024
PR0020494,001,50060,"Chlorine, total residual",NA,C3,MAX,Concentration3,,,mg/L,11,ug/L,B,09/30/2024
PR0020494,001,50060,"Chlorine, total residual",NA,C3,MAX,Concentration3,,,mg/L,11,ug/L,B,10/31/2024
PR0020494,001,50060,"Chlorine, total residual",NA,C3,MAX,Concentration3,,,mg/L,11,ug/L,B,11/30/2024
PR0020494,001,50060,"Chlorine, total residual",NA,C3,MAX,Concentration3,,,mg/L,11,ug/L,B,12/31/2024
PR0020494,001,50060,"Chlorine, total residual",NA,C3,MAX,Concentration3,,,mg/L,11,ug/L,B,01/31/2025
PR0020494,001,50060,"Chlorine, total residual",NA,C3,MAX,Concentration3,,,mg/L,11,ug/L,B,02/28/2025
PR0020494,001,50060,"Chlorine, total residual",NA,C3,MAX,Concentration3,,,mg/L,11,ug/L,B,03/31/2025
PR0020494,001,50060,"Chlorine, total residual",NA,C3,MAX,Concentration3,,,mg/L,11,ug/L,B,04/30/2025
PR0020494,001,50060,"Chlorine, total residual",NA,C3,MAX,Concentration3,,,mg/L,11,ug/L,B,05/31/2025
PR0020494,001,50060,"Chlorine, total residual",NA,C3,MAX,Concentration3,,,mg/L,11,ug/L,B,06/30/2025
PR0020494,001,50060,"Chlorine, total residual",NA,C3,MAX,Concentration3,,,mg/L,11,ug/L,B,07/31/2025
PR0020494,001,50060,"Chlorine, total residual",NA,C3,MAX,Concentration3,,,mg/L,11,ug/L,B,08/31/2025
PR0020494,001,50060,"Chlorine, total residual",NA,C3,MAX,Concentration3,,,mg/L,11,ug/L,B,09/30/2025
PR0020494,001,50060,"Chlorine, total residual",NA,C3,MAX,Concentration3,,,mg/L,11,ug/L,B,10/31/2025
PR0020494,001,50060,"Chlorine, total residual",NA,C3,MAX,Concentration3,,,mg/L,11,ug/L,B,11/30/2025
PR0020494,001,50060,"Chlorine, total residual",NA,C3,MAX,Concentration3,,,mg/L,11,ug/L,B,12/31/2025
PR0020494,001,50060,"Chlorine, total residual",NA,C3,MAX,Concentration3,,,mg/L,11,ug/L,B,01/31/2026
PR0020494,001,51202,Sulfide-hydrogen sulfide [undissociated],0.1,C3,MAX,Concentration3,ug/L,.0001,mg/L,2,ug/L,,01/31/2020
PR0020494,001,51202,Sulfide-hydrogen sulfide [undissociated],0.1,C3,MAX,Concentration3,ug/L,.0001,mg/L,2,ug/L,,04/30/2020
PR0020494,001,51202,Sulfide-hydrogen sulfide [undissociated],0.1,C3,MAX,Concentration3,ug/L,.0001,mg/L,2,ug/L,,07/31/2020
PR0020494,001,51202,Sulfide-hydrogen sulfide [undissociated],0.1,C3,MAX,Concentration3,ug/L,.0001,mg/L,2,ug/L,,10/31/2020
PR0020494,001,51202,Sulfide-hydrogen sulfide [undissociated],0.1,C3,MAX,Concentration3,ug/L,.0001,mg/L,2,ug/L,,01/31/2021
PR0020494,001,51202,Sulfide-hydrogen sulfide [undissociated],0.1,C3,MAX,Concentration3,ug/L,.0001,mg/L,2,ug/L,,04/30/2021
PR0020494,001,51202,Sulfide-hydrogen sulfide [undissociated],0.1,C3,MAX,Concentration3,ug/L,.0001,mg/L,2,ug/L,,07/31/2021
PR0020494,001,51202,Sulfide-hydrogen sulfide [undissociated],0.1,C3,MAX,Concentration3,ug/L,.0001,mg/L,2,ug/L,,10/31/2021
PR0020494,001,51202,Sulfide-hydrogen sulfide [undissociated],0.1,C3,MAX,Concentration3,ug/L,.0001,mg/L,2,ug/L,,01/31/2022
PR0020494,001,51202,Sulfide-hydrogen sulfide [undissociated],0.1,C3,MAX,Concentration3,ug/L,.0001,mg/L,2,ug/L,,04/30/2022
PR0020494,001,51202,Sulfide-hydrogen sulfide [undissociated],0.1,C3,MAX,Concentration3,ug/L,.0001,mg/L,2,ug/L,,07/31/2022
PR0020494,001,51202,Sulfide-hydrogen sulfide [undissociated],0.1,C3,MAX,Concentration3,ug/L,.0001,mg/L,2,ug/L,,10/31/2022
PR0020494,001,51202,Sulfide-hydrogen sulfide [undissociated],0.1,C3,MAX,Concentration3,ug/L,.0001,mg/L,2,ug/L,,01/31/2023
PR0020494,001,51202,Sulfide-hydrogen sulfide [undissociated],0.1,C3,MAX,Concentration3,ug/L,.0001,mg/L,2,ug/L,,04/30/2023
PR0020494,001,51202,Sulfide-hydrogen sulfide [undissociated],0.1,C3,MAX,Concentration3,ug/L,.0001,mg/L,2,ug/L,,07/31/2023
PR0020494,001,51202,Sulfide-hydrogen sulfide [undissociated],1.1,C3,MAX,Concentration3,ug/L,.0011,mg/L,2,ug/L,,10/31/2023
PR0020494,001,51202,Sulfide-hydrogen sulfide [undissociated],0.1,C3,MAX,Concentration3,ug/L,.0001,mg/L,2,ug/L,,01/31/2024
PR0020494,001,51202,Sulfide-hydrogen sulfide [undissociated],0.1,C3,MAX,Concentration3,ug/L,.0001,mg/L,2,ug/L,,04/30/2024
PR0020494,001,51202,Sulfide-hydrogen sulfide [undissociated],0.1,C3,MAX,Concentration3,ug/L,.0001,mg/L,2,ug/L,,07/31/2024
PR0020494,001,51202,Sulfide-hydrogen sulfide [undissociated],0.1,C3,MAX,Concentration3,ug/L,.0001,mg/L,2,ug/L,,10/31/2024
PR0020494,001,51202,Sulfide-hydrogen sulfide [undissociated],0.1,C3,MAX,Concentration3,ug/L,.0001,mg/L,2,ug/L,,01/31/2025
PR0020494,001,51202,Sulfide-hydrogen sulfide [undissociated],0.1,C3,MAX,Concentration3,ug/L,.0001,mg/L,2,ug/L,,04/30/2025
PR0020494,001,51202,Sulfide-hydrogen sulfide [undissociated],0.1,C3,MAX,Concentration3,ug/L,.0001,mg/L,2,ug/L,,07/31/2025
PR0020494,001,51202,Sulfide-hydrogen sulfide [undissociated],0.1,C3,MAX,Concentration3,ug/L,.0001,mg/L,2,ug/L,,10/31/2025
PR0020494,001,51202,Sulfide-hydrogen sulfide [undissociated],0.1,C3,MAX,Concentration3,ug/L,.0001,mg/L,2,ug/L,,01/31/2026
PR0020494,001,51714,Whole Effluent Toxicity [WET] - P. promelas,100,C1,MIN,Concentration1,%,100,%,,%,,01/31/2020
PR0020494,001,51714,Whole Effluent Toxicity [WET] - P. promelas,100,C1,MIN,Concentration1,%,100,%,,%,,04/30/2020
PR0020494,001,51714,Whole Effluent Toxicity [WET] - P. promelas,100,C1,MIN,Concentration1,%,100,%,,%,,04/30/2021
PR0020494,001,51714,Whole Effluent Toxicity [WET] - P. promelas,100,C1,MIN,Concentration1,%,100,%,,%,,04/30/2022
PR0020494,001,51714,Whole Effluent Toxicity [WET] - P. promelas,100,C1,MIN,Concentration1,%,100,%,,%,,04/30/2023
PR0020494,001,51714,Whole Effluent Toxicity [WET] - P. promelas,100,C1,MIN,Concentration1,%,100,%,,%,,04/30/2024
PR0020494,001,51714,Whole Effluent Toxicity [WET] - P. promelas,100,C1,MIN,Concentration1,%,100,%,,%,,04/30/2025
PR0020494,001,51923,Whole Effluent Toxicity  [WET] - D. magna,100,C1,MIN,Concentration1,%,100,%,,%,,01/31/2020
PR0020494,001,51923,Whole Effluent Toxicity  [WET] - D. magna,100,C1,MIN,Concentration1,%,100,%,,%,,04/30/2020
PR0020494,001,51923,Whole Effluent Toxicity  [WET] - D. magna,100,C1,MIN,Concentration1,%,100,%,,%,,04/30/2021
PR0020494,001,51923,Whole Effluent Toxicity  [WET] - D. magna,100,C1,MIN,Concentration1,%,100,%,,%,,04/30/2022
PR0020494,001,51923,Whole Effluent Toxicity  [WET] - D. magna,65.8,C1,MIN,Concentration1,%,65.8,%,,%,,04/30/2023
PR0020494,001,51923,Whole Effluent Toxicity  [WET] - D. magna,100,C1,MIN,Concentration1,%,100,%,,%,,04/30/2024
PR0020494,001,51923,Whole Effluent Toxicity  [WET] - D. magna,100,C1,MIN,Concentration1,%,100,%,,%,,04/30/2025
PR0020494,001,61211,Enterococci,499,C3,MAX,Concentration3,#/100mL,499,MPN/100mL,,#/100mL,,01/31/2020
PR0020494,001,61211,Enterococci,86,C2,AVG,Concentration2,#/100mL,86,MPN/100mL,,#/100mL,,01/31/2020
PR0020494,001,61211,Enterococci,92,C2,AVG,Concentration2,#/100mL,92,MPN/100mL,,#/100mL,,02/29/2020
PR0020494,001,61211,Enterococci,1643,C3,MAX,Concentration3,#/100mL,1643,MPN/100mL,,#/100mL,,02/29/2020
PR0020494,001,61211,Enterococci,1643,C3,MAX,Concentration3,#/100mL,1643,MPN/100mL,,#/100mL,,03/31/2020
PR0020494,001,61211,Enterococci,93,C2,AVG,Concentration2,#/100mL,93,MPN/100mL,,#/100mL,,03/31/2020
PR0020494,001,61211,Enterococci,63,C2,AVG,Concentration2,#/100mL,63,MPN/100mL,,#/100mL,,04/30/2020
PR0020494,001,61211,Enterococci,1236,C3,MAX,Concentration3,#/100mL,1236,MPN/100mL,,#/100mL,,04/30/2020
PR0020494,001,61211,Enterococci,147.7,C3,MAX,Concentration3,#/100mL,147.7,MPN/100mL,,#/100mL,,05/31/2020
PR0020494,001,61211,Enterococci,49,C2,AVG,Concentration2,#/100mL,49,MPN/100mL,,#/100mL,,05/31/2020
PR0020494,001,61211,Enterococci,38,C2,AVG,Concentration2,#/100mL,38,MPN/100mL,,#/100mL,,06/30/2020
PR0020494,001,61211,Enterococci,147.7,C3,MAX,Concentration3,#/100mL,147.7,MPN/100mL,,#/100mL,,06/30/2020
PR0020494,001,61211,Enterococci,171.2,C3,MAX,Concentration3,#/100mL,171.2,MPN/100mL,,#/100mL,,07/31/2020
PR0020494,001,61211,Enterococci,39,C2,AVG,Concentration2,#/100mL,39,MPN/100mL,,#/100mL,,07/31/2020
PR0020494,001,61211,Enterococci,31,C2,AVG,Concentration2,#/100mL,31,MPN/100mL,,#/100mL,,08/31/2020
PR0020494,001,61211,Enterococci,74.5,C3,MAX,Concentration3,#/100mL,74.5,MPN/100mL,,#/100mL,,08/31/2020
PR0020494,001,61211,Enterococci,333.7,C3,MAX,Concentration3,#/100mL,333.7,MPN/100mL,,#/100mL,,09/30/2020
PR0020494,001,61211,Enterococci,82,C2,AVG,Concentration2,#/100mL,82,MPN/100mL,,#/100mL,,09/30/2020
PR0020494,001,61211,Enterococci,106,C2,AVG,Concentration2,#/100mL,106,MPN/100mL,,#/100mL,,10/31/2020
PR0020494,001,61211,Enterococci,568.6,C3,MAX,Concentration3,#/100mL,568.6,MPN/100mL,,#/100mL,,10/31/2020
PR0020494,001,61211,Enterococci,568.6,C3,MAX,Concentration3,#/100mL,568.6,MPN/100mL,,#/100mL,,11/30/2020
PR0020494,001,61211,Enterococci,166,C2,AVG,Concentration2,#/100mL,166,MPN/100mL,,#/100mL,,11/30/2020
PR0020494,001,61211,Enterococci,128,C2,AVG,Concentration2,#/100mL,128,MPN/100mL,,#/100mL,,12/31/2020
PR0020494,001,61211,Enterococci,732.6,C3,MAX,Concentration3,#/100mL,732.6,MPN/100mL,,#/100mL,,12/31/2020
PR0020494,001,61211,Enterococci,553.7,C3,MAX,Concentration3,#/100mL,553.7,MPN/100mL,,#/100mL,,01/31/2021
PR0020494,001,61211,Enterococci,70,C2,AVG,Concentration2,#/100mL,70,MPN/100mL,,#/100mL,,01/31/2021
PR0020494,001,61211,Enterococci,42,C2,AVG,Concentration2,#/100mL,42,MPN/100mL,,#/100mL,,02/28/2021
PR0020494,001,61211,Enterococci,431.3,C3,MAX,Concentration3,#/100mL,431.3,MPN/100mL,,#/100mL,,02/28/2021
PR0020494,001,61211,Enterococci,36.05,C3,MAX,Concentration3,#/100mL,36.05,MPN/100mL,,#/100mL,,03/31/2021
PR0020494,001,61211,Enterococci,19,C2,AVG,Concentration2,#/100mL,19,MPN/100mL,,#/100mL,,03/31/2021
PR0020494,001,61211,Enterococci,18,C2,AVG,Concentration2,#/100mL,18,MPN/100mL,,#/100mL,,04/30/2021
PR0020494,001,61211,Enterococci,43.1,C3,MAX,Concentration3,#/100mL,43.1,MPN/100mL,,#/100mL,,04/30/2021
PR0020494,001,61211,Enterococci,51.2,C3,MAX,Concentration3,#/100mL,51.2,MPN/100mL,,#/100mL,,05/31/2021
PR0020494,001,61211,Enterococci,16,C2,AVG,Concentration2,#/100mL,16,MPN/100mL,,#/100mL,,05/31/2021
PR0020494,001,61211,Enterococci,27,C2,AVG,Concentration2,#/100mL,27,MPN/100mL,,#/100mL,,06/30/2021
PR0020494,001,61211,Enterococci,88.1,C3,MAX,Concentration3,#/100mL,88.1,MPN/100mL,,#/100mL,,06/30/2021
PR0020494,001,61211,Enterococci,88.1,C3,MAX,Concentration3,#/100mL,88.1,MPN/100mL,,#/100mL,,07/31/2021
PR0020494,001,61211,Enterococci,28,C2,AVG,Concentration2,#/100mL,28,MPN/100mL,,#/100mL,,07/31/2021
PR0020494,001,61211,Enterococci,39,C2,AVG,Concentration2,#/100mL,39,MPN/100mL,,#/100mL,,08/31/2021
PR0020494,001,61211,Enterococci,136.7,C3,MAX,Concentration3,#/100mL,136.7,MPN/100mL,,#/100mL,,08/31/2021
PR0020494,001,61211,Enterococci,1290,C3,MAX,Concentration3,#/100mL,1290,MPN/100mL,,#/100mL,,09/30/2021
PR0020494,001,61211,Enterococci,66,C2,AVG,Concentration2,#/100mL,66,MPN/100mL,,#/100mL,,09/30/2021
PR0020494,001,61211,Enterococci,86,C2,AVG,Concentration2,#/100mL,86,MPN/100mL,,#/100mL,,10/31/2021
PR0020494,001,61211,Enterococci,1290,C3,MAX,Concentration3,#/100mL,1290,MPN/100mL,,#/100mL,,10/31/2021
PR0020494,001,61211,Enterococci,1271,C3,MAX,Concentration3,#/100mL,1271,MPN/100mL,,#/100mL,,11/30/2021
PR0020494,001,61211,Enterococci,99,C2,AVG,Concentration2,#/100mL,99,MPN/100mL,,#/100mL,,11/30/2021
PR0020494,001,61211,Enterococci,46,C2,AVG,Concentration2,#/100mL,46,MPN/100mL,,#/100mL,,12/31/2021
PR0020494,001,61211,Enterococci,98.8,C3,MAX,Concentration3,#/100mL,98.8,MPN/100mL,,#/100mL,,12/31/2021
PR0020494,001,61211,Enterococci,60,C2,AVG,Concentration2,#/100mL,60,MPN/100mL,,#/100mL,,01/31/2022
PR0020494,001,61211,Enterococci,225.3,C3,MAX,Concentration3,#/100mL,225.3,MPN/100mL,,#/100mL,,01/31/2022
PR0020494,001,61211,Enterococci,227.5,C3,MAX,Concentration3,#/100mL,227.5,MPN/100mL,,#/100mL,,02/28/2022
PR0020494,001,61211,Enterococci,31,C2,AVG,Concentration2,#/100mL,31,MPN/100mL,,#/100mL,,02/28/2022
PR0020494,001,61211,Enterococci,870.9,C3,MAX,Concentration3,#/100mL,870.9,MPN/100mL,,#/100mL,,03/31/2022
PR0020494,001,61211,Enterococci,57,C2,AVG,Concentration2,#/100mL,57,MPN/100mL,,#/100mL,,03/31/2022
PR0020494,001,61211,Enterococci,770.2,C3,MAX,Concentration3,#/100mL,770.2,MPN/100mL,,#/100mL,,04/30/2022
PR0020494,001,61211,Enterococci,50,C2,AVG,Concentration2,#/100mL,50,MPN/100mL,,#/100mL,,04/30/2022
PR0020494,001,61211,Enterococci,131,C2,AVG,Concentration2,#/100mL,131,MPN/100mL,,#/100mL,,05/31/2022
PR0020494,001,61211,Enterococci,814,C3,MAX,Concentration3,#/100mL,814,MPN/100mL,,#/100mL,,05/31/2022
PR0020494,001,61211,Enterococci,196,C2,AVG,Concentration2,#/100mL,196,MPN/100mL,,#/100mL,,06/30/2022
PR0020494,001,61211,Enterococci,980.6,C3,MAX,Concentration3,#/100mL,980.6,MPN/100mL,,#/100mL,,06/30/2022
PR0020494,001,61211,Enterococci,980.6,C3,MAX,Concentration3,#/100mL,980.6,MPN/100mL,,#/100mL,,07/31/2022
PR0020494,001,61211,Enterococci,109,C2,AVG,Concentration2,#/100mL,109,MPN/100mL,,#/100mL,,07/31/2022
PR0020494,001,61211,Enterococci,62,C2,AVG,Concentration2,#/100mL,62,MPN/100mL,,#/100mL,,08/31/2022
PR0020494,001,61211,Enterococci,980.6,C3,MAX,Concentration3,#/100mL,980.6,MPN/100mL,,#/100mL,,08/31/2022
PR0020494,001,61211,Enterococci,47,C2,AVG,Concentration2,#/100mL,47,MPN/100mL,,#/100mL,,09/30/2022
PR0020494,001,61211,Enterococci,416.7,C3,MAX,Concentration3,#/100mL,416.7,MPN/100mL,,#/100mL,,09/30/2022
PR0020494,001,61211,Enterococci,416.7,C3,MAX,Concentration3,#/100mL,416.7,MPN/100mL,,#/100mL,,10/31/2022
PR0020494,001,61211,Enterococci,75,C2,AVG,Concentration2,#/100mL,75,MPN/100mL,,#/100mL,,10/31/2022
PR0020494,001,61211,Enterococci,174,C2,AVG,Concentration2,#/100mL,174,MPN/100mL,,#/100mL,,11/30/2022
PR0020494,001,61211,Enterococci,1573,C3,MAX,Concentration3,#/100mL,1573,MPN/100mL,,#/100mL,,11/30/2022
PR0020494,001,61211,Enterococci,69,C2,AVG,Concentration2,#/100mL,69,MPN/100mL,,#/100mL,,12/31/2022
PR0020494,001,61211,Enterococci,1253,C3,MAX,Concentration3,#/100mL,1253,MPN/100mL,,#/100mL,,12/31/2022
PR0020494,001,61211,Enterococci,1253,C3,MAX,Concentration3,#/100mL,1253,MPN/100mL,,#/100mL,,01/31/2023
PR0020494,001,61211,Enterococci,37,C2,AVG,Concentration2,#/100mL,37,MPN/100mL,,#/100mL,,01/31/2023
PR0020494,001,61211,Enterococci,17,C2,AVG,Concentration2,#/100mL,17,MPN/100mL,,#/100mL,,02/28/2023
PR0020494,001,61211,Enterococci,56.5,C3,MAX,Concentration3,#/100mL,56.5,MPN/100mL,,#/100mL,,02/28/2023
PR0020494,001,61211,Enterococci,134.9,C3,MAX,Concentration3,#/100mL,134.9,MPN/100mL,,#/100mL,,03/31/2023
PR0020494,001,61211,Enterococci,24,C2,AVG,Concentration2,#/100mL,24,MPN/100mL,,#/100mL,,03/31/2023
PR0020494,001,61211,Enterococci,17,C2,AVG,Concentration2,#/100mL,17,MPN/100mL,,#/100mL,,04/30/2023
PR0020494,001,61211,Enterococci,134.9,C3,MAX,Concentration3,#/100mL,134.9,MPN/100mL,,#/100mL,,04/30/2023
PR0020494,001,61211,Enterococci,110.2,C3,MAX,Concentration3,#/100mL,110.2,MPN/100mL,,#/100mL,,05/31/2023
PR0020494,001,61211,Enterococci,11,C2,AVG,Concentration2,#/100mL,11,MPN/100mL,,#/100mL,,05/31/2023
PR0020494,001,61211,Enterococci,5,C2,AVG,Concentration2,#/100mL,5,MPN/100mL,,#/100mL,,06/30/2023
PR0020494,001,61211,Enterococci,27.2,C3,MAX,Concentration3,#/100mL,27.2,MPN/100mL,,#/100mL,,06/30/2023
PR0020494,001,61211,Enterococci,8,C2,AVG,Concentration2,#/100mL,8,MPN/100mL,,#/100mL,,07/31/2023
PR0020494,001,61211,Enterococci,27.2,C3,MAX,Concentration3,#/100mL,27.2,MPN/100mL,,#/100mL,,07/31/2023
PR0020494,001,61211,Enterococci,26.1,C3,MAX,Concentration3,#/100mL,26.1,MPN/100mL,,#/100mL,,08/31/2023
PR0020494,001,61211,Enterococci,11,C2,AVG,Concentration2,#/100mL,11,MPN/100mL,,#/100mL,,08/31/2023
PR0020494,001,61211,Enterococci,34.1,C3,MAX,Concentration3,#/100mL,34.1,MPN/100mL,,#/100mL,,09/30/2023
PR0020494,001,61211,Enterococci,18,C2,AVG,Concentration2,#/100mL,18,MPN/100mL,,#/100mL,,09/30/2023
PR0020494,001,61211,Enterococci,113.7,C3,MAX,Concentration3,#/100mL,113.7,MPN/100mL,,#/100mL,,10/31/2023
PR0020494,001,61211,Enterococci,33,C2,AVG,Concentration2,#/100mL,33,MPN/100mL,,#/100mL,,10/31/2023
PR0020494,001,61211,Enterococci,113.7,C3,MAX,Concentration3,#/100mL,113.7,MPN/100mL,,#/100mL,,11/30/2023
PR0020494,001,61211,Enterococci,23,C2,AVG,Concentration2,#/100mL,23,MPN/100mL,,#/100mL,,11/30/2023
PR0020494,001,61211,Enterococci,171.7,C3,MAX,Concentration3,#/100mL,171.7,MPN/100mL,,#/100mL,,12/31/2023
PR0020494,001,61211,Enterococci,33,C2,AVG,Concentration2,#/100mL,33,MPN/100mL,,#/100mL,,12/31/2023
PR0020494,001,61211,Enterococci,105.9,C3,MAX,Concentration3,#/100mL,105.9,MPN/100mL,,#/100mL,,01/31/2024
PR0020494,001,61211,Enterococci,30,C2,AVG,Concentration2,#/100mL,30,MPN/100mL,,#/100mL,,01/31/2024
PR0020494,001,61211,Enterococci,44,C2,AVG,Concentration2,#/100mL,44,MPN/100mL,,#/100mL,,02/29/2024
PR0020494,001,61211,Enterococci,105.9,C3,MAX,Concentration3,#/100mL,105.9,MPN/100mL,,#/100mL,,02/29/2024
PR0020494,001,61211,Enterococci,59.5,C3,MAX,Concentration3,#/100mL,59.5,MPN/100mL,,#/100mL,,03/31/2024
PR0020494,001,61211,Enterococci,32,C2,AVG,Concentration2,#/100mL,32,MPN/100mL,,#/100mL,,03/31/2024
PR0020494,001,61211,Enterococci,51.5,C3,MAX,Concentration3,#/100mL,51.5,MPN/100mL,,#/100mL,,04/30/2024
PR0020494,001,61211,Enterococci,22,C2,AVG,Concentration2,#/100mL,22,MPN/100mL,,#/100mL,,04/30/2024
PR0020494,001,61211,Enterococci,49.4,C3,MAX,Concentration3,#/100mL,49.4,MPN/100mL,,#/100mL,,05/31/2024
PR0020494,001,61211,Enterococci,25,C2,AVG,Concentration2,#/100mL,25,MPN/100mL,,#/100mL,,05/31/2024
PR0020494,001,61211,Enterococci,31,C2,AVG,Concentration2,#/100mL,31,MPN/100mL,,#/100mL,,06/30/2024
PR0020494,001,61211,Enterococci,95.7,C3,MAX,Concentration3,#/100mL,95.7,MPN/100mL,,#/100mL,,06/30/2024
PR0020494,001,61211,Enterococci,28,C2,AVG,Concentration2,#/100mL,28,MPN/100mL,,#/100mL,,07/31/2024
PR0020494,001,61211,Enterococci,95.7,C3,MAX,Concentration3,#/100mL,95.7,MPN/100mL,,#/100mL,,07/31/2024
PR0020494,001,61211,Enterococci,15,C2,AVG,Concentration2,#/100mL,15,MPN/100mL,,#/100mL,,08/31/2024
PR0020494,001,61211,Enterococci,87.9,C3,MAX,Concentration3,#/100mL,87.9,MPN/100mL,,#/100mL,,08/31/2024
PR0020494,001,61211,Enterococci,32.9,C3,MAX,Concentration3,#/100mL,32.9,MPN/100mL,,#/100mL,,09/30/2024
PR0020494,001,61211,Enterococci,12,C2,AVG,Concentration2,#/100mL,12,MPN/100mL,,#/100mL,,09/30/2024
PR0020494,001,61211,Enterococci,36.3,C3,MAX,Concentration3,#/100mL,36.3,MPN/100mL,,#/100mL,,10/31/2024
PR0020494,001,61211,Enterococci,14,C2,AVG,Concentration2,#/100mL,14,MPN/100mL,,#/100mL,,10/31/2024
PR0020494,001,61211,Enterococci,36.3,C3,MAX,Concentration3,#/100mL,36.3,MPN/100mL,,#/100mL,,11/30/2024
PR0020494,001,61211,Enterococci,14,C2,AVG,Concentration2,#/100mL,14,MPN/100mL,,#/100mL,,11/30/2024
PR0020494,001,61211,Enterococci,13,C2,AVG,Concentration2,#/100mL,13,MPN/100mL,,#/100mL,,12/31/2024
PR0020494,001,61211,Enterococci,30.6,C3,MAX,Concentration3,#/100mL,30.6,MPN/100mL,,#/100mL,,12/31/2024
PR0020494,001,61211,Enterococci,27,C2,AVG,Concentration2,#/100mL,27,MPN/100mL,,#/100mL,,01/31/2025
PR0020494,001,61211,Enterococci,313.4,C3,MAX,Concentration3,#/100mL,313.4,MPN/100mL,,#/100mL,,01/31/2025
PR0020494,001,61211,Enterococci,62,C2,AVG,Concentration2,#/100mL,62,MPN/100mL,,#/100mL,,02/28/2025
PR0020494,001,61211,Enterococci,332.1,C3,MAX,Concentration3,#/100mL,332.1,MPN/100mL,,#/100mL,,02/28/2025
PR0020494,001,61211,Enterococci,332.1,C3,MAX,Concentration3,#/100mL,332.1,MPN/100mL,,#/100mL,,03/31/2025
PR0020494,001,61211,Enterococci,53,C2,AVG,Concentration2,#/100mL,53,MPN/100mL,,#/100mL,,03/31/2025
PR0020494,001,61211,Enterococci,57,C2,AVG,Concentration2,#/100mL,57,MPN/100mL,,#/100mL,,04/30/2025
PR0020494,001,61211,Enterococci,241.3,C3,MAX,Concentration3,#/100mL,241.3,MPN/100mL,,#/100mL,,04/30/2025
PR0020494,001,61211,Enterococci,241.3,C3,MAX,Concentration3,#/100mL,241.3,MPN/100mL,,#/100mL,,05/31/2025
PR0020494,001,61211,Enterococci,31,C2,AVG,Concentration2,#/100mL,31,MPN/100mL,,#/100mL,,05/31/2025
PR0020494,001,61211,Enterococci,241.3,C3,MAX,Concentration3,#/100mL,241.3,MPN/100mL,,#/100mL,,06/30/2025
PR0020494,001,61211,Enterococci,42,C2,AVG,Concentration2,#/100mL,42,MPN/100mL,,#/100mL,,06/30/2025
PR0020494,001,61211,Enterococci,53.4,C3,MAX,Concentration3,#/100mL,53.4,MPN/100mL,,#/100mL,,07/31/2025
PR0020494,001,61211,Enterococci,22,C2,AVG,Concentration2,#/100mL,22,MPN/100mL,,#/100mL,,07/31/2025
PR0020494,001,61211,Enterococci,1238,C3,MAX,Concentration3,#/100mL,1238,MPN/100mL,,#/100mL,,08/31/2025
PR0020494,001,61211,Enterococci,54,C2,AVG,Concentration2,#/100mL,54,MPN/100mL,,#/100mL,,08/31/2025
PR0020494,001,61211,Enterococci,370.5,C3,MAX,Concentration3,#/100mL,370.5,MPN/100mL,,#/100mL,,09/30/2025
PR0020494,001,61211,Enterococci,59,C2,AVG,Concentration2,#/100mL,59,MPN/100mL,,#/100mL,,09/30/2025
PR0020494,001,61211,Enterococci,1860,C3,MAX,Concentration3,#/100mL,1860,MPN/100mL,,#/100mL,,10/31/2025
PR0020494,001,61211,Enterococci,115,C2,AVG,Concentration2,#/100mL,115,MPN/100mL,,#/100mL,,10/31/2025
PR0020494,001,61211,Enterococci,742.4,C3,MAX,Concentration3,#/100mL,742.4,MPN/100mL,,#/100mL,,11/30/2025
PR0020494,001,61211,Enterococci,91,C2,AVG,Concentration2,#/100mL,91,MPN/100mL,,#/100mL,,11/30/2025
PR0020494,001,61211,Enterococci,1860,C3,MAX,Concentration3,#/100mL,1860,MPN/100mL,,#/100mL,,12/31/2025
PR0020494,001,61211,Enterococci,158,C2,AVG,Concentration2,#/100mL,158,MPN/100mL,,#/100mL,,12/31/2025
PR0020494,001,61211,Enterococci,1382,C3,MAX,Concentration3,#/100mL,1382,MPN/100mL,,#/100mL,,01/31/2026
PR0020494,001,61211,Enterococci,135,C2,AVG,Concentration2,#/100mL,135,MPN/100mL,,#/100mL,,01/31/2026
PR0020494,001,70295,"Solids, total dissolved",530,C3,MAX,Concentration3,mg/L,530,mg/L,745,mg/L,,01/31/2020
PR0020494,001,70295,"Solids, total dissolved",490,C3,MAX,Concentration3,mg/L,490,mg/L,745,mg/L,,02/29/2020
PR0020494,001,70295,"Solids, total dissolved",580,C3,MAX,Concentration3,mg/L,580,mg/L,745,mg/L,,03/31/2020
PR0020494,001,70295,"Solids, total dissolved",620,C3,MAX,Concentration3,mg/L,620,mg/L,745,mg/L,,04/30/2020
PR0020494,001,70295,"Solids, total dissolved",500,C3,MAX,Concentration3,mg/L,500,mg/L,745,mg/L,,05/31/2020
PR0020494,001,70295,"Solids, total dissolved",360,C3,MAX,Concentration3,mg/L,360,mg/L,745,mg/L,,06/30/2020
PR0020494,001,70295,"Solids, total dissolved",550,C3,MAX,Concentration3,mg/L,550,mg/L,745,mg/L,,07/31/2020
PR0020494,001,70295,"Solids, total dissolved",740,C3,MAX,Concentration3,mg/L,740,mg/L,745,mg/L,,08/31/2020
PR0020494,001,70295,"Solids, total dissolved",570,C3,MAX,Concentration3,mg/L,570,mg/L,745,mg/L,,09/30/2020
PR0020494,001,70295,"Solids, total dissolved",540,C3,MAX,Concentration3,mg/L,540,mg/L,745,mg/L,,10/31/2020
PR0020494,001,70295,"Solids, total dissolved",490,C3,MAX,Concentration3,mg/L,490,mg/L,745,mg/L,,11/30/2020
PR0020494,001,70295,"Solids, total dissolved",580,C3,MAX,Concentration3,mg/L,580,mg/L,745,mg/L,,12/31/2020
PR0020494,001,70295,"Solids, total dissolved",550,C3,MAX,Concentration3,mg/L,550,mg/L,745,mg/L,,01/31/2021
PR0020494,001,70295,"Solids, total dissolved",570,C3,MAX,Concentration3,mg/L,570,mg/L,745,mg/L,,02/28/2021
PR0020494,001,70295,"Solids, total dissolved",550,C3,MAX,Concentration3,mg/L,550,mg/L,745,mg/L,,03/31/2021
PR0020494,001,70295,"Solids, total dissolved",540,C3,MAX,Concentration3,mg/L,540,mg/L,745,mg/L,,04/30/2021
PR0020494,001,70295,"Solids, total dissolved",560,C3,MAX,Concentration3,mg/L,560,mg/L,745,mg/L,,05/31/2021
PR0020494,001,70295,"Solids, total dissolved",680,C3,MAX,Concentration3,mg/L,680,mg/L,745,mg/L,,06/30/2021
PR0020494,001,70295,"Solids, total dissolved",590,C3,MAX,Concentration3,mg/L,590,mg/L,745,mg/L,,07/31/2021
PR0020494,001,70295,"Solids, total dissolved",600,C3,MAX,Concentration3,mg/L,600,mg/L,745,mg/L,,08/31/2021
PR0020494,001,70295,"Solids, total dissolved",620,C3,MAX,Concentration3,mg/L,620,mg/L,745,mg/L,,09/30/2021
PR0020494,001,70295,"Solids, total dissolved",570,C3,MAX,Concentration3,mg/L,570,mg/L,745,mg/L,,10/31/2021
PR0020494,001,70295,"Solids, total dissolved",600,C3,MAX,Concentration3,mg/L,600,mg/L,745,mg/L,,11/30/2021
PR0020494,001,70295,"Solids, total dissolved",500,C3,MAX,Concentration3,mg/L,500,mg/L,745,mg/L,,12/31/2021
PR0020494,001,70295,"Solids, total dissolved",480,C3,MAX,Concentration3,mg/L,480,mg/L,745,mg/L,,01/31/2022
PR0020494,001,70295,"Solids, total dissolved",490,C3,MAX,Concentration3,mg/L,490,mg/L,745,mg/L,,02/28/2022
PR0020494,001,70295,"Solids, total dissolved",500,C3,MAX,Concentration3,mg/L,500,mg/L,745,mg/L,,03/31/2022
PR0020494,001,70295,"Solids, total dissolved",530,C3,MAX,Concentration3,mg/L,530,mg/L,745,mg/L,,04/30/2022
PR0020494,001,70295,"Solids, total dissolved",540,C3,MAX,Concentration3,mg/L,540,mg/L,745,mg/L,,05/31/2022
PR0020494,001,70295,"Solids, total dissolved",560,C3,MAX,Concentration3,mg/L,560,mg/L,745,mg/L,,06/30/2022
PR0020494,001,70295,"Solids, total dissolved",550,C3,MAX,Concentration3,mg/L,550,mg/L,745,mg/L,,07/31/2022
PR0020494,001,70295,"Solids, total dissolved",460,C3,MAX,Concentration3,mg/L,460,mg/L,745,mg/L,,08/31/2022
PR0020494,001,70295,"Solids, total dissolved",510,C3,MAX,Concentration3,mg/L,510,mg/L,745,mg/L,,09/30/2022
PR0020494,001,70295,"Solids, total dissolved",500,C3,MAX,Concentration3,mg/L,500,mg/L,745,mg/L,,10/31/2022
PR0020494,001,70295,"Solids, total dissolved",500,C3,MAX,Concentration3,mg/L,500,mg/L,745,mg/L,,11/30/2022
PR0020494,001,70295,"Solids, total dissolved",490,C3,MAX,Concentration3,mg/L,490,mg/L,745,mg/L,,12/31/2022
PR0020494,001,70295,"Solids, total dissolved",560,C3,MAX,Concentration3,mg/L,560,mg/L,745,mg/L,,01/31/2023
PR0020494,001,70295,"Solids, total dissolved",470,C3,MAX,Concentration3,mg/L,470,mg/L,745,mg/L,,02/28/2023
PR0020494,001,70295,"Solids, total dissolved",250,C3,MAX,Concentration3,mg/L,250,mg/L,745,mg/L,,03/31/2023
PR0020494,001,70295,"Solids, total dissolved",520,C3,MAX,Concentration3,mg/L,520,mg/L,745,mg/L,,04/30/2023
PR0020494,001,70295,"Solids, total dissolved",540,C3,MAX,Concentration3,mg/L,540,mg/L,745,mg/L,,05/31/2023
PR0020494,001,70295,"Solids, total dissolved",460,C3,MAX,Concentration3,mg/L,460,mg/L,745,mg/L,,06/30/2023
PR0020494,001,70295,"Solids, total dissolved",570,C3,MAX,Concentration3,mg/L,570,mg/L,745,mg/L,,07/31/2023
PR0020494,001,70295,"Solids, total dissolved",540,C3,MAX,Concentration3,mg/L,540,mg/L,745,mg/L,,08/31/2023
PR0020494,001,70295,"Solids, total dissolved",490,C3,MAX,Concentration3,mg/L,490,mg/L,745,mg/L,,09/30/2023
PR0020494,001,70295,"Solids, total dissolved",390,C3,MAX,Concentration3,mg/L,390,mg/L,745,mg/L,,10/31/2023
PR0020494,001,70295,"Solids, total dissolved",520,C3,MAX,Concentration3,mg/L,520,mg/L,745,mg/L,,11/30/2023
PR0020494,001,70295,"Solids, total dissolved",480,C3,MAX,Concentration3,mg/L,480,mg/L,745,mg/L,,12/31/2023
PR0020494,001,70295,"Solids, total dissolved",540,C3,MAX,Concentration3,mg/L,540,mg/L,745,mg/L,,01/31/2024
PR0020494,001,70295,"Solids, total dissolved",500,C3,MAX,Concentration3,mg/L,500,mg/L,745,mg/L,,02/29/2024
PR0020494,001,70295,"Solids, total dissolved",470,C3,MAX,Concentration3,mg/L,470,mg/L,745,mg/L,,03/31/2024
PR0020494,001,70295,"Solids, total dissolved",560,C3,MAX,Concentration3,mg/L,560,mg/L,745,mg/L,,04/30/2024
PR0020494,001,70295,"Solids, total dissolved",510,C3,MAX,Concentration3,mg/L,510,mg/L,745,mg/L,,05/31/2024
PR0020494,001,70295,"Solids, total dissolved",440,C3,MAX,Concentration3,mg/L,440,mg/L,745,mg/L,,06/30/2024
PR0020494,001,70295,"Solids, total dissolved",430,C3,MAX,Concentration3,mg/L,430,mg/L,745,mg/L,,07/31/2024
PR0020494,001,70295,"Solids, total dissolved",510,C3,MAX,Concentration3,mg/L,510,mg/L,745,mg/L,,08/31/2024
PR0020494,001,70295,"Solids, total dissolved",460,C3,MAX,Concentration3,mg/L,460,mg/L,745,mg/L,,09/30/2024
PR0020494,001,70295,"Solids, total dissolved",490,C3,MAX,Concentration3,mg/L,490,mg/L,745,mg/L,,10/31/2024
PR0020494,001,70295,"Solids, total dissolved",440,C3,MAX,Concentration3,mg/L,440,mg/L,745,mg/L,,11/30/2024
PR0020494,001,70295,"Solids, total dissolved",520,C3,MAX,Concentration3,mg/L,520,mg/L,745,mg/L,,12/31/2024
PR0020494,001,70295,"Solids, total dissolved",260,C3,MAX,Concentration3,mg/L,260,mg/L,745,mg/L,,01/31/2025
PR0020494,001,70295,"Solids, total dissolved",590,C3,MAX,Concentration3,mg/L,590,mg/L,745,mg/L,,02/28/2025
PR0020494,001,70295,"Solids, total dissolved",530,C3,MAX,Concentration3,mg/L,530,mg/L,745,mg/L,,03/31/2025
PR0020494,001,70295,"Solids, total dissolved",520,C3,MAX,Concentration3,mg/L,520,mg/L,745,mg/L,,04/30/2025
PR0020494,001,70295,"Solids, total dissolved",500,C3,MAX,Concentration3,mg/L,500,mg/L,745,mg/L,,05/31/2025
PR0020494,001,70295,"Solids, total dissolved",500,C3,MAX,Concentration3,mg/L,500,mg/L,745,mg/L,,06/30/2025
PR0020494,001,70295,"Solids, total dissolved",520,C3,MAX,Concentration3,mg/L,520,mg/L,745,mg/L,,07/31/2025
PR0020494,001,70295,"Solids, total dissolved",620,C3,MAX,Concentration3,mg/L,620,mg/L,745,mg/L,,08/31/2025
PR0020494,001,70295,"Solids, total dissolved",460,C3,MAX,Concentration3,mg/L,460,mg/L,745,mg/L,,09/30/2025
PR0020494,001,70295,"Solids, total dissolved",530,C3,MAX,Concentration3,mg/L,530,mg/L,745,mg/L,,10/31/2025
PR0020494,001,70295,"Solids, total dissolved",490,C3,MAX,Concentration3,mg/L,490,mg/L,745,mg/L,,11/30/2025
PR0020494,001,70295,"Solids, total dissolved",500,C3,MAX,Concentration3,mg/L,500,mg/L,745,mg/L,,12/31/2025
PR0020494,001,70295,"Solids, total dissolved",340,C3,MAX,Concentration3,mg/L,340,mg/L,745,mg/L,,01/31/2026
PR0020494,001,82230,Ammonia & ammonium- total,60,C3,MAX,Concentration3,ug/L,.06,mg/L,,ug/L,,01/31/2020
PR0020494,001,82230,Ammonia & ammonium- total,381,C3,MAX,Concentration3,ug/L,.38100002,mg/L,,ug/L,,02/29/2020
PR0020494,001,82230,Ammonia & ammonium- total,1733,C3,MAX,Concentration3,ug/L,1.73300008,mg/L,,ug/L,,03/31/2020
PR0020494,001,82230,Ammonia & ammonium- total,4202,C3,MAX,Concentration3,ug/L,4.2020002,mg/L,,ug/L,,04/30/2020
PR0020494,001,82230,Ammonia & ammonium- total,3219,C3,MAX,Concentration3,ug/L,3.21900015,mg/L,,ug/L,,05/31/2020
PR0020494,001,82230,Ammonia & ammonium- total,1136,C3,MAX,Concentration3,ug/L,1.13600005,mg/L,,ug/L,,06/30/2020
PR0020494,001,82230,Ammonia & ammonium- total,502,C3,MAX,Concentration3,ug/L,.50200002,mg/L,,ug/L,,07/31/2020
PR0020494,001,82230,Ammonia & ammonium- total,148,C3,MAX,Concentration3,ug/L,.14800001,mg/L,,ug/L,,08/31/2020
PR0020494,001,82230,Ammonia & ammonium- total,4941,C3,MAX,Concentration3,ug/L,4.94100023,mg/L,,ug/L,,09/30/2020
PR0020494,001,82230,Ammonia & ammonium- total,3392,C3,MAX,Concentration3,ug/L,3.39200016,mg/L,,ug/L,,10/31/2020
PR0020494,001,82230,Ammonia & ammonium- total,2711,C3,MAX,Concentration3,ug/L,2.71100013,mg/L,,ug/L,,11/30/2020
PR0020494,001,82230,Ammonia & ammonium- total,583,C3,MAX,Concentration3,ug/L,.58300003,mg/L,,ug/L,,12/31/2020
PR0020494,001,82230,Ammonia & ammonium- total,6100,C3,MAX,Concentration3,ug/L,6.10000029,mg/L,,ug/L,,01/31/2021
PR0020494,001,82230,Ammonia & ammonium- total,5800,C3,MAX,Concentration3,ug/L,5.80000028,mg/L,,ug/L,,02/28/2021
PR0020494,001,82230,Ammonia & ammonium- total,6400,C3,MAX,Concentration3,ug/L,6.4000003,mg/L,,ug/L,,03/31/2021
PR0020494,001,82230,Ammonia & ammonium- total,6900,C3,MAX,Concentration3,ug/L,6.90000033,mg/L,,ug/L,,04/30/2021
PR0020494,001,82230,Ammonia & ammonium- total,1612,C3,MAX,Concentration3,ug/L,1.61200008,mg/L,,ug/L,,05/31/2021
PR0020494,001,82230,Ammonia & ammonium- total,4942,C3,MAX,Concentration3,ug/L,4.94200023,mg/L,,ug/L,,06/30/2021
PR0020494,001,82230,Ammonia & ammonium- total,347,C3,MAX,Concentration3,ug/L,.34700002,mg/L,,ug/L,,07/31/2021
PR0020494,001,82230,Ammonia & ammonium- total,1295,C3,MAX,Concentration3,ug/L,1.29500006,mg/L,,ug/L,,08/31/2021
PR0020494,001,82230,Ammonia & ammonium- total,17400,C3,MAX,Concentration3,ug/L,17.40000083,mg/L,,ug/L,,09/30/2021
PR0020494,001,82230,Ammonia & ammonium- total,1750,C3,MAX,Concentration3,ug/L,1.75000008,mg/L,,ug/L,,10/31/2021
PR0020494,001,82230,Ammonia & ammonium- total,1844,C3,MAX,Concentration3,ug/L,1.84400009,mg/L,,ug/L,,11/30/2021
PR0020494,001,82230,Ammonia & ammonium- total,2855,C3,MAX,Concentration3,ug/L,2.85500014,mg/L,,ug/L,,12/31/2021
PR0020494,001,82230,Ammonia & ammonium- total,515,C3,MAX,Concentration3,ug/L,.51500002,mg/L,,ug/L,,01/31/2022
PR0020494,001,82230,Ammonia & ammonium- total,790,C3,MAX,Concentration3,ug/L,.79000004,mg/L,,ug/L,,02/28/2022
PR0020494,001,82230,Ammonia & ammonium- total,1592,C3,MAX,Concentration3,ug/L,1.59200008,mg/L,,ug/L,,03/31/2022
PR0020494,001,82230,Ammonia & ammonium- total,100,C3,MAX,Concentration3,ug/L,.1,mg/L,,ug/L,,04/30/2022
PR0020494,001,82230,Ammonia & ammonium- total,100,C3,MAX,Concentration3,ug/L,.1,mg/L,,ug/L,,05/31/2022
PR0020494,001,82230,Ammonia & ammonium- total,1890,C3,MAX,Concentration3,ug/L,1.89000009,mg/L,,ug/L,,06/30/2022
PR0020494,001,82230,Ammonia & ammonium- total,480,C3,MAX,Concentration3,ug/L,.48000002,mg/L,,ug/L,,07/31/2022
PR0020494,001,82230,Ammonia & ammonium- total,970,C3,MAX,Concentration3,ug/L,.97000005,mg/L,,ug/L,,08/31/2022
PR0020494,001,82230,Ammonia & ammonium- total,3470,C3,MAX,Concentration3,ug/L,3.47000016,mg/L,,ug/L,,09/30/2022
PR0020494,001,82230,Ammonia & ammonium- total,4210,C3,MAX,Concentration3,ug/L,4.2100002,mg/L,,ug/L,,10/31/2022
PR0020494,001,82230,Ammonia & ammonium- total,1590,C3,MAX,Concentration3,ug/L,1.59000008,mg/L,,ug/L,,11/30/2022
PR0020494,001,82230,Ammonia & ammonium- total,1460,C3,MAX,Concentration3,ug/L,1.46000007,mg/L,,ug/L,,12/31/2022
PR0020494,001,82230,Ammonia & ammonium- total,4730,C3,MAX,Concentration3,ug/L,4.73000022,mg/L,,ug/L,,01/31/2023
PR0020494,001,82230,Ammonia & ammonium- total,1990,C3,MAX,Concentration3,ug/L,1.99000009,mg/L,,ug/L,,02/28/2023
PR0020494,001,82230,Ammonia & ammonium- total,440,C3,MAX,Concentration3,ug/L,.44000002,mg/L,,ug/L,,03/31/2023
PR0020494,001,82230,Ammonia & ammonium- total,100,C3,MAX,Concentration3,ug/L,.1,mg/L,,ug/L,,04/30/2023
PR0020494,001,82230,Ammonia & ammonium- total,1950,C3,MAX,Concentration3,ug/L,1.95000009,mg/L,,ug/L,,05/31/2023
PR0020494,001,82230,Ammonia & ammonium- total,4020,C3,MAX,Concentration3,ug/L,4.02000019,mg/L,,ug/L,,06/30/2023
PR0020494,001,82230,Ammonia & ammonium- total,3000,C3,MAX,Concentration3,ug/L,3.00000014,mg/L,,ug/L,,07/31/2023
PR0020494,001,82230,Ammonia & ammonium- total,100,C3,MAX,Concentration3,ug/L,.1,mg/L,,ug/L,,08/31/2023
PR0020494,001,82230,Ammonia & ammonium- total,1370,C3,MAX,Concentration3,ug/L,1.37000007,mg/L,,ug/L,,09/30/2023
PR0020494,001,82230,Ammonia & ammonium- total,7030,C3,MAX,Concentration3,ug/L,7.03000033,mg/L,,ug/L,,10/31/2023
PR0020494,001,82230,Ammonia & ammonium- total,200,C3,MAX,Concentration3,ug/L,.20000001,mg/L,,ug/L,,11/30/2023
PR0020494,001,82230,Ammonia & ammonium- total,480,C3,MAX,Concentration3,ug/L,.48000002,mg/L,,ug/L,,12/31/2023
PR0020494,001,82230,Ammonia & ammonium- total,620,C3,MAX,Concentration3,ug/L,.62000003,mg/L,,ug/L,,01/31/2024
PR0020494,001,82230,Ammonia & ammonium- total,3200,C3,MAX,Concentration3,ug/L,3.20000015,mg/L,,ug/L,,02/29/2024
PR0020494,001,82230,Ammonia & ammonium- total,3280,C3,MAX,Concentration3,ug/L,3.28000016,mg/L,,ug/L,,03/31/2024
PR0020494,001,82230,Ammonia & ammonium- total,160,C3,MAX,Concentration3,ug/L,.16000001,mg/L,,ug/L,,04/30/2024
PR0020494,001,82230,Ammonia & ammonium- total,1760,C3,MAX,Concentration3,ug/L,1.76000008,mg/L,,ug/L,,05/31/2024
PR0020494,001,82230,Ammonia & ammonium- total,2130,C3,MAX,Concentration3,ug/L,2.1300001,mg/L,,ug/L,,06/30/2024
PR0020494,001,82230,Ammonia & ammonium- total,1940,C3,MAX,Concentration3,ug/L,1.94000009,mg/L,,ug/L,,07/31/2024
PR0020494,001,82230,Ammonia & ammonium- total,100,C3,MAX,Concentration3,ug/L,.1,mg/L,,ug/L,,08/31/2024
PR0020494,001,82230,Ammonia & ammonium- total,1320,C3,MAX,Concentration3,ug/L,1.32000006,mg/L,,ug/L,,09/30/2024
PR0020494,001,82230,Ammonia & ammonium- total,3190,C3,MAX,Concentration3,ug/L,3.19000015,mg/L,,ug/L,,10/31/2024
PR0020494,001,82230,Ammonia & ammonium- total,1360,C3,MAX,Concentration3,ug/L,1.36000006,mg/L,,ug/L,,11/30/2024
PR0020494,001,82230,Ammonia & ammonium- total,2810,C3,MAX,Concentration3,ug/L,2.81000013,mg/L,,ug/L,,12/31/2024
PR0020494,001,82230,Ammonia & ammonium- total,660,C3,MAX,Concentration3,ug/L,.66000003,mg/L,,ug/L,,01/31/2025
PR0020494,001,82230,Ammonia & ammonium- total,6900,C3,MAX,Concentration3,ug/L,6.90000033,mg/L,,ug/L,,02/28/2025
PR0020494,001,82230,Ammonia & ammonium- total,2790,C3,MAX,Concentration3,ug/L,2.79000013,mg/L,,ug/L,,03/31/2025
PR0020494,001,82230,Ammonia & ammonium- total,720,C3,MAX,Concentration3,ug/L,.72000003,mg/L,,ug/L,,04/30/2025
PR0020494,001,82230,Ammonia & ammonium- total,2650,C3,MAX,Concentration3,ug/L,2.65000013,mg/L,,ug/L,,05/31/2025
PR0020494,001,82230,Ammonia & ammonium- total,550,C3,MAX,Concentration3,ug/L,.55000003,mg/L,,ug/L,,06/30/2025
PR0020494,001,82230,Ammonia & ammonium- total,340,C3,MAX,Concentration3,ug/L,.34000002,mg/L,,ug/L,,07/31/2025
PR0020494,001,82230,Ammonia & ammonium- total,1000,C3,MAX,Concentration3,ug/L,1.00000005,mg/L,,ug/L,,08/31/2025
PR0020494,001,82230,Ammonia & ammonium- total,2330,C3,MAX,Concentration3,ug/L,2.33000011,mg/L,,ug/L,,09/30/2025
PR0020494,001,82230,Ammonia & ammonium- total,15630,C3,MAX,Concentration3,ug/L,15.63000074,mg/L,,ug/L,,10/31/2025
PR0020494,001,82230,Ammonia & ammonium- total,18190,C3,MAX,Concentration3,ug/L,18.19000086,mg/L,,ug/L,,11/30/2025
PR0020494,001,82230,Ammonia & ammonium- total,6130,C3,MAX,Concentration3,ug/L,6.13000029,mg/L,,ug/L,,12/31/2025
PR0020494,001,82230,Ammonia & ammonium- total,13580,C3,MAX,Concentration3,ug/L,13.58000065,mg/L,,ug/L,,01/31/2026
