npdes_id,perm_feature_nmbr,parameter_code,parameter_desc,dmr_value_nmbr,value_type_code,statistical_base_type_code,value_type_desc,dmr_unit_desc,dmr_value_standard_units,standard_unit_desc,limit_value_nmbr,limit_unit_desc,nodi_code,monitoring_period_end_date
PR0023990,001,00010,"Temperature, water deg. centigrade",25.5,C3,MAX,Concentration3,deg C,25.5,deg C,32.2,deg C,,01/31/2020
PR0023990,001,00010,"Temperature, water deg. centigrade",26.5,C3,MAX,Concentration3,deg C,26.5,deg C,32.2,deg C,,02/29/2020
PR0023990,001,00010,"Temperature, water deg. centigrade",27.1,C3,MAX,Concentration3,deg C,27.1,deg C,32.2,deg C,,03/31/2020
PR0023990,001,00010,"Temperature, water deg. centigrade",28.9,C3,MAX,Concentration3,deg C,28.9,deg C,32.2,deg C,,04/30/2020
PR0023990,001,00010,"Temperature, water deg. centigrade",28.9,C3,MAX,Concentration3,deg C,28.9,deg C,32.2,deg C,,05/31/2020
PR0023990,001,00010,"Temperature, water deg. centigrade",28.6,C3,MAX,Concentration3,deg C,28.6,deg C,32.2,deg C,,06/30/2020
PR0023990,001,00010,"Temperature, water deg. centigrade",28.1,C3,MAX,Concentration3,deg C,28.1,deg C,32.2,deg C,,07/31/2020
PR0023990,001,00010,"Temperature, water deg. centigrade",28,C3,MAX,Concentration3,deg C,28,deg C,32.2,deg C,,08/31/2020
PR0023990,001,00010,"Temperature, water deg. centigrade",27,C3,MAX,Concentration3,deg C,27,deg C,32.2,deg C,,09/30/2020
PR0023990,001,00010,"Temperature, water deg. centigrade",26.7,C3,MAX,Concentration3,deg C,26.7,deg C,32.2,deg C,,10/31/2020
PR0023990,001,00010,"Temperature, water deg. centigrade",26.2,C3,MAX,Concentration3,deg C,26.2,deg C,32.2,deg C,,11/30/2020
PR0023990,001,00010,"Temperature, water deg. centigrade",25.9,C3,MAX,Concentration3,deg C,25.9,deg C,32.2,deg C,,12/31/2020
PR0023990,001,00010,"Temperature, water deg. centigrade",26.1,C3,MAX,Concentration3,deg C,26.1,deg C,32.2,deg C,,01/31/2021
PR0023990,001,00010,"Temperature, water deg. centigrade",25.1,C3,MAX,Concentration3,deg C,25.1,deg C,32.2,deg C,,02/28/2021
PR0023990,001,00010,"Temperature, water deg. centigrade",26.3,C3,MAX,Concentration3,deg C,26.3,deg C,32.2,deg C,,03/31/2021
PR0023990,001,00010,"Temperature, water deg. centigrade",27.6,C3,MAX,Concentration3,deg C,27.6,deg C,32.2,deg C,,04/30/2021
PR0023990,001,00010,"Temperature, water deg. centigrade",27.9,C3,MAX,Concentration3,deg C,27.9,deg C,32.2,deg C,,05/31/2021
PR0023990,001,00010,"Temperature, water deg. centigrade",28.3,C3,MAX,Concentration3,deg C,28.3,deg C,32.2,deg C,,06/30/2021
PR0023990,001,00010,"Temperature, water deg. centigrade",28.1,C3,MAX,Concentration3,deg C,28.1,deg C,32.2,deg C,,07/31/2021
PR0023990,001,00010,"Temperature, water deg. centigrade",27.5,C3,MAX,Concentration3,deg C,27.5,deg C,32.2,deg C,,08/31/2021
PR0023990,001,00010,"Temperature, water deg. centigrade",27.4,C3,MAX,Concentration3,deg C,27.4,deg C,32.2,deg C,,09/30/2021
PR0023990,001,00010,"Temperature, water deg. centigrade",28.1,C3,MAX,Concentration3,deg C,28.1,deg C,32.2,deg C,,10/31/2021
PR0023990,001,00010,"Temperature, water deg. centigrade",25.8,C3,MAX,Concentration3,deg C,25.8,deg C,32.2,deg C,,11/30/2021
PR0023990,001,00010,"Temperature, water deg. centigrade",25.8,C3,MAX,Concentration3,deg C,25.8,deg C,32.2,deg C,,12/31/2021
PR0023990,001,00010,"Temperature, water deg. centigrade",24.8,C3,MAX,Concentration3,deg C,24.8,deg C,32.2,deg C,,01/31/2022
PR0023990,001,00010,"Temperature, water deg. centigrade",25.8,C3,MAX,Concentration3,deg C,25.8,deg C,32.2,deg C,,02/28/2022
PR0023990,001,00010,"Temperature, water deg. centigrade",26.5,C3,MAX,Concentration3,deg C,26.5,deg C,32.2,deg C,,03/31/2022
PR0023990,001,00010,"Temperature, water deg. centigrade",26.7,C3,MAX,Concentration3,deg C,26.7,deg C,32.2,deg C,,04/30/2022
PR0023990,001,00010,"Temperature, water deg. centigrade",28.9,C3,MAX,Concentration3,deg C,28.9,deg C,32.2,deg C,,05/31/2022
PR0023990,001,00010,"Temperature, water deg. centigrade",28.6,C3,MAX,Concentration3,deg C,28.6,deg C,32.2,deg C,,06/30/2022
PR0023990,001,00010,"Temperature, water deg. centigrade",28.1,C3,MAX,Concentration3,deg C,28.1,deg C,32.2,deg C,,07/31/2022
PR0023990,001,00010,"Temperature, water deg. centigrade",27.3,C3,MAX,Concentration3,deg C,27.3,deg C,32.2,deg C,,08/31/2022
PR0023990,001,00010,"Temperature, water deg. centigrade",28,C3,MAX,Concentration3,deg C,28,deg C,32.2,deg C,,09/30/2022
PR0023990,001,00010,"Temperature, water deg. centigrade",26.6,C3,MAX,Concentration3,deg C,26.6,deg C,32.2,deg C,,10/31/2022
PR0023990,001,00010,"Temperature, water deg. centigrade",26.1,C3,MAX,Concentration3,deg C,26.1,deg C,32.2,deg C,,11/30/2022
PR0023990,001,00010,"Temperature, water deg. centigrade",25.1,C3,MAX,Concentration3,deg C,25.1,deg C,32.2,deg C,,12/31/2022
PR0023990,001,00010,"Temperature, water deg. centigrade",24.7,C3,MAX,Concentration3,deg C,24.7,deg C,32.2,deg C,,01/31/2023
PR0023990,001,00010,"Temperature, water deg. centigrade",27,C3,MAX,Concentration3,deg C,27,deg C,32.2,deg C,,02/28/2023
PR0023990,001,00010,"Temperature, water deg. centigrade",27.7,C3,MAX,Concentration3,deg C,27.7,deg C,32.2,deg C,,03/31/2023
PR0023990,001,00010,"Temperature, water deg. centigrade",28.8,C3,MAX,Concentration3,deg C,28.8,deg C,32.2,deg C,,04/30/2023
PR0023990,001,00010,"Temperature, water deg. centigrade",28.9,C3,MAX,Concentration3,deg C,28.9,deg C,32.2,deg C,,05/31/2023
PR0023990,001,00010,"Temperature, water deg. centigrade",30.9,C3,MAX,Concentration3,deg C,30.9,deg C,32.2,deg C,,06/30/2023
PR0023990,001,00010,"Temperature, water deg. centigrade",30.9,C3,MAX,Concentration3,deg C,30.9,deg C,32.2,deg C,,07/31/2023
PR0023990,001,00010,"Temperature, water deg. centigrade",29.4,C3,MAX,Concentration3,deg C,29.4,deg C,32.2,deg C,,08/31/2023
PR0023990,001,00010,"Temperature, water deg. centigrade",29.5,C3,MAX,Concentration3,deg C,29.5,deg C,32.2,deg C,,09/30/2023
PR0023990,001,00010,"Temperature, water deg. centigrade",29.3,C3,MAX,Concentration3,deg C,29.3,deg C,32.2,deg C,,10/31/2023
PR0023990,001,00010,"Temperature, water deg. centigrade",27.9,C3,MAX,Concentration3,deg C,27.9,deg C,32.2,deg C,,11/30/2023
PR0023990,001,00010,"Temperature, water deg. centigrade",27.9,C3,MAX,Concentration3,deg C,27.9,deg C,32.2,deg C,,12/31/2023
PR0023990,001,00010,"Temperature, water deg. centigrade",26.4,C3,MAX,Concentration3,deg C,26.4,deg C,32.2,deg C,,01/31/2024
PR0023990,001,00010,"Temperature, water deg. centigrade",27.3,C3,MAX,Concentration3,deg C,27.3,deg C,32.2,deg C,,02/29/2024
PR0023990,001,00010,"Temperature, water deg. centigrade",28.2,C3,MAX,Concentration3,deg C,28.2,deg C,32.2,deg C,,03/31/2024
PR0023990,001,00010,"Temperature, water deg. centigrade",30,C3,MAX,Concentration3,deg C,30,deg C,32.2,deg C,,04/30/2024
PR0023990,001,00010,"Temperature, water deg. centigrade",28.1,C3,MAX,Concentration3,deg C,28.1,deg C,32.2,deg C,,05/31/2024
PR0023990,001,00010,"Temperature, water deg. centigrade",30,C3,MAX,Concentration3,deg C,30,deg C,32.2,deg C,,06/30/2024
PR0023990,001,00010,"Temperature, water deg. centigrade",28.9,C3,MAX,Concentration3,deg C,28.9,deg C,32.2,deg C,,07/31/2024
PR0023990,001,00010,"Temperature, water deg. centigrade",28.3,C3,MAX,Concentration3,deg C,28.3,deg C,32.2,deg C,,08/31/2024
PR0023990,001,00010,"Temperature, water deg. centigrade",28.8,C3,MAX,Concentration3,deg C,28.8,deg C,32.2,deg C,,09/30/2024
PR0023990,001,00010,"Temperature, water deg. centigrade",27.1,C3,MAX,Concentration3,deg C,27.1,deg C,32.2,deg C,,10/31/2024
PR0023990,001,00010,"Temperature, water deg. centigrade",27.4,C3,MAX,Concentration3,deg C,27.4,deg C,32.2,deg C,,11/30/2024
PR0023990,001,00010,"Temperature, water deg. centigrade",26.7,C3,MAX,Concentration3,deg C,26.7,deg C,32.2,deg C,,12/31/2024
PR0023990,001,00010,"Temperature, water deg. centigrade",26.3,C3,MAX,Concentration3,deg C,26.3,deg C,32.2,deg C,,01/31/2025
PR0023990,001,00010,"Temperature, water deg. centigrade",25.7,C3,MAX,Concentration3,deg C,25.7,deg C,32.2,deg C,,02/28/2025
PR0023990,001,00010,"Temperature, water deg. centigrade",26.4,C3,MAX,Concentration3,deg C,26.4,deg C,32.2,deg C,,03/31/2025
PR0023990,001,00010,"Temperature, water deg. centigrade",27.3,C3,MAX,Concentration3,deg C,27.3,deg C,32.2,deg C,,04/30/2025
PR0023990,001,00010,"Temperature, water deg. centigrade",26.9,C3,MAX,Concentration3,deg C,26.9,deg C,32.2,deg C,,05/31/2025
PR0023990,001,00010,"Temperature, water deg. centigrade",27.9,C3,MAX,Concentration3,deg C,27.9,deg C,32.2,deg C,,06/30/2025
PR0023990,001,00010,"Temperature, water deg. centigrade",27.7,C3,MAX,Concentration3,deg C,27.7,deg C,32.2,deg C,,07/31/2025
PR0023990,001,00010,"Temperature, water deg. centigrade",26.9,C3,MAX,Concentration3,deg C,26.9,deg C,32.2,deg C,,08/31/2025
PR0023990,001,00010,"Temperature, water deg. centigrade",26.6,C3,MAX,Concentration3,deg C,26.6,deg C,32.2,deg C,,09/30/2025
PR0023990,001,00010,"Temperature, water deg. centigrade",27.4,C3,MAX,Concentration3,deg C,27.4,deg C,30,deg C,,10/31/2025
PR0023990,001,00010,"Temperature, water deg. centigrade",26.4,C3,MAX,Concentration3,deg C,26.4,deg C,30,deg C,,11/30/2025
PR0023990,001,00010,"Temperature, water deg. centigrade",26.2,C3,MAX,Concentration3,deg C,26.2,deg C,30,deg C,,12/31/2025
PR0023990,001,00010,"Temperature, water deg. centigrade",25.6,C3,MAX,Concentration3,deg C,25.6,deg C,30,deg C,,01/31/2026
PR0023990,001,00070,Turbidity,3.6,C3,MAX,Concentration3,NTU,3.6,NTU,50,NTU,,01/31/2020
PR0023990,001,00070,Turbidity,3.7,C3,MAX,Concentration3,NTU,3.7,NTU,50,NTU,,02/29/2020
PR0023990,001,00070,Turbidity,5.3,C3,MAX,Concentration3,NTU,5.3,NTU,50,NTU,,03/31/2020
PR0023990,001,00070,Turbidity,6.6,C3,MAX,Concentration3,NTU,6.6,NTU,50,NTU,,04/30/2020
PR0023990,001,00070,Turbidity,4.3,C3,MAX,Concentration3,NTU,4.3,NTU,50,NTU,,05/31/2020
PR0023990,001,00070,Turbidity,4.4,C3,MAX,Concentration3,NTU,4.4,NTU,50,NTU,,06/30/2020
PR0023990,001,00070,Turbidity,2.6,C3,MAX,Concentration3,NTU,2.6,NTU,50,NTU,,07/31/2020
PR0023990,001,00070,Turbidity,17,C3,MAX,Concentration3,NTU,17,NTU,50,NTU,,08/31/2020
PR0023990,001,00070,Turbidity,2,C3,MAX,Concentration3,NTU,2,NTU,50,NTU,,09/30/2020
PR0023990,001,00070,Turbidity,4.3,C3,MAX,Concentration3,NTU,4.3,NTU,50,NTU,,10/31/2020
PR0023990,001,00070,Turbidity,4.6,C3,MAX,Concentration3,NTU,4.6,NTU,50,NTU,,11/30/2020
PR0023990,001,00070,Turbidity,1.3,C3,MAX,Concentration3,NTU,1.3,NTU,50,NTU,,12/31/2020
PR0023990,001,00070,Turbidity,1.1,C3,MAX,Concentration3,NTU,1.1,NTU,50,NTU,,01/31/2021
PR0023990,001,00070,Turbidity,4.1,C3,MAX,Concentration3,NTU,4.1,NTU,50,NTU,,02/28/2021
PR0023990,001,00070,Turbidity,3.4,C3,MAX,Concentration3,NTU,3.4,NTU,50,NTU,,03/31/2021
PR0023990,001,00070,Turbidity,3.3,C3,MAX,Concentration3,NTU,3.3,NTU,50,NTU,,04/30/2021
PR0023990,001,00070,Turbidity,2.4,C3,MAX,Concentration3,NTU,2.4,NTU,50,NTU,,05/31/2021
PR0023990,001,00070,Turbidity,2.3,C3,MAX,Concentration3,NTU,2.3,NTU,50,NTU,,06/30/2021
PR0023990,001,00070,Turbidity,3.6,C3,MAX,Concentration3,NTU,3.6,NTU,50,NTU,,07/31/2021
PR0023990,001,00070,Turbidity,3.8,C3,MAX,Concentration3,NTU,3.8,NTU,50,NTU,,08/31/2021
PR0023990,001,00070,Turbidity,3.2,C3,MAX,Concentration3,NTU,3.2,NTU,50,NTU,,09/30/2021
PR0023990,001,00070,Turbidity,2.3,C3,MAX,Concentration3,NTU,2.3,NTU,50,NTU,,10/31/2021
PR0023990,001,00070,Turbidity,6.4,C3,MAX,Concentration3,NTU,6.4,NTU,50,NTU,,11/30/2021
PR0023990,001,00070,Turbidity,3,C3,MAX,Concentration3,NTU,3,NTU,50,NTU,,12/31/2021
PR0023990,001,00070,Turbidity,3,C3,MAX,Concentration3,NTU,3,NTU,50,NTU,,01/31/2022
PR0023990,001,00070,Turbidity,4.2,C3,MAX,Concentration3,NTU,4.2,NTU,50,NTU,,02/28/2022
PR0023990,001,00070,Turbidity,50,C3,MAX,Concentration3,NTU,50,NTU,50,NTU,,03/31/2022
PR0023990,001,00070,Turbidity,2.7,C3,MAX,Concentration3,NTU,2.7,NTU,50,NTU,,04/30/2022
PR0023990,001,00070,Turbidity,5.3,C3,MAX,Concentration3,NTU,5.3,NTU,50,NTU,,05/31/2022
PR0023990,001,00070,Turbidity,4,C3,MAX,Concentration3,NTU,4,NTU,50,NTU,,06/30/2022
PR0023990,001,00070,Turbidity,4.2,C3,MAX,Concentration3,NTU,4.2,NTU,50,NTU,,07/31/2022
PR0023990,001,00070,Turbidity,8.2,C3,MAX,Concentration3,NTU,8.2,NTU,50,NTU,,08/31/2022
PR0023990,001,00070,Turbidity,7,C3,MAX,Concentration3,NTU,7,NTU,50,NTU,,09/30/2022
PR0023990,001,00070,Turbidity,5.7,C3,MAX,Concentration3,NTU,5.7,NTU,50,NTU,,10/31/2022
PR0023990,001,00070,Turbidity,7.1,C3,MAX,Concentration3,NTU,7.1,NTU,50,NTU,,11/30/2022
PR0023990,001,00070,Turbidity,2.7,C3,MAX,Concentration3,NTU,2.7,NTU,50,NTU,,12/31/2022
PR0023990,001,00070,Turbidity,2.9,C3,MAX,Concentration3,NTU,2.9,NTU,50,NTU,,01/31/2023
PR0023990,001,00070,Turbidity,5.7,C3,MAX,Concentration3,NTU,5.7,NTU,50,NTU,,02/28/2023
PR0023990,001,00070,Turbidity,3.9,C3,MAX,Concentration3,NTU,3.9,NTU,50,NTU,,03/31/2023
PR0023990,001,00070,Turbidity,1.9,C3,MAX,Concentration3,NTU,1.9,NTU,50,NTU,,04/30/2023
PR0023990,001,00070,Turbidity,0.3,C3,MAX,Concentration3,NTU,.3,NTU,50,NTU,,05/31/2023
PR0023990,001,00070,Turbidity,11,C3,MAX,Concentration3,NTU,11,NTU,50,NTU,,06/30/2023
PR0023990,001,00070,Turbidity,8.3,C3,MAX,Concentration3,NTU,8.3,NTU,50,NTU,,07/31/2023
PR0023990,001,00070,Turbidity,4.7,C3,MAX,Concentration3,NTU,4.7,NTU,50,NTU,,08/31/2023
PR0023990,001,00070,Turbidity,25,C3,MAX,Concentration3,NTU,25,NTU,50,NTU,,09/30/2023
PR0023990,001,00070,Turbidity,7.8,C3,MAX,Concentration3,NTU,7.8,NTU,50,NTU,,10/31/2023
PR0023990,001,00070,Turbidity,5.3,C3,MAX,Concentration3,NTU,5.3,NTU,50,NTU,,11/30/2023
PR0023990,001,00070,Turbidity,1.8,C3,MAX,Concentration3,NTU,1.8,NTU,50,NTU,,12/31/2023
PR0023990,001,00070,Turbidity,2.6,C3,MAX,Concentration3,NTU,2.6,NTU,50,NTU,,01/31/2024
PR0023990,001,00070,Turbidity,2,C3,MAX,Concentration3,NTU,2,NTU,50,NTU,,02/29/2024
PR0023990,001,00070,Turbidity,1.1,C3,MAX,Concentration3,NTU,1.1,NTU,50,NTU,,03/31/2024
PR0023990,001,00070,Turbidity,1.2,C3,MAX,Concentration3,NTU,1.2,NTU,50,NTU,,04/30/2024
PR0023990,001,00070,Turbidity,3.2,C3,MAX,Concentration3,NTU,3.2,NTU,50,NTU,,05/31/2024
PR0023990,001,00070,Turbidity,4.5,C3,MAX,Concentration3,NTU,4.5,NTU,50,NTU,,06/30/2024
PR0023990,001,00070,Turbidity,4.3,C3,MAX,Concentration3,NTU,4.3,NTU,50,NTU,,07/31/2024
PR0023990,001,00070,Turbidity,3.8,C3,MAX,Concentration3,NTU,3.8,NTU,50,NTU,,08/31/2024
PR0023990,001,00070,Turbidity,2.5,C3,MAX,Concentration3,NTU,2.5,NTU,50,NTU,,09/30/2024
PR0023990,001,00070,Turbidity,6.1,C3,MAX,Concentration3,NTU,6.1,NTU,50,NTU,,10/31/2024
PR0023990,001,00070,Turbidity,3.1,C3,MAX,Concentration3,NTU,3.1,NTU,50,NTU,,11/30/2024
PR0023990,001,00070,Turbidity,4.7,C3,MAX,Concentration3,NTU,4.7,NTU,50,NTU,,12/31/2024
PR0023990,001,00070,Turbidity,3,C3,MAX,Concentration3,NTU,3,NTU,50,NTU,,01/31/2025
PR0023990,001,00070,Turbidity,5.1,C3,MAX,Concentration3,NTU,5.1,NTU,50,NTU,,02/28/2025
PR0023990,001,00070,Turbidity,3.1,C3,MAX,Concentration3,NTU,3.1,NTU,50,NTU,,03/31/2025
PR0023990,001,00070,Turbidity,17,C3,MAX,Concentration3,NTU,17,NTU,50,NTU,,04/30/2025
PR0023990,001,00070,Turbidity,4.8,C3,MAX,Concentration3,NTU,4.8,NTU,50,NTU,,05/31/2025
PR0023990,001,00070,Turbidity,8.5,C3,MAX,Concentration3,NTU,8.5,NTU,50,NTU,,06/30/2025
PR0023990,001,00070,Turbidity,4.2,C3,MAX,Concentration3,NTU,4.2,NTU,50,NTU,,07/31/2025
PR0023990,001,00070,Turbidity,6.3,C3,MAX,Concentration3,NTU,6.3,NTU,50,NTU,,08/31/2025
PR0023990,001,00070,Turbidity,3.5,C3,MAX,Concentration3,NTU,3.5,NTU,50,NTU,,09/30/2025
PR0023990,001,00070,Turbidity,4.5,C3,MAX,Concentration3,NTU,4.5,NTU,50,NTU,,12/31/2025
PR0023990,001,00080,Color [PT-CO units],15,C3,MAX,Concentration3,col unit (pc),15,col unit (pc),15,col unit (pc),,01/31/2020
PR0023990,001,00080,Color [PT-CO units],5,C3,MAX,Concentration3,col unit (pc),5,col unit (pc),15,col unit (pc),,04/30/2020
PR0023990,001,00080,Color [PT-CO units],5,C3,MAX,Concentration3,col unit (pc),5,col unit (pc),15,col unit (pc),,07/31/2020
PR0023990,001,00080,Color [PT-CO units],10,C3,MAX,Concentration3,col unit (pc),10,col unit (pc),15,col unit (pc),,10/31/2020
PR0023990,001,00080,Color [PT-CO units],5,C3,MAX,Concentration3,col unit (pc),5,col unit (pc),15,col unit (pc),,01/31/2021
PR0023990,001,00080,Color [PT-CO units],5,C3,MAX,Concentration3,col unit (pc),5,col unit (pc),15,col unit (pc),,04/30/2021
PR0023990,001,00080,Color [PT-CO units],5,C3,MAX,Concentration3,col unit (pc),5,col unit (pc),15,col unit (pc),,07/31/2021
PR0023990,001,00080,Color [PT-CO units],5,C3,MAX,Concentration3,col unit (pc),5,col unit (pc),15,col unit (pc),,10/31/2021
PR0023990,001,00080,Color [PT-CO units],5,C3,MAX,Concentration3,col unit (pc),5,col unit (pc),15,col unit (pc),,01/31/2022
PR0023990,001,00080,Color [PT-CO units],5,C3,MAX,Concentration3,col unit (pc),5,col unit (pc),15,col unit (pc),,04/30/2022
PR0023990,001,00080,Color [PT-CO units],5,C3,MAX,Concentration3,col unit (pc),5,col unit (pc),15,col unit (pc),,07/31/2022
PR0023990,001,00080,Color [PT-CO units],10,C3,MAX,Concentration3,col unit (pc),10,col unit (pc),15,col unit (pc),,10/31/2022
PR0023990,001,00080,Color [PT-CO units],5,C3,MAX,Concentration3,col unit (pc),5,col unit (pc),15,col unit (pc),,01/31/2023
PR0023990,001,00080,Color [PT-CO units],5,C3,MAX,Concentration3,col unit (pc),5,col unit (pc),15,col unit (pc),,04/30/2023
PR0023990,001,00080,Color [PT-CO units],5,C3,MAX,Concentration3,col unit (pc),5,col unit (pc),15,col unit (pc),,07/31/2023
PR0023990,001,00080,Color [PT-CO units],5,C3,MAX,Concentration3,col unit (pc),5,col unit (pc),15,col unit (pc),,10/31/2023
PR0023990,001,00080,Color [PT-CO units],5,C3,MAX,Concentration3,col unit (pc),5,col unit (pc),15,col unit (pc),,01/31/2024
PR0023990,001,00080,Color [PT-CO units],5,C3,MAX,Concentration3,col unit (pc),5,col unit (pc),15,col unit (pc),,04/30/2024
PR0023990,001,00080,Color [PT-CO units],5,C3,MAX,Concentration3,col unit (pc),5,col unit (pc),15,col unit (pc),,07/31/2024
PR0023990,001,00080,Color [PT-CO units],5,C3,MAX,Concentration3,col unit (pc),5,col unit (pc),15,col unit (pc),,10/31/2024
PR0023990,001,00080,Color [PT-CO units],5,C3,MAX,Concentration3,col unit (pc),5,col unit (pc),15,col unit (pc),,01/31/2025
PR0023990,001,00080,Color [PT-CO units],5,C3,MAX,Concentration3,col unit (pc),5,col unit (pc),15,col unit (pc),,04/30/2025
PR0023990,001,00080,Color [PT-CO units],5,C3,MAX,Concentration3,col unit (pc),5,col unit (pc),15,col unit (pc),,07/31/2025
PR0023990,001,00080,Color [PT-CO units],5,C3,MAX,Concentration3,col unit (pc),5,col unit (pc),15,col unit (pc),,12/31/2025
PR0023990,001,00300,"Oxygen, dissolved [DO]",7.72,C1,MIN,Concentration1,mg/L,7.72,mg/L,5,mg/L,,01/31/2020
PR0023990,001,00300,"Oxygen, dissolved [DO]",8.01,C1,MIN,Concentration1,mg/L,8.01,mg/L,5,mg/L,,02/29/2020
PR0023990,001,00300,"Oxygen, dissolved [DO]",7.44,C1,MIN,Concentration1,mg/L,7.44,mg/L,5,mg/L,,03/31/2020
PR0023990,001,00300,"Oxygen, dissolved [DO]",7.61,C1,MIN,Concentration1,mg/L,7.61,mg/L,5,mg/L,,04/30/2020
PR0023990,001,00300,"Oxygen, dissolved [DO]",7.67,C1,MIN,Concentration1,mg/L,7.67,mg/L,5,mg/L,,05/31/2020
PR0023990,001,00300,"Oxygen, dissolved [DO]",7,C1,MIN,Concentration1,mg/L,7,mg/L,5,mg/L,,06/30/2020
PR0023990,001,00300,"Oxygen, dissolved [DO]",5.93,C1,MIN,Concentration1,mg/L,5.93,mg/L,5,mg/L,,07/31/2020
PR0023990,001,00300,"Oxygen, dissolved [DO]",7.65,C1,MIN,Concentration1,mg/L,7.65,mg/L,5,mg/L,,08/31/2020
PR0023990,001,00300,"Oxygen, dissolved [DO]",6.43,C1,MIN,Concentration1,mg/L,6.43,mg/L,5,mg/L,,09/30/2020
PR0023990,001,00300,"Oxygen, dissolved [DO]",6.75,C1,MIN,Concentration1,mg/L,6.75,mg/L,5,mg/L,,10/31/2020
PR0023990,001,00300,"Oxygen, dissolved [DO]",7.16,C1,MIN,Concentration1,mg/L,7.16,mg/L,5,mg/L,,11/30/2020
PR0023990,001,00300,"Oxygen, dissolved [DO]",8.03,C1,MIN,Concentration1,mg/L,8.03,mg/L,5,mg/L,,12/31/2020
PR0023990,001,00300,"Oxygen, dissolved [DO]",7.84,C1,MIN,Concentration1,mg/L,7.84,mg/L,5,mg/L,,01/31/2021
PR0023990,001,00300,"Oxygen, dissolved [DO]",8.03,C1,MIN,Concentration1,mg/L,8.03,mg/L,5,mg/L,,02/28/2021
PR0023990,001,00300,"Oxygen, dissolved [DO]",7.23,C1,MIN,Concentration1,mg/L,7.23,mg/L,5,mg/L,,03/31/2021
PR0023990,001,00300,"Oxygen, dissolved [DO]",7.67,C1,MIN,Concentration1,mg/L,7.67,mg/L,5,mg/L,,04/30/2021
PR0023990,001,00300,"Oxygen, dissolved [DO]",7.83,C1,MIN,Concentration1,mg/L,7.83,mg/L,5,mg/L,,05/31/2021
PR0023990,001,00300,"Oxygen, dissolved [DO]",7.75,C1,MIN,Concentration1,mg/L,7.75,mg/L,5,mg/L,,06/30/2021
PR0023990,001,00300,"Oxygen, dissolved [DO]",7.22,C1,MIN,Concentration1,mg/L,7.22,mg/L,5,mg/L,,07/31/2021
PR0023990,001,00300,"Oxygen, dissolved [DO]",7.65,C1,MIN,Concentration1,mg/L,7.65,mg/L,5,mg/L,,08/31/2021
PR0023990,001,00300,"Oxygen, dissolved [DO]",6.62,C1,MIN,Concentration1,mg/L,6.62,mg/L,5,mg/L,,09/30/2021
PR0023990,001,00300,"Oxygen, dissolved [DO]",7.64,C1,MIN,Concentration1,mg/L,7.64,mg/L,5,mg/L,,10/31/2021
PR0023990,001,00300,"Oxygen, dissolved [DO]",5.46,C1,MIN,Concentration1,mg/L,5.46,mg/L,5,mg/L,,11/30/2021
PR0023990,001,00300,"Oxygen, dissolved [DO]",6.64,C1,MIN,Concentration1,mg/L,6.64,mg/L,5,mg/L,,12/31/2021
PR0023990,001,00300,"Oxygen, dissolved [DO]",7.86,C1,MIN,Concentration1,mg/L,7.86,mg/L,5,mg/L,,01/31/2022
PR0023990,001,00300,"Oxygen, dissolved [DO]",6.95,C1,MIN,Concentration1,mg/L,6.95,mg/L,5,mg/L,,02/28/2022
PR0023990,001,00300,"Oxygen, dissolved [DO]",6.74,C1,MIN,Concentration1,mg/L,6.74,mg/L,5,mg/L,,03/31/2022
PR0023990,001,00300,"Oxygen, dissolved [DO]",7.98,C1,MIN,Concentration1,mg/L,7.98,mg/L,5,mg/L,,04/30/2022
PR0023990,001,00300,"Oxygen, dissolved [DO]",8.03,C1,MIN,Concentration1,mg/L,8.03,mg/L,5,mg/L,,05/31/2022
PR0023990,001,00300,"Oxygen, dissolved [DO]",7.88,C1,MIN,Concentration1,mg/L,7.88,mg/L,5,mg/L,,06/30/2022
PR0023990,001,00300,"Oxygen, dissolved [DO]",803,C1,MIN,Concentration1,mg/L,803,mg/L,5,mg/L,,07/31/2022
PR0023990,001,00300,"Oxygen, dissolved [DO]",6.14,C1,MIN,Concentration1,mg/L,6.14,mg/L,5,mg/L,,08/31/2022
PR0023990,001,00300,"Oxygen, dissolved [DO]",8,C1,MIN,Concentration1,mg/L,8,mg/L,5,mg/L,,09/30/2022
PR0023990,001,00300,"Oxygen, dissolved [DO]",7.83,C1,MIN,Concentration1,mg/L,7.83,mg/L,5,mg/L,,10/31/2022
PR0023990,001,00300,"Oxygen, dissolved [DO]",8.03,C1,MIN,Concentration1,mg/L,8.03,mg/L,5,mg/L,,11/30/2022
PR0023990,001,00300,"Oxygen, dissolved [DO]",8.07,C1,MIN,Concentration1,mg/L,8.07,mg/L,5,mg/L,,12/31/2022
PR0023990,001,00300,"Oxygen, dissolved [DO]",7.53,C1,MIN,Concentration1,mg/L,7.53,mg/L,5,mg/L,,01/31/2023
PR0023990,001,00300,"Oxygen, dissolved [DO]",7.42,C1,MIN,Concentration1,mg/L,7.42,mg/L,5,mg/L,,02/28/2023
PR0023990,001,00300,"Oxygen, dissolved [DO]",8.03,C1,MIN,Concentration1,mg/L,8.03,mg/L,5,mg/L,,03/31/2023
PR0023990,001,00300,"Oxygen, dissolved [DO]",8.01,C1,MIN,Concentration1,mg/L,8.01,mg/L,5,mg/L,,04/30/2023
PR0023990,001,00300,"Oxygen, dissolved [DO]",7.74,C1,MIN,Concentration1,mg/L,7.74,mg/L,5,mg/L,,05/31/2023
PR0023990,001,00300,"Oxygen, dissolved [DO]",6.46,C1,MIN,Concentration1,mg/L,6.46,mg/L,5,mg/L,,06/30/2023
PR0023990,001,00300,"Oxygen, dissolved [DO]",7.44,C1,MIN,Concentration1,mg/L,7.44,mg/L,5,mg/L,,07/31/2023
PR0023990,001,00300,"Oxygen, dissolved [DO]",7.22,C1,MIN,Concentration1,mg/L,7.22,mg/L,5,mg/L,,08/31/2023
PR0023990,001,00300,"Oxygen, dissolved [DO]",7.58,C1,MIN,Concentration1,mg/L,7.58,mg/L,5,mg/L,,09/30/2023
PR0023990,001,00300,"Oxygen, dissolved [DO]",7.44,C1,MIN,Concentration1,mg/L,7.44,mg/L,5,mg/L,,10/31/2023
PR0023990,001,00300,"Oxygen, dissolved [DO]",7.74,C1,MIN,Concentration1,mg/L,7.74,mg/L,5,mg/L,,11/30/2023
PR0023990,001,00300,"Oxygen, dissolved [DO]",8.01,C1,MIN,Concentration1,mg/L,8.01,mg/L,5,mg/L,,12/31/2023
PR0023990,001,00300,"Oxygen, dissolved [DO]",7.46,C1,MIN,Concentration1,mg/L,7.46,mg/L,5,mg/L,,01/31/2024
PR0023990,001,00300,"Oxygen, dissolved [DO]",8.04,C1,MIN,Concentration1,mg/L,8.04,mg/L,5,mg/L,,02/29/2024
PR0023990,001,00300,"Oxygen, dissolved [DO]",7.78,C1,MIN,Concentration1,mg/L,7.78,mg/L,5,mg/L,,03/31/2024
PR0023990,001,00300,"Oxygen, dissolved [DO]",7.77,C1,MIN,Concentration1,mg/L,7.77,mg/L,5,mg/L,,04/30/2024
PR0023990,001,00300,"Oxygen, dissolved [DO]",6.85,C1,MIN,Concentration1,mg/L,6.85,mg/L,5,mg/L,,05/31/2024
PR0023990,001,00300,"Oxygen, dissolved [DO]",7.89,C1,MIN,Concentration1,mg/L,7.89,mg/L,5,mg/L,,06/30/2024
PR0023990,001,00300,"Oxygen, dissolved [DO]",7.58,C1,MIN,Concentration1,mg/L,7.58,mg/L,5,mg/L,,07/31/2024
PR0023990,001,00300,"Oxygen, dissolved [DO]",7.18,C1,MIN,Concentration1,mg/L,7.18,mg/L,5,mg/L,,08/31/2024
PR0023990,001,00300,"Oxygen, dissolved [DO]",7.52,C1,MIN,Concentration1,mg/L,7.52,mg/L,5,mg/L,,09/30/2024
PR0023990,001,00300,"Oxygen, dissolved [DO]",7.43,C1,MIN,Concentration1,mg/L,7.43,mg/L,5,mg/L,,10/31/2024
PR0023990,001,00300,"Oxygen, dissolved [DO]",8.01,C1,MIN,Concentration1,mg/L,8.01,mg/L,5,mg/L,,11/30/2024
PR0023990,001,00300,"Oxygen, dissolved [DO]",8.1,C1,MIN,Concentration1,mg/L,8.1,mg/L,5,mg/L,,12/31/2024
PR0023990,001,00300,"Oxygen, dissolved [DO]",7.83,C1,MIN,Concentration1,mg/L,7.83,mg/L,5,mg/L,,01/31/2025
PR0023990,001,00300,"Oxygen, dissolved [DO]",7.9,C1,MIN,Concentration1,mg/L,7.9,mg/L,5,mg/L,,02/28/2025
PR0023990,001,00300,"Oxygen, dissolved [DO]",8.09,C1,MIN,Concentration1,mg/L,8.09,mg/L,5,mg/L,,03/31/2025
PR0023990,001,00300,"Oxygen, dissolved [DO]",7.87,C1,MIN,Concentration1,mg/L,7.87,mg/L,5,mg/L,,04/30/2025
PR0023990,001,00300,"Oxygen, dissolved [DO]",8.07,C1,MIN,Concentration1,mg/L,8.07,mg/L,5,mg/L,,05/31/2025
PR0023990,001,00300,"Oxygen, dissolved [DO]",7.82,C1,MIN,Concentration1,mg/L,7.82,mg/L,5,mg/L,,06/30/2025
PR0023990,001,00300,"Oxygen, dissolved [DO]",8.09,C1,MIN,Concentration1,mg/L,8.09,mg/L,5,mg/L,,07/31/2025
PR0023990,001,00300,"Oxygen, dissolved [DO]",6.99,C1,MIN,Concentration1,mg/L,6.99,mg/L,5,mg/L,,08/31/2025
PR0023990,001,00300,"Oxygen, dissolved [DO]",7.84,C1,MIN,Concentration1,mg/L,7.84,mg/L,5,mg/L,,09/30/2025
PR0023990,001,00300,"Oxygen, dissolved [DO]",7.74,C1,MIN,Concentration1,mg/L,7.74,mg/L,5,mg/L,,10/31/2025
PR0023990,001,00300,"Oxygen, dissolved [DO]",7.89,C1,MIN,Concentration1,mg/L,7.89,mg/L,5,mg/L,,11/30/2025
PR0023990,001,00300,"Oxygen, dissolved [DO]",7.97,C1,MIN,Concentration1,mg/L,7.97,mg/L,5,mg/L,,12/31/2025
PR0023990,001,00300,"Oxygen, dissolved [DO]",7.72,C1,MIN,Concentration1,mg/L,7.72,mg/L,5,mg/L,,01/31/2026
PR0023990,001,00310,"BOD, 5-day, 20 deg. C",1,C3,MAX,Concentration3,mg/L,1,mg/L,16,mg/L,,01/31/2020
PR0023990,001,00310,"BOD, 5-day, 20 deg. C",1,C3,MAX,Concentration3,mg/L,1,mg/L,16,mg/L,,02/29/2020
PR0023990,001,00310,"BOD, 5-day, 20 deg. C",2,C3,MAX,Concentration3,mg/L,2,mg/L,16,mg/L,,03/31/2020
PR0023990,001,00310,"BOD, 5-day, 20 deg. C",2,C3,MAX,Concentration3,mg/L,2,mg/L,16,mg/L,,04/30/2020
PR0023990,001,00310,"BOD, 5-day, 20 deg. C",2,C3,MAX,Concentration3,mg/L,2,mg/L,16,mg/L,,05/31/2020
PR0023990,001,00310,"BOD, 5-day, 20 deg. C",1,C3,MAX,Concentration3,mg/L,1,mg/L,16,mg/L,,06/30/2020
PR0023990,001,00310,"BOD, 5-day, 20 deg. C",1,C3,MAX,Concentration3,mg/L,1,mg/L,16,mg/L,,07/31/2020
PR0023990,001,00310,"BOD, 5-day, 20 deg. C",4,C3,MAX,Concentration3,mg/L,4,mg/L,16,mg/L,,08/31/2020
PR0023990,001,00310,"BOD, 5-day, 20 deg. C",3.7,C3,MAX,Concentration3,mg/L,3.7,mg/L,16,mg/L,,09/30/2020
PR0023990,001,00310,"BOD, 5-day, 20 deg. C",2,C3,MAX,Concentration3,mg/L,2,mg/L,16,mg/L,,10/31/2020
PR0023990,001,00310,"BOD, 5-day, 20 deg. C",1,C3,MAX,Concentration3,mg/L,1,mg/L,16,mg/L,,11/30/2020
PR0023990,001,00310,"BOD, 5-day, 20 deg. C",1,C3,MAX,Concentration3,mg/L,1,mg/L,16,mg/L,,12/31/2020
PR0023990,001,00310,"BOD, 5-day, 20 deg. C",2,C3,MAX,Concentration3,mg/L,2,mg/L,16,mg/L,,01/31/2021
PR0023990,001,00310,"BOD, 5-day, 20 deg. C",2,C3,MAX,Concentration3,mg/L,2,mg/L,16,mg/L,,02/28/2021
PR0023990,001,00310,"BOD, 5-day, 20 deg. C",2,C3,MAX,Concentration3,mg/L,2,mg/L,16,mg/L,,03/31/2021
PR0023990,001,00310,"BOD, 5-day, 20 deg. C",2,C3,MAX,Concentration3,mg/L,2,mg/L,16,mg/L,,04/30/2021
PR0023990,001,00310,"BOD, 5-day, 20 deg. C",2,C3,MAX,Concentration3,mg/L,2,mg/L,16,mg/L,,05/31/2021
PR0023990,001,00310,"BOD, 5-day, 20 deg. C",2,C3,MAX,Concentration3,mg/L,2,mg/L,16,mg/L,,06/30/2021
PR0023990,001,00310,"BOD, 5-day, 20 deg. C",94.8,C3,MAX,Concentration3,mg/L,94.8,mg/L,16,mg/L,,07/31/2021
PR0023990,001,00310,"BOD, 5-day, 20 deg. C",2.3,C3,MAX,Concentration3,mg/L,2.3,mg/L,16,mg/L,,08/31/2021
PR0023990,001,00310,"BOD, 5-day, 20 deg. C",2,C3,MAX,Concentration3,mg/L,2,mg/L,16,mg/L,,09/30/2021
PR0023990,001,00310,"BOD, 5-day, 20 deg. C",2,C3,MAX,Concentration3,mg/L,2,mg/L,16,mg/L,,10/31/2021
PR0023990,001,00310,"BOD, 5-day, 20 deg. C",7,C3,MAX,Concentration3,mg/L,7,mg/L,16,mg/L,,11/30/2021
PR0023990,001,00310,"BOD, 5-day, 20 deg. C",2,C3,MAX,Concentration3,mg/L,2,mg/L,16,mg/L,,12/31/2021
PR0023990,001,00310,"BOD, 5-day, 20 deg. C",2,C3,MAX,Concentration3,mg/L,2,mg/L,16,mg/L,,01/31/2022
PR0023990,001,00310,"BOD, 5-day, 20 deg. C",2,C3,MAX,Concentration3,mg/L,2,mg/L,16,mg/L,,02/28/2022
PR0023990,001,00310,"BOD, 5-day, 20 deg. C",2.1,C3,MAX,Concentration3,mg/L,2.1,mg/L,16,mg/L,,03/31/2022
PR0023990,001,00310,"BOD, 5-day, 20 deg. C",2,C3,MAX,Concentration3,mg/L,2,mg/L,16,mg/L,,04/30/2022
PR0023990,001,00310,"BOD, 5-day, 20 deg. C",2,C3,MAX,Concentration3,mg/L,2,mg/L,16,mg/L,,05/31/2022
PR0023990,001,00310,"BOD, 5-day, 20 deg. C",2,C3,MAX,Concentration3,mg/L,2,mg/L,16,mg/L,,06/30/2022
PR0023990,001,00310,"BOD, 5-day, 20 deg. C",2,C3,MAX,Concentration3,mg/L,2,mg/L,16,mg/L,,07/31/2022
PR0023990,001,00310,"BOD, 5-day, 20 deg. C",2,C3,MAX,Concentration3,mg/L,2,mg/L,16,mg/L,,08/31/2022
PR0023990,001,00310,"BOD, 5-day, 20 deg. C",2,C3,MAX,Concentration3,mg/L,2,mg/L,16,mg/L,,09/30/2022
PR0023990,001,00310,"BOD, 5-day, 20 deg. C",2,C3,MAX,Concentration3,mg/L,2,mg/L,16,mg/L,,10/31/2022
PR0023990,001,00310,"BOD, 5-day, 20 deg. C",2,C3,MAX,Concentration3,mg/L,2,mg/L,16,mg/L,,11/30/2022
PR0023990,001,00310,"BOD, 5-day, 20 deg. C",6,C3,MAX,Concentration3,mg/L,6,mg/L,16,mg/L,,12/31/2022
PR0023990,001,00310,"BOD, 5-day, 20 deg. C",2,C3,MAX,Concentration3,mg/L,2,mg/L,16,mg/L,,01/31/2023
PR0023990,001,00310,"BOD, 5-day, 20 deg. C",3,C3,MAX,Concentration3,mg/L,3,mg/L,16,mg/L,,02/28/2023
PR0023990,001,00310,"BOD, 5-day, 20 deg. C",1,C3,MAX,Concentration3,mg/L,1,mg/L,16,mg/L,,03/31/2023
PR0023990,001,00310,"BOD, 5-day, 20 deg. C",2,C3,MAX,Concentration3,mg/L,2,mg/L,16,mg/L,,04/30/2023
PR0023990,001,00310,"BOD, 5-day, 20 deg. C",7,C3,MAX,Concentration3,mg/L,7,mg/L,16,mg/L,,05/31/2023
PR0023990,001,00310,"BOD, 5-day, 20 deg. C",1,C3,MAX,Concentration3,mg/L,1,mg/L,16,mg/L,,06/30/2023
PR0023990,001,00310,"BOD, 5-day, 20 deg. C",1,C3,MAX,Concentration3,mg/L,1,mg/L,16,mg/L,,07/31/2023
PR0023990,001,00310,"BOD, 5-day, 20 deg. C",2,C3,MAX,Concentration3,mg/L,2,mg/L,16,mg/L,,08/31/2023
PR0023990,001,00310,"BOD, 5-day, 20 deg. C",3,C3,MAX,Concentration3,mg/L,3,mg/L,16,mg/L,,09/30/2023
PR0023990,001,00310,"BOD, 5-day, 20 deg. C",2,C3,MAX,Concentration3,mg/L,2,mg/L,16,mg/L,,10/31/2023
PR0023990,001,00310,"BOD, 5-day, 20 deg. C",1,C3,MAX,Concentration3,mg/L,1,mg/L,16,mg/L,,11/30/2023
PR0023990,001,00310,"BOD, 5-day, 20 deg. C",2,C3,MAX,Concentration3,mg/L,2,mg/L,16,mg/L,,12/31/2023
PR0023990,001,00310,"BOD, 5-day, 20 deg. C",1,C3,MAX,Concentration3,mg/L,1,mg/L,16,mg/L,,01/31/2024
PR0023990,001,00310,"BOD, 5-day, 20 deg. C",1,C3,MAX,Concentration3,mg/L,1,mg/L,16,mg/L,,02/29/2024
PR0023990,001,00310,"BOD, 5-day, 20 deg. C",1,C3,MAX,Concentration3,mg/L,1,mg/L,16,mg/L,,03/31/2024
PR0023990,001,00310,"BOD, 5-day, 20 deg. C",1,C3,MAX,Concentration3,mg/L,1,mg/L,16,mg/L,,04/30/2024
PR0023990,001,00310,"BOD, 5-day, 20 deg. C",3,C3,MAX,Concentration3,mg/L,3,mg/L,16,mg/L,,05/31/2024
PR0023990,001,00310,"BOD, 5-day, 20 deg. C",1,C3,MAX,Concentration3,mg/L,1,mg/L,16,mg/L,,06/30/2024
PR0023990,001,00310,"BOD, 5-day, 20 deg. C",1,C3,MAX,Concentration3,mg/L,1,mg/L,16,mg/L,,07/31/2024
PR0023990,001,00310,"BOD, 5-day, 20 deg. C",104,C3,MAX,Concentration3,mg/L,104,mg/L,16,mg/L,,08/31/2024
PR0023990,001,00310,"BOD, 5-day, 20 deg. C",1,C3,MAX,Concentration3,mg/L,1,mg/L,16,mg/L,,09/30/2024
PR0023990,001,00310,"BOD, 5-day, 20 deg. C",1,C3,MAX,Concentration3,mg/L,1,mg/L,16,mg/L,,10/31/2024
PR0023990,001,00310,"BOD, 5-day, 20 deg. C",1,C3,MAX,Concentration3,mg/L,1,mg/L,16,mg/L,,11/30/2024
PR0023990,001,00310,"BOD, 5-day, 20 deg. C",5,C3,MAX,Concentration3,mg/L,5,mg/L,16,mg/L,,12/31/2024
PR0023990,001,00310,"BOD, 5-day, 20 deg. C",1,C3,MAX,Concentration3,mg/L,1,mg/L,16,mg/L,,01/31/2025
PR0023990,001,00310,"BOD, 5-day, 20 deg. C",1,C3,MAX,Concentration3,mg/L,1,mg/L,16,mg/L,,02/28/2025
PR0023990,001,00310,"BOD, 5-day, 20 deg. C",1,C3,MAX,Concentration3,mg/L,1,mg/L,16,mg/L,,03/31/2025
PR0023990,001,00310,"BOD, 5-day, 20 deg. C",4.2,C3,MAX,Concentration3,mg/L,4.2,mg/L,16,mg/L,,04/30/2025
PR0023990,001,00310,"BOD, 5-day, 20 deg. C",2,C3,MAX,Concentration3,mg/L,2,mg/L,16,mg/L,,05/31/2025
PR0023990,001,00310,"BOD, 5-day, 20 deg. C",7,C3,MAX,Concentration3,mg/L,7,mg/L,16,mg/L,,06/30/2025
PR0023990,001,00310,"BOD, 5-day, 20 deg. C",2,C3,MAX,Concentration3,mg/L,2,mg/L,16,mg/L,,07/31/2025
PR0023990,001,00310,"BOD, 5-day, 20 deg. C",2,C3,MAX,Concentration3,mg/L,2,mg/L,16,mg/L,,08/31/2025
PR0023990,001,00310,"BOD, 5-day, 20 deg. C",7.8,C3,MAX,Concentration3,mg/L,7.8,mg/L,16,mg/L,,09/30/2025
PR0023990,001,00310,"BOD, 5-day, 20 deg. C",3.8,C3,MAX,Concentration3,mg/L,3.8,mg/L,16,mg/L,,10/31/2025
PR0023990,001,00310,"BOD, 5-day, 20 deg. C",8.9,C3,MAX,Concentration3,mg/L,8.9,mg/L,16,mg/L,,11/30/2025
PR0023990,001,00310,"BOD, 5-day, 20 deg. C",23.5,C3,MAX,Concentration3,mg/L,23.5,mg/L,16,mg/L,,12/31/2025
PR0023990,001,00310,"BOD, 5-day, 20 deg. C",2,C3,MAX,Concentration3,mg/L,2,mg/L,16,mg/L,,01/31/2026
PR0023990,001,00400,pH,7.75,C1,MIN,Concentration1,SU,7.75,SU,6,SU,,01/31/2020
PR0023990,001,00400,pH,8.14,C3,MAX,Concentration3,SU,8.14,SU,9,SU,,01/31/2020
PR0023990,001,00400,pH,8.33,C3,MAX,Concentration3,SU,8.33,SU,9,SU,,02/29/2020
PR0023990,001,00400,pH,7.34,C1,MIN,Concentration1,SU,7.34,SU,6,SU,,02/29/2020
PR0023990,001,00400,pH,7.52,C1,MIN,Concentration1,SU,7.52,SU,6,SU,,03/31/2020
PR0023990,001,00400,pH,8.21,C3,MAX,Concentration3,SU,8.21,SU,9,SU,,03/31/2020
PR0023990,001,00400,pH,8.23,C3,MAX,Concentration3,SU,8.23,SU,9,SU,,04/30/2020
PR0023990,001,00400,pH,7.8,C1,MIN,Concentration1,SU,7.8,SU,6,SU,,04/30/2020
PR0023990,001,00400,pH,7.5,C1,MIN,Concentration1,SU,7.5,SU,6,SU,,05/31/2020
PR0023990,001,00400,pH,8.12,C3,MAX,Concentration3,SU,8.12,SU,9,SU,,05/31/2020
PR0023990,001,00400,pH,7.96,C3,MAX,Concentration3,SU,7.96,SU,9,SU,,06/30/2020
PR0023990,001,00400,pH,7.31,C1,MIN,Concentration1,SU,7.31,SU,6,SU,,06/30/2020
PR0023990,001,00400,pH,7.38,C1,MIN,Concentration1,SU,7.38,SU,6,SU,,07/31/2020
PR0023990,001,00400,pH,8,C3,MAX,Concentration3,SU,8,SU,9,SU,,07/31/2020
PR0023990,001,00400,pH,8.19,C3,MAX,Concentration3,SU,8.19,SU,9,SU,,08/31/2020
PR0023990,001,00400,pH,7.69,C1,MIN,Concentration1,SU,7.69,SU,6,SU,,08/31/2020
PR0023990,001,00400,pH,7.51,C1,MIN,Concentration1,SU,7.51,SU,6,SU,,09/30/2020
PR0023990,001,00400,pH,7.99,C3,MAX,Concentration3,SU,7.99,SU,9,SU,,09/30/2020
PR0023990,001,00400,pH,8.1,C3,MAX,Concentration3,SU,8.1,SU,9,SU,,10/31/2020
PR0023990,001,00400,pH,7.33,C1,MIN,Concentration1,SU,7.33,SU,6,SU,,10/31/2020
PR0023990,001,00400,pH,7.35,C1,MIN,Concentration1,SU,7.35,SU,6,SU,,11/30/2020
PR0023990,001,00400,pH,8.42,C3,MAX,Concentration3,SU,8.42,SU,9,SU,,11/30/2020
PR0023990,001,00400,pH,8.53,C3,MAX,Concentration3,SU,8.53,SU,9,SU,,12/31/2020
PR0023990,001,00400,pH,7.3,C1,MIN,Concentration1,SU,7.3,SU,6,SU,,12/31/2020
PR0023990,001,00400,pH,7.3,C1,MIN,Concentration1,SU,7.3,SU,6,SU,,01/31/2021
PR0023990,001,00400,pH,8.51,C3,MAX,Concentration3,SU,8.51,SU,9,SU,,01/31/2021
PR0023990,001,00400,pH,8.37,C3,MAX,Concentration3,SU,8.37,SU,9,SU,,02/28/2021
PR0023990,001,00400,pH,7.78,C1,MIN,Concentration1,SU,7.78,SU,6,SU,,02/28/2021
PR0023990,001,00400,pH,7.63,C1,MIN,Concentration1,SU,7.63,SU,6,SU,,03/31/2021
PR0023990,001,00400,pH,8.46,C3,MAX,Concentration3,SU,8.46,SU,9,SU,,03/31/2021
PR0023990,001,00400,pH,8.15,C3,MAX,Concentration3,SU,8.15,SU,9,SU,,04/30/2021
PR0023990,001,00400,pH,7.21,C1,MIN,Concentration1,SU,7.21,SU,6,SU,,04/30/2021
PR0023990,001,00400,pH,7.81,C1,MIN,Concentration1,SU,7.81,SU,6,SU,,05/31/2021
PR0023990,001,00400,pH,8.47,C3,MAX,Concentration3,SU,8.47,SU,9,SU,,05/31/2021
PR0023990,001,00400,pH,8.31,C3,MAX,Concentration3,SU,8.31,SU,9,SU,,06/30/2021
PR0023990,001,00400,pH,7.31,C1,MIN,Concentration1,SU,7.31,SU,6,SU,,06/30/2021
PR0023990,001,00400,pH,7.83,C1,MIN,Concentration1,SU,7.83,SU,6,SU,,07/31/2021
PR0023990,001,00400,pH,8.16,C3,MAX,Concentration3,SU,8.16,SU,9,SU,,07/31/2021
PR0023990,001,00400,pH,8.07,C3,MAX,Concentration3,SU,8.07,SU,9,SU,,08/31/2021
PR0023990,001,00400,pH,7.59,C1,MIN,Concentration1,SU,7.59,SU,6,SU,,08/31/2021
PR0023990,001,00400,pH,7.43,C1,MIN,Concentration1,SU,7.43,SU,6,SU,,09/30/2021
PR0023990,001,00400,pH,8.19,C3,MAX,Concentration3,SU,8.19,SU,9,SU,,09/30/2021
PR0023990,001,00400,pH,8.13,C3,MAX,Concentration3,SU,8.13,SU,9,SU,,10/31/2021
PR0023990,001,00400,pH,7.6,C1,MIN,Concentration1,SU,7.6,SU,6,SU,,10/31/2021
PR0023990,001,00400,pH,7.12,C1,MIN,Concentration1,SU,7.12,SU,6,SU,,11/30/2021
PR0023990,001,00400,pH,7.8,C3,MAX,Concentration3,SU,7.8,SU,9,SU,,11/30/2021
PR0023990,001,00400,pH,8.19,C3,MAX,Concentration3,SU,8.19,SU,9,SU,,12/31/2021
PR0023990,001,00400,pH,7.69,C1,MIN,Concentration1,SU,7.69,SU,6,SU,,12/31/2021
PR0023990,001,00400,pH,8.23,C3,MAX,Concentration3,SU,8.23,SU,9,SU,,01/31/2022
PR0023990,001,00400,pH,7.69,C1,MIN,Concentration1,SU,7.69,SU,6,SU,,01/31/2022
PR0023990,001,00400,pH,7.35,C1,MIN,Concentration1,SU,7.35,SU,6,SU,,02/28/2022
PR0023990,001,00400,pH,8.01,C3,MAX,Concentration3,SU,8.01,SU,9,SU,,02/28/2022
PR0023990,001,00400,pH,7.37,C1,MIN,Concentration1,SU,7.37,SU,6,SU,,03/31/2022
PR0023990,001,00400,pH,8.06,C3,MAX,Concentration3,SU,8.06,SU,9,SU,,03/31/2022
PR0023990,001,00400,pH,7.61,C1,MIN,Concentration1,SU,7.61,SU,6,SU,,04/30/2022
PR0023990,001,00400,pH,8.15,C3,MAX,Concentration3,SU,8.15,SU,9,SU,,04/30/2022
PR0023990,001,00400,pH,8.29,C3,MAX,Concentration3,SU,8.29,SU,9,SU,,05/31/2022
PR0023990,001,00400,pH,7.79,C1,MIN,Concentration1,SU,7.79,SU,6,SU,,05/31/2022
PR0023990,001,00400,pH,7.85,C3,MAX,Concentration3,SU,7.85,SU,9,SU,,06/30/2022
PR0023990,001,00400,pH,8.45,C1,MIN,Concentration1,SU,8.45,SU,6,SU,,06/30/2022
PR0023990,001,00400,pH,8.05,C1,MIN,Concentration1,SU,8.05,SU,6,SU,,07/31/2022
PR0023990,001,00400,pH,7.71,C3,MAX,Concentration3,SU,7.71,SU,9,SU,,07/31/2022
PR0023990,001,00400,pH,7.91,C3,MAX,Concentration3,SU,7.91,SU,9,SU,,08/31/2022
PR0023990,001,00400,pH,7.21,C1,MIN,Concentration1,SU,7.21,SU,6,SU,,08/31/2022
PR0023990,001,00400,pH,7.97,C3,MAX,Concentration3,SU,7.97,SU,9,SU,,09/30/2022
PR0023990,001,00400,pH,7.08,C1,MIN,Concentration1,SU,7.08,SU,6,SU,,09/30/2022
PR0023990,001,00400,pH,7.67,C1,MIN,Concentration1,SU,7.67,SU,6,SU,,10/31/2022
PR0023990,001,00400,pH,8.03,C3,MAX,Concentration3,SU,8.03,SU,9,SU,,10/31/2022
PR0023990,001,00400,pH,8.11,C3,MAX,Concentration3,SU,8.11,SU,9,SU,,11/30/2022
PR0023990,001,00400,pH,7.37,C1,MIN,Concentration1,SU,7.37,SU,6,SU,,11/30/2022
PR0023990,001,00400,pH,7.7,C3,MAX,Concentration3,SU,7.7,SU,9,SU,,12/31/2022
PR0023990,001,00400,pH,8.11,C1,MIN,Concentration1,SU,8.11,SU,6,SU,,12/31/2022
PR0023990,001,00400,pH,7.55,C1,MIN,Concentration1,SU,7.55,SU,6,SU,,01/31/2023
PR0023990,001,00400,pH,8.16,C3,MAX,Concentration3,SU,8.16,SU,9,SU,,01/31/2023
PR0023990,001,00400,pH,8.07,C3,MAX,Concentration3,SU,8.07,SU,9,SU,,02/28/2023
PR0023990,001,00400,pH,7.33,C1,MIN,Concentration1,SU,7.33,SU,6,SU,,02/28/2023
PR0023990,001,00400,pH,7.78,C1,MIN,Concentration1,SU,7.78,SU,6,SU,,03/31/2023
PR0023990,001,00400,pH,8.35,C3,MAX,Concentration3,SU,8.35,SU,9,SU,,03/31/2023
PR0023990,001,00400,pH,8.2,C3,MAX,Concentration3,SU,8.2,SU,9,SU,,04/30/2023
PR0023990,001,00400,pH,7.41,C1,MIN,Concentration1,SU,7.41,SU,6,SU,,04/30/2023
PR0023990,001,00400,pH,7.6,C1,MIN,Concentration1,SU,7.6,SU,6,SU,,05/31/2023
PR0023990,001,00400,pH,8.16,C3,MAX,Concentration3,SU,8.16,SU,9,SU,,05/31/2023
PR0023990,001,00400,pH,8.11,C3,MAX,Concentration3,SU,8.11,SU,9,SU,,06/30/2023
PR0023990,001,00400,pH,7.47,C1,MIN,Concentration1,SU,7.47,SU,6,SU,,06/30/2023
PR0023990,001,00400,pH,7.93,C3,MAX,Concentration3,SU,7.93,SU,9,SU,,07/31/2023
PR0023990,001,00400,pH,7.53,C1,MIN,Concentration1,SU,7.53,SU,6,SU,,07/31/2023
PR0023990,001,00400,pH,7.44,C1,MIN,Concentration1,SU,7.44,SU,6,SU,,08/31/2023
PR0023990,001,00400,pH,8.01,C3,MAX,Concentration3,SU,8.01,SU,9,SU,,08/31/2023
PR0023990,001,00400,pH,7.68,C1,MIN,Concentration1,SU,7.68,SU,6,SU,,09/30/2023
PR0023990,001,00400,pH,8.06,C3,MAX,Concentration3,SU,8.06,SU,9,SU,,09/30/2023
PR0023990,001,00400,pH,7.57,C1,MIN,Concentration1,SU,7.57,SU,6,SU,,10/31/2023
PR0023990,001,00400,pH,8.04,C3,MAX,Concentration3,SU,8.04,SU,9,SU,,10/31/2023
PR0023990,001,00400,pH,7.77,C1,MIN,Concentration1,SU,7.77,SU,6,SU,,11/30/2023
PR0023990,001,00400,pH,8.63,C3,MAX,Concentration3,SU,8.63,SU,9,SU,,11/30/2023
PR0023990,001,00400,pH,7.83,C1,MIN,Concentration1,SU,7.83,SU,6,SU,,12/31/2023
PR0023990,001,00400,pH,8.12,C3,MAX,Concentration3,SU,8.12,SU,9,SU,,12/31/2023
PR0023990,001,00400,pH,7.31,C1,MIN,Concentration1,SU,7.31,SU,6,SU,,01/31/2024
PR0023990,001,00400,pH,7.95,C3,MAX,Concentration3,SU,7.95,SU,9,SU,,01/31/2024
PR0023990,001,00400,pH,8.15,C3,MAX,Concentration3,SU,8.15,SU,9,SU,,02/29/2024
PR0023990,001,00400,pH,7.43,C1,MIN,Concentration1,SU,7.43,SU,6,SU,,02/29/2024
PR0023990,001,00400,pH,7.74,C1,MIN,Concentration1,SU,7.74,SU,6,SU,,03/31/2024
PR0023990,001,00400,pH,8.25,C3,MAX,Concentration3,SU,8.25,SU,9,SU,,03/31/2024
PR0023990,001,00400,pH,7.61,C1,MIN,Concentration1,SU,7.61,SU,6,SU,,04/30/2024
PR0023990,001,00400,pH,8.1,C3,MAX,Concentration3,SU,8.1,SU,9,SU,,04/30/2024
PR0023990,001,00400,pH,7.28,C1,MIN,Concentration1,SU,7.28,SU,6,SU,,05/31/2024
PR0023990,001,00400,pH,8.05,C3,MAX,Concentration3,SU,8.05,SU,9,SU,,05/31/2024
PR0023990,001,00400,pH,8.3,C3,MAX,Concentration3,SU,8.3,SU,9,SU,,06/30/2024
PR0023990,001,00400,pH,7.66,C1,MIN,Concentration1,SU,7.66,SU,6,SU,,06/30/2024
PR0023990,001,00400,pH,8.22,C3,MAX,Concentration3,SU,8.22,SU,9,SU,,07/31/2024
PR0023990,001,00400,pH,7.65,C1,MIN,Concentration1,SU,7.65,SU,6,SU,,07/31/2024
PR0023990,001,00400,pH,7.35,C3,MAX,Concentration3,SU,7.35,SU,9,SU,,08/31/2024
PR0023990,001,00400,pH,8.29,C1,MIN,Concentration1,SU,8.29,SU,6,SU,,08/31/2024
PR0023990,001,00400,pH,7.45,C1,MIN,Concentration1,SU,7.45,SU,6,SU,,09/30/2024
PR0023990,001,00400,pH,7.9,C3,MAX,Concentration3,SU,7.9,SU,9,SU,,09/30/2024
PR0023990,001,00400,pH,7.6,C1,MIN,Concentration1,SU,7.6,SU,6,SU,,10/31/2024
PR0023990,001,00400,pH,8,C3,MAX,Concentration3,SU,8,SU,9,SU,,10/31/2024
PR0023990,001,00400,pH,7.69,C1,MIN,Concentration1,SU,7.69,SU,6,SU,,11/30/2024
PR0023990,001,00400,pH,8.08,C3,MAX,Concentration3,SU,8.08,SU,9,SU,,11/30/2024
PR0023990,001,00400,pH,8.18,C3,MAX,Concentration3,SU,8.18,SU,9,SU,,12/31/2024
PR0023990,001,00400,pH,7.78,C1,MIN,Concentration1,SU,7.78,SU,6,SU,,12/31/2024
PR0023990,001,00400,pH,8.53,C3,MAX,Concentration3,SU,8.53,SU,9,SU,,01/31/2025
PR0023990,001,00400,pH,7.73,C1,MIN,Concentration1,SU,7.73,SU,6,SU,,01/31/2025
PR0023990,001,00400,pH,7.98,C3,MAX,Concentration3,SU,7.98,SU,9,SU,,02/28/2025
PR0023990,001,00400,pH,7.61,C1,MIN,Concentration1,SU,7.61,SU,6,SU,,02/28/2025
PR0023990,001,00400,pH,7.78,C1,MIN,Concentration1,SU,7.78,SU,6,SU,,03/31/2025
PR0023990,001,00400,pH,7.97,C3,MAX,Concentration3,SU,7.97,SU,9,SU,,03/31/2025
PR0023990,001,00400,pH,7.97,C3,MAX,Concentration3,SU,7.97,SU,9,SU,,04/30/2025
PR0023990,001,00400,pH,7.7,C1,MIN,Concentration1,SU,7.7,SU,6,SU,,04/30/2025
PR0023990,001,00400,pH,7.64,C1,MIN,Concentration1,SU,7.64,SU,6,SU,,05/31/2025
PR0023990,001,00400,pH,7.86,C3,MAX,Concentration3,SU,7.86,SU,9,SU,,05/31/2025
PR0023990,001,00400,pH,7.7,C1,MIN,Concentration1,SU,7.7,SU,6,SU,,06/30/2025
PR0023990,001,00400,pH,8.02,C3,MAX,Concentration3,SU,8.02,SU,9,SU,,06/30/2025
PR0023990,001,00400,pH,7.68,C1,MIN,Concentration1,SU,7.68,SU,6,SU,,07/31/2025
PR0023990,001,00400,pH,8.06,C3,MAX,Concentration3,SU,8.06,SU,9,SU,,07/31/2025
PR0023990,001,00400,pH,7.5,C1,MIN,Concentration1,SU,7.5,SU,6,SU,,08/31/2025
PR0023990,001,00400,pH,7.92,C3,MAX,Concentration3,SU,7.92,SU,9,SU,,08/31/2025
PR0023990,001,00400,pH,7.62,C1,MIN,Concentration1,SU,7.62,SU,6,SU,,09/30/2025
PR0023990,001,00400,pH,7.92,C3,MAX,Concentration3,SU,7.92,SU,9,SU,,09/30/2025
PR0023990,001,00400,pH,7.62,C1,MIN,Concentration1,SU,7.62,SU,6,SU,,10/31/2025
PR0023990,001,00400,pH,7.95,C3,MAX,Concentration3,SU,7.95,SU,9,SU,,10/31/2025
PR0023990,001,00400,pH,7,C1,MIN,Concentration1,SU,7,SU,6,SU,,11/30/2025
PR0023990,001,00400,pH,7.98,C3,MAX,Concentration3,SU,7.98,SU,9,SU,,11/30/2025
PR0023990,001,00400,pH,7.69,C1,MIN,Concentration1,SU,7.69,SU,6,SU,,12/31/2025
PR0023990,001,00400,pH,7.86,C3,MAX,Concentration3,SU,7.86,SU,9,SU,,12/31/2025
PR0023990,001,00400,pH,7.49,C1,MIN,Concentration1,SU,7.49,SU,6,SU,,01/31/2026
PR0023990,001,00400,pH,7.92,C3,MAX,Concentration3,SU,7.92,SU,9,SU,,01/31/2026
PR0023990,001,00545,"Solids, settleable",0,C3,MAX,Concentration3,mL/L,0,mg/L,,mL/L,,01/31/2020
PR0023990,001,00545,"Solids, settleable",0,C3,MAX,Concentration3,mL/L,0,mg/L,,mL/L,,02/29/2020
PR0023990,001,00545,"Solids, settleable",0,C3,MAX,Concentration3,mL/L,0,mg/L,,mL/L,,03/31/2020
PR0023990,001,00545,"Solids, settleable",0,C3,MAX,Concentration3,mL/L,0,mg/L,,mL/L,,04/30/2020
PR0023990,001,00545,"Solids, settleable",0,C3,MAX,Concentration3,mL/L,0,mg/L,,mL/L,,05/31/2020
PR0023990,001,00545,"Solids, settleable",0,C3,MAX,Concentration3,mL/L,0,mg/L,,mL/L,,06/30/2020
PR0023990,001,00545,"Solids, settleable",0,C3,MAX,Concentration3,mL/L,0,mg/L,,mL/L,,07/31/2020
PR0023990,001,00545,"Solids, settleable",0,C3,MAX,Concentration3,mL/L,0,mg/L,,mL/L,,08/31/2020
PR0023990,001,00545,"Solids, settleable",0,C3,MAX,Concentration3,mL/L,0,mg/L,,mL/L,,09/30/2020
PR0023990,001,00545,"Solids, settleable",0,C3,MAX,Concentration3,mL/L,0,mg/L,,mL/L,,10/31/2020
PR0023990,001,00545,"Solids, settleable",0,C3,MAX,Concentration3,mL/L,0,mg/L,,mL/L,,11/30/2020
PR0023990,001,00545,"Solids, settleable",0,C3,MAX,Concentration3,mL/L,0,mg/L,,mL/L,,12/31/2020
PR0023990,001,00545,"Solids, settleable",0,C3,MAX,Concentration3,mL/L,0,mg/L,,mL/L,,01/31/2021
PR0023990,001,00545,"Solids, settleable",0,C3,MAX,Concentration3,mL/L,0,mg/L,,mL/L,,02/28/2021
PR0023990,001,00545,"Solids, settleable",0,C3,MAX,Concentration3,mL/L,0,mg/L,,mL/L,,03/31/2021
PR0023990,001,00545,"Solids, settleable",0,C3,MAX,Concentration3,mL/L,0,mg/L,,mL/L,,04/30/2021
PR0023990,001,00545,"Solids, settleable",0,C3,MAX,Concentration3,mL/L,0,mg/L,,mL/L,,05/31/2021
PR0023990,001,00545,"Solids, settleable",0,C3,MAX,Concentration3,mL/L,0,mg/L,,mL/L,,06/30/2021
PR0023990,001,00545,"Solids, settleable",0,C3,MAX,Concentration3,mL/L,0,mg/L,,mL/L,,07/31/2021
PR0023990,001,00545,"Solids, settleable",0,C3,MAX,Concentration3,mL/L,0,mg/L,,mL/L,,08/31/2021
PR0023990,001,00545,"Solids, settleable",0,C3,MAX,Concentration3,mL/L,0,mg/L,,mL/L,,09/30/2021
PR0023990,001,00545,"Solids, settleable",0,C3,MAX,Concentration3,mL/L,0,mg/L,,mL/L,,10/31/2021
PR0023990,001,00545,"Solids, settleable",0,C3,MAX,Concentration3,mL/L,0,mg/L,,mL/L,,11/30/2021
PR0023990,001,00545,"Solids, settleable",0,C3,MAX,Concentration3,mL/L,0,mg/L,,mL/L,,12/31/2021
PR0023990,001,00545,"Solids, settleable",0,C3,MAX,Concentration3,mL/L,0,mg/L,,mL/L,,01/31/2022
PR0023990,001,00545,"Solids, settleable",0,C3,MAX,Concentration3,mL/L,0,mg/L,,mL/L,,02/28/2022
PR0023990,001,00545,"Solids, settleable",0,C3,MAX,Concentration3,mL/L,0,mg/L,,mL/L,,03/31/2022
PR0023990,001,00545,"Solids, settleable",0,C3,MAX,Concentration3,mL/L,0,mg/L,,mL/L,,04/30/2022
PR0023990,001,00545,"Solids, settleable",0,C3,MAX,Concentration3,mL/L,0,mg/L,,mL/L,,05/31/2022
PR0023990,001,00545,"Solids, settleable",0,C3,MAX,Concentration3,mL/L,0,mg/L,,mL/L,,06/30/2022
PR0023990,001,00545,"Solids, settleable",0,C3,MAX,Concentration3,mL/L,0,mg/L,,mL/L,,07/31/2022
PR0023990,001,00545,"Solids, settleable",0,C3,MAX,Concentration3,mL/L,0,mg/L,,mL/L,,08/31/2022
PR0023990,001,00545,"Solids, settleable",0,C3,MAX,Concentration3,mL/L,0,mg/L,,mL/L,,09/30/2022
PR0023990,001,00545,"Solids, settleable",0,C3,MAX,Concentration3,mL/L,0,mg/L,,mL/L,,10/31/2022
PR0023990,001,00545,"Solids, settleable",0,C3,MAX,Concentration3,mL/L,0,mg/L,,mL/L,,11/30/2022
PR0023990,001,00545,"Solids, settleable",0,C3,MAX,Concentration3,mL/L,0,mg/L,,mL/L,,12/31/2022
PR0023990,001,00545,"Solids, settleable",0,C3,MAX,Concentration3,mL/L,0,mg/L,,mL/L,,01/31/2023
PR0023990,001,00545,"Solids, settleable",0,C3,MAX,Concentration3,mL/L,0,mg/L,,mL/L,,02/28/2023
PR0023990,001,00545,"Solids, settleable",0,C3,MAX,Concentration3,mL/L,0,mg/L,,mL/L,,03/31/2023
PR0023990,001,00545,"Solids, settleable",0,C3,MAX,Concentration3,mL/L,0,mg/L,,mL/L,,04/30/2023
PR0023990,001,00545,"Solids, settleable",0,C3,MAX,Concentration3,mL/L,0,mg/L,,mL/L,,05/31/2023
PR0023990,001,00545,"Solids, settleable",0,C3,MAX,Concentration3,mL/L,0,mg/L,,mL/L,,06/30/2023
PR0023990,001,00545,"Solids, settleable",0,C3,MAX,Concentration3,mL/L,0,mg/L,,mL/L,,07/31/2023
PR0023990,001,00545,"Solids, settleable",0,C3,MAX,Concentration3,mL/L,0,mg/L,,mL/L,,08/31/2023
PR0023990,001,00545,"Solids, settleable",0,C3,MAX,Concentration3,mL/L,0,mg/L,,mL/L,,09/30/2023
PR0023990,001,00545,"Solids, settleable",0,C3,MAX,Concentration3,mL/L,0,mg/L,,mL/L,,10/31/2023
PR0023990,001,00545,"Solids, settleable",0,C3,MAX,Concentration3,mL/L,0,mg/L,,mL/L,,11/30/2023
PR0023990,001,00545,"Solids, settleable",0,C3,MAX,Concentration3,mL/L,0,mg/L,,mL/L,,12/31/2023
PR0023990,001,00545,"Solids, settleable",0,C3,MAX,Concentration3,mL/L,0,mg/L,,mL/L,,01/31/2024
PR0023990,001,00545,"Solids, settleable",0,C3,MAX,Concentration3,mL/L,0,mg/L,,mL/L,,02/29/2024
PR0023990,001,00545,"Solids, settleable",0,C3,MAX,Concentration3,mL/L,0,mg/L,,mL/L,,03/31/2024
PR0023990,001,00545,"Solids, settleable",0,C3,MAX,Concentration3,mL/L,0,mg/L,,mL/L,,04/30/2024
PR0023990,001,00545,"Solids, settleable",0,C3,MAX,Concentration3,mL/L,0,mg/L,,mL/L,,05/31/2024
PR0023990,001,00545,"Solids, settleable",0,C3,MAX,Concentration3,mL/L,0,mg/L,,mL/L,,06/30/2024
PR0023990,001,00545,"Solids, settleable",0,C3,MAX,Concentration3,mL/L,0,mg/L,,mL/L,,07/31/2024
PR0023990,001,00545,"Solids, settleable",0,C3,MAX,Concentration3,mL/L,0,mg/L,,mL/L,,08/31/2024
PR0023990,001,00545,"Solids, settleable",0,C3,MAX,Concentration3,mL/L,0,mg/L,,mL/L,,09/30/2024
PR0023990,001,00545,"Solids, settleable",0,C3,MAX,Concentration3,mL/L,0,mg/L,,mL/L,,10/31/2024
PR0023990,001,00545,"Solids, settleable",0,C3,MAX,Concentration3,mL/L,0,mg/L,,mL/L,,11/30/2024
PR0023990,001,00545,"Solids, settleable",0,C3,MAX,Concentration3,mL/L,0,mg/L,,mL/L,,12/31/2024
PR0023990,001,00545,"Solids, settleable",0,C3,MAX,Concentration3,mL/L,0,mg/L,,mL/L,,01/31/2025
PR0023990,001,00545,"Solids, settleable",0,C3,MAX,Concentration3,mL/L,0,mg/L,,mL/L,,02/28/2025
PR0023990,001,00545,"Solids, settleable",0,C3,MAX,Concentration3,mL/L,0,mg/L,,mL/L,,03/31/2025
PR0023990,001,00545,"Solids, settleable",0,C3,MAX,Concentration3,mL/L,0,mg/L,,mL/L,,04/30/2025
PR0023990,001,00545,"Solids, settleable",0,C3,MAX,Concentration3,mL/L,0,mg/L,,mL/L,,05/31/2025
PR0023990,001,00545,"Solids, settleable",0,C3,MAX,Concentration3,mL/L,0,mg/L,,mL/L,,06/30/2025
PR0023990,001,00545,"Solids, settleable",0,C3,MAX,Concentration3,mL/L,0,mg/L,,mL/L,,07/31/2025
PR0023990,001,00545,"Solids, settleable",0,C3,MAX,Concentration3,mL/L,0,mg/L,,mL/L,,08/31/2025
PR0023990,001,00545,"Solids, settleable",0,C3,MAX,Concentration3,mL/L,0,mg/L,,mL/L,,09/30/2025
PR0023990,001,00545,"Solids, settleable",0,C3,MAX,Concentration3,mL/L,0,mg/L,,mL/L,,10/31/2025
PR0023990,001,00545,"Solids, settleable",0,C3,MAX,Concentration3,mL/L,0,mg/L,,mL/L,,11/30/2025
PR0023990,001,00545,"Solids, settleable",0,C3,MAX,Concentration3,mL/L,0,mg/L,,mL/L,,12/31/2025
PR0023990,001,00545,"Solids, settleable",0,C3,MAX,Concentration3,mL/L,0,mg/L,,mL/L,,01/31/2026
PR0023990,001,00665,"Phosphorus, total [as P]",80,C3,MAX,Concentration3,ug/L,.08,mg/L,,ug/L,,01/31/2020
PR0023990,001,00665,"Phosphorus, total [as P]",72,C3,MAX,Concentration3,ug/L,.072,mg/L,,ug/L,,02/29/2020
PR0023990,001,00665,"Phosphorus, total [as P]",430,C3,MAX,Concentration3,ug/L,.43000002,mg/L,,ug/L,,03/31/2020
PR0023990,001,00665,"Phosphorus, total [as P]",350,C3,MAX,Concentration3,ug/L,.35000002,mg/L,,ug/L,,04/30/2020
PR0023990,001,00665,"Phosphorus, total [as P]",72,C3,MAX,Concentration3,ug/L,.072,mg/L,,ug/L,,05/31/2020
PR0023990,001,00665,"Phosphorus, total [as P]",72,C3,MAX,Concentration3,ug/L,.072,mg/L,,ug/L,,06/30/2020
PR0023990,001,00665,"Phosphorus, total [as P]",72,C3,MAX,Concentration3,ug/L,.072,mg/L,,ug/L,,07/31/2020
PR0023990,001,00665,"Phosphorus, total [as P]",72,C3,MAX,Concentration3,ug/L,.072,mg/L,,ug/L,,08/31/2020
PR0023990,001,00665,"Phosphorus, total [as P]",72,C3,MAX,Concentration3,ug/L,.072,mg/L,,ug/L,,09/30/2020
PR0023990,001,00665,"Phosphorus, total [as P]",72,C3,MAX,Concentration3,ug/L,.072,mg/L,,ug/L,,10/31/2020
PR0023990,001,00665,"Phosphorus, total [as P]",72,C3,MAX,Concentration3,ug/L,.072,mg/L,,ug/L,,11/30/2020
PR0023990,001,00665,"Phosphorus, total [as P]",72,C3,MAX,Concentration3,ug/L,.072,mg/L,,ug/L,,12/31/2020
PR0023990,001,00665,"Phosphorus, total [as P]",72,C3,MAX,Concentration3,ug/L,.072,mg/L,,ug/L,,01/31/2021
PR0023990,001,00665,"Phosphorus, total [as P]",72,C3,MAX,Concentration3,ug/L,.072,mg/L,,ug/L,,02/28/2021
PR0023990,001,00665,"Phosphorus, total [as P]",72,C3,MAX,Concentration3,ug/L,.072,mg/L,,ug/L,,03/31/2021
PR0023990,001,00665,"Phosphorus, total [as P]",72,C3,MAX,Concentration3,ug/L,.072,mg/L,,ug/L,,04/30/2021
PR0023990,001,00665,"Phosphorus, total [as P]",72,C3,MAX,Concentration3,ug/L,.072,mg/L,,ug/L,,05/31/2021
PR0023990,001,00665,"Phosphorus, total [as P]",72,C3,MAX,Concentration3,ug/L,.072,mg/L,,ug/L,,06/30/2021
PR0023990,001,00665,"Phosphorus, total [as P]",72,C3,MAX,Concentration3,ug/L,.072,mg/L,,ug/L,,07/31/2021
PR0023990,001,00665,"Phosphorus, total [as P]",72,C3,MAX,Concentration3,ug/L,.072,mg/L,,ug/L,,08/31/2021
PR0023990,001,00665,"Phosphorus, total [as P]",72,C3,MAX,Concentration3,ug/L,.072,mg/L,,ug/L,,09/30/2021
PR0023990,001,00665,"Phosphorus, total [as P]",72,C3,MAX,Concentration3,ug/L,.072,mg/L,,ug/L,,10/31/2021
PR0023990,001,00665,"Phosphorus, total [as P]",72,C3,MAX,Concentration3,ug/L,.072,mg/L,,ug/L,,11/30/2021
PR0023990,001,00665,"Phosphorus, total [as P]",270,C3,MAX,Concentration3,ug/L,.27000001,mg/L,,ug/L,,12/31/2021
PR0023990,001,00665,"Phosphorus, total [as P]",72,C3,MAX,Concentration3,ug/L,.072,mg/L,,ug/L,,01/31/2022
PR0023990,001,00665,"Phosphorus, total [as P]",90,C3,MAX,Concentration3,ug/L,.09,mg/L,,ug/L,,02/28/2022
PR0023990,001,00665,"Phosphorus, total [as P]",120,C3,MAX,Concentration3,ug/L,.12000001,mg/L,,ug/L,,03/31/2022
PR0023990,001,00665,"Phosphorus, total [as P]",72,C3,MAX,Concentration3,ug/L,.072,mg/L,,ug/L,,04/30/2022
PR0023990,001,00665,"Phosphorus, total [as P]",72,C3,MAX,Concentration3,ug/L,.072,mg/L,,ug/L,,05/31/2022
PR0023990,001,00665,"Phosphorus, total [as P]",72,C3,MAX,Concentration3,ug/L,.072,mg/L,,ug/L,,06/30/2022
PR0023990,001,00665,"Phosphorus, total [as P]",610,C3,MAX,Concentration3,ug/L,.61000003,mg/L,,ug/L,,07/31/2022
PR0023990,001,00665,"Phosphorus, total [as P]",72,C3,MAX,Concentration3,ug/L,.072,mg/L,,ug/L,,08/31/2022
PR0023990,001,00665,"Phosphorus, total [as P]",72,C3,MAX,Concentration3,ug/L,.072,mg/L,,ug/L,,09/30/2022
PR0023990,001,00665,"Phosphorus, total [as P]",72,C3,MAX,Concentration3,ug/L,.072,mg/L,,ug/L,,10/31/2022
PR0023990,001,00665,"Phosphorus, total [as P]",72,C3,MAX,Concentration3,ug/L,.072,mg/L,,ug/L,,11/30/2022
PR0023990,001,00665,"Phosphorus, total [as P]",72,C3,MAX,Concentration3,ug/L,.072,mg/L,,ug/L,,12/31/2022
PR0023990,001,00665,"Phosphorus, total [as P]",380,C3,MAX,Concentration3,ug/L,.38000002,mg/L,,ug/L,,01/31/2023
PR0023990,001,00665,"Phosphorus, total [as P]",72,C3,MAX,Concentration3,ug/L,.072,mg/L,,ug/L,,02/28/2023
PR0023990,001,00665,"Phosphorus, total [as P]",72,C3,MAX,Concentration3,ug/L,.072,mg/L,,ug/L,,03/31/2023
PR0023990,001,00665,"Phosphorus, total [as P]",72,C3,MAX,Concentration3,ug/L,.072,mg/L,,ug/L,,04/30/2023
PR0023990,001,00665,"Phosphorus, total [as P]",72,C3,MAX,Concentration3,ug/L,.072,mg/L,,ug/L,,05/31/2023
PR0023990,001,00665,"Phosphorus, total [as P]",72,C3,MAX,Concentration3,ug/L,.072,mg/L,,ug/L,,06/30/2023
PR0023990,001,00665,"Phosphorus, total [as P]",72,C3,MAX,Concentration3,ug/L,.072,mg/L,,ug/L,,07/31/2023
PR0023990,001,00665,"Phosphorus, total [as P]",72,C3,MAX,Concentration3,ug/L,.072,mg/L,,ug/L,,08/31/2023
PR0023990,001,00665,"Phosphorus, total [as P]",72,C3,MAX,Concentration3,ug/L,.072,mg/L,,ug/L,,09/30/2023
PR0023990,001,00665,"Phosphorus, total [as P]",72,C3,MAX,Concentration3,ug/L,.072,mg/L,,ug/L,,10/31/2023
PR0023990,001,00665,"Phosphorus, total [as P]",72,C3,MAX,Concentration3,ug/L,.072,mg/L,,ug/L,,11/30/2023
PR0023990,001,00665,"Phosphorus, total [as P]",72,C3,MAX,Concentration3,ug/L,.072,mg/L,,ug/L,,12/31/2023
PR0023990,001,00665,"Phosphorus, total [as P]",72,C3,MAX,Concentration3,ug/L,.072,mg/L,,ug/L,,01/31/2024
PR0023990,001,00665,"Phosphorus, total [as P]",72,C3,MAX,Concentration3,ug/L,.072,mg/L,,ug/L,,02/29/2024
PR0023990,001,00665,"Phosphorus, total [as P]",72,C3,MAX,Concentration3,ug/L,.072,mg/L,,ug/L,,03/31/2024
PR0023990,001,00665,"Phosphorus, total [as P]",72,C3,MAX,Concentration3,ug/L,.072,mg/L,,ug/L,,04/30/2024
PR0023990,001,00665,"Phosphorus, total [as P]",72,C3,MAX,Concentration3,ug/L,.072,mg/L,,ug/L,,05/31/2024
PR0023990,001,00665,"Phosphorus, total [as P]",72,C3,MAX,Concentration3,ug/L,.072,mg/L,,ug/L,,06/30/2024
PR0023990,001,00665,"Phosphorus, total [as P]",72,C3,MAX,Concentration3,ug/L,.072,mg/L,,ug/L,,07/31/2024
PR0023990,001,00665,"Phosphorus, total [as P]",72,C3,MAX,Concentration3,ug/L,.072,mg/L,,ug/L,,08/31/2024
PR0023990,001,00665,"Phosphorus, total [as P]",72,C3,MAX,Concentration3,ug/L,.072,mg/L,,ug/L,,09/30/2024
PR0023990,001,00665,"Phosphorus, total [as P]",72,C3,MAX,Concentration3,ug/L,.072,mg/L,,ug/L,,10/31/2024
PR0023990,001,00665,"Phosphorus, total [as P]",72,C3,MAX,Concentration3,ug/L,.072,mg/L,,ug/L,,11/30/2024
PR0023990,001,00665,"Phosphorus, total [as P]",230,C3,MAX,Concentration3,ug/L,.23000001,mg/L,,ug/L,,12/31/2024
PR0023990,001,00665,"Phosphorus, total [as P]",142,C3,MAX,Concentration3,ug/L,.14200001,mg/L,,ug/L,,01/31/2025
PR0023990,001,00665,"Phosphorus, total [as P]",142,C3,MAX,Concentration3,ug/L,.14200001,mg/L,,ug/L,,02/28/2025
PR0023990,001,00665,"Phosphorus, total [as P]",142,C3,MAX,Concentration3,ug/L,.14200001,mg/L,,ug/L,,03/31/2025
PR0023990,001,00665,"Phosphorus, total [as P]",142,C3,MAX,Concentration3,ug/L,.14200001,mg/L,,ug/L,,04/30/2025
PR0023990,001,00665,"Phosphorus, total [as P]",142,C3,MAX,Concentration3,ug/L,.14200001,mg/L,,ug/L,,05/31/2025
PR0023990,001,00665,"Phosphorus, total [as P]",142,C3,MAX,Concentration3,ug/L,.14200001,mg/L,,ug/L,,06/30/2025
PR0023990,001,00665,"Phosphorus, total [as P]",142,C3,MAX,Concentration3,ug/L,.14200001,mg/L,,ug/L,,07/31/2025
PR0023990,001,00665,"Phosphorus, total [as P]",142,C3,MAX,Concentration3,ug/L,.14200001,mg/L,,ug/L,,08/31/2025
PR0023990,001,00665,"Phosphorus, total [as P]",142,C3,MAX,Concentration3,ug/L,.14200001,mg/L,,ug/L,,09/30/2025
PR0023990,001,00665,"Phosphorus, total [as P]",142,C3,MAX,Concentration3,ug/L,.14200001,mg/L,,ug/L,,10/31/2025
PR0023990,001,00665,"Phosphorus, total [as P]",142,C3,MAX,Concentration3,ug/L,.14200001,mg/L,,ug/L,,11/30/2025
PR0023990,001,00665,"Phosphorus, total [as P]",142,C3,MAX,Concentration3,ug/L,.14200001,mg/L,,ug/L,,12/31/2025
PR0023990,001,00665,"Phosphorus, total [as P]",142,C3,MAX,Concentration3,ug/L,.14200001,mg/L,,ug/L,,01/31/2026
PR0023990,001,00945,"Sulfate, total [as SO4]",7.3,C3,MAX,Concentration3,mg/L,7.3,mg/L,,mg/L,,01/31/2020
PR0023990,001,00945,"Sulfate, total [as SO4]",7.5,C3,MAX,Concentration3,mg/L,7.5,mg/L,,mg/L,,02/29/2020
PR0023990,001,00945,"Sulfate, total [as SO4]",7.3,C3,MAX,Concentration3,mg/L,7.3,mg/L,,mg/L,,03/31/2020
PR0023990,001,00945,"Sulfate, total [as SO4]",8.1,C3,MAX,Concentration3,mg/L,8.1,mg/L,,mg/L,,04/30/2020
PR0023990,001,00945,"Sulfate, total [as SO4]",8.2,C3,MAX,Concentration3,mg/L,8.2,mg/L,,mg/L,,05/31/2020
PR0023990,001,00945,"Sulfate, total [as SO4]",6.5,C3,MAX,Concentration3,mg/L,6.5,mg/L,,mg/L,,06/30/2020
PR0023990,001,00945,"Sulfate, total [as SO4]",5.6,C3,MAX,Concentration3,mg/L,5.6,mg/L,,mg/L,,07/31/2020
PR0023990,001,00945,"Sulfate, total [as SO4]",5.48,C3,MAX,Concentration3,mg/L,5.48,mg/L,,mg/L,,08/31/2020
PR0023990,001,00945,"Sulfate, total [as SO4]",7.56,C3,MAX,Concentration3,mg/L,7.56,mg/L,,mg/L,,09/30/2020
PR0023990,001,00945,"Sulfate, total [as SO4]",6.88,C3,MAX,Concentration3,mg/L,6.88,mg/L,,mg/L,,10/31/2020
PR0023990,001,00945,"Sulfate, total [as SO4]",8.61,C3,MAX,Concentration3,mg/L,8.61,mg/L,,mg/L,,11/30/2020
PR0023990,001,00945,"Sulfate, total [as SO4]",5,C3,MAX,Concentration3,mg/L,5,mg/L,,mg/L,,12/31/2020
PR0023990,001,00945,"Sulfate, total [as SO4]",8.56,C3,MAX,Concentration3,mg/L,8.56,mg/L,,mg/L,,01/31/2021
PR0023990,001,00945,"Sulfate, total [as SO4]",10.18,C3,MAX,Concentration3,mg/L,10.18,mg/L,,mg/L,,02/28/2021
PR0023990,001,00945,"Sulfate, total [as SO4]",9.88,C3,MAX,Concentration3,mg/L,9.88,mg/L,,mg/L,,03/31/2021
PR0023990,001,00945,"Sulfate, total [as SO4]",21.33,C3,MAX,Concentration3,mg/L,21.33,mg/L,,mg/L,,04/30/2021
PR0023990,001,00945,"Sulfate, total [as SO4]",18.24,C3,MAX,Concentration3,mg/L,18.24,mg/L,,mg/L,,05/31/2021
PR0023990,001,00945,"Sulfate, total [as SO4]",9.74,C3,MAX,Concentration3,mg/L,9.74,mg/L,,mg/L,,06/30/2021
PR0023990,001,00945,"Sulfate, total [as SO4]",5,C3,MAX,Concentration3,mg/L,5,mg/L,,mg/L,,07/31/2021
PR0023990,001,00945,"Sulfate, total [as SO4]",5,C3,MAX,Concentration3,mg/L,5,mg/L,,mg/L,,08/31/2021
PR0023990,001,00945,"Sulfate, total [as SO4]",6.59,C3,MAX,Concentration3,mg/L,6.59,mg/L,,mg/L,,09/30/2021
PR0023990,001,00945,"Sulfate, total [as SO4]",10.61,C3,MAX,Concentration3,mg/L,10.61,mg/L,,mg/L,,10/31/2021
PR0023990,001,00945,"Sulfate, total [as SO4]",6.86,C3,MAX,Concentration3,mg/L,6.86,mg/L,,mg/L,,11/30/2021
PR0023990,001,00945,"Sulfate, total [as SO4]",8.01,C3,MAX,Concentration3,mg/L,8.01,mg/L,,mg/L,,12/31/2021
PR0023990,001,00945,"Sulfate, total [as SO4]",7.06,C3,MAX,Concentration3,mg/L,7.06,mg/L,,mg/L,,01/31/2022
PR0023990,001,00945,"Sulfate, total [as SO4]",13.56,C3,MAX,Concentration3,mg/L,13.56,mg/L,,mg/L,,02/28/2022
PR0023990,001,00945,"Sulfate, total [as SO4]",6.7,C3,MAX,Concentration3,mg/L,6.7,mg/L,,mg/L,,03/31/2022
PR0023990,001,00945,"Sulfate, total [as SO4]",5.63,C3,MAX,Concentration3,mg/L,5.63,mg/L,,mg/L,,04/30/2022
PR0023990,001,00945,"Sulfate, total [as SO4]",6.88,C3,MAX,Concentration3,mg/L,6.88,mg/L,,mg/L,,05/31/2022
PR0023990,001,00945,"Sulfate, total [as SO4]",6.58,C3,MAX,Concentration3,mg/L,6.58,mg/L,,mg/L,,06/30/2022
PR0023990,001,00945,"Sulfate, total [as SO4]",5,C3,MAX,Concentration3,mg/L,5,mg/L,,mg/L,,07/31/2022
PR0023990,001,00945,"Sulfate, total [as SO4]",5,C3,MAX,Concentration3,mg/L,5,mg/L,,mg/L,,08/31/2022
PR0023990,001,00945,"Sulfate, total [as SO4]",5,C3,MAX,Concentration3,mg/L,5,mg/L,,mg/L,,09/30/2022
PR0023990,001,00945,"Sulfate, total [as SO4]",6.4,C3,MAX,Concentration3,mg/L,6.4,mg/L,,mg/L,,10/31/2022
PR0023990,001,00945,"Sulfate, total [as SO4]",5.1,C3,MAX,Concentration3,mg/L,5.1,mg/L,,mg/L,,11/30/2022
PR0023990,001,00945,"Sulfate, total [as SO4]",5,C3,MAX,Concentration3,mg/L,5,mg/L,,mg/L,,12/31/2022
PR0023990,001,00945,"Sulfate, total [as SO4]",5.1,C3,MAX,Concentration3,mg/L,5.1,mg/L,,mg/L,,01/31/2023
PR0023990,001,00945,"Sulfate, total [as SO4]",11.3,C3,MAX,Concentration3,mg/L,11.3,mg/L,,mg/L,,02/28/2023
PR0023990,001,00945,"Sulfate, total [as SO4]",6.7,C3,MAX,Concentration3,mg/L,6.7,mg/L,,mg/L,,03/31/2023
PR0023990,001,00945,"Sulfate, total [as SO4]",8.6,C3,MAX,Concentration3,mg/L,8.6,mg/L,,mg/L,,04/30/2023
PR0023990,001,00945,"Sulfate, total [as SO4]",9.74,C3,MAX,Concentration3,mg/L,9.74,mg/L,,mg/L,,05/31/2023
PR0023990,001,00945,"Sulfate, total [as SO4]",7.02,C3,MAX,Concentration3,mg/L,7.02,mg/L,,mg/L,,06/30/2023
PR0023990,001,00945,"Sulfate, total [as SO4]",7.51,C3,MAX,Concentration3,mg/L,7.51,mg/L,,mg/L,,07/31/2023
PR0023990,001,00945,"Sulfate, total [as SO4]",9.41,C3,MAX,Concentration3,mg/L,9.41,mg/L,,mg/L,,08/31/2023
PR0023990,001,00945,"Sulfate, total [as SO4]",5.24,C3,MAX,Concentration3,mg/L,5.24,mg/L,,mg/L,,09/30/2023
PR0023990,001,00945,"Sulfate, total [as SO4]",8.56,C3,MAX,Concentration3,mg/L,8.56,mg/L,,mg/L,,10/31/2023
PR0023990,001,00945,"Sulfate, total [as SO4]",5.29,C3,MAX,Concentration3,mg/L,5.29,mg/L,,mg/L,,11/30/2023
PR0023990,001,00945,"Sulfate, total [as SO4]",6.27,C3,MAX,Concentration3,mg/L,6.27,mg/L,,mg/L,,12/31/2023
PR0023990,001,00945,"Sulfate, total [as SO4]",9.76,C3,MAX,Concentration3,mg/L,9.76,mg/L,,mg/L,,01/31/2024
PR0023990,001,00945,"Sulfate, total [as SO4]",9.78,C3,MAX,Concentration3,mg/L,9.78,mg/L,,mg/L,,02/29/2024
PR0023990,001,00945,"Sulfate, total [as SO4]",9.23,C3,MAX,Concentration3,mg/L,9.23,mg/L,,mg/L,,03/31/2024
PR0023990,001,00945,"Sulfate, total [as SO4]",8.23,C3,MAX,Concentration3,mg/L,8.23,mg/L,,mg/L,,04/30/2024
PR0023990,001,00945,"Sulfate, total [as SO4]",7.64,C3,MAX,Concentration3,mg/L,7.64,mg/L,,mg/L,,05/31/2024
PR0023990,001,00945,"Sulfate, total [as SO4]",7.33,C3,MAX,Concentration3,mg/L,7.33,mg/L,,mg/L,,06/30/2024
PR0023990,001,00945,"Sulfate, total [as SO4]",8.55,C3,MAX,Concentration3,mg/L,8.55,mg/L,,mg/L,,07/31/2024
PR0023990,001,00945,"Sulfate, total [as SO4]",557.23,C3,MAX,Concentration3,mg/L,557.23,mg/L,,mg/L,,08/31/2024
PR0023990,001,00945,"Sulfate, total [as SO4]",8.3,C3,MAX,Concentration3,mg/L,8.3,mg/L,,mg/L,,09/30/2024
PR0023990,001,00945,"Sulfate, total [as SO4]",6.33,C3,MAX,Concentration3,mg/L,6.33,mg/L,,mg/L,,10/31/2024
PR0023990,001,00945,"Sulfate, total [as SO4]",5.09,C3,MAX,Concentration3,mg/L,5.09,mg/L,,mg/L,,11/30/2024
PR0023990,001,00945,"Sulfate, total [as SO4]",5.97,C3,MAX,Concentration3,mg/L,5.97,mg/L,,mg/L,,12/31/2024
PR0023990,001,00945,"Sulfate, total [as SO4]",9.36,C3,MAX,Concentration3,mg/L,9.36,mg/L,,mg/L,,01/31/2025
PR0023990,001,00945,"Sulfate, total [as SO4]",8.39,C3,MAX,Concentration3,mg/L,8.39,mg/L,,mg/L,,02/28/2025
PR0023990,001,00945,"Sulfate, total [as SO4]",22.64,C3,MAX,Concentration3,mg/L,22.64,mg/L,,mg/L,,03/31/2025
PR0023990,001,00945,"Sulfate, total [as SO4]",7.75,C3,MAX,Concentration3,mg/L,7.75,mg/L,,mg/L,,04/30/2025
PR0023990,001,00945,"Sulfate, total [as SO4]",6.05,C3,MAX,Concentration3,mg/L,6.05,mg/L,,mg/L,,05/31/2025
PR0023990,001,00945,"Sulfate, total [as SO4]",6.28,C3,MAX,Concentration3,mg/L,6.28,mg/L,,mg/L,,06/30/2025
PR0023990,001,00945,"Sulfate, total [as SO4]",5,C3,MAX,Concentration3,mg/L,5,mg/L,,mg/L,,07/31/2025
PR0023990,001,00945,"Sulfate, total [as SO4]",6.56,C3,MAX,Concentration3,mg/L,6.56,mg/L,,mg/L,,08/31/2025
PR0023990,001,00945,"Sulfate, total [as SO4]",9.39,C3,MAX,Concentration3,mg/L,9.39,mg/L,,mg/L,,09/30/2025
PR0023990,001,01042,"Copper, total [as Cu]",6,C3,MAX,Concentration3,ug/L,.006,mg/L,706,ug/L,,01/31/2020
PR0023990,001,01042,"Copper, total [as Cu]",10,C3,MAX,Concentration3,ug/L,.01,mg/L,706,ug/L,,02/29/2020
PR0023990,001,01042,"Copper, total [as Cu]",5,C3,MAX,Concentration3,ug/L,.005,mg/L,706,ug/L,,03/31/2020
PR0023990,001,01042,"Copper, total [as Cu]",5,C3,MAX,Concentration3,ug/L,.005,mg/L,706,ug/L,,04/30/2020
PR0023990,001,01042,"Copper, total [as Cu]",12,C3,MAX,Concentration3,ug/L,.012,mg/L,706,ug/L,,05/31/2020
PR0023990,001,01042,"Copper, total [as Cu]",5,C3,MAX,Concentration3,ug/L,.005,mg/L,706,ug/L,,06/30/2020
PR0023990,001,01042,"Copper, total [as Cu]",151,C3,MAX,Concentration3,ug/L,.15100001,mg/L,706,ug/L,,07/31/2020
PR0023990,001,01042,"Copper, total [as Cu]",342,C3,MAX,Concentration3,ug/L,.34200002,mg/L,706,ug/L,,08/31/2020
PR0023990,001,01042,"Copper, total [as Cu]",12,C3,MAX,Concentration3,ug/L,.012,mg/L,706,ug/L,,09/30/2020
PR0023990,001,01042,"Copper, total [as Cu]",6,C3,MAX,Concentration3,ug/L,.006,mg/L,706,ug/L,,10/31/2020
PR0023990,001,01042,"Copper, total [as Cu]",6,C3,MAX,Concentration3,ug/L,.006,mg/L,706,ug/L,,11/30/2020
PR0023990,001,01042,"Copper, total [as Cu]",168,C3,MAX,Concentration3,ug/L,.16800001,mg/L,706,ug/L,,12/31/2020
PR0023990,001,01042,"Copper, total [as Cu]",6,C3,MAX,Concentration3,ug/L,.006,mg/L,706,ug/L,,01/31/2021
PR0023990,001,01042,"Copper, total [as Cu]",7,C3,MAX,Concentration3,ug/L,.007,mg/L,706,ug/L,,02/28/2021
PR0023990,001,01042,"Copper, total [as Cu]",13,C3,MAX,Concentration3,ug/L,.013,mg/L,706,ug/L,,03/31/2021
PR0023990,001,01042,"Copper, total [as Cu]",6,C3,MAX,Concentration3,ug/L,.006,mg/L,706,ug/L,,04/30/2021
PR0023990,001,01042,"Copper, total [as Cu]",6,C3,MAX,Concentration3,ug/L,.006,mg/L,706,ug/L,,05/31/2021
PR0023990,001,01042,"Copper, total [as Cu]",6,C3,MAX,Concentration3,ug/L,.006,mg/L,706,ug/L,,06/30/2021
PR0023990,001,01042,"Copper, total [as Cu]",6,C3,MAX,Concentration3,ug/L,.006,mg/L,706,ug/L,,07/31/2021
PR0023990,001,01042,"Copper, total [as Cu]",6,C3,MAX,Concentration3,ug/L,.006,mg/L,706,ug/L,,08/31/2021
PR0023990,001,01042,"Copper, total [as Cu]",25,C3,MAX,Concentration3,ug/L,.025,mg/L,706,ug/L,,09/30/2021
PR0023990,001,01042,"Copper, total [as Cu]",6,C3,MAX,Concentration3,ug/L,.006,mg/L,706,ug/L,,10/31/2021
PR0023990,001,01042,"Copper, total [as Cu]",26,C3,MAX,Concentration3,ug/L,.026,mg/L,706,ug/L,,11/30/2021
PR0023990,001,01042,"Copper, total [as Cu]",11,C3,MAX,Concentration3,ug/L,.011,mg/L,706,ug/L,,12/31/2021
PR0023990,001,01042,"Copper, total [as Cu]",6,C3,MAX,Concentration3,ug/L,.006,mg/L,706,ug/L,,01/31/2022
PR0023990,001,01042,"Copper, total [as Cu]",6,C3,MAX,Concentration3,ug/L,.006,mg/L,706,ug/L,,02/28/2022
PR0023990,001,01042,"Copper, total [as Cu]",22,C3,MAX,Concentration3,ug/L,.022,mg/L,706,ug/L,,03/31/2022
PR0023990,001,01042,"Copper, total [as Cu]",35,C3,MAX,Concentration3,ug/L,.035,mg/L,706,ug/L,,04/30/2022
PR0023990,001,01042,"Copper, total [as Cu]",41,C3,MAX,Concentration3,ug/L,.041,mg/L,706,ug/L,,05/31/2022
PR0023990,001,01042,"Copper, total [as Cu]",23,C3,MAX,Concentration3,ug/L,.023,mg/L,706,ug/L,,06/30/2022
PR0023990,001,01042,"Copper, total [as Cu]",27,C3,MAX,Concentration3,ug/L,.027,mg/L,706,ug/L,,07/31/2022
PR0023990,001,01042,"Copper, total [as Cu]",21,C3,MAX,Concentration3,ug/L,.021,mg/L,706,ug/L,,08/31/2022
PR0023990,001,01042,"Copper, total [as Cu]",10,C3,MAX,Concentration3,ug/L,.01,mg/L,706,ug/L,,09/30/2022
PR0023990,001,01042,"Copper, total [as Cu]",19,C3,MAX,Concentration3,ug/L,.019,mg/L,706,ug/L,,10/31/2022
PR0023990,001,01042,"Copper, total [as Cu]",25,C3,MAX,Concentration3,ug/L,.025,mg/L,706,ug/L,,11/30/2022
PR0023990,001,01042,"Copper, total [as Cu]",14,C3,MAX,Concentration3,ug/L,.014,mg/L,706,ug/L,,12/31/2022
PR0023990,001,01042,"Copper, total [as Cu]",10,C3,MAX,Concentration3,ug/L,.01,mg/L,706,ug/L,,01/31/2023
PR0023990,001,01042,"Copper, total [as Cu]",14,C3,MAX,Concentration3,ug/L,.014,mg/L,706,ug/L,,02/28/2023
PR0023990,001,01042,"Copper, total [as Cu]",6,C3,MAX,Concentration3,ug/L,.006,mg/L,706,ug/L,,03/31/2023
PR0023990,001,01042,"Copper, total [as Cu]",9,C3,MAX,Concentration3,ug/L,.009,mg/L,706,ug/L,,04/30/2023
PR0023990,001,01042,"Copper, total [as Cu]",6,C3,MAX,Concentration3,ug/L,.006,mg/L,706,ug/L,,05/31/2023
PR0023990,001,01042,"Copper, total [as Cu]",13,C3,MAX,Concentration3,ug/L,.013,mg/L,706,ug/L,,06/30/2023
PR0023990,001,01042,"Copper, total [as Cu]",14,C3,MAX,Concentration3,ug/L,.014,mg/L,706,ug/L,,07/31/2023
PR0023990,001,01042,"Copper, total [as Cu]",8,C3,MAX,Concentration3,ug/L,.008,mg/L,706,ug/L,,08/31/2023
PR0023990,001,01042,"Copper, total [as Cu]",9,C3,MAX,Concentration3,ug/L,.009,mg/L,706,ug/L,,09/30/2023
PR0023990,001,01042,"Copper, total [as Cu]",11,C3,MAX,Concentration3,ug/L,.011,mg/L,706,ug/L,,10/31/2023
PR0023990,001,01042,"Copper, total [as Cu]",9,C3,MAX,Concentration3,ug/L,.009,mg/L,706,ug/L,,11/30/2023
PR0023990,001,01042,"Copper, total [as Cu]",6,C3,MAX,Concentration3,ug/L,.006,mg/L,706,ug/L,,12/31/2023
PR0023990,001,01042,"Copper, total [as Cu]",10,C3,MAX,Concentration3,ug/L,.01,mg/L,706,ug/L,,01/31/2024
PR0023990,001,01042,"Copper, total [as Cu]",8.57,C3,MAX,Concentration3,ug/L,.00857,mg/L,706,ug/L,,02/29/2024
PR0023990,001,01042,"Copper, total [as Cu]",21.13,C3,MAX,Concentration3,ug/L,.02113,mg/L,706,ug/L,,03/31/2024
PR0023990,001,01042,"Copper, total [as Cu]",17.37,C3,MAX,Concentration3,ug/L,.01737,mg/L,706,ug/L,,04/30/2024
PR0023990,001,01042,"Copper, total [as Cu]",34.88,C3,MAX,Concentration3,ug/L,.03488,mg/L,706,ug/L,,05/31/2024
PR0023990,001,01042,"Copper, total [as Cu]",11.94,C3,MAX,Concentration3,ug/L,.01194,mg/L,706,ug/L,,06/30/2024
PR0023990,001,01042,"Copper, total [as Cu]",15.98,C3,MAX,Concentration3,ug/L,.01598,mg/L,706,ug/L,,07/31/2024
PR0023990,001,01042,"Copper, total [as Cu]",256.05,C3,MAX,Concentration3,ug/L,.25605001,mg/L,706,ug/L,,08/31/2024
PR0023990,001,01042,"Copper, total [as Cu]",7.42,C3,MAX,Concentration3,ug/L,.00742,mg/L,706,ug/L,,09/30/2024
PR0023990,001,01042,"Copper, total [as Cu]",20.05,C3,MAX,Concentration3,ug/L,.02005,mg/L,706,ug/L,,10/31/2024
PR0023990,001,01042,"Copper, total [as Cu]",18.47,C3,MAX,Concentration3,ug/L,.01847,mg/L,706,ug/L,,11/30/2024
PR0023990,001,01042,"Copper, total [as Cu]",102.78,C3,MAX,Concentration3,ug/L,.10278,mg/L,706,ug/L,,12/31/2024
PR0023990,001,01042,"Copper, total [as Cu]",8.44,C3,MAX,Concentration3,ug/L,.00844,mg/L,706,ug/L,,01/31/2025
PR0023990,001,01042,"Copper, total [as Cu]",370.78,C3,MAX,Concentration3,ug/L,.37078002,mg/L,706,ug/L,,02/28/2025
PR0023990,001,01042,"Copper, total [as Cu]",34.02,C3,MAX,Concentration3,ug/L,.03402,mg/L,706,ug/L,,03/31/2025
PR0023990,001,01042,"Copper, total [as Cu]",80.02,C3,MAX,Concentration3,ug/L,.08002,mg/L,706,ug/L,,04/30/2025
PR0023990,001,01042,"Copper, total [as Cu]",80.31,C3,MAX,Concentration3,ug/L,.08031,mg/L,706,ug/L,,05/31/2025
PR0023990,001,01042,"Copper, total [as Cu]",58.01,C3,MAX,Concentration3,ug/L,.05801,mg/L,706,ug/L,,06/30/2025
PR0023990,001,01042,"Copper, total [as Cu]",26.47,C3,MAX,Concentration3,ug/L,.02647,mg/L,706,ug/L,,07/31/2025
PR0023990,001,01042,"Copper, total [as Cu]",31.98,C3,MAX,Concentration3,ug/L,.03198,mg/L,706,ug/L,,08/31/2025
PR0023990,001,01042,"Copper, total [as Cu]",7.12,C3,MAX,Concentration3,ug/L,.00712,mg/L,706,ug/L,,09/30/2025
PR0023990,001,01042,"Copper, total [as Cu]",25.42,C3,MAX,Concentration3,ug/L,.02542,mg/L,706,ug/L,,10/31/2025
PR0023990,001,01042,"Copper, total [as Cu]",11.81,C3,MAX,Concentration3,ug/L,.01181,mg/L,706,ug/L,,11/30/2025
PR0023990,001,01042,"Copper, total [as Cu]",61,C3,MAX,Concentration3,ug/L,.061,mg/L,706,ug/L,,12/31/2025
PR0023990,001,01042,"Copper, total [as Cu]",5.64,C3,MAX,Concentration3,ug/L,.00564,mg/L,706,ug/L,,01/31/2026
PR0023990,001,01051,"Lead, total [as Pb]",NA,C3,MAX,Concentration3,,,mg/L,2.4,ug/L,B,01/31/2020
PR0023990,001,01051,"Lead, total [as Pb]",NA,C3,MAX,Concentration3,,,mg/L,2.4,ug/L,B,02/29/2020
PR0023990,001,01051,"Lead, total [as Pb]",2,C3,MAX,Concentration3,ug/L,.002,mg/L,2.4,ug/L,,03/31/2020
PR0023990,001,01051,"Lead, total [as Pb]",1.9,C3,MAX,Concentration3,ug/L,.0019,mg/L,2.4,ug/L,,04/30/2020
PR0023990,001,01051,"Lead, total [as Pb]",1.88,C3,MAX,Concentration3,ug/L,.00188,mg/L,2.4,ug/L,,05/31/2020
PR0023990,001,01051,"Lead, total [as Pb]",1.9,C3,MAX,Concentration3,ug/L,.0019,mg/L,2.4,ug/L,,06/30/2020
PR0023990,001,01051,"Lead, total [as Pb]",NA,C3,MAX,Concentration3,,,mg/L,2.4,ug/L,B,07/31/2020
PR0023990,001,01051,"Lead, total [as Pb]",14.8,C3,MAX,Concentration3,ug/L,.0148,mg/L,2.4,ug/L,,08/31/2020
PR0023990,001,01051,"Lead, total [as Pb]",3.2,C3,MAX,Concentration3,ug/L,.0032,mg/L,2.4,ug/L,,09/30/2020
PR0023990,001,01051,"Lead, total [as Pb]",0.8,C3,MAX,Concentration3,ug/L,.0008,mg/L,2.4,ug/L,,10/31/2020
PR0023990,001,01051,"Lead, total [as Pb]",0.8,C3,MAX,Concentration3,ug/L,.0008,mg/L,2.4,ug/L,,11/30/2020
PR0023990,001,01051,"Lead, total [as Pb]",21.5,C3,MAX,Concentration3,ug/L,.0215,mg/L,2.4,ug/L,,12/31/2020
PR0023990,001,01051,"Lead, total [as Pb]",0.8,C3,MAX,Concentration3,ug/L,.0008,mg/L,2.4,ug/L,,01/31/2021
PR0023990,001,01051,"Lead, total [as Pb]",0.8,C3,MAX,Concentration3,ug/L,.0008,mg/L,2.4,ug/L,,02/28/2021
PR0023990,001,01051,"Lead, total [as Pb]",1.1,C3,MAX,Concentration3,ug/L,.0011,mg/L,2.4,ug/L,,03/31/2021
PR0023990,001,01051,"Lead, total [as Pb]",0.8,C3,MAX,Concentration3,ug/L,.0008,mg/L,2.4,ug/L,,04/30/2021
PR0023990,001,01051,"Lead, total [as Pb]",0.8,C3,MAX,Concentration3,ug/L,.0008,mg/L,2.4,ug/L,,05/31/2021
PR0023990,001,01051,"Lead, total [as Pb]",NA,C3,MAX,Concentration3,,,mg/L,2.4,ug/L,B,06/30/2021
PR0023990,001,01051,"Lead, total [as Pb]",1.8,C3,MAX,Concentration3,ug/L,.0018,mg/L,2.4,ug/L,,07/31/2021
PR0023990,001,01051,"Lead, total [as Pb]",1.4,C3,MAX,Concentration3,ug/L,.0014,mg/L,2.4,ug/L,,08/31/2021
PR0023990,001,01051,"Lead, total [as Pb]",1.4,C3,MAX,Concentration3,ug/L,.0014,mg/L,2.4,ug/L,,09/30/2021
PR0023990,001,01051,"Lead, total [as Pb]",1.4,C3,MAX,Concentration3,ug/L,.0014,mg/L,2.4,ug/L,,10/31/2021
PR0023990,001,01051,"Lead, total [as Pb]",1.4,C3,MAX,Concentration3,ug/L,.0014,mg/L,2.4,ug/L,,11/30/2021
PR0023990,001,01051,"Lead, total [as Pb]",1.4,C3,MAX,Concentration3,ug/L,.0014,mg/L,2.4,ug/L,,12/31/2021
PR0023990,001,01051,"Lead, total [as Pb]",1.4,C3,MAX,Concentration3,ug/L,.0014,mg/L,2.4,ug/L,,01/31/2022
PR0023990,001,01051,"Lead, total [as Pb]",1.4,C3,MAX,Concentration3,ug/L,.0014,mg/L,2.4,ug/L,,02/28/2022
PR0023990,001,01051,"Lead, total [as Pb]",1.62,C3,MAX,Concentration3,ug/L,.00162,mg/L,2.4,ug/L,,03/31/2022
PR0023990,001,01051,"Lead, total [as Pb]",6.42,C3,MAX,Concentration3,ug/L,.00642,mg/L,2.4,ug/L,,04/30/2022
PR0023990,001,01051,"Lead, total [as Pb]",4.48,C3,MAX,Concentration3,ug/L,.00448,mg/L,2.4,ug/L,,05/31/2022
PR0023990,001,01051,"Lead, total [as Pb]",1.62,C3,MAX,Concentration3,ug/L,.00162,mg/L,2.4,ug/L,,06/30/2022
PR0023990,001,01051,"Lead, total [as Pb]",1.92,C3,MAX,Concentration3,ug/L,.00192,mg/L,2.4,ug/L,,07/31/2022
PR0023990,001,01051,"Lead, total [as Pb]",1.62,C3,MAX,Concentration3,ug/L,.00162,mg/L,2.4,ug/L,,08/31/2022
PR0023990,001,01051,"Lead, total [as Pb]",1.72,C3,MAX,Concentration3,ug/L,.00172,mg/L,2.4,ug/L,,09/30/2022
PR0023990,001,01051,"Lead, total [as Pb]",2.1,C3,MAX,Concentration3,ug/L,.0021,mg/L,2.4,ug/L,,10/31/2022
PR0023990,001,01051,"Lead, total [as Pb]",0.8,C3,MAX,Concentration3,ug/L,.0008,mg/L,2.4,ug/L,,11/30/2022
PR0023990,001,01051,"Lead, total [as Pb]",28.1,C3,MAX,Concentration3,ug/L,.0281,mg/L,2.4,ug/L,,12/31/2022
PR0023990,001,01051,"Lead, total [as Pb]",0.8,C3,MAX,Concentration3,ug/L,.0008,mg/L,2.4,ug/L,,01/31/2023
PR0023990,001,01051,"Lead, total [as Pb]",4.3,C3,MAX,Concentration3,ug/L,.0043,mg/L,2.4,ug/L,,02/28/2023
PR0023990,001,01051,"Lead, total [as Pb]",1.2,C3,MAX,Concentration3,ug/L,.0012,mg/L,2.4,ug/L,,03/31/2023
PR0023990,001,01051,"Lead, total [as Pb]",1.9,C3,MAX,Concentration3,ug/L,.0019,mg/L,2.4,ug/L,,04/30/2023
PR0023990,001,01051,"Lead, total [as Pb]",0.8,C3,MAX,Concentration3,ug/L,.0008,mg/L,2.4,ug/L,,05/31/2023
PR0023990,001,01051,"Lead, total [as Pb]",0.8,C3,MAX,Concentration3,ug/L,.0008,mg/L,2.4,ug/L,,06/30/2023
PR0023990,001,01051,"Lead, total [as Pb]",NA,C3,MAX,Concentration3,,,mg/L,2.4,ug/L,B,07/31/2023
PR0023990,001,01051,"Lead, total [as Pb]",0.8,C3,MAX,Concentration3,ug/L,.0008,mg/L,2.4,ug/L,,08/31/2023
PR0023990,001,01051,"Lead, total [as Pb]",0.8,C3,MAX,Concentration3,ug/L,.0008,mg/L,2.4,ug/L,,09/30/2023
PR0023990,001,01051,"Lead, total [as Pb]",0.8,C3,MAX,Concentration3,ug/L,.0008,mg/L,2.4,ug/L,,10/31/2023
PR0023990,001,01051,"Lead, total [as Pb]",0.8,C3,MAX,Concentration3,ug/L,.0008,mg/L,2.4,ug/L,,11/30/2023
PR0023990,001,01051,"Lead, total [as Pb]",0.8,C3,MAX,Concentration3,ug/L,.0008,mg/L,2.4,ug/L,,12/31/2023
PR0023990,001,01051,"Lead, total [as Pb]",1.34,C3,MAX,Concentration3,ug/L,.00134,mg/L,2.4,ug/L,,01/31/2024
PR0023990,001,01051,"Lead, total [as Pb]",1.39,C3,MAX,Concentration3,ug/L,.00139,mg/L,2.4,ug/L,,02/29/2024
PR0023990,001,01051,"Lead, total [as Pb]",1.64,C3,MAX,Concentration3,ug/L,.00164,mg/L,2.4,ug/L,,03/31/2024
PR0023990,001,01051,"Lead, total [as Pb]",2.22,C3,MAX,Concentration3,ug/L,.00222,mg/L,2.4,ug/L,,04/30/2024
PR0023990,001,01051,"Lead, total [as Pb]",2.96,C3,MAX,Concentration3,ug/L,.00296,mg/L,2.4,ug/L,,05/31/2024
PR0023990,001,01051,"Lead, total [as Pb]",1.46,C3,MAX,Concentration3,ug/L,.00146,mg/L,2.4,ug/L,,06/30/2024
PR0023990,001,01051,"Lead, total [as Pb]",2.96,C3,MAX,Concentration3,ug/L,.00296,mg/L,2.4,ug/L,,07/31/2024
PR0023990,001,01051,"Lead, total [as Pb]",6.04,C3,MAX,Concentration3,ug/L,.00604,mg/L,2.4,ug/L,,08/31/2024
PR0023990,001,01051,"Lead, total [as Pb]",1.2,C3,MAX,Concentration3,ug/L,.0012,mg/L,2.4,ug/L,,09/30/2024
PR0023990,001,01051,"Lead, total [as Pb]",2.46,C3,MAX,Concentration3,ug/L,.00246,mg/L,2.4,ug/L,,10/31/2024
PR0023990,001,01051,"Lead, total [as Pb]",2.43,C3,MAX,Concentration3,ug/L,.00243,mg/L,2.4,ug/L,,11/30/2024
PR0023990,001,01051,"Lead, total [as Pb]",8.82,C3,MAX,Concentration3,ug/L,.00882,mg/L,2.4,ug/L,,12/31/2024
PR0023990,001,01051,"Lead, total [as Pb]",1.04,C3,MAX,Concentration3,ug/L,.00104,mg/L,2.4,ug/L,,01/31/2025
PR0023990,001,01051,"Lead, total [as Pb]",11.51,C3,MAX,Concentration3,ug/L,.01151,mg/L,2.4,ug/L,,02/28/2025
PR0023990,001,01051,"Lead, total [as Pb]",9.12,C3,MAX,Concentration3,ug/L,.00912,mg/L,2.4,ug/L,,03/31/2025
PR0023990,001,01051,"Lead, total [as Pb]",25.9,C3,MAX,Concentration3,ug/L,.0259,mg/L,2.4,ug/L,,04/30/2025
PR0023990,001,01051,"Lead, total [as Pb]",40.77,C3,MAX,Concentration3,ug/L,.04077,mg/L,2.4,ug/L,,05/31/2025
PR0023990,001,01051,"Lead, total [as Pb]",11.56,C3,MAX,Concentration3,ug/L,.01156,mg/L,2.4,ug/L,,06/30/2025
PR0023990,001,01051,"Lead, total [as Pb]",2.24,C3,MAX,Concentration3,ug/L,.00224,mg/L,2.4,ug/L,,07/31/2025
PR0023990,001,01051,"Lead, total [as Pb]",4.37,C3,MAX,Concentration3,ug/L,.00437,mg/L,2.4,ug/L,,08/31/2025
PR0023990,001,01051,"Lead, total [as Pb]",0.52,C3,MAX,Concentration3,ug/L,.00052,mg/L,2.4,ug/L,,09/30/2025
PR0023990,001,01051,"Lead, total [as Pb]",6.66,C3,MAX,Concentration3,ug/L,.00666,mg/L,2.4,ug/L,,10/31/2025
PR0023990,001,01051,"Lead, total [as Pb]",1.38,C3,MAX,Concentration3,ug/L,.00138,mg/L,2.4,ug/L,,11/30/2025
PR0023990,001,01051,"Lead, total [as Pb]",1.83,C3,MAX,Concentration3,ug/L,.00183,mg/L,2.4,ug/L,,12/31/2025
PR0023990,001,01051,"Lead, total [as Pb]",0.93,C3,MAX,Concentration3,ug/L,.00093,mg/L,2.4,ug/L,,01/31/2026
PR0023990,001,50050,"Flow, in conduit or thru treatment plant",1.25,Q2,MAX,Quantity2,MGD,1.25,MGD,,MGD,,01/31/2020
PR0023990,001,50050,"Flow, in conduit or thru treatment plant",0.966,Q2,MAX,Quantity2,MGD,.966,MGD,,MGD,,02/29/2020
PR0023990,001,50050,"Flow, in conduit or thru treatment plant",0.824,Q2,MAX,Quantity2,MGD,.824,MGD,,MGD,,03/31/2020
PR0023990,001,50050,"Flow, in conduit or thru treatment plant",1.12,Q2,MAX,Quantity2,MGD,1.12,MGD,,MGD,,04/30/2020
PR0023990,001,50050,"Flow, in conduit or thru treatment plant",1.94,Q2,MAX,Quantity2,MGD,1.94,MGD,,MGD,,05/31/2020
PR0023990,001,50050,"Flow, in conduit or thru treatment plant",0.72,Q2,MAX,Quantity2,MGD,.72,MGD,,MGD,,06/30/2020
PR0023990,001,50050,"Flow, in conduit or thru treatment plant",0.96,Q2,MAX,Quantity2,MGD,.96,MGD,,MGD,,07/31/2020
PR0023990,001,50050,"Flow, in conduit or thru treatment plant",0.86,Q2,MAX,Quantity2,MGD,.86,MGD,,MGD,,08/31/2020
PR0023990,001,50050,"Flow, in conduit or thru treatment plant",1.05,Q2,MAX,Quantity2,MGD,1.05,MGD,,MGD,,09/30/2020
PR0023990,001,50050,"Flow, in conduit or thru treatment plant",0.84,Q2,MAX,Quantity2,MGD,.84,MGD,,MGD,,10/31/2020
PR0023990,001,50050,"Flow, in conduit or thru treatment plant",0.72,Q2,MAX,Quantity2,MGD,.72,MGD,,MGD,,11/30/2020
PR0023990,001,50050,"Flow, in conduit or thru treatment plant",0.84,Q2,MAX,Quantity2,MGD,.84,MGD,,MGD,,12/31/2020
PR0023990,001,50050,"Flow, in conduit or thru treatment plant",0.98,Q2,MAX,Quantity2,MGD,.98,MGD,,MGD,,01/31/2021
PR0023990,001,50050,"Flow, in conduit or thru treatment plant",0.985,Q2,MAX,Quantity2,MGD,.985,MGD,,MGD,,02/28/2021
PR0023990,001,50050,"Flow, in conduit or thru treatment plant",1.02,Q2,MAX,Quantity2,MGD,1.02,MGD,,MGD,,03/31/2021
PR0023990,001,50050,"Flow, in conduit or thru treatment plant",0.58,Q2,MAX,Quantity2,MGD,.58,MGD,,MGD,,04/30/2021
PR0023990,001,50050,"Flow, in conduit or thru treatment plant",0.72,Q2,MAX,Quantity2,MGD,.72,MGD,,MGD,,05/31/2021
PR0023990,001,50050,"Flow, in conduit or thru treatment plant",0.83,Q2,MAX,Quantity2,MGD,.83,MGD,,MGD,,06/30/2021
PR0023990,001,50050,"Flow, in conduit or thru treatment plant",0.8,Q2,MAX,Quantity2,MGD,.8,MGD,,MGD,,07/31/2021
PR0023990,001,50050,"Flow, in conduit or thru treatment plant",0.81,Q2,MAX,Quantity2,MGD,.81,MGD,,MGD,,08/31/2021
PR0023990,001,50050,"Flow, in conduit or thru treatment plant",0.58,Q2,MAX,Quantity2,MGD,.58,MGD,,MGD,,09/30/2021
PR0023990,001,50050,"Flow, in conduit or thru treatment plant",0.49,Q2,MAX,Quantity2,MGD,.49,MGD,,MGD,,10/31/2021
PR0023990,001,50050,"Flow, in conduit or thru treatment plant",0.98,Q2,MAX,Quantity2,MGD,.98,MGD,,MGD,,11/30/2021
PR0023990,001,50050,"Flow, in conduit or thru treatment plant",0.88,Q2,MAX,Quantity2,MGD,.88,MGD,,MGD,,12/31/2021
PR0023990,001,50050,"Flow, in conduit or thru treatment plant",0.89,Q2,MAX,Quantity2,MGD,.89,MGD,,MGD,,01/31/2022
PR0023990,001,50050,"Flow, in conduit or thru treatment plant",0.9,Q2,MAX,Quantity2,MGD,.9,MGD,,MGD,,02/28/2022
PR0023990,001,50050,"Flow, in conduit or thru treatment plant",0.85,Q2,MAX,Quantity2,MGD,.85,MGD,,MGD,,03/31/2022
PR0023990,001,50050,"Flow, in conduit or thru treatment plant",0.71,Q2,MAX,Quantity2,MGD,.71,MGD,,MGD,,04/30/2022
PR0023990,001,50050,"Flow, in conduit or thru treatment plant",0.44,Q2,MAX,Quantity2,MGD,.44,MGD,,MGD,,05/31/2022
PR0023990,001,50050,"Flow, in conduit or thru treatment plant",0.64,Q2,MAX,Quantity2,MGD,.64,MGD,,MGD,,06/30/2022
PR0023990,001,50050,"Flow, in conduit or thru treatment plant",0.83,Q2,MAX,Quantity2,MGD,.83,MGD,,MGD,,07/31/2022
PR0023990,001,50050,"Flow, in conduit or thru treatment plant",1.01,Q2,MAX,Quantity2,MGD,1.01,MGD,,MGD,,08/31/2022
PR0023990,001,50050,"Flow, in conduit or thru treatment plant",0.93,Q2,MAX,Quantity2,MGD,.93,MGD,,MGD,,09/30/2022
PR0023990,001,50050,"Flow, in conduit or thru treatment plant",0.39,Q2,MAX,Quantity2,MGD,.39,MGD,,MGD,,10/31/2022
PR0023990,001,50050,"Flow, in conduit or thru treatment plant",0.4,Q2,MAX,Quantity2,MGD,.4,MGD,,MGD,,11/30/2022
PR0023990,001,50050,"Flow, in conduit or thru treatment plant",0.43,Q2,MAX,Quantity2,MGD,.43,MGD,,MGD,,12/31/2022
PR0023990,001,50050,"Flow, in conduit or thru treatment plant",0.44,Q2,MAX,Quantity2,MGD,.44,MGD,,MGD,,01/31/2023
PR0023990,001,50050,"Flow, in conduit or thru treatment plant",0.4,Q2,MAX,Quantity2,MGD,.4,MGD,,MGD,,02/28/2023
PR0023990,001,50050,"Flow, in conduit or thru treatment plant",0.4,Q2,MAX,Quantity2,MGD,.4,MGD,,MGD,,03/31/2023
PR0023990,001,50050,"Flow, in conduit or thru treatment plant",0.33,Q2,MAX,Quantity2,MGD,.33,MGD,,MGD,,04/30/2023
PR0023990,001,50050,"Flow, in conduit or thru treatment plant",0.39,Q2,MAX,Quantity2,MGD,.39,MGD,,MGD,,05/31/2023
PR0023990,001,50050,"Flow, in conduit or thru treatment plant",0.43,Q2,MAX,Quantity2,MGD,.43,MGD,,MGD,,06/30/2023
PR0023990,001,50050,"Flow, in conduit or thru treatment plant",0.53,Q2,MAX,Quantity2,MGD,.53,MGD,,MGD,,07/31/2023
PR0023990,001,50050,"Flow, in conduit or thru treatment plant",0.53,Q2,MAX,Quantity2,MGD,.53,MGD,,MGD,,08/31/2023
PR0023990,001,50050,"Flow, in conduit or thru treatment plant",0.6,Q2,MAX,Quantity2,MGD,.6,MGD,,MGD,,09/30/2023
PR0023990,001,50050,"Flow, in conduit or thru treatment plant",0.37,Q2,MAX,Quantity2,MGD,.37,MGD,,MGD,,10/31/2023
PR0023990,001,50050,"Flow, in conduit or thru treatment plant",0.42,Q2,MAX,Quantity2,MGD,.42,MGD,,MGD,,11/30/2023
PR0023990,001,50050,"Flow, in conduit or thru treatment plant",0.44,Q2,MAX,Quantity2,MGD,.44,MGD,,MGD,,12/31/2023
PR0023990,001,50050,"Flow, in conduit or thru treatment plant",0.45,Q2,MAX,Quantity2,MGD,.45,MGD,,MGD,,01/31/2024
PR0023990,001,50050,"Flow, in conduit or thru treatment plant",0.47,Q2,MAX,Quantity2,MGD,.47,MGD,,MGD,,02/29/2024
PR0023990,001,50050,"Flow, in conduit or thru treatment plant",0.48,Q2,MAX,Quantity2,MGD,.48,MGD,,MGD,,03/31/2024
PR0023990,001,50050,"Flow, in conduit or thru treatment plant",0.44,Q2,MAX,Quantity2,MGD,.44,MGD,,MGD,,04/30/2024
PR0023990,001,50050,"Flow, in conduit or thru treatment plant",0.46,Q2,MAX,Quantity2,MGD,.46,MGD,,MGD,,05/31/2024
PR0023990,001,50050,"Flow, in conduit or thru treatment plant",0.44,Q2,MAX,Quantity2,MGD,.44,MGD,,MGD,,06/30/2024
PR0023990,001,50050,"Flow, in conduit or thru treatment plant",0.61,Q2,MAX,Quantity2,MGD,.61,MGD,,MGD,,07/31/2024
PR0023990,001,50050,"Flow, in conduit or thru treatment plant",0.67,Q2,MAX,Quantity2,MGD,.67,MGD,,MGD,,08/31/2024
PR0023990,001,50050,"Flow, in conduit or thru treatment plant",0.33,Q2,MAX,Quantity2,MGD,.33,MGD,,MGD,,09/30/2024
PR0023990,001,50050,"Flow, in conduit or thru treatment plant",0.33,Q2,MAX,Quantity2,MGD,.33,MGD,,MGD,,10/31/2024
PR0023990,001,50050,"Flow, in conduit or thru treatment plant",0.37,Q2,MAX,Quantity2,MGD,.37,MGD,,MGD,,11/30/2024
PR0023990,001,50050,"Flow, in conduit or thru treatment plant",0.69,Q2,MAX,Quantity2,MGD,.69,MGD,,MGD,,12/31/2024
PR0023990,001,50050,"Flow, in conduit or thru treatment plant",0.78,Q2,MAX,Quantity2,MGD,.78,MGD,,MGD,,01/31/2025
PR0023990,001,50050,"Flow, in conduit or thru treatment plant",0.64,Q2,MAX,Quantity2,MGD,.64,MGD,,MGD,,02/28/2025
PR0023990,001,50050,"Flow, in conduit or thru treatment plant",0.68,Q2,MAX,Quantity2,MGD,.68,MGD,,MGD,,03/31/2025
PR0023990,001,50050,"Flow, in conduit or thru treatment plant",0.6,Q2,MAX,Quantity2,MGD,.6,MGD,,MGD,,04/30/2025
PR0023990,001,50050,"Flow, in conduit or thru treatment plant",0.57,Q2,MAX,Quantity2,MGD,.57,MGD,,MGD,,05/31/2025
PR0023990,001,50050,"Flow, in conduit or thru treatment plant",0.76,Q2,MAX,Quantity2,MGD,.76,MGD,,MGD,,06/30/2025
PR0023990,001,50050,"Flow, in conduit or thru treatment plant",0.73,Q2,MAX,Quantity2,MGD,.73,MGD,,MGD,,07/31/2025
PR0023990,001,50050,"Flow, in conduit or thru treatment plant",0.79,Q2,MAX,Quantity2,MGD,.79,MGD,,MGD,,08/31/2025
PR0023990,001,50050,"Flow, in conduit or thru treatment plant",0.76,Q2,MAX,Quantity2,MGD,.76,MGD,,MGD,,09/30/2025
PR0023990,001,50050,"Flow, in conduit or thru treatment plant",0.78,Q2,MAX,Quantity2,MGD,.78,MGD,,MGD,,10/31/2025
PR0023990,001,50050,"Flow, in conduit or thru treatment plant",0.83,Q2,MAX,Quantity2,MGD,.83,MGD,,MGD,,11/30/2025
PR0023990,001,50050,"Flow, in conduit or thru treatment plant",0.73,Q2,MAX,Quantity2,MGD,.73,MGD,,MGD,,12/31/2025
PR0023990,001,50050,"Flow, in conduit or thru treatment plant",0.75,Q2,MAX,Quantity2,MGD,.75,MGD,,MGD,,01/31/2026
PR0023990,001,50060,"Chlorine, total residual",NA,C3,MAX,Concentration3,,,mg/L,11,ug/L,B,01/31/2020
PR0023990,001,50060,"Chlorine, total residual",NA,C3,MAX,Concentration3,,,mg/L,11,ug/L,B,02/29/2020
PR0023990,001,50060,"Chlorine, total residual",10,C3,MAX,Concentration3,ug/L,.01,mg/L,11,ug/L,,03/31/2020
PR0023990,001,50060,"Chlorine, total residual",10,C3,MAX,Concentration3,ug/L,.01,mg/L,11,ug/L,,04/30/2020
PR0023990,001,50060,"Chlorine, total residual",10,C3,MAX,Concentration3,ug/L,.01,mg/L,11,ug/L,,05/31/2020
PR0023990,001,50060,"Chlorine, total residual",NA,C3,MAX,Concentration3,,,mg/L,11,ug/L,B,06/30/2020
PR0023990,001,50060,"Chlorine, total residual",NA,C3,MAX,Concentration3,,,mg/L,11,ug/L,B,07/31/2020
PR0023990,001,50060,"Chlorine, total residual",NA,C3,MAX,Concentration3,,,mg/L,11,ug/L,B,08/31/2020
PR0023990,001,50060,"Chlorine, total residual",NA,C3,MAX,Concentration3,,,mg/L,11,ug/L,B,09/30/2020
PR0023990,001,50060,"Chlorine, total residual",NA,C3,MAX,Concentration3,,,mg/L,11,ug/L,B,10/31/2020
PR0023990,001,50060,"Chlorine, total residual",NA,C3,MAX,Concentration3,,,mg/L,11,ug/L,B,11/30/2020
PR0023990,001,50060,"Chlorine, total residual",NA,C3,MAX,Concentration3,,,mg/L,11,ug/L,B,12/31/2020
PR0023990,001,50060,"Chlorine, total residual",NA,C3,MAX,Concentration3,,,mg/L,11,ug/L,B,01/31/2021
PR0023990,001,50060,"Chlorine, total residual",NA,C3,MAX,Concentration3,,,mg/L,11,ug/L,B,02/28/2021
PR0023990,001,50060,"Chlorine, total residual",NA,C3,MAX,Concentration3,,,mg/L,11,ug/L,B,03/31/2021
PR0023990,001,50060,"Chlorine, total residual",NA,C3,MAX,Concentration3,,,mg/L,11,ug/L,B,04/30/2021
PR0023990,001,50060,"Chlorine, total residual",10,C3,MAX,Concentration3,ug/L,.01,mg/L,11,ug/L,,05/31/2021
PR0023990,001,50060,"Chlorine, total residual",NA,C3,MAX,Concentration3,,,mg/L,11,ug/L,B,06/30/2021
PR0023990,001,50060,"Chlorine, total residual",NA,C3,MAX,Concentration3,,,mg/L,11,ug/L,B,07/31/2021
PR0023990,001,50060,"Chlorine, total residual",NA,C3,MAX,Concentration3,,,mg/L,11,ug/L,B,08/31/2021
PR0023990,001,50060,"Chlorine, total residual",NA,C3,MAX,Concentration3,,,mg/L,11,ug/L,B,09/30/2021
PR0023990,001,50060,"Chlorine, total residual",NA,C3,MAX,Concentration3,,,mg/L,11,ug/L,B,10/31/2021
PR0023990,001,50060,"Chlorine, total residual",NA,C3,MAX,Concentration3,,,mg/L,11,ug/L,B,11/30/2021
PR0023990,001,50060,"Chlorine, total residual",NA,C3,MAX,Concentration3,,,mg/L,11,ug/L,B,12/31/2021
PR0023990,001,50060,"Chlorine, total residual",NA,C3,MAX,Concentration3,,,mg/L,11,ug/L,B,01/31/2022
PR0023990,001,50060,"Chlorine, total residual",NA,C3,MAX,Concentration3,,,mg/L,11,ug/L,B,02/28/2022
PR0023990,001,50060,"Chlorine, total residual",NA,C3,MAX,Concentration3,,,mg/L,11,ug/L,B,03/31/2022
PR0023990,001,50060,"Chlorine, total residual",NA,C3,MAX,Concentration3,,,mg/L,11,ug/L,B,04/30/2022
PR0023990,001,50060,"Chlorine, total residual",NA,C3,MAX,Concentration3,,,mg/L,11,ug/L,B,05/31/2022
PR0023990,001,50060,"Chlorine, total residual",NA,C3,MAX,Concentration3,,,mg/L,11,ug/L,B,06/30/2022
PR0023990,001,50060,"Chlorine, total residual",NA,C3,MAX,Concentration3,,,mg/L,11,ug/L,B,07/31/2022
PR0023990,001,50060,"Chlorine, total residual",NA,C3,MAX,Concentration3,,,mg/L,11,ug/L,B,08/31/2022
PR0023990,001,50060,"Chlorine, total residual",NA,C3,MAX,Concentration3,,,mg/L,11,ug/L,B,09/30/2022
PR0023990,001,50060,"Chlorine, total residual",NA,C3,MAX,Concentration3,,,mg/L,11,ug/L,B,10/31/2022
PR0023990,001,50060,"Chlorine, total residual",NA,C3,MAX,Concentration3,,,mg/L,11,ug/L,B,11/30/2022
PR0023990,001,50060,"Chlorine, total residual",NA,C3,MAX,Concentration3,,,mg/L,11,ug/L,B,12/31/2022
PR0023990,001,50060,"Chlorine, total residual",NA,C3,MAX,Concentration3,,,mg/L,11,ug/L,B,01/31/2023
PR0023990,001,50060,"Chlorine, total residual",NA,C3,MAX,Concentration3,,,mg/L,11,ug/L,B,02/28/2023
PR0023990,001,50060,"Chlorine, total residual",NA,C3,MAX,Concentration3,,,mg/L,11,ug/L,B,03/31/2023
PR0023990,001,50060,"Chlorine, total residual",NA,C3,MAX,Concentration3,,,mg/L,11,ug/L,B,04/30/2023
PR0023990,001,50060,"Chlorine, total residual",10,C3,MAX,Concentration3,ug/L,.01,mg/L,11,ug/L,,05/31/2023
PR0023990,001,50060,"Chlorine, total residual",NA,C3,MAX,Concentration3,,,mg/L,11,ug/L,B,06/30/2023
PR0023990,001,50060,"Chlorine, total residual",NA,C3,MAX,Concentration3,,,mg/L,11,ug/L,B,07/31/2023
PR0023990,001,50060,"Chlorine, total residual",NA,C3,MAX,Concentration3,,,mg/L,11,ug/L,B,08/31/2023
PR0023990,001,50060,"Chlorine, total residual",NA,C3,MAX,Concentration3,,,mg/L,11,ug/L,B,09/30/2023
PR0023990,001,50060,"Chlorine, total residual",NA,C3,MAX,Concentration3,,,mg/L,11,ug/L,B,10/31/2023
PR0023990,001,50060,"Chlorine, total residual",NA,C3,MAX,Concentration3,,,mg/L,11,ug/L,B,11/30/2023
PR0023990,001,50060,"Chlorine, total residual",NA,C3,MAX,Concentration3,,,mg/L,11,ug/L,B,12/31/2023
PR0023990,001,50060,"Chlorine, total residual",NA,C3,MAX,Concentration3,,,mg/L,11,ug/L,B,01/31/2024
PR0023990,001,50060,"Chlorine, total residual",NA,C3,MAX,Concentration3,,,mg/L,11,ug/L,B,02/29/2024
PR0023990,001,50060,"Chlorine, total residual",NA,C3,MAX,Concentration3,,,mg/L,11,ug/L,B,03/31/2024
PR0023990,001,50060,"Chlorine, total residual",NA,C3,MAX,Concentration3,,,mg/L,11,ug/L,B,04/30/2024
PR0023990,001,50060,"Chlorine, total residual",NA,C3,MAX,Concentration3,,,mg/L,11,ug/L,B,05/31/2024
PR0023990,001,50060,"Chlorine, total residual",NA,C3,MAX,Concentration3,,,mg/L,11,ug/L,B,06/30/2024
PR0023990,001,50060,"Chlorine, total residual",NA,C3,MAX,Concentration3,,,mg/L,11,ug/L,B,07/31/2024
PR0023990,001,50060,"Chlorine, total residual",NA,C3,MAX,Concentration3,,,mg/L,11,ug/L,B,08/31/2024
PR0023990,001,50060,"Chlorine, total residual",NA,C3,MAX,Concentration3,,,mg/L,11,ug/L,B,09/30/2024
PR0023990,001,50060,"Chlorine, total residual",NA,C3,MAX,Concentration3,,,mg/L,11,ug/L,B,10/31/2024
PR0023990,001,50060,"Chlorine, total residual",NA,C3,MAX,Concentration3,,,mg/L,11,ug/L,B,11/30/2024
PR0023990,001,50060,"Chlorine, total residual",NA,C3,MAX,Concentration3,,,mg/L,11,ug/L,B,12/31/2024
PR0023990,001,50060,"Chlorine, total residual",NA,C3,MAX,Concentration3,,,mg/L,11,ug/L,B,01/31/2025
PR0023990,001,50060,"Chlorine, total residual",NA,C3,MAX,Concentration3,,,mg/L,11,ug/L,B,02/28/2025
PR0023990,001,50060,"Chlorine, total residual",NA,C3,MAX,Concentration3,,,mg/L,11,ug/L,B,03/31/2025
PR0023990,001,50060,"Chlorine, total residual",NA,C3,MAX,Concentration3,,,mg/L,11,ug/L,B,04/30/2025
PR0023990,001,50060,"Chlorine, total residual",NA,C3,MAX,Concentration3,,,mg/L,11,ug/L,B,05/31/2025
PR0023990,001,50060,"Chlorine, total residual",NA,C3,MAX,Concentration3,,,mg/L,11,ug/L,B,06/30/2025
PR0023990,001,50060,"Chlorine, total residual",NA,C3,MAX,Concentration3,,,mg/L,11,ug/L,B,07/31/2025
PR0023990,001,50060,"Chlorine, total residual",NA,C3,MAX,Concentration3,,,mg/L,11,ug/L,B,08/31/2025
PR0023990,001,50060,"Chlorine, total residual",NA,C3,MAX,Concentration3,,,mg/L,11,ug/L,B,09/30/2025
PR0023990,001,50060,"Chlorine, total residual",NA,C3,MAX,Concentration3,,,mg/L,11,ug/L,B,10/31/2025
PR0023990,001,50060,"Chlorine, total residual",NA,C3,MAX,Concentration3,,,mg/L,11,ug/L,B,11/30/2025
PR0023990,001,50060,"Chlorine, total residual",NA,C3,MAX,Concentration3,,,mg/L,11,ug/L,B,12/31/2025
PR0023990,001,50060,"Chlorine, total residual",NA,C3,MAX,Concentration3,,,mg/L,11,ug/L,B,01/31/2026
PR0023990,001,51714,Whole Effluent Toxicity [WET] - P. promelas,100,C1,MIN,Concentration1,%,100,%,,%,,01/31/2020
PR0023990,001,51714,Whole Effluent Toxicity [WET] - P. promelas,100,C1,MIN,Concentration1,%,100,%,,%,,01/31/2021
PR0023990,001,51714,Whole Effluent Toxicity [WET] - P. promelas,100,C1,MIN,Concentration1,%,100,%,,%,,01/31/2022
PR0023990,001,51714,Whole Effluent Toxicity [WET] - P. promelas,100,C1,MIN,Concentration1,%,100,%,,%,,01/31/2023
PR0023990,001,51714,Whole Effluent Toxicity [WET] - P. promelas,100,C1,MIN,Concentration1,%,100,%,,%,,01/31/2024
PR0023990,001,51714,Whole Effluent Toxicity [WET] - P. promelas,100,C1,MIN,Concentration1,%,100,%,,%,,01/31/2025
PR0023990,001,51923,Whole Effluent Toxicity  [WET] - D. magna,100,C1,MIN,Concentration1,%,100,%,,%,,01/31/2020
PR0023990,001,51923,Whole Effluent Toxicity  [WET] - D. magna,100,C1,MIN,Concentration1,%,100,%,,%,,01/31/2021
PR0023990,001,51923,Whole Effluent Toxicity  [WET] - D. magna,100,C1,MIN,Concentration1,%,100,%,,%,,01/31/2022
PR0023990,001,51923,Whole Effluent Toxicity  [WET] - D. magna,100,C1,MIN,Concentration1,%,100,%,,%,,01/31/2023
PR0023990,001,51923,Whole Effluent Toxicity  [WET] - D. magna,100,C1,MIN,Concentration1,%,100,%,,%,,01/31/2024
PR0023990,001,51923,Whole Effluent Toxicity  [WET] - D. magna,100,C1,MIN,Concentration1,%,100,%,,%,,01/31/2025
PR0023990,001,71900,"Mercury, total [as Hg]",0.002,C3,MAX,Concentration3,ug/L,.000002,mg/L,,ug/L,,01/31/2020
PR0023990,001,71900,"Mercury, total [as Hg]",0.002,C3,MAX,Concentration3,ug/L,.000002,mg/L,,ug/L,,04/30/2020
PR0023990,001,71900,"Mercury, total [as Hg]",0.002,C3,MAX,Concentration3,ug/L,.000002,mg/L,,ug/L,,07/31/2020
PR0023990,001,71900,"Mercury, total [as Hg]",0.002,C3,MAX,Concentration3,ug/L,.000002,mg/L,,ug/L,,10/31/2020
PR0023990,001,71900,"Mercury, total [as Hg]",0.0026,C3,MAX,Concentration3,ug/L,.0000026,mg/L,,ug/L,,01/31/2021
PR0023990,001,71900,"Mercury, total [as Hg]",0.002,C3,MAX,Concentration3,ug/L,.000002,mg/L,,ug/L,,04/30/2021
PR0023990,001,71900,"Mercury, total [as Hg]",0.0041,C3,MAX,Concentration3,ug/L,.0000041,mg/L,,ug/L,,07/31/2021
PR0023990,001,71900,"Mercury, total [as Hg]",0.002,C3,MAX,Concentration3,ug/L,.000002,mg/L,,ug/L,,10/31/2021
PR0023990,001,71900,"Mercury, total [as Hg]",0.0052,C3,MAX,Concentration3,ug/L,.0000052,mg/L,,ug/L,,01/31/2022
PR0023990,001,71900,"Mercury, total [as Hg]",0.002,C3,MAX,Concentration3,ug/L,.000002,mg/L,,ug/L,,04/30/2022
PR0023990,001,71900,"Mercury, total [as Hg]",0.0052,C3,MAX,Concentration3,ug/L,.0000052,mg/L,,ug/L,,07/31/2022
PR0023990,001,71900,"Mercury, total [as Hg]",0.0057,C3,MAX,Concentration3,ug/L,.0000057,mg/L,,ug/L,,10/31/2022
PR0023990,001,71900,"Mercury, total [as Hg]",0.0028,C3,MAX,Concentration3,ug/L,.0000028,mg/L,,ug/L,,01/31/2023
PR0023990,001,71900,"Mercury, total [as Hg]",0.002,C3,MAX,Concentration3,ug/L,.000002,mg/L,,ug/L,,04/30/2023
PR0023990,001,71900,"Mercury, total [as Hg]",0.002,C3,MAX,Concentration3,ug/L,.000002,mg/L,,ug/L,,07/31/2023
PR0023990,001,71900,"Mercury, total [as Hg]",0.002,C3,MAX,Concentration3,ug/L,.000002,mg/L,,ug/L,,10/31/2023
PR0023990,001,71900,"Mercury, total [as Hg]",0.002,C3,MAX,Concentration3,ug/L,.000002,mg/L,,ug/L,,01/31/2024
PR0023990,001,71900,"Mercury, total [as Hg]",0.002,C3,MAX,Concentration3,ug/L,.000002,mg/L,,ug/L,,04/30/2024
PR0023990,001,71900,"Mercury, total [as Hg]",0.002,C3,MAX,Concentration3,ug/L,.000002,mg/L,,ug/L,,07/31/2024
PR0023990,001,71900,"Mercury, total [as Hg]",0.002,C3,MAX,Concentration3,ug/L,.000002,mg/L,,ug/L,,10/31/2024
PR0023990,001,71900,"Mercury, total [as Hg]",0.002,C3,MAX,Concentration3,ug/L,.000002,mg/L,,ug/L,,01/31/2025
PR0023990,001,71900,"Mercury, total [as Hg]",0.0027,C3,MAX,Concentration3,ug/L,.0000027,mg/L,,ug/L,,04/30/2025
PR0023990,001,71900,"Mercury, total [as Hg]",0.002,C3,MAX,Concentration3,ug/L,.000002,mg/L,,ug/L,,07/31/2025
PR0023990,001,82230,Ammonia & ammonium- total,267,C3,MAX,Concentration3,ug/L,.26700001,mg/L,,ug/L,,01/31/2020
PR0023990,001,82230,Ammonia & ammonium- total,60,C3,MAX,Concentration3,ug/L,.06,mg/L,,ug/L,,02/29/2020
PR0023990,001,82230,Ammonia & ammonium- total,60,C3,MAX,Concentration3,ug/L,.06,mg/L,,ug/L,,03/31/2020
PR0023990,001,82230,Ammonia & ammonium- total,60,C3,MAX,Concentration3,ug/L,.06,mg/L,,ug/L,,04/30/2020
PR0023990,001,82230,Ammonia & ammonium- total,60,C3,MAX,Concentration3,ug/L,.06,mg/L,,ug/L,,05/31/2020
PR0023990,001,82230,Ammonia & ammonium- total,72,C3,MAX,Concentration3,ug/L,.072,mg/L,,ug/L,,06/30/2020
PR0023990,001,82230,Ammonia & ammonium- total,60,C3,MAX,Concentration3,ug/L,.06,mg/L,,ug/L,,07/31/2020
PR0023990,001,82230,Ammonia & ammonium- total,60,C3,MAX,Concentration3,ug/L,.06,mg/L,,ug/L,,08/31/2020
PR0023990,001,82230,Ammonia & ammonium- total,60,C3,MAX,Concentration3,ug/L,.06,mg/L,,ug/L,,09/30/2020
PR0023990,001,82230,Ammonia & ammonium- total,129,C3,MAX,Concentration3,ug/L,.12900001,mg/L,,ug/L,,10/31/2020
PR0023990,001,82230,Ammonia & ammonium- total,60,C3,MAX,Concentration3,ug/L,.06,mg/L,,ug/L,,11/30/2020
PR0023990,001,82230,Ammonia & ammonium- total,60,C3,MAX,Concentration3,ug/L,.06,mg/L,,ug/L,,12/31/2020
PR0023990,001,82230,Ammonia & ammonium- total,60,C3,MAX,Concentration3,ug/L,.06,mg/L,,ug/L,,01/31/2021
PR0023990,001,82230,Ammonia & ammonium- total,60,C3,MAX,Concentration3,ug/L,.06,mg/L,,ug/L,,02/28/2021
PR0023990,001,82230,Ammonia & ammonium- total,111,C3,MAX,Concentration3,ug/L,.11100001,mg/L,,ug/L,,03/31/2021
PR0023990,001,82230,Ammonia & ammonium- total,60,C3,MAX,Concentration3,ug/L,.06,mg/L,,ug/L,,04/30/2021
PR0023990,001,82230,Ammonia & ammonium- total,60,C3,MAX,Concentration3,ug/L,.06,mg/L,,ug/L,,05/31/2021
PR0023990,001,82230,Ammonia & ammonium- total,138,C3,MAX,Concentration3,ug/L,.13800001,mg/L,,ug/L,,06/30/2021
PR0023990,001,82230,Ammonia & ammonium- total,118,C3,MAX,Concentration3,ug/L,.11800001,mg/L,,ug/L,,07/31/2021
PR0023990,001,82230,Ammonia & ammonium- total,60,C3,MAX,Concentration3,ug/L,.06,mg/L,,ug/L,,08/31/2021
PR0023990,001,82230,Ammonia & ammonium- total,60,C3,MAX,Concentration3,ug/L,.06,mg/L,,ug/L,,09/30/2021
PR0023990,001,82230,Ammonia & ammonium- total,60,C3,MAX,Concentration3,ug/L,.06,mg/L,,ug/L,,10/31/2021
PR0023990,001,82230,Ammonia & ammonium- total,875,C3,MAX,Concentration3,ug/L,.87500004,mg/L,,ug/L,,11/30/2021
PR0023990,001,82230,Ammonia & ammonium- total,60,C3,MAX,Concentration3,ug/L,.06,mg/L,,ug/L,,12/31/2021
PR0023990,001,82230,Ammonia & ammonium- total,60,C3,MAX,Concentration3,ug/L,.06,mg/L,,ug/L,,01/31/2022
PR0023990,001,82230,Ammonia & ammonium- total,60,C3,MAX,Concentration3,ug/L,.06,mg/L,,ug/L,,02/28/2022
PR0023990,001,82230,Ammonia & ammonium- total,2197,C3,MAX,Concentration3,ug/L,2.1970001,mg/L,,ug/L,,03/31/2022
PR0023990,001,82230,Ammonia & ammonium- total,100,C3,MAX,Concentration3,ug/L,.1,mg/L,,ug/L,,04/30/2022
PR0023990,001,82230,Ammonia & ammonium- total,100,C3,MAX,Concentration3,ug/L,.1,mg/L,,ug/L,,05/31/2022
PR0023990,001,82230,Ammonia & ammonium- total,100,C3,MAX,Concentration3,ug/L,.1,mg/L,,ug/L,,06/30/2022
PR0023990,001,82230,Ammonia & ammonium- total,130,C3,MAX,Concentration3,ug/L,.13000001,mg/L,,ug/L,,07/31/2022
PR0023990,001,82230,Ammonia & ammonium- total,160,C3,MAX,Concentration3,ug/L,.16000001,mg/L,,ug/L,,08/31/2022
PR0023990,001,82230,Ammonia & ammonium- total,100,C3,MAX,Concentration3,ug/L,.1,mg/L,,ug/L,,09/30/2022
PR0023990,001,82230,Ammonia & ammonium- total,100,C3,MAX,Concentration3,ug/L,.1,mg/L,,ug/L,,10/31/2022
PR0023990,001,82230,Ammonia & ammonium- total,100,C3,MAX,Concentration3,ug/L,.1,mg/L,,ug/L,,11/30/2022
PR0023990,001,82230,Ammonia & ammonium- total,100,C3,MAX,Concentration3,ug/L,.1,mg/L,,ug/L,,12/31/2022
PR0023990,001,82230,Ammonia & ammonium- total,100,C3,MAX,Concentration3,ug/L,.1,mg/L,,ug/L,,01/31/2023
PR0023990,001,82230,Ammonia & ammonium- total,300,C3,MAX,Concentration3,ug/L,.30000001,mg/L,,ug/L,,02/28/2023
PR0023990,001,82230,Ammonia & ammonium- total,100,C3,MAX,Concentration3,ug/L,.1,mg/L,,ug/L,,03/31/2023
PR0023990,001,82230,Ammonia & ammonium- total,100,C3,MAX,Concentration3,ug/L,.1,mg/L,,ug/L,,04/30/2023
PR0023990,001,82230,Ammonia & ammonium- total,100,C3,MAX,Concentration3,ug/L,.1,mg/L,,ug/L,,05/31/2023
PR0023990,001,82230,Ammonia & ammonium- total,100,C3,MAX,Concentration3,ug/L,.1,mg/L,,ug/L,,06/30/2023
PR0023990,001,82230,Ammonia & ammonium- total,100,C3,MAX,Concentration3,ug/L,.1,mg/L,,ug/L,,07/31/2023
PR0023990,001,82230,Ammonia & ammonium- total,100,C3,MAX,Concentration3,ug/L,.1,mg/L,,ug/L,,08/31/2023
PR0023990,001,82230,Ammonia & ammonium- total,100,C3,MAX,Concentration3,ug/L,.1,mg/L,,ug/L,,09/30/2023
PR0023990,001,82230,Ammonia & ammonium- total,100,C3,MAX,Concentration3,ug/L,.1,mg/L,,ug/L,,10/31/2023
PR0023990,001,82230,Ammonia & ammonium- total,100,C3,MAX,Concentration3,ug/L,.1,mg/L,,ug/L,,11/30/2023
PR0023990,001,82230,Ammonia & ammonium- total,100,C3,MAX,Concentration3,ug/L,.1,mg/L,,ug/L,,12/31/2023
PR0023990,001,82230,Ammonia & ammonium- total,220,C3,MAX,Concentration3,ug/L,.22000001,mg/L,,ug/L,,01/31/2024
PR0023990,001,82230,Ammonia & ammonium- total,100,C3,MAX,Concentration3,ug/L,.1,mg/L,,ug/L,,02/29/2024
PR0023990,001,82230,Ammonia & ammonium- total,100,C3,MAX,Concentration3,ug/L,.1,mg/L,,ug/L,,03/31/2024
PR0023990,001,82230,Ammonia & ammonium- total,210,C3,MAX,Concentration3,ug/L,.21000001,mg/L,,ug/L,,04/30/2024
PR0023990,001,82230,Ammonia & ammonium- total,100,C3,MAX,Concentration3,ug/L,.1,mg/L,,ug/L,,05/31/2024
PR0023990,001,82230,Ammonia & ammonium- total,100,C3,MAX,Concentration3,ug/L,.1,mg/L,,ug/L,,06/30/2024
PR0023990,001,82230,Ammonia & ammonium- total,100,C3,MAX,Concentration3,ug/L,.1,mg/L,,ug/L,,07/31/2024
PR0023990,001,82230,Ammonia & ammonium- total,1350,C3,MAX,Concentration3,ug/L,1.35000006,mg/L,,ug/L,,08/31/2024
PR0023990,001,82230,Ammonia & ammonium- total,100,C3,MAX,Concentration3,ug/L,.1,mg/L,,ug/L,,09/30/2024
PR0023990,001,82230,Ammonia & ammonium- total,560,C3,MAX,Concentration3,ug/L,.56000003,mg/L,,ug/L,,10/31/2024
PR0023990,001,82230,Ammonia & ammonium- total,100,C3,MAX,Concentration3,ug/L,.1,mg/L,,ug/L,,11/30/2024
PR0023990,001,82230,Ammonia & ammonium- total,100,C3,MAX,Concentration3,ug/L,.1,mg/L,,ug/L,,12/31/2024
PR0023990,001,82230,Ammonia & ammonium- total,57,C3,MAX,Concentration3,ug/L,.057,mg/L,,ug/L,,01/31/2025
PR0023990,001,82230,Ammonia & ammonium- total,57,C3,MAX,Concentration3,ug/L,.057,mg/L,,ug/L,,02/28/2025
PR0023990,001,82230,Ammonia & ammonium- total,60,C3,MAX,Concentration3,ug/L,.06,mg/L,,ug/L,,03/31/2025
PR0023990,001,82230,Ammonia & ammonium- total,1210,C3,MAX,Concentration3,ug/L,1.21000006,mg/L,,ug/L,,04/30/2025
PR0023990,001,82230,Ammonia & ammonium- total,540,C3,MAX,Concentration3,ug/L,.54000003,mg/L,,ug/L,,05/31/2025
PR0023990,001,82230,Ammonia & ammonium- total,57,C3,MAX,Concentration3,ug/L,.057,mg/L,,ug/L,,06/30/2025
PR0023990,001,82230,Ammonia & ammonium- total,70,C3,MAX,Concentration3,ug/L,.07,mg/L,,ug/L,,07/31/2025
PR0023990,001,82230,Ammonia & ammonium- total,57,C3,MAX,Concentration3,ug/L,.057,mg/L,,ug/L,,08/31/2025
PR0023990,001,82230,Ammonia & ammonium- total,70,C3,MAX,Concentration3,ug/L,.07,mg/L,,ug/L,,09/30/2025
PR0023990,001,82230,Ammonia & ammonium- total,0.145,C3,MAX,Concentration3,mg/L,.145,mg/L,.25,mg/L,,10/31/2025
PR0023990,001,82230,Ammonia & ammonium- total,0.145,C3,MAX,Concentration3,mg/L,.145,mg/L,.25,mg/L,,11/30/2025
PR0023990,001,82230,Ammonia & ammonium- total,0.28,C3,MAX,Concentration3,mg/L,.28,mg/L,.25,mg/L,,12/31/2025
PR0023990,001,82230,Ammonia & ammonium- total,0.145,C3,MAX,Concentration3,mg/L,.145,mg/L,.25,mg/L,,01/31/2026
